Date,Open,High,Low,Close,Adj Close,Volume,Ticker
2000-01-03,,,,,,,AVGO
2000-01-04,,,,,,,AVGO
2000-01-05,,,,,,,AVGO
2000-01-06,,,,,,,AVGO
2000-01-07,,,,,,,AVGO
2000-01-10,,,,,,,AVGO
2000-01-11,,,,,,,AVGO
2000-01-12,,,,,,,AVGO
2000-01-13,,,,,,,AVGO
2000-01-14,,,,,,,AVGO
2000-01-18,,,,,,,AVGO
2000-01-19,,,,,,,AVGO
2000-01-20,,,,,,,AVGO
2000-01-21,,,,,,,AVGO
2000-01-24,,,,,,,AVGO
2000-01-25,,,,,,,AVGO
2000-01-26,,,,,,,AVGO
2000-01-27,,,,,,,AVGO
2000-01-28,,,,,,,AVGO
2000-01-31,,,,,,,AVGO
2000-02-01,,,,,,,AVGO
2000-02-02,,,,,,,AVGO
2000-02-03,,,,,,,AVGO
2000-02-04,,,,,,,AVGO
2000-02-07,,,,,,,AVGO
2000-02-08,,,,,,,AVGO
2000-02-09,,,,,,,AVGO
2000-02-10,,,,,,,AVGO
2000-02-11,,,,,,,AVGO
2000-02-14,,,,,,,AVGO
2000-02-15,,,,,,,AVGO
2000-02-16,,,,,,,AVGO
2000-02-17,,,,,,,AVGO
2000-02-18,,,,,,,AVGO
2000-02-22,,,,,,,AVGO
2000-02-23,,,,,,,AVGO
2000-02-24,,,,,,,AVGO
2000-02-25,,,,,,,AVGO
2000-02-28,,,,,,,AVGO
2000-02-29,,,,,,,AVGO
2000-03-01,,,,,,,AVGO
2000-03-02,,,,,,,AVGO
2000-03-03,,,,,,,AVGO
2000-03-06,,,,,,,AVGO
2000-03-07,,,,,,,AVGO
2000-03-08,,,,,,,AVGO
2000-03-09,,,,,,,AVGO
2000-03-10,,,,,,,AVGO
2000-03-13,,,,,,,AVGO
2000-03-14,,,,,,,AVGO
2000-03-15,,,,,,,AVGO
2000-03-16,,,,,,,AVGO
2000-03-17,,,,,,,AVGO
2000-03-20,,,,,,,AVGO
2000-03-21,,,,,,,AVGO
2000-03-22,,,,,,,AVGO
2000-03-23,,,,,,,AVGO
2000-03-24,,,,,,,AVGO
2000-03-27,,,,,,,AVGO
2000-03-28,,,,,,,AVGO
2000-03-29,,,,,,,AVGO
2000-03-30,,,,,,,AVGO
2000-03-31,,,,,,,AVGO
2000-04-03,,,,,,,AVGO
2000-04-04,,,,,,,AVGO
2000-04-05,,,,,,,AVGO
2000-04-06,,,,,,,AVGO
2000-04-07,,,,,,,AVGO
2000-04-10,,,,,,,AVGO
2000-04-11,,,,,,,AVGO
2000-04-12,,,,,,,AVGO
2000-04-13,,,,,,,AVGO
2000-04-14,,,,,,,AVGO
2000-04-17,,,,,,,AVGO
2000-04-18,,,,,,,AVGO
2000-04-19,,,,,,,AVGO
2000-04-20,,,,,,,AVGO
2000-04-24,,,,,,,AVGO
2000-04-25,,,,,,,AVGO
2000-04-26,,,,,,,AVGO
2000-04-27,,,,,,,AVGO
2000-04-28,,,,,,,AVGO
2000-05-01,,,,,,,AVGO
2000-05-02,,,,,,,AVGO
2000-05-03,,,,,,,AVGO
2000-05-04,,,,,,,AVGO
2000-05-05,,,,,,,AVGO
2000-05-08,,,,,,,AVGO
2000-05-09,,,,,,,AVGO
2000-05-10,,,,,,,AVGO
2000-05-11,,,,,,,AVGO
2000-05-12,,,,,,,AVGO
2000-05-15,,,,,,,AVGO
2000-05-16,,,,,,,AVGO
2000-05-17,,,,,,,AVGO
2000-05-18,,,,,,,AVGO
2000-05-19,,,,,,,AVGO
2000-05-22,,,,,,,AVGO
2000-05-23,,,,,,,AVGO
2000-05-24,,,,,,,AVGO
2000-05-25,,,,,,,AVGO
2000-05-26,,,,,,,AVGO
2000-05-30,,,,,,,AVGO
2000-05-31,,,,,,,AVGO
2000-06-01,,,,,,,AVGO
2000-06-02,,,,,,,AVGO
2000-06-05,,,,,,,AVGO
2000-06-06,,,,,,,AVGO
2000-06-07,,,,,,,AVGO
2000-06-08,,,,,,,AVGO
2000-06-09,,,,,,,AVGO
2000-06-12,,,,,,,AVGO
2000-06-13,,,,,,,AVGO
2000-06-14,,,,,,,AVGO
2000-06-15,,,,,,,AVGO
2000-06-16,,,,,,,AVGO
2000-06-19,,,,,,,AVGO
2000-06-20,,,,,,,AVGO
2000-06-21,,,,,,,AVGO
2000-06-22,,,,,,,AVGO
2000-06-23,,,,,,,AVGO
2000-06-26,,,,,,,AVGO
2000-06-27,,,,,,,AVGO
2000-06-28,,,,,,,AVGO
2000-06-29,,,,,,,AVGO
2000-06-30,,,,,,,AVGO
2000-07-03,,,,,,,AVGO
2000-07-05,,,,,,,AVGO
2000-07-06,,,,,,,AVGO
2000-07-07,,,,,,,AVGO
2000-07-10,,,,,,,AVGO
2000-07-11,,,,,,,AVGO
2000-07-12,,,,,,,AVGO
2000-07-13,,,,,,,AVGO
2000-07-14,,,,,,,AVGO
2000-07-17,,,,,,,AVGO
2000-07-18,,,,,,,AVGO
2000-07-19,,,,,,,AVGO
2000-07-20,,,,,,,AVGO
2000-07-21,,,,,,,AVGO
2000-07-24,,,,,,,AVGO
2000-07-25,,,,,,,AVGO
2000-07-26,,,,,,,AVGO
2000-07-27,,,,,,,AVGO
2000-07-28,,,,,,,AVGO
2000-07-31,,,,,,,AVGO
2000-08-01,,,,,,,AVGO
2000-08-02,,,,,,,AVGO
2000-08-03,,,,,,,AVGO
2000-08-04,,,,,,,AVGO
2000-08-07,,,,,,,AVGO
2000-08-08,,,,,,,AVGO
2000-08-09,,,,,,,AVGO
2000-08-10,,,,,,,AVGO
2000-08-11,,,,,,,AVGO
2000-08-14,,,,,,,AVGO
2000-08-15,,,,,,,AVGO
2000-08-16,,,,,,,AVGO
2000-08-17,,,,,,,AVGO
2000-08-18,,,,,,,AVGO
2000-08-21,,,,,,,AVGO
2000-08-22,,,,,,,AVGO
2000-08-23,,,,,,,AVGO
2000-08-24,,,,,,,AVGO
2000-08-25,,,,,,,AVGO
2000-08-28,,,,,,,AVGO
2000-08-29,,,,,,,AVGO
2000-08-30,,,,,,,AVGO
2000-08-31,,,,,,,AVGO
2000-09-01,,,,,,,AVGO
2000-09-05,,,,,,,AVGO
2000-09-06,,,,,,,AVGO
2000-09-07,,,,,,,AVGO
2000-09-08,,,,,,,AVGO
2000-09-11,,,,,,,AVGO
2000-09-12,,,,,,,AVGO
2000-09-13,,,,,,,AVGO
2000-09-14,,,,,,,AVGO
2000-09-15,,,,,,,AVGO
2000-09-18,,,,,,,AVGO
2000-09-19,,,,,,,AVGO
2000-09-20,,,,,,,AVGO
2000-09-21,,,,,,,AVGO
2000-09-22,,,,,,,AVGO
2000-09-25,,,,,,,AVGO
2000-09-26,,,,,,,AVGO
2000-09-27,,,,,,,AVGO
2000-09-28,,,,,,,AVGO
2000-09-29,,,,,,,AVGO
2000-10-02,,,,,,,AVGO
2000-10-03,,,,,,,AVGO
2000-10-04,,,,,,,AVGO
2000-10-05,,,,,,,AVGO
2000-10-06,,,,,,,AVGO
2000-10-09,,,,,,,AVGO
2000-10-10,,,,,,,AVGO
2000-10-11,,,,,,,AVGO
2000-10-12,,,,,,,AVGO
2000-10-13,,,,,,,AVGO
2000-10-16,,,,,,,AVGO
2000-10-17,,,,,,,AVGO
2000-10-18,,,,,,,AVGO
2000-10-19,,,,,,,AVGO
2000-10-20,,,,,,,AVGO
2000-10-23,,,,,,,AVGO
2000-10-24,,,,,,,AVGO
2000-10-25,,,,,,,AVGO
2000-10-26,,,,,,,AVGO
2000-10-27,,,,,,,AVGO
2000-10-30,,,,,,,AVGO
2000-10-31,,,,,,,AVGO
2000-11-01,,,,,,,AVGO
2000-11-02,,,,,,,AVGO
2000-11-03,,,,,,,AVGO
2000-11-06,,,,,,,AVGO
2000-11-07,,,,,,,AVGO
2000-11-08,,,,,,,AVGO
2000-11-09,,,,,,,AVGO
2000-11-10,,,,,,,AVGO
2000-11-13,,,,,,,AVGO
2000-11-14,,,,,,,AVGO
2000-11-15,,,,,,,AVGO
2000-11-16,,,,,,,AVGO
2000-11-17,,,,,,,AVGO
2000-11-20,,,,,,,AVGO
2000-11-21,,,,,,,AVGO
2000-11-22,,,,,,,AVGO
2000-11-24,,,,,,,AVGO
2000-11-27,,,,,,,AVGO
2000-11-28,,,,,,,AVGO
2000-11-29,,,,,,,AVGO
2000-11-30,,,,,,,AVGO
2000-12-01,,,,,,,AVGO
2000-12-04,,,,,,,AVGO
2000-12-05,,,,,,,AVGO
2000-12-06,,,,,,,AVGO
2000-12-07,,,,,,,AVGO
2000-12-08,,,,,,,AVGO
2000-12-11,,,,,,,AVGO
2000-12-12,,,,,,,AVGO
2000-12-13,,,,,,,AVGO
2000-12-14,,,,,,,AVGO
2000-12-15,,,,,,,AVGO
2000-12-18,,,,,,,AVGO
2000-12-19,,,,,,,AVGO
2000-12-20,,,,,,,AVGO
2000-12-21,,,,,,,AVGO
2000-12-22,,,,,,,AVGO
2000-12-26,,,,,,,AVGO
2000-12-27,,,,,,,AVGO
2000-12-28,,,,,,,AVGO
2000-12-29,,,,,,,AVGO
2001-01-02,,,,,,,AVGO
2001-01-03,,,,,,,AVGO
2001-01-04,,,,,,,AVGO
2001-01-05,,,,,,,AVGO
2001-01-08,,,,,,,AVGO
2001-01-09,,,,,,,AVGO
2001-01-10,,,,,,,AVGO
2001-01-11,,,,,,,AVGO
2001-01-12,,,,,,,AVGO
2001-01-16,,,,,,,AVGO
2001-01-17,,,,,,,AVGO
2001-01-18,,,,,,,AVGO
2001-01-19,,,,,,,AVGO
2001-01-22,,,,,,,AVGO
2001-01-23,,,,,,,AVGO
2001-01-24,,,,,,,AVGO
2001-01-25,,,,,,,AVGO
2001-01-26,,,,,,,AVGO
2001-01-29,,,,,,,AVGO
2001-01-30,,,,,,,AVGO
2001-01-31,,,,,,,AVGO
2001-02-01,,,,,,,AVGO
2001-02-02,,,,,,,AVGO
2001-02-05,,,,,,,AVGO
2001-02-06,,,,,,,AVGO
2001-02-07,,,,,,,AVGO
2001-02-08,,,,,,,AVGO
2001-02-09,,,,,,,AVGO
2001-02-12,,,,,,,AVGO
2001-02-13,,,,,,,AVGO
2001-02-14,,,,,,,AVGO
2001-02-15,,,,,,,AVGO
2001-02-16,,,,,,,AVGO
2001-02-20,,,,,,,AVGO
2001-02-21,,,,,,,AVGO
2001-02-22,,,,,,,AVGO
2001-02-23,,,,,,,AVGO
2001-02-26,,,,,,,AVGO
2001-02-27,,,,,,,AVGO
2001-02-28,,,,,,,AVGO
2001-03-01,,,,,,,AVGO
2001-03-02,,,,,,,AVGO
2001-03-05,,,,,,,AVGO
2001-03-06,,,,,,,AVGO
2001-03-07,,,,,,,AVGO
2001-03-08,,,,,,,AVGO
2001-03-09,,,,,,,AVGO
2001-03-12,,,,,,,AVGO
2001-03-13,,,,,,,AVGO
2001-03-14,,,,,,,AVGO
2001-03-15,,,,,,,AVGO
2001-03-16,,,,,,,AVGO
2001-03-19,,,,,,,AVGO
2001-03-20,,,,,,,AVGO
2001-03-21,,,,,,,AVGO
2001-03-22,,,,,,,AVGO
2001-03-23,,,,,,,AVGO
2001-03-26,,,,,,,AVGO
2001-03-27,,,,,,,AVGO
2001-03-28,,,,,,,AVGO
2001-03-29,,,,,,,AVGO
2001-03-30,,,,,,,AVGO
2001-04-02,,,,,,,AVGO
2001-04-03,,,,,,,AVGO
2001-04-04,,,,,,,AVGO
2001-04-05,,,,,,,AVGO
2001-04-06,,,,,,,AVGO
2001-04-09,,,,,,,AVGO
2001-04-10,,,,,,,AVGO
2001-04-11,,,,,,,AVGO
2001-04-12,,,,,,,AVGO
2001-04-16,,,,,,,AVGO
2001-04-17,,,,,,,AVGO
2001-04-18,,,,,,,AVGO
2001-04-19,,,,,,,AVGO
2001-04-20,,,,,,,AVGO
2001-04-23,,,,,,,AVGO
2001-04-24,,,,,,,AVGO
2001-04-25,,,,,,,AVGO
2001-04-26,,,,,,,AVGO
2001-04-27,,,,,,,AVGO
2001-04-30,,,,,,,AVGO
2001-05-01,,,,,,,AVGO
2001-05-02,,,,,,,AVGO
2001-05-03,,,,,,,AVGO
2001-05-04,,,,,,,AVGO
2001-05-07,,,,,,,AVGO
2001-05-08,,,,,,,AVGO
2001-05-09,,,,,,,AVGO
2001-05-10,,,,,,,AVGO
2001-05-11,,,,,,,AVGO
2001-05-14,,,,,,,AVGO
2001-05-15,,,,,,,AVGO
2001-05-16,,,,,,,AVGO
2001-05-17,,,,,,,AVGO
2001-05-18,,,,,,,AVGO
2001-05-21,,,,,,,AVGO
2001-05-22,,,,,,,AVGO
2001-05-23,,,,,,,AVGO
2001-05-24,,,,,,,AVGO
2001-05-25,,,,,,,AVGO
2001-05-29,,,,,,,AVGO
2001-05-30,,,,,,,AVGO
2001-05-31,,,,,,,AVGO
2001-06-01,,,,,,,AVGO
2001-06-04,,,,,,,AVGO
2001-06-05,,,,,,,AVGO
2001-06-06,,,,,,,AVGO
2001-06-07,,,,,,,AVGO
2001-06-08,,,,,,,AVGO
2001-06-11,,,,,,,AVGO
2001-06-12,,,,,,,AVGO
2001-06-13,,,,,,,AVGO
2001-06-14,,,,,,,AVGO
2001-06-15,,,,,,,AVGO
2001-06-18,,,,,,,AVGO
2001-06-19,,,,,,,AVGO
2001-06-20,,,,,,,AVGO
2001-06-21,,,,,,,AVGO
2001-06-22,,,,,,,AVGO
2001-06-25,,,,,,,AVGO
2001-06-26,,,,,,,AVGO
2001-06-27,,,,,,,AVGO
2001-06-28,,,,,,,AVGO
2001-06-29,,,,,,,AVGO
2001-07-02,,,,,,,AVGO
2001-07-03,,,,,,,AVGO
2001-07-05,,,,,,,AVGO
2001-07-06,,,,,,,AVGO
2001-07-09,,,,,,,AVGO
2001-07-10,,,,,,,AVGO
2001-07-11,,,,,,,AVGO
2001-07-12,,,,,,,AVGO
2001-07-13,,,,,,,AVGO
2001-07-16,,,,,,,AVGO
2001-07-17,,,,,,,AVGO
2001-07-18,,,,,,,AVGO
2001-07-19,,,,,,,AVGO
2001-07-20,,,,,,,AVGO
2001-07-23,,,,,,,AVGO
2001-07-24,,,,,,,AVGO
2001-07-25,,,,,,,AVGO
2001-07-26,,,,,,,AVGO
2001-07-27,,,,,,,AVGO
2001-07-30,,,,,,,AVGO
2001-07-31,,,,,,,AVGO
2001-08-01,,,,,,,AVGO
2001-08-02,,,,,,,AVGO
2001-08-03,,,,,,,AVGO
2001-08-06,,,,,,,AVGO
2001-08-07,,,,,,,AVGO
2001-08-08,,,,,,,AVGO
2001-08-09,,,,,,,AVGO
2001-08-10,,,,,,,AVGO
2001-08-13,,,,,,,AVGO
2001-08-14,,,,,,,AVGO
2001-08-15,,,,,,,AVGO
2001-08-16,,,,,,,AVGO
2001-08-17,,,,,,,AVGO
2001-08-20,,,,,,,AVGO
2001-08-21,,,,,,,AVGO
2001-08-22,,,,,,,AVGO
2001-08-23,,,,,,,AVGO
2001-08-24,,,,,,,AVGO
2001-08-27,,,,,,,AVGO
2001-08-28,,,,,,,AVGO
2001-08-29,,,,,,,AVGO
2001-08-30,,,,,,,AVGO
2001-08-31,,,,,,,AVGO
2001-09-04,,,,,,,AVGO
2001-09-05,,,,,,,AVGO
2001-09-06,,,,,,,AVGO
2001-09-07,,,,,,,AVGO
2001-09-10,,,,,,,AVGO
2001-09-17,,,,,,,AVGO
2001-09-18,,,,,,,AVGO
2001-09-19,,,,,,,AVGO
2001-09-20,,,,,,,AVGO
2001-09-21,,,,,,,AVGO
2001-09-24,,,,,,,AVGO
2001-09-25,,,,,,,AVGO
2001-09-26,,,,,,,AVGO
2001-09-27,,,,,,,AVGO
2001-09-28,,,,,,,AVGO
2001-10-01,,,,,,,AVGO
2001-10-02,,,,,,,AVGO
2001-10-03,,,,,,,AVGO
2001-10-04,,,,,,,AVGO
2001-10-05,,,,,,,AVGO
2001-10-08,,,,,,,AVGO
2001-10-09,,,,,,,AVGO
2001-10-10,,,,,,,AVGO
2001-10-11,,,,,,,AVGO
2001-10-12,,,,,,,AVGO
2001-10-15,,,,,,,AVGO
2001-10-16,,,,,,,AVGO
2001-10-17,,,,,,,AVGO
2001-10-18,,,,,,,AVGO
2001-10-19,,,,,,,AVGO
2001-10-22,,,,,,,AVGO
2001-10-23,,,,,,,AVGO
2001-10-24,,,,,,,AVGO
2001-10-25,,,,,,,AVGO
2001-10-26,,,,,,,AVGO
2001-10-29,,,,,,,AVGO
2001-10-30,,,,,,,AVGO
2001-10-31,,,,,,,AVGO
2001-11-01,,,,,,,AVGO
2001-11-02,,,,,,,AVGO
2001-11-05,,,,,,,AVGO
2001-11-06,,,,,,,AVGO
2001-11-07,,,,,,,AVGO
2001-11-08,,,,,,,AVGO
2001-11-09,,,,,,,AVGO
2001-11-12,,,,,,,AVGO
2001-11-13,,,,,,,AVGO
2001-11-14,,,,,,,AVGO
2001-11-15,,,,,,,AVGO
2001-11-16,,,,,,,AVGO
2001-11-19,,,,,,,AVGO
2001-11-20,,,,,,,AVGO
2001-11-21,,,,,,,AVGO
2001-11-23,,,,,,,AVGO
2001-11-26,,,,,,,AVGO
2001-11-27,,,,,,,AVGO
2001-11-28,,,,,,,AVGO
2001-11-29,,,,,,,AVGO
2001-11-30,,,,,,,AVGO
2001-12-03,,,,,,,AVGO
2001-12-04,,,,,,,AVGO
2001-12-05,,,,,,,AVGO
2001-12-06,,,,,,,AVGO
2001-12-07,,,,,,,AVGO
2001-12-10,,,,,,,AVGO
2001-12-11,,,,,,,AVGO
2001-12-12,,,,,,,AVGO
2001-12-13,,,,,,,AVGO
2001-12-14,,,,,,,AVGO
2001-12-17,,,,,,,AVGO
2001-12-18,,,,,,,AVGO
2001-12-19,,,,,,,AVGO
2001-12-20,,,,,,,AVGO
2001-12-21,,,,,,,AVGO
2001-12-24,,,,,,,AVGO
2001-12-26,,,,,,,AVGO
2001-12-27,,,,,,,AVGO
2001-12-28,,,,,,,AVGO
2001-12-31,,,,,,,AVGO
2002-01-02,,,,,,,AVGO
2002-01-03,,,,,,,AVGO
2002-01-04,,,,,,,AVGO
2002-01-07,,,,,,,AVGO
2002-01-08,,,,,,,AVGO
2002-01-09,,,,,,,AVGO
2002-01-10,,,,,,,AVGO
2002-01-11,,,,,,,AVGO
2002-01-14,,,,,,,AVGO
2002-01-15,,,,,,,AVGO
2002-01-16,,,,,,,AVGO
2002-01-17,,,,,,,AVGO
2002-01-18,,,,,,,AVGO
2002-01-22,,,,,,,AVGO
2002-01-23,,,,,,,AVGO
2002-01-24,,,,,,,AVGO
2002-01-25,,,,,,,AVGO
2002-01-28,,,,,,,AVGO
2002-01-29,,,,,,,AVGO
2002-01-30,,,,,,,AVGO
2002-01-31,,,,,,,AVGO
2002-02-01,,,,,,,AVGO
2002-02-04,,,,,,,AVGO
2002-02-05,,,,,,,AVGO
2002-02-06,,,,,,,AVGO
2002-02-07,,,,,,,AVGO
2002-02-08,,,,,,,AVGO
2002-02-11,,,,,,,AVGO
2002-02-12,,,,,,,AVGO
2002-02-13,,,,,,,AVGO
2002-02-14,,,,,,,AVGO
2002-02-15,,,,,,,AVGO
2002-02-19,,,,,,,AVGO
2002-02-20,,,,,,,AVGO
2002-02-21,,,,,,,AVGO
2002-02-22,,,,,,,AVGO
2002-02-25,,,,,,,AVGO
2002-02-26,,,,,,,AVGO
2002-02-27,,,,,,,AVGO
2002-02-28,,,,,,,AVGO
2002-03-01,,,,,,,AVGO
2002-03-04,,,,,,,AVGO
2002-03-05,,,,,,,AVGO
2002-03-06,,,,,,,AVGO
2002-03-07,,,,,,,AVGO
2002-03-08,,,,,,,AVGO
2002-03-11,,,,,,,AVGO
2002-03-12,,,,,,,AVGO
2002-03-13,,,,,,,AVGO
2002-03-14,,,,,,,AVGO
2002-03-15,,,,,,,AVGO
2002-03-18,,,,,,,AVGO
2002-03-19,,,,,,,AVGO
2002-03-20,,,,,,,AVGO
2002-03-21,,,,,,,AVGO
2002-03-22,,,,,,,AVGO
2002-03-25,,,,,,,AVGO
2002-03-26,,,,,,,AVGO
2002-03-27,,,,,,,AVGO
2002-03-28,,,,,,,AVGO
2002-04-01,,,,,,,AVGO
2002-04-02,,,,,,,AVGO
2002-04-03,,,,,,,AVGO
2002-04-04,,,,,,,AVGO
2002-04-05,,,,,,,AVGO
2002-04-08,,,,,,,AVGO
2002-04-09,,,,,,,AVGO
2002-04-10,,,,,,,AVGO
2002-04-11,,,,,,,AVGO
2002-04-12,,,,,,,AVGO
2002-04-15,,,,,,,AVGO
2002-04-16,,,,,,,AVGO
2002-04-17,,,,,,,AVGO
2002-04-18,,,,,,,AVGO
2002-04-19,,,,,,,AVGO
2002-04-22,,,,,,,AVGO
2002-04-23,,,,,,,AVGO
2002-04-24,,,,,,,AVGO
2002-04-25,,,,,,,AVGO
2002-04-26,,,,,,,AVGO
2002-04-29,,,,,,,AVGO
2002-04-30,,,,,,,AVGO
2002-05-01,,,,,,,AVGO
2002-05-02,,,,,,,AVGO
2002-05-03,,,,,,,AVGO
2002-05-06,,,,,,,AVGO
2002-05-07,,,,,,,AVGO
2002-05-08,,,,,,,AVGO
2002-05-09,,,,,,,AVGO
2002-05-10,,,,,,,AVGO
2002-05-13,,,,,,,AVGO
2002-05-14,,,,,,,AVGO
2002-05-15,,,,,,,AVGO
2002-05-16,,,,,,,AVGO
2002-05-17,,,,,,,AVGO
2002-05-20,,,,,,,AVGO
2002-05-21,,,,,,,AVGO
2002-05-22,,,,,,,AVGO
2002-05-23,,,,,,,AVGO
2002-05-24,,,,,,,AVGO
2002-05-28,,,,,,,AVGO
2002-05-29,,,,,,,AVGO
2002-05-30,,,,,,,AVGO
2002-05-31,,,,,,,AVGO
2002-06-03,,,,,,,AVGO
2002-06-04,,,,,,,AVGO
2002-06-05,,,,,,,AVGO
2002-06-06,,,,,,,AVGO
2002-06-07,,,,,,,AVGO
2002-06-10,,,,,,,AVGO
2002-06-11,,,,,,,AVGO
2002-06-12,,,,,,,AVGO
2002-06-13,,,,,,,AVGO
2002-06-14,,,,,,,AVGO
2002-06-17,,,,,,,AVGO
2002-06-18,,,,,,,AVGO
2002-06-19,,,,,,,AVGO
2002-06-20,,,,,,,AVGO
2002-06-21,,,,,,,AVGO
2002-06-24,,,,,,,AVGO
2002-06-25,,,,,,,AVGO
2002-06-26,,,,,,,AVGO
2002-06-27,,,,,,,AVGO
2002-06-28,,,,,,,AVGO
2002-07-01,,,,,,,AVGO
2002-07-02,,,,,,,AVGO
2002-07-03,,,,,,,AVGO
2002-07-05,,,,,,,AVGO
2002-07-08,,,,,,,AVGO
2002-07-09,,,,,,,AVGO
2002-07-10,,,,,,,AVGO
2002-07-11,,,,,,,AVGO
2002-07-12,,,,,,,AVGO
2002-07-15,,,,,,,AVGO
2002-07-16,,,,,,,AVGO
2002-07-17,,,,,,,AVGO
2002-07-18,,,,,,,AVGO
2002-07-19,,,,,,,AVGO
2002-07-22,,,,,,,AVGO
2002-07-23,,,,,,,AVGO
2002-07-24,,,,,,,AVGO
2002-07-25,,,,,,,AVGO
2002-07-26,,,,,,,AVGO
2002-07-29,,,,,,,AVGO
2002-07-30,,,,,,,AVGO
2002-07-31,,,,,,,AVGO
2002-08-01,,,,,,,AVGO
2002-08-02,,,,,,,AVGO
2002-08-05,,,,,,,AVGO
2002-08-06,,,,,,,AVGO
2002-08-07,,,,,,,AVGO
2002-08-08,,,,,,,AVGO
2002-08-09,,,,,,,AVGO
2002-08-12,,,,,,,AVGO
2002-08-13,,,,,,,AVGO
2002-08-14,,,,,,,AVGO
2002-08-15,,,,,,,AVGO
2002-08-16,,,,,,,AVGO
2002-08-19,,,,,,,AVGO
2002-08-20,,,,,,,AVGO
2002-08-21,,,,,,,AVGO
2002-08-22,,,,,,,AVGO
2002-08-23,,,,,,,AVGO
2002-08-26,,,,,,,AVGO
2002-08-27,,,,,,,AVGO
2002-08-28,,,,,,,AVGO
2002-08-29,,,,,,,AVGO
2002-08-30,,,,,,,AVGO
2002-09-03,,,,,,,AVGO
2002-09-04,,,,,,,AVGO
2002-09-05,,,,,,,AVGO
2002-09-06,,,,,,,AVGO
2002-09-09,,,,,,,AVGO
2002-09-10,,,,,,,AVGO
2002-09-11,,,,,,,AVGO
2002-09-12,,,,,,,AVGO
2002-09-13,,,,,,,AVGO
2002-09-16,,,,,,,AVGO
2002-09-17,,,,,,,AVGO
2002-09-18,,,,,,,AVGO
2002-09-19,,,,,,,AVGO
2002-09-20,,,,,,,AVGO
2002-09-23,,,,,,,AVGO
2002-09-24,,,,,,,AVGO
2002-09-25,,,,,,,AVGO
2002-09-26,,,,,,,AVGO
2002-09-27,,,,,,,AVGO
2002-09-30,,,,,,,AVGO
2002-10-01,,,,,,,AVGO
2002-10-02,,,,,,,AVGO
2002-10-03,,,,,,,AVGO
2002-10-04,,,,,,,AVGO
2002-10-07,,,,,,,AVGO
2002-10-08,,,,,,,AVGO
2002-10-09,,,,,,,AVGO
2002-10-10,,,,,,,AVGO
2002-10-11,,,,,,,AVGO
2002-10-14,,,,,,,AVGO
2002-10-15,,,,,,,AVGO
2002-10-16,,,,,,,AVGO
2002-10-17,,,,,,,AVGO
2002-10-18,,,,,,,AVGO
2002-10-21,,,,,,,AVGO
2002-10-22,,,,,,,AVGO
2002-10-23,,,,,,,AVGO
2002-10-24,,,,,,,AVGO
2002-10-25,,,,,,,AVGO
2002-10-28,,,,,,,AVGO
2002-10-29,,,,,,,AVGO
2002-10-30,,,,,,,AVGO
2002-10-31,,,,,,,AVGO
2002-11-01,,,,,,,AVGO
2002-11-04,,,,,,,AVGO
2002-11-05,,,,,,,AVGO
2002-11-06,,,,,,,AVGO
2002-11-07,,,,,,,AVGO
2002-11-08,,,,,,,AVGO
2002-11-11,,,,,,,AVGO
2002-11-12,,,,,,,AVGO
2002-11-13,,,,,,,AVGO
2002-11-14,,,,,,,AVGO
2002-11-15,,,,,,,AVGO
2002-11-18,,,,,,,AVGO
2002-11-19,,,,,,,AVGO
2002-11-20,,,,,,,AVGO
2002-11-21,,,,,,,AVGO
2002-11-22,,,,,,,AVGO
2002-11-25,,,,,,,AVGO
2002-11-26,,,,,,,AVGO
2002-11-27,,,,,,,AVGO
2002-11-29,,,,,,,AVGO
2002-12-02,,,,,,,AVGO
2002-12-03,,,,,,,AVGO
2002-12-04,,,,,,,AVGO
2002-12-05,,,,,,,AVGO
2002-12-06,,,,,,,AVGO
2002-12-09,,,,,,,AVGO
2002-12-10,,,,,,,AVGO
2002-12-11,,,,,,,AVGO
2002-12-12,,,,,,,AVGO
2002-12-13,,,,,,,AVGO
2002-12-16,,,,,,,AVGO
2002-12-17,,,,,,,AVGO
2002-12-18,,,,,,,AVGO
2002-12-19,,,,,,,AVGO
2002-12-20,,,,,,,AVGO
2002-12-23,,,,,,,AVGO
2002-12-24,,,,,,,AVGO
2002-12-26,,,,,,,AVGO
2002-12-27,,,,,,,AVGO
2002-12-30,,,,,,,AVGO
2002-12-31,,,,,,,AVGO
2003-01-02,,,,,,,AVGO
2003-01-03,,,,,,,AVGO
2003-01-06,,,,,,,AVGO
2003-01-07,,,,,,,AVGO
2003-01-08,,,,,,,AVGO
2003-01-09,,,,,,,AVGO
2003-01-10,,,,,,,AVGO
2003-01-13,,,,,,,AVGO
2003-01-14,,,,,,,AVGO
2003-01-15,,,,,,,AVGO
2003-01-16,,,,,,,AVGO
2003-01-17,,,,,,,AVGO
2003-01-21,,,,,,,AVGO
2003-01-22,,,,,,,AVGO
2003-01-23,,,,,,,AVGO
2003-01-24,,,,,,,AVGO
2003-01-27,,,,,,,AVGO
2003-01-28,,,,,,,AVGO
2003-01-29,,,,,,,AVGO
2003-01-30,,,,,,,AVGO
2003-01-31,,,,,,,AVGO
2003-02-03,,,,,,,AVGO
2003-02-04,,,,,,,AVGO
2003-02-05,,,,,,,AVGO
2003-02-06,,,,,,,AVGO
2003-02-07,,,,,,,AVGO
2003-02-10,,,,,,,AVGO
2003-02-11,,,,,,,AVGO
2003-02-12,,,,,,,AVGO
2003-02-13,,,,,,,AVGO
2003-02-14,,,,,,,AVGO
2003-02-18,,,,,,,AVGO
2003-02-19,,,,,,,AVGO
2003-02-20,,,,,,,AVGO
2003-02-21,,,,,,,AVGO
2003-02-24,,,,,,,AVGO
2003-02-25,,,,,,,AVGO
2003-02-26,,,,,,,AVGO
2003-02-27,,,,,,,AVGO
2003-02-28,,,,,,,AVGO
2003-03-03,,,,,,,AVGO
2003-03-04,,,,,,,AVGO
2003-03-05,,,,,,,AVGO
2003-03-06,,,,,,,AVGO
2003-03-07,,,,,,,AVGO
2003-03-10,,,,,,,AVGO
2003-03-11,,,,,,,AVGO
2003-03-12,,,,,,,AVGO
2003-03-13,,,,,,,AVGO
2003-03-14,,,,,,,AVGO
2003-03-17,,,,,,,AVGO
2003-03-18,,,,,,,AVGO
2003-03-19,,,,,,,AVGO
2003-03-20,,,,,,,AVGO
2003-03-21,,,,,,,AVGO
2003-03-24,,,,,,,AVGO
2003-03-25,,,,,,,AVGO
2003-03-26,,,,,,,AVGO
2003-03-27,,,,,,,AVGO
2003-03-28,,,,,,,AVGO
2003-03-31,,,,,,,AVGO
2003-04-01,,,,,,,AVGO
2003-04-02,,,,,,,AVGO
2003-04-03,,,,,,,AVGO
2003-04-04,,,,,,,AVGO
2003-04-07,,,,,,,AVGO
2003-04-08,,,,,,,AVGO
2003-04-09,,,,,,,AVGO
2003-04-10,,,,,,,AVGO
2003-04-11,,,,,,,AVGO
2003-04-14,,,,,,,AVGO
2003-04-15,,,,,,,AVGO
2003-04-16,,,,,,,AVGO
2003-04-17,,,,,,,AVGO
2003-04-21,,,,,,,AVGO
2003-04-22,,,,,,,AVGO
2003-04-23,,,,,,,AVGO
2003-04-24,,,,,,,AVGO
2003-04-25,,,,,,,AVGO
2003-04-28,,,,,,,AVGO
2003-04-29,,,,,,,AVGO
2003-04-30,,,,,,,AVGO
2003-05-01,,,,,,,AVGO
2003-05-02,,,,,,,AVGO
2003-05-05,,,,,,,AVGO
2003-05-06,,,,,,,AVGO
2003-05-07,,,,,,,AVGO
2003-05-08,,,,,,,AVGO
2003-05-09,,,,,,,AVGO
2003-05-12,,,,,,,AVGO
2003-05-13,,,,,,,AVGO
2003-05-14,,,,,,,AVGO
2003-05-15,,,,,,,AVGO
2003-05-16,,,,,,,AVGO
2003-05-19,,,,,,,AVGO
2003-05-20,,,,,,,AVGO
2003-05-21,,,,,,,AVGO
2003-05-22,,,,,,,AVGO
2003-05-23,,,,,,,AVGO
2003-05-27,,,,,,,AVGO
2003-05-28,,,,,,,AVGO
2003-05-29,,,,,,,AVGO
2003-05-30,,,,,,,AVGO
2003-06-02,,,,,,,AVGO
2003-06-03,,,,,,,AVGO
2003-06-04,,,,,,,AVGO
2003-06-05,,,,,,,AVGO
2003-06-06,,,,,,,AVGO
2003-06-09,,,,,,,AVGO
2003-06-10,,,,,,,AVGO
2003-06-11,,,,,,,AVGO
2003-06-12,,,,,,,AVGO
2003-06-13,,,,,,,AVGO
2003-06-16,,,,,,,AVGO
2003-06-17,,,,,,,AVGO
2003-06-18,,,,,,,AVGO
2003-06-19,,,,,,,AVGO
2003-06-20,,,,,,,AVGO
2003-06-23,,,,,,,AVGO
2003-06-24,,,,,,,AVGO
2003-06-25,,,,,,,AVGO
2003-06-26,,,,,,,AVGO
2003-06-27,,,,,,,AVGO
2003-06-30,,,,,,,AVGO
2003-07-01,,,,,,,AVGO
2003-07-02,,,,,,,AVGO
2003-07-03,,,,,,,AVGO
2003-07-07,,,,,,,AVGO
2003-07-08,,,,,,,AVGO
2003-07-09,,,,,,,AVGO
2003-07-10,,,,,,,AVGO
2003-07-11,,,,,,,AVGO
2003-07-14,,,,,,,AVGO
2003-07-15,,,,,,,AVGO
2003-07-16,,,,,,,AVGO
2003-07-17,,,,,,,AVGO
2003-07-18,,,,,,,AVGO
2003-07-21,,,,,,,AVGO
2003-07-22,,,,,,,AVGO
2003-07-23,,,,,,,AVGO
2003-07-24,,,,,,,AVGO
2003-07-25,,,,,,,AVGO
2003-07-28,,,,,,,AVGO
2003-07-29,,,,,,,AVGO
2003-07-30,,,,,,,AVGO
2003-07-31,,,,,,,AVGO
2003-08-01,,,,,,,AVGO
2003-08-04,,,,,,,AVGO
2003-08-05,,,,,,,AVGO
2003-08-06,,,,,,,AVGO
2003-08-07,,,,,,,AVGO
2003-08-08,,,,,,,AVGO
2003-08-11,,,,,,,AVGO
2003-08-12,,,,,,,AVGO
2003-08-13,,,,,,,AVGO
2003-08-14,,,,,,,AVGO
2003-08-15,,,,,,,AVGO
2003-08-18,,,,,,,AVGO
2003-08-19,,,,,,,AVGO
2003-08-20,,,,,,,AVGO
2003-08-21,,,,,,,AVGO
2003-08-22,,,,,,,AVGO
2003-08-25,,,,,,,AVGO
2003-08-26,,,,,,,AVGO
2003-08-27,,,,,,,AVGO
2003-08-28,,,,,,,AVGO
2003-08-29,,,,,,,AVGO
2003-09-02,,,,,,,AVGO
2003-09-03,,,,,,,AVGO
2003-09-04,,,,,,,AVGO
2003-09-05,,,,,,,AVGO
2003-09-08,,,,,,,AVGO
2003-09-09,,,,,,,AVGO
2003-09-10,,,,,,,AVGO
2003-09-11,,,,,,,AVGO
2003-09-12,,,,,,,AVGO
2003-09-15,,,,,,,AVGO
2003-09-16,,,,,,,AVGO
2003-09-17,,,,,,,AVGO
2003-09-18,,,,,,,AVGO
2003-09-19,,,,,,,AVGO
2003-09-22,,,,,,,AVGO
2003-09-23,,,,,,,AVGO
2003-09-24,,,,,,,AVGO
2003-09-25,,,,,,,AVGO
2003-09-26,,,,,,,AVGO
2003-09-29,,,,,,,AVGO
2003-09-30,,,,,,,AVGO
2003-10-01,,,,,,,AVGO
2003-10-02,,,,,,,AVGO
2003-10-03,,,,,,,AVGO
2003-10-06,,,,,,,AVGO
2003-10-07,,,,,,,AVGO
2003-10-08,,,,,,,AVGO
2003-10-09,,,,,,,AVGO
2003-10-10,,,,,,,AVGO
2003-10-13,,,,,,,AVGO
2003-10-14,,,,,,,AVGO
2003-10-15,,,,,,,AVGO
2003-10-16,,,,,,,AVGO
2003-10-17,,,,,,,AVGO
2003-10-20,,,,,,,AVGO
2003-10-21,,,,,,,AVGO
2003-10-22,,,,,,,AVGO
2003-10-23,,,,,,,AVGO
2003-10-24,,,,,,,AVGO
2003-10-27,,,,,,,AVGO
2003-10-28,,,,,,,AVGO
2003-10-29,,,,,,,AVGO
2003-10-30,,,,,,,AVGO
2003-10-31,,,,,,,AVGO
2003-11-03,,,,,,,AVGO
2003-11-04,,,,,,,AVGO
2003-11-05,,,,,,,AVGO
2003-11-06,,,,,,,AVGO
2003-11-07,,,,,,,AVGO
2003-11-10,,,,,,,AVGO
2003-11-11,,,,,,,AVGO
2003-11-12,,,,,,,AVGO
2003-11-13,,,,,,,AVGO
2003-11-14,,,,,,,AVGO
2003-11-17,,,,,,,AVGO
2003-11-18,,,,,,,AVGO
2003-11-19,,,,,,,AVGO
2003-11-20,,,,,,,AVGO
2003-11-21,,,,,,,AVGO
2003-11-24,,,,,,,AVGO
2003-11-25,,,,,,,AVGO
2003-11-26,,,,,,,AVGO
2003-11-28,,,,,,,AVGO
2003-12-01,,,,,,,AVGO
2003-12-02,,,,,,,AVGO
2003-12-03,,,,,,,AVGO
2003-12-04,,,,,,,AVGO
2003-12-05,,,,,,,AVGO
2003-12-08,,,,,,,AVGO
2003-12-09,,,,,,,AVGO
2003-12-10,,,,,,,AVGO
2003-12-11,,,,,,,AVGO
2003-12-12,,,,,,,AVGO
2003-12-15,,,,,,,AVGO
2003-12-16,,,,,,,AVGO
2003-12-17,,,,,,,AVGO
2003-12-18,,,,,,,AVGO
2003-12-19,,,,,,,AVGO
2003-12-22,,,,,,,AVGO
2003-12-23,,,,,,,AVGO
2003-12-24,,,,,,,AVGO
2003-12-26,,,,,,,AVGO
2003-12-29,,,,,,,AVGO
2003-12-30,,,,,,,AVGO
2003-12-31,,,,,,,AVGO
2004-01-02,,,,,,,AVGO
2004-01-05,,,,,,,AVGO
2004-01-06,,,,,,,AVGO
2004-01-07,,,,,,,AVGO
2004-01-08,,,,,,,AVGO
2004-01-09,,,,,,,AVGO
2004-01-12,,,,,,,AVGO
2004-01-13,,,,,,,AVGO
2004-01-14,,,,,,,AVGO
2004-01-15,,,,,,,AVGO
2004-01-16,,,,,,,AVGO
2004-01-20,,,,,,,AVGO
2004-01-21,,,,,,,AVGO
2004-01-22,,,,,,,AVGO
2004-01-23,,,,,,,AVGO
2004-01-26,,,,,,,AVGO
2004-01-27,,,,,,,AVGO
2004-01-28,,,,,,,AVGO
2004-01-29,,,,,,,AVGO
2004-01-30,,,,,,,AVGO
2004-02-02,,,,,,,AVGO
2004-02-03,,,,,,,AVGO
2004-02-04,,,,,,,AVGO
2004-02-05,,,,,,,AVGO
2004-02-06,,,,,,,AVGO
2004-02-09,,,,,,,AVGO
2004-02-10,,,,,,,AVGO
2004-02-11,,,,,,,AVGO
2004-02-12,,,,,,,AVGO
2004-02-13,,,,,,,AVGO
2004-02-17,,,,,,,AVGO
2004-02-18,,,,,,,AVGO
2004-02-19,,,,,,,AVGO
2004-02-20,,,,,,,AVGO
2004-02-23,,,,,,,AVGO
2004-02-24,,,,,,,AVGO
2004-02-25,,,,,,,AVGO
2004-02-26,,,,,,,AVGO
2004-02-27,,,,,,,AVGO
2004-03-01,,,,,,,AVGO
2004-03-02,,,,,,,AVGO
2004-03-03,,,,,,,AVGO
2004-03-04,,,,,,,AVGO
2004-03-05,,,,,,,AVGO
2004-03-08,,,,,,,AVGO
2004-03-09,,,,,,,AVGO
2004-03-10,,,,,,,AVGO
2004-03-11,,,,,,,AVGO
2004-03-12,,,,,,,AVGO
2004-03-15,,,,,,,AVGO
2004-03-16,,,,,,,AVGO
2004-03-17,,,,,,,AVGO
2004-03-18,,,,,,,AVGO
2004-03-19,,,,,,,AVGO
2004-03-22,,,,,,,AVGO
2004-03-23,,,,,,,AVGO
2004-03-24,,,,,,,AVGO
2004-03-25,,,,,,,AVGO
2004-03-26,,,,,,,AVGO
2004-03-29,,,,,,,AVGO
2004-03-30,,,,,,,AVGO
2004-03-31,,,,,,,AVGO
2004-04-01,,,,,,,AVGO
2004-04-02,,,,,,,AVGO
2004-04-05,,,,,,,AVGO
2004-04-06,,,,,,,AVGO
2004-04-07,,,,,,,AVGO
2004-04-08,,,,,,,AVGO
2004-04-12,,,,,,,AVGO
2004-04-13,,,,,,,AVGO
2004-04-14,,,,,,,AVGO
2004-04-15,,,,,,,AVGO
2004-04-16,,,,,,,AVGO
2004-04-19,,,,,,,AVGO
2004-04-20,,,,,,,AVGO
2004-04-21,,,,,,,AVGO
2004-04-22,,,,,,,AVGO
2004-04-23,,,,,,,AVGO
2004-04-26,,,,,,,AVGO
2004-04-27,,,,,,,AVGO
2004-04-28,,,,,,,AVGO
2004-04-29,,,,,,,AVGO
2004-04-30,,,,,,,AVGO
2004-05-03,,,,,,,AVGO
2004-05-04,,,,,,,AVGO
2004-05-05,,,,,,,AVGO
2004-05-06,,,,,,,AVGO
2004-05-07,,,,,,,AVGO
2004-05-10,,,,,,,AVGO
2004-05-11,,,,,,,AVGO
2004-05-12,,,,,,,AVGO
2004-05-13,,,,,,,AVGO
2004-05-14,,,,,,,AVGO
2004-05-17,,,,,,,AVGO
2004-05-18,,,,,,,AVGO
2004-05-19,,,,,,,AVGO
2004-05-20,,,,,,,AVGO
2004-05-21,,,,,,,AVGO
2004-05-24,,,,,,,AVGO
2004-05-25,,,,,,,AVGO
2004-05-26,,,,,,,AVGO
2004-05-27,,,,,,,AVGO
2004-05-28,,,,,,,AVGO
2004-06-01,,,,,,,AVGO
2004-06-02,,,,,,,AVGO
2004-06-03,,,,,,,AVGO
2004-06-04,,,,,,,AVGO
2004-06-07,,,,,,,AVGO
2004-06-08,,,,,,,AVGO
2004-06-09,,,,,,,AVGO
2004-06-10,,,,,,,AVGO
2004-06-14,,,,,,,AVGO
2004-06-15,,,,,,,AVGO
2004-06-16,,,,,,,AVGO
2004-06-17,,,,,,,AVGO
2004-06-18,,,,,,,AVGO
2004-06-21,,,,,,,AVGO
2004-06-22,,,,,,,AVGO
2004-06-23,,,,,,,AVGO
2004-06-24,,,,,,,AVGO
2004-06-25,,,,,,,AVGO
2004-06-28,,,,,,,AVGO
2004-06-29,,,,,,,AVGO
2004-06-30,,,,,,,AVGO
2004-07-01,,,,,,,AVGO
2004-07-02,,,,,,,AVGO
2004-07-06,,,,,,,AVGO
2004-07-07,,,,,,,AVGO
2004-07-08,,,,,,,AVGO
2004-07-09,,,,,,,AVGO
2004-07-12,,,,,,,AVGO
2004-07-13,,,,,,,AVGO
2004-07-14,,,,,,,AVGO
2004-07-15,,,,,,,AVGO
2004-07-16,,,,,,,AVGO
2004-07-19,,,,,,,AVGO
2004-07-20,,,,,,,AVGO
2004-07-21,,,,,,,AVGO
2004-07-22,,,,,,,AVGO
2004-07-23,,,,,,,AVGO
2004-07-26,,,,,,,AVGO
2004-07-27,,,,,,,AVGO
2004-07-28,,,,,,,AVGO
2004-07-29,,,,,,,AVGO
2004-07-30,,,,,,,AVGO
2004-08-02,,,,,,,AVGO
2004-08-03,,,,,,,AVGO
2004-08-04,,,,,,,AVGO
2004-08-05,,,,,,,AVGO
2004-08-06,,,,,,,AVGO
2004-08-09,,,,,,,AVGO
2004-08-10,,,,,,,AVGO
2004-08-11,,,,,,,AVGO
2004-08-12,,,,,,,AVGO
2004-08-13,,,,,,,AVGO
2004-08-16,,,,,,,AVGO
2004-08-17,,,,,,,AVGO
2004-08-18,,,,,,,AVGO
2004-08-19,,,,,,,AVGO
2004-08-20,,,,,,,AVGO
2004-08-23,,,,,,,AVGO
2004-08-24,,,,,,,AVGO
2004-08-25,,,,,,,AVGO
2004-08-26,,,,,,,AVGO
2004-08-27,,,,,,,AVGO
2004-08-30,,,,,,,AVGO
2004-08-31,,,,,,,AVGO
2004-09-01,,,,,,,AVGO
2004-09-02,,,,,,,AVGO
2004-09-03,,,,,,,AVGO
2004-09-07,,,,,,,AVGO
2004-09-08,,,,,,,AVGO
2004-09-09,,,,,,,AVGO
2004-09-10,,,,,,,AVGO
2004-09-13,,,,,,,AVGO
2004-09-14,,,,,,,AVGO
2004-09-15,,,,,,,AVGO
2004-09-16,,,,,,,AVGO
2004-09-17,,,,,,,AVGO
2004-09-20,,,,,,,AVGO
2004-09-21,,,,,,,AVGO
2004-09-22,,,,,,,AVGO
2004-09-23,,,,,,,AVGO
2004-09-24,,,,,,,AVGO
2004-09-27,,,,,,,AVGO
2004-09-28,,,,,,,AVGO
2004-09-29,,,,,,,AVGO
2004-09-30,,,,,,,AVGO
2004-10-01,,,,,,,AVGO
2004-10-04,,,,,,,AVGO
2004-10-05,,,,,,,AVGO
2004-10-06,,,,,,,AVGO
2004-10-07,,,,,,,AVGO
2004-10-08,,,,,,,AVGO
2004-10-11,,,,,,,AVGO
2004-10-12,,,,,,,AVGO
2004-10-13,,,,,,,AVGO
2004-10-14,,,,,,,AVGO
2004-10-15,,,,,,,AVGO
2004-10-18,,,,,,,AVGO
2004-10-19,,,,,,,AVGO
2004-10-20,,,,,,,AVGO
2004-10-21,,,,,,,AVGO
2004-10-22,,,,,,,AVGO
2004-10-25,,,,,,,AVGO
2004-10-26,,,,,,,AVGO
2004-10-27,,,,,,,AVGO
2004-10-28,,,,,,,AVGO
2004-10-29,,,,,,,AVGO
2004-11-01,,,,,,,AVGO
2004-11-02,,,,,,,AVGO
2004-11-03,,,,,,,AVGO
2004-11-04,,,,,,,AVGO
2004-11-05,,,,,,,AVGO
2004-11-08,,,,,,,AVGO
2004-11-09,,,,,,,AVGO
2004-11-10,,,,,,,AVGO
2004-11-11,,,,,,,AVGO
2004-11-12,,,,,,,AVGO
2004-11-15,,,,,,,AVGO
2004-11-16,,,,,,,AVGO
2004-11-17,,,,,,,AVGO
2004-11-18,,,,,,,AVGO
2004-11-19,,,,,,,AVGO
2004-11-22,,,,,,,AVGO
2004-11-23,,,,,,,AVGO
2004-11-24,,,,,,,AVGO
2004-11-26,,,,,,,AVGO
2004-11-29,,,,,,,AVGO
2004-11-30,,,,,,,AVGO
2004-12-01,,,,,,,AVGO
2004-12-02,,,,,,,AVGO
2004-12-03,,,,,,,AVGO
2004-12-06,,,,,,,AVGO
2004-12-07,,,,,,,AVGO
2004-12-08,,,,,,,AVGO
2004-12-09,,,,,,,AVGO
2004-12-10,,,,,,,AVGO
2004-12-13,,,,,,,AVGO
2004-12-14,,,,,,,AVGO
2004-12-15,,,,,,,AVGO
2004-12-16,,,,,,,AVGO
2004-12-17,,,,,,,AVGO
2004-12-20,,,,,,,AVGO
2004-12-21,,,,,,,AVGO
2004-12-22,,,,,,,AVGO
2004-12-23,,,,,,,AVGO
2004-12-27,,,,,,,AVGO
2004-12-28,,,,,,,AVGO
2004-12-29,,,,,,,AVGO
2004-12-30,,,,,,,AVGO
2004-12-31,,,,,,,AVGO
2005-01-03,,,,,,,AVGO
2005-01-04,,,,,,,AVGO
2005-01-05,,,,,,,AVGO
2005-01-06,,,,,,,AVGO
2005-01-07,,,,,,,AVGO
2005-01-10,,,,,,,AVGO
2005-01-11,,,,,,,AVGO
2005-01-12,,,,,,,AVGO
2005-01-13,,,,,,,AVGO
2005-01-14,,,,,,,AVGO
2005-01-18,,,,,,,AVGO
2005-01-19,,,,,,,AVGO
2005-01-20,,,,,,,AVGO
2005-01-21,,,,,,,AVGO
2005-01-24,,,,,,,AVGO
2005-01-25,,,,,,,AVGO
2005-01-26,,,,,,,AVGO
2005-01-27,,,,,,,AVGO
2005-01-28,,,,,,,AVGO
2005-01-31,,,,,,,AVGO
2005-02-01,,,,,,,AVGO
2005-02-02,,,,,,,AVGO
2005-02-03,,,,,,,AVGO
2005-02-04,,,,,,,AVGO
2005-02-07,,,,,,,AVGO
2005-02-08,,,,,,,AVGO
2005-02-09,,,,,,,AVGO
2005-02-10,,,,,,,AVGO
2005-02-11,,,,,,,AVGO
2005-02-14,,,,,,,AVGO
2005-02-15,,,,,,,AVGO
2005-02-16,,,,,,,AVGO
2005-02-17,,,,,,,AVGO
2005-02-18,,,,,,,AVGO
2005-02-22,,,,,,,AVGO
2005-02-23,,,,,,,AVGO
2005-02-24,,,,,,,AVGO
2005-02-25,,,,,,,AVGO
2005-02-28,,,,,,,AVGO
2005-03-01,,,,,,,AVGO
2005-03-02,,,,,,,AVGO
2005-03-03,,,,,,,AVGO
2005-03-04,,,,,,,AVGO
2005-03-07,,,,,,,AVGO
2005-03-08,,,,,,,AVGO
2005-03-09,,,,,,,AVGO
2005-03-10,,,,,,,AVGO
2005-03-11,,,,,,,AVGO
2005-03-14,,,,,,,AVGO
2005-03-15,,,,,,,AVGO
2005-03-16,,,,,,,AVGO
2005-03-17,,,,,,,AVGO
2005-03-18,,,,,,,AVGO
2005-03-21,,,,,,,AVGO
2005-03-22,,,,,,,AVGO
2005-03-23,,,,,,,AVGO
2005-03-24,,,,,,,AVGO
2005-03-28,,,,,,,AVGO
2005-03-29,,,,,,,AVGO
2005-03-30,,,,,,,AVGO
2005-03-31,,,,,,,AVGO
2005-04-01,,,,,,,AVGO
2005-04-04,,,,,,,AVGO
2005-04-05,,,,,,,AVGO
2005-04-06,,,,,,,AVGO
2005-04-07,,,,,,,AVGO
2005-04-08,,,,,,,AVGO
2005-04-11,,,,,,,AVGO
2005-04-12,,,,,,,AVGO
2005-04-13,,,,,,,AVGO
2005-04-14,,,,,,,AVGO
2005-04-15,,,,,,,AVGO
2005-04-18,,,,,,,AVGO
2005-04-19,,,,,,,AVGO
2005-04-20,,,,,,,AVGO
2005-04-21,,,,,,,AVGO
2005-04-22,,,,,,,AVGO
2005-04-25,,,,,,,AVGO
2005-04-26,,,,,,,AVGO
2005-04-27,,,,,,,AVGO
2005-04-28,,,,,,,AVGO
2005-04-29,,,,,,,AVGO
2005-05-02,,,,,,,AVGO
2005-05-03,,,,,,,AVGO
2005-05-04,,,,,,,AVGO
2005-05-05,,,,,,,AVGO
2005-05-06,,,,,,,AVGO
2005-05-09,,,,,,,AVGO
2005-05-10,,,,,,,AVGO
2005-05-11,,,,,,,AVGO
2005-05-12,,,,,,,AVGO
2005-05-13,,,,,,,AVGO
2005-05-16,,,,,,,AVGO
2005-05-17,,,,,,,AVGO
2005-05-18,,,,,,,AVGO
2005-05-19,,,,,,,AVGO
2005-05-20,,,,,,,AVGO
2005-05-23,,,,,,,AVGO
2005-05-24,,,,,,,AVGO
2005-05-25,,,,,,,AVGO
2005-05-26,,,,,,,AVGO
2005-05-27,,,,,,,AVGO
2005-05-31,,,,,,,AVGO
2005-06-01,,,,,,,AVGO
2005-06-02,,,,,,,AVGO
2005-06-03,,,,,,,AVGO
2005-06-06,,,,,,,AVGO
2005-06-07,,,,,,,AVGO
2005-06-08,,,,,,,AVGO
2005-06-09,,,,,,,AVGO
2005-06-10,,,,,,,AVGO
2005-06-13,,,,,,,AVGO
2005-06-14,,,,,,,AVGO
2005-06-15,,,,,,,AVGO
2005-06-16,,,,,,,AVGO
2005-06-17,,,,,,,AVGO
2005-06-20,,,,,,,AVGO
2005-06-21,,,,,,,AVGO
2005-06-22,,,,,,,AVGO
2005-06-23,,,,,,,AVGO
2005-06-24,,,,,,,AVGO
2005-06-27,,,,,,,AVGO
2005-06-28,,,,,,,AVGO
2005-06-29,,,,,,,AVGO
2005-06-30,,,,,,,AVGO
2005-07-01,,,,,,,AVGO
2005-07-05,,,,,,,AVGO
2005-07-06,,,,,,,AVGO
2005-07-07,,,,,,,AVGO
2005-07-08,,,,,,,AVGO
2005-07-11,,,,,,,AVGO
2005-07-12,,,,,,,AVGO
2005-07-13,,,,,,,AVGO
2005-07-14,,,,,,,AVGO
2005-07-15,,,,,,,AVGO
2005-07-18,,,,,,,AVGO
2005-07-19,,,,,,,AVGO
2005-07-20,,,,,,,AVGO
2005-07-21,,,,,,,AVGO
2005-07-22,,,,,,,AVGO
2005-07-25,,,,,,,AVGO
2005-07-26,,,,,,,AVGO
2005-07-27,,,,,,,AVGO
2005-07-28,,,,,,,AVGO
2005-07-29,,,,,,,AVGO
2005-08-01,,,,,,,AVGO
2005-08-02,,,,,,,AVGO
2005-08-03,,,,,,,AVGO
2005-08-04,,,,,,,AVGO
2005-08-05,,,,,,,AVGO
2005-08-08,,,,,,,AVGO
2005-08-09,,,,,,,AVGO
2005-08-10,,,,,,,AVGO
2005-08-11,,,,,,,AVGO
2005-08-12,,,,,,,AVGO
2005-08-15,,,,,,,AVGO
2005-08-16,,,,,,,AVGO
2005-08-17,,,,,,,AVGO
2005-08-18,,,,,,,AVGO
2005-08-19,,,,,,,AVGO
2005-08-22,,,,,,,AVGO
2005-08-23,,,,,,,AVGO
2005-08-24,,,,,,,AVGO
2005-08-25,,,,,,,AVGO
2005-08-26,,,,,,,AVGO
2005-08-29,,,,,,,AVGO
2005-08-30,,,,,,,AVGO
2005-08-31,,,,,,,AVGO
2005-09-01,,,,,,,AVGO
2005-09-02,,,,,,,AVGO
2005-09-06,,,,,,,AVGO
2005-09-07,,,,,,,AVGO
2005-09-08,,,,,,,AVGO
2005-09-09,,,,,,,AVGO
2005-09-12,,,,,,,AVGO
2005-09-13,,,,,,,AVGO
2005-09-14,,,,,,,AVGO
2005-09-15,,,,,,,AVGO
2005-09-16,,,,,,,AVGO
2005-09-19,,,,,,,AVGO
2005-09-20,,,,,,,AVGO
2005-09-21,,,,,,,AVGO
2005-09-22,,,,,,,AVGO
2005-09-23,,,,,,,AVGO
2005-09-26,,,,,,,AVGO
2005-09-27,,,,,,,AVGO
2005-09-28,,,,,,,AVGO
2005-09-29,,,,,,,AVGO
2005-09-30,,,,,,,AVGO
2005-10-03,,,,,,,AVGO
2005-10-04,,,,,,,AVGO
2005-10-05,,,,,,,AVGO
2005-10-06,,,,,,,AVGO
2005-10-07,,,,,,,AVGO
2005-10-10,,,,,,,AVGO
2005-10-11,,,,,,,AVGO
2005-10-12,,,,,,,AVGO
2005-10-13,,,,,,,AVGO
2005-10-14,,,,,,,AVGO
2005-10-17,,,,,,,AVGO
2005-10-18,,,,,,,AVGO
2005-10-19,,,,,,,AVGO
2005-10-20,,,,,,,AVGO
2005-10-21,,,,,,,AVGO
2005-10-24,,,,,,,AVGO
2005-10-25,,,,,,,AVGO
2005-10-26,,,,,,,AVGO
2005-10-27,,,,,,,AVGO
2005-10-28,,,,,,,AVGO
2005-10-31,,,,,,,AVGO
2005-11-01,,,,,,,AVGO
2005-11-02,,,,,,,AVGO
2005-11-03,,,,,,,AVGO
2005-11-04,,,,,,,AVGO
2005-11-07,,,,,,,AVGO
2005-11-08,,,,,,,AVGO
2005-11-09,,,,,,,AVGO
2005-11-10,,,,,,,AVGO
2005-11-11,,,,,,,AVGO
2005-11-14,,,,,,,AVGO
2005-11-15,,,,,,,AVGO
2005-11-16,,,,,,,AVGO
2005-11-17,,,,,,,AVGO
2005-11-18,,,,,,,AVGO
2005-11-21,,,,,,,AVGO
2005-11-22,,,,,,,AVGO
2005-11-23,,,,,,,AVGO
2005-11-25,,,,,,,AVGO
2005-11-28,,,,,,,AVGO
2005-11-29,,,,,,,AVGO
2005-11-30,,,,,,,AVGO
2005-12-01,,,,,,,AVGO
2005-12-02,,,,,,,AVGO
2005-12-05,,,,,,,AVGO
2005-12-06,,,,,,,AVGO
2005-12-07,,,,,,,AVGO
2005-12-08,,,,,,,AVGO
2005-12-09,,,,,,,AVGO
2005-12-12,,,,,,,AVGO
2005-12-13,,,,,,,AVGO
2005-12-14,,,,,,,AVGO
2005-12-15,,,,,,,AVGO
2005-12-16,,,,,,,AVGO
2005-12-19,,,,,,,AVGO
2005-12-20,,,,,,,AVGO
2005-12-21,,,,,,,AVGO
2005-12-22,,,,,,,AVGO
2005-12-23,,,,,,,AVGO
2005-12-27,,,,,,,AVGO
2005-12-28,,,,,,,AVGO
2005-12-29,,,,,,,AVGO
2005-12-30,,,,,,,AVGO
2006-01-03,,,,,,,AVGO
2006-01-04,,,,,,,AVGO
2006-01-05,,,,,,,AVGO
2006-01-06,,,,,,,AVGO
2006-01-09,,,,,,,AVGO
2006-01-10,,,,,,,AVGO
2006-01-11,,,,,,,AVGO
2006-01-12,,,,,,,AVGO
2006-01-13,,,,,,,AVGO
2006-01-17,,,,,,,AVGO
2006-01-18,,,,,,,AVGO
2006-01-19,,,,,,,AVGO
2006-01-20,,,,,,,AVGO
2006-01-23,,,,,,,AVGO
2006-01-24,,,,,,,AVGO
2006-01-25,,,,,,,AVGO
2006-01-26,,,,,,,AVGO
2006-01-27,,,,,,,AVGO
2006-01-30,,,,,,,AVGO
2006-01-31,,,,,,,AVGO
2006-02-01,,,,,,,AVGO
2006-02-02,,,,,,,AVGO
2006-02-03,,,,,,,AVGO
2006-02-06,,,,,,,AVGO
2006-02-07,,,,,,,AVGO
2006-02-08,,,,,,,AVGO
2006-02-09,,,,,,,AVGO
2006-02-10,,,,,,,AVGO
2006-02-13,,,,,,,AVGO
2006-02-14,,,,,,,AVGO
2006-02-15,,,,,,,AVGO
2006-02-16,,,,,,,AVGO
2006-02-17,,,,,,,AVGO
2006-02-21,,,,,,,AVGO
2006-02-22,,,,,,,AVGO
2006-02-23,,,,,,,AVGO
2006-02-24,,,,,,,AVGO
2006-02-27,,,,,,,AVGO
2006-02-28,,,,,,,AVGO
2006-03-01,,,,,,,AVGO
2006-03-02,,,,,,,AVGO
2006-03-03,,,,,,,AVGO
2006-03-06,,,,,,,AVGO
2006-03-07,,,,,,,AVGO
2006-03-08,,,,,,,AVGO
2006-03-09,,,,,,,AVGO
2006-03-10,,,,,,,AVGO
2006-03-13,,,,,,,AVGO
2006-03-14,,,,,,,AVGO
2006-03-15,,,,,,,AVGO
2006-03-16,,,,,,,AVGO
2006-03-17,,,,,,,AVGO
2006-03-20,,,,,,,AVGO
2006-03-21,,,,,,,AVGO
2006-03-22,,,,,,,AVGO
2006-03-23,,,,,,,AVGO
2006-03-24,,,,,,,AVGO
2006-03-27,,,,,,,AVGO
2006-03-28,,,,,,,AVGO
2006-03-29,,,,,,,AVGO
2006-03-30,,,,,,,AVGO
2006-03-31,,,,,,,AVGO
2006-04-03,,,,,,,AVGO
2006-04-04,,,,,,,AVGO
2006-04-05,,,,,,,AVGO
2006-04-06,,,,,,,AVGO
2006-04-07,,,,,,,AVGO
2006-04-10,,,,,,,AVGO
2006-04-11,,,,,,,AVGO
2006-04-12,,,,,,,AVGO
2006-04-13,,,,,,,AVGO
2006-04-17,,,,,,,AVGO
2006-04-18,,,,,,,AVGO
2006-04-19,,,,,,,AVGO
2006-04-20,,,,,,,AVGO
2006-04-21,,,,,,,AVGO
2006-04-24,,,,,,,AVGO
2006-04-25,,,,,,,AVGO
2006-04-26,,,,,,,AVGO
2006-04-27,,,,,,,AVGO
2006-04-28,,,,,,,AVGO
2006-05-01,,,,,,,AVGO
2006-05-02,,,,,,,AVGO
2006-05-03,,,,,,,AVGO
2006-05-04,,,,,,,AVGO
2006-05-05,,,,,,,AVGO
2006-05-08,,,,,,,AVGO
2006-05-09,,,,,,,AVGO
2006-05-10,,,,,,,AVGO
2006-05-11,,,,,,,AVGO
2006-05-12,,,,,,,AVGO
2006-05-15,,,,,,,AVGO
2006-05-16,,,,,,,AVGO
2006-05-17,,,,,,,AVGO
2006-05-18,,,,,,,AVGO
2006-05-19,,,,,,,AVGO
2006-05-22,,,,,,,AVGO
2006-05-23,,,,,,,AVGO
2006-05-24,,,,,,,AVGO
2006-05-25,,,,,,,AVGO
2006-05-26,,,,,,,AVGO
2006-05-30,,,,,,,AVGO
2006-05-31,,,,,,,AVGO
2006-06-01,,,,,,,AVGO
2006-06-02,,,,,,,AVGO
2006-06-05,,,,,,,AVGO
2006-06-06,,,,,,,AVGO
2006-06-07,,,,,,,AVGO
2006-06-08,,,,,,,AVGO
2006-06-09,,,,,,,AVGO
2006-06-12,,,,,,,AVGO
2006-06-13,,,,,,,AVGO
2006-06-14,,,,,,,AVGO
2006-06-15,,,,,,,AVGO
2006-06-16,,,,,,,AVGO
2006-06-19,,,,,,,AVGO
2006-06-20,,,,,,,AVGO
2006-06-21,,,,,,,AVGO
2006-06-22,,,,,,,AVGO
2006-06-23,,,,,,,AVGO
2006-06-26,,,,,,,AVGO
2006-06-27,,,,,,,AVGO
2006-06-28,,,,,,,AVGO
2006-06-29,,,,,,,AVGO
2006-06-30,,,,,,,AVGO
2006-07-03,,,,,,,AVGO
2006-07-05,,,,,,,AVGO
2006-07-06,,,,,,,AVGO
2006-07-07,,,,,,,AVGO
2006-07-10,,,,,,,AVGO
2006-07-11,,,,,,,AVGO
2006-07-12,,,,,,,AVGO
2006-07-13,,,,,,,AVGO
2006-07-14,,,,,,,AVGO
2006-07-17,,,,,,,AVGO
2006-07-18,,,,,,,AVGO
2006-07-19,,,,,,,AVGO
2006-07-20,,,,,,,AVGO
2006-07-21,,,,,,,AVGO
2006-07-24,,,,,,,AVGO
2006-07-25,,,,,,,AVGO
2006-07-26,,,,,,,AVGO
2006-07-27,,,,,,,AVGO
2006-07-28,,,,,,,AVGO
2006-07-31,,,,,,,AVGO
2006-08-01,,,,,,,AVGO
2006-08-02,,,,,,,AVGO
2006-08-03,,,,,,,AVGO
2006-08-04,,,,,,,AVGO
2006-08-07,,,,,,,AVGO
2006-08-08,,,,,,,AVGO
2006-08-09,,,,,,,AVGO
2006-08-10,,,,,,,AVGO
2006-08-11,,,,,,,AVGO
2006-08-14,,,,,,,AVGO
2006-08-15,,,,,,,AVGO
2006-08-16,,,,,,,AVGO
2006-08-17,,,,,,,AVGO
2006-08-18,,,,,,,AVGO
2006-08-21,,,,,,,AVGO
2006-08-22,,,,,,,AVGO
2006-08-23,,,,,,,AVGO
2006-08-24,,,,,,,AVGO
2006-08-25,,,,,,,AVGO
2006-08-28,,,,,,,AVGO
2006-08-29,,,,,,,AVGO
2006-08-30,,,,,,,AVGO
2006-08-31,,,,,,,AVGO
2006-09-01,,,,,,,AVGO
2006-09-05,,,,,,,AVGO
2006-09-06,,,,,,,AVGO
2006-09-07,,,,,,,AVGO
2006-09-08,,,,,,,AVGO
2006-09-11,,,,,,,AVGO
2006-09-12,,,,,,,AVGO
2006-09-13,,,,,,,AVGO
2006-09-14,,,,,,,AVGO
2006-09-15,,,,,,,AVGO
2006-09-18,,,,,,,AVGO
2006-09-19,,,,,,,AVGO
2006-09-20,,,,,,,AVGO
2006-09-21,,,,,,,AVGO
2006-09-22,,,,,,,AVGO
2006-09-25,,,,,,,AVGO
2006-09-26,,,,,,,AVGO
2006-09-27,,,,,,,AVGO
2006-09-28,,,,,,,AVGO
2006-09-29,,,,,,,AVGO
2006-10-02,,,,,,,AVGO
2006-10-03,,,,,,,AVGO
2006-10-04,,,,,,,AVGO
2006-10-05,,,,,,,AVGO
2006-10-06,,,,,,,AVGO
2006-10-09,,,,,,,AVGO
2006-10-10,,,,,,,AVGO
2006-10-11,,,,,,,AVGO
2006-10-12,,,,,,,AVGO
2006-10-13,,,,,,,AVGO
2006-10-16,,,,,,,AVGO
2006-10-17,,,,,,,AVGO
2006-10-18,,,,,,,AVGO
2006-10-19,,,,,,,AVGO
2006-10-20,,,,,,,AVGO
2006-10-23,,,,,,,AVGO
2006-10-24,,,,,,,AVGO
2006-10-25,,,,,,,AVGO
2006-10-26,,,,,,,AVGO
2006-10-27,,,,,,,AVGO
2006-10-30,,,,,,,AVGO
2006-10-31,,,,,,,AVGO
2006-11-01,,,,,,,AVGO
2006-11-02,,,,,,,AVGO
2006-11-03,,,,,,,AVGO
2006-11-06,,,,,,,AVGO
2006-11-07,,,,,,,AVGO
2006-11-08,,,,,,,AVGO
2006-11-09,,,,,,,AVGO
2006-11-10,,,,,,,AVGO
2006-11-13,,,,,,,AVGO
2006-11-14,,,,,,,AVGO
2006-11-15,,,,,,,AVGO
2006-11-16,,,,,,,AVGO
2006-11-17,,,,,,,AVGO
2006-11-20,,,,,,,AVGO
2006-11-21,,,,,,,AVGO
2006-11-22,,,,,,,AVGO
2006-11-24,,,,,,,AVGO
2006-11-27,,,,,,,AVGO
2006-11-28,,,,,,,AVGO
2006-11-29,,,,,,,AVGO
2006-11-30,,,,,,,AVGO
2006-12-01,,,,,,,AVGO
2006-12-04,,,,,,,AVGO
2006-12-05,,,,,,,AVGO
2006-12-06,,,,,,,AVGO
2006-12-07,,,,,,,AVGO
2006-12-08,,,,,,,AVGO
2006-12-11,,,,,,,AVGO
2006-12-12,,,,,,,AVGO
2006-12-13,,,,,,,AVGO
2006-12-14,,,,,,,AVGO
2006-12-15,,,,,,,AVGO
2006-12-18,,,,,,,AVGO
2006-12-19,,,,,,,AVGO
2006-12-20,,,,,,,AVGO
2006-12-21,,,,,,,AVGO
2006-12-22,,,,,,,AVGO
2006-12-26,,,,,,,AVGO
2006-12-27,,,,,,,AVGO
2006-12-28,,,,,,,AVGO
2006-12-29,,,,,,,AVGO
2007-01-03,,,,,,,AVGO
2007-01-04,,,,,,,AVGO
2007-01-05,,,,,,,AVGO
2007-01-08,,,,,,,AVGO
2007-01-09,,,,,,,AVGO
2007-01-10,,,,,,,AVGO
2007-01-11,,,,,,,AVGO
2007-01-12,,,,,,,AVGO
2007-01-16,,,,,,,AVGO
2007-01-17,,,,,,,AVGO
2007-01-18,,,,,,,AVGO
2007-01-19,,,,,,,AVGO
2007-01-22,,,,,,,AVGO
2007-01-23,,,,,,,AVGO
2007-01-24,,,,,,,AVGO
2007-01-25,,,,,,,AVGO
2007-01-26,,,,,,,AVGO
2007-01-29,,,,,,,AVGO
2007-01-30,,,,,,,AVGO
2007-01-31,,,,,,,AVGO
2007-02-01,,,,,,,AVGO
2007-02-02,,,,,,,AVGO
2007-02-05,,,,,,,AVGO
2007-02-06,,,,,,,AVGO
2007-02-07,,,,,,,AVGO
2007-02-08,,,,,,,AVGO
2007-02-09,,,,,,,AVGO
2007-02-12,,,,,,,AVGO
2007-02-13,,,,,,,AVGO
2007-02-14,,,,,,,AVGO
2007-02-15,,,,,,,AVGO
2007-02-16,,,,,,,AVGO
2007-02-20,,,,,,,AVGO
2007-02-21,,,,,,,AVGO
2007-02-22,,,,,,,AVGO
2007-02-23,,,,,,,AVGO
2007-02-26,,,,,,,AVGO
2007-02-27,,,,,,,AVGO
2007-02-28,,,,,,,AVGO
2007-03-01,,,,,,,AVGO
2007-03-02,,,,,,,AVGO
2007-03-05,,,,,,,AVGO
2007-03-06,,,,,,,AVGO
2007-03-07,,,,,,,AVGO
2007-03-08,,,,,,,AVGO
2007-03-09,,,,,,,AVGO
2007-03-12,,,,,,,AVGO
2007-03-13,,,,,,,AVGO
2007-03-14,,,,,,,AVGO
2007-03-15,,,,,,,AVGO
2007-03-16,,,,,,,AVGO
2007-03-19,,,,,,,AVGO
2007-03-20,,,,,,,AVGO
2007-03-21,,,,,,,AVGO
2007-03-22,,,,,,,AVGO
2007-03-23,,,,,,,AVGO
2007-03-26,,,,,,,AVGO
2007-03-27,,,,,,,AVGO
2007-03-28,,,,,,,AVGO
2007-03-29,,,,,,,AVGO
2007-03-30,,,,,,,AVGO
2007-04-02,,,,,,,AVGO
2007-04-03,,,,,,,AVGO
2007-04-04,,,,,,,AVGO
2007-04-05,,,,,,,AVGO
2007-04-09,,,,,,,AVGO
2007-04-10,,,,,,,AVGO
2007-04-11,,,,,,,AVGO
2007-04-12,,,,,,,AVGO
2007-04-13,,,,,,,AVGO
2007-04-16,,,,,,,AVGO
2007-04-17,,,,,,,AVGO
2007-04-18,,,,,,,AVGO
2007-04-19,,,,,,,AVGO
2007-04-20,,,,,,,AVGO
2007-04-23,,,,,,,AVGO
2007-04-24,,,,,,,AVGO
2007-04-25,,,,,,,AVGO
2007-04-26,,,,,,,AVGO
2007-04-27,,,,,,,AVGO
2007-04-30,,,,,,,AVGO
2007-05-01,,,,,,,AVGO
2007-05-02,,,,,,,AVGO
2007-05-03,,,,,,,AVGO
2007-05-04,,,,,,,AVGO
2007-05-07,,,,,,,AVGO
2007-05-08,,,,,,,AVGO
2007-05-09,,,,,,,AVGO
2007-05-10,,,,,,,AVGO
2007-05-11,,,,,,,AVGO
2007-05-14,,,,,,,AVGO
2007-05-15,,,,,,,AVGO
2007-05-16,,,,,,,AVGO
2007-05-17,,,,,,,AVGO
2007-05-18,,,,,,,AVGO
2007-05-21,,,,,,,AVGO
2007-05-22,,,,,,,AVGO
2007-05-23,,,,,,,AVGO
2007-05-24,,,,,,,AVGO
2007-05-25,,,,,,,AVGO
2007-05-29,,,,,,,AVGO
2007-05-30,,,,,,,AVGO
2007-05-31,,,,,,,AVGO
2007-06-01,,,,,,,AVGO
2007-06-04,,,,,,,AVGO
2007-06-05,,,,,,,AVGO
2007-06-06,,,,,,,AVGO
2007-06-07,,,,,,,AVGO
2007-06-08,,,,,,,AVGO
2007-06-11,,,,,,,AVGO
2007-06-12,,,,,,,AVGO
2007-06-13,,,,,,,AVGO
2007-06-14,,,,,,,AVGO
2007-06-15,,,,,,,AVGO
2007-06-18,,,,,,,AVGO
2007-06-19,,,,,,,AVGO
2007-06-20,,,,,,,AVGO
2007-06-21,,,,,,,AVGO
2007-06-22,,,,,,,AVGO
2007-06-25,,,,,,,AVGO
2007-06-26,,,,,,,AVGO
2007-06-27,,,,,,,AVGO
2007-06-28,,,,,,,AVGO
2007-06-29,,,,,,,AVGO
2007-07-02,,,,,,,AVGO
2007-07-03,,,,,,,AVGO
2007-07-05,,,,,,,AVGO
2007-07-06,,,,,,,AVGO
2007-07-09,,,,,,,AVGO
2007-07-10,,,,,,,AVGO
2007-07-11,,,,,,,AVGO
2007-07-12,,,,,,,AVGO
2007-07-13,,,,,,,AVGO
2007-07-16,,,,,,,AVGO
2007-07-17,,,,,,,AVGO
2007-07-18,,,,,,,AVGO
2007-07-19,,,,,,,AVGO
2007-07-20,,,,,,,AVGO
2007-07-23,,,,,,,AVGO
2007-07-24,,,,,,,AVGO
2007-07-25,,,,,,,AVGO
2007-07-26,,,,,,,AVGO
2007-07-27,,,,,,,AVGO
2007-07-30,,,,,,,AVGO
2007-07-31,,,,,,,AVGO
2007-08-01,,,,,,,AVGO
2007-08-02,,,,,,,AVGO
2007-08-03,,,,,,,AVGO
2007-08-06,,,,,,,AVGO
2007-08-07,,,,,,,AVGO
2007-08-08,,,,,,,AVGO
2007-08-09,,,,,,,AVGO
2007-08-10,,,,,,,AVGO
2007-08-13,,,,,,,AVGO
2007-08-14,,,,,,,AVGO
2007-08-15,,,,,,,AVGO
2007-08-16,,,,,,,AVGO
2007-08-17,,,,,,,AVGO
2007-08-20,,,,,,,AVGO
2007-08-21,,,,,,,AVGO
2007-08-22,,,,,,,AVGO
2007-08-23,,,,,,,AVGO
2007-08-24,,,,,,,AVGO
2007-08-27,,,,,,,AVGO
2007-08-28,,,,,,,AVGO
2007-08-29,,,,,,,AVGO
2007-08-30,,,,,,,AVGO
2007-08-31,,,,,,,AVGO
2007-09-04,,,,,,,AVGO
2007-09-05,,,,,,,AVGO
2007-09-06,,,,,,,AVGO
2007-09-07,,,,,,,AVGO
2007-09-10,,,,,,,AVGO
2007-09-11,,,,,,,AVGO
2007-09-12,,,,,,,AVGO
2007-09-13,,,,,,,AVGO
2007-09-14,,,,,,,AVGO
2007-09-17,,,,,,,AVGO
2007-09-18,,,,,,,AVGO
2007-09-19,,,,,,,AVGO
2007-09-20,,,,,,,AVGO
2007-09-21,,,,,,,AVGO
2007-09-24,,,,,,,AVGO
2007-09-25,,,,,,,AVGO
2007-09-26,,,,,,,AVGO
2007-09-27,,,,,,,AVGO
2007-09-28,,,,,,,AVGO
2007-10-01,,,,,,,AVGO
2007-10-02,,,,,,,AVGO
2007-10-03,,,,,,,AVGO
2007-10-04,,,,,,,AVGO
2007-10-05,,,,,,,AVGO
2007-10-08,,,,,,,AVGO
2007-10-09,,,,,,,AVGO
2007-10-10,,,,,,,AVGO
2007-10-11,,,,,,,AVGO
2007-10-12,,,,,,,AVGO
2007-10-15,,,,,,,AVGO
2007-10-16,,,,,,,AVGO
2007-10-17,,,,,,,AVGO
2007-10-18,,,,,,,AVGO
2007-10-19,,,,,,,AVGO
2007-10-22,,,,,,,AVGO
2007-10-23,,,,,,,AVGO
2007-10-24,,,,,,,AVGO
2007-10-25,,,,,,,AVGO
2007-10-26,,,,,,,AVGO
2007-10-29,,,,,,,AVGO
2007-10-30,,,,,,,AVGO
2007-10-31,,,,,,,AVGO
2007-11-01,,,,,,,AVGO
2007-11-02,,,,,,,AVGO
2007-11-05,,,,,,,AVGO
2007-11-06,,,,,,,AVGO
2007-11-07,,,,,,,AVGO
2007-11-08,,,,,,,AVGO
2007-11-09,,,,,,,AVGO
2007-11-12,,,,,,,AVGO
2007-11-13,,,,,,,AVGO
2007-11-14,,,,,,,AVGO
2007-11-15,,,,,,,AVGO
2007-11-16,,,,,,,AVGO
2007-11-19,,,,,,,AVGO
2007-11-20,,,,,,,AVGO
2007-11-21,,,,,,,AVGO
2007-11-23,,,,,,,AVGO
2007-11-26,,,,,,,AVGO
2007-11-27,,,,,,,AVGO
2007-11-28,,,,,,,AVGO
2007-11-29,,,,,,,AVGO
2007-11-30,,,,,,,AVGO
2007-12-03,,,,,,,AVGO
2007-12-04,,,,,,,AVGO
2007-12-05,,,,,,,AVGO
2007-12-06,,,,,,,AVGO
2007-12-07,,,,,,,AVGO
2007-12-10,,,,,,,AVGO
2007-12-11,,,,,,,AVGO
2007-12-12,,,,,,,AVGO
2007-12-13,,,,,,,AVGO
2007-12-14,,,,,,,AVGO
2007-12-17,,,,,,,AVGO
2007-12-18,,,,,,,AVGO
2007-12-19,,,,,,,AVGO
2007-12-20,,,,,,,AVGO
2007-12-21,,,,,,,AVGO
2007-12-24,,,,,,,AVGO
2007-12-26,,,,,,,AVGO
2007-12-27,,,,,,,AVGO
2007-12-28,,,,,,,AVGO
2007-12-31,,,,,,,AVGO
2008-01-02,,,,,,,AVGO
2008-01-03,,,,,,,AVGO
2008-01-04,,,,,,,AVGO
2008-01-07,,,,,,,AVGO
2008-01-08,,,,,,,AVGO
2008-01-09,,,,,,,AVGO
2008-01-10,,,,,,,AVGO
2008-01-11,,,,,,,AVGO
2008-01-14,,,,,,,AVGO
2008-01-15,,,,,,,AVGO
2008-01-16,,,,,,,AVGO
2008-01-17,,,,,,,AVGO
2008-01-18,,,,,,,AVGO
2008-01-22,,,,,,,AVGO
2008-01-23,,,,,,,AVGO
2008-01-24,,,,,,,AVGO
2008-01-25,,,,,,,AVGO
2008-01-28,,,,,,,AVGO
2008-01-29,,,,,,,AVGO
2008-01-30,,,,,,,AVGO
2008-01-31,,,,,,,AVGO
2008-02-01,,,,,,,AVGO
2008-02-04,,,,,,,AVGO
2008-02-05,,,,,,,AVGO
2008-02-06,,,,,,,AVGO
2008-02-07,,,,,,,AVGO
2008-02-08,,,,,,,AVGO
2008-02-11,,,,,,,AVGO
2008-02-12,,,,,,,AVGO
2008-02-13,,,,,,,AVGO
2008-02-14,,,,,,,AVGO
2008-02-15,,,,,,,AVGO
2008-02-19,,,,,,,AVGO
2008-02-20,,,,,,,AVGO
2008-02-21,,,,,,,AVGO
2008-02-22,,,,,,,AVGO
2008-02-25,,,,,,,AVGO
2008-02-26,,,,,,,AVGO
2008-02-27,,,,,,,AVGO
2008-02-28,,,,,,,AVGO
2008-02-29,,,,,,,AVGO
2008-03-03,,,,,,,AVGO
2008-03-04,,,,,,,AVGO
2008-03-05,,,,,,,AVGO
2008-03-06,,,,,,,AVGO
2008-03-07,,,,,,,AVGO
2008-03-10,,,,,,,AVGO
2008-03-11,,,,,,,AVGO
2008-03-12,,,,,,,AVGO
2008-03-13,,,,,,,AVGO
2008-03-14,,,,,,,AVGO
2008-03-17,,,,,,,AVGO
2008-03-18,,,,,,,AVGO
2008-03-19,,,,,,,AVGO
2008-03-20,,,,,,,AVGO
2008-03-24,,,,,,,AVGO
2008-03-25,,,,,,,AVGO
2008-03-26,,,,,,,AVGO
2008-03-27,,,,,,,AVGO
2008-03-28,,,,,,,AVGO
2008-03-31,,,,,,,AVGO
2008-04-01,,,,,,,AVGO
2008-04-02,,,,,,,AVGO
2008-04-03,,,,,,,AVGO
2008-04-04,,,,,,,AVGO
2008-04-07,,,,,,,AVGO
2008-04-08,,,,,,,AVGO
2008-04-09,,,,,,,AVGO
2008-04-10,,,,,,,AVGO
2008-04-11,,,,,,,AVGO
2008-04-14,,,,,,,AVGO
2008-04-15,,,,,,,AVGO
2008-04-16,,,,,,,AVGO
2008-04-17,,,,,,,AVGO
2008-04-18,,,,,,,AVGO
2008-04-21,,,,,,,AVGO
2008-04-22,,,,,,,AVGO
2008-04-23,,,,,,,AVGO
2008-04-24,,,,,,,AVGO
2008-04-25,,,,,,,AVGO
2008-04-28,,,,,,,AVGO
2008-04-29,,,,,,,AVGO
2008-04-30,,,,,,,AVGO
2008-05-01,,,,,,,AVGO
2008-05-02,,,,,,,AVGO
2008-05-05,,,,,,,AVGO
2008-05-06,,,,,,,AVGO
2008-05-07,,,,,,,AVGO
2008-05-08,,,,,,,AVGO
2008-05-09,,,,,,,AVGO
2008-05-12,,,,,,,AVGO
2008-05-13,,,,,,,AVGO
2008-05-14,,,,,,,AVGO
2008-05-15,,,,,,,AVGO
2008-05-16,,,,,,,AVGO
2008-05-19,,,,,,,AVGO
2008-05-20,,,,,,,AVGO
2008-05-21,,,,,,,AVGO
2008-05-22,,,,,,,AVGO
2008-05-23,,,,,,,AVGO
2008-05-27,,,,,,,AVGO
2008-05-28,,,,,,,AVGO
2008-05-29,,,,,,,AVGO
2008-05-30,,,,,,,AVGO
2008-06-02,,,,,,,AVGO
2008-06-03,,,,,,,AVGO
2008-06-04,,,,,,,AVGO
2008-06-05,,,,,,,AVGO
2008-06-06,,,,,,,AVGO
2008-06-09,,,,,,,AVGO
2008-06-10,,,,,,,AVGO
2008-06-11,,,,,,,AVGO
2008-06-12,,,,,,,AVGO
2008-06-13,,,,,,,AVGO
2008-06-16,,,,,,,AVGO
2008-06-17,,,,,,,AVGO
2008-06-18,,,,,,,AVGO
2008-06-19,,,,,,,AVGO
2008-06-20,,,,,,,AVGO
2008-06-23,,,,,,,AVGO
2008-06-24,,,,,,,AVGO
2008-06-25,,,,,,,AVGO
2008-06-26,,,,,,,AVGO
2008-06-27,,,,,,,AVGO
2008-06-30,,,,,,,AVGO
2008-07-01,,,,,,,AVGO
2008-07-02,,,,,,,AVGO
2008-07-03,,,,,,,AVGO
2008-07-07,,,,,,,AVGO
2008-07-08,,,,,,,AVGO
2008-07-09,,,,,,,AVGO
2008-07-10,,,,,,,AVGO
2008-07-11,,,,,,,AVGO
2008-07-14,,,,,,,AVGO
2008-07-15,,,,,,,AVGO
2008-07-16,,,,,,,AVGO
2008-07-17,,,,,,,AVGO
2008-07-18,,,,,,,AVGO
2008-07-21,,,,,,,AVGO
2008-07-22,,,,,,,AVGO
2008-07-23,,,,,,,AVGO
2008-07-24,,,,,,,AVGO
2008-07-25,,,,,,,AVGO
2008-07-28,,,,,,,AVGO
2008-07-29,,,,,,,AVGO
2008-07-30,,,,,,,AVGO
2008-07-31,,,,,,,AVGO
2008-08-01,,,,,,,AVGO
2008-08-04,,,,,,,AVGO
2008-08-05,,,,,,,AVGO
2008-08-06,,,,,,,AVGO
2008-08-07,,,,,,,AVGO
2008-08-08,,,,,,,AVGO
2008-08-11,,,,,,,AVGO
2008-08-12,,,,,,,AVGO
2008-08-13,,,,,,,AVGO
2008-08-14,,,,,,,AVGO
2008-08-15,,,,,,,AVGO
2008-08-18,,,,,,,AVGO
2008-08-19,,,,,,,AVGO
2008-08-20,,,,,,,AVGO
2008-08-21,,,,,,,AVGO
2008-08-22,,,,,,,AVGO
2008-08-25,,,,,,,AVGO
2008-08-26,,,,,,,AVGO
2008-08-27,,,,,,,AVGO
2008-08-28,,,,,,,AVGO
2008-08-29,,,,,,,AVGO
2008-09-02,,,,,,,AVGO
2008-09-03,,,,,,,AVGO
2008-09-04,,,,,,,AVGO
2008-09-05,,,,,,,AVGO
2008-09-08,,,,,,,AVGO
2008-09-09,,,,,,,AVGO
2008-09-10,,,,,,,AVGO
2008-09-11,,,,,,,AVGO
2008-09-12,,,,,,,AVGO
2008-09-15,,,,,,,AVGO
2008-09-16,,,,,,,AVGO
2008-09-17,,,,,,,AVGO
2008-09-18,,,,,,,AVGO
2008-09-19,,,,,,,AVGO
2008-09-22,,,,,,,AVGO
2008-09-23,,,,,,,AVGO
2008-09-24,,,,,,,AVGO
2008-09-25,,,,,,,AVGO
2008-09-26,,,,,,,AVGO
2008-09-29,,,,,,,AVGO
2008-09-30,,,,,,,AVGO
2008-10-01,,,,,,,AVGO
2008-10-02,,,,,,,AVGO
2008-10-03,,,,,,,AVGO
2008-10-06,,,,,,,AVGO
2008-10-07,,,,,,,AVGO
2008-10-08,,,,,,,AVGO
2008-10-09,,,,,,,AVGO
2008-10-10,,,,,,,AVGO
2008-10-13,,,,,,,AVGO
2008-10-14,,,,,,,AVGO
2008-10-15,,,,,,,AVGO
2008-10-16,,,,,,,AVGO
2008-10-17,,,,,,,AVGO
2008-10-20,,,,,,,AVGO
2008-10-21,,,,,,,AVGO
2008-10-22,,,,,,,AVGO
2008-10-23,,,,,,,AVGO
2008-10-24,,,,,,,AVGO
2008-10-27,,,,,,,AVGO
2008-10-28,,,,,,,AVGO
2008-10-29,,,,,,,AVGO
2008-10-30,,,,,,,AVGO
2008-10-31,,,,,,,AVGO
2008-11-03,,,,,,,AVGO
2008-11-04,,,,,,,AVGO
2008-11-05,,,,,,,AVGO
2008-11-06,,,,,,,AVGO
2008-11-07,,,,,,,AVGO
2008-11-10,,,,,,,AVGO
2008-11-11,,,,,,,AVGO
2008-11-12,,,,,,,AVGO
2008-11-13,,,,,,,AVGO
2008-11-14,,,,,,,AVGO
2008-11-17,,,,,,,AVGO
2008-11-18,,,,,,,AVGO
2008-11-19,,,,,,,AVGO
2008-11-20,,,,,,,AVGO
2008-11-21,,,,,,,AVGO
2008-11-24,,,,,,,AVGO
2008-11-25,,,,,,,AVGO
2008-11-26,,,,,,,AVGO
2008-11-28,,,,,,,AVGO
2008-12-01,,,,,,,AVGO
2008-12-02,,,,,,,AVGO
2008-12-03,,,,,,,AVGO
2008-12-04,,,,,,,AVGO
2008-12-05,,,,,,,AVGO
2008-12-08,,,,,,,AVGO
2008-12-09,,,,,,,AVGO
2008-12-10,,,,,,,AVGO
2008-12-11,,,,,,,AVGO
2008-12-12,,,,,,,AVGO
2008-12-15,,,,,,,AVGO
2008-12-16,,,,,,,AVGO
2008-12-17,,,,,,,AVGO
2008-12-18,,,,,,,AVGO
2008-12-19,,,,,,,AVGO
2008-12-22,,,,,,,AVGO
2008-12-23,,,,,,,AVGO
2008-12-24,,,,,,,AVGO
2008-12-26,,,,,,,AVGO
2008-12-29,,,,,,,AVGO
2008-12-30,,,,,,,AVGO
2008-12-31,,,,,,,AVGO
2009-01-02,,,,,,,AVGO
2009-01-05,,,,,,,AVGO
2009-01-06,,,,,,,AVGO
2009-01-07,,,,,,,AVGO
2009-01-08,,,,,,,AVGO
2009-01-09,,,,,,,AVGO
2009-01-12,,,,,,,AVGO
2009-01-13,,,,,,,AVGO
2009-01-14,,,,,,,AVGO
2009-01-15,,,,,,,AVGO
2009-01-16,,,,,,,AVGO
2009-01-20,,,,,,,AVGO
2009-01-21,,,,,,,AVGO
2009-01-22,,,,,,,AVGO
2009-01-23,,,,,,,AVGO
2009-01-26,,,,,,,AVGO
2009-01-27,,,,,,,AVGO
2009-01-28,,,,,,,AVGO
2009-01-29,,,,,,,AVGO
2009-01-30,,,,,,,AVGO
2009-02-02,,,,,,,AVGO
2009-02-03,,,,,,,AVGO
2009-02-04,,,,,,,AVGO
2009-02-05,,,,,,,AVGO
2009-02-06,,,,,,,AVGO
2009-02-09,,,,,,,AVGO
2009-02-10,,,,,,,AVGO
2009-02-11,,,,,,,AVGO
2009-02-12,,,,,,,AVGO
2009-02-13,,,,,,,AVGO
2009-02-17,,,,,,,AVGO
2009-02-18,,,,,,,AVGO
2009-02-19,,,,,,,AVGO
2009-02-20,,,,,,,AVGO
2009-02-23,,,,,,,AVGO
2009-02-24,,,,,,,AVGO
2009-02-25,,,,,,,AVGO
2009-02-26,,,,,,,AVGO
2009-02-27,,,,,,,AVGO
2009-03-02,,,,,,,AVGO
2009-03-03,,,,,,,AVGO
2009-03-04,,,,,,,AVGO
2009-03-05,,,,,,,AVGO
2009-03-06,,,,,,,AVGO
2009-03-09,,,,,,,AVGO
2009-03-10,,,,,,,AVGO
2009-03-11,,,,,,,AVGO
2009-03-12,,,,,,,AVGO
2009-03-13,,,,,,,AVGO
2009-03-16,,,,,,,AVGO
2009-03-17,,,,,,,AVGO
2009-03-18,,,,,,,AVGO
2009-03-19,,,,,,,AVGO
2009-03-20,,,,,,,AVGO
2009-03-23,,,,,,,AVGO
2009-03-24,,,,,,,AVGO
2009-03-25,,,,,,,AVGO
2009-03-26,,,,,,,AVGO
2009-03-27,,,,,,,AVGO
2009-03-30,,,,,,,AVGO
2009-03-31,,,,,,,AVGO
2009-04-01,,,,,,,AVGO
2009-04-02,,,,,,,AVGO
2009-04-03,,,,,,,AVGO
2009-04-06,,,,,,,AVGO
2009-04-07,,,,,,,AVGO
2009-04-08,,,,,,,AVGO
2009-04-09,,,,,,,AVGO
2009-04-13,,,,,,,AVGO
2009-04-14,,,,,,,AVGO
2009-04-15,,,,,,,AVGO
2009-04-16,,,,,,,AVGO
2009-04-17,,,,,,,AVGO
2009-04-20,,,,,,,AVGO
2009-04-21,,,,,,,AVGO
2009-04-22,,,,,,,AVGO
2009-04-23,,,,,,,AVGO
2009-04-24,,,,,,,AVGO
2009-04-27,,,,,,,AVGO
2009-04-28,,,,,,,AVGO
2009-04-29,,,,,,,AVGO
2009-04-30,,,,,,,AVGO
2009-05-01,,,,,,,AVGO
2009-05-04,,,,,,,AVGO
2009-05-05,,,,,,,AVGO
2009-05-06,,,,,,,AVGO
2009-05-07,,,,,,,AVGO
2009-05-08,,,,,,,AVGO
2009-05-11,,,,,,,AVGO
2009-05-12,,,,,,,AVGO
2009-05-13,,,,,,,AVGO
2009-05-14,,,,,,,AVGO
2009-05-15,,,,,,,AVGO
2009-05-18,,,,,,,AVGO
2009-05-19,,,,,,,AVGO
2009-05-20,,,,,,,AVGO
2009-05-21,,,,,,,AVGO
2009-05-22,,,,,,,AVGO
2009-05-26,,,,,,,AVGO
2009-05-27,,,,,,,AVGO
2009-05-28,,,,,,,AVGO
2009-05-29,,,,,,,AVGO
2009-06-01,,,,,,,AVGO
2009-06-02,,,,,,,AVGO
2009-06-03,,,,,,,AVGO
2009-06-04,,,,,,,AVGO
2009-06-05,,,,,,,AVGO
2009-06-08,,,,,,,AVGO
2009-06-09,,,,,,,AVGO
2009-06-10,,,,,,,AVGO
2009-06-11,,,,,,,AVGO
2009-06-12,,,,,,,AVGO
2009-06-15,,,,,,,AVGO
2009-06-16,,,,,,,AVGO
2009-06-17,,,,,,,AVGO
2009-06-18,,,,,,,AVGO
2009-06-19,,,,,,,AVGO
2009-06-22,,,,,,,AVGO
2009-06-23,,,,,,,AVGO
2009-06-24,,,,,,,AVGO
2009-06-25,,,,,,,AVGO
2009-06-26,,,,,,,AVGO
2009-06-29,,,,,,,AVGO
2009-06-30,,,,,,,AVGO
2009-07-01,,,,,,,AVGO
2009-07-02,,,,,,,AVGO
2009-07-06,,,,,,,AVGO
2009-07-07,,,,,,,AVGO
2009-07-08,,,,,,,AVGO
2009-07-09,,,,,,,AVGO
2009-07-10,,,,,,,AVGO
2009-07-13,,,,,,,AVGO
2009-07-14,,,,,,,AVGO
2009-07-15,,,,,,,AVGO
2009-07-16,,,,,,,AVGO
2009-07-17,,,,,,,AVGO
2009-07-20,,,,,,,AVGO
2009-07-21,,,,,,,AVGO
2009-07-22,,,,,,,AVGO
2009-07-23,,,,,,,AVGO
2009-07-24,,,,,,,AVGO
2009-07-27,,,,,,,AVGO
2009-07-28,,,,,,,AVGO
2009-07-29,,,,,,,AVGO
2009-07-30,,,,,,,AVGO
2009-07-31,,,,,,,AVGO
2009-08-03,,,,,,,AVGO
2009-08-04,,,,,,,AVGO
2009-08-05,,,,,,,AVGO
2009-08-06,1.649999976158142,1.690999984741211,1.555999994277954,1.6180000305175781,1.1419554948806763,241978000.0,AVGO
2009-08-07,1.6150000095367432,1.6759999990463257,1.6030000448226929,1.6430000066757202,1.1595999002456665,24543000.0,AVGO
2009-08-10,1.6629999876022339,1.6629999876022339,1.5609999895095825,1.597000002861023,1.127134084701538,24210000.0,AVGO
2009-08-11,1.5980000495910645,1.600000023841858,1.5499999523162842,1.5670000314712524,1.1059603691101074,23054000.0,AVGO
2009-08-12,1.6150000095367432,1.6200000047683716,1.565999984741211,1.600000023841858,1.1292511224746704,14513000.0,AVGO
2009-08-13,1.600000023841858,1.6720000505447388,1.600000023841858,1.6549999713897705,1.1680694818496704,11506000.0,AVGO
2009-08-14,1.649999976158142,1.7000000476837158,1.625,1.659999966621399,1.1715984344482422,6378000.0,AVGO
2009-08-17,1.6269999742507935,1.6369999647140503,1.6200000047683716,1.621999979019165,1.1447786092758179,2544000.0,AVGO
2009-08-18,1.6480000019073486,1.7200000286102295,1.6349999904632568,1.7070000171661377,1.2047697305679321,14467000.0,AVGO
2009-08-19,1.684000015258789,1.7940000295639038,1.6799999475479126,1.7890000343322754,1.2626439332962036,20708000.0,AVGO
2009-08-20,1.7949999570846558,1.7949999570846558,1.7289999723434448,1.7760000228881836,1.2534687519073486,18821000.0,AVGO
2009-08-21,1.7790000438690186,1.7970000505447388,1.7580000162124634,1.781999945640564,1.2577036619186401,8636000.0,AVGO
2009-08-24,1.7519999742507935,1.784999966621399,1.7300000190734863,1.75,1.2351182699203491,10216000.0,AVGO
2009-08-25,1.7649999856948853,1.7899999618530273,1.7549999952316284,1.784999966621399,1.2598209381103516,5308000.0,AVGO
2009-08-26,1.7690000534057617,1.784999966621399,1.715000033378601,1.784999966621399,1.2598209381103516,7086000.0,AVGO
2009-08-27,1.784999966621399,1.8209999799728394,1.7549999952316284,1.815999984741211,1.2817001342773438,11611000.0,AVGO
2009-08-28,1.809999942779541,1.899999976158142,1.7999999523162842,1.847000002861023,1.3035794496536255,12950000.0,AVGO
2009-08-31,1.8350000381469727,1.840000033378601,1.781000018119812,1.8200000524520874,1.2845234870910645,10048000.0,AVGO
2009-09-01,1.8250000476837158,1.843999981880188,1.694000005722046,1.784999966621399,1.2598209381103516,13835000.0,AVGO
2009-09-02,1.7760000228881836,1.8250000476837158,1.7480000257492065,1.7680000066757202,1.2478224039077759,12934000.0,AVGO
2009-09-03,1.7970000505447388,1.7970000505447388,1.7000000476837158,1.7450000047683716,1.2315901517868042,36577000.0,AVGO
2009-09-04,1.774999976158142,1.7999999523162842,1.7489999532699585,1.7760000228881836,1.2534687519073486,11586000.0,AVGO
2009-09-08,1.7760000228881836,1.7929999828338623,1.7450000047683716,1.7699999809265137,1.2492344379425049,5749000.0,AVGO
2009-09-09,1.784999966621399,1.784999966621399,1.722000002861023,1.7259999513626099,1.2181795835494995,5512000.0,AVGO
2009-09-10,1.7009999752044678,1.746000051498413,1.6950000524520874,1.7050000429153442,1.2033584117889404,4152000.0,AVGO
2009-09-11,1.7000000476837158,1.7330000400543213,1.6540000438690186,1.687999963760376,1.1913601160049438,6203000.0,AVGO
2009-09-14,1.6640000343322754,1.690000057220459,1.63100004196167,1.6649999618530273,1.1751269102096558,16145000.0,AVGO
2009-09-15,1.725000023841858,1.7350000143051147,1.6629999876022339,1.718000054359436,1.2125333547592163,19869000.0,AVGO
2009-09-16,1.7400000095367432,1.774999976158142,1.7109999656677246,1.7580000162124634,1.2407646179199219,20211000.0,AVGO
2009-09-17,1.7660000324249268,1.7899999618530273,1.652999997138977,1.6640000343322754,1.1744214296340942,14464000.0,AVGO
2009-09-18,1.656999945640564,1.7020000219345093,1.6180000305175781,1.6200000047683716,1.1433666944503784,8999000.0,AVGO
2009-09-21,1.628000020980835,1.6629999876022339,1.5870000123977661,1.6610000133514404,1.1723040342330933,5530000.0,AVGO
2009-09-22,1.6959999799728394,1.7369999885559082,1.6820000410079956,1.725000023841858,1.2174735069274902,11141000.0,AVGO
2009-09-23,1.7619999647140503,1.7790000438690186,1.7300000190734863,1.7400000095367432,1.2280608415603638,5303000.0,AVGO
2009-09-24,1.7330000400543213,1.784999966621399,1.6749999523162842,1.7489999532699585,1.2344130277633667,7788000.0,AVGO
2009-09-25,1.7480000257492065,1.7480000257492065,1.7100000381469727,1.7130000591278076,1.209004521369934,4685000.0,AVGO
2009-09-28,1.7319999933242798,1.784999966621399,1.7029999494552612,1.7649999856948853,1.2457056045532227,2336000.0,AVGO
2009-09-29,1.7549999952316284,1.784000039100647,1.6950000524520874,1.7029999494552612,1.2019472122192383,3567000.0,AVGO
2009-09-30,1.7000000476837158,1.7330000400543213,1.6959999799728394,1.7070000171661377,1.2047697305679321,5126000.0,AVGO
2009-10-01,1.7000000476837158,1.7089999914169312,1.621000051498413,1.63100004196167,1.1511305570602417,6605000.0,AVGO
2009-10-02,1.6200000047683716,1.6360000371932983,1.590000033378601,1.6089999675750732,1.1356033086776733,6296000.0,AVGO
2009-10-05,1.6100000143051147,1.652999997138977,1.600000023841858,1.6490000486373901,1.163834571838379,1889000.0,AVGO
2009-10-06,1.6740000247955322,1.7200000286102295,1.6440000534057617,1.6469999551773071,1.1624228954315186,4694000.0,AVGO
2009-10-07,1.656999945640564,1.6610000133514404,1.5920000076293945,1.6130000352859497,1.1384263038635254,2917000.0,AVGO
2009-10-08,1.6109999418258667,1.6180000305175781,1.593999981880188,1.6009999513626099,1.1299567222595215,5573000.0,AVGO
2009-10-09,1.5980000495910645,1.6449999809265137,1.593999981880188,1.625,1.1468960046768188,8705000.0,AVGO
2009-10-12,1.621999979019165,1.6449999809265137,1.6039999723434448,1.6339999437332153,1.1532480716705322,12888000.0,AVGO
2009-10-13,1.61899995803833,1.6670000553131104,1.6150000095367432,1.652999997138977,1.1666576862335205,5573000.0,AVGO
2009-10-14,1.684000015258789,1.7000000476837158,1.6540000438690186,1.6859999895095825,1.1899484395980835,6955000.0,AVGO
2009-10-15,1.7400000095367432,1.7949999570846558,1.7100000381469727,1.715999960899353,1.2111217975616455,20920000.0,AVGO
2009-10-16,1.7230000495910645,1.7230000495910645,1.621000051498413,1.6430000066757202,1.1595999002456665,12638000.0,AVGO
2009-10-19,1.6460000276565552,1.6640000343322754,1.6059999465942383,1.6239999532699585,1.1461900472640991,21429000.0,AVGO
2009-10-20,1.6339999437332153,1.6729999780654907,1.6269999742507935,1.652999997138977,1.1666576862335205,4890000.0,AVGO
2009-10-21,1.6369999647140503,1.690999984741211,1.6109999418258667,1.6490000486373901,1.163834571838379,2338000.0,AVGO
2009-10-22,1.6330000162124634,1.6330000162124634,1.5609999895095825,1.628000020980835,1.1490135192871094,9834000.0,AVGO
2009-10-23,1.6130000352859497,1.6410000324249268,1.5920000076293945,1.6050000190734863,1.1327801942825317,11341000.0,AVGO
2009-10-26,1.590999960899353,1.6119999885559082,1.5809999704360962,1.5839999914169312,1.117958903312683,1624000.0,AVGO
2009-10-27,1.5950000286102295,1.5989999771118164,1.5260000228881836,1.5449999570846558,1.09043288230896,3288000.0,AVGO
2009-10-28,1.5499999523162842,1.5499999523162842,1.4889999628067017,1.4930000305175781,1.0537326335906982,6220000.0,AVGO
2009-10-29,1.4950000047683716,1.5199999809265137,1.472000002861023,1.503999948501587,1.061496376991272,11833000.0,AVGO
2009-10-30,1.5099999904632568,1.5190000534057617,1.4869999885559082,1.5,1.0586727857589722,2781000.0,AVGO
2009-11-02,1.5099999904632568,1.5099999904632568,1.472000002861023,1.4869999885559082,1.0494980812072754,2766000.0,AVGO
2009-11-03,1.468000054359436,1.4819999933242798,1.444000005722046,1.4490000009536743,1.022678256034851,3637000.0,AVGO
2009-11-04,1.4600000381469727,1.524999976158142,1.4329999685287476,1.4780000448226929,1.0431458950042725,8053000.0,AVGO
2009-11-05,1.5019999742507935,1.5740000009536743,1.4850000143051147,1.531999945640564,1.0812581777572632,2741000.0,AVGO
2009-11-06,1.531999945640564,1.569000005722046,1.4869999885559082,1.5290000438690186,1.0791410207748413,2575000.0,AVGO
2009-11-09,1.5260000228881836,1.5740000009536743,1.5089999437332153,1.565999984741211,1.1052544116973877,2529000.0,AVGO
2009-11-10,1.569000005722046,1.569000005722046,1.5180000066757202,1.5449999570846558,1.09043288230896,1468000.0,AVGO
2009-11-11,1.5529999732971191,1.5529999732971191,1.5119999647140503,1.5360000133514404,1.0840815305709839,1535000.0,AVGO
2009-11-12,1.5399999618530273,1.5950000286102295,1.5399999618530273,1.559999942779541,1.1010197401046753,1300000.0,AVGO
2009-11-13,1.5609999895095825,1.5750000476837158,1.5410000085830688,1.5579999685287476,1.099608302116394,621000.0,AVGO
2009-11-16,1.562999963760376,1.621000051498413,1.5529999732971191,1.6009999513626099,1.1299567222595215,1556000.0,AVGO
2009-11-17,1.5829999446868896,1.61899995803833,1.5579999685287476,1.6069999933242798,1.1341917514801025,985000.0,AVGO
2009-11-18,1.6150000095367432,1.6150000095367432,1.5809999704360962,1.6030000448226929,1.1313685178756714,1155000.0,AVGO
2009-11-19,1.5839999914169312,1.5889999866485596,1.524999976158142,1.5570000410079956,1.0989025831222534,1166000.0,AVGO
2009-11-20,1.555999994277954,1.565000057220459,1.531000018119812,1.5440000295639038,1.0897274017333984,4237000.0,AVGO
2009-11-23,1.5540000200271606,1.5609999895095825,1.5149999856948853,1.5190000534057617,1.0720828771591187,4653000.0,AVGO
2009-11-24,1.5099999904632568,1.5329999923706055,1.5010000467300415,1.5260000228881836,1.0770236253738403,5228000.0,AVGO
2009-11-25,1.5379999876022339,1.5980000495910645,1.5360000133514404,1.5499999523162842,1.0939620733261108,1353000.0,AVGO
2009-11-27,1.5130000114440918,1.5880000591278076,1.50600004196167,1.5859999656677246,1.1193703413009644,616000.0,AVGO
2009-11-30,1.5870000123977661,1.5989999771118164,1.524999976158142,1.5859999656677246,1.1193703413009644,2765000.0,AVGO
2009-12-01,1.590000033378601,1.6339999437332153,1.590000033378601,1.5959999561309814,1.1264281272888184,4178000.0,AVGO
2009-12-02,1.6030000448226929,1.6109999418258667,1.5379999876022339,1.5609999895095825,1.1017255783081055,8465000.0,AVGO
2009-12-03,1.5579999685287476,1.593999981880188,1.5579999685287476,1.593000054359436,1.1243107318878174,5079000.0,AVGO
2009-12-04,1.6399999856948853,1.6710000038146973,1.559999942779541,1.6519999504089355,1.1659519672393799,9468000.0,AVGO
2009-12-07,1.649999976158142,1.6929999589920044,1.649999976158142,1.687000036239624,1.1906541585922241,3084000.0,AVGO
2009-12-08,1.6610000133514404,1.6970000267028809,1.6549999713897705,1.6749999523162842,1.1821844577789307,2495000.0,AVGO
2009-12-09,1.6610000133514404,1.680999994277954,1.6339999437332153,1.680999994277954,1.1864193677902222,967000.0,AVGO
2009-12-10,1.6799999475479126,1.6990000009536743,1.6749999523162842,1.6770000457763672,1.1835963726043701,2555000.0,AVGO
2009-12-11,1.6690000295639038,1.6699999570846558,1.6460000276565552,1.6579999923706055,1.1701867580413818,774000.0,AVGO
2009-12-14,1.6740000247955322,1.690000057220459,1.6690000295639038,1.684999942779541,1.1892428398132324,2248000.0,AVGO
2009-12-15,1.684999942779541,1.690000057220459,1.6710000038146973,1.6740000247955322,1.1814790964126587,1404000.0,AVGO
2009-12-16,1.687999963760376,1.7130000591278076,1.6740000247955322,1.7000000476837158,1.199829339981079,3157000.0,AVGO
2009-12-17,1.690999984741211,1.6979999542236328,1.6139999628067017,1.63100004196167,1.1511305570602417,1490000.0,AVGO
2009-12-18,1.6299999952316284,1.6799999475479126,1.6230000257492065,1.6390000581741333,1.1567769050598145,4178000.0,AVGO
2009-12-21,1.6790000200271606,1.684999942779541,1.6360000371932983,1.6490000486373901,1.163834571838379,1443000.0,AVGO
2009-12-22,1.649999976158142,1.6729999780654907,1.6230000257492065,1.6729999780654907,1.1807734966278076,3127000.0,AVGO
2009-12-23,1.6749999523162842,1.684000015258789,1.6649999618530273,1.6779999732971191,1.184302806854248,2235000.0,AVGO
2009-12-24,1.6720000505447388,1.7000000476837158,1.6720000505447388,1.6779999732971191,1.184302806854248,308000.0,AVGO
2009-12-28,1.6749999523162842,1.7799999713897705,1.6749999523162842,1.7380000352859497,1.226649284362793,7954000.0,AVGO
2009-12-29,1.7519999742507935,1.7680000066757202,1.7400000095367432,1.753000020980835,1.2372357845306396,2276000.0,AVGO
2009-12-30,1.7309999465942383,1.777999997138977,1.7309999465942383,1.7690000534057617,1.2485283613204956,3025000.0,AVGO
2009-12-31,1.7610000371932983,1.8289999961853027,1.7610000371932983,1.8289999961853027,1.2908755540847778,5558000.0,AVGO
2010-01-04,1.8300000429153442,1.8899999856948853,1.8009999990463257,1.8860000371932983,1.3311046361923218,5387000.0,AVGO
2010-01-05,1.8949999809265137,1.9240000247955322,1.809999942779541,1.899999976158142,1.340985655784607,3011000.0,AVGO
2010-01-06,1.8949999809265137,1.9299999475479126,1.8589999675750732,1.9149999618530273,1.3515725135803223,5331000.0,AVGO
2010-01-07,1.9040000438690186,1.9170000553131104,1.8650000095367432,1.902999997138977,1.3431029319763184,2718000.0,AVGO
2010-01-08,1.8899999856948853,1.9299999475479126,1.8849999904632568,1.9170000553131104,1.3529841899871826,2899000.0,AVGO
2010-01-11,1.9199999570846558,1.9550000429153442,1.902999997138977,1.9290000200271606,1.3614534139633179,5127000.0,AVGO
2010-01-12,1.9140000343322754,1.9140000343322754,1.8739999532699585,1.899999976158142,1.340985655784607,9167000.0,AVGO
2010-01-13,1.8960000276565552,1.8960000276565552,1.8250000476837158,1.8420000076293945,1.3000506162643433,9439000.0,AVGO
2010-01-14,1.8480000495910645,1.8869999647140503,1.815000057220459,1.843000054359436,1.3007563352584839,10654000.0,AVGO
2010-01-15,1.8559999465942383,1.8559999465942383,1.815000057220459,1.8240000009536743,1.287346601486206,1587000.0,AVGO
2010-01-19,1.7899999618530273,1.815000057220459,1.7300000190734863,1.781000018119812,1.256998062133789,3813000.0,AVGO
2010-01-20,1.7710000276565552,1.8009999990463257,1.74399995803833,1.7960000038146973,1.2675849199295044,1938000.0,AVGO
2010-01-21,1.7869999408721924,1.8489999771118164,1.7790000438690186,1.7990000247955322,1.269701600074768,3386000.0,AVGO
2010-01-22,1.7879999876022339,1.805999994277954,1.7380000352859497,1.75600004196167,1.2393535375595093,9235000.0,AVGO
2010-01-25,1.7669999599456787,1.7799999713897705,1.746000051498413,1.7649999856948853,1.2457056045532227,2614000.0,AVGO
2010-01-26,1.7029999494552612,1.7999999523162842,1.684000015258789,1.7760000228881836,1.2534687519073486,7654000.0,AVGO
2010-01-27,1.7640000581741333,1.7949999570846558,1.725000023841858,1.7410000562667847,1.2287663221359253,6963000.0,AVGO
2010-01-28,1.7549999952316284,1.7740000486373901,1.725000023841858,1.7719999551773071,1.2506461143493652,144576000.0,AVGO
2010-01-29,1.7719999551773071,1.7860000133514404,1.725000023841858,1.7380000352859497,1.226649284362793,33570000.0,AVGO
2010-02-01,1.7380000352859497,1.7690000534057617,1.7289999723434448,1.75,1.2351182699203491,5095000.0,AVGO
2010-02-02,1.7510000467300415,1.7799999713897705,1.7350000143051147,1.7699999809265137,1.2492344379425049,17729000.0,AVGO
2010-02-03,1.753999948501587,1.7690000534057617,1.7480000257492065,1.7619999647140503,1.2435879707336426,12857000.0,AVGO
2010-02-04,1.7380000352859497,1.7580000162124634,1.7059999704360962,1.722000002861023,1.2153568267822266,13767000.0,AVGO
2010-02-05,1.725000023841858,1.7319999933242798,1.659999966621399,1.7200000286102295,1.2139453887939453,5387000.0,AVGO
2010-02-08,1.7079999446868896,1.7289999723434448,1.687000036239624,1.7009999752044678,1.2005349397659302,4983000.0,AVGO
2010-02-09,1.7039999961853027,1.7380000352859497,1.6820000410079956,1.6990000009536743,1.1991232633590698,1896000.0,AVGO
2010-02-10,1.6859999895095825,1.694000005722046,1.6510000228881836,1.6799999475479126,1.185713529586792,5780000.0,AVGO
2010-02-11,1.6759999990463257,1.725000023841858,1.649999976158142,1.7130000591278076,1.209004521369934,3700000.0,AVGO
2010-02-12,1.6979999542236328,1.7389999628067017,1.6790000200271606,1.7359999418258667,1.2252377271652222,1632000.0,AVGO
2010-02-16,1.7400000095367432,1.7510000467300415,1.7269999980926514,1.7480000257492065,1.2337069511413574,4227000.0,AVGO
2010-02-17,1.7599999904632568,1.7599999904632568,1.7170000076293945,1.7410000562667847,1.2287663221359253,5077000.0,AVGO
2010-02-18,1.746999979019165,1.75,1.7300000190734863,1.7450000047683716,1.2315901517868042,4619000.0,AVGO
2010-02-19,1.75,1.7619999647140503,1.7359999418258667,1.753000020980835,1.2372357845306396,3746000.0,AVGO
2010-02-22,1.75,1.7589999437332153,1.7230000495910645,1.7350000143051147,1.2245317697525024,8465000.0,AVGO
2010-02-23,1.7350000143051147,1.7489999532699585,1.7130000591278076,1.7380000352859497,1.226649284362793,18202000.0,AVGO
2010-02-24,1.75,1.7869999408721924,1.7410000562667847,1.7740000486373901,1.252057433128357,8523000.0,AVGO
2010-02-25,1.7999999523162842,1.8389999866485596,1.7690000534057617,1.809000015258789,1.2767598628997803,23197000.0,AVGO
2010-02-26,1.8049999475479126,1.819000005722046,1.7960000038146973,1.815000057220459,1.2809942960739136,2807000.0,AVGO
2010-03-01,1.8700000047683716,1.8799999952316284,1.812000036239624,1.8300000429153442,1.2915815114974976,8722000.0,AVGO
2010-03-02,1.819000005722046,1.8739999532699585,1.819000005722046,1.871999979019165,1.3212239742279053,9810000.0,AVGO
2010-03-03,1.875,1.99399995803833,1.875,1.8910000324249268,1.3346338272094727,10634000.0,AVGO
2010-03-04,1.9010000228881836,1.9240000247955322,1.850000023841858,1.906000018119812,1.345220685005188,3966000.0,AVGO
2010-03-05,1.9049999713897705,1.965999960899353,1.9049999713897705,1.9359999895095825,1.3663939237594604,3767000.0,AVGO
2010-03-08,1.9479999542236328,1.9520000219345093,1.909000039100647,1.930999994277954,1.3628652095794678,2220000.0,AVGO
2010-03-09,1.944000005722046,2.0,1.9149999618530273,1.934999942779541,1.3656883239746094,9227000.0,AVGO
2010-03-10,1.9459999799728394,1.9980000257492065,1.9359999895095825,1.9739999771118164,1.3932135105133057,5449000.0,AVGO
2010-03-11,1.9789999723434448,1.996999979019165,1.9789999723434448,1.9859999418258667,1.401682734489441,3947000.0,AVGO
2010-03-12,1.9900000095367432,2.0,1.944000005722046,1.965000033378601,1.38686203956604,4984000.0,AVGO
2010-03-15,1.9559999704360962,1.9559999704360962,1.902999997138977,1.9420000314712524,1.3706284761428833,1792000.0,AVGO
2010-03-16,1.9420000314712524,1.968000054359436,1.9160000085830688,1.9500000476837158,1.3762750625610352,1623000.0,AVGO
2010-03-17,1.9589999914169312,1.9989999532699585,1.9559999704360962,1.9889999628067017,1.4038006067276,3094000.0,AVGO
2010-03-18,1.99399995803833,2.0,1.9479999542236328,1.9980000257492065,1.4101524353027344,2112000.0,AVGO
2010-03-19,2.010999917984009,2.0280001163482666,1.968999981880188,2.010999917984009,1.4193278551101685,6365000.0,AVGO
2010-03-22,1.9869999885559082,2.015000104904175,1.9700000286102295,1.99399995803833,1.4073296785354614,4734000.0,AVGO
2010-03-23,1.9980000257492065,2.0299999713897705,1.9950000047683716,2.0220000743865967,1.4270912408828735,2819000.0,AVGO
2010-03-24,2.0199999809265137,2.0199999809265137,1.9570000171661377,1.9620000123977661,1.38474440574646,1535000.0,AVGO
2010-03-25,1.975000023841858,1.975000023841858,1.930999994277954,1.965000033378601,1.38686203956604,5835000.0,AVGO
2010-03-26,1.965999960899353,2.0199999809265137,1.965999960899353,1.9910000562667847,1.4052120447158813,5250000.0,AVGO
2010-03-29,2.009000062942505,2.0399999618530273,1.99399995803833,2.0220000743865967,1.4270912408828735,2961000.0,AVGO
2010-03-30,2.0280001163482666,2.0510001182556152,1.996000051498413,2.0380001068115234,1.438383936882019,3539000.0,AVGO
2010-03-31,2.0390000343322754,2.068000078201294,2.0169999599456787,2.055999994277954,1.4510878324508667,6620000.0,AVGO
2010-04-01,2.069000005722046,2.0799999237060547,2.009000062942505,2.049999952316284,1.4468531608581543,3246000.0,AVGO
2010-04-05,2.069000005722046,2.069999933242798,1.9789999723434448,2.0260000228881836,1.4299143552780151,6120000.0,AVGO
2010-04-06,2.005000114440918,2.0829999446868896,2.0,2.068000078201294,1.4595577716827393,2358000.0,AVGO
2010-04-07,2.058000087738037,2.0739998817443848,2.0399999618530273,2.0480000972747803,1.445441722869873,1446000.0,AVGO
2010-04-08,2.0480000972747803,2.0480000972747803,2.007999897003174,2.009999990463257,1.4186220169067383,1402000.0,AVGO
2010-04-09,2.009999990463257,2.0139999389648438,1.9830000400543213,2.000999927520752,1.4122694730758667,1983000.0,AVGO
2010-04-12,1.9919999837875366,2.015000104904175,1.9670000076293945,2.002000093460083,1.412975788116455,2867000.0,AVGO
2010-04-13,1.9859999418258667,2.0239999294281006,1.975000023841858,2.015000104904175,1.42215096950531,2367000.0,AVGO
2010-04-14,2.062999963760376,2.1559998989105225,2.049999952316284,2.1549999713897705,1.5209599733352661,4783000.0,AVGO
2010-04-15,2.1600000858306885,2.200000047683716,2.1600000858306885,2.196000099182129,1.549897313117981,6148000.0,AVGO
2010-04-16,2.197000026702881,2.197999954223633,2.1670000553131104,2.187999963760376,1.5442514419555664,3439000.0,AVGO
2010-04-19,2.1679999828338623,2.2039999961853027,2.130000114440918,2.190000057220459,1.5456631183624268,4867000.0,AVGO
2010-04-20,2.246999979019165,2.2880001068115234,2.2179999351501465,2.236999988555908,1.5788341760635376,8506000.0,AVGO
2010-04-21,2.25,2.2829999923706055,2.1459999084472656,2.184000015258789,1.5414283275604248,5402000.0,AVGO
2010-04-22,2.184000015258789,2.186000108718872,2.0969998836517334,2.1530001163482666,1.5195488929748535,6441000.0,AVGO
2010-04-23,2.1429998874664307,2.1619999408721924,2.1080000400543213,2.1489999294281006,1.5167256593704224,1886000.0,AVGO
2010-04-26,2.134999990463257,2.203000068664551,2.130000114440918,2.178999900817871,1.5378990173339844,2550000.0,AVGO
2010-04-27,2.186000108718872,2.186000108718872,2.0820000171661377,2.0999999046325684,1.4821419715881348,2506000.0,AVGO
2010-04-28,2.118000030517578,2.128999948501587,2.068000078201294,2.1010000705718994,1.482848048210144,3139000.0,AVGO
2010-04-29,2.132999897003174,2.180000066757202,2.132999897003174,2.140000104904175,1.510373830795288,3185000.0,AVGO
2010-04-30,2.1570000648498535,2.1689999103546143,2.0490000247955322,2.0510001182556152,1.4475587606430054,3603000.0,AVGO
2010-05-03,2.065000057220459,2.1470000743865967,2.0390000343322754,2.111999988555908,1.4906114339828491,4239000.0,AVGO
2010-05-04,2.0969998836517334,2.0969998836517334,1.9919999837875366,2.005000114440918,1.4150930643081665,5540000.0,AVGO
2010-05-05,1.99399995803833,2.00600004196167,1.9199999570846558,1.9589999914169312,1.3826264142990112,6266000.0,AVGO
2010-05-06,1.9570000171661377,1.9579999446868896,1.8550000190734863,1.9199999570846558,1.3551015853881836,9155000.0,AVGO
2010-05-07,1.9240000247955322,1.9500000476837158,1.8380000591278076,1.9290000200271606,1.3614534139633179,6025000.0,AVGO
2010-05-10,2.0,2.0910000801086426,2.0,2.0739998817443848,1.4637914896011353,8944000.0,AVGO
2010-05-11,2.0329999923706055,2.0799999237060547,2.0169999599456787,2.065999984741211,1.4581453800201416,2174000.0,AVGO
2010-05-12,2.055999994277954,2.0920000076293945,2.049999952316284,2.072000026702881,1.462380051612854,3533000.0,AVGO
2010-05-13,2.0829999446868896,2.0829999446868896,2.0320000648498535,2.0460000038146973,1.4440299272537231,2919000.0,AVGO
2010-05-14,2.0409998893737793,2.0490000247955322,1.972000002861023,2.0230000019073486,1.4277969598770142,5049000.0,AVGO
2010-05-17,2.0250000953674316,2.052000045776367,1.9919999837875366,2.052000045776367,1.448264479637146,2929000.0,AVGO
2010-05-18,2.059999942779541,2.0880000591278076,1.99399995803833,2.007999897003174,1.4172098636627197,3384000.0,AVGO
2010-05-19,1.9839999675750732,2.0280001163482666,1.8930000066757202,2.002000093460083,1.412975788116455,5790000.0,AVGO
2010-05-20,1.9769999980926514,2.0299999713897705,1.944000005722046,2.009999990463257,1.4186220169067383,11123000.0,AVGO
2010-05-21,1.9900000095367432,2.0250000953674316,1.9539999961853027,1.9809999465942383,1.398154616355896,8233000.0,AVGO
2010-05-24,1.975000023841858,2.0,1.930999994277954,1.9390000104904175,1.3685111999511719,4802000.0,AVGO
2010-05-25,1.899999976158142,1.934000015258789,1.8519999980926514,1.9229999780654907,1.357218623161316,6804000.0,AVGO
2010-05-26,1.9559999704360962,2.0420000553131104,1.9479999542236328,2.002000093460083,1.412975788116455,9462000.0,AVGO
2010-05-27,2.0369999408721924,2.1549999713897705,2.0290000438690186,2.134000062942505,1.5061390399932861,10657000.0,AVGO
2010-05-28,2.1429998874664307,2.1489999294281006,2.0299999713897705,2.065000057220459,1.457439661026001,7955000.0,AVGO
2010-06-01,2.065999984741211,2.0989999771118164,2.0339999198913574,2.0390000343322754,1.439089298248291,4561000.0,AVGO
2010-06-02,2.0339999198913574,2.1110000610351562,2.0339999198913574,2.1110000610351562,1.489905595779419,8618000.0,AVGO
2010-06-03,2.1059999465942383,2.200000047683716,2.1059999465942383,2.1659998893737793,1.5287240743637085,6463000.0,AVGO
2010-06-04,2.140000104904175,2.1440000534057617,2.058000087738037,2.0810000896453857,1.4687325954437256,3157000.0,AVGO
2010-06-07,2.0880000591278076,2.109999895095825,2.055000066757202,2.0769999027252197,1.4659093618392944,7353000.0,AVGO
2010-06-08,2.0940001010894775,2.109999895095825,2.062000036239624,2.1089999675750732,1.488493800163269,11924000.0,AVGO
2010-06-09,2.125,2.190000057220459,2.0959999561309814,2.1070001125335693,1.487083077430725,8025000.0,AVGO
2010-06-10,2.1500000953674316,2.197000026702881,2.1489999294281006,2.180000066757202,1.538604974746704,10099000.0,AVGO
2010-06-11,2.1500000953674316,2.197999954223633,2.1429998874664307,2.193000078201294,1.5477806329727173,7929000.0,AVGO
2010-06-14,2.2149999141693115,2.2160000801086426,2.13100004196167,2.1510000228881836,1.5181368589401245,13409000.0,AVGO
2010-06-15,2.174999952316284,2.2699999809265137,2.1570000648498535,2.2249999046325684,1.5703644752502441,12082000.0,AVGO
2010-06-16,2.2219998836517334,2.3489999771118164,2.2049999237060547,2.2880001068115234,1.614829182624817,26923000.0,AVGO
2010-06-17,2.3289999961853027,2.36899995803833,2.302999973297119,2.3350000381469727,1.6480013132095337,20536000.0,AVGO
2010-06-18,2.3289999961853027,2.3529999256134033,2.2809998989105225,2.303999900817871,1.6261217594146729,12720000.0,AVGO
2010-06-21,2.3389999866485596,2.3399999141693115,2.23799991607666,2.2990000247955322,1.6225930452346802,7111000.0,AVGO
2010-06-22,2.2890000343322754,2.303999900817871,2.2100000381469727,2.2260000705718994,1.5710713863372803,12008000.0,AVGO
2010-06-23,2.25,2.2699999809265137,2.1510000228881836,2.253999948501587,1.5908334255218506,11441000.0,AVGO
2010-06-24,2.265000104904175,2.2679998874664307,2.072999954223633,2.124000072479248,1.4990808963775635,17771000.0,AVGO
2010-06-25,2.1440000534057617,2.2070000171661377,2.11299991607666,2.1470000743865967,1.515313982963562,95883000.0,AVGO
2010-06-28,2.1540000438690186,2.186000108718872,2.052000045776367,2.174999952316284,1.5350762605667114,9663000.0,AVGO
2010-06-29,2.128000020980835,2.128999948501587,2.0360000133514404,2.0969998836517334,1.4800246953964233,13274000.0,AVGO
2010-06-30,2.0889999866485596,2.13100004196167,2.066999912261963,2.1059999465942383,1.4863768815994263,13444000.0,AVGO
2010-07-01,2.131999969482422,2.1549999713897705,2.068000078201294,2.1410000324249268,1.5110794305801392,11503000.0,AVGO
2010-07-02,2.1480000019073486,2.1689999103546143,2.127000093460083,2.1570000648498535,1.5223716497421265,5534000.0,AVGO
2010-07-06,2.180999994277954,2.2209999561309814,2.075000047683716,2.0869998931884766,1.4729666709899902,10588000.0,AVGO
2010-07-07,2.075000047683716,2.1689999103546143,2.049999952316284,2.1670000553131104,1.5294296741485596,9493000.0,AVGO
2010-07-08,2.1760001182556152,2.200000047683716,2.134999990463257,2.178999900817871,1.5378990173339844,2914000.0,AVGO
2010-07-09,2.1740000247955322,2.2009999752044678,2.1500000953674316,2.2009999752044678,1.5534257888793945,3255000.0,AVGO
2010-07-12,2.184999942779541,2.23799991607666,2.1449999809265137,2.2100000381469727,1.5597782135009766,4995000.0,AVGO
2010-07-13,2.2309999465942383,2.25,2.2139999866485596,2.247999906539917,1.5865979194641113,6589000.0,AVGO
2010-07-14,2.25,2.2860000133514404,2.2219998836517334,2.2290000915527344,1.5731887817382812,5384000.0,AVGO
2010-07-15,2.2249999046325684,2.299999952316284,2.190999984741211,2.2909998893737793,1.6169465780258179,8355000.0,AVGO
2010-07-16,2.2690000534057617,2.2950000762939453,2.197999954223633,2.1989998817443848,1.5520143508911133,6599000.0,AVGO
2010-07-19,2.2049999237060547,2.236999988555908,2.177999973297119,2.2269999980926514,1.5717768669128418,5262000.0,AVGO
2010-07-20,2.203000068664551,2.2090001106262207,2.1600000858306885,2.200000047683716,1.5527201890945435,7122000.0,AVGO
2010-07-21,2.2170000076293945,2.2360000610351562,2.171999931335449,2.177000045776367,1.5364881753921509,5036000.0,AVGO
2010-07-22,2.203000068664551,2.2939999103546143,2.188999891281128,2.2850000858306885,1.612711787223816,8397000.0,AVGO
2010-07-23,2.2899999618530273,2.312999963760376,2.25,2.2880001068115234,1.614829182624817,6317000.0,AVGO
2010-07-26,2.2890000343322754,2.2950000762939453,2.190999984741211,2.2799999713897705,1.6091829538345337,6892000.0,AVGO
2010-07-27,2.2850000858306885,2.305999994277954,2.2230000495910645,2.242000102996826,1.5823636054992676,9720000.0,AVGO
2010-07-28,2.23799991607666,2.255000114440918,2.177000045776367,2.180000066757202,1.538604974746704,3550000.0,AVGO
2010-07-29,2.190999984741211,2.1989998817443848,2.135999917984009,2.177000045776367,1.5364881753921509,5103000.0,AVGO
2010-07-30,2.1579999923706055,2.190999984741211,2.1089999675750732,2.1760001182556152,1.5357816219329834,2775000.0,AVGO
2010-08-02,2.197999954223633,2.2799999713897705,2.1600000858306885,2.183000087738037,1.5407217741012573,10105000.0,AVGO
2010-08-03,2.171999931335449,2.190000057220459,2.13700008392334,2.1600000858306885,1.5244896411895752,4176000.0,AVGO
2010-08-04,2.1689999103546143,2.244999885559082,2.125,2.2339999675750732,1.5767168998718262,6168000.0,AVGO
2010-08-05,2.2109999656677246,2.2750000953674316,2.2109999656677246,2.2739999294281006,1.6049485206604004,4639000.0,AVGO
2010-08-06,2.25600004196167,2.2730000019073486,2.239000082015991,2.259000062942505,1.5943610668182373,2716000.0,AVGO
2010-08-09,2.2679998874664307,2.2929999828338623,2.247999906539917,2.2899999618530273,1.6162406206130981,2267000.0,AVGO
2010-08-10,2.257999897003174,2.2820000648498535,2.2200000286102295,2.2300000190734863,1.5738935470581055,3722000.0,AVGO
2010-08-11,2.053999900817871,2.075000047683716,1.9279999732971191,2.0230000019073486,1.4277969598770142,23300000.0,AVGO
2010-08-12,2.0450000762939453,2.0889999866485596,2.0199999809265137,2.0409998893737793,1.4405012130737305,18324000.0,AVGO
2010-08-13,2.0380001068115234,2.055000066757202,1.9950000047683716,1.9989999532699585,1.410858154296875,39578000.0,AVGO
2010-08-16,1.9989999532699585,2.0299999713897705,1.9709999561309814,2.0269999504089355,1.4306198358535767,14858000.0,AVGO
2010-08-17,2.0390000343322754,2.071000099182129,2.0290000438690186,2.0369999408721924,1.4376775026321411,7749000.0,AVGO
2010-08-18,2.0320000648498535,2.0820000171661377,2.009000062942505,2.075000047683716,1.464497685432434,8339000.0,AVGO
2010-08-19,2.066999912261963,2.0850000381469727,2.0380001068115234,2.0510001182556152,1.4475587606430054,5891000.0,AVGO
2010-08-20,2.0290000438690186,2.055000066757202,2.0290000438690186,2.0429999828338623,1.4419127702713013,4158000.0,AVGO
2010-08-23,2.0439999103546143,2.056999921798706,2.0220000743865967,2.0399999618530273,1.4397956132888794,5772000.0,AVGO
2010-08-24,2.0,2.0480000972747803,1.9950000047683716,2.0239999294281006,1.4285025596618652,10926000.0,AVGO
2010-08-25,2.0250000953674316,2.0420000553131104,1.9709999561309814,2.0290000438690186,1.432031512260437,11221000.0,AVGO
2010-08-26,2.052000045776367,2.1019999980926514,2.0260000228881836,2.059999942779541,1.4539109468460083,7769000.0,AVGO
2010-08-27,2.062000036239624,2.065000057220459,2.000999927520752,2.0309998989105225,1.433443307876587,10518000.0,AVGO
2010-08-30,2.0209999084472656,2.0360000133514404,1.9930000305175781,2.0,1.4115642309188843,5904000.0,AVGO
2010-08-31,1.9800000190734863,2.0250000953674316,1.9700000286102295,2.015000104904175,1.42215096950531,6339000.0,AVGO
2010-09-01,2.0299999713897705,2.135999917984009,2.0160000324249268,2.0999999046325684,1.4821419715881348,11095000.0,AVGO
2010-09-02,2.121000051498413,2.124000072479248,2.0829999446868896,2.1050000190734863,1.4856714010238647,3047000.0,AVGO
2010-09-03,2.117000102996826,2.121000051498413,2.072999954223633,2.0980000495910645,1.4807310104370117,5240000.0,AVGO
2010-09-07,2.0789999961853027,2.0989999771118164,2.046999931335449,2.058000087738037,1.4524996280670166,4393000.0,AVGO
2010-09-08,2.055999994277954,2.069000005722046,1.9789999723434448,2.007999897003174,1.4172098636627197,10604000.0,AVGO
2010-09-09,2.013000011444092,2.0299999713897705,1.9490000009536743,1.9670000076293945,1.3882734775543213,15500000.0,AVGO
2010-09-10,1.9539999961853027,1.965000033378601,1.840999960899353,1.8650000095367432,1.3162834644317627,25537000.0,AVGO
2010-09-13,1.8769999742507935,1.906999945640564,1.8760000467300415,1.8949999809265137,1.3374568223953247,11641000.0,AVGO
2010-09-14,1.8830000162124634,2.0179998874664307,1.8609999418258667,1.9900000095367432,1.4045062065124512,12115000.0,AVGO
2010-09-15,1.9800000190734863,2.010999917984009,1.8910000324249268,1.9110000133514404,1.3487493991851807,11064000.0,AVGO
2010-09-16,1.9010000228881836,1.965000033378601,1.899999976158142,1.9249999523162842,1.3586302995681763,8576000.0,AVGO
2010-09-17,1.940000057220459,2.0320000648498535,1.9299999475479126,2.003999948501587,1.4143872261047363,15408000.0,AVGO
2010-09-20,2.0139999389648438,2.0980000495910645,1.9789999723434448,2.062999963760376,1.4560284614562988,12498000.0,AVGO
2010-09-21,2.075000047683716,2.191999912261963,2.0429999828338623,2.0769999027252197,1.4659093618392944,9719000.0,AVGO
2010-09-22,2.0799999237060547,2.1449999809265137,2.069999933242798,2.0759999752044678,1.4652034044265747,14238000.0,AVGO
2010-09-23,2.065000057220459,2.1649999618530273,2.0220000743865967,2.132999897003174,1.5054328441619873,10337000.0,AVGO
2010-09-24,2.138000011444092,2.177999973297119,2.131999969482422,2.1579999923706055,1.5230777263641357,7934000.0,AVGO
2010-09-27,2.197999954223633,2.2109999656677246,2.1730000972747803,2.194999933242798,1.5491913557052612,6663000.0,AVGO
2010-09-28,2.2100000381469727,2.242000102996826,2.180999994277954,2.2300000190734863,1.5738935470581055,6547000.0,AVGO
2010-09-29,2.2300000190734863,2.25,2.2119998931884766,2.2330000400543213,1.5760115385055542,3880000.0,AVGO
2010-09-30,2.23799991607666,2.299999952316284,2.2339999675750732,2.250999927520752,1.5887154340744019,10464000.0,AVGO
2010-10-01,2.26200008392334,2.2660000324249268,2.234999895095825,2.263000011444092,1.597184658050537,6330000.0,AVGO
2010-10-04,2.259999990463257,2.263000011444092,2.191999912261963,2.2309999465942383,1.5745996236801147,7856000.0,AVGO
2010-10-05,2.24399995803833,2.26200008392334,2.2249999046325684,2.244999885559082,1.5844805240631104,4099000.0,AVGO
2010-10-06,2.242000102996826,2.2690000534057617,2.184000015258789,2.2279999256134033,1.5724828243255615,10263000.0,AVGO
2010-10-07,2.2339999675750732,2.296999931335449,2.2260000705718994,2.2880001068115234,1.614829182624817,8158000.0,AVGO
2010-10-08,2.265000104904175,2.2709999084472656,2.2049999237060547,2.2200000286102295,1.5668367147445679,11144000.0,AVGO
2010-10-11,2.2260000705718994,2.246000051498413,2.2070000171661377,2.2339999675750732,1.5767168998718262,3876000.0,AVGO
2010-10-12,2.239000082015991,2.239000082015991,2.1740000247955322,2.2019999027252197,1.554132342338562,8550000.0,AVGO
2010-10-13,2.2209999561309814,2.2239999771118164,2.1540000438690186,2.200000047683716,1.5527201890945435,9490000.0,AVGO
2010-10-14,2.203000068664551,2.25,2.178999900817871,2.242000102996826,1.5823636054992676,8488000.0,AVGO
2010-10-15,2.255000114440918,2.2720000743865967,2.190999984741211,2.2690000534057617,1.6014195680618286,8650000.0,AVGO
2010-10-18,2.2760000228881836,2.2780001163482666,2.240999937057495,2.2739999294281006,1.6049485206604004,4626000.0,AVGO
2010-10-19,2.236999988555908,2.2720000743865967,2.2100000381469727,2.239000082015991,1.5802459716796875,5217000.0,AVGO
2010-10-20,2.253999948501587,2.265000104904175,2.2079999446868896,2.2100000381469727,1.5597782135009766,3061000.0,AVGO
2010-10-21,2.2200000286102295,2.2209999561309814,2.190000057220459,2.194999933242798,1.5491913557052612,3467000.0,AVGO
2010-10-22,2.200000047683716,2.249000072479248,2.194999933242798,2.247999906539917,1.5865979194641113,5244000.0,AVGO
2010-10-25,2.25,2.312000036239624,2.240999937057495,2.2860000133514404,1.6134178638458252,6475000.0,AVGO
2010-10-26,2.2799999713897705,2.3480000495910645,2.2639999389648438,2.3420000076293945,1.652941346168518,14787000.0,AVGO
2010-10-27,2.3410000801086426,2.375,2.319000005722046,2.369999885559082,1.6727038621902466,11251000.0,AVGO
2010-10-28,2.3959999084472656,2.4049999713897705,2.309000015258789,2.3429999351501465,1.6536471843719482,13518000.0,AVGO
2010-10-29,2.3510000705718994,2.494999885559082,2.3359999656677246,2.4679999351501465,1.7418694496154785,13607000.0,AVGO
2010-11-01,2.450000047683716,2.4730000495910645,2.377000093460083,2.382999897003174,1.6818780899047852,8575000.0,AVGO
2010-11-02,2.4100000858306885,2.444000005722046,2.38700008392334,2.4079999923706055,1.699522614479065,4040000.0,AVGO
2010-11-03,2.4119999408721924,2.4769999980926514,2.3959999084472656,2.4679999351501465,1.7418694496154785,5849000.0,AVGO
2010-11-04,2.496000051498413,2.5369999408721924,2.4670000076293945,2.5290000438690186,1.7849225997924805,9831000.0,AVGO
2010-11-05,2.5360000133514404,2.569999933242798,2.515000104904175,2.5369999408721924,1.7905688285827637,6295000.0,AVGO
2010-11-08,2.515000104904175,2.558000087738037,2.493000030517578,2.5250000953674316,1.7821003198623657,3744000.0,AVGO
2010-11-09,2.5329999923706055,2.5450000762939453,2.4779999256134033,2.4830000400543213,1.752456545829773,4079000.0,AVGO
2010-11-10,2.484999895095825,2.493000030517578,2.437999963760376,2.4609999656677246,1.7369287014007568,2680000.0,AVGO
2010-11-11,2.440000057220459,2.509999990463257,2.384999990463257,2.484999895095825,1.7538679838180542,12118000.0,AVGO
2010-11-12,2.4809999465942383,2.5810000896453857,2.4560000896453857,2.572000026702881,1.815271258354187,10075000.0,AVGO
2010-11-15,2.5950000286102295,2.5959999561309814,2.507999897003174,2.5169999599456787,1.776454210281372,4987000.0,AVGO
2010-11-16,2.502000093460083,2.506999969482422,2.441999912261963,2.490000009536743,1.7573962211608887,5697000.0,AVGO
2010-11-17,2.486999988555908,2.5199999809265137,2.450000047683716,2.4600000381469727,1.7362231016159058,6378000.0,AVGO
2010-11-18,2.4769999980926514,2.5160000324249268,2.4679999351501465,2.506999969482422,1.7693958282470703,6640000.0,AVGO
2010-11-19,2.493000030517578,2.5329999923706055,2.4839999675750732,2.5269999504089355,1.7835110425949097,3454000.0,AVGO
2010-11-22,2.5329999923706055,2.6010000705718994,2.5329999923706055,2.6010000705718994,1.8357391357421875,9078000.0,AVGO
2010-11-23,2.5899999141693115,2.6059999465942383,2.565999984741211,2.5980000495910645,1.8336212635040283,6454000.0,AVGO
2010-11-24,2.611999988555908,2.640000104904175,2.6070001125335693,2.630000114440918,1.856207251548767,8239000.0,AVGO
2010-11-26,2.625,2.7049999237060547,2.617000102996826,2.7009999752044678,1.906317114830017,6268000.0,AVGO
2010-11-29,2.7070000171661377,2.7100000381469727,2.635999917984009,2.691999912261963,1.8999654054641724,10205000.0,AVGO
2010-11-30,2.691999912261963,2.7249999046325684,2.6089999675750732,2.6110000610351562,1.842797040939331,54355000.0,AVGO
2010-12-01,2.6480000019073486,2.700000047683716,2.628999948501587,2.686000108718872,1.8957308530807495,16522000.0,AVGO
2010-12-02,2.696000099182129,2.8480000495910645,2.683000087738037,2.8410000801086426,2.005127429962158,19060000.0,AVGO
2010-12-03,2.799999952316284,2.799999952316284,2.6449999809265137,2.6549999713897705,1.8738515377044678,26279000.0,AVGO
2010-12-06,2.684999942779541,2.688999891281128,2.628999948501587,2.684999942779541,1.8950244188308716,8971000.0,AVGO
2010-12-07,2.4760000705718994,2.5290000438690186,2.447999954223633,2.4860000610351562,1.7545747756958008,117381000.0,AVGO
2010-12-08,2.499000072479248,2.5739998817443848,2.4860000610351562,2.5399999618530273,1.792685866355896,49077000.0,AVGO
2010-12-09,2.5739998817443848,2.6510000228881836,2.556999921798706,2.6410000324249268,1.86397123336792,34051000.0,AVGO
2010-12-10,2.6700000762939453,2.6700000762939453,2.615999937057495,2.640000104904175,1.863264560699463,14052000.0,AVGO
2010-12-13,2.6600000858306885,2.6700000762939453,2.634999990463257,2.6579999923706055,1.8809558153152466,12177000.0,AVGO
2010-12-14,2.6649999618530273,2.674999952316284,2.5969998836517334,2.628999948501587,1.8604340553283691,9460000.0,AVGO
2010-12-15,2.630000114440918,2.687000036239624,2.5910000801086426,2.640000104904175,1.8682175874710083,18005000.0,AVGO
2010-12-16,2.6600000858306885,2.765000104904175,2.6419999599456787,2.7639999389648438,1.9559667110443115,24425000.0,AVGO
2010-12-17,2.7720000743865967,2.8399999141693115,2.753000020980835,2.816999912261963,1.993474006652832,36401000.0,AVGO
2010-12-20,2.7890000343322754,2.8440001010894775,2.7699999809265137,2.7809998989105225,1.9679975509643555,14602000.0,AVGO
2010-12-21,2.7950000762939453,2.809000015258789,2.7669999599456787,2.7880001068115234,1.9729516506195068,14950000.0,AVGO
2010-12-22,2.7950000762939453,2.819000005722046,2.739000082015991,2.813999891281128,1.9913511276245117,9600000.0,AVGO
2010-12-23,2.812999963760376,2.8459999561309814,2.7909998893737793,2.812999963760376,1.9906433820724487,5885000.0,AVGO
2010-12-27,2.809999942779541,2.8940000534057617,2.7820000648498535,2.875999927520752,2.0352249145507812,13311000.0,AVGO
2010-12-28,2.877000093460083,2.880000114440918,2.822000026702881,2.8299999237060547,2.0026731491088867,5836000.0,AVGO
2010-12-29,2.8450000286102295,2.867000102996826,2.815000057220459,2.86299991607666,2.0260252952575684,6296000.0,AVGO
2010-12-30,2.864000082015991,2.8929998874664307,2.8350000381469727,2.888000011444092,2.043717622756958,6815000.0,AVGO
2010-12-31,2.890000104904175,2.890000104904175,2.8289999961853027,2.8410000801086426,2.0104575157165527,6177000.0,AVGO
2011-01-03,2.869999885559082,2.869999885559082,2.7679998874664307,2.7799999713897705,1.9672902822494507,14436000.0,AVGO
2011-01-04,2.7799999713897705,2.8299999237060547,2.697000026702881,2.799999952316284,1.9814441204071045,16262000.0,AVGO
2011-01-05,2.7850000858306885,2.816999912261963,2.7750000953674316,2.7990000247955322,1.980735182762146,9537000.0,AVGO
2011-01-06,2.803999900817871,2.8529999256134033,2.7769999504089355,2.8519999980926514,2.0182414054870605,9598000.0,AVGO
2011-01-07,2.8469998836517334,2.8510000705718994,2.7780001163482666,2.828000068664551,2.0012576580047607,8774000.0,AVGO
2011-01-10,2.8259999752044678,2.9100000858306885,2.7929999828338623,2.890000104904175,2.045132875442505,15385000.0,AVGO
2011-01-11,2.9140000343322754,2.9260001182556152,2.884000062942505,2.9240000247955322,2.06919264793396,13549000.0,AVGO
2011-01-12,2.927999973297119,2.933000087738037,2.802000045776367,2.816999912261963,1.993474006652832,15599000.0,AVGO
2011-01-13,2.8399999141693115,2.865999937057495,2.802000045776367,2.8350000381469727,2.0062124729156494,9645000.0,AVGO
2011-01-14,2.8340001106262207,2.9059998989105225,2.799999952316284,2.9010000228881836,2.0529167652130127,9776000.0,AVGO
2011-01-18,2.765000104904175,2.7890000343322754,2.7230000495910645,2.7750000953674316,1.963752031326294,100182000.0,AVGO
2011-01-19,2.799999952316284,2.8499999046325684,2.750999927520752,2.7760000228881836,1.9644594192504883,29795000.0,AVGO
2011-01-20,2.7690000534057617,2.7820000648498535,2.7279999256134033,2.7699999809265137,1.9602138996124268,20963000.0,AVGO
2011-01-21,2.7990000247955322,2.816999912261963,2.7660000324249268,2.7769999504089355,1.9651674032211304,12490000.0,AVGO
2011-01-24,2.822000026702881,2.822000026702881,2.757999897003174,2.809000015258789,1.9878129959106445,21495000.0,AVGO
2011-01-25,2.815000057220459,2.815000057220459,2.740000009536743,2.802000045776367,1.9828583002090454,14548000.0,AVGO
2011-01-26,2.812999963760376,2.8380000591278076,2.7799999713897705,2.825000047683716,1.9991347789764404,15209000.0,AVGO
2011-01-27,2.8420000076293945,2.944000005722046,2.8420000076293945,2.921999931335449,2.067777156829834,37302000.0,AVGO
2011-01-28,2.930000066757202,2.936000108718872,2.7869999408721924,2.805000066757202,1.984981656074524,13722000.0,AVGO
2011-01-31,2.803999900817871,2.888000011444092,2.7950000762939453,2.871000051498413,2.0316874980926514,13104000.0,AVGO
2011-02-01,2.8919999599456787,2.950000047683716,2.875999927520752,2.9070000648498535,2.0571627616882324,15835000.0,AVGO
2011-02-02,2.9019999504089355,2.940000057220459,2.869999885559082,2.880000114440918,2.0380568504333496,11300000.0,AVGO
2011-02-03,2.878000020980835,2.9579999446868896,2.859999895095825,2.940999984741211,2.081223249435425,12326000.0,AVGO
2011-02-04,2.9790000915527344,3.121999979019165,2.9719998836517334,3.119999885559082,2.207895040512085,25500000.0,AVGO
2011-02-07,3.117000102996826,3.1480000019073486,3.055999994277954,3.0789999961853027,2.178879737854004,9762000.0,AVGO
2011-02-08,3.140000104904175,3.2249999046325684,3.0999999046325684,3.190999984741211,2.258138656616211,34684000.0,AVGO
2011-02-09,3.193000078201294,3.2950000762939453,3.174999952316284,3.2769999504089355,2.3189971446990967,42916000.0,AVGO
2011-02-10,3.2990000247955322,3.299999952316284,3.2149999141693115,3.247999906539917,2.298474073410034,35043000.0,AVGO
2011-02-11,3.253000020980835,3.3350000381469727,3.2320001125335693,3.3289999961853027,2.35579514503479,27725000.0,AVGO
2011-02-14,3.3580000400543213,3.434999942779541,3.3580000400543213,3.4040000438690186,2.408869504928589,25997000.0,AVGO
2011-02-15,3.3889999389648438,3.4260001182556152,3.3420000076293945,3.371000051498413,2.38551664352417,19788000.0,AVGO
2011-02-16,3.3910000324249268,3.4600000381469727,3.38100004196167,3.437999963760376,2.432929515838623,12605000.0,AVGO
2011-02-17,3.433000087738037,3.441999912261963,3.3310000896453857,3.36299991607666,2.379854917526245,34387000.0,AVGO
2011-02-18,3.377000093460083,3.4070000648498535,3.36299991607666,3.384999990463257,2.3954241275787354,15639000.0,AVGO
2011-02-22,3.3239998817443848,3.3239998817443848,3.2130000591278076,3.259999990463257,2.3069663047790527,20118000.0,AVGO
2011-02-23,3.2980000972747803,3.299999952316284,3.0920000076293945,3.134000062942505,2.217801332473755,33272000.0,AVGO
2011-02-24,3.184999942779541,3.4119999408721924,3.1659998893737793,3.3980000019073486,2.404623031616211,35331000.0,AVGO
2011-02-25,3.4240000247955322,3.4590001106262207,3.380000114440918,3.436000108718872,2.431514024734497,19132000.0,AVGO
2011-02-28,3.434000015258789,3.453000068664551,3.3489999771118164,3.3989999294281006,2.405329942703247,16263000.0,AVGO
2011-03-01,3.2249999046325684,3.246999979019165,3.184000015258789,3.2070000171661377,2.269460439682007,101318000.0,AVGO
2011-03-02,3.2109999656677246,3.253999948501587,3.2039999961853027,3.246000051498413,2.2970592975616455,26617000.0,AVGO
2011-03-03,3.2790000438690186,3.308000087738037,3.234999895095825,3.299999952316284,2.335273027420044,32848000.0,AVGO
2011-03-04,3.305999994277954,3.315000057220459,3.250999927520752,3.2790000438690186,2.3204116821289062,20498000.0,AVGO
2011-03-07,3.299999952316284,3.299999952316284,3.1570000648498535,3.197999954223633,2.263091564178467,16709000.0,AVGO
2011-03-08,3.191999912261963,3.255000114440918,3.1589999198913574,3.239000082015991,2.292104721069336,19603000.0,AVGO
2011-03-09,3.1740000247955322,3.188999891281128,3.0940001010894775,3.0999999046325684,2.193740129470825,43929000.0,AVGO
2011-03-10,3.0810000896453857,3.111999988555908,3.015000104904175,3.1010000705718994,2.194448471069336,36191000.0,AVGO
2011-03-11,3.0980000495910645,3.1519999504089355,3.071000099182129,3.122999906539917,2.2100162506103516,13135000.0,AVGO
2011-03-14,3.1089999675750732,3.117000102996826,3.072000026702881,3.0999999046325684,2.193740129470825,16414000.0,AVGO
2011-03-15,3.0239999294281006,3.128000020980835,2.984999895095825,3.1070001125335693,2.1986947059631348,19796000.0,AVGO
2011-03-16,3.0950000286102295,3.1089999675750732,2.940000057220459,2.9560000896453857,2.0972375869750977,28724000.0,AVGO
2011-03-17,3.0269999504089355,3.0309998989105225,2.8269999027252197,2.931999921798706,2.080209970474243,38143000.0,AVGO
2011-03-18,3.006999969482422,3.0490000247955322,2.9860000610351562,3.0320000648498535,2.151157855987549,30697000.0,AVGO
2011-03-21,3.0799999237060547,3.115000009536743,3.058000087738037,3.0989999771118164,2.1986947059631348,19947000.0,AVGO
2011-03-22,3.115000009536743,3.130000114440918,3.0450000762939453,3.071000099182129,2.178828477859497,15176000.0,AVGO
2011-03-23,3.072000026702881,3.1019999980926514,3.0350000858306885,3.1010000705718994,2.200113296508789,12364000.0,AVGO
2011-03-24,3.127000093460083,3.132999897003174,3.059999942779541,3.1070001125335693,2.204371452331543,13371000.0,AVGO
2011-03-25,3.115000009536743,3.11899995803833,3.0769999027252197,3.0850000381469727,2.1887619495391846,9122000.0,AVGO
2011-03-28,3.0869998931884766,3.1500000953674316,3.0739998817443848,3.0989999771118164,2.1986947059631348,10740000.0,AVGO
2011-03-29,3.1059999465942383,3.1110000610351562,3.061000108718872,3.0969998836517334,2.197275161743164,14708000.0,AVGO
2011-03-30,3.1500000953674316,3.1589999198913574,3.061000108718872,3.1489999294281006,2.234168291091919,17353000.0,AVGO
2011-03-31,3.1530001163482666,3.180000066757202,3.0810000896453857,3.109999895095825,2.206498384475708,15803000.0,AVGO
2011-04-01,3.1500000953674316,3.190000057220459,3.1059999465942383,3.1519999504089355,2.236297369003296,16029000.0,AVGO
2011-04-04,3.1589999198913574,3.1589999198913574,2.996000051498413,3.059999942779541,2.171024799346924,18790000.0,AVGO
2011-04-05,3.075000047683716,3.240000009536743,3.061000108718872,3.1670000553131104,2.2469394207000732,20444000.0,AVGO
2011-04-06,3.2139999866485596,3.2860000133514404,3.1740000247955322,3.2769999504089355,2.3249833583831787,21373000.0,AVGO
2011-04-07,3.2869999408721924,3.296999931335449,3.2309999465942383,3.246999979019165,2.303698778152466,16580000.0,AVGO
2011-04-08,3.2860000133514404,3.313999891281128,3.2269999980926514,3.256999969482422,2.310793876647949,8340000.0,AVGO
2011-04-11,3.2300000190734863,3.263000011444092,3.1740000247955322,3.2230000495910645,2.2866711616516113,8896000.0,AVGO
2011-04-12,3.2019999027252197,3.2160000801086426,3.0880000591278076,3.13700008392334,2.2256550788879395,18839000.0,AVGO
2011-04-13,3.187000036239624,3.2290000915527344,3.13100004196167,3.180000066757202,2.256162405014038,8770000.0,AVGO
2011-04-14,3.1530001163482666,3.178999900817871,3.069999933242798,3.1070001125335693,2.204371452331543,11746000.0,AVGO
2011-04-15,3.0999999046325684,3.184000015258789,3.058000087738037,3.1740000247955322,2.2519054412841797,12119000.0,AVGO
2011-04-18,3.1389999389648438,3.1700000762939453,3.052999973297119,3.1600000858306885,2.241973638534546,8052000.0,AVGO
2011-04-19,3.1559998989105225,3.1989998817443848,3.1440000534057617,3.177000045776367,2.2540338039398193,7237000.0,AVGO
2011-04-20,3.2179999351501465,3.26200008392334,3.194000005722046,3.25600004196167,2.3100833892822266,11153000.0,AVGO
2011-04-21,3.2880001068115234,3.305999994277954,3.252000093460083,3.259999990463257,2.3129210472106934,8335000.0,AVGO
2011-04-25,3.253999948501587,3.2699999809265137,3.200000047683716,3.2239999771118164,2.2873804569244385,6000000.0,AVGO
2011-04-26,3.257999897003174,3.257999897003174,3.184999942779541,3.234999895095825,2.295184373855591,11000000.0,AVGO
2011-04-27,3.2260000705718994,3.3499999046325684,3.2160000801086426,3.3389999866485596,2.3689708709716797,9822000.0,AVGO
2011-04-28,3.3299999237060547,3.381999969482422,3.2860000133514404,3.2890000343322754,2.333496332168579,7214000.0,AVGO
2011-04-29,3.2939999103546143,3.3499999046325684,3.2720000743865967,3.3459999561309814,2.3739371299743652,8180000.0,AVGO
2011-05-02,3.374000072479248,3.374000072479248,3.2920000553131104,3.315000057220459,2.351943254470825,7082000.0,AVGO
2011-05-03,3.3289999961853027,3.3429999351501465,3.2130000591278076,3.2160000801086426,2.281704902648926,11762000.0,AVGO
2011-05-04,3.2249999046325684,3.260999917984009,3.191999912261963,3.253999948501587,2.3086652755737305,7482000.0,AVGO
2011-05-05,3.25,3.3399999141693115,3.2079999446868896,3.3239998817443848,2.3583288192749023,8190000.0,AVGO
2011-05-06,3.384999990463257,3.5,3.361999988555908,3.490999937057495,2.4768118858337402,19072000.0,AVGO
2011-05-09,3.5,3.563999891281128,3.4649999141693115,3.5460000038146973,2.515834093093872,13743000.0,AVGO
2011-05-10,3.5759999752044678,3.618000030517578,3.561000108718872,3.5810000896453857,2.5406665802001953,16750000.0,AVGO
2011-05-11,3.5810000896453857,3.6070001125335693,3.552999973297119,3.5869998931884766,2.544923782348633,13834000.0,AVGO
2011-05-12,3.5959999561309814,3.6070001125335693,3.4830000400543213,3.50600004196167,2.487454891204834,20255000.0,AVGO
2011-05-13,3.50600004196167,3.5409998893737793,3.48799991607666,3.489000082015991,2.4753940105438232,10121000.0,AVGO
2011-05-16,3.4700000286102295,3.497999906539917,3.4140000343322754,3.4260001182556152,2.4306962490081787,7560000.0,AVGO
2011-05-17,3.4100000858306885,3.444000005722046,3.381999969482422,3.427000045776367,2.431406021118164,12570000.0,AVGO
2011-05-18,3.438999891281128,3.4749999046325684,3.365999937057495,3.4630000591278076,2.456946849822998,6843000.0,AVGO
2011-05-19,3.4700000286102295,3.50600004196167,3.4630000591278076,3.4809999465942383,2.469717264175415,7067000.0,AVGO
2011-05-20,3.4839999675750732,3.5209999084472656,3.430000066757202,3.438999891281128,2.43992018699646,13164000.0,AVGO
2011-05-23,3.3919999599456787,3.3929998874664307,3.177999973297119,3.203000068664551,2.2724814414978027,24924000.0,AVGO
2011-05-24,3.2130000591278076,3.2309999465942383,3.1480000019073486,3.1710000038146973,2.2497775554656982,28000000.0,AVGO
2011-05-25,3.2799999713897705,3.4679999351501465,3.260999917984009,3.450000047683716,2.4477241039276123,67195000.0,AVGO
2011-05-26,3.4539999961853027,3.484999895095825,3.365000009536743,3.4709999561309814,2.46262264251709,18410000.0,AVGO
2011-05-27,3.4800000190734863,3.51200008392334,3.4170000553131104,3.500999927520752,2.483907461166382,17129000.0,AVGO
2011-05-31,3.385999917984009,3.4070000648498535,3.3469998836517334,3.378999948501587,2.3973498344421387,107163000.0,AVGO
2011-06-01,3.384000062942505,3.424999952316284,3.365000009536743,3.377000093460083,2.3959317207336426,33826000.0,AVGO
2011-06-02,3.38100004196167,3.4149999618530273,3.2980000972747803,3.3519999980926514,2.378194570541382,23147000.0,AVGO
2011-06-03,3.371999979019165,3.4140000343322754,3.309999942779541,3.3889999389648438,2.404444694519043,40817000.0,AVGO
2011-06-06,3.4010000228881836,3.4010000228881836,3.3259999752044678,3.3329999446868896,2.3647139072418213,13823000.0,AVGO
2011-06-07,3.380000114440918,3.424999952316284,3.3399999141693115,3.4049999713897705,2.415797472000122,49845000.0,AVGO
2011-06-08,3.380000114440918,3.4170000553131104,3.325000047683716,3.3410000801086426,2.370389938354492,17524000.0,AVGO
2011-06-09,3.430000066757202,3.4639999866485596,3.375,3.4230000972747803,2.4285683631896973,32459000.0,AVGO
2011-06-10,3.427999973297119,3.438999891281128,3.3380000591278076,3.377000093460083,2.3959317207336426,14248000.0,AVGO
2011-06-13,3.377000093460083,3.430999994277954,3.2980000972747803,3.3469998836517334,2.3746469020843506,23053000.0,AVGO
2011-06-14,3.375999927520752,3.446000099182129,3.375,3.421999931335449,2.4278581142425537,21844000.0,AVGO
2011-06-15,3.4140000343322754,3.430000066757202,3.3489999771118164,3.3559999465942383,2.3873112201690674,19194000.0,AVGO
2011-06-16,3.3410000801086426,3.3469998836517334,3.2660000324249268,3.3369998931884766,2.3737945556640625,21770000.0,AVGO
2011-06-17,3.368000030517578,3.384000062942505,3.2190001010894775,3.25,2.31190824508667,20208000.0,AVGO
2011-06-20,3.246000051498413,3.315000057220459,3.2190001010894775,3.2750000953674316,2.3296916484832764,19129000.0,AVGO
2011-06-21,3.2960000038146973,3.440000057220459,3.2850000858306885,3.4070000648498535,2.4235897064208984,18439000.0,AVGO
2011-06-22,3.3980000019073486,3.628999948501587,3.3550000190734863,3.5999999046325684,2.5608813762664795,38382000.0,AVGO
2011-06-23,3.5480000972747803,3.6070001125335693,3.4830000400543213,3.5820000171661377,2.5480780601501465,38113000.0,AVGO
2011-06-24,3.578000068664551,3.5829999446868896,3.5,3.552000045776367,2.5267367362976074,102656000.0,AVGO
2011-06-27,3.555000066757202,3.6019999980926514,3.5,3.5450000762939453,2.5217573642730713,18084000.0,AVGO
2011-06-28,3.5810000896453857,3.73799991607666,3.5810000896453857,3.694999933242798,2.628459930419922,31148000.0,AVGO
2011-06-29,3.7260000705718994,3.7790000438690186,3.6640000343322754,3.7709999084472656,2.682523727416992,25680000.0,AVGO
2011-06-30,3.7799999713897705,3.869999885559082,3.7149999141693115,3.799999952316284,2.703152894973755,26329000.0,AVGO
2011-07-01,3.822000026702881,3.8989999294281006,3.821000099182129,3.865999937057495,2.75010347366333,19479000.0,AVGO
2011-07-05,3.875,3.9079999923706055,3.8510000705718994,3.8959999084472656,2.7714431285858154,9519000.0,AVGO
2011-07-06,3.867000102996826,3.9079999923706055,3.8289999961853027,3.9079999923706055,2.7799794673919678,12312000.0,AVGO
2011-07-07,3.9130001068115234,3.944999933242798,3.8540000915527344,3.865999937057495,2.75010347366333,23121000.0,AVGO
2011-07-08,3.821000099182129,3.821000099182129,3.703000068664551,3.7960000038146973,2.700308322906494,20213000.0,AVGO
2011-07-11,3.740999937057495,3.812000036239624,3.7100000381469727,3.739000082015991,2.6597609519958496,14573000.0,AVGO
2011-07-12,3.7190001010894775,3.7239999771118164,3.500999927520752,3.5409998893737793,2.5189120769500732,34677000.0,AVGO
2011-07-13,3.575000047683716,3.627000093460083,3.505000114440918,3.5380001068115234,2.516777515411377,19458000.0,AVGO
2011-07-14,3.5450000762939453,3.6489999294281006,3.509999990463257,3.5179998874664307,2.5025506019592285,22356000.0,AVGO
2011-07-15,3.5369999408721924,3.5950000286102295,3.494999885559082,3.5510001182556152,2.5260257720947266,13745000.0,AVGO
2011-07-18,3.5280001163482666,3.571000099182129,3.440000057220459,3.5,2.48974609375,11983000.0,AVGO
2011-07-19,3.5299999713897705,3.6459999084472656,3.5139999389648438,3.619999885559082,2.5751090049743652,17896000.0,AVGO
2011-07-20,3.627000093460083,3.700000047683716,3.5920000076293945,3.6070001125335693,2.565861701965332,14829000.0,AVGO
2011-07-21,3.5899999141693115,3.7190001010894775,3.572999954223633,3.6760001182556152,2.6149446964263916,20498000.0,AVGO
2011-07-22,3.671999931335449,3.739000082015991,3.628000020980835,3.7070000171661377,2.6369967460632324,14929000.0,AVGO
2011-07-25,3.6640000343322754,3.6640000343322754,3.5889999866485596,3.6089999675750732,2.567284107208252,14361000.0,AVGO
2011-07-26,3.628999948501587,3.694999933242798,3.621000051498413,3.6659998893737793,2.6078314781188965,27251000.0,AVGO
2011-07-27,3.6449999809265137,3.6649999618530273,3.3429999351501465,3.36299991607666,2.3922903537750244,40519000.0,AVGO
2011-07-28,3.3889999389648438,3.4800000190734863,3.240999937057495,3.4639999866485596,2.4641363620758057,47042000.0,AVGO
2011-07-29,3.361999988555908,3.430000066757202,3.2829999923706055,3.36299991607666,2.3922903537750244,38414000.0,AVGO
2011-08-01,3.4000000953674316,3.4100000858306885,3.2950000762939453,3.319999933242798,2.3617026805877686,23795000.0,AVGO
2011-08-02,3.2850000858306885,3.38100004196167,3.2039999961853027,3.2049999237060547,2.2798964977264404,21037000.0,AVGO
2011-08-03,3.2079999446868896,3.2839999198913574,3.131999969482422,3.2780001163482666,2.3318252563476562,17009000.0,AVGO
2011-08-04,3.2209999561309814,3.25,3.0859999656677246,3.0899999141693115,2.1980903148651123,26030000.0,AVGO
2011-08-05,3.127000093460083,3.249000072479248,2.9089999198913574,2.934000015258789,2.08711838722229,43748000.0,AVGO
2011-08-08,2.8610000610351562,2.9000000953674316,2.6419999599456787,2.7190001010894775,1.9341764450073242,43697000.0,AVGO
2011-08-09,2.7720000743865967,2.9690001010894775,2.743000030517578,2.9630000591278076,2.107748508453369,42112000.0,AVGO
2011-08-10,2.9260001182556152,3.0369999408721924,2.8580000400543213,2.924999952316284,2.080716609954834,30432000.0,AVGO
2011-08-11,2.9600000381469727,3.115000009536743,2.9600000381469727,3.071000099182129,2.1845741271972656,27065000.0,AVGO
2011-08-12,3.1489999294281006,3.200000047683716,3.0899999141693115,3.1040000915527344,2.2080495357513428,25743000.0,AVGO
2011-08-15,3.11899995803833,3.240000009536743,3.11899995803833,3.1610000133514404,2.248596668243408,17067000.0,AVGO
2011-08-16,3.134000062942505,3.1679999828338623,3.065999984741211,3.0969998836517334,2.2030699253082275,17459000.0,AVGO
2011-08-17,3.132999897003174,3.203000068664551,3.061000108718872,3.069999933242798,2.1838629245758057,19023000.0,AVGO
2011-08-18,2.9809999465942383,2.990000009536743,2.828000068664551,2.8610000610351562,2.0351901054382324,23055000.0,AVGO
2011-08-19,2.86299991607666,2.9749999046325684,2.815000057220459,2.8289999961853027,2.012425422668457,12609000.0,AVGO
2011-08-22,2.878999948501587,2.890000104904175,2.7309999465942383,2.7639999389648438,1.9661879539489746,25793000.0,AVGO
2011-08-23,2.7820000648498535,2.930000066757202,2.7260000705718994,2.9260001182556152,2.081428289413452,35977000.0,AVGO
2011-08-24,3.2019999027252197,3.3459999561309814,3.138000011444092,3.2269999980926514,2.295546531677246,69346000.0,AVGO
2011-08-25,3.2109999656677246,3.2269999980926514,3.0810000896453857,3.0880000591278076,2.1966681480407715,25065000.0,AVGO
2011-08-26,3.058000087738037,3.1530001163482666,2.9700000286102295,3.1519999504089355,2.242194175720215,20916000.0,AVGO
2011-08-29,3.197000026702881,3.2899999618530273,3.174999952316284,3.2850000858306885,2.3368046283721924,13459000.0,AVGO
2011-08-30,3.255000114440918,3.377000093460083,3.2269999980926514,3.312999963760376,2.3567233085632324,17145000.0,AVGO
2011-08-31,3.3299999237060547,3.450000047683716,3.2739999294281006,3.311000108718872,2.355299949645996,22913000.0,AVGO
2011-09-01,3.3010001182556152,3.315000057220459,3.1480000019073486,3.1559998989105225,2.245039701461792,31135000.0,AVGO
2011-09-02,3.0840001106262207,3.1540000438690186,3.0510001182556152,3.11299991607666,2.214452028274536,16862000.0,AVGO
2011-09-06,3.0490000247955322,3.1480000019073486,3.0220000743865967,3.1459999084472656,2.2379262447357178,11800000.0,AVGO
2011-09-07,3.2209999561309814,3.3239998817443848,3.2139999866485596,3.2699999809265137,2.326134443283081,14595000.0,AVGO
2011-09-08,3.2170000076293945,3.3350000381469727,3.2100000381469727,3.309000015258789,2.3538777828216553,19383000.0,AVGO
2011-09-09,3.2709999084472656,3.325000047683716,3.200000047683716,3.2300000190734863,2.297679901123047,19032000.0,AVGO
2011-09-12,3.184999942779541,3.368000030517578,3.180000066757202,3.3529999256134033,2.385176658630371,20470000.0,AVGO
2011-09-13,3.3529999256134033,3.4489998817443848,3.309999942779541,3.431999921798706,2.4413740634918213,20511000.0,AVGO
2011-09-14,3.450000047683716,3.677000045776367,3.440000057220459,3.6559998989105225,2.600717544555664,47206000.0,AVGO
2011-09-15,3.680999994277954,3.760999917984009,3.621000051498413,3.6740000247955322,2.6214091777801514,29980000.0,AVGO
2011-09-16,3.6570000648498535,3.686000108718872,3.5920000076293945,3.6489999294281006,2.6035714149475098,18030000.0,AVGO
2011-09-19,3.5989999771118164,3.7990000247955322,3.5409998893737793,3.734999895095825,2.664933204650879,41148000.0,AVGO
2011-09-20,3.75,3.7769999504089355,3.627000093460083,3.631999969482422,2.5914430618286133,27096000.0,AVGO
2011-09-21,3.6549999713897705,3.7990000247955322,3.5880000591278076,3.5980000495910645,2.56718373298645,32939000.0,AVGO
2011-09-22,3.484999895095825,3.500999927520752,3.296999931335449,3.3980000019073486,2.424482822418213,35534000.0,AVGO
2011-09-23,3.38700008392334,3.505000114440918,3.3389999866485596,3.4800000190734863,2.482990026473999,20868000.0,AVGO
2011-09-26,3.4820001125335693,3.507999897003174,3.3559999465942383,3.4100000858306885,2.43304443359375,25446000.0,AVGO
2011-09-27,3.4679999351501465,3.515000104904175,3.436000108718872,3.4489998817443848,2.4608705043792725,23268000.0,AVGO
2011-09-28,3.302000045776367,3.3589999675750732,3.2890000343322754,3.3010001182556152,2.3552730083465576,106504000.0,AVGO
2011-09-29,3.3340001106262207,3.3559999465942383,3.2269999980926514,3.316999912261963,2.3666884899139404,49076000.0,AVGO
2011-09-30,3.312000036239624,3.3380000591278076,3.243000030517578,3.2769999504089355,2.338149309158325,51674000.0,AVGO
2011-10-03,3.2790000438690186,3.322999954223633,3.1670000553131104,3.188999891281128,2.275360584259033,36639000.0,AVGO
2011-10-04,3.193000078201294,3.2730000019073486,3.0859999656677246,3.2339999675750732,2.3074686527252197,37205000.0,AVGO
2011-10-05,3.2269999980926514,3.2699999809265137,3.1600000858306885,3.260999917984009,2.326732635498047,35119000.0,AVGO
2011-10-06,3.2750000953674316,3.315000057220459,3.2290000915527344,3.2950000762939453,2.35099196434021,24844000.0,AVGO
2011-10-07,3.315000057220459,3.3429999351501465,3.253000020980835,3.2880001068115234,2.3459978103637695,18240000.0,AVGO
2011-10-10,3.299999952316284,3.4059998989105225,3.299999952316284,3.365999937057495,2.4016497135162354,37583000.0,AVGO
2011-10-11,3.361999988555908,3.3910000324249268,3.299999952316284,3.3329999446868896,2.3781046867370605,13002000.0,AVGO
2011-10-12,3.3540000915527344,3.385999917984009,3.2909998893737793,3.365000009536743,2.4009368419647217,28894000.0,AVGO
2011-10-13,3.3389999866485596,3.493000030517578,3.328000068664551,3.4059998989105225,2.4301905632019043,60207000.0,AVGO
2011-10-14,3.497999906539917,3.5810000896453857,3.4779999256134033,3.569999933242798,2.5472049713134766,35004000.0,AVGO
2011-10-17,3.5350000858306885,3.569000005722046,3.4809999465942383,3.50600004196167,2.501540422439575,21298000.0,AVGO
2011-10-18,3.493000030517578,3.5969998836517334,3.490999937057495,3.5840001106262207,2.557194232940674,13948000.0,AVGO
2011-10-19,3.5439999103546143,3.5450000762939453,3.450000047683716,3.4630000591278076,2.4708597660064697,30312000.0,AVGO
2011-10-20,3.453000068664551,3.4820001125335693,3.312000036239624,3.3980000019073486,2.424482822418213,27141000.0,AVGO
2011-10-21,3.431999921798706,3.450000047683716,3.3420000076293945,3.384000062942505,2.4144930839538574,27170000.0,AVGO
2011-10-24,3.4079999923706055,3.561000108718872,3.4000000953674316,3.5350000858306885,2.522233486175537,25690000.0,AVGO
2011-10-25,3.4839999675750732,3.5360000133514404,3.436000108718872,3.444000005722046,2.457303762435913,24614000.0,AVGO
2011-10-26,3.4790000915527344,3.513000011444092,3.364000082015991,3.377000093460083,2.409499406814575,23137000.0,AVGO
2011-10-27,3.4070000648498535,3.4749999046325684,3.3469998836517334,3.375999927520752,2.408785343170166,43170000.0,AVGO
2011-10-28,3.371000051498413,3.3989999294281006,3.1089999675750732,3.3589999675750732,2.3966565132141113,71596000.0,AVGO
2011-10-31,3.302000045776367,3.4189999103546143,3.2980000972747803,3.377000093460083,2.409499406814575,35767000.0,AVGO
2011-11-01,3.2690000534057617,3.3420000076293945,3.2279999256134033,3.299999952316284,2.3545591831207275,16196000.0,AVGO
2011-11-02,3.3429999351501465,3.3499999046325684,3.240000009536743,3.259999990463257,2.326019048690796,21439000.0,AVGO
2011-11-03,3.3510000705718994,3.450000047683716,3.2809998989105225,3.433000087738037,2.449456214904785,31449000.0,AVGO
2011-11-04,3.361999988555908,3.4700000286102295,3.361999988555908,3.437999963760376,2.4530229568481445,17113000.0,AVGO
2011-11-07,3.434000015258789,3.4600000381469727,3.3610000610351562,3.4579999446868896,2.4672935009002686,17289000.0,AVGO
2011-11-08,3.4730000495910645,3.4860000610351562,3.38700008392334,3.4730000495910645,2.4779956340789795,9475000.0,AVGO
2011-11-09,3.4049999713897705,3.4539999961853027,3.306999921798706,3.322999954223633,2.370969772338867,15446000.0,AVGO
2011-11-10,3.365999937057495,3.375999927520752,3.2890000343322754,3.311000108718872,2.362407922744751,9560000.0,AVGO
2011-11-11,3.3340001106262207,3.438999891281128,3.3239998817443848,3.428999900817871,2.446601629257202,11553000.0,AVGO
2011-11-14,3.4119999408721924,3.430999994277954,3.2829999923706055,3.309000015258789,2.3609817028045654,16063000.0,AVGO
2011-11-15,3.296999931335449,3.3519999980926514,3.2709999084472656,3.2990000247955322,2.3538460731506348,16231000.0,AVGO
2011-11-16,3.2769999504089355,3.3299999237060547,3.187000036239624,3.2100000381469727,2.2903432846069336,17180000.0,AVGO
2011-11-17,3.2039999961853027,3.2119998931884766,3.0950000286102295,3.119999885559082,2.226128578186035,17349000.0,AVGO
2011-11-18,3.1470000743865967,3.1579999923706055,2.9509999752044678,2.9860000610351562,2.130519390106201,32279000.0,AVGO
2011-11-21,2.937000036239624,2.9739999771118164,2.878999948501587,2.944999933242798,2.1012651920318604,36389000.0,AVGO
2011-11-22,2.9609999656677246,3.0220000743865967,2.9100000858306885,2.940999984741211,2.0984115600585938,24014000.0,AVGO
2011-11-23,2.9000000953674316,2.937999963760376,2.867000102996826,2.8970000743865967,2.0670173168182373,23819000.0,AVGO
2011-11-25,2.8959999084472656,2.9130001068115234,2.8310000896453857,2.8440001010894775,2.0292022228240967,8951000.0,AVGO
2011-11-28,2.933000087738037,2.9539999961853027,2.812000036239624,2.8580000400543213,2.039191246032715,47653000.0,AVGO
2011-11-29,2.865000009536743,2.936000108718872,2.8519999980926514,2.88700008392334,2.0598831176757812,31500000.0,AVGO
2011-11-30,2.943000078201294,3.010999917984009,2.8980000019073486,2.992000102996826,2.134800910949707,36586000.0,AVGO
2011-12-01,2.9820001125335693,3.0380001068115234,2.9119999408721924,2.990999937057495,2.134087562561035,48612000.0,AVGO
2011-12-02,3.0280001163482666,3.1640000343322754,3.0160000324249268,3.115999937057495,2.2232744693756104,57689000.0,AVGO
2011-12-05,3.1519999504089355,3.194000005722046,3.078000068664551,3.1040000915527344,2.2147128582000732,28980000.0,AVGO
2011-12-06,3.0929999351501465,3.119999885559082,3.00600004196167,3.0810000896453857,2.1983015537261963,27058000.0,AVGO
2011-12-07,3.063999891281128,3.1389999389648438,3.0439999103546143,3.121999979019165,2.227555990219116,25019000.0,AVGO
2011-12-08,3.118000030517578,3.1640000343322754,3.059000015258789,3.068000078201294,2.189027786254883,29397000.0,AVGO
2011-12-09,3.003000020980835,3.065000057220459,2.9790000915527344,3.061000108718872,2.1840319633483887,33703000.0,AVGO
2011-12-12,2.861999988555908,2.9630000591278076,2.759000062942505,2.946000099182129,2.1019790172576904,36729000.0,AVGO
2011-12-13,2.9539999961853027,3.009000062942505,2.9070000648498535,2.9240000247955322,2.086282253265381,32928000.0,AVGO
2011-12-14,2.8959999084472656,2.936000108718872,2.8269999027252197,2.871000051498413,2.048466920852661,21125000.0,AVGO
2011-12-15,2.88700008392334,2.924999952316284,2.8589999675750732,2.864000082015991,2.052048921585083,23917000.0,AVGO
2011-12-16,2.8919999599456787,2.9170000553131104,2.816999912261963,2.880000114440918,2.0635130405426025,90364000.0,AVGO
2011-12-19,2.882999897003174,2.882999897003174,2.739000082015991,2.755000114440918,1.9739515781402588,31124000.0,AVGO
2011-12-20,2.7929999828338623,2.9000000953674316,2.7920000553131104,2.882999897003174,2.065662145614624,29613000.0,AVGO
2011-12-21,2.882999897003174,2.9059998989105225,2.755000114440918,2.7909998893737793,1.99974524974823,27523000.0,AVGO
2011-12-22,2.7980000972747803,2.9140000343322754,2.7880001068115234,2.9019999504089355,2.079275608062744,27874000.0,AVGO
2011-12-23,2.921999931335449,2.9609999656677246,2.884999990463257,2.938999891281128,2.1057868003845215,11767000.0,AVGO
2011-12-27,2.927000045776367,2.953000068664551,2.9030001163482666,2.934000015258789,2.102203130722046,7993000.0,AVGO
2011-12-28,2.936000108718872,2.937000036239624,2.865000009536743,2.874000072479248,2.059213638305664,13375000.0,AVGO
2011-12-29,2.875999927520752,2.9210000038146973,2.875,2.9119999408721924,2.0864412784576416,10221000.0,AVGO
2011-12-30,2.8959999084472656,2.9159998893737793,2.865999937057495,2.885999917984009,2.067811965942383,8364000.0,AVGO
2012-01-03,2.947999954223633,3.0169999599456787,2.8889999389648438,2.8949999809265137,2.074260711669922,23032000.0,AVGO
2012-01-04,2.8889999389648438,2.9089999198913574,2.809999942779541,2.8450000286102295,2.038435459136963,20254000.0,AVGO
2012-01-05,2.8459999561309814,2.875,2.818000078201294,2.8489999771118164,2.0413005352020264,20075000.0,AVGO
2012-01-06,2.8410000801086426,2.8550000190734863,2.802000045776367,2.8310000896453857,2.02840518951416,24357000.0,AVGO
2012-01-09,2.930000066757202,3.0390000343322754,2.924999952316284,3.0220000743865967,2.165255546569824,33485000.0,AVGO
2012-01-10,3.052000045776367,3.11299991607666,3.0380001068115234,3.065000057220459,2.196065664291382,26829000.0,AVGO
2012-01-11,3.069000005722046,3.1649999618530273,3.059000015258789,3.119999885559082,2.2354722023010254,27103000.0,AVGO
2012-01-12,3.119999885559082,3.193000078201294,3.0820000171661377,3.1679999828338623,2.269864559173584,19873000.0,AVGO
2012-01-13,3.1519999504089355,3.200000047683716,3.121000051498413,3.1570000648498535,2.2619824409484863,24275000.0,AVGO
2012-01-17,3.1700000762939453,3.2260000705718994,3.1470000743865967,3.1649999618530273,2.267714738845825,31782000.0,AVGO
2012-01-18,3.299999952316284,3.5,3.2780001163482666,3.3940000534057617,2.4317924976348877,44274000.0,AVGO
2012-01-19,3.388000011444092,3.434999942779541,3.359999895095825,3.361999988555908,2.4088642597198486,31546000.0,AVGO
2012-01-20,3.3510000705718994,3.4040000438690186,3.3340001106262207,3.38100004196167,2.422478199005127,23462000.0,AVGO
2012-01-23,3.384999990463257,3.390000104904175,3.328000068664551,3.365999937057495,2.4117302894592285,20124000.0,AVGO
2012-01-24,3.3589999675750732,3.4240000247955322,3.3589999675750732,3.38700008392334,2.4267776012420654,30778000.0,AVGO
2012-01-25,3.4549999237060547,3.4549999237060547,3.369999885559082,3.3949999809265137,2.432509660720825,30352000.0,AVGO
2012-01-26,3.3959999084472656,3.443000078201294,3.384000062942505,3.4079999923706055,2.441824197769165,25537000.0,AVGO
2012-01-27,3.384000062942505,3.447999954223633,3.380000114440918,3.3980000019073486,2.4346587657928467,29468000.0,AVGO
2012-01-30,3.359999895095825,3.4010000228881836,3.3350000381469727,3.372999906539917,2.416745901107788,16590000.0,AVGO
2012-01-31,3.4000000953674316,3.4079999923706055,3.3369998931884766,3.3940000534057617,2.4317924976348877,16225000.0,AVGO
2012-02-01,3.438999891281128,3.490000009536743,3.4140000343322754,3.4619998931884766,2.4805147647857666,39361000.0,AVGO
2012-02-02,3.4800000190734863,3.5179998874664307,3.4749999046325684,3.5,2.5077407360076904,36188000.0,AVGO
2012-02-03,3.5280001163482666,3.5480000972747803,3.496999979019165,3.513000011444092,2.5170562267303467,23816000.0,AVGO
2012-02-06,3.5,3.505000114440918,3.4140000343322754,3.430000066757202,2.4575862884521484,18853000.0,AVGO
2012-02-07,3.434000015258789,3.4639999866485596,3.3949999809265137,3.4579999446868896,2.477649211883545,15076000.0,AVGO
2012-02-08,3.4549999237060547,3.5,3.444000005722046,3.48799991607666,2.499143600463867,15032000.0,AVGO
2012-02-09,3.500999927520752,3.5309998989105225,3.4790000915527344,3.513000011444092,2.5170562267303467,11790000.0,AVGO
2012-02-10,3.4579999446868896,3.5399999618530273,3.434999942779541,3.4489998817443848,2.471200704574585,8898000.0,AVGO
2012-02-13,3.484999895095825,3.5169999599456787,3.4019999504089355,3.4809999465942383,2.4941279888153076,14360000.0,AVGO
2012-02-14,3.4570000171661377,3.49399995803833,3.4189999103546143,3.4509999752044678,2.472632884979248,18319000.0,AVGO
2012-02-15,3.492000102996826,3.5480000972747803,3.4809999465942383,3.497999906539917,2.5063090324401855,19864000.0,AVGO
2012-02-16,3.503000020980835,3.5950000286102295,3.4719998836517334,3.5859999656677246,2.56935977935791,16769000.0,AVGO
2012-02-17,3.566999912261963,3.5789999961853027,3.4839999675750732,3.5239999294281006,2.524937152862549,18402000.0,AVGO
2012-02-21,3.5480000972747803,3.5880000591278076,3.5280001163482666,3.546999931335449,2.5414159297943115,20449000.0,AVGO
2012-02-22,3.5339999198913574,3.631999969482422,3.5339999198913574,3.5899999141693115,2.5722267627716064,24333000.0,AVGO
2012-02-23,3.5799999237060547,3.7260000705718994,3.571000099182129,3.7190001010894775,2.6646552085876465,47606000.0,AVGO
2012-02-24,3.734999895095825,3.740000009536743,3.617000102996826,3.631999969482422,2.602318525314331,19325000.0,AVGO
2012-02-27,3.621000051498413,3.7190001010894775,3.553999900817871,3.697999954223633,2.6496078968048096,26216000.0,AVGO
2012-02-28,3.683000087738037,3.742000102996826,3.6559998989105225,3.7009999752044678,2.65175724029541,21581000.0,AVGO
2012-02-29,3.694000005722046,3.7699999809265137,3.6710000038146973,3.760999917984009,2.6947481632232666,34503000.0,AVGO
2012-03-01,3.7739999294281006,3.7799999713897705,3.7160000801086426,3.7320001125335693,2.673969268798828,12550000.0,AVGO
2012-03-02,3.7249999046325684,3.7300000190734863,3.632999897003174,3.6600000858306885,2.6223814487457275,19601000.0,AVGO
2012-03-05,3.6519999504089355,3.6549999713897705,3.5290000438690186,3.5450000762939453,2.5399837493896484,24881000.0,AVGO
2012-03-06,3.4690001010894775,3.5480000972747803,3.4600000381469727,3.5309998989105225,2.5299532413482666,19936000.0,AVGO
2012-03-07,3.5510001182556152,3.5969998836517334,3.5260000228881836,3.575000047683716,2.5614795684814453,12857000.0,AVGO
2012-03-08,3.630000114440918,3.681999921798706,3.609999895095825,3.6419999599456787,2.609483480453491,17478000.0,AVGO
2012-03-09,3.6519999504089355,3.681999921798706,3.6050000190734863,3.677000045776367,2.634561538696289,13307000.0,AVGO
2012-03-12,3.6730000972747803,3.686000108718872,3.609999895095825,3.6600000858306885,2.6223814487457275,8724000.0,AVGO
2012-03-13,3.694999933242798,3.7669999599456787,3.687999963760376,3.763000011444092,2.6961798667907715,12902000.0,AVGO
2012-03-14,3.759999990463257,3.8369998931884766,3.700000047683716,3.7109999656677246,2.6589226722717285,22282000.0,AVGO
2012-03-15,3.7139999866485596,3.7769999504089355,3.688999891281128,3.7760000228881836,2.71500563621521,16248000.0,AVGO
2012-03-16,3.7839999198913574,3.880000114440918,3.7669999599456787,3.7899999618530273,2.7250711917877197,23520000.0,AVGO
2012-03-19,3.7769999504089355,3.815999984741211,3.76200008392334,3.805999994277954,2.7365760803222656,10058000.0,AVGO
2012-03-20,3.7699999809265137,3.815000057220459,3.75,3.802999973297119,2.7344188690185547,17642000.0,AVGO
2012-03-21,3.809000015258789,3.859999895095825,3.7850000858306885,3.8359999656677246,2.7581465244293213,13604000.0,AVGO
2012-03-22,3.818000078201294,3.8340001106262207,3.7860000133514404,3.7950000762939453,2.7286672592163086,19680000.0,AVGO
2012-03-23,3.7809998989105225,3.816999912261963,3.752000093460083,3.809999942779541,2.739452838897705,14863000.0,AVGO
2012-03-26,3.8459999561309814,3.884999990463257,3.796999931335449,3.884000062942505,2.7926599979400635,16678000.0,AVGO
2012-03-27,3.86899995803833,3.9019999504089355,3.8380000591278076,3.878000020980835,2.788344621658325,17597000.0,AVGO
2012-03-28,3.882999897003174,3.88700008392334,3.7790000438690186,3.796999931335449,2.730104923248291,16691000.0,AVGO
2012-03-29,3.765000104904175,3.8369998931884766,3.75,3.8340001106262207,2.7567086219787598,13024000.0,AVGO
2012-03-30,3.8459999561309814,3.921999931335449,3.815000057220459,3.8970000743865967,2.8020071983337402,24210000.0,AVGO
2012-04-02,3.8889999389648438,3.9010000228881836,3.811000108718872,3.86899995803833,2.7818751335144043,14370000.0,AVGO
2012-04-03,3.8610000610351562,3.8989999294281006,3.812999963760376,3.8369998931884766,2.7588655948638916,12313000.0,AVGO
2012-04-04,3.805000066757202,3.812999963760376,3.7090001106262207,3.740999937057495,2.689840316772461,13125000.0,AVGO
2012-04-05,3.746999979019165,3.7990000247955322,3.734999895095825,3.760999917984009,2.7042205333709717,13792000.0,AVGO
2012-04-09,3.7239999771118164,3.7699999809265137,3.7070000171661377,3.757999897003174,2.7020630836486816,12198000.0,AVGO
2012-04-10,3.739000082015991,3.7739999294281006,3.6570000648498535,3.680000066757202,2.6459805965423584,20072000.0,AVGO
2012-04-11,3.7049999237060547,3.821000099182129,3.690000057220459,3.747999906539917,2.6948721408843994,15944000.0,AVGO
2012-04-12,3.763000011444092,3.8450000286102295,3.75,3.815000057220459,2.7430474758148193,12525000.0,AVGO
2012-04-13,3.7920000553131104,3.7929999828338623,3.7209999561309814,3.7279999256134033,2.6804921627044678,8941000.0,AVGO
2012-04-16,3.739000082015991,3.756999969482422,3.700000047683716,3.7049999237060547,2.663954496383667,17633000.0,AVGO
2012-04-17,3.736999988555908,3.7950000762939453,3.7219998836517334,3.7739999294281006,2.7135684490203857,11296000.0,AVGO
2012-04-18,3.755000114440918,3.7809998989105225,3.7109999656677246,3.747999906539917,2.6948721408843994,8837000.0,AVGO
2012-04-19,3.697999954223633,3.7190001010894775,3.561000108718872,3.571000099182129,2.5676069259643555,28969000.0,AVGO
2012-04-20,3.575000047683716,3.575000047683716,3.3610000610351562,3.427999973297119,2.4647879600524902,80400000.0,AVGO
2012-04-23,3.377000093460083,3.382999897003174,3.313999891281128,3.322999954223633,2.3892908096313477,43912000.0,AVGO
2012-04-24,3.319000005722046,3.3259999752044678,3.23799991607666,3.2679998874664307,2.349745035171509,37246000.0,AVGO
2012-04-25,3.453000068664551,3.5269999504089355,3.4159998893737793,3.497999906539917,2.5151185989379883,40196000.0,AVGO
2012-04-26,3.4690001010894775,3.5250000953674316,3.440999984741211,3.50600004196167,2.520871162414551,16242000.0,AVGO
2012-04-27,3.509000062942505,3.5309998989105225,3.450000047683716,3.4600000381469727,2.4877967834472656,17007000.0,AVGO
2012-04-30,3.441999912261963,3.4619998931884766,3.4089999198913574,3.447999954223633,2.479168176651001,13464000.0,AVGO
2012-05-01,3.453000068664551,3.494999885559082,3.4170000553131104,3.446000099182129,2.477731466293335,11762000.0,AVGO
2012-05-02,3.4130001068115234,3.4860000610351562,3.385999917984009,3.4779999256134033,2.500739336013794,8848000.0,AVGO
2012-05-03,3.4709999561309814,3.4730000495910645,3.3289999961853027,3.3359999656677246,2.398638963699341,18368000.0,AVGO
2012-05-04,3.2929999828338623,3.3359999656677246,3.1570000648498535,3.1630001068115234,2.2742486000061035,38604000.0,AVGO
2012-05-07,3.1559998989105225,3.1989998817443848,3.121000051498413,3.130000114440918,2.250521659851074,19848000.0,AVGO
2012-05-08,3.1089999675750732,3.1670000553131104,3.0899999141693115,3.1549999713897705,2.26849627494812,28533000.0,AVGO
2012-05-09,3.117000102996826,3.124000072479248,3.072000026702881,3.1070001125335693,2.2339839935302734,24596000.0,AVGO
2012-05-10,3.119999885559082,3.134999990463257,3.062999963760376,3.0880000591278076,2.2203240394592285,22290000.0,AVGO
2012-05-11,3.069000005722046,3.115000009536743,3.061000108718872,3.0940001010894775,2.2246367931365967,29039000.0,AVGO
2012-05-14,3.068000078201294,3.1449999809265137,3.046999931335449,3.11299991607666,2.238298177719116,18594000.0,AVGO
2012-05-15,3.11899995803833,3.1659998893737793,3.0910000801086426,3.1050000190734863,2.232546091079712,21493000.0,AVGO
2012-05-16,3.1059999465942383,3.1659998893737793,3.071000099182129,3.0769999027252197,2.212413787841797,19452000.0,AVGO
2012-05-17,3.069999933242798,3.0940001010894775,3.005000114440918,3.006999969482422,2.1620819568634033,18872000.0,AVGO
2012-05-18,3.0230000019073486,3.0250000953674316,2.9709999561309814,3.002000093460083,2.1584877967834473,22855000.0,AVGO
2012-05-21,3.0,3.0910000801086426,2.9700000286102295,3.0910000801086426,2.2224783897399902,28360000.0,AVGO
2012-05-22,3.0940001010894775,3.1419999599456787,3.0829999446868896,3.127000093460083,2.2483644485473633,28475000.0,AVGO
2012-05-23,3.1689999103546143,3.3589999675750732,3.1500000953674316,3.3519999980926514,2.410142660140991,47735000.0,AVGO
2012-05-24,3.3459999561309814,3.3519999980926514,3.243000030517578,3.250999927520752,2.337522268295288,27487000.0,AVGO
2012-05-25,3.259999990463257,3.3399999141693115,3.256999969482422,3.315000057220459,2.3835389614105225,15457000.0,AVGO
2012-05-29,3.3550000190734863,3.4509999752044678,3.321000099182129,3.444999933242798,2.477011203765869,19163000.0,AVGO
2012-05-30,3.3949999809265137,3.4049999713897705,3.2869999408721924,3.305999994277954,2.377068042755127,26237000.0,AVGO
2012-05-31,3.328000068664551,3.3380000591278076,3.246999979019165,3.309999942779541,2.379943609237671,19157000.0,AVGO
2012-06-01,3.243000030517578,3.2669999599456787,3.0859999656677246,3.0980000495910645,2.2275123596191406,38892000.0,AVGO
2012-06-04,3.121999979019165,3.1649999618530273,3.0179998874664307,3.052999973297119,2.195157289505005,39732000.0,AVGO
2012-06-05,3.058000087738037,3.1489999294281006,3.0390000343322754,3.1410000324249268,2.258429527282715,36053000.0,AVGO
2012-06-06,3.180000066757202,3.2990000247955322,3.1579999923706055,3.296999931335449,2.3705976009368896,25299000.0,AVGO
2012-06-07,3.3429999351501465,3.3480000495910645,3.2860000133514404,3.2950000762939453,2.3691585063934326,23101000.0,AVGO
2012-06-08,3.2829999923706055,3.4040000438690186,3.25,3.384000062942505,2.4331507682800293,25119000.0,AVGO
2012-06-11,3.4089999198913574,3.4260001182556152,3.313999891281128,3.3239998817443848,2.390009880065918,15443000.0,AVGO
2012-06-12,3.3310000896453857,3.4170000553131104,3.3310000896453857,3.3919999599456787,2.43890380859375,18471000.0,AVGO
2012-06-13,3.3910000324249268,3.4489998817443848,3.365000009536743,3.4040000438690186,2.4475319385528564,20580000.0,AVGO
2012-06-14,3.378999948501587,3.380000114440918,3.265000104904175,3.3310000896453857,2.405643939971924,23709000.0,AVGO
2012-06-15,3.3359999656677246,3.434000015258789,3.3340001106262207,3.4070000648498535,2.4605305194854736,18289000.0,AVGO
2012-06-18,3.3949999809265137,3.507999897003174,3.38100004196167,3.4760000705718994,2.5103635787963867,17163000.0,AVGO
2012-06-19,3.492000102996826,3.5,3.440000057220459,3.4700000286102295,2.5060293674468994,19152000.0,AVGO
2012-06-20,3.4800000190734863,3.553999900817871,3.4790000915527344,3.5269999504089355,2.5471951961517334,29267000.0,AVGO
2012-06-21,3.5250000953674316,3.5390000343322754,3.438999891281128,3.447999954223633,2.4901411533355713,23173000.0,AVGO
2012-06-22,3.446000099182129,3.505000114440918,3.437999963760376,3.4800000190734863,2.513251543045044,55520000.0,AVGO
2012-06-25,3.437999963760376,3.4639999866485596,3.4040000438690186,3.4210000038146973,2.470641851425171,23592000.0,AVGO
2012-06-26,3.430000066757202,3.4619998931884766,3.3959999084472656,3.438999891281128,2.4836416244506836,18656000.0,AVGO
2012-06-27,3.441999912261963,3.50600004196167,3.433000087738037,3.490000009536743,2.5204737186431885,11415000.0,AVGO
2012-06-28,3.4509999752044678,3.4739999771118164,3.3929998874664307,3.430999994277954,2.4778642654418945,16941000.0,AVGO
2012-06-29,3.502000093460083,3.5940001010894775,3.502000093460083,3.5899999141693115,2.592694044113159,18990000.0,AVGO
2012-07-02,3.5769999027252197,3.61899995803833,3.5269999504089355,3.5490000247955322,2.5630834102630615,21855000.0,AVGO
2012-07-03,3.555999994277954,3.5799999237060547,3.5439999103546143,3.5739998817443848,2.5811378955841064,9803000.0,AVGO
2012-07-05,3.5739998817443848,3.5959999561309814,3.546999931335449,3.558000087738037,2.569582462310791,8576000.0,AVGO
2012-07-06,3.549999952316284,3.552000045776367,3.4070000648498535,3.447999954223633,2.4901411533355713,14716000.0,AVGO
2012-07-09,3.450000047683716,3.4600000381469727,3.312000036239624,3.3289999961853027,2.4041998386383057,21974000.0,AVGO
2012-07-10,3.359999895095825,3.4070000648498535,3.325000047683716,3.3429999351501465,2.4143106937408447,21338000.0,AVGO
2012-07-11,3.3410000801086426,3.3550000190734863,3.2929999828338623,3.309999942779541,2.390477418899536,18940000.0,AVGO
2012-07-12,3.2920000553131104,3.2990000247955322,3.2139999866485596,3.257999897003174,2.352923631668091,21140000.0,AVGO
2012-07-13,3.255000114440918,3.325000047683716,3.247999906539917,3.315000057220459,2.3940887451171875,16791000.0,AVGO
2012-07-16,3.296999931335449,3.309000015258789,3.23799991607666,3.2739999294281006,2.36447811126709,13761000.0,AVGO
2012-07-17,3.309999942779541,3.322000026702881,3.256999969482422,3.303999900817871,2.3861441612243652,18038000.0,AVGO
2012-07-18,3.2990000247955322,3.4049999713897705,3.2909998893737793,3.378999948501587,2.440309524536133,21230000.0,AVGO
2012-07-19,3.453000068664551,3.640000104904175,3.441999912261963,3.6040000915527344,2.6028051376342773,34675000.0,AVGO
2012-07-20,3.5950000286102295,3.5999999046325684,3.5250000953674316,3.5280001163482666,2.547917604446411,14961000.0,AVGO
2012-07-23,3.4639999866485596,3.4800000190734863,3.372999906539917,3.4489998817443848,2.490863561630249,15101000.0,AVGO
2012-07-24,3.4679999351501465,3.509000062942505,3.377000093460083,3.4179999828338623,2.468475341796875,9758000.0,AVGO
2012-07-25,3.4130001068115234,3.4749999046325684,3.381999969482422,3.4210000038146973,2.470641851425171,20470000.0,AVGO
2012-07-26,3.500999927520752,3.572999954223633,3.5,3.5439999103546143,2.5594725608825684,13101000.0,AVGO
2012-07-27,3.5789999961853027,3.6470000743865967,3.555000066757202,3.61299991607666,2.6093032360076904,11498000.0,AVGO
2012-07-30,3.631999969482422,3.6700000762939453,3.572000026702881,3.5969998836517334,2.5977489948272705,12044000.0,AVGO
2012-07-31,3.624000072479248,3.7639999389648438,3.621999979019165,3.690000057220459,2.6649136543273926,23597000.0,AVGO
2012-08-01,3.7109999656677246,3.7119998931884766,3.6410000324249268,3.6689999103546143,2.649747371673584,15423000.0,AVGO
2012-08-02,3.634999990463257,3.7139999866485596,3.609999895095825,3.6540000438690186,2.638913869857788,13151000.0,AVGO
2012-08-03,3.7149999141693115,3.746000051498413,3.6670000553131104,3.7109999656677246,2.6800787448883057,14333000.0,AVGO
2012-08-06,3.7190001010894775,3.74399995803833,3.700000047683716,3.7070000171661377,2.6771905422210693,11303000.0,AVGO
2012-08-07,3.7279999256134033,3.763000011444092,3.7060000896453857,3.740000009536743,2.701023817062378,15424000.0,AVGO
2012-08-08,3.746000051498413,3.7699999809265137,3.7249999046325684,3.747999906539917,2.7067997455596924,17173000.0,AVGO
2012-08-09,3.7039999961853027,3.756999969482422,3.7009999752044678,3.7320001125335693,2.695246458053589,9996000.0,AVGO
2012-08-10,3.7230000495910645,3.743000030517578,3.677000045776367,3.7149999141693115,2.6829679012298584,14662000.0,AVGO
2012-08-13,3.7149999141693115,3.7149999141693115,3.6089999675750732,3.627000093460083,2.6194162368774414,21116000.0,AVGO
2012-08-14,3.6730000972747803,3.677000045776367,3.5980000495910645,3.615000009536743,2.6107490062713623,24324000.0,AVGO
2012-08-15,3.6050000190734863,3.6630001068115234,3.5999999046325684,3.6579999923706055,2.6418025493621826,15984000.0,AVGO
2012-08-16,3.6700000762939453,3.7139999866485596,3.6700000762939453,3.690999984741211,2.6656363010406494,25881000.0,AVGO
2012-08-17,3.7750000953674316,3.7880001068115234,3.640000104904175,3.684000015258789,2.6605801582336426,29985000.0,AVGO
2012-08-20,3.694999933242798,3.694999933242798,3.5409998893737793,3.5959999561309814,2.597026824951172,25468000.0,AVGO
2012-08-21,3.5999999046325684,3.6559998989105225,3.569999933242798,3.638000011444092,2.62735915184021,19231000.0,AVGO
2012-08-22,3.625,3.6679999828338623,3.6040000915527344,3.6489999294281006,2.6353039741516113,13251000.0,AVGO
2012-08-23,3.624000072479248,3.630000114440918,3.572000026702881,3.6019999980926514,2.6013600826263428,12060000.0,AVGO
2012-08-24,3.6019999980926514,3.634000062942505,3.5840001106262207,3.6050000190734863,2.6035261154174805,13030000.0,AVGO
2012-08-27,3.6070001125335693,3.61299991607666,3.563999891281128,3.5769999027252197,2.5833046436309814,13306000.0,AVGO
2012-08-28,3.5829999446868896,3.6419999599456787,3.568000078201294,3.627000093460083,2.6194162368774414,15320000.0,AVGO
2012-08-29,3.6389999389648438,3.686000108718872,3.621999979019165,3.6600000858306885,2.643247365951538,11952000.0,AVGO
2012-08-30,3.6500000953674316,3.6500000953674316,3.5850000381469727,3.6019999980926514,2.6013600826263428,13671000.0,AVGO
2012-08-31,3.628999948501587,3.680000066757202,3.5910000801086426,3.6570000648498535,2.641080856323242,13266000.0,AVGO
2012-09-04,3.63700008392334,3.6589999198913574,3.5329999923706055,3.5889999866485596,2.591970920562744,21527000.0,AVGO
2012-09-05,3.561000108718872,3.562000036239624,3.505000114440918,3.5179998874664307,2.5406954288482666,16184000.0,AVGO
2012-09-06,3.563999891281128,3.680999994277954,3.5190000534057617,3.6610000133514404,2.643970251083374,22883000.0,AVGO
2012-09-07,3.6710000038146973,3.683000087738037,3.609999895095825,3.619999885559082,2.614358901977539,15846000.0,AVGO
2012-09-10,3.5959999561309814,3.61899995803833,3.494999885559082,3.5,2.5276949405670166,16238000.0,AVGO
2012-09-11,3.503999948501587,3.556999921798706,3.4830000400543213,3.496000051498413,2.5248067378997803,12420000.0,AVGO
2012-09-12,3.5220000743865967,3.549999952316284,3.500999927520752,3.5230000019073486,2.5443062782287598,13803000.0,AVGO
2012-09-13,3.5280001163482666,3.5399999618530273,3.444999933242798,3.506999969482422,2.5327510833740234,21875000.0,AVGO
2012-09-14,3.509000062942505,3.549999952316284,3.4700000286102295,3.50600004196167,2.532028913497925,34024000.0,AVGO
2012-09-17,3.5190000534057617,3.5390000343322754,3.48799991607666,3.5280001163482666,2.547917604446411,15298000.0,AVGO
2012-09-18,3.507999897003174,3.5169999599456787,3.4649999141693115,3.5160000324249268,2.5508193969726562,10544000.0,AVGO
2012-09-19,3.513000011444092,3.5420000553131104,3.4749999046325684,3.505000114440918,2.5428390502929688,20797000.0,AVGO
2012-09-20,3.4579999446868896,3.490999937057495,3.322000026702881,3.375,2.4485249519348145,40250000.0,AVGO
2012-09-21,3.433000087738037,3.611999988555908,3.433000087738037,3.5510001182556152,2.576211929321289,68640000.0,AVGO
2012-09-24,3.5,3.5139999389648438,3.4230000972747803,3.4600000381469727,2.5101916790008545,44190000.0,AVGO
2012-09-25,3.4560000896453857,3.499000072479248,3.2929999828338623,3.3010001182556152,2.394839286804199,34009000.0,AVGO
2012-09-26,3.2739999294281006,3.3540000915527344,3.239000082015991,3.3459999561309814,2.427485942840576,41268000.0,AVGO
2012-09-27,3.318000078201294,3.499000072479248,3.296999931335449,3.490000009536743,2.531956434249878,41134000.0,AVGO
2012-09-28,3.444999933242798,3.502000093460083,3.4100000858306885,3.486999988555908,2.529780149459839,25908000.0,AVGO
2012-10-01,3.5139999389648438,3.553999900817871,3.4549999237060547,3.4690001010894775,2.51672101020813,20091000.0,AVGO
2012-10-02,3.490000009536743,3.490000009536743,3.4100000858306885,3.441999912261963,2.4971325397491455,17096000.0,AVGO
2012-10-03,3.453000068664551,3.505000114440918,3.443000078201294,3.4570000171661377,2.5080151557922363,27255000.0,AVGO
2012-10-04,3.4570000171661377,3.4570000171661377,3.4000000953674316,3.441999912261963,2.4971325397491455,11425000.0,AVGO
2012-10-05,3.4719998836517334,3.5280001163482666,3.4170000553131104,3.444000005722046,2.498584747314453,15117000.0,AVGO
2012-10-08,3.4000000953674316,3.4230000972747803,3.371000051498413,3.388000011444092,2.4579570293426514,10039000.0,AVGO
2012-10-09,3.3499999046325684,3.374000072479248,3.303999900817871,3.3589999675750732,2.4369165897369385,20770000.0,AVGO
2012-10-10,3.368000030517578,3.371000051498413,3.255000114440918,3.259000062942505,2.3643686771392822,14476000.0,AVGO
2012-10-11,3.3010001182556152,3.3480000495910645,3.25600004196167,3.2929999828338623,2.3890347480773926,13768000.0,AVGO
2012-10-12,3.2730000019073486,3.3010001182556152,3.253999948501587,3.2980000972747803,2.392662763595581,26733000.0,AVGO
2012-10-15,3.309999942779541,3.3359999656677246,3.2799999713897705,3.319000005722046,2.407897710800171,17144000.0,AVGO
2012-10-16,3.3299999237060547,3.4590001106262207,3.322999954223633,3.434999942779541,2.4920551776885986,18602000.0,AVGO
2012-10-17,3.4089999198913574,3.4600000381469727,3.388000011444092,3.4110000133514404,2.4746429920196533,13410000.0,AVGO
2012-10-18,3.4070000648498535,3.440000057220459,3.38100004196167,3.4049999713897705,2.470289707183838,12752000.0,AVGO
2012-10-19,3.4119999408721924,3.4179999828338623,3.2899999618530273,3.319000005722046,2.407897710800171,19088000.0,AVGO
2012-10-22,3.3480000495910645,3.36899995803833,3.299999952316284,3.3399999141693115,2.423133373260498,12707000.0,AVGO
2012-10-23,3.2960000038146973,3.3350000381469727,3.2820000648498535,3.3239998817443848,2.411524772644043,10953000.0,AVGO
2012-10-24,3.3529999256134033,3.3589999675750732,3.259000062942505,3.2730000019073486,2.374526023864746,13522000.0,AVGO
2012-10-25,3.306999921798706,3.374000072479248,3.303999900817871,3.369999885559082,2.4448976516723633,15396000.0,AVGO
2012-10-26,3.369999885559082,3.3989999294281006,3.3399999141693115,3.382999897003174,2.454329490661621,12623000.0,AVGO
2012-10-31,3.361999988555908,3.369999885559082,3.2809998989105225,3.302999973297119,2.3962900638580322,22851000.0,AVGO
2012-11-01,3.3289999961853027,3.4560000896453857,3.305000066757202,3.450000047683716,2.502936601638794,18725000.0,AVGO
2012-11-02,3.4709999561309814,3.484999895095825,3.3940000534057617,3.3970000743865967,2.4644861221313477,19223000.0,AVGO
2012-11-05,3.299999952316284,3.441999912261963,3.2990000247955322,3.431999921798706,2.489877939224243,13881000.0,AVGO
2012-11-06,3.431999921798706,3.5280001163482666,3.4210000038146973,3.5280001163482666,2.559525489807129,20045000.0,AVGO
2012-11-07,3.4779999256134033,3.510999917984009,3.3889999389648438,3.3959999084472656,2.4637601375579834,20751000.0,AVGO
2012-11-08,3.499000072479248,3.499000072479248,3.382999897003174,3.384000062942505,2.45505428314209,13265000.0,AVGO
2012-11-09,3.4000000953674316,3.4000000953674316,3.3420000076293945,3.3480000495910645,2.4289379119873047,14186000.0,AVGO
2012-11-12,3.3580000400543213,3.384999990463257,3.322000026702881,3.3610000610351562,2.438369035720825,7607000.0,AVGO
2012-11-13,3.3259999752044678,3.381999969482422,3.318000078201294,3.328000068664551,2.4144275188446045,11113000.0,AVGO
2012-11-14,3.368000030517578,3.3889999389648438,3.2869999408721924,3.302999973297119,2.3962900638580322,12054000.0,AVGO
2012-11-15,3.313999891281128,3.322000026702881,3.2090001106262207,3.2249999046325684,2.3397014141082764,13745000.0,AVGO
2012-11-16,3.2209999561309814,3.23799991607666,3.1679999828338623,3.194000005722046,2.3172121047973633,23888000.0,AVGO
2012-11-19,3.2279999256134033,3.2829999923706055,3.2009999752044678,3.2750000953674316,2.375976324081421,16664000.0,AVGO
2012-11-20,3.3320000171661377,3.3480000495910645,3.25,3.2809998989105225,2.380329132080078,11905000.0,AVGO
2012-11-21,3.2780001163482666,3.2960000038146973,3.252000093460083,3.2820000648498535,2.3810551166534424,7802000.0,AVGO
2012-11-23,3.299999952316284,3.374000072479248,3.2850000858306885,3.3550000190734863,2.434015989303589,8177000.0,AVGO
2012-11-26,3.375,3.4240000247955322,3.3410000801086426,3.4040000438690186,2.469564914703369,16562000.0,AVGO
2012-11-27,3.385999917984009,3.453000068664551,3.359999895095825,3.4119999408721924,2.4753670692443848,20547000.0,AVGO
2012-11-28,3.361999988555908,3.4649999141693115,3.3610000610351562,3.4560000896453857,2.5072901248931885,20702000.0,AVGO
2012-11-29,3.48799991607666,3.5429999828338623,3.4719998836517334,3.509999990463257,2.546466112136841,19060000.0,AVGO
2012-11-30,3.4590001106262207,3.5429999828338623,3.390000104904175,3.509999990463257,2.546466112136841,41634000.0,AVGO
2012-12-03,3.5390000343322754,3.558000087738037,3.4630000591278076,3.4809999465942383,2.5254273414611816,17504000.0,AVGO
2012-12-04,3.4790000915527344,3.5160000324249268,3.4690001010894775,3.492000102996826,2.533407211303711,16899000.0,AVGO
2012-12-05,3.503000020980835,3.5160000324249268,3.450000047683716,3.453000068664551,2.505113363265991,15875000.0,AVGO
2012-12-06,3.4539999961853027,3.515000104904175,3.446000099182129,3.51200008392334,2.5479164123535156,11963000.0,AVGO
2012-12-07,3.4230000972747803,3.4560000896453857,3.3949999809265137,3.424999952316284,2.48479962348938,85050000.0,AVGO
2012-12-10,3.437999963760376,3.4519999027252197,3.4100000858306885,3.444999933242798,2.499309539794922,26845000.0,AVGO
2012-12-11,3.4660000801086426,3.48799991607666,3.433000087738037,3.4560000896453857,2.5072901248931885,43625000.0,AVGO
2012-12-12,3.4790000915527344,3.48799991607666,3.444999933242798,3.4570000171661377,2.5080151557922363,49274000.0,AVGO
2012-12-13,3.5,3.500999927520752,3.3589999675750732,3.369999885559082,2.4569807052612305,66194000.0,AVGO
2012-12-14,3.315999984741211,3.3269999027252197,3.049999952316284,3.114000082015991,2.2703373432159424,98714000.0,AVGO
2012-12-17,3.1389999389648438,3.200000047683716,3.1019999980926514,3.1989998817443848,2.332308530807495,70583000.0,AVGO
2012-12-18,3.2230000495910645,3.25,3.1689999103546143,3.2269999980926514,2.352722406387329,41414000.0,AVGO
2012-12-19,3.2290000915527344,3.25,3.194000005722046,3.1989998817443848,2.332308530807495,25023000.0,AVGO
2012-12-20,3.2049999237060547,3.2239999771118164,3.1419999599456787,3.190000057220459,2.3257462978363037,23788000.0,AVGO
2012-12-21,3.114000082015991,3.1570000648498535,3.1010000705718994,3.135999917984009,2.286376953125,35064000.0,AVGO
2012-12-24,3.128999948501587,3.132999897003174,3.0980000495910645,3.115000009536743,2.271066904067993,7995000.0,AVGO
2012-12-26,3.121999979019165,3.1570000648498535,3.0769999027252197,3.0880000591278076,2.2513816356658936,16339000.0,AVGO
2012-12-27,3.1080000400543213,3.1489999294281006,3.069000005722046,3.13700008392334,2.28710675239563,27545000.0,AVGO
2012-12-28,3.1059999465942383,3.1470000743865967,3.0959999561309814,3.115000009536743,2.271066904067993,19617000.0,AVGO
2012-12-31,3.132999897003174,3.177999973297119,3.0969998836517334,3.1649999618530273,2.3075201511383057,26644000.0,AVGO
2013-01-02,3.243000030517578,3.305999994277954,3.2239999771118164,3.253999948501587,2.3724074363708496,36716000.0,AVGO
2013-01-03,3.2339999675750732,3.2980000972747803,3.2339999675750732,3.2709999084472656,2.3848018646240234,23295000.0,AVGO
2013-01-04,3.2699999809265137,3.2769999504089355,3.2190001010894775,3.25,2.3694915771484375,27113000.0,AVGO
2013-01-07,3.236999988555908,3.249000072479248,3.2100000381469727,3.2320001125335693,2.356367826461792,16822000.0,AVGO
2013-01-08,3.244999885559082,3.2699999809265137,3.2090001106262207,3.2100000381469727,2.3403282165527344,20969000.0,AVGO
2013-01-09,3.25,3.2960000038146973,3.2360000610351562,3.2809998989105225,2.392092227935791,29456000.0,AVGO
2013-01-10,3.3459999561309814,3.3589999675750732,3.302000045776367,3.3519999980926514,2.443857431411743,44591000.0,AVGO
2013-01-11,3.3540000915527344,3.437000036239624,3.3489999771118164,3.434000015258789,2.503641128540039,47871000.0,AVGO
2013-01-14,3.384000062942505,3.4619998931884766,3.364000082015991,3.4570000171661377,2.5204100608825684,49258000.0,AVGO
2013-01-15,3.430000066757202,3.444000005722046,3.381999969482422,3.38700008392334,2.469374418258667,33736000.0,AVGO
2013-01-16,3.38100004196167,3.4609999656677246,3.377000093460083,3.4560000896453857,2.5196805000305176,27669000.0,AVGO
2013-01-17,3.4779999256134033,3.496999979019165,3.4590001106262207,3.4809999465942383,2.5379080772399902,21065000.0,AVGO
2013-01-18,3.4539999961853027,3.4749999046325684,3.430999994277954,3.444000005722046,2.510932207107544,18830000.0,AVGO
2013-01-22,3.444999933242798,3.4609999656677246,3.433000087738037,3.444000005722046,2.510932207107544,13809000.0,AVGO
2013-01-23,3.484999895095825,3.5,3.4170000553131104,3.441999912261963,2.5094733238220215,22791000.0,AVGO
2013-01-24,3.371000051498413,3.430999994277954,3.3589999675750732,3.3929998874664307,2.4737489223480225,44567000.0,AVGO
2013-01-25,3.382999897003174,3.428999900817871,3.381999969482422,3.4159998893737793,2.4905178546905518,35089000.0,AVGO
2013-01-28,3.440000057220459,3.453000068664551,3.4110000133514404,3.447999954223633,2.513848066329956,38462000.0,AVGO
2013-01-29,3.430000066757202,3.4709999561309814,3.4179999828338623,3.4570000171661377,2.5204100608825684,23732000.0,AVGO
2013-01-30,3.4489998817443848,3.5329999923706055,3.4489998817443848,3.505000114440918,2.5554051399230957,25185000.0,AVGO
2013-01-31,3.552000045776367,3.6089999675750732,3.5250000953674316,3.5769999027252197,2.607897996902466,67764000.0,AVGO
2013-02-01,3.5920000076293945,3.630000114440918,3.5820000171661377,3.625999927520752,2.6436235904693604,27973000.0,AVGO
2013-02-04,3.575000047683716,3.621000051498413,3.5139999389648438,3.5179998874664307,2.564882755279541,43401000.0,AVGO
2013-02-05,3.507999897003174,3.556999921798706,3.50600004196167,3.5409998893737793,2.581650972366333,29392000.0,AVGO
2013-02-06,3.5230000019073486,3.5789999961853027,3.509000062942505,3.563999891281128,2.5984208583831787,20811000.0,AVGO
2013-02-07,3.563999891281128,3.563999891281128,3.4539999961853027,3.496000051498413,2.5488429069519043,42435000.0,AVGO
2013-02-08,3.5280001163482666,3.552999973297119,3.505000114440918,3.5320000648498535,2.575089931488037,32966000.0,AVGO
2013-02-11,3.5380001068115234,3.569000005722046,3.5,3.5399999618530273,2.580923080444336,29999000.0,AVGO
2013-02-12,3.5199999809265137,3.5350000858306885,3.4779999256134033,3.5139999389648438,2.56196665763855,31224000.0,AVGO
2013-02-13,3.5360000133514404,3.5490000247955322,3.489000082015991,3.5169999599456787,2.5641541481018066,26590000.0,AVGO
2013-02-14,3.509000062942505,3.566999912261963,3.499000072479248,3.563999891281128,2.5984208583831787,32372000.0,AVGO
2013-02-15,3.558000087738037,3.578000068664551,3.497999906539917,3.5139999389648438,2.56196665763855,25317000.0,AVGO
2013-02-19,3.5,3.555000066757202,3.4800000190734863,3.553999900817871,2.591129779815674,24396000.0,AVGO
2013-02-20,3.5480000972747803,3.572999954223633,3.4670000076293945,3.4670000076293945,2.527700424194336,33262000.0,AVGO
2013-02-21,3.447000026702881,3.4679999351501465,3.2960000038146973,3.367000102996826,2.4547934532165527,61853000.0,AVGO
2013-02-22,3.3970000743865967,3.447000026702881,3.371000051498413,3.4089999198913574,2.485414743423462,18964000.0,AVGO
2013-02-25,3.4130001068115234,3.421999931335449,3.2939999103546143,3.2950000762939453,2.402299404144287,30632000.0,AVGO
2013-02-26,3.312999963760376,3.3399999141693115,3.2660000324249268,3.312999963760376,2.4154229164123535,34556000.0,AVGO
2013-02-27,3.380000114440918,3.437000036239624,3.36299991607666,3.36899995803833,2.4562504291534424,35971000.0,AVGO
2013-02-28,3.36899995803833,3.430999994277954,3.3329999446868896,3.421999931335449,2.494892120361328,34786000.0,AVGO
2013-03-01,3.3919999599456787,3.4089999198913574,3.3259999752044678,3.369999885559082,2.4569807052612305,31500000.0,AVGO
2013-03-04,3.3559999465942383,3.369999885559082,3.3010001182556152,3.3540000915527344,2.445314884185791,17005000.0,AVGO
2013-03-05,3.369999885559082,3.436000108718872,3.368000030517578,3.433000087738037,2.5029115676879883,30510000.0,AVGO
2013-03-06,3.430999994277954,3.4769999980926514,3.4210000038146973,3.4709999561309814,2.5306167602539062,24610000.0,AVGO
2013-03-07,3.4690001010894775,3.513000011444092,3.440000057220459,3.496999979019165,2.549572467803955,30738000.0,AVGO
2013-03-08,3.505000114440918,3.5409998893737793,3.497999906539917,3.5269999504089355,2.5714447498321533,19688000.0,AVGO
2013-03-11,3.507999897003174,3.565999984741211,3.496999979019165,3.5260000228881836,2.57071590423584,28173000.0,AVGO
2013-03-12,3.5220000743865967,3.553999900817871,3.5,3.5450000762939453,2.584568977355957,22477000.0,AVGO
2013-03-13,3.549999952316284,3.6110000610351562,3.5260000228881836,3.5989999771118164,2.6239383220672607,27495000.0,AVGO
2013-03-14,3.6050000190734863,3.697999954223633,3.6029999256134033,3.6659998893737793,2.672786235809326,43449000.0,AVGO
2013-03-15,3.6700000762939453,3.677999973297119,3.5810000896453857,3.5999999046325684,2.624667167663574,34447000.0,AVGO
2013-03-18,3.558000087738037,3.5899999141693115,3.505000114440918,3.5260000228881836,2.57071590423584,28689000.0,AVGO
2013-03-19,3.5390000343322754,3.5820000171661377,3.503999948501587,3.5299999713897705,2.5736324787139893,33400000.0,AVGO
2013-03-20,3.568000078201294,3.6080000400543213,3.5350000858306885,3.5929999351501465,2.619563579559326,29636000.0,AVGO
2013-03-21,3.5409998893737793,3.5759999752044678,3.513000011444092,3.555999994277954,2.606370449066162,27816000.0,AVGO
2013-03-22,3.5769999027252197,3.6040000915527344,3.5380001068115234,3.5799999237060547,2.6239614486694336,17306000.0,AVGO
2013-03-25,3.5869998931884766,3.5889999866485596,3.5250000953674316,3.552000045776367,2.603438138961792,12888000.0,AVGO
2013-03-26,3.566999912261963,3.5980000495910645,3.555999994277954,3.5789999961853027,2.6232287883758545,9556000.0,AVGO
2013-03-27,3.546999931335449,3.572999954223633,3.5250000953674316,3.563999891281128,2.612234354019165,14861000.0,AVGO
2013-03-28,3.5799999237060547,3.5929999351501465,3.5480000972747803,3.5920000076293945,2.6327571868896484,14740000.0,AVGO
2013-04-01,3.5820000171661377,3.5999999046325684,3.5190000534057617,3.5339999198913574,2.590245485305786,18501000.0,AVGO
2013-04-02,3.556999921798706,3.561000108718872,3.4769999980926514,3.48799991607666,2.5565292835235596,23020000.0,AVGO
2013-04-03,3.48799991607666,3.507999897003174,3.4100000858306885,3.430999994277954,2.5147509574890137,18297000.0,AVGO
2013-04-04,3.4240000247955322,3.4679999351501465,3.3959999084472656,3.4600000381469727,2.5360071659088135,15348000.0,AVGO
2013-04-05,3.4010000228881836,3.441999912261963,3.3329999446868896,3.433000087738037,2.5162177085876465,14449000.0,AVGO
2013-04-08,3.424999952316284,3.4670000076293945,3.3970000743865967,3.4660000801086426,2.5404043197631836,12357000.0,AVGO
2013-04-09,3.4709999561309814,3.513000011444092,3.421999931335449,3.4779999256134033,2.549201488494873,16008000.0,AVGO
2013-04-10,3.4809999465942383,3.549999952316284,3.4790000915527344,3.5380001068115234,2.593177080154419,14817000.0,AVGO
2013-04-11,3.5239999294281006,3.5920000076293945,3.500999927520752,3.562999963760376,2.6115009784698486,18282000.0,AVGO
2013-04-12,3.549999952316284,3.552999973297119,3.4560000896453857,3.490999937057495,2.5587284564971924,16125000.0,AVGO
2013-04-15,3.4679999351501465,3.4730000495910645,3.371999979019165,3.378000020980835,2.475905179977417,24634000.0,AVGO
2013-04-16,3.4079999923706055,3.4600000381469727,3.385999917984009,3.4579999446868896,2.5345418453216553,22491000.0,AVGO
2013-04-17,3.375,3.377000093460083,3.2279999256134033,3.240000009536743,2.374758005142212,64010000.0,AVGO
2013-04-18,3.309999942779541,3.328000068664551,3.125,3.13700008392334,2.299264669418335,41056000.0,AVGO
2013-04-19,3.125,3.187999963760376,3.0829999446868896,3.125999927520752,2.291201591491699,37180000.0,AVGO
2013-04-22,3.135999917984009,3.184000015258789,3.056999921798706,3.1579999923706055,2.3146562576293945,36395000.0,AVGO
2013-04-23,3.186000108718872,3.242000102996826,3.171999931335449,3.236999988555908,2.372558832168579,25542000.0,AVGO
2013-04-24,3.236999988555908,3.2839999198913574,3.2039999961853027,3.26200008392334,2.390883684158325,32062000.0,AVGO
2013-04-25,3.2809998989105225,3.319000005722046,3.253000020980835,3.263000011444092,2.391616106033325,25126000.0,AVGO
2013-04-26,3.259000062942505,3.259000062942505,3.196000099182129,3.2109999656677246,2.3535029888153076,30945000.0,AVGO
2013-04-29,3.234999895095825,3.2790000438690186,3.2200000286102295,3.253000020980835,2.3842861652374268,20430000.0,AVGO
2013-04-30,3.246999979019165,3.246999979019165,3.1549999713897705,3.196000099182129,2.3425090312957764,52511000.0,AVGO
2013-05-01,3.2060000896453857,3.2070000171661377,3.125,3.131999969482422,2.2955996990203857,37068000.0,AVGO
2013-05-02,3.1549999713897705,3.2230000495910645,3.13100004196167,3.2090001106262207,2.352036952972412,32536000.0,AVGO
2013-05-03,3.2160000801086426,3.239000082015991,3.184999942779541,3.187999963760376,2.336644172668457,46901000.0,AVGO
2013-05-06,3.2049999237060547,3.2899999618530273,3.196000099182129,3.2799999713897705,2.404076337814331,32848000.0,AVGO
2013-05-07,3.2920000553131104,3.2950000762939453,3.246999979019165,3.253999948501587,2.3850197792053223,16093000.0,AVGO
2013-05-08,3.263000011444092,3.3519999980926514,3.257999897003174,3.3499999046325684,2.4553825855255127,25437000.0,AVGO
2013-05-09,3.3480000495910645,3.4079999923706055,3.3399999141693115,3.38700008392334,2.482501745223999,29769000.0,AVGO
2013-05-10,3.3959999084472656,3.4140000343322754,3.382999897003174,3.4059998989105225,2.4964284896850586,15644000.0,AVGO
2013-05-13,3.382999897003174,3.4130001068115234,3.3589999675750732,3.361999988555908,2.464179039001465,14952000.0,AVGO
2013-05-14,3.3580000400543213,3.381999969482422,3.3329999446868896,3.369999885559082,2.4700417518615723,15938000.0,AVGO
2013-05-15,3.365999937057495,3.4189999103546143,3.3540000915527344,3.4179999828338623,2.505222797393799,16947000.0,AVGO
2013-05-16,3.4170000553131104,3.4519999027252197,3.390000104904175,3.4210000038146973,2.5074219703674316,24749000.0,AVGO
2013-05-17,3.4489998817443848,3.4779999256134033,3.436000108718872,3.443000078201294,2.523547410964966,27443000.0,AVGO
2013-05-20,3.4240000247955322,3.4549999237060547,3.4240000247955322,3.444000005722046,2.5242810249328613,13881000.0,AVGO
2013-05-21,3.4609999656677246,3.513000011444092,3.444000005722046,3.509000062942505,2.571922540664673,20743000.0,AVGO
2013-05-22,3.497999906539917,3.5239999294281006,3.4230000972747803,3.4560000896453857,2.5330755710601807,33873000.0,AVGO
2013-05-23,3.4240000247955322,3.434999942779541,3.384000062942505,3.3970000743865967,2.4898316860198975,28513000.0,AVGO
2013-05-24,3.385999917984009,3.4100000858306885,3.368000030517578,3.4100000858306885,2.499359607696533,15118000.0,AVGO
2013-05-28,3.453000068664551,3.4609999656677246,3.4010000228881836,3.444000005722046,2.5242810249328613,20919000.0,AVGO
2013-05-29,3.437000036239624,3.4700000286102295,3.4149999618530273,3.443000078201294,2.523547410964966,22858000.0,AVGO
2013-05-30,3.619999885559082,3.822999954223633,3.609999895095825,3.7820000648498535,2.772017002105713,82607000.0,AVGO
2013-05-31,3.7330000400543213,3.8269999027252197,3.7109999656677246,3.7730000019073486,2.765421152114868,33432000.0,AVGO
2013-06-03,3.7679998874664307,3.7730000019073486,3.6589999198913574,3.7300000190734863,2.7339038848876953,27210000.0,AVGO
2013-06-04,3.740000009536743,3.819000005722046,3.739000082015991,3.7799999713897705,2.7705516815185547,33120000.0,AVGO
2013-06-05,3.7739999294281006,3.7769999504089355,3.681999921798706,3.700000047683716,2.7119150161743164,15019000.0,AVGO
2013-06-06,3.7190001010894775,3.7219998836517334,3.6440000534057617,3.674999952316284,2.693591833114624,29731000.0,AVGO
2013-06-07,3.6760001182556152,3.7330000400543213,3.615000009536743,3.7290000915527344,2.7331719398498535,30733000.0,AVGO
2013-06-10,3.75,3.750999927520752,3.678999900817871,3.683000087738037,2.699455499649048,26360000.0,AVGO
2013-06-11,3.6429998874664307,3.6760001182556152,3.625999927520752,3.628999948501587,2.6598756313323975,21699000.0,AVGO
2013-06-12,3.6659998893737793,3.6679999828338623,3.572000026702881,3.5980000495910645,2.6371545791625977,21307000.0,AVGO
2013-06-13,3.5739998817443848,3.7160000801086426,3.562000036239624,3.7109999656677246,2.7359461784362793,29106000.0,AVGO
2013-06-14,3.7139999866485596,3.7799999713897705,3.7049999237060547,3.759000062942505,2.771334171295166,21762000.0,AVGO
2013-06-17,3.7799999713897705,3.8340001106262207,3.7730000019073486,3.809000015258789,2.808197021484375,24727000.0,AVGO
2013-06-18,3.803999900817871,3.880000114440918,3.7980000972747803,3.875,2.856856107711792,27383000.0,AVGO
2013-06-19,3.86899995803833,3.88700008392334,3.806999921798706,3.806999921798706,2.80672287940979,24035000.0,AVGO
2013-06-20,3.7709999084472656,3.7939999103546143,3.691999912261963,3.7060000896453857,2.73225998878479,31638000.0,AVGO
2013-06-21,3.7039999961853027,3.747999906539917,3.6619999408721924,3.73799991607666,2.7558517456054688,80030000.0,AVGO
2013-06-24,3.697999954223633,3.6989998817443848,3.609999895095825,3.6689999103546143,2.704981803894043,36858000.0,AVGO
2013-06-25,3.7130000591278076,3.759000062942505,3.680999994277954,3.7100000381469727,2.7352097034454346,26019000.0,AVGO
2013-06-26,3.739000082015991,3.7720000743865967,3.6989998817443848,3.7249999046325684,2.7462682723999023,20661000.0,AVGO
2013-06-27,3.747999906539917,3.7839999198913574,3.7290000915527344,3.7320001125335693,2.7514288425445557,26359000.0,AVGO
2013-06-28,3.700000047683716,3.76200008392334,3.6760001182556152,3.73799991607666,2.7558517456054688,22998000.0,AVGO
2013-07-01,3.7850000858306885,3.7869999408721924,3.7339999675750732,3.760999917984009,2.7728092670440674,27147000.0,AVGO
2013-07-02,3.7950000762939453,3.8980000019073486,3.7820000648498535,3.8480000495910645,2.8369498252868652,40377000.0,AVGO
2013-07-03,3.8389999866485596,3.88700008392334,3.812999963760376,3.8589999675750732,2.8450605869293213,15203000.0,AVGO
2013-07-05,3.861999988555908,3.9179999828338623,3.815999984741211,3.88100004196167,2.8612794876098633,14447000.0,AVGO
2013-07-08,3.8929998874664307,3.9030001163482666,3.7190001010894775,3.7269999980926514,2.747742176055908,22643000.0,AVGO
2013-07-09,3.7720000743865967,3.796999931335449,3.73799991607666,3.757999897003174,2.770597457885742,13855000.0,AVGO
2013-07-10,3.757999897003174,3.8350000381469727,3.74399995803833,3.8329999446868896,2.8258914947509766,17363000.0,AVGO
2013-07-11,3.753000020980835,3.859999895095825,3.747999906539917,3.8589999675750732,2.8450605869293213,16769000.0,AVGO
2013-07-12,3.86899995803833,3.8980000019073486,3.868000030517578,3.8949999809265137,2.8716013431549072,18342000.0,AVGO
2013-07-15,3.8980000019073486,3.9079999923706055,3.7960000038146973,3.8010001182556152,2.8022992610931396,21551000.0,AVGO
2013-07-16,3.815999984741211,3.9140000343322754,3.815999984741211,3.88700008392334,2.8657031059265137,31254000.0,AVGO
2013-07-17,3.9010000228881836,3.9739999771118164,3.885999917984009,3.8919999599456787,2.869389057159424,23992000.0,AVGO
2013-07-18,3.875,3.888000011444092,3.744999885559082,3.759999990463257,2.7720723152160645,37050000.0,AVGO
2013-07-19,3.7750000953674316,3.815000057220459,3.750999927520752,3.7850000858306885,2.7905032634735107,17757000.0,AVGO
2013-07-22,3.822999954223633,3.822999954223633,3.753999948501587,3.7790000438690186,2.7860796451568604,9869000.0,AVGO
2013-07-23,3.808000087738037,3.815999984741211,3.750999927520752,3.760999917984009,2.7728092670440674,16501000.0,AVGO
2013-07-24,3.7269999980926514,3.7990000247955322,3.686000108718872,3.688999891281128,2.7197275161743164,20506000.0,AVGO
2013-07-25,3.6500000953674316,3.697999954223633,3.630000114440918,3.690000057220459,2.720463991165161,25512000.0,AVGO
2013-07-26,3.6530001163482666,3.684999942779541,3.634999990463257,3.677999973297119,2.7116172313690186,12256000.0,AVGO
2013-07-29,3.6619999408721924,3.690000057220459,3.638000011444092,3.6589999198913574,2.6976089477539062,13094000.0,AVGO
2013-07-30,3.674999952316284,3.700000047683716,3.634000062942505,3.684999942779541,2.7167775630950928,11651000.0,AVGO
2013-07-31,3.7009999752044678,3.7060000896453857,3.6559998989105225,3.6679999828338623,2.704244613647461,13124000.0,AVGO
2013-08-01,3.703000068664551,3.752000093460083,3.683000087738037,3.740000009536743,2.757326602935791,19499000.0,AVGO
2013-08-02,3.7290000915527344,3.749000072479248,3.693000078201294,3.749000072479248,2.7639617919921875,15183000.0,AVGO
2013-08-05,3.7219998836517334,3.740000009536743,3.696000099182129,3.7019999027252197,2.729311466217041,11773000.0,AVGO
2013-08-06,3.693000078201294,3.694999933242798,3.6700000762939453,3.686000108718872,2.717514991760254,10730000.0,AVGO
2013-08-07,3.697000026702881,3.7309999465942383,3.6679999828338623,3.7290000915527344,2.7492172718048096,18035000.0,AVGO
2013-08-08,3.759999990463257,3.759999990463257,3.7279999256134033,3.7320001125335693,2.7514288425445557,19396000.0,AVGO
2013-08-09,3.7179999351501465,3.7239999771118164,3.6740000247955322,3.683000087738037,2.7153027057647705,13858000.0,AVGO
2013-08-12,3.684000015258789,3.7799999713897705,3.6740000247955322,3.7699999809265137,2.779444456100464,9880000.0,AVGO
2013-08-13,3.7839999198913574,3.812000036239624,3.7320001125335693,3.802000045776367,2.803037166595459,13754000.0,AVGO
2013-08-14,3.7899999618530273,3.7939999103546143,3.7149999141693115,3.7219998836517334,2.744056224822998,15271000.0,AVGO
2013-08-15,3.614000082015991,3.694000005722046,3.575000047683716,3.6019999980926514,2.655585765838623,25111000.0,AVGO
2013-08-16,3.5969998836517334,3.634999990463257,3.5889999866485596,3.625,2.6725432872772217,13543000.0,AVGO
2013-08-19,3.631999969482422,3.6410000324249268,3.6080000400543213,3.625,2.6725432872772217,23389000.0,AVGO
2013-08-20,3.634000062942505,3.7100000381469727,3.628000020980835,3.678999900817871,2.7123541831970215,17417000.0,AVGO
2013-08-21,3.6640000343322754,3.6989998817443848,3.638000011444092,3.6589999198913574,2.6976089477539062,14425000.0,AVGO
2013-08-22,3.621999979019165,3.7130000591278076,3.6080000400543213,3.6610000133514404,2.6990838050842285,9940000.0,AVGO
2013-08-23,3.678999900817871,3.7049999237060547,3.6480000019073486,3.6740000247955322,2.708667516708374,18312000.0,AVGO
2013-08-26,3.694999933242798,3.7720000743865967,3.684999942779541,3.747999906539917,2.763225555419922,13890000.0,AVGO
2013-08-27,3.7839999198913574,3.7839999198913574,3.634999990463257,3.6549999713897705,2.6946589946746826,29863000.0,AVGO
2013-08-28,3.8929998874664307,3.944999933242798,3.7899999618530273,3.828000068664551,2.822205066680908,67806000.0,AVGO
2013-08-29,3.8399999141693115,3.9000000953674316,3.812999963760376,3.8949999809265137,2.8716013431549072,35955000.0,AVGO
2013-08-30,3.8959999084472656,3.8989999294281006,3.8289999961853027,3.8510000705718994,2.8391621112823486,25073000.0,AVGO
2013-09-03,3.881999969482422,3.9130001068115234,3.803999900817871,3.8350000381469727,2.8273651599884033,17351000.0,AVGO
2013-09-04,3.8580000400543213,3.9130001068115234,3.815999984741211,3.8980000019073486,2.873811960220337,12588000.0,AVGO
2013-09-05,3.9149999618530273,3.9200000762939453,3.871999979019165,3.878999948501587,2.85980486869812,14372000.0,AVGO
2013-09-06,3.9179999828338623,3.9179999828338623,3.822999954223633,3.8559999465942383,2.842848062515259,17155000.0,AVGO
2013-09-09,3.88700008392334,3.9000000953674316,3.86299991607666,3.877000093460083,2.858330726623535,16364000.0,AVGO
2013-09-10,3.9000000953674316,3.9670000076293945,3.8949999809265137,3.9660000801086426,2.923945903778076,24344000.0,AVGO
2013-09-11,3.9230000972747803,3.947000026702881,3.868000030517578,3.924999952316284,2.8937182426452637,23927000.0,AVGO
2013-09-12,3.933000087738037,3.944999933242798,3.8610000610351562,3.9030001163482666,2.8774983882904053,20006000.0,AVGO
2013-09-13,3.9159998893737793,3.927999973297119,3.869999885559082,3.8989999294281006,2.874549388885498,14480000.0,AVGO
2013-09-16,3.937000036239624,3.9679999351501465,3.9040000438690186,3.927999973297119,2.895930051803589,21556000.0,AVGO
2013-09-17,3.9749999046325684,4.035999774932861,3.950000047683716,4.01200008392334,2.975281238555908,37247000.0,AVGO
2013-09-18,4.021999835968018,4.067999839782715,3.9839999675750732,4.066999912261963,3.01606822013855,23648000.0,AVGO
2013-09-19,4.074999809265137,4.079999923706055,4.014999866485596,4.074999809265137,3.022000551223755,25017000.0,AVGO
2013-09-20,4.116000175476074,4.257999897003174,4.083000183105469,4.1620001792907715,3.086519956588745,87192000.0,AVGO
2013-09-23,4.257999897003174,4.269000053405762,4.14900016784668,4.186999797821045,3.105060577392578,29711000.0,AVGO
2013-09-24,4.184999942779541,4.258999824523926,4.164000034332275,4.241000175476074,3.1451056003570557,29753000.0,AVGO
2013-09-25,4.251999855041504,4.260000228881836,4.142000198364258,4.2210001945495605,3.1302731037139893,20584000.0,AVGO
2013-09-26,4.247000217437744,4.265999794006348,4.203999996185303,4.2270002365112305,3.1347241401672363,16874000.0,AVGO
2013-09-27,4.210999965667725,4.2769999504089355,4.184000015258789,4.269999980926514,3.166612148284912,21998000.0,AVGO
2013-09-30,4.210000038146973,4.328999996185303,4.197000026702881,4.308000087738037,3.194793701171875,35229000.0,AVGO
2013-10-01,4.314000129699707,4.36299991607666,4.297999858856201,4.3420000076293945,3.220008611679077,27411000.0,AVGO
2013-10-02,4.307000160217285,4.34499979019165,4.294000148773193,4.341000080108643,3.2192656993865967,17366000.0,AVGO
2013-10-03,4.339000225067139,4.359000205993652,4.2829999923706055,4.329999923706055,3.2111079692840576,22817000.0,AVGO
2013-10-04,4.3420000076293945,4.373000144958496,4.328999996185303,4.349999904632568,3.225940704345703,17246000.0,AVGO
2013-10-07,4.349999904632568,4.349999904632568,4.288000106811523,4.300000190734863,3.1888599395751953,14587000.0,AVGO
2013-10-08,4.310999870300293,4.3470001220703125,4.236000061035156,4.260000228881836,3.159196615219116,21682000.0,AVGO
2013-10-09,4.296999931335449,4.306000232696533,4.183000087738037,4.21999979019165,3.129533290863037,27594000.0,AVGO
2013-10-10,4.330999851226807,4.367000102996826,4.257999897003174,4.35099983215332,3.2266814708709717,32464000.0,AVGO
2013-10-11,4.324999809265137,4.349999904632568,4.2779998779296875,4.328999996185303,3.2103662490844727,18979000.0,AVGO
2013-10-14,4.313000202178955,4.431000232696533,4.301000118255615,4.422999858856201,3.280076742172241,20183000.0,AVGO
2013-10-15,4.427000045776367,4.443999767303467,4.357999801635742,4.374000072479248,3.2437379360198975,18761000.0,AVGO
2013-10-16,4.4079999923706055,4.460000038146973,4.38700008392334,4.449999809265137,3.3000998497009277,16999000.0,AVGO
2013-10-17,4.408999919891357,4.513000011444092,4.400000095367432,4.510000228881836,3.3445940017700195,23286000.0,AVGO
2013-10-18,4.627999782562256,4.627999782562256,4.505000114440918,4.605999946594238,3.4157886505126953,27417000.0,AVGO
2013-10-21,4.614999771118164,4.7210001945495605,4.605000019073486,4.704999923706055,3.489206075668335,43360000.0,AVGO
2013-10-22,4.705999851226807,4.705999851226807,4.645999908447266,4.686999797821045,3.475857734680176,47814000.0,AVGO
2013-10-23,4.651000022888184,4.6570000648498535,4.4710001945495605,4.539000034332275,3.3661017417907715,56673000.0,AVGO
2013-10-24,4.5279998779296875,4.570000171661377,4.495999813079834,4.548999786376953,3.3735175132751465,30021000.0,AVGO
2013-10-25,4.51800012588501,4.590000152587891,4.51800012588501,4.563000202178955,3.3838999271392822,21912000.0,AVGO
2013-10-28,4.534999847412109,4.574999809265137,4.521999835968018,4.551000118255615,3.375001907348633,19048000.0,AVGO
2013-10-29,4.586999893188477,4.627999782562256,4.558000087738037,4.579999923706055,3.3965065479278564,22162000.0,AVGO
2013-10-30,4.605999946594238,4.605999946594238,4.440000057220459,4.485000133514404,3.3260555267333984,20740000.0,AVGO
2013-10-31,4.5,4.560999870300293,4.5,4.543000221252441,3.3690686225891113,17394000.0,AVGO
2013-11-01,4.578999996185303,4.589000225067139,4.456999778747559,4.4720001220703125,3.316415309906006,22074000.0,AVGO
2013-11-04,4.508999824523926,4.53000020980835,4.460000038146973,4.504000186920166,3.340146541595459,13911000.0,AVGO
2013-11-05,4.504000186920166,4.519999980926514,4.459000110626221,4.502999782562256,3.3394038677215576,12484000.0,AVGO
2013-11-06,4.51800012588501,4.548999786376953,4.497000217437744,4.5370001792907715,3.3646180629730225,10405000.0,AVGO
2013-11-07,4.535999774932861,4.550000190734863,4.357999801635742,4.366000175476074,3.2378056049346924,32309000.0,AVGO
2013-11-08,4.373000144958496,4.439000129699707,4.309999942779541,4.434999942779541,3.2889761924743652,36069000.0,AVGO
2013-11-11,4.443999767303467,4.458000183105469,4.388999938964844,4.421000003814697,3.2785935401916504,9140000.0,AVGO
2013-11-12,4.455999851226807,4.51800012588501,4.431000232696533,4.513000011444092,3.346820592880249,13438000.0,AVGO
2013-11-13,4.434999942779541,4.538000106811523,4.434999942779541,4.538000106811523,3.3653602600097656,9863000.0,AVGO
2013-11-14,4.489999771118164,4.508999824523926,4.257999897003174,4.295000076293945,3.185152292251587,59660000.0,AVGO
2013-11-15,4.297999858856201,4.480999946594238,4.289000034332275,4.460999965667725,3.3082573413848877,48369000.0,AVGO
2013-11-18,4.460999965667725,4.4720001220703125,4.386000156402588,4.395999908447266,3.2600531578063965,13463000.0,AVGO
2013-11-19,4.383999824523926,4.425000190734863,4.293000221252441,4.295000076293945,3.185152292251587,12296000.0,AVGO
2013-11-20,4.324999809265137,4.326000213623047,4.244999885559082,4.269999980926514,3.166612148284912,11085000.0,AVGO
2013-11-21,4.293000221252441,4.322000026702881,4.271999835968018,4.304999828338623,3.192568063735962,15434000.0,AVGO
2013-11-22,4.306000232696533,4.3520002365112305,4.295000076293945,4.329999923706055,3.2111079692840576,11219000.0,AVGO
2013-11-25,4.39300012588501,4.400000095367432,4.340000152587891,4.370999813079834,3.24151349067688,16001000.0,AVGO
2013-11-26,4.379000186920166,4.486000061035156,4.355000019073486,4.474999904632568,3.3186402320861816,18712000.0,AVGO
2013-11-27,4.449999809265137,4.480999946594238,4.373000144958496,4.4670000076293945,3.312706470489502,19086000.0,AVGO
2013-11-29,4.499000072479248,4.508999824523926,4.466000080108643,4.4730000495910645,3.3171567916870117,11401000.0,AVGO
2013-12-02,4.548999786376953,4.620999813079834,4.49399995803833,4.5,3.3371801376342773,24454000.0,AVGO
2013-12-03,4.493000030517578,4.497000217437744,4.460999965667725,4.478000164031982,3.320863723754883,16189000.0,AVGO
2013-12-04,4.447999954223633,4.489999771118164,4.441999912261963,4.449999809265137,3.3000998497009277,26443000.0,AVGO
2013-12-05,4.552999973297119,4.76800012588501,4.50600004196167,4.758999824523926,3.529252767562866,45947000.0,AVGO
2013-12-06,4.830999851226807,4.830999851226807,4.695000171661377,4.696000099182129,3.4825327396392822,27552000.0,AVGO
2013-12-09,4.709000110626221,4.754000186920166,4.65500020980835,4.736999988555908,3.5129363536834717,20719000.0,AVGO
2013-12-10,4.736999988555908,4.741000175476074,4.6479997634887695,4.659999847412109,3.4558355808258057,15997000.0,AVGO
2013-12-11,4.676000118255615,4.698999881744385,4.605999946594238,4.611000061035156,3.41949725151062,13005000.0,AVGO
2013-12-12,4.644999980926514,4.64900016784668,4.572999954223633,4.574999809265137,3.3927993774414062,13678000.0,AVGO
2013-12-13,4.603000164031982,4.614999771118164,4.560999870300293,4.565000057220459,3.385383367538452,15876000.0,AVGO
2013-12-16,4.9710001945495605,5.054999828338623,4.835999965667725,5.010000228881836,3.7153937816619873,121534000.0,AVGO
2013-12-17,5.034999847412109,5.453999996185303,5.03000020980835,5.355999946594238,3.9719858169555664,87230000.0,AVGO
2013-12-18,5.34499979019165,5.34499979019165,5.201000213623047,5.315000057220459,3.96006441116333,42787000.0,AVGO
2013-12-19,5.295000076293945,5.301000118255615,5.13100004196167,5.144000053405762,3.832656145095825,30366000.0,AVGO
2013-12-20,5.14300012588501,5.202000141143799,5.132999897003174,5.164999961853027,3.8483030796051025,28889000.0,AVGO
2013-12-23,5.228000164031982,5.228000164031982,5.179999828338623,5.205999851226807,3.8788509368896484,12988000.0,AVGO
2013-12-24,5.230999946594238,5.2789998054504395,5.223999977111816,5.26200008392334,3.920576333999634,7448000.0,AVGO
2013-12-26,5.2829999923706055,5.295000076293945,5.245999813079834,5.271999835968018,3.9280247688293457,7010000.0,AVGO
2013-12-27,5.289000034332275,5.306000232696533,5.261000156402588,5.2779998779296875,3.932495355606079,8043000.0,AVGO
2013-12-30,5.2789998054504395,5.284999847412109,5.218999862670898,5.269999980926514,3.926534414291382,10962000.0,AVGO
2013-12-31,5.2870001792907715,5.329999923706055,5.254000186920166,5.288000106811523,3.9399478435516357,8655000.0,AVGO
2014-01-02,5.284999847412109,5.288000106811523,5.189000129699707,5.264999866485596,3.9228107929229736,14537000.0,AVGO
2014-01-03,5.244999885559082,5.296000003814697,5.196000099182129,5.284999847412109,3.9377124309539795,11661000.0,AVGO
2014-01-06,5.28000020980835,5.340000152587891,5.243000030517578,5.249000072479248,3.9108901023864746,12634000.0,AVGO
2014-01-07,5.2820000648498535,5.306000232696533,5.249000072479248,5.298999786376953,3.9481441974639893,13359000.0,AVGO
2014-01-08,5.310999870300293,5.392000198364258,5.285999774932861,5.377999782562256,4.007004261016846,22968000.0,AVGO
2014-01-09,5.400000095367432,5.416999816894531,5.276000022888184,5.322999954223633,3.96602463722229,12339000.0,AVGO
2014-01-10,5.394000053405762,5.4019999504089355,5.2870001792907715,5.329999923706055,3.971240282058716,16691000.0,AVGO
2014-01-13,5.361999988555908,5.377999782562256,5.238999843597412,5.263999938964844,3.9220640659332275,13944000.0,AVGO
2014-01-14,5.331999778747559,5.584000110626221,5.27400016784668,5.5269999504089355,4.118020057678223,34855000.0,AVGO
2014-01-15,5.567999839782715,5.7179999351501465,5.552000045776367,5.697000026702881,4.244681358337402,27187000.0,AVGO
2014-01-16,5.676000118255615,5.696000099182129,5.514999866485596,5.543000221252441,4.129941463470459,24084000.0,AVGO
2014-01-17,5.526000022888184,5.642000198364258,5.5229997634887695,5.613999843597412,4.1828413009643555,31181000.0,AVGO
2014-01-21,5.660999774932861,5.682000160217285,5.5879998207092285,5.611000061035156,4.180604457855225,16597000.0,AVGO
2014-01-22,5.619999885559082,5.7179999351501465,5.585000038146973,5.715000152587891,4.258092403411865,25526000.0,AVGO
2014-01-23,5.672999858856201,5.715000152587891,5.573999881744385,5.605000019073486,4.176135540008545,15551000.0,AVGO
2014-01-24,5.570000171661377,5.598999977111816,5.414999961853027,5.448999881744385,4.0599045753479,17426000.0,AVGO
2014-01-27,5.461999893188477,5.525000095367432,5.374000072479248,5.445000171661377,4.0569233894348145,21031000.0,AVGO
2014-01-28,5.440000057220459,5.480000019073486,5.296000003814697,5.4720001220703125,4.077041149139404,25223000.0,AVGO
2014-01-29,5.394000053405762,5.593999862670898,5.336999893188477,5.4070000648498535,4.028609275817871,23974000.0,AVGO
2014-01-30,5.48199987411499,5.5269999504089355,5.408999919891357,5.505000114440918,4.101626873016357,11989000.0,AVGO
2014-01-31,5.382999897003174,5.5289998054504395,5.382999897003174,5.464000225067139,4.071080207824707,15784000.0,AVGO
2014-02-03,5.480000019073486,5.517000198364258,5.296000003814697,5.326000213623047,3.96825909614563,11421000.0,AVGO
2014-02-04,5.35099983215332,5.415999889373779,5.309999942779541,5.401000022888184,4.024141788482666,13487000.0,AVGO
2014-02-05,5.372000217437744,5.4730000495910645,5.318999767303467,5.3979997634887695,4.021903991699219,9017000.0,AVGO
2014-02-06,5.39900016784668,5.586999893188477,5.361999988555908,5.519999980926514,4.1128034591674805,18053000.0,AVGO
2014-02-07,5.546999931335449,5.684000015258789,5.513000011444092,5.6570000648498535,4.214879512786865,17039000.0,AVGO
2014-02-10,5.61899995803833,5.6479997634887695,5.557000160217285,5.63100004196167,4.195505619049072,12347000.0,AVGO
2014-02-11,5.619999885559082,5.815999984741211,5.61899995803833,5.807000160217285,4.326640605926514,17344000.0,AVGO
2014-02-12,5.820000171661377,5.980000019073486,5.820000171661377,5.894000053405762,4.39146089553833,25864000.0,AVGO
2014-02-13,5.743000030517578,5.951000213623047,5.73799991607666,5.9079999923706055,4.401893138885498,22614000.0,AVGO
2014-02-14,5.75,5.8379998207092285,5.74399995803833,5.808000087738037,4.327385425567627,28180000.0,AVGO
2014-02-18,5.85099983215332,5.85099983215332,5.7729997634887695,5.836999893188477,4.348992824554443,15872000.0,AVGO
2014-02-19,5.818999767303467,5.8420000076293945,5.749000072479248,5.769999980926514,4.299074649810791,14598000.0,AVGO
2014-02-20,5.803999900817871,5.9029998779296875,5.769999980926514,5.900000095367432,4.395931720733643,22282000.0,AVGO
2014-02-21,5.942999839782715,5.949999809265137,5.840000152587891,5.855000019073486,4.36240291595459,17998000.0,AVGO
2014-02-24,5.85099983215332,5.999000072479248,5.85099983215332,5.956999778747559,4.438400745391846,20672000.0,AVGO
2014-02-25,6.0,6.0,5.839000225067139,5.900000095367432,4.395931720733643,26929000.0,AVGO
2014-02-26,6.0,6.348999977111816,5.997000217437744,6.190000057220459,4.612002372741699,49125000.0,AVGO
2014-02-27,6.11899995803833,6.2220001220703125,6.078000068664551,6.138000011444092,4.573257923126221,16460000.0,AVGO
2014-02-28,6.114999771118164,6.197000026702881,6.078999996185303,6.170000076293945,4.597101211547852,15225000.0,AVGO
2014-03-03,6.114999771118164,6.247000217437744,6.085000038146973,6.173999786376953,4.6000800132751465,15340000.0,AVGO
2014-03-04,6.25,6.409999847412109,6.228000164031982,6.335000038146973,4.720038890838623,36761000.0,AVGO
2014-03-05,6.315999984741211,6.422999858856201,6.294000148773193,6.308000087738037,4.699920177459717,24656000.0,AVGO
2014-03-06,6.328999996185303,6.390999794006348,6.304999828338623,6.363999843597412,4.741645812988281,12162000.0,AVGO
2014-03-07,6.394999980926514,6.394999980926514,6.244999885559082,6.275000095367432,4.675334453582764,15133000.0,AVGO
2014-03-10,6.293000221252441,6.3420000076293945,6.247000217437744,6.28000020980835,4.6790595054626465,13519000.0,AVGO
2014-03-11,6.297999858856201,6.364999771118164,6.181000232696533,6.202000141143799,4.620944499969482,16191000.0,AVGO
2014-03-12,6.177000045776367,6.330999851226807,6.045000076293945,6.317999839782715,4.707372188568115,23598000.0,AVGO
2014-03-13,6.340000152587891,6.449999809265137,6.203999996185303,6.26800012588501,4.670118808746338,35377000.0,AVGO
2014-03-14,6.2769999504089355,6.324999809265137,6.2210001945495605,6.26800012588501,4.670118808746338,13939000.0,AVGO
2014-03-17,6.302999973297119,6.39900016784668,6.276000022888184,6.341000080108643,4.724509239196777,13968000.0,AVGO
2014-03-18,6.324999809265137,6.401000022888184,6.2789998054504395,6.381999969482422,4.775389671325684,13109000.0,AVGO
2014-03-19,6.401000022888184,6.48799991607666,6.379000186920166,6.440999984741211,4.819539546966553,17558000.0,AVGO
2014-03-20,6.432000160217285,6.539000034332275,6.429999828338623,6.531000137329102,4.886881351470947,19966000.0,AVGO
2014-03-21,6.564000129699707,6.583000183105469,6.363999843597412,6.389999866485596,4.78137731552124,23267000.0,AVGO
2014-03-24,6.4029998779296875,6.435999870300293,6.235000133514404,6.315999984741211,4.726004600524902,24811000.0,AVGO
2014-03-25,6.36899995803833,6.498000144958496,6.328000068664551,6.400000095367432,4.788859844207764,16145000.0,AVGO
2014-03-26,6.439000129699707,6.48799991607666,6.211999893188477,6.281000137329102,4.699815273284912,28414000.0,AVGO
2014-03-27,6.2769999504089355,6.310999870300293,6.184000015258789,6.2779998779296875,4.697572708129883,25247000.0,AVGO
2014-03-28,6.298999786376953,6.4679999351501465,6.2870001792907715,6.410999774932861,4.79709005355835,14330000.0,AVGO
2014-03-31,6.449999809265137,6.5329999923706055,6.423999786376953,6.440999984741211,4.819539546966553,14819000.0,AVGO
2014-04-01,6.454999923706055,6.526000022888184,6.421999931335449,6.505000114440918,4.86742639541626,21962000.0,AVGO
2014-04-02,6.473999977111816,6.531000137329102,6.383999824523926,6.464000225067139,4.836748123168945,20979000.0,AVGO
2014-04-03,6.473999977111816,6.558000087738037,6.3470001220703125,6.39300012588501,4.783620834350586,21592000.0,AVGO
2014-04-04,6.455999851226807,6.473999977111816,6.004000186920166,6.179999828338623,4.624242305755615,38830000.0,AVGO
2014-04-07,6.099999904632568,6.193999767303467,5.882999897003174,6.035999774932861,4.5164923667907715,43274000.0,AVGO
2014-04-08,6.061999797821045,6.0980000495910645,6.005000114440918,6.017000198364258,4.502277374267578,22055000.0,AVGO
2014-04-09,6.104000091552734,6.25600004196167,6.104000091552734,6.247000217437744,4.674375057220459,19256000.0,AVGO
2014-04-10,6.255000114440918,6.255000114440918,5.961999893188477,5.986000061035156,4.479080677032471,20396000.0,AVGO
2014-04-11,5.927000045776367,5.995999813079834,5.8460001945495605,5.853000164031982,4.379561901092529,21903000.0,AVGO
2014-04-14,5.84499979019165,5.956999778747559,5.810999870300293,5.881999969482422,4.401261806488037,19419000.0,AVGO
2014-04-15,5.906000137329102,5.935999870300293,5.7270002365112305,5.894000053405762,4.410239219665527,25014000.0,AVGO
2014-04-16,5.946000099182129,5.946000099182129,5.810999870300293,5.931000232696533,4.437924861907959,17916000.0,AVGO
2014-04-17,5.934000015258789,6.165999889373779,5.892000198364258,6.089000225067139,4.556150436401367,19092000.0,AVGO
2014-04-21,6.0970001220703125,6.2179999351501465,6.081999778747559,6.189000129699707,4.630977153778076,12560000.0,AVGO
2014-04-22,6.160999774932861,6.379000186920166,6.160999774932861,6.343999862670898,4.746957778930664,22830000.0,AVGO
2014-04-23,6.3979997634887695,6.460999965667725,6.377999782562256,6.460000038146973,4.833755016326904,26984000.0,AVGO
2014-04-24,6.543000221252441,6.547999858856201,6.354000091552734,6.538000106811523,4.892120361328125,27519000.0,AVGO
2014-04-25,6.485000133514404,6.502999782562256,6.218999862670898,6.234000205993652,4.664648532867432,19266000.0,AVGO
2014-04-28,6.290999889373779,6.291999816894531,6.0320000648498535,6.078000068664551,4.5479207038879395,30708000.0,AVGO
2014-04-29,6.0980000495910645,6.15500020980835,6.000999927520752,6.0920000076293945,4.558394432067871,21656000.0,AVGO
2014-04-30,6.110000133514404,6.367000102996826,6.0370001792907715,6.349999904632568,4.751448631286621,25375000.0,AVGO
2014-05-01,6.291999816894531,6.489999771118164,6.257999897003174,6.348999977111816,4.750698566436768,18863000.0,AVGO
2014-05-02,6.4720001220703125,6.499000072479248,6.317999839782715,6.427000045776367,4.809062957763672,13407000.0,AVGO
2014-05-05,6.38700008392334,6.445000171661377,6.302000045776367,6.425000190734863,4.807565689086914,13529000.0,AVGO
2014-05-06,6.793000221252441,6.808000087738037,6.625,6.734000205993652,5.038778305053711,127802000.0,AVGO
2014-05-07,6.775000095367432,6.861000061035156,6.635000228881836,6.681000232696533,4.999120235443115,560280000.0,AVGO
2014-05-08,6.681000232696533,6.89300012588501,6.671000003814697,6.795000076293945,5.084421634674072,53700000.0,AVGO
2014-05-09,6.791999816894531,6.855999946594238,6.668000221252441,6.741000175476074,5.0440144538879395,38700000.0,AVGO
2014-05-12,6.793000221252441,6.918000221252441,6.741000175476074,6.913000106811523,5.1727166175842285,27394000.0,AVGO
2014-05-13,6.927000045776367,6.934000015258789,6.855999946594238,6.875999927520752,5.1450300216674805,23021000.0,AVGO
2014-05-14,6.854000091552734,6.960000038146973,6.755000114440918,6.85099983215332,5.12632417678833,30243000.0,AVGO
2014-05-15,6.867000102996826,6.894999980926514,6.710999965667725,6.793000221252441,5.0829243659973145,32093000.0,AVGO
2014-05-16,6.809000015258789,6.89300012588501,6.73199987411499,6.8480000495910645,5.124078750610352,52044000.0,AVGO
2014-05-19,6.909999847412109,6.940999984741211,6.814000129699707,6.831999778747559,5.112107753753662,37789000.0,AVGO
2014-05-20,6.835999965667725,6.8379998207092285,6.691999912261963,6.751999855041504,5.05224609375,29085000.0,AVGO
2014-05-21,6.751999855041504,6.843999862670898,6.736999988555908,6.841000080108643,5.11884069442749,16896000.0,AVGO
2014-05-22,6.8429999351501465,6.921999931335449,6.788000106811523,6.868000030517578,5.139044761657715,15679000.0,AVGO
2014-05-23,6.9120001792907715,7.060999870300293,6.873000144958496,7.054999828338623,5.278969764709473,32017000.0,AVGO
2014-05-27,7.103000164031982,7.127999782562256,7.0320000648498535,7.0929999351501465,5.307402610778809,31637000.0,AVGO
2014-05-28,7.054999828338623,7.074999809265137,6.984000205993652,7.010000228881836,5.245296001434326,34927000.0,AVGO
2014-05-29,7.047999858856201,7.085000038146973,6.980999946594238,7.078999996185303,5.296927452087402,27566000.0,AVGO
2014-05-30,7.184999942779541,7.199999809265137,6.940999984741211,7.066999912261963,5.287947654724121,38938000.0,AVGO
2014-06-02,7.120999813079834,7.199999809265137,7.059999942779541,7.164000034332275,5.360529899597168,26599000.0,AVGO
2014-06-03,7.132999897003174,7.208000183105469,7.084000110626221,7.144999980926514,5.3463134765625,22308000.0,AVGO
2014-06-04,7.125999927520752,7.185999870300293,7.113999843597412,7.160999774932861,5.358283996582031,19379000.0,AVGO
2014-06-05,7.151000022888184,7.199999809265137,7.123000144958496,7.186999797821045,5.377739429473877,27288000.0,AVGO
2014-06-06,7.228000164031982,7.235000133514404,7.124000072479248,7.163000106811523,5.359780788421631,15866000.0,AVGO
2014-06-09,7.188000202178955,7.25,7.146999835968018,7.178999900817871,5.371753692626953,17420000.0,AVGO
2014-06-10,7.175000190734863,7.224999904632568,7.150000095367432,7.185999870300293,5.3769917488098145,16409000.0,AVGO
2014-06-11,7.166999816894531,7.238999843597412,7.135000228881836,7.175000190734863,5.3687591552734375,24943000.0,AVGO
2014-06-12,7.133999824523926,7.203999996185303,7.119999885559082,7.176000118255615,5.369509220123291,13604000.0,AVGO
2014-06-13,7.2179999351501465,7.244999885559082,7.091000080108643,7.142000198364258,5.34406852722168,13508000.0,AVGO
2014-06-16,7.146999835968018,7.193999767303467,7.059999942779541,7.0879998207092285,5.303661823272705,15668000.0,AVGO
2014-06-17,7.059000015258789,7.1620001792907715,7.059000015258789,7.1479997634887695,5.370530605316162,13817000.0,AVGO
2014-06-18,7.1579999923706055,7.188000202178955,7.054999828338623,7.122000217437744,5.350996971130371,13833000.0,AVGO
2014-06-19,7.11299991607666,7.131999969482422,7.033999919891357,7.0929999351501465,5.329206943511963,12734000.0,AVGO
2014-06-20,7.116000175476074,7.195000171661377,7.086999893188477,7.1570000648498535,5.377292633056641,21834000.0,AVGO
2014-06-23,7.160999774932861,7.196000099182129,7.078999996185303,7.124000072479248,5.352499485015869,13349000.0,AVGO
2014-06-24,7.177999973297119,7.230000019073486,7.063000202178955,7.066999912261963,5.309671878814697,15304000.0,AVGO
2014-06-25,7.058000087738037,7.170000076293945,7.00600004196167,7.163000106811523,5.381800174713135,12827000.0,AVGO
2014-06-26,7.171999931335449,7.186999797821045,7.038000106811523,7.0960001945495605,5.331460475921631,8126000.0,AVGO
2014-06-27,7.073999881744385,7.117000102996826,7.025000095367432,7.093999862670898,5.329957008361816,16935000.0,AVGO
2014-06-30,7.0920000076293945,7.206999778747559,7.0920000076293945,7.206999778747559,5.414857864379883,17773000.0,AVGO
2014-07-01,7.248000144958496,7.413000106811523,7.235000133514404,7.4029998779296875,5.562122344970703,21429000.0,AVGO
2014-07-02,7.357999801635742,7.460000038146973,7.357999801635742,7.432000160217285,5.583909511566162,16081000.0,AVGO
2014-07-03,7.4670000076293945,7.5370001792907715,7.440999984741211,7.51800012588501,5.648524284362793,7994000.0,AVGO
2014-07-07,7.543000221252441,7.554999828338623,7.442999839782715,7.453000068664551,5.599686622619629,19066000.0,AVGO
2014-07-08,7.433000087738037,7.449999809265137,7.210000038146973,7.339000225067139,5.514035224914551,19169000.0,AVGO
2014-07-09,7.366000175476074,7.422999858856201,7.309000015258789,7.422999858856201,5.577146530151367,9798000.0,AVGO
2014-07-10,7.206999778747559,7.354000091552734,7.204999923706055,7.315000057220459,5.496002197265625,15479000.0,AVGO
2014-07-11,7.327000141143799,7.3480000495910645,7.267000198364258,7.320000171661377,5.499760627746582,12517000.0,AVGO
2014-07-14,7.456999778747559,7.489999771118164,7.341000080108643,7.4039998054504395,5.56287145614624,12242000.0,AVGO
2014-07-15,7.401000022888184,7.438000202178955,7.269000053405762,7.3420000076293945,5.516288757324219,14556000.0,AVGO
2014-07-16,7.310999870300293,7.438000202178955,7.275000095367432,7.364999771118164,5.533567905426025,15180000.0,AVGO
2014-07-17,7.326000213623047,7.367000102996826,7.165999889373779,7.190000057220459,5.402087688446045,17816000.0,AVGO
2014-07-18,7.27400016784668,7.526000022888184,7.261000156402588,7.5,5.634999752044678,33949000.0,AVGO
2014-07-21,7.452000141143799,7.550000190734863,7.448999881744385,7.541999816894531,5.666555881500244,15368000.0,AVGO
2014-07-22,7.558000087738037,7.644000053405762,7.53000020980835,7.539000034332275,5.664302349090576,23997000.0,AVGO
2014-07-23,7.570000171661377,7.571000099182129,7.359000205993652,7.36299991607666,5.532066822052002,24450000.0,AVGO
2014-07-24,7.369999885559082,7.388999938964844,7.2270002365112305,7.250999927520752,5.447917461395264,20676000.0,AVGO
2014-07-25,7.228000164031982,7.230000019073486,6.9710001945495605,6.992000102996826,5.253322601318359,36838000.0,AVGO
2014-07-28,7.001999855041504,7.074999809265137,6.914000034332275,7.051000118255615,5.297652244567871,31813000.0,AVGO
2014-07-29,7.039999961853027,7.117000102996826,6.984000205993652,6.98799991607666,5.250316143035889,19111000.0,AVGO
2014-07-30,7.09499979019165,7.104000091552734,6.9720001220703125,7.051000118255615,5.297652244567871,17545000.0,AVGO
2014-07-31,7.000999927520752,7.03000020980835,6.880000114440918,6.938000202178955,5.212749481201172,18476000.0,AVGO
2014-08-01,6.992000102996826,7.071000099182129,6.870999813079834,7.044000148773193,5.292391777038574,19141000.0,AVGO
2014-08-04,7.0320000648498535,7.159999847412109,6.993000030517578,7.133999824523926,5.360011577606201,15452000.0,AVGO
2014-08-05,7.081999778747559,7.142000198364258,6.984000205993652,7.01200008392334,5.268348217010498,15388000.0,AVGO
2014-08-06,6.980000019073486,7.0970001220703125,6.97599983215332,7.0289998054504395,5.281121730804443,10354000.0,AVGO
2014-08-07,7.089000225067139,7.089000225067139,6.945000171661377,6.9629998207092285,5.231534004211426,11222000.0,AVGO
2014-08-08,6.9730000495910645,7.050000190734863,6.932000160217285,7.043000221252441,5.2916412353515625,12822000.0,AVGO
2014-08-11,7.051000118255615,7.144999980926514,7.051000118255615,7.081999778747559,5.320942401885986,14173000.0,AVGO
2014-08-12,7.089000225067139,7.138999938964844,7.046000003814697,7.114999771118164,5.345736980438232,9421000.0,AVGO
2014-08-13,7.163000106811523,7.2129998207092285,7.107999801635742,7.197000026702881,5.407345771789551,10836000.0,AVGO
2014-08-14,7.26800012588501,7.422999858856201,7.26800012588501,7.383999824523926,5.547845363616943,18997000.0,AVGO
2014-08-15,7.453999996185303,7.488999843597412,7.3420000076293945,7.479000091552734,5.619222640991211,21143000.0,AVGO
2014-08-18,7.531000137329102,7.539999961853027,7.434999942779541,7.5370001792907715,5.66279935836792,12531000.0,AVGO
2014-08-19,7.558000087738037,7.6620001792907715,7.543000221252441,7.561999797821045,5.681582450866699,18734000.0,AVGO
2014-08-20,7.566999912261963,7.650000095367432,7.564000129699707,7.638000011444092,5.738683700561523,11375000.0,AVGO
2014-08-21,7.61299991607666,7.664000034332275,7.574999809265137,7.626999855041504,5.730419635772705,15550000.0,AVGO
2014-08-22,7.651000022888184,7.651000022888184,7.551000118255615,7.620999813079834,5.725912094116211,15837000.0,AVGO
2014-08-25,7.699999809265137,7.7210001945495605,7.541999816894531,7.577000141143799,5.692853927612305,17100000.0,AVGO
2014-08-26,7.585999965667725,7.614999771118164,7.5269999504089355,7.5960001945495605,5.707126617431641,13544000.0,AVGO
2014-08-27,7.599999904632568,7.651000022888184,7.551000118255615,7.616000175476074,5.722154140472412,13434000.0,AVGO
2014-08-28,7.553999900817871,7.64900016784668,7.494999885559082,7.636000156402588,5.737180233001709,18587000.0,AVGO
2014-08-29,8.182000160217285,8.479999542236328,7.650000095367432,8.208999633789062,6.167694091796875,62934000.0,AVGO
2014-09-02,8.29699993133545,8.513999938964844,8.239999771118164,8.501999855041504,6.387835502624512,41604000.0,AVGO
2014-09-03,8.527000427246094,8.619000434875488,8.449999809265137,8.538999557495117,6.415634632110596,32681000.0,AVGO
2014-09-04,8.553000450134277,8.725000381469727,8.54699993133545,8.609000205993652,6.4682297706604,28061000.0,AVGO
2014-09-05,8.63599967956543,8.805999755859375,8.625,8.788000106811523,6.602715492248535,26594000.0,AVGO
2014-09-08,8.807000160217285,8.967000007629395,8.751999855041504,8.819000244140625,6.626007080078125,28949000.0,AVGO
2014-09-09,8.838000297546387,8.91100025177002,8.795999526977539,8.840999603271484,6.6425371170043945,21896000.0,AVGO
2014-09-10,8.82800006866455,8.90999984741211,8.772000312805176,8.899999618530273,6.68686580657959,18855000.0,AVGO
2014-09-11,8.890999794006348,8.91100025177002,8.781999588012695,8.906999588012695,6.692124843597412,17888000.0,AVGO
2014-09-12,8.901000022888184,8.906999588012695,8.739999771118164,8.78499984741211,6.600463390350342,18244000.0,AVGO
2014-09-15,8.814000129699707,8.824000358581543,8.626999855041504,8.670999526977539,6.514810085296631,15998000.0,AVGO
2014-09-16,8.63700008392334,8.82699966430664,8.567000389099121,8.791999816894531,6.605721950531006,21146000.0,AVGO
2014-09-17,8.79699993133545,8.843000411987305,8.737000465393066,8.77400016784668,6.616279125213623,15653000.0,AVGO
2014-09-18,8.817999839782715,8.95300006866455,8.803000450134277,8.95199966430664,6.750504016876221,18165000.0,AVGO
2014-09-19,9.012999534606934,9.088000297546387,8.890000343322754,8.90999984741211,6.718833923339844,41834000.0,AVGO
2014-09-22,8.86400032043457,8.916999816894531,8.642000198364258,8.718000411987305,6.574051380157471,23869000.0,AVGO
2014-09-23,8.701000213623047,8.795000076293945,8.637999534606934,8.755999565124512,6.602705955505371,20829000.0,AVGO
2014-09-24,8.769000053405762,8.904999732971191,8.734999656677246,8.902000427246094,6.712801933288574,14503000.0,AVGO
2014-09-25,8.883999824523926,8.883999824523926,8.57699966430664,8.645999908447266,6.519758224487305,17940000.0,AVGO
2014-09-26,8.654999732971191,8.765999794006348,8.645999908447266,8.75,6.598180770874023,9834000.0,AVGO
2014-09-29,8.640999794006348,8.730999946594238,8.607000350952148,8.711000442504883,6.568774223327637,9826000.0,AVGO
2014-09-30,8.76099967956543,8.791999816894531,8.619999885559082,8.699999809265137,6.560478687286377,14885000.0,AVGO
2014-10-01,8.711999893188477,8.711999893188477,8.484000205993652,8.553999900817871,6.450381755828857,22257000.0,AVGO
2014-10-02,8.508000373840332,8.539999961853027,8.083999633789062,8.321000099182129,6.274681568145752,34278000.0,AVGO
2014-10-03,8.362000465393066,8.444999694824219,8.305000305175781,8.347000122070312,6.294289588928223,20650000.0,AVGO
2014-10-06,8.406999588012695,8.451000213623047,8.253999710083008,8.288000106811523,6.249795436859131,19536000.0,AVGO
2014-10-07,8.241999626159668,8.267999649047852,8.097000122070312,8.102999687194824,6.110294342041016,15266000.0,AVGO
2014-10-08,8.100000381469727,8.37600040435791,7.929999828338623,8.329999923706055,6.281469345092773,27681000.0,AVGO
2014-10-09,8.291999816894531,8.329999923706055,8.057999610900879,8.0600004196167,6.077868461608887,18880000.0,AVGO
2014-10-10,7.775000095367432,7.7779998779296875,6.875,7.136000156402588,5.381099700927734,105981000.0,AVGO
2014-10-13,7.079999923706055,7.2129998207092285,6.880000114440918,6.9039998054504395,5.206153869628906,65240000.0,AVGO
2014-10-14,7.205999851226807,7.290999889373779,6.906000137329102,7.202000141143799,5.4308695793151855,69034000.0,AVGO
2014-10-15,7.026000022888184,7.34499979019165,6.986000061035156,7.255000114440918,5.470836639404297,31955000.0,AVGO
2014-10-16,7.066999912261963,7.609000205993652,7.050000190734863,7.559999942779541,5.700829982757568,33985000.0,AVGO
2014-10-17,7.742000102996826,7.96999979019165,7.683000087738037,7.715000152587891,5.817712306976318,41607000.0,AVGO
2014-10-20,7.666999816894531,7.806000232696533,7.579999923706055,7.798999786376953,5.881052017211914,14370000.0,AVGO
2014-10-21,7.89900016784668,8.246000289916992,7.895999908447266,8.23799991607666,6.212091445922852,24112000.0,AVGO
2014-10-22,8.248000144958496,8.298999786376953,8.072999954223633,8.086000442504883,6.097474575042725,17307000.0,AVGO
2014-10-23,8.21399974822998,8.289999961853027,8.112000465393066,8.137999534606934,6.136683940887451,18205000.0,AVGO
2014-10-24,8.170000076293945,8.241000175476074,8.07699966430664,8.1850004196167,6.1721272468566895,11269000.0,AVGO
2014-10-27,8.151000022888184,8.196000099182129,8.01200008392334,8.156999588012695,6.1510138511657715,14977000.0,AVGO
2014-10-28,8.215999603271484,8.423999786376953,8.157999992370605,8.420000076293945,6.349338054656982,18230000.0,AVGO
2014-10-29,8.456999778747559,8.513999938964844,8.355999946594238,8.48799991607666,6.400613784790039,14214000.0,AVGO
2014-10-30,8.383999824523926,8.456999778747559,8.118000030517578,8.23900032043457,6.212846755981445,19976000.0,AVGO
2014-10-31,8.51099967956543,8.791999816894531,8.449999809265137,8.625,6.503920555114746,25461000.0,AVGO
2014-11-03,8.644000053405762,8.788000106811523,8.609000205993652,8.633999824523926,6.510707855224609,15941000.0,AVGO
2014-11-04,8.59000015258789,8.656000137329102,8.486000061035156,8.53600025177002,6.436809539794922,18288000.0,AVGO
2014-11-05,8.579000473022461,8.678999900817871,8.480999946594238,8.670999526977539,6.538608074188232,14789000.0,AVGO
2014-11-06,8.644000053405762,8.788999557495117,8.633999824523926,8.762999534606934,6.6079840660095215,17114000.0,AVGO
2014-11-07,8.784000396728516,8.793000221252441,8.473999977111816,8.503999710083008,6.412679195404053,19751000.0,AVGO
2014-11-10,8.491999626159668,8.607999801635742,8.350000381469727,8.590999603271484,6.478283882141113,14364000.0,AVGO
2014-11-11,8.583999633789062,8.628999710083008,8.538000106811523,8.616000175476074,6.497136116027832,7927000.0,AVGO
2014-11-12,8.590999603271484,8.729000091552734,8.560999870300293,8.704999923706055,6.56424617767334,10396000.0,AVGO
2014-11-13,8.706999778747559,8.836999893188477,8.652999877929688,8.744999885559082,6.594411849975586,12281000.0,AVGO
2014-11-14,8.755999565124512,8.904999732971191,8.630999565124512,8.902000427246094,6.712801933288574,12955000.0,AVGO
2014-11-17,8.878000259399414,8.904999732971191,8.758999824523926,8.85200023651123,6.6750969886779785,11200000.0,AVGO
2014-11-18,8.835000038146973,9.177000045776367,8.833999633789062,9.140999794006348,6.893025875091553,20025000.0,AVGO
2014-11-19,9.151000022888184,9.199999809265137,8.90999984741211,8.925000190734863,6.73014497756958,18763000.0,AVGO
2014-11-20,8.883999824523926,9.092000007629395,8.802000045776367,8.993000030517578,6.781423091888428,15121000.0,AVGO
2014-11-21,9.170000076293945,9.17300033569336,8.944999694824219,9.020999908447266,6.802534580230713,17461000.0,AVGO
2014-11-24,9.055000305175781,9.135000228881836,9.038000106811523,9.11400032043457,6.872664451599121,11876000.0,AVGO
2014-11-25,9.184000015258789,9.255999565124512,9.107000350952148,9.114999771118164,6.873420715332031,25923000.0,AVGO
2014-11-26,9.157999992370605,9.38599967956543,9.157999992370605,9.378000259399414,7.071742534637451,16143000.0,AVGO
2014-11-28,9.413000106811523,9.442999839782715,9.267000198364258,9.34000015258789,7.043086528778076,8700000.0,AVGO
2014-12-01,9.305000305175781,9.336000442504883,9.001999855041504,9.095000267028809,6.858338832855225,17168000.0,AVGO
2014-12-02,9.069000244140625,9.241000175476074,8.972000122070312,9.220000267028809,6.9525980949401855,19794000.0,AVGO
2014-12-03,9.303000450134277,9.550999641418457,9.303000450134277,9.512999534606934,7.173542022705078,31727000.0,AVGO
2014-12-04,10.154999732971191,10.378000259399414,9.951000213623047,10.307000160217285,7.772281169891357,61855000.0,AVGO
2014-12-05,10.383999824523926,10.5,10.17300033569336,10.39900016784668,7.8416547775268555,29596000.0,AVGO
2014-12-08,10.399999618530273,10.416999816894531,9.965999603271484,10.071000099182129,7.594318866729736,34818000.0,AVGO
2014-12-09,9.98900032043457,10.303000450134277,9.725000381469727,10.263999938964844,7.7398552894592285,22903000.0,AVGO
2014-12-10,10.199999809265137,10.350000381469727,9.916999816894531,9.925000190734863,7.48422384262085,22194000.0,AVGO
2014-12-11,10.008000373840332,10.279999732971191,9.984999656677246,10.055000305175781,7.582253932952881,15685000.0,AVGO
2014-12-12,9.89799976348877,10.118000030517578,9.883000373840332,9.920000076293945,7.480454444885254,13177000.0,AVGO
2014-12-15,9.996999740600586,10.085000038146973,9.723999977111816,9.821000099182129,7.405799865722656,16749000.0,AVGO
2014-12-16,9.774999618530273,9.968000411987305,9.60099983215332,9.732999801635742,7.339443683624268,22113000.0,AVGO
2014-12-17,9.732999801635742,9.984999656677246,9.550000190734863,9.89900016784668,7.491560459136963,27875000.0,AVGO
2014-12-18,10.09000015258789,10.199999809265137,10.0,10.164999961853027,7.692867279052734,33281000.0,AVGO
2014-12-19,10.173999786376953,10.234999656677246,9.944999694824219,10.015000343322754,7.579346179962158,65173000.0,AVGO
2014-12-22,10.100000381469727,10.15999984741211,10.0,10.140999794006348,7.6747002601623535,15924000.0,AVGO
2014-12-23,10.234000205993652,10.25,10.057000160217285,10.07800006866455,7.627022743225098,13011000.0,AVGO
2014-12-24,10.092000007629395,10.123000144958496,10.027999877929688,10.071999549865723,7.622483730316162,6358000.0,AVGO
2014-12-26,10.097000122070312,10.133000373840332,10.020999908447266,10.062000274658203,7.6149163246154785,5761000.0,AVGO
2014-12-29,10.062000274658203,10.138999938964844,9.918999671936035,10.128999710083008,7.665619373321533,13677000.0,AVGO
2014-12-30,10.107000350952148,10.194000244140625,10.0600004196167,10.085000038146973,7.632323265075684,11730000.0,AVGO
2014-12-31,10.109999656677246,10.303000450134277,10.043000221252441,10.059000015258789,7.612642765045166,15121000.0,AVGO
2015-01-02,10.093000411987305,10.220999717712402,9.913000106811523,10.008999824523926,7.57480525970459,13500000.0,AVGO
2015-01-05,10.006999969482422,10.081999778747559,9.84000015258789,9.848999977111816,7.453716278076172,15596000.0,AVGO
2015-01-06,9.895000457763672,9.907999992370605,9.517999649047852,9.625,7.2841973304748535,22194000.0,AVGO
2015-01-07,9.704999923706055,9.939000129699707,9.652999877929688,9.885000228881836,7.480961799621582,30907000.0,AVGO
2015-01-08,10.053000450134277,10.430000305175781,10.03600025177002,10.378999710083008,7.8548197746276855,33265000.0,AVGO
2015-01-09,10.446999549865723,10.579999923706055,10.258000373840332,10.489999771118164,7.9388251304626465,23432000.0,AVGO
2015-01-12,10.506999969482422,10.564000129699707,10.272000312805176,10.315999984741211,7.807143211364746,18692000.0,AVGO
2015-01-13,10.378000259399414,10.73799991607666,10.17300033569336,10.258000373840332,7.763246059417725,24337000.0,AVGO
2015-01-14,10.111000061035156,10.348999977111816,10.00100040435791,10.33899974822998,7.824545860290527,20984000.0,AVGO
2015-01-15,10.355999946594238,10.553999900817871,10.104999542236328,10.131999969482422,7.667889595031738,18372000.0,AVGO
2015-01-16,10.069000244140625,10.390999794006348,10.031000137329102,10.381999969482422,7.857089519500732,15375000.0,AVGO
2015-01-20,10.369000434875488,10.52400016784668,10.258000373840332,10.487000465393066,7.936557769775391,12840000.0,AVGO
2015-01-21,10.432999610900879,10.687999725341797,10.41100025177002,10.538000106811523,7.97515344619751,16451000.0,AVGO
2015-01-22,10.597999572753906,10.64900016784668,10.152000427246094,10.520000457763672,7.961527347564697,20639000.0,AVGO
2015-01-23,10.503000259399414,10.75,10.425000190734863,10.697999954223633,8.096237182617188,15088000.0,AVGO
2015-01-26,10.673999786376953,10.706000328063965,10.461999893188477,10.67300033569336,8.077320098876953,9611000.0,AVGO
2015-01-27,10.506999969482422,10.597999572753906,10.281999588012695,10.479000091552734,7.9305009841918945,15242000.0,AVGO
2015-01-28,10.711999893188477,10.833999633789062,10.486000061035156,10.5,7.94639253616333,23302000.0,AVGO
2015-01-29,10.463000297546387,10.65999984741211,10.22700023651123,10.652999877929688,8.06218147277832,15842000.0,AVGO
2015-01-30,10.529000282287598,10.67300033569336,10.26200008392334,10.288000106811523,7.785949230194092,16938000.0,AVGO
2015-02-02,10.324999809265137,10.348999977111816,9.916000366210938,10.241999626159668,7.751137733459473,21581000.0,AVGO
2015-02-03,10.25,10.371999740600586,10.13599967956543,10.319999694824219,7.81016731262207,15390000.0,AVGO
2015-02-04,10.293000221252441,10.527999877929688,10.244999885559082,10.479999542236328,7.931257247924805,16658000.0,AVGO
2015-02-05,10.473999977111816,10.621999740600586,10.375,10.619999885559082,8.037209510803223,16585000.0,AVGO
2015-02-06,10.626999855041504,10.711000442504883,10.425999641418457,10.473999977111816,7.926718235015869,10682000.0,AVGO
2015-02-09,10.395000457763672,10.4350004196167,10.182000160217285,10.223999977111816,7.737518310546875,20346000.0,AVGO
2015-02-10,10.303999900817871,10.746000289916992,10.288999557495117,10.704000473022461,8.100781440734863,20398000.0,AVGO
2015-02-11,10.678999900817871,10.829999923706055,10.633000373840332,10.793999671936035,8.168893814086914,17169000.0,AVGO
2015-02-12,10.880000114440918,11.003999710083008,10.845999717712402,10.970000267028809,8.302087783813477,21072000.0,AVGO
2015-02-13,11.0,11.020000457763672,10.809000015258789,11.015000343322754,8.336143493652344,14614000.0,AVGO
2015-02-17,11.020000457763672,11.135000228881836,10.909000396728516,11.086999893188477,8.390634536743164,15312000.0,AVGO
2015-02-18,11.031999588012695,11.059000015258789,10.928999900817871,11.0,8.324793815612793,16681000.0,AVGO
2015-02-19,11.0,11.109999656677246,10.96500015258789,11.09000015258789,8.392902374267578,13196000.0,AVGO
2015-02-20,11.142999649047852,11.215999603271484,11.045999526977539,11.206000328063965,8.480693817138672,19283000.0,AVGO
2015-02-23,11.300000190734863,11.322999954223633,11.196000099182129,11.28499984741211,8.540477752685547,23854000.0,AVGO
2015-02-24,11.350000381469727,11.359999656677246,11.16100025177002,11.317999839782715,8.565454483032227,23213000.0,AVGO
2015-02-25,11.329000473022461,11.390000343322754,11.230999946594238,11.267999649047852,8.52761459350586,38216000.0,AVGO
2015-02-26,12.324000358581543,12.98900032043457,12.305000305175781,12.925000190734863,9.781630516052246,89263000.0,AVGO
2015-02-27,12.869999885559082,12.869999885559082,12.61400032043457,12.76200008392334,9.658272743225098,33825000.0,AVGO
2015-03-02,12.720999717712402,13.086999893188477,12.720999717712402,12.902000427246094,9.764223098754883,27893000.0,AVGO
2015-03-03,12.824000358581543,12.894000053405762,12.756999969482422,12.821999549865723,9.703680992126465,18682000.0,AVGO
2015-03-04,12.769000053405762,12.98799991607666,12.437000274658203,12.9399995803833,9.792985916137695,36143000.0,AVGO
2015-03-05,12.935999870300293,13.154000282287598,12.878000259399414,13.057000160217285,9.881529808044434,21688000.0,AVGO
2015-03-06,13.0,13.048999786376953,12.75,12.788999557495117,9.678709030151367,22329000.0,AVGO
2015-03-09,12.779000282287598,12.859000205993652,12.692999839782715,12.711999893188477,9.620433807373047,17835000.0,AVGO
2015-03-10,12.571999549865723,12.692999839782715,12.451000213623047,12.51200008392334,9.469076156616211,17688000.0,AVGO
2015-03-11,12.529999732971191,12.647000312805176,12.45199966430664,12.465999603271484,9.434260368347168,17742000.0,AVGO
2015-03-12,12.288000106811523,12.621000289916992,12.154999732971191,12.612000465393066,9.544753074645996,22305000.0,AVGO
2015-03-13,12.571000099182129,12.675000190734863,12.394000053405762,12.5,9.459990501403809,18414000.0,AVGO
2015-03-16,12.687000274658203,13.045000076293945,12.670000076293945,12.987000465393066,9.828554153442383,23077000.0,AVGO
2015-03-17,12.880999565124512,12.960000038146973,12.75,12.90999984741211,9.770281791687012,19006000.0,AVGO
2015-03-18,12.866000175476074,13.128000259399414,12.769000053405762,13.043999671936035,9.900832176208496,21250000.0,AVGO
2015-03-19,13.050000190734863,13.295000076293945,13.001999855041504,13.204000473022461,10.0222806930542,24461000.0,AVGO
2015-03-20,13.343000411987305,13.418000221252441,13.220000267028809,13.329000473022461,10.117158889770508,55522000.0,AVGO
2015-03-23,13.5,13.628000259399414,13.388999938964844,13.444000244140625,10.204445838928223,23849000.0,AVGO
2015-03-24,13.496999740600586,13.536999702453613,13.288000106811523,13.312000274658203,10.104253768920898,25819000.0,AVGO
2015-03-25,13.26200008392334,13.333000183105469,12.4399995803833,12.442999839782715,9.44465446472168,48853000.0,AVGO
2015-03-26,12.026000022888184,12.513999938964844,11.696000099182129,12.470999717712402,9.465907096862793,45058000.0,AVGO
2015-03-27,12.49899959564209,12.899999618530273,12.484999656677246,12.821000099182129,9.731569290161133,24297000.0,AVGO
2015-03-30,12.982999801635742,13.09000015258789,12.829999923706055,13.055000305175781,9.909184455871582,19523000.0,AVGO
2015-03-31,12.930999755859375,12.949999809265137,12.67300033569336,12.697999954223633,9.638208389282227,16402000.0,AVGO
2015-04-01,12.666000366210938,12.696000099182129,12.361000061035156,12.562999725341797,9.535737991333008,21830000.0,AVGO
2015-04-02,12.611000061035156,12.690999984741211,12.463000297546387,12.501999855041504,9.489436149597168,14508000.0,AVGO
2015-04-06,12.336999893188477,12.67300033569336,12.25,12.583000183105469,9.550920486450195,14227000.0,AVGO
2015-04-07,12.651000022888184,12.717000007629395,12.539999961853027,12.5649995803833,9.537253379821777,16132000.0,AVGO
2015-04-08,12.54699993133545,12.746999740600586,12.529999732971191,12.678999900817871,9.623785972595215,13607000.0,AVGO
2015-04-09,12.583999633789062,12.793999671936035,12.5649995803833,12.722000122070312,9.656427383422852,13961000.0,AVGO
2015-04-10,12.755999565124512,12.79699993133545,12.607000350952148,12.682000160217285,9.626063346862793,11669000.0,AVGO
2015-04-13,12.725000381469727,12.746999740600586,12.510000228881836,12.53499984741211,9.514485359191895,10483000.0,AVGO
2015-04-14,12.505999565124512,12.534000396728516,12.21399974822998,12.39799976348877,9.41049861907959,16047000.0,AVGO
2015-04-15,12.47700023651123,12.630000114440918,12.46500015258789,12.59000015258789,9.556232452392578,16893000.0,AVGO
2015-04-16,12.506999969482422,12.616000175476074,12.479999542236328,12.532999992370605,9.512965202331543,15456000.0,AVGO
2015-04-17,12.369000434875488,12.428000450134277,12.093999862670898,12.1850004196167,9.248825073242188,26817000.0,AVGO
2015-04-20,12.25,12.381999969482422,12.220000267028809,12.303000450134277,9.338388442993164,13295000.0,AVGO
2015-04-21,12.432000160217285,12.505000114440918,12.293999671936035,12.3100004196167,9.343704223632812,20616000.0,AVGO
2015-04-22,12.390999794006348,12.800000190734863,12.274999618530273,12.789999961853027,9.708038330078125,22580000.0,AVGO
2015-04-23,12.522000312805176,12.545999526977539,12.255000114440918,12.406999588012695,9.417326927185059,28053000.0,AVGO
2015-04-24,12.373000144958496,12.373000144958496,11.586999893188477,11.949999809265137,9.070450782775879,55059000.0,AVGO
2015-04-27,12.0,12.194000244140625,11.871999740600586,12.015000343322754,9.119787216186523,27320000.0,AVGO
2015-04-28,12.038000106811523,12.100000381469727,11.456000328063965,11.744999885559082,8.914847373962402,31023000.0,AVGO
2015-04-29,11.60200023651123,11.751999855041504,11.475000381469727,11.70300006866455,8.88296890258789,20903000.0,AVGO
2015-04-30,11.668999671936035,11.894000053405762,11.62600040435791,11.687999725341797,8.871583938598633,21339000.0,AVGO
2015-05-01,11.791999816894531,12.343000411987305,11.788000106811523,12.279999732971191,9.32093334197998,25334000.0,AVGO
2015-05-04,12.282999992370605,12.385000228881836,12.086000442504883,12.116000175476074,9.19644546508789,14207000.0,AVGO
2015-05-05,12.010000228881836,12.067000389099121,11.663000106811523,11.678999900817871,8.864753723144531,22090000.0,AVGO
2015-05-06,11.784000396728516,11.836999893188477,11.538999557495117,11.678000450134277,8.863995552062988,14475000.0,AVGO
2015-05-07,12.0,12.36400032043457,12.0,12.248000144958496,9.296642303466797,23542000.0,AVGO
2015-05-08,12.319999694824219,12.493000030517578,12.27299976348877,12.333000183105469,9.361162185668945,14846000.0,AVGO
2015-05-11,12.357000350952148,12.38599967956543,12.260000228881836,12.281000137329102,9.321695327758789,12418000.0,AVGO
2015-05-12,12.20199966430664,12.357999801635742,12.130000114440918,12.295000076293945,9.332317352294922,10264000.0,AVGO
2015-05-13,12.36299991607666,12.484000205993652,12.230999946594238,12.312999725341797,9.345976829528809,11857000.0,AVGO
2015-05-14,12.413999557495117,12.868000030517578,12.36400032043457,12.694000244140625,9.635174751281738,23279000.0,AVGO
2015-05-15,12.779000282287598,12.949999809265137,12.656999588012695,12.786999702453613,9.705761909484863,22627000.0,AVGO
2015-05-18,12.795000076293945,13.039999961853027,12.727999687194824,13.017999649047852,9.881099700927734,17984000.0,AVGO
2015-05-19,13.086000442504883,13.1850004196167,12.925000190734863,12.946999549865723,9.827205657958984,16053000.0,AVGO
2015-05-20,12.994000434875488,13.107000350952148,12.810999870300293,12.91100025177002,9.799881935119629,18721000.0,AVGO
2015-05-21,12.951000213623047,13.003000259399414,12.784000396728516,12.958999633789062,9.83631420135498,21309000.0,AVGO
2015-05-22,12.982000350952148,13.383000373840332,12.982000350952148,13.263999938964844,10.067821502685547,22856000.0,AVGO
2015-05-26,13.435999870300293,13.45300006866455,13.064000129699707,13.130000114440918,9.96611213684082,26781000.0,AVGO
2015-05-27,13.208999633789062,14.482000350952148,13.161999702453613,14.14900016784668,10.739564895629883,114248000.0,AVGO
2015-05-28,14.50100040435791,14.54699993133545,13.600000381469727,14.23799991607666,10.807116508483887,249123000.0,AVGO
2015-05-29,14.411999702453613,14.923999786376953,14.41100025177002,14.807000160217285,11.239011764526367,118244000.0,AVGO
2015-06-01,14.824000358581543,15.050000190734863,14.515000343322754,14.661999702453613,11.128951072692871,83579000.0,AVGO
2015-06-02,14.640999794006348,14.666999816894531,14.314000129699707,14.416000366210938,10.94222640991211,41264000.0,AVGO
2015-06-03,14.600000381469727,14.600000381469727,14.281000137329102,14.305999755859375,10.858736038208008,30450000.0,AVGO
2015-06-04,14.24899959564209,14.343999862670898,14.04800033569336,14.119999885559082,10.717556953430176,28017000.0,AVGO
2015-06-05,14.097000122070312,14.404000282287598,13.930999755859375,14.380999565124512,10.915661811828613,38593000.0,AVGO
2015-06-08,14.357000350952148,14.376999855041504,13.753000259399414,13.86299991607666,10.522481918334961,54422000.0,AVGO
2015-06-09,13.895000457763672,14.072999954223633,13.651000022888184,14.020999908447266,10.642410278320312,44071000.0,AVGO
2015-06-10,13.993000030517578,14.39799976348877,13.984000205993652,14.28600025177002,10.843555450439453,42617000.0,AVGO
2015-06-11,14.218000411987305,14.326000213623047,14.10200023651123,14.199000358581543,10.777517318725586,31517000.0,AVGO
2015-06-12,14.128999710083008,14.14799976348877,13.98799991607666,14.04699993133545,10.662144660949707,19145000.0,AVGO
2015-06-15,13.916000366210938,14.402000427246094,13.901000022888184,14.312000274658203,10.863285064697266,34565000.0,AVGO
2015-06-16,14.270000457763672,14.348999977111816,14.137999534606934,14.199000358581543,10.777517318725586,20998000.0,AVGO
2015-06-17,14.149999618530273,14.25,13.946000099182129,14.069000244140625,10.70900821685791,25429000.0,AVGO
2015-06-18,14.072999954223633,14.375,14.072999954223633,14.300000190734863,10.884843826293945,25298000.0,AVGO
2015-06-19,14.300999641418457,14.390999794006348,14.15999984741211,14.288999557495117,10.876470565795898,26881000.0,AVGO
2015-06-22,14.416000366210938,14.513999938964844,14.199999809265137,14.32800006866455,10.906158447265625,22846000.0,AVGO
2015-06-23,14.395999908447266,14.395999908447266,14.086000442504883,14.163999557495117,10.78132152557373,21497000.0,AVGO
2015-06-24,14.206000328063965,14.222000122070312,13.982999801635742,13.996999740600586,10.654204368591309,22402000.0,AVGO
2015-06-25,14.012999534606934,14.104999542236328,13.883000373840332,13.92300033569336,10.597879409790039,17538000.0,AVGO
2015-06-26,13.885000228881836,13.904000282287598,13.475000381469727,13.515000343322754,10.28731918334961,71798000.0,AVGO
2015-06-29,13.28499984741211,13.520999908447266,13.104000091552734,13.201000213623047,10.048309326171875,40473000.0,AVGO
2015-06-30,13.380000114440918,13.437999725341797,13.211999893188477,13.293000221252441,10.118337631225586,28695000.0,AVGO
2015-07-01,13.440999984741211,13.770000457763672,13.432000160217285,13.550000190734863,10.313959121704102,43059000.0,AVGO
2015-07-02,13.5600004196167,13.774999618530273,13.53499984741211,13.763999938964844,10.476849555969238,32797000.0,AVGO
2015-07-06,13.616000175476074,13.76099967956543,13.38700008392334,13.420000076293945,10.215005874633789,30188000.0,AVGO
2015-07-07,13.395000457763672,13.444999694824219,12.616000175476074,13.284000396728516,10.111486434936523,59268000.0,AVGO
2015-07-08,13.010000228881836,13.133999824523926,12.685999870300293,12.805000305175781,9.7468843460083,51371000.0,AVGO
2015-07-09,13.017999649047852,13.13599967956543,12.371999740600586,12.468000411987305,9.490365982055664,73469000.0,AVGO
2015-07-10,12.66100025177002,13.081999778747559,12.649999618530273,12.984000205993652,9.883134841918945,50948000.0,AVGO
2015-07-13,13.137999534606934,13.137999534606934,12.845999717712402,12.918000221252441,9.832894325256348,25304000.0,AVGO
2015-07-14,12.9350004196167,13.248000144958496,12.85099983215332,13.229999542236328,10.070382118225098,26289000.0,AVGO
2015-07-15,13.166999816894531,13.348999977111816,13.081999778747559,13.17199993133545,10.026235580444336,23100000.0,AVGO
2015-07-16,13.36299991607666,13.47700023651123,13.08899974822998,13.470000267028809,10.25306510925293,33977000.0,AVGO
2015-07-17,13.496000289916992,13.5,13.196000099182129,13.366000175476074,10.173901557922363,29000000.0,AVGO
2015-07-20,13.454999923706055,13.562000274658203,13.375,13.46399974822998,10.248495101928711,23563000.0,AVGO
2015-07-21,13.510000228881836,13.637999534606934,13.413999557495117,13.451000213623047,10.238602638244629,31532000.0,AVGO
2015-07-22,12.704000473022461,13.0,12.538000106811523,12.958999633789062,9.864102363586426,61346000.0,AVGO
2015-07-23,13.118000030517578,13.5,13.050000190734863,13.196999549865723,10.04526424407959,30608000.0,AVGO
2015-07-24,13.35099983215332,13.385000228881836,12.833999633789062,12.847999572753906,9.779613494873047,36311000.0,AVGO
2015-07-27,12.734999656677246,12.75,12.40999984741211,12.46500015258789,9.488081932067871,34893000.0,AVGO
2015-07-28,12.557999610900879,12.954999923706055,12.35200023651123,12.842000007629395,9.775047302246094,27869000.0,AVGO
2015-07-29,12.836999893188477,12.911999702453613,12.545000076293945,12.857999801635742,9.787224769592285,33407000.0,AVGO
2015-07-30,12.574000358581543,12.878999710083008,12.506999969482422,12.765000343322754,9.716436386108398,39169000.0,AVGO
2015-07-31,12.833999633789062,12.833999633789062,12.496000289916992,12.513999938964844,9.52538013458252,30593000.0,AVGO
2015-08-03,12.642000198364258,12.74899959564209,12.423999786376953,12.579999923706055,9.57562255859375,27273000.0,AVGO
2015-08-04,12.555000305175781,12.555000305175781,11.87600040435791,12.347000122070312,9.398262023925781,47467000.0,AVGO
2015-08-05,12.300000190734863,12.569000244140625,12.100000381469727,12.475000381469727,9.49569320678711,34158000.0,AVGO
2015-08-06,12.503999710083008,12.539999961853027,12.0600004196167,12.32699966430664,9.383042335510254,46052000.0,AVGO
2015-08-07,12.10200023651123,12.39799976348877,12.081999778747559,12.255000114440918,9.328231811523438,30527000.0,AVGO
2015-08-10,12.348999977111816,12.739999771118164,12.300000190734863,12.727999687194824,9.688271522521973,28907000.0,AVGO
2015-08-11,12.564000129699707,12.623000144958496,12.291999816894531,12.420999526977539,9.454588890075684,26744000.0,AVGO
2015-08-12,12.159000396728516,12.668000221252441,12.062000274658203,12.572999954223633,9.570292472839355,27205000.0,AVGO
2015-08-13,12.562000274658203,12.682000160217285,12.401000022888184,12.418999671936035,9.453067779541016,14571000.0,AVGO
2015-08-14,12.399999618530273,12.449999809265137,12.116999626159668,12.196000099182129,9.2833251953125,26496000.0,AVGO
2015-08-17,12.131999969482422,12.552000045776367,12.079999923706055,12.552000045776367,9.554304122924805,21293000.0,AVGO
2015-08-18,12.57699966430664,12.57699966430664,12.178000450134277,12.223999977111816,9.304642677307129,19502000.0,AVGO
2015-08-19,12.157999992370605,12.277999877929688,11.930000305175781,12.145000457763672,9.244507789611816,30891000.0,AVGO
2015-08-20,12.008000373840332,12.064000129699707,11.503000259399414,11.503000259399414,8.755831718444824,41756000.0,AVGO
2015-08-21,11.274999618530273,11.548999786376953,11.133000373840332,11.145000457763672,8.483327865600586,56472000.0,AVGO
2015-08-24,10.109000205993652,11.50100040435791,10.0,10.994000434875488,8.368390083312988,69040000.0,AVGO
2015-08-25,11.413000106811523,11.5,10.819999694824219,10.85099983215332,8.259539604187012,43921000.0,AVGO
2015-08-26,11.260000228881836,11.673999786376953,11.118000030517578,11.619999885559082,8.84488582611084,59354000.0,AVGO
2015-08-27,12.050000190734863,12.699999809265137,12.038000106811523,12.62600040435791,9.61063289642334,91882000.0,AVGO
2015-08-28,12.553000450134277,12.772000312805176,12.468999862670898,12.76200008392334,9.714153289794922,36322000.0,AVGO
2015-08-31,12.663999557495117,12.803999900817871,12.5,12.597000122070312,9.588556289672852,30087000.0,AVGO
2015-09-01,12.152000427246094,12.501999855041504,11.8100004196167,11.937000274658203,9.086182594299316,49749000.0,AVGO
2015-09-02,12.21500015258789,12.406999588012695,12.015999794006348,12.404000282287598,9.441651344299316,36700000.0,AVGO
2015-09-03,12.539999961853027,12.6899995803833,12.321000099182129,12.376999855041504,9.421098709106445,29954000.0,AVGO
2015-09-04,12.12399959564209,12.380999565124512,12.0649995803833,12.114999771118164,9.221667289733887,24923000.0,AVGO
2015-09-08,12.539999961853027,12.932999610900879,12.482000350952148,12.916000366210938,9.831372261047363,35477000.0,AVGO
2015-09-09,13.017999649047852,13.178999900817871,12.630000114440918,12.717000007629395,9.679896354675293,31502000.0,AVGO
2015-09-10,12.854000091552734,12.916000366210938,12.479999542236328,12.871999740600586,9.797883033752441,36224000.0,AVGO
2015-09-11,12.815999984741211,13.121999740600586,12.694000244140625,13.107999801635742,9.977519035339355,39606000.0,AVGO
2015-09-14,13.25,13.373000144958496,13.0600004196167,13.119000434875488,9.985892295837402,34643000.0,AVGO
2015-09-15,13.213000297546387,13.494999885559082,13.100000381469727,13.437999725341797,10.228706359863281,30804000.0,AVGO
2015-09-16,13.388999938964844,13.388999938964844,13.026000022888184,13.14900016784668,10.040109634399414,27317000.0,AVGO
2015-09-17,13.151000022888184,13.305999755859375,13.020000457763672,13.060999870300293,9.97291374206543,19918000.0,AVGO
2015-09-18,12.854000091552734,12.949000358581543,12.65999984741211,12.758999824523926,9.742317199707031,44021000.0,AVGO
2015-09-21,12.836999893188477,12.937999725341797,12.621999740600586,12.72599983215332,9.717121124267578,16515000.0,AVGO
2015-09-22,12.49899959564209,12.583999633789062,12.369999885559082,12.470000267028809,9.521647453308105,22483000.0,AVGO
2015-09-23,12.482000350952148,12.779999732971191,12.380999565124512,12.553999900817871,9.585785865783691,21879000.0,AVGO
2015-09-24,12.40999984741211,12.53499984741211,11.944999694824219,12.40999984741211,9.47583293914795,44995000.0,AVGO
2015-09-25,12.595999717712402,12.892999649047852,12.520000457763672,12.673999786376953,9.677412986755371,35087000.0,AVGO
2015-09-28,12.595999717712402,12.817000389099121,12.081000328063965,12.085000038146973,9.22767448425293,39887000.0,AVGO
2015-09-29,12.190999984741211,12.248000144958496,11.805999755859375,11.967000007629395,9.137575149536133,47991000.0,AVGO
2015-09-30,12.178999900817871,12.52299976348877,12.100000381469727,12.50100040435791,9.545321464538574,43955000.0,AVGO
2015-10-01,12.310999870300293,12.489999771118164,11.949999809265137,12.21399974822998,9.32617473602295,45674000.0,AVGO
2015-10-02,11.99899959564209,12.336000442504883,11.821000099182129,12.333000183105469,9.417037963867188,35207000.0,AVGO
2015-10-05,12.395999908447266,12.487000465393066,12.095999717712402,12.121999740600586,9.255927085876465,39085000.0,AVGO
2015-10-06,12.076000213623047,12.10099983215332,11.152999877929688,11.711000442504883,8.94210147857666,115846000.0,AVGO
2015-10-07,11.864999771118164,11.954000473022461,11.581999778747559,11.86400032043457,9.058928489685059,37284000.0,AVGO
2015-10-08,11.751999855041504,11.795999526977539,11.378999710083008,11.668999671936035,8.910030364990234,41409000.0,AVGO
2015-10-09,11.656000137329102,11.807999610900879,11.553999900817871,11.690999984741211,8.926830291748047,34479000.0,AVGO
2015-10-12,11.758999824523926,11.79800033569336,11.576000213623047,11.767999649047852,8.985624313354492,24184000.0,AVGO
2015-10-13,11.633999824523926,11.666999816894531,11.321000099182129,11.342000007629395,8.660347938537598,32475000.0,AVGO
2015-10-14,11.300000190734863,11.776000022888184,11.23799991607666,11.746000289916992,8.968829154968262,33530000.0,AVGO
2015-10-15,11.800000190734863,12.199000358581543,11.769000053405762,12.187000274658203,9.305560111999512,49316000.0,AVGO
2015-10-16,12.1899995803833,12.197999954223633,11.989999771118164,12.107000350952148,9.244474411010742,19866000.0,AVGO
2015-10-19,12.100000381469727,12.12600040435791,11.737000465393066,11.895999908447266,9.083361625671387,18593000.0,AVGO
2015-10-20,11.847000122070312,12.006999969482422,11.760000228881836,11.98900032043457,9.154375076293945,21920000.0,AVGO
2015-10-21,12.175999641418457,12.267999649047852,12.01099967956543,12.050000190734863,9.20095157623291,28197000.0,AVGO
2015-10-22,12.161999702453613,12.562000274658203,12.121000289916992,12.534000396728516,9.570516586303711,34344000.0,AVGO
2015-10-23,12.746999740600586,12.984000205993652,12.406000137329102,12.958000183105469,9.894266128540039,35498000.0,AVGO
2015-10-26,12.805999755859375,12.805999755859375,12.27400016784668,12.361000061035156,9.438420295715332,58129000.0,AVGO
2015-10-27,12.309000015258789,12.515000343322754,12.093999862670898,12.14900016784668,9.276543617248535,32280000.0,AVGO
2015-10-28,12.479000091552734,12.78499984741211,12.369999885559082,12.708999633789062,9.704141616821289,30966000.0,AVGO
2015-10-29,12.100000381469727,12.416000366210938,11.871999740600586,12.008999824523926,9.169642448425293,61582000.0,AVGO
2015-10-30,12.085000038146973,12.402000427246094,12.017000198364258,12.312999725341797,9.401766777038574,25516000.0,AVGO
2015-11-02,12.366000175476074,12.520999908447266,12.246000289916992,12.380000114440918,9.452925682067871,26068000.0,AVGO
2015-11-03,12.14799976348877,12.494999885559082,12.14799976348877,12.21399974822998,9.32617473602295,26222000.0,AVGO
2015-11-04,12.25,12.486000061035156,12.005999565124512,12.41100025177002,9.476598739624023,43098000.0,AVGO
2015-11-05,12.491000175476074,12.5,12.0600004196167,12.105999946594238,9.243712425231934,28308000.0,AVGO
2015-11-06,12.324999809265137,12.979000091552734,12.322999954223633,12.967000007629395,9.901140213012695,45287000.0,AVGO
2015-11-09,12.836999893188477,12.894000053405762,12.571000099182129,12.649999618530273,9.659090995788574,28250000.0,AVGO
2015-11-10,12.310999870300293,12.407999992370605,11.97700023651123,11.986000061035156,9.152083396911621,44759000.0,AVGO
2015-11-11,12.020999908447266,12.270000457763672,11.982000350952148,11.994999885559082,9.158954620361328,25953000.0,AVGO
2015-11-12,12.020999908447266,12.140999794006348,11.892000198364258,11.984999656677246,9.151321411132812,26588000.0,AVGO
2015-11-13,11.899999618530273,11.98900032043457,11.520999908447266,11.753999710083008,8.974934577941895,39824000.0,AVGO
2015-11-16,11.746999740600586,12.177000045776367,11.708000183105469,12.147000312805176,9.275017738342285,27796000.0,AVGO
2015-11-17,12.145999908447266,12.368000030517578,12.100000381469727,12.206000328063965,9.320068359375,19868000.0,AVGO
2015-11-18,12.192000389099121,12.609999656677246,12.15999984741211,12.592000007629395,9.614800453186035,20270000.0,AVGO
2015-11-19,12.609999656677246,12.61299991607666,12.300999641418457,12.520999908447266,9.560589790344238,32780000.0,AVGO
2015-11-20,12.621000289916992,12.666999816894531,12.373000144958496,12.640000343322754,9.651455879211426,28057000.0,AVGO
2015-11-23,12.675000190734863,12.675000190734863,12.420999526977539,12.440999984741211,9.499504089355469,16003000.0,AVGO
2015-11-24,12.340999603271484,12.859000205993652,12.340999603271484,12.833999633789062,9.79958438873291,35659000.0,AVGO
2015-11-25,12.899999618530273,12.916999816894531,12.765999794006348,12.83899974822998,9.803401947021484,21396000.0,AVGO
2015-11-27,12.86299991607666,13.045000076293945,12.78600025177002,13.003999710083008,9.929391860961914,13262000.0,AVGO
2015-11-30,12.942999839782715,13.069999694824219,12.711999893188477,13.045000076293945,9.960697174072266,32615000.0,AVGO
2015-12-01,13.116999626159668,13.376999855041504,13.090999603271484,13.288999557495117,10.14700698852539,43255000.0,AVGO
2015-12-02,13.307000160217285,13.5,13.154000282287598,13.220999717712402,10.095084190368652,54364000.0,AVGO
2015-12-03,14.486000061035156,14.685999870300293,14.288000106811523,14.477999687194824,11.054885864257812,120661000.0,AVGO
2015-12-04,14.479999542236328,14.788999557495117,14.324000358581543,14.755999565124512,11.2671537399292,60329000.0,AVGO
2015-12-07,14.668999671936035,14.972000122070312,14.555000305175781,14.883000373840332,11.364130020141602,44769000.0,AVGO
2015-12-08,14.684000015258789,14.859000205993652,14.57699966430664,14.777999877929688,11.283955574035645,34560000.0,AVGO
2015-12-09,14.71399974822998,14.800000190734863,14.442000389099121,14.5649995803833,11.121313095092773,30803000.0,AVGO
2015-12-10,14.611000061035156,14.944000244140625,14.519000053405762,14.732999801635742,11.249595642089844,33078000.0,AVGO
2015-12-11,14.461999893188477,14.772000312805176,14.430000305175781,14.442000389099121,11.027397155761719,27777000.0,AVGO
2015-12-14,14.413999557495117,14.53600025177002,14.12399959564209,14.25100040435791,10.881555557250977,36993000.0,AVGO
2015-12-15,14.267999649047852,14.42300033569336,14.130999565124512,14.32699966430664,10.93958854675293,35398000.0,AVGO
2015-12-16,14.317000389099121,14.428000450134277,14.039999961853027,14.387999534606934,11.02000904083252,29644000.0,AVGO
2015-12-17,14.493000030517578,14.550000190734863,14.041000366210938,14.04800033569336,10.759596824645996,24378000.0,AVGO
2015-12-18,14.02299976348877,14.190999984741211,13.854999542236328,14.020000457763672,10.738149642944336,51964000.0,AVGO
2015-12-21,14.3100004196167,14.600000381469727,14.185999870300293,14.579999923706055,11.16706371307373,26627000.0,AVGO
2015-12-22,14.722999572753906,14.722999572753906,14.276000022888184,14.510000228881836,11.113451957702637,21684000.0,AVGO
2015-12-23,14.60200023651123,14.666000366210938,14.439000129699707,14.651000022888184,11.221443176269531,16170000.0,AVGO
2015-12-24,14.640999794006348,14.729000091552734,14.571999549865723,14.631999969482422,11.206891059875488,7436000.0,AVGO
2015-12-28,14.59000015258789,14.640000343322754,14.392999649047852,14.635000228881836,11.209189414978027,13873000.0,AVGO
2015-12-29,14.699999809265137,14.878000259399414,14.50100040435791,14.793999671936035,11.33096981048584,22533000.0,AVGO
2015-12-30,14.75100040435791,14.888999938964844,14.711999893188477,14.737000465393066,11.287311553955078,17396000.0,AVGO
2015-12-31,14.657999992370605,14.75,14.51200008392334,14.515000343322754,11.117276191711426,19673000.0,AVGO
2016-01-04,14.206999778747559,14.234999656677246,13.98799991607666,14.227999687194824,10.8974609375,30970000.0,AVGO
2016-01-05,14.314000129699707,14.329999923706055,13.720999717712402,13.751999855041504,10.532883644104004,38173000.0,AVGO
2016-01-06,13.456999778747559,13.605999946594238,13.227999687194824,13.329000473022461,10.208900451660156,50824000.0,AVGO
2016-01-07,13.130999565124512,13.376999855041504,12.819000244140625,12.904999732971191,9.884150505065918,50056000.0,AVGO
2016-01-08,13.003000259399414,13.345999717712402,12.805999755859375,12.819999694824219,9.819048881530762,64641000.0,AVGO
2016-01-11,12.949999809265137,12.996999740600586,12.541999816894531,12.803999900817871,9.80679702758789,38941000.0,AVGO
2016-01-12,12.986000061035156,13.166999816894531,12.685999870300293,12.991999626159668,9.950787544250488,41112000.0,AVGO
2016-01-13,12.774999618530273,12.998000144958496,12.307999610900879,12.331000328063965,9.444517135620117,48470000.0,AVGO
2016-01-14,12.418999671936035,12.668000221252441,12.029000282287598,12.519000053405762,9.588512420654297,63942000.0,AVGO
2016-01-15,12.020999908447266,12.378999710083008,11.930000305175781,11.996999740600586,9.188700675964355,75916000.0,AVGO
2016-01-19,12.276000022888184,12.479999542236328,11.901000022888184,12.006999969482422,9.196358680725098,54773000.0,AVGO
2016-01-20,11.782999992370605,12.557999610900879,11.717000007629395,12.383000373840332,9.484346389770508,103988000.0,AVGO
2016-01-21,12.479999542236328,12.600000381469727,12.335000038146973,12.45300006866455,9.537961959838867,48475000.0,AVGO
2016-01-22,12.64799976348877,12.64799976348877,12.42300033569336,12.451000213623047,9.536428451538086,58428000.0,AVGO
2016-01-25,12.442999839782715,12.498000144958496,12.399999618530273,12.449000358581543,9.534896850585938,61359000.0,AVGO
2016-01-26,12.5,12.651000022888184,12.399999618530273,12.439000129699707,9.527235984802246,119134000.0,AVGO
2016-01-27,12.364999771118164,12.541000366210938,12.008999824523926,12.234999656677246,9.370990753173828,58156000.0,AVGO
2016-01-28,12.293999671936035,12.654999732971191,12.199999809265137,12.63700008392334,9.678885459899902,49969000.0,AVGO
2016-01-29,12.944000244140625,13.434000015258789,12.810999870300293,13.371000289916992,10.241069793701172,259449000.0,AVGO
2016-02-01,13.333999633789062,13.869000434875488,13.295999526977539,13.767999649047852,10.545138359069824,45619000.0,AVGO
2016-02-02,13.50100040435791,13.758999824523926,13.170000076293945,13.324000358581543,10.205073356628418,59005000.0,AVGO
2016-02-03,13.725000381469727,13.76099967956543,13.029000282287598,13.13599967956543,10.061081886291504,56234000.0,AVGO
2016-02-04,13.140000343322754,13.72700023651123,13.050000190734863,13.612000465393066,10.425657272338867,60833000.0,AVGO
2016-02-05,13.699999809265137,13.699999809265137,12.697999954223633,12.836000442504883,9.831307411193848,70953000.0,AVGO
2016-02-08,12.699000358581543,12.699000358581543,11.92199993133545,12.185999870300293,9.333460807800293,91242000.0,AVGO
2016-02-09,11.982999801635742,12.571999549865723,11.876999855041504,11.970999717712402,9.16878604888916,63400000.0,AVGO
2016-02-10,12.24899959564209,12.366999626159668,11.864999771118164,11.920000076293945,9.129728317260742,45473000.0,AVGO
2016-02-11,11.649999618530273,11.763999938964844,11.425000190734863,11.630999565124512,8.90837574005127,66673000.0,AVGO
2016-02-12,11.776000022888184,12.232999801635742,11.572999954223633,12.166000366210938,9.318142890930176,39965000.0,AVGO
2016-02-16,12.32699966430664,12.678999900817871,12.295000076293945,12.62399959564209,9.668931007385254,38521000.0,AVGO
2016-02-17,12.699999809265137,13.081999778747559,12.67300033569336,13.067999839782715,10.00899887084961,32742000.0,AVGO
2016-02-18,13.175999641418457,13.199000358581543,12.607999801635742,12.706999778747559,9.732503890991211,39202000.0,AVGO
2016-02-19,12.704999923706055,12.878999710083008,12.5,12.866999626159668,9.855049133300781,31118000.0,AVGO
2016-02-22,13.0,13.243000030517578,12.949000358581543,13.064000129699707,10.00593376159668,24204000.0,AVGO
2016-02-23,13.015999794006348,13.050000190734863,12.805999755859375,12.815999984741211,9.815985679626465,22352000.0,AVGO
2016-02-24,12.651000022888184,13.125,12.541000366210938,13.034000396728516,9.98295783996582,25680000.0,AVGO
2016-02-25,13.07800006866455,13.24899959564209,12.869000434875488,13.246999740600586,10.146097183227539,25652000.0,AVGO
2016-02-26,13.420000076293945,13.496999740600586,13.225000381469727,13.310999870300293,10.195115089416504,27142000.0,AVGO
2016-02-29,13.333999633789062,13.791999816894531,13.289999961853027,13.397000312805176,10.260985374450684,35911000.0,AVGO
2016-03-01,13.536999702453613,13.86400032043457,13.461999893188477,13.843000411987305,10.602583885192871,44906000.0,AVGO
2016-03-02,13.78499984741211,13.824000358581543,13.505000114440918,13.696999549865723,10.490760803222656,43834000.0,AVGO
2016-03-03,13.774999618530273,13.885000228881836,13.430000305175781,13.732999801635742,10.51833438873291,59437000.0,AVGO
2016-03-04,14.600000381469727,14.78600025177002,14.17199993133545,14.605999946594238,11.186979293823242,72399000.0,AVGO
2016-03-07,14.47599983215332,14.623000144958496,14.057000160217285,14.35099983215332,10.991671562194824,41363000.0,AVGO
2016-03-08,14.229000091552734,14.281999588012695,13.940999984741211,13.963000297546387,10.694491386413574,33216000.0,AVGO
2016-03-09,14.074999809265137,14.253000259399414,14.04699993133545,14.196000099182129,10.872954368591309,31152000.0,AVGO
2016-03-10,14.345999717712402,14.579999923706055,14.199999809265137,14.442000389099121,11.061369895935059,54546000.0,AVGO
2016-03-11,14.598999977111816,15.001999855041504,14.574999809265137,14.881999969482422,11.398370742797852,55822000.0,AVGO
2016-03-14,14.711000442504883,14.918999671936035,14.699999809265137,14.814000129699707,11.34628963470459,28444000.0,AVGO
2016-03-15,14.850000381469727,14.998000144958496,14.607999801635742,14.847000122070312,11.371561050415039,30891000.0,AVGO
2016-03-16,14.746000289916992,14.927000045776367,14.6850004196167,14.86299991607666,11.42151165008545,34906000.0,AVGO
2016-03-17,14.737000465393066,15.17199993133545,14.737000465393066,15.154999732971191,11.645898818969727,44708000.0,AVGO
2016-03-18,15.194000244140625,15.300000190734863,15.086999893188477,15.24899959564209,11.718135833740234,70568000.0,AVGO
2016-03-21,15.258999824523926,15.300000190734863,15.083000183105469,15.288999557495117,11.748873710632324,28207000.0,AVGO
2016-03-22,15.239999771118164,15.560999870300293,15.154999732971191,15.47599983215332,11.892573356628418,33945000.0,AVGO
2016-03-23,15.482000350952148,15.531999588012695,15.234000205993652,15.298999786376953,11.756558418273926,27577000.0,AVGO
2016-03-24,15.175999641418457,15.329000473022461,15.112000465393066,15.300000190734863,11.757325172424316,25651000.0,AVGO
2016-03-28,15.32800006866455,15.350000381469727,15.206999778747559,15.3100004196167,11.765010833740234,17224000.0,AVGO
2016-03-29,15.32699966430664,15.493000030517578,15.218000411987305,15.413000106811523,11.844164848327637,26765000.0,AVGO
2016-03-30,15.5,15.727999687194824,15.454000473022461,15.692999839782715,12.059327125549316,26794000.0,AVGO
2016-03-31,15.70199966430664,15.737000465393066,15.444999694824219,15.449999809265137,11.872594833374023,24968000.0,AVGO
2016-04-01,15.404000282287598,15.791999816894531,15.116000175476074,15.779999732971191,12.126184463500977,25671000.0,AVGO
2016-04-04,15.800000190734863,15.833000183105469,15.565999984741211,15.60099983215332,11.988630294799805,17760000.0,AVGO
2016-04-05,15.444999694824219,15.704999923706055,15.444999694824219,15.503000259399414,11.913322448730469,56915000.0,AVGO
2016-04-06,15.470000267028809,15.777000427246094,15.371000289916992,15.753999710083008,12.106202125549316,28149000.0,AVGO
2016-04-07,15.748000144958496,15.795000076293945,15.468999862670898,15.496999740600586,11.908711433410645,22975000.0,AVGO
2016-04-08,15.628000259399414,15.6899995803833,15.46399974822998,15.614999771118164,11.99938678741455,18526000.0,AVGO
2016-04-11,15.743000030517578,15.779999732971191,15.5600004196167,15.560999870300293,11.957891464233398,18568000.0,AVGO
2016-04-12,15.60099983215332,15.63700008392334,15.300000190734863,15.543000221252441,11.944062232971191,16537000.0,AVGO
2016-04-13,15.647000312805176,15.96500015258789,15.560999870300293,15.947999954223633,12.25528621673584,21730000.0,AVGO
2016-04-14,15.729000091552734,15.91100025177002,15.600000381469727,15.881999969482422,12.20456600189209,27549000.0,AVGO
2016-04-15,15.812999725341797,15.833999633789062,15.45199966430664,15.548999786376953,11.948670387268066,27685000.0,AVGO
2016-04-18,15.53499984741211,15.640000343322754,15.380999565124512,15.59000015258789,11.98017692565918,15297000.0,AVGO
2016-04-19,15.645000457763672,15.677000045776367,15.079000473022461,15.107000350952148,11.609015464782715,24560000.0,AVGO
2016-04-20,15.145999908447266,15.40999984741211,15.039999961853027,15.322999954223633,11.77500057220459,19435000.0,AVGO
2016-04-21,15.289999961853027,15.32800006866455,15.045000076293945,15.135000228881836,11.630533218383789,16117000.0,AVGO
2016-04-22,15.039999961853027,15.293999671936035,14.873000144958496,15.032999992370605,11.55215072631836,25699000.0,AVGO
2016-04-25,15.024999618530273,15.086000442504883,14.876999855041504,14.90999984741211,11.457629203796387,10870000.0,AVGO
2016-04-26,15.14900016784668,15.41100025177002,15.003999710083008,15.076000213623047,11.58519172668457,26309000.0,AVGO
2016-04-27,14.720999717712402,15.336000442504883,14.649999618530273,15.152999877929688,11.644364356994629,38930000.0,AVGO
2016-04-28,15.038999557495117,15.402000427246094,14.732999801635742,14.798999786376953,11.372332572937012,25520000.0,AVGO
2016-04-29,14.630999565124512,14.779000282287598,14.324999809265137,14.574999809265137,11.200199127197266,35067000.0,AVGO
2016-05-02,14.616000175476074,14.682999610900879,14.449999809265137,14.607999801635742,11.225554466247559,19525000.0,AVGO
2016-05-03,14.510000228881836,14.598999977111816,14.232999801635742,14.319999694824219,11.004243850708008,23986000.0,AVGO
2016-05-04,14.25100040435791,14.442000389099121,14.126999855041504,14.206999778747559,10.91740894317627,20888000.0,AVGO
2016-05-05,14.381999969482422,14.489999771118164,14.208999633789062,14.258000373840332,10.956598281860352,16841000.0,AVGO
2016-05-06,14.175999641418457,14.25,13.918000221252441,14.189000129699707,10.903573989868164,30027000.0,AVGO
2016-05-09,14.199999809265137,14.392000198364258,14.12600040435791,14.239999771118164,10.942766189575195,17300000.0,AVGO
2016-05-10,14.25,14.513999938964844,14.149999618530273,14.461000442504883,11.112595558166504,18461000.0,AVGO
2016-05-11,14.409000396728516,14.621999740600586,14.35099983215332,14.385000228881836,11.054195404052734,16716000.0,AVGO
2016-05-12,14.406999588012695,14.472999572753906,13.95199966430664,14.104000091552734,10.838257789611816,26452000.0,AVGO
2016-05-13,14.093999862670898,14.312999725341797,13.961999893188477,14.005000114440918,10.762179374694824,21716000.0,AVGO
2016-05-16,14.086999893188477,14.362000465393066,14.069000244140625,14.265000343322754,10.961977005004883,20373000.0,AVGO
2016-05-17,14.25100040435791,14.298999786376953,13.98799991607666,14.116999626159668,10.848248481750488,21248000.0,AVGO
2016-05-18,14.053000450134277,14.505000114440918,14.032999992370605,14.387999534606934,11.056496620178223,22620000.0,AVGO
2016-05-19,14.303000450134277,14.465999603271484,14.112000465393066,14.27400016784668,10.968894958496094,17478000.0,AVGO
2016-05-20,14.413000106811523,14.767000198364258,14.371000289916992,14.67300033569336,11.275507926940918,25889000.0,AVGO
2016-05-23,14.819000244140625,15.034000396728516,14.788000106811523,14.8100004196167,11.380784034729004,17609000.0,AVGO
2016-05-24,14.859999656677246,15.168000221252441,14.835000038146973,15.142000198364258,11.63591194152832,19907000.0,AVGO
2016-05-25,15.184000015258789,15.399999618530273,15.048999786376953,15.357000350952148,11.801128387451172,21737000.0,AVGO
2016-05-26,15.376999855041504,15.425000190734863,15.182000160217285,15.302000045776367,11.758865356445312,18431000.0,AVGO
2016-05-27,15.300000190734863,15.392999649047852,15.246000289916992,15.329999923706055,11.780381202697754,18693000.0,AVGO
2016-05-31,15.399999618530273,15.494999885559082,15.329999923706055,15.435999870300293,11.861835479736328,32058000.0,AVGO
2016-06-01,15.340999603271484,15.531999588012695,15.333999633789062,15.47700023651123,11.89334487915039,30777000.0,AVGO
2016-06-02,15.520999908447266,15.552000045776367,15.33899974822998,15.491000175476074,11.90410041809082,46746000.0,AVGO
2016-06-03,16.57699966430664,16.600000381469727,16.1200008392334,16.256000518798828,12.491968154907227,82985000.0,AVGO
2016-06-06,16.34000015258789,16.393999099731445,16.101999282836914,16.284000396728516,12.513484001159668,34010000.0,AVGO
2016-06-07,16.333999633789062,16.594999313354492,16.2810001373291,16.483999252319336,12.667173385620117,32340000.0,AVGO
2016-06-08,16.409000396728516,16.461999893188477,16.333999633789062,16.3700008392334,12.579572677612305,25620000.0,AVGO
2016-06-09,16.214000701904297,16.5049991607666,16.211999893188477,16.413999557495117,12.613382339477539,29143000.0,AVGO
2016-06-10,16.216999053955078,16.29800033569336,16.0,16.082000732421875,12.358258247375488,26657000.0,AVGO
2016-06-13,16.013999938964844,16.225000381469727,15.96399974822998,16.000999450683594,12.296012878417969,21568000.0,AVGO
2016-06-14,15.927000045776367,16.05299949645996,15.812999725341797,15.89900016784668,12.217628479003906,25669000.0,AVGO
2016-06-15,15.881999969482422,16.011999130249023,15.817999839782715,15.84000015258789,12.210688591003418,30884000.0,AVGO
2016-06-16,15.704999923706055,15.883999824523926,15.5600004196167,15.86299991607666,12.22842025756836,22804000.0,AVGO
2016-06-17,15.897000312805176,15.975000381469727,15.493000030517578,15.600000381469727,12.025683403015137,43333000.0,AVGO
2016-06-20,15.84000015258789,15.960000038146973,15.668999671936035,15.692999839782715,12.097375869750977,20265000.0,AVGO
2016-06-21,15.76099967956543,15.84000015258789,15.560999870300293,15.581000328063965,12.011035919189453,16126000.0,AVGO
2016-06-22,15.572999954223633,15.717000007629395,15.479999542236328,15.513999938964844,11.959385871887207,16039000.0,AVGO
2016-06-23,15.734999656677246,15.86299991607666,15.597000122070312,15.862000465393066,12.22765064239502,24435000.0,AVGO
2016-06-24,15.199999809265137,15.487000465393066,14.84000015258789,14.871999740600586,11.46448040008545,64177000.0,AVGO
2016-06-27,14.649999618530273,14.725000381469727,14.22700023651123,14.36299991607666,11.07210636138916,37864000.0,AVGO
2016-06-28,14.670000076293945,14.993000030517578,14.657999992370605,14.97700023651123,11.545424461364746,37233000.0,AVGO
2016-06-29,15.201000213623047,15.5649995803833,15.07800006866455,15.5,11.94859504699707,47860000.0,AVGO
2016-06-30,15.5,15.723999977111816,15.416999816894531,15.539999961853027,11.979427337646484,42626000.0,AVGO
2016-07-01,15.446999549865723,15.586999893188477,15.362000465393066,15.42199993133545,11.888463973999023,19779000.0,AVGO
2016-07-05,15.157999992370605,15.170999526977539,14.95300006866455,15.076000213623047,11.62174129486084,26321000.0,AVGO
2016-07-06,14.935999870300293,15.126999855041504,14.715999603271484,15.062999725341797,11.61171817779541,20603000.0,AVGO
2016-07-07,15.013999938964844,15.300000190734863,15.013999938964844,15.098999977111816,11.639472007751465,19248000.0,AVGO
2016-07-08,15.265000343322754,15.524999618530273,15.194000244140625,15.513999938964844,11.959385871887207,26741000.0,AVGO
2016-07-11,15.710000038146973,15.847000122070312,15.628000259399414,15.736000061035156,12.130520820617676,25201000.0,AVGO
2016-07-12,15.857999801635742,16.090999603271484,15.824999809265137,15.859000205993652,12.225337982177734,20306000.0,AVGO
2016-07-13,15.890999794006348,16.038000106811523,15.734000205993652,15.741000175476074,12.134371757507324,15734000.0,AVGO
2016-07-14,15.954999923706055,16.106000900268555,15.88599967956543,16.07900047302246,12.394932746887207,23550000.0,AVGO
2016-07-15,16.111000061035156,16.156999588012695,15.965999603271484,16.115999221801758,12.423455238342285,19259000.0,AVGO
2016-07-18,16.242000579833984,16.3700008392334,16.19499969482422,16.232999801635742,12.513646125793457,14626000.0,AVGO
2016-07-19,16.14699935913086,16.200000762939453,15.979000091552734,16.05299949645996,12.374887466430664,14797000.0,AVGO
2016-07-20,16.15999984741211,16.37700080871582,16.091999053955078,16.267000198364258,12.539856910705566,18064000.0,AVGO
2016-07-21,16.301000595092773,16.347999572753906,15.982000350952148,16.041000366210938,12.365635871887207,19530000.0,AVGO
2016-07-22,15.958999633789062,16.030000686645508,15.668999671936035,15.967000007629395,12.30859375,19664000.0,AVGO
2016-07-25,15.96399974822998,16.06999969482422,15.927000045776367,15.977999687194824,12.3170747756958,9627000.0,AVGO
2016-07-26,16.141000747680664,16.350000381469727,16.03700065612793,16.3439998626709,12.599211692810059,28631000.0,AVGO
2016-07-27,16.5939998626709,16.760000228881836,16.270999908447266,16.56599998474121,12.770347595214844,30493000.0,AVGO
2016-07-28,16.5,16.69700050354004,16.392000198364258,16.42300033569336,12.660112380981445,19512000.0,AVGO
2016-07-29,16.39299964904785,16.46500015258789,16.110000610351562,16.197999954223633,12.48666763305664,26030000.0,AVGO
2016-08-01,16.277999877929688,16.38800048828125,16.190000534057617,16.35099983215332,12.604612350463867,17876000.0,AVGO
2016-08-02,16.309999465942383,16.39900016784668,16.226999282836914,16.288999557495117,12.556817054748535,22689000.0,AVGO
2016-08-03,16.187999725341797,16.415000915527344,16.128000259399414,16.410999298095703,12.650863647460938,15019000.0,AVGO
2016-08-04,16.427000045776367,16.700000762939453,16.420000076293945,16.698999404907227,12.872876167297363,19978000.0,AVGO
2016-08-05,16.795000076293945,17.020000457763672,16.722999572753906,17.011999130249023,13.114156723022461,25594000.0,AVGO
2016-08-08,17.0,17.12299919128418,16.785999298095703,16.834999084472656,12.977715492248535,19084000.0,AVGO
2016-08-09,16.893999099731445,17.216999053955078,16.8700008392334,17.117000579833984,13.19510269165039,32743000.0,AVGO
2016-08-10,17.121999740600586,17.218000411987305,16.983999252319336,17.184999465942383,13.247522354125977,19523000.0,AVGO
2016-08-11,17.207000732421875,17.31599998474121,17.09000015258789,17.208999633789062,13.266021728515625,15745000.0,AVGO
2016-08-12,17.21299934387207,17.261999130249023,17.13800048828125,17.246999740600586,13.295313835144043,16530000.0,AVGO
2016-08-15,17.336999893188477,17.58099937438965,17.25,17.554000854492188,13.531977653503418,25807000.0,AVGO
2016-08-16,17.481000900268555,17.499000549316406,17.209999084472656,17.239999771118164,13.289917945861816,19069000.0,AVGO
2016-08-17,17.225000381469727,17.327999114990234,17.176000595092773,17.30299949645996,13.338483810424805,16613000.0,AVGO
2016-08-18,17.281999588012695,17.417999267578125,17.263999938964844,17.39299964904785,13.40786361694336,21120000.0,AVGO
2016-08-19,17.417999267578125,17.506000518798828,17.343000411987305,17.493000030517578,13.484951972961426,15349000.0,AVGO
2016-08-22,17.5,17.631000518798828,17.4060001373291,17.593000411987305,13.562039375305176,15393000.0,AVGO
2016-08-23,17.672000885009766,17.746999740600586,17.61199951171875,17.733999252319336,13.670733451843262,19741000.0,AVGO
2016-08-24,17.756999969482422,17.768999099731445,17.437000274658203,17.530000686645508,13.51347541809082,21802000.0,AVGO
2016-08-25,17.552000045776367,17.714000701904297,17.4689998626709,17.604000091552734,13.570524215698242,18735000.0,AVGO
2016-08-26,17.683000564575195,17.864999771118164,17.51300048828125,17.715999603271484,13.656852722167969,22586000.0,AVGO
2016-08-29,17.729999542236328,17.868000030517578,17.690000534057617,17.739999771118164,13.675358772277832,16726000.0,AVGO
2016-08-30,17.81599998474121,17.941999435424805,17.5939998626709,17.700000762939453,13.644524574279785,27838000.0,AVGO
2016-08-31,17.709999084472656,17.832000732421875,17.53499984741211,17.642000198364258,13.59981632232666,32753000.0,AVGO
2016-09-01,17.687999725341797,17.767000198364258,17.48200035095215,17.708999633789062,13.651460647583008,39128000.0,AVGO
2016-09-02,17.700000762939453,17.733999252319336,16.8799991607666,17.31100082397461,13.344653129577637,80668000.0,AVGO
2016-09-06,17.36199951171875,17.399999618530273,16.964000701904297,17.110000610351562,13.189708709716797,36132000.0,AVGO
2016-09-07,17.142000198364258,17.200000762939453,16.770999908447266,16.889999389648438,13.020112991333008,31437000.0,AVGO
2016-09-08,16.839000701904297,16.882999420166016,16.6560001373291,16.83799934387207,12.980027198791504,18680000.0,AVGO
2016-09-09,16.632999420166016,16.704999923706055,16.066999435424805,16.077999114990234,12.394161224365234,45022000.0,AVGO
2016-09-12,15.913000106811523,16.475000381469727,15.875,16.447999954223633,12.679383277893066,35673000.0,AVGO
2016-09-13,16.447999954223633,16.736000061035156,16.43000030517578,16.52400016784668,12.737970352172852,36003000.0,AVGO
2016-09-14,16.523000717163086,16.993000030517578,16.5049991607666,16.961000442504883,13.074850082397461,40324000.0,AVGO
2016-09-15,16.933000564575195,17.299999237060547,16.81999969482422,17.27199935913086,13.35474681854248,36322000.0,AVGO
2016-09-16,17.242000579833984,17.298999786376953,16.985000610351562,17.124000549316406,13.240307807922363,83067000.0,AVGO
2016-09-19,17.155000686645508,17.357999801635742,16.940000534057617,17.072999954223633,13.200874328613281,28306000.0,AVGO
2016-09-20,17.22100067138672,17.22100067138672,16.816999435424805,16.822999954223633,13.00757884979248,18722000.0,AVGO
2016-09-21,16.839000701904297,17.00200080871582,16.76099967956543,16.982999801635742,13.131288528442383,17977000.0,AVGO
2016-09-22,17.097000122070312,17.125,16.80699920654297,16.884000778198242,13.054742813110352,20619000.0,AVGO
2016-09-23,16.8700008392334,16.902999877929688,16.551000595092773,16.665000915527344,12.885412216186523,26875000.0,AVGO
2016-09-26,16.510000228881836,16.722999572753906,16.275999069213867,16.66900062561035,12.888504028320312,32033000.0,AVGO
2016-09-27,16.68899917602539,17.08799934387207,16.601999282836914,17.086000442504883,13.210929870605469,25353000.0,AVGO
2016-09-28,17.17799949645996,17.270999908447266,16.97800064086914,17.06999969482422,13.19855785369873,20843000.0,AVGO
2016-09-29,17.0,17.39900016784668,16.948999404907227,17.246000289916992,13.334638595581055,38570000.0,AVGO
2016-09-30,17.299999237060547,17.46500015258789,17.243999481201172,17.25200080871582,13.339282035827637,34220000.0,AVGO
2016-10-03,17.301000595092773,17.388999938964844,16.972000122070312,17.006999969482422,13.149843215942383,22807000.0,AVGO
2016-10-04,17.06100082397461,17.09000015258789,16.808000564575195,16.905000686645508,13.070978164672852,19596000.0,AVGO
2016-10-05,17.149999618530273,17.410999298095703,17.06800079345703,17.347999572753906,13.413511276245117,26149000.0,AVGO
2016-10-06,17.329999923706055,17.46500015258789,17.125999450683594,17.41900062561035,13.468405723571777,21014000.0,AVGO
2016-10-07,17.488000869750977,17.4950008392334,17.23900032043457,17.42099952697754,13.469950675964355,21842000.0,AVGO
2016-10-10,17.472999572753906,17.59000015258789,17.375999450683594,17.476999282836914,13.513250350952148,16336000.0,AVGO
2016-10-11,17.52899932861328,17.549999237060547,16.952999114990234,17.117000579833984,13.23489761352539,26181000.0,AVGO
2016-10-12,17.075000762939453,17.106000900268555,16.84000015258789,17.047000885009766,13.180773735046387,21740000.0,AVGO
2016-10-13,16.87700080871582,16.989999771118164,16.68000030517578,16.893999099731445,13.062474250793457,22373000.0,AVGO
2016-10-14,16.99799919128418,17.263999938964844,16.93400001525879,17.009000778198242,13.151392936706543,19570000.0,AVGO
2016-10-17,16.969999313354492,17.094999313354492,16.87299919128418,16.88800048828125,13.057831764221191,12741000.0,AVGO
2016-10-18,17.065000534057617,17.28700065612793,17.054000854492188,17.216999053955078,13.31221866607666,14167000.0,AVGO
2016-10-19,17.117000579833984,17.22800064086914,17.01099967956543,17.187000274658203,13.289021492004395,20440000.0,AVGO
2016-10-20,17.166000366210938,17.45800018310547,17.101999282836914,17.340999603271484,13.40809440612793,18961000.0,AVGO
2016-10-21,17.229000091552734,17.34000015258789,17.06999969482422,17.29199981689453,13.370205879211426,15842000.0,AVGO
2016-10-24,17.416000366210938,17.700000762939453,17.356000900268555,17.655000686645508,13.65088176727295,19772000.0,AVGO
2016-10-25,17.60300064086914,17.649999618530273,17.35099983215332,17.364999771118164,13.426651000976562,21622000.0,AVGO
2016-10-26,17.21500015258789,17.47800064086914,17.110000610351562,17.299999237060547,13.376395225524902,21075000.0,AVGO
2016-10-27,17.430999755859375,17.524999618530273,17.17799949645996,17.224000930786133,13.317631721496582,19840000.0,AVGO
2016-10-28,17.249000549316406,17.28700065612793,16.90399932861328,16.934999465942383,13.094175338745117,20651000.0,AVGO
2016-10-31,17.0,17.166000366210938,16.868999481201172,17.027999877929688,13.166084289550781,20317000.0,AVGO
2016-11-01,17.07200050354004,17.155000686645508,16.58300018310547,16.8799991607666,13.05164909362793,28452000.0,AVGO
2016-11-02,17.291000366210938,17.415000915527344,16.981000900268555,17.256000518798828,13.342374801635742,43501000.0,AVGO
2016-11-03,17.2450008392334,17.534000396728516,17.21500015258789,17.298999786376953,13.37562370300293,20654000.0,AVGO
2016-11-04,17.040000915527344,17.452999114990234,17.023000717163086,17.216999053955078,13.31221866607666,21753000.0,AVGO
2016-11-07,17.43899917602539,17.788000106811523,17.410999298095703,17.695999145507812,13.682581901550293,26126000.0,AVGO
2016-11-08,17.707000732421875,17.802000045776367,17.51099967956543,17.700000762939453,13.685676574707031,18923000.0,AVGO
2016-11-09,17.14699935913086,17.649999618530273,17.115999221801758,17.341999053955078,13.408864974975586,32506000.0,AVGO
2016-11-10,17.371999740600586,17.450000762939453,16.329999923706055,16.79400062561035,12.985152244567871,51217000.0,AVGO
2016-11-11,16.735000610351562,17.0,16.572999954223633,16.753999710083008,12.9542236328125,29793000.0,AVGO
2016-11-14,16.64699935913086,16.777000427246094,16.302000045776367,16.378000259399414,12.66350269317627,28187000.0,AVGO
2016-11-15,16.482999801635742,16.75,16.361000061035156,16.645000457763672,12.86994743347168,25380000.0,AVGO
2016-11-16,16.6299991607666,16.816999435424805,16.575000762939453,16.783000946044922,12.976652145385742,13333000.0,AVGO
2016-11-17,16.735000610351562,16.902000427246094,16.601999282836914,16.70400047302246,12.915565490722656,18100000.0,AVGO
2016-11-18,16.674999237060547,16.916000366210938,16.674999237060547,16.81599998474121,13.002164840698242,19524000.0,AVGO
2016-11-21,16.913000106811523,17.275999069213867,16.913000106811523,17.257999420166016,13.343918800354004,21384000.0,AVGO
2016-11-22,17.371999740600586,17.742000579833984,17.33099937438965,17.70199966430664,13.687226295471191,31024000.0,AVGO
2016-11-23,17.63599967956543,17.775999069213867,17.52400016784668,17.70800018310547,13.691859245300293,22123000.0,AVGO
2016-11-25,17.67799949645996,17.70199966430664,17.55699920654297,17.674999237060547,13.666345596313477,8198000.0,AVGO
2016-11-28,17.606000900268555,17.707000732421875,17.45400047302246,17.46500015258789,13.503973007202148,26570000.0,AVGO
2016-11-29,17.38599967956543,17.697999954223633,17.343000411987305,17.545000076293945,13.565828323364258,18514000.0,AVGO
2016-11-30,17.511999130249023,17.59000015258789,17.04400062561035,17.048999786376953,13.182319641113281,31249000.0,AVGO
2016-12-01,17.000999450683594,17.048999786376953,16.121000289916992,16.27899932861328,12.586954116821289,46389000.0,AVGO
2016-12-02,16.35700035095215,16.492000579833984,16.062000274658203,16.422000885009766,12.697525978088379,26945000.0,AVGO
2016-12-05,16.60099983215332,16.660999298095703,16.239999771118164,16.613000869750977,12.845208168029785,21372000.0,AVGO
2016-12-06,16.680999755859375,16.797000885009766,16.344999313354492,16.47599983215332,12.739273071289062,39184000.0,AVGO
2016-12-07,16.47599983215332,16.854999542236328,16.367000579833984,16.854999542236328,13.032318115234375,32659000.0,AVGO
2016-12-08,16.954999923706055,17.13800048828125,16.750999450683594,17.070999145507812,13.199329376220703,38361000.0,AVGO
2016-12-09,18.094999313354492,18.190000534057617,17.690000534057617,17.909000396728516,13.847273826599121,75744000.0,AVGO
2016-12-12,17.80500030517578,18.07699966430664,17.6560001373291,17.81599998474121,13.77536392211914,37194000.0,AVGO
2016-12-13,17.874000549316406,18.194000244140625,17.799999237060547,17.944000244140625,13.874340057373047,69076000.0,AVGO
2016-12-14,17.875,17.922000885009766,17.62299919128418,17.761999130249023,13.812125205993652,46795000.0,AVGO
2016-12-15,17.83099937438965,18.1200008392334,17.656999588012695,18.000999450683594,13.997978210449219,38103000.0,AVGO
2016-12-16,18.075000762939453,18.108999252319336,17.74799919128418,17.841999053955078,13.874334335327148,41541000.0,AVGO
2016-12-19,17.906999588012695,18.141000747680664,17.812000274658203,18.04599952697754,14.032973289489746,22219000.0,AVGO
2016-12-20,18.100000381469727,18.327999114990234,18.013999938964844,18.207000732421875,14.158171653747559,27352000.0,AVGO
2016-12-21,18.37299919128418,18.39900016784668,18.17799949645996,18.229000091552734,14.175273895263672,21013000.0,AVGO
2016-12-22,18.28499984741211,18.299999237060547,17.937999725341797,18.059999465942383,14.043859481811523,17557000.0,AVGO
2016-12-23,18.0049991607666,18.197999954223633,17.965999603271484,18.194000244140625,14.148056983947754,8977000.0,AVGO
2016-12-27,18.211000442504883,18.3700008392334,18.204999923706055,18.231000900268555,14.176830291748047,8283000.0,AVGO
2016-12-28,18.263999938964844,18.299999237060547,17.983999252319336,18.018999099731445,14.011974334716797,14039000.0,AVGO
2016-12-29,17.969999313354492,18.066999435424805,17.863000869750977,17.98699951171875,13.987088203430176,13671000.0,AVGO
2016-12-30,18.03700065612793,18.09000015258789,17.601999282836914,17.677000045776367,13.746026992797852,25421000.0,AVGO
2017-01-03,17.82900047302246,18.09000015258789,17.65399932861328,17.833999633789062,13.86811351776123,32098000.0,AVGO
2017-01-04,17.826000213623047,17.899999618530273,17.667999267578125,17.707000732421875,13.769354820251465,23965000.0,AVGO
2017-01-05,17.632999420166016,17.700000762939453,17.38800048828125,17.42799949645996,13.552399635314941,24861000.0,AVGO
2017-01-06,17.42099952697754,17.690000534057617,17.33099937438965,17.659000396728516,13.732032775878906,23142000.0,AVGO
2017-01-09,17.665000915527344,17.829999923706055,17.663999557495117,17.69700050354004,13.761577606201172,20265000.0,AVGO
2017-01-10,17.749000549316406,18.073999404907227,17.690000534057617,18.05699920654297,14.041524887084961,30181000.0,AVGO
2017-01-11,18.0049991607666,18.047000885009766,17.775999069213867,17.941999435424805,13.952096939086914,18787000.0,AVGO
2017-01-12,17.80900001525879,17.90999984741211,17.540000915527344,17.88599967956543,13.908548355102539,23137000.0,AVGO
2017-01-13,17.889999389648438,18.077999114990234,17.839000701904297,18.045000076293945,14.032191276550293,20902000.0,AVGO
2017-01-17,17.947999954223633,17.96299934387207,17.756000518798828,17.910999298095703,13.92799186706543,26316000.0,AVGO
2017-01-18,18.035999298095703,18.506999969482422,18.0,18.50200080871582,14.387569427490234,35642000.0,AVGO
2017-01-19,18.510000228881836,18.687999725341797,18.468000411987305,18.555999755859375,14.429556846618652,45718000.0,AVGO
2017-01-20,18.860000610351562,19.15399932861328,18.809999465942383,19.107999801635742,14.858809471130371,57623000.0,AVGO
2017-01-23,19.10099983215332,19.152999877929688,18.841999053955078,19.100000381469727,14.852580070495605,33394000.0,AVGO
2017-01-24,19.27199935913086,19.964000701904297,19.22800064086914,19.774999618530273,15.37747859954834,62008000.0,AVGO
2017-01-25,19.992000579833984,20.259000778198242,19.80299949645996,20.24799919128418,15.74528980255127,60888000.0,AVGO
2017-01-26,20.444000244140625,20.527000427246094,20.113000869750977,20.41699981689453,15.876717567443848,38820000.0,AVGO
2017-01-27,20.538000106811523,20.57900047302246,20.354000091552734,20.570999145507812,15.996464729309082,25780000.0,AVGO
2017-01-30,20.44499969482422,20.48699951171875,20.06100082397461,20.32200050354004,15.802840232849121,33234000.0,AVGO
2017-01-31,20.246999740600586,20.246999740600586,19.88599967956543,19.950000762939453,15.513562202453613,26749000.0,AVGO
2017-02-01,20.225000381469727,20.447999954223633,20.020999908447266,20.368999481201172,15.839384078979492,31184000.0,AVGO
2017-02-02,20.19700050354004,20.503000259399414,20.100000381469727,20.405000686645508,15.867384910583496,22712000.0,AVGO
2017-02-03,20.4950008392334,20.65999984741211,20.30299949645996,20.615999221801758,16.031463623046875,24367000.0,AVGO
2017-02-06,20.614999771118164,20.666000366210938,20.43000030517578,20.6560001373291,16.062564849853516,18716000.0,AVGO
2017-02-07,20.72100067138672,20.739999771118164,20.493000030517578,20.590999603271484,16.01201629638672,22840000.0,AVGO
2017-02-08,20.597000122070312,20.875,20.516000747680664,20.68899917602539,16.088224411010742,21069000.0,AVGO
2017-02-09,20.732999801635742,20.768999099731445,20.363000869750977,20.534000396728516,15.967695236206055,27519000.0,AVGO
2017-02-10,20.600000381469727,20.649999618530273,20.385000228881836,20.552000045776367,15.981691360473633,23842000.0,AVGO
2017-02-13,20.67799949645996,20.711000442504883,20.517000198364258,20.67099952697754,16.074228286743164,12463000.0,AVGO
2017-02-14,20.698999404907227,20.700000762939453,20.479999542236328,20.533000946044922,15.9669189453125,17357000.0,AVGO
2017-02-15,20.582000732421875,20.694000244140625,20.479999542236328,20.599000930786133,16.018238067626953,17088000.0,AVGO
2017-02-16,20.645999908447266,20.82200050354004,20.51799964904785,20.81800079345703,16.18854331970215,17188000.0,AVGO
2017-02-17,20.899999618530273,21.041000366210938,20.68199920654297,21.041000366210938,16.361949920654297,30945000.0,AVGO
2017-02-21,21.100000381469727,21.36199951171875,21.090999603271484,21.274999618530273,16.543909072875977,30333000.0,AVGO
2017-02-22,21.299999237060547,21.493000030517578,21.149999618530273,21.416000366210938,16.65355682373047,23949000.0,AVGO
2017-02-23,21.507999420166016,21.59600067138672,20.964000701904297,21.058000564575195,16.375173568725586,29364000.0,AVGO
2017-02-24,20.83799934387207,21.065000534057617,20.26099967956543,21.03700065612793,16.35883903503418,27651000.0,AVGO
2017-02-27,21.066999435424805,21.344999313354492,21.018999099731445,21.327999114990234,16.585126876831055,26991000.0,AVGO
2017-02-28,21.413999557495117,21.43400001525879,21.030000686645508,21.093000411987305,16.402385711669922,27548000.0,AVGO
2017-03-01,21.30699920654297,21.538999557495117,21.055999755859375,21.513999938964844,16.729764938354492,51155000.0,AVGO
2017-03-02,22.410999298095703,22.49799919128418,21.601999282836914,21.729000091552734,16.896957397460938,71171000.0,AVGO
2017-03-03,21.799999237060547,22.0,21.770000457763672,21.832000732421875,16.97705078125,30747000.0,AVGO
2017-03-06,21.636999130249023,21.85300064086914,21.517000198364258,21.79400062561035,16.947498321533203,22771000.0,AVGO
2017-03-07,21.733999252319336,22.136999130249023,21.708999633789062,21.924999237060547,17.04936981201172,29129000.0,AVGO
2017-03-08,21.922000885009766,22.124000549316406,21.854999542236328,21.96299934387207,17.07891845703125,24532000.0,AVGO
2017-03-09,21.878000259399414,22.285999298095703,21.812000274658203,22.201000213623047,17.26399040222168,25675000.0,AVGO
2017-03-10,22.273000717163086,22.641000747680664,22.273000717163086,22.635000228881836,17.601482391357422,39430000.0,AVGO
2017-03-13,22.586000442504883,22.774999618530273,22.535999298095703,22.645000457763672,17.609254837036133,26669000.0,AVGO
2017-03-14,22.47599983215332,22.628000259399414,22.35099983215332,22.434999465942383,17.44595718383789,22165000.0,AVGO
2017-03-15,22.433000564575195,22.665000915527344,22.323999404907227,22.593000411987305,17.568824768066406,20727000.0,AVGO
2017-03-16,22.54800033569336,22.582000732421875,22.156999588012695,22.236000061035156,17.369625091552734,27835000.0,AVGO
2017-03-17,22.351999282836914,22.371000289916992,22.084999084472656,22.118000030517578,17.27745246887207,51635000.0,AVGO
2017-03-20,22.118000030517578,22.263999938964844,22.077999114990234,22.124000549316406,17.282136917114258,17215000.0,AVGO
2017-03-21,22.224000930786133,22.29800033569336,21.552000045776367,21.601999282836914,16.87438201904297,30557000.0,AVGO
2017-03-22,21.601999282836914,21.836999893188477,21.538999557495117,21.742000579833984,16.983739852905273,19131000.0,AVGO
2017-03-23,21.72599983215332,21.84600067138672,21.64299964904785,21.68600082397461,16.93999671936035,19223000.0,AVGO
2017-03-24,21.801000595092773,22.139999389648438,21.77400016784668,21.89699935913086,17.104814529418945,23794000.0,AVGO
2017-03-27,21.683000564575195,22.01799964904785,21.597000122070312,21.905000686645508,17.111066818237305,15358000.0,AVGO
2017-03-28,21.85099983215332,22.17799949645996,21.834999084472656,22.094999313354492,17.25948715209961,17929000.0,AVGO
2017-03-29,22.079999923706055,22.135000228881836,21.968000411987305,22.131000518798828,17.28760528564453,15927000.0,AVGO
2017-03-30,22.190000534057617,22.44499969482422,21.88599967956543,22.003999710083008,17.188400268554688,34168000.0,AVGO
2017-03-31,21.999000549316406,22.099000930786133,21.80299949645996,21.895999908447266,17.104036331176758,25897000.0,AVGO
2017-04-03,21.899999618530273,21.999000549316406,21.666000366210938,21.8799991607666,17.09153175354004,19210000.0,AVGO
2017-04-04,21.816999435424805,22.041000366210938,21.788000106811523,21.895999908447266,17.104036331176758,12634000.0,AVGO
2017-04-05,21.95400047302246,22.049999237060547,21.68000030517578,21.71299934387207,16.96108055114746,15690000.0,AVGO
2017-04-06,21.670000076293945,21.847000122070312,21.55900001525879,21.75,16.989988327026367,14615000.0,AVGO
2017-04-07,21.75,21.983999252319336,21.70400047302246,21.825000762939453,17.048574447631836,16412000.0,AVGO
2017-04-10,21.707000732421875,21.905000686645508,21.625999450683594,21.802000045776367,17.030607223510742,17994000.0,AVGO
2017-04-11,21.6560001373291,21.84000015258789,21.402999877929688,21.7549991607666,16.993894577026367,22219000.0,AVGO
2017-04-12,21.566999435424805,21.61400032043457,20.8439998626709,20.920000076293945,16.34163475036621,61026000.0,AVGO
2017-04-13,20.92099952697754,21.39699935913086,20.899999618530273,21.131999969482422,16.507234573364258,42579000.0,AVGO
2017-04-17,21.238000869750977,21.43600082397461,21.2189998626709,21.386999130249023,16.706430435180664,14507000.0,AVGO
2017-04-18,21.305999755859375,21.371000289916992,21.20599937438965,21.309999465942383,16.646282196044922,8486000.0,AVGO
2017-04-19,21.378000259399414,21.482999801635742,21.326000213623047,21.363000869750977,16.687685012817383,12081000.0,AVGO
2017-04-20,21.5,21.91200065612793,21.422000885009766,21.820999145507812,17.045455932617188,16916000.0,AVGO
2017-04-21,21.742000579833984,21.83300018310547,21.615999221801758,21.766000747680664,17.00248908996582,14683000.0,AVGO
2017-04-24,22.069000244140625,22.190000534057617,21.968000411987305,22.124000549316406,17.282136917114258,17531000.0,AVGO
2017-04-25,22.20199966430664,22.399999618530273,22.19499969482422,22.31999969482422,17.435239791870117,14848000.0,AVGO
2017-04-26,22.349000930786133,22.39299964904785,22.086999893188477,22.167999267578125,17.316505432128906,14726000.0,AVGO
2017-04-27,22.288999557495117,22.409000396728516,22.20599937438965,22.30900001525879,17.42664909362793,11850000.0,AVGO
2017-04-28,22.283000946044922,22.31399917602539,21.976999282836914,22.08099937438965,17.248550415039062,16490000.0,AVGO
2017-05-01,22.208999633789062,22.22599983215332,21.990999221801758,22.131999969482422,17.288387298583984,15339000.0,AVGO
2017-05-02,22.34600067138672,22.549999237060547,22.149999618530273,22.545000076293945,17.61100196838379,27277000.0,AVGO
2017-05-03,22.451000213623047,22.618999481201172,22.354999542236328,22.489999771118164,17.568035125732422,18002000.0,AVGO
2017-05-04,22.525999069213867,22.586000442504883,22.18600082397461,22.34000015258789,17.450864791870117,16245000.0,AVGO
2017-05-05,22.496000289916992,22.64900016784668,22.405000686645508,22.645000457763672,17.689115524291992,23128000.0,AVGO
2017-05-08,22.652000427246094,22.709999084472656,22.38599967956543,22.507999420166016,17.58209991455078,17448000.0,AVGO
2017-05-09,22.562000274658203,22.940000534057617,22.47100067138672,22.84600067138672,17.846128463745117,19261000.0,AVGO
2017-05-10,22.948999404907227,23.341999053955078,22.868999481201172,23.132999420166016,18.070316314697266,24433000.0,AVGO
2017-05-11,23.06800079345703,23.184999465942383,22.823999404907227,23.108999252319336,18.051570892333984,14823000.0,AVGO
2017-05-12,23.148000717163086,23.604999542236328,23.083999633789062,23.59600067138672,18.431987762451172,25852000.0,AVGO
2017-05-15,23.56100082397461,23.989999771118164,23.5,23.902999877929688,18.67180061340332,29172000.0,AVGO
2017-05-16,23.993999481201172,24.128999710083008,23.868999481201172,24.06800079345703,18.80068588256836,18128000.0,AVGO
2017-05-17,23.799999237060547,23.89699935913086,23.108999252319336,23.118000030517578,18.058597564697266,31447000.0,AVGO
2017-05-18,23.158000946044922,23.86199951171875,22.76799964904785,23.766000747680664,18.564783096313477,30699000.0,AVGO
2017-05-19,23.67099952697754,23.698999404907227,23.204999923706055,23.40999984741211,18.286693572998047,35812000.0,AVGO
2017-05-22,23.55299949645996,23.898000717163086,23.422000885009766,23.83799934387207,18.62102699279785,20419000.0,AVGO
2017-05-23,23.834999084472656,23.89299964904785,23.583999633789062,23.65399932861328,18.477296829223633,13696000.0,AVGO
2017-05-24,23.84600067138672,24.000999450683594,23.69700050354004,23.959999084472656,18.716325759887695,16392000.0,AVGO
2017-05-25,24.111000061035156,24.1560001373291,23.87299919128418,24.086000442504883,18.81475830078125,19010000.0,AVGO
2017-05-26,24.09000015258789,24.15999984741211,23.832000732421875,24.121000289916992,18.842092514038086,13120000.0,AVGO
2017-05-30,24.049999237060547,24.138999938964844,23.899999618530273,23.98200035095215,18.733509063720703,29364000.0,AVGO
2017-05-31,24.25200080871582,24.288999557495117,23.756000518798828,23.947999954223633,18.70694923400879,44830000.0,AVGO
2017-06-01,24.15999984741211,24.187000274658203,23.381000518798828,23.458999633789062,18.324974060058594,63774000.0,AVGO
2017-06-02,24.854000091552734,25.582000732421875,24.415000915527344,25.452999114990234,19.882577896118164,108613000.0,AVGO
2017-06-05,25.399999618530273,25.67799949645996,25.020000457763672,25.22100067138672,19.701356887817383,39532000.0,AVGO
2017-06-06,25.07699966430664,25.534000396728516,25.062000274658203,25.38599967956543,19.83024787902832,29653000.0,AVGO
2017-06-07,25.368000030517578,25.584999084472656,25.297000885009766,25.42799949645996,19.86305046081543,29290000.0,AVGO
2017-06-08,25.5,25.610000610351562,25.23200035095215,25.4950008392334,19.915390014648438,28273000.0,AVGO
2017-06-09,25.551000595092773,25.600000381469727,24.145000457763672,24.333999633789062,19.00847816467285,58191000.0,AVGO
2017-06-12,24.040000915527344,24.31100082397461,23.575000762939453,24.267000198364258,18.956140518188477,54872000.0,AVGO
2017-06-13,24.496000289916992,24.791000366210938,24.16699981689453,24.29400062561035,18.97722816467285,30853000.0,AVGO
2017-06-14,24.35700035095215,24.4950008392334,23.76300048828125,24.054000854492188,18.78975486755371,34509000.0,AVGO
2017-06-15,23.534000396728516,23.948999404907227,23.527000427246094,23.798999786376953,18.66973114013672,27527000.0,AVGO
2017-06-16,23.89299964904785,23.94300079345703,23.51300048828125,23.625,18.533235549926758,35819000.0,AVGO
2017-06-19,24.481000900268555,24.481000900268555,24.03499984741211,24.114999771118164,18.91762351989746,28519000.0,AVGO
2017-06-20,24.200000762939453,24.364999771118164,23.985000610351562,23.999000549316406,18.82662582397461,24429000.0,AVGO
2017-06-21,24.357999801635742,24.590999603271484,24.191999435424805,24.511999130249023,19.22905921936035,34998000.0,AVGO
2017-06-22,24.551000595092773,24.641000747680664,24.308000564575195,24.40399932861328,19.144338607788086,18666000.0,AVGO
2017-06-23,24.354000091552734,24.687000274658203,24.27899932861328,24.525999069213867,19.240039825439453,34985000.0,AVGO
2017-06-26,24.599000930786133,24.790000915527344,24.1200008392334,24.274999618530273,19.043142318725586,32103000.0,AVGO
2017-06-27,24.13599967956543,24.198999404907227,23.523000717163086,23.533000946044922,18.461061477661133,33582000.0,AVGO
2017-06-28,23.659000396728516,24.17300033569336,23.450000762939453,24.104999542236328,18.909778594970703,24533000.0,AVGO
2017-06-29,23.8700008392334,23.89699935913086,23.05699920654297,23.40399932861328,18.359867095947266,34513000.0,AVGO
2017-06-30,23.62700080871582,23.66900062561035,23.285999298095703,23.30500030517578,18.282201766967773,26534000.0,AVGO
2017-07-03,23.451000213623047,23.52400016784668,22.908000946044922,22.97599983215332,18.02410316467285,21123000.0,AVGO
2017-07-05,23.100000381469727,23.232999801635742,22.910999298095703,23.160999298095703,18.169233322143555,29699000.0,AVGO
2017-07-06,22.756000518798828,23.572999954223633,22.75,23.503999710083008,18.438310623168945,26334000.0,AVGO
2017-07-07,23.530000686645508,24.018999099731445,23.527000427246094,23.961999893188477,18.797603607177734,24731000.0,AVGO
2017-07-10,24.051000595092773,24.194000244140625,23.881000518798828,24.177000045776367,18.966262817382812,22499000.0,AVGO
2017-07-11,24.200000762939453,24.260000228881836,23.93899917602539,24.089000701904297,18.897226333618164,20502000.0,AVGO
2017-07-12,24.299999237060547,24.718000411987305,24.106000900268555,24.642000198364258,19.331043243408203,27710000.0,AVGO
2017-07-13,24.711999893188477,24.98699951171875,24.655000686645508,24.731000900268555,19.400863647460938,20400000.0,AVGO
2017-07-14,24.863000869750977,25.040000915527344,24.78499984741211,25.02899932861328,19.634634017944336,14417000.0,AVGO
2017-07-17,25.07900047302246,25.236000061035156,24.88599967956543,24.902000427246094,19.53500747680664,18746000.0,AVGO
2017-07-18,24.72599983215332,25.093000411987305,24.606000900268555,25.08799934387207,19.680919647216797,13003000.0,AVGO
2017-07-19,25.200000762939453,25.45400047302246,25.05500030517578,25.440000534057617,19.957054138183594,25526000.0,AVGO
2017-07-20,25.450000762939453,25.5,25.235000610351562,25.343000411987305,19.88096046447754,12135000.0,AVGO
2017-07-21,25.152999877929688,25.351999282836914,25.04599952697754,25.31100082397461,19.855859756469727,15504000.0,AVGO
2017-07-24,25.32900047302246,25.368000030517578,25.16900062561035,25.30299949645996,19.84958267211914,13638000.0,AVGO
2017-07-25,25.280000686645508,25.44099998474121,25.01799964904785,25.43000030517578,19.9492130279541,16123000.0,AVGO
2017-07-26,25.4689998626709,25.819000244140625,25.461999893188477,25.701000213623047,20.161802291870117,19971000.0,AVGO
2017-07-27,25.820999145507812,25.849000930786133,24.895000457763672,25.094999313354492,19.68641471862793,32010000.0,AVGO
2017-07-28,24.892000198364258,25.11199951171875,24.75,25.03700065612793,19.640914916992188,31919000.0,AVGO
2017-07-31,25.097999572753906,25.2450008392334,24.54599952697754,24.666000366210938,19.34988021850586,18902000.0,AVGO
2017-08-01,24.822999954223633,25.0,24.695999145507812,24.839000701904297,19.48558235168457,17582000.0,AVGO
2017-08-02,25.459999084472656,25.72800064086914,25.106000900268555,25.336000442504883,19.875465393066406,36970000.0,AVGO
2017-08-03,25.2810001373291,25.299999237060547,24.722999572753906,25.02899932861328,19.634634017944336,23447000.0,AVGO
2017-08-04,25.073999404907227,25.097000122070312,24.812000274658203,24.91699981689453,19.546772003173828,13454000.0,AVGO
2017-08-07,24.93899917602539,25.288999557495117,24.889999389648438,25.243999481201172,19.803300857543945,18730000.0,AVGO
2017-08-08,25.197999954223633,25.429000854492188,25.04199981689453,25.13599967956543,19.71857452392578,20439000.0,AVGO
2017-08-09,24.952999114990234,25.035999298095703,24.75200080871582,24.91699981689453,19.546772003173828,21256000.0,AVGO
2017-08-10,24.666000366210938,24.700000762939453,24.04599952697754,24.070999145507812,18.88310432434082,29033000.0,AVGO
2017-08-11,24.0049991607666,24.52400016784668,23.8700008392334,24.41699981689453,19.154537200927734,16976000.0,AVGO
2017-08-14,24.68600082397461,25.125,24.600000381469727,25.090999603271484,19.683273315429688,16736000.0,AVGO
2017-08-15,25.312000274658203,25.4060001373291,25.12700080871582,25.368999481201172,19.901355743408203,20942000.0,AVGO
2017-08-16,25.43199920654297,25.474000930786133,25.180999755859375,25.341999053955078,19.88018035888672,15394000.0,AVGO
2017-08-17,25.299999237060547,25.424999237060547,24.665000915527344,24.69499969482422,19.372617721557617,22793000.0,AVGO
2017-08-18,24.732999801635742,25.148000717163086,24.613000869750977,24.937000274658203,19.562467575073242,20126000.0,AVGO
2017-08-21,25.18899917602539,25.18899917602539,24.618000030517578,24.961999893188477,19.58207893371582,20693000.0,AVGO
2017-08-22,25.183000564575195,25.618999481201172,25.100000381469727,25.518999099731445,20.019027709960938,26917000.0,AVGO
2017-08-23,25.392000198364258,25.891000747680664,25.339000701904297,25.691999435424805,20.154739379882812,27928000.0,AVGO
2017-08-24,25.867000579833984,25.93600082397461,25.110000610351562,25.5049991607666,20.00804328918457,52119000.0,AVGO
2017-08-25,25.225000381469727,25.440000534057617,24.378000259399414,24.55900001525879,19.26593017578125,69099000.0,AVGO
2017-08-28,24.70400047302246,24.763999938964844,24.25,24.325000762939453,19.082359313964844,34174000.0,AVGO
2017-08-29,24.128999710083008,24.45800018310547,24.003000259399414,24.17300033569336,18.96312713623047,33536000.0,AVGO
2017-08-30,24.1560001373291,24.634000778198242,24.08799934387207,24.601999282836914,19.29966163635254,21924000.0,AVGO
2017-08-31,24.66200065612793,25.253000259399414,24.55500030517578,25.207000732421875,19.774272918701172,29491000.0,AVGO
2017-09-01,25.232999801635742,25.534000396728516,25.229999542236328,25.273000717163086,19.826047897338867,23242000.0,AVGO
2017-09-05,25.011999130249023,25.273000717163086,24.70199966430664,24.905000686645508,19.5373592376709,24306000.0,AVGO
2017-09-06,25.06100082397461,25.131000518798828,24.770000457763672,24.937999725341797,19.563247680664062,13996000.0,AVGO
2017-09-07,24.979000091552734,25.0,24.613000869750977,24.655000686645508,19.341243743896484,16088000.0,AVGO
2017-09-08,24.591999053955078,24.639999389648438,24.309999465942383,24.410999298095703,19.14982795715332,18094000.0,AVGO
2017-09-11,24.70800018310547,24.823999404907227,24.60099983215332,24.77400016784668,19.434595108032227,16878000.0,AVGO
2017-09-12,24.965999603271484,24.974000930786133,24.549999237060547,24.714000701904297,19.387531280517578,18396000.0,AVGO
2017-09-13,24.582000732421875,24.791000366210938,24.514999389648438,24.624000549316406,19.31692123413086,29664000.0,AVGO
2017-09-14,24.461999893188477,24.750999450683594,24.323999404907227,24.69499969482422,19.372617721557617,28645000.0,AVGO
2017-09-15,24.76300048828125,25.118999481201172,24.51099967956543,25.05500030517578,19.655033111572266,50066000.0,AVGO
2017-09-18,25.104999542236328,25.283000946044922,24.861000061035156,24.98200035095215,19.677881240844727,25743000.0,AVGO
2017-09-19,25.117000579833984,25.184999465942383,24.83300018310547,24.97599983215332,19.67314910888672,22088000.0,AVGO
2017-09-20,24.974000930786133,24.988000869750977,23.785999298095703,24.291000366210938,19.13358497619629,57010000.0,AVGO
2017-09-21,24.246000289916992,24.270000457763672,23.81800079345703,24.038000106811523,18.934307098388672,28620000.0,AVGO
2017-09-22,23.833999633789062,24.075000762939453,23.812000274658203,23.923999786376953,18.84450340270996,23100000.0,AVGO
2017-09-25,23.7189998626709,23.7810001373291,23.152999877929688,23.551000595092773,18.550701141357422,38692000.0,AVGO
2017-09-26,23.788000106811523,23.9950008392334,23.5310001373291,23.726999282836914,18.6893367767334,39010000.0,AVGO
2017-09-27,23.950000762939453,24.267000198364258,23.857999801635742,24.058000564575195,18.950056076049805,26489000.0,AVGO
2017-09-28,23.951000213623047,24.336000442504883,23.950000762939453,24.29400062561035,19.135942459106445,21932000.0,AVGO
2017-09-29,24.29400062561035,24.42799949645996,24.150999069213867,24.253999710083008,19.104440689086914,17319000.0,AVGO
2017-10-02,24.5310001373291,24.5310001373291,23.975000381469727,24.047000885009766,18.941389083862305,19431000.0,AVGO
2017-10-03,24.007999420166016,24.094999313354492,23.788999557495117,23.950000762939453,18.864988327026367,25611000.0,AVGO
2017-10-04,23.878000259399414,24.232999801635742,23.750999450683594,24.200000762939453,19.061912536621094,23271000.0,AVGO
2017-10-05,24.32699966430664,24.573999404907227,24.23699951171875,24.367000579833984,19.193450927734375,22811000.0,AVGO
2017-10-06,24.030000686645508,24.575000762939453,24.030000686645508,24.573999404907227,19.35650062561035,17489000.0,AVGO
2017-10-09,24.600000381469727,24.725000381469727,24.538999557495117,24.642000198364258,19.410064697265625,16551000.0,AVGO
2017-10-10,24.753000259399414,24.81599998474121,24.304000854492188,24.599000930786133,19.376192092895508,15348000.0,AVGO
2017-10-11,24.520999908447266,25.117000579833984,24.513999938964844,25.040000915527344,19.72356414794922,26603000.0,AVGO
2017-10-12,25.04199981689453,25.128000259399414,24.827999114990234,24.874000549316406,19.592805862426758,20067000.0,AVGO
2017-10-13,25.014999389648438,25.083999633789062,24.746999740600586,24.79599952697754,19.531362533569336,15257000.0,AVGO
2017-10-16,24.857999801635742,24.94700050354004,24.562000274658203,24.66699981689453,19.429758071899414,14899000.0,AVGO
2017-10-17,24.583999633789062,24.5939998626709,24.233999252319336,24.261999130249023,19.110742568969727,26965000.0,AVGO
2017-10-18,24.33300018310547,24.461000442504883,23.979999542236328,24.399999618530273,19.219446182250977,19905000.0,AVGO
2017-10-19,24.082000732421875,24.437000274658203,23.836000442504883,24.429000854492188,19.242286682128906,25844000.0,AVGO
2017-10-20,24.695999145507812,24.700000762939453,24.375999450683594,24.423999786376953,19.238346099853516,23548000.0,AVGO
2017-10-23,24.51799964904785,24.565000534057617,24.270999908447266,24.427000045776367,19.24070930480957,23418000.0,AVGO
2017-10-24,24.506999969482422,24.81399917602539,24.410999298095703,24.76799964904785,19.509309768676758,22887000.0,AVGO
2017-10-25,24.58799934387207,24.89299964904785,24.42300033569336,24.582000732421875,19.36280059814453,20955000.0,AVGO
2017-10-26,24.726999282836914,24.78499984741211,24.375999450683594,24.375999450683594,19.20053482055664,24446000.0,AVGO
2017-10-27,24.457000732421875,25.298999786376953,24.27899932861328,25.290000915527344,19.920480728149414,44753000.0,AVGO
2017-10-30,25.329999923706055,26.219999313354492,25.32699966430664,26.12299919128418,20.57662582397461,50202000.0,AVGO
2017-10-31,26.25,26.670000076293945,26.1299991607666,26.391000747680664,20.787721633911133,32845000.0,AVGO
2017-11-01,26.423999786376953,26.56399917602539,25.68899917602539,25.929000854492188,20.423810958862305,27333000.0,AVGO
2017-11-02,26.216999053955078,26.464000701904297,24.886999130249023,25.950000762939453,20.440351486206055,67196000.0,AVGO
2017-11-03,26.402999877929688,27.799999237060547,25.711000442504883,27.363000869750977,21.553342819213867,120503000.0,AVGO
2017-11-06,27.829999923706055,28.18000030517578,27.003000259399414,27.75200080871582,21.859756469726562,78088000.0,AVGO
2017-11-07,27.253999710083008,27.450000762939453,26.753999710083008,27.131999969482422,21.371395111083984,36789000.0,AVGO
2017-11-08,26.933000564575195,27.381999969482422,26.724000930786133,27.239999771118164,21.45646095275879,30254000.0,AVGO
2017-11-09,26.86400032043457,27.040000915527344,26.25,26.56399917602539,20.923980712890625,30980000.0,AVGO
2017-11-10,26.57900047302246,26.663999557495117,26.360000610351562,26.496000289916992,20.870424270629883,20338000.0,AVGO
2017-11-13,26.25,26.597999572753906,26.155000686645508,26.500999450683594,20.874361038208008,28064000.0,AVGO
2017-11-14,26.329999923706055,26.558000564575195,26.125999450683594,26.326000213623047,20.73651695251465,19718000.0,AVGO
2017-11-15,26.229999542236328,26.700000762939453,25.80299949645996,26.559999465942383,20.920835494995117,29032000.0,AVGO
2017-11-16,26.68000030517578,27.46500015258789,26.611000061035156,27.211000442504883,21.433618545532227,31000000.0,AVGO
2017-11-17,27.177000045776367,27.211000442504883,26.843000411987305,27.18600082397461,21.41392707824707,24069000.0,AVGO
2017-11-20,27.261999130249023,27.674999237060547,27.138999938964844,27.488000869750977,21.651813507080078,28639000.0,AVGO
2017-11-21,27.610000610351562,27.820999145507812,27.490999221801758,27.659000396728516,21.7864990234375,20903000.0,AVGO
2017-11-22,27.70199966430664,27.770999908447266,27.41699981689453,27.53700065612793,21.69040298461914,18642000.0,AVGO
2017-11-24,27.66699981689453,28.298999786376953,27.650999069213867,28.238000869750977,22.242572784423828,11572000.0,AVGO
2017-11-27,28.025999069213867,28.56800079345703,27.976999282836914,28.461999893188477,22.41900634765625,26230000.0,AVGO
2017-11-28,28.486000061035156,28.489999771118164,27.68400001525879,27.739999771118164,21.85030174255371,26796000.0,AVGO
2017-11-29,27.799999237060547,27.81399917602539,26.48699951171875,27.149999618530273,21.38556480407715,47231000.0,AVGO
2017-11-30,27.17799949645996,27.834999084472656,27.009000778198242,27.79400062561035,21.892837524414062,31452000.0,AVGO
2017-12-01,27.520999908447266,27.551000595092773,26.405000686645508,27.1560001373291,21.39029312133789,47729000.0,AVGO
2017-12-04,27.391000747680664,27.45199966430664,26.013999938964844,26.361000061035156,20.764089584350586,48439000.0,AVGO
2017-12-05,26.266000747680664,26.61199951171875,26.045000076293945,26.165000915527344,20.609704971313477,38117000.0,AVGO
2017-12-06,25.882999420166016,26.441999435424805,25.420000076293945,26.388999938964844,20.78614044189453,48751000.0,AVGO
2017-12-07,27.48900032043457,27.56999969482422,26.16699981689453,26.388999938964844,20.78614044189453,79282000.0,AVGO
2017-12-08,26.57699966430664,26.694000244140625,25.93000030517578,25.990999221801758,20.472644805908203,41848000.0,AVGO
2017-12-11,25.93400001525879,26.354999542236328,25.878999710083008,25.9950008392334,20.475801467895508,34941000.0,AVGO
2017-12-12,25.93600082397461,26.08799934387207,25.57200050354004,25.8700008392334,20.377334594726562,28541000.0,AVGO
2017-12-13,26.041000366210938,26.32900047302246,26.01799964904785,26.202999114990234,20.639633178710938,26943000.0,AVGO
2017-12-14,26.233999252319336,26.299999237060547,25.670000076293945,25.93400001525879,20.42774772644043,37595000.0,AVGO
2017-12-15,26.165000915527344,26.600000381469727,25.826000213623047,26.572999954223633,20.931072235107422,45091000.0,AVGO
2017-12-18,26.408000946044922,26.650999069213867,26.259000778198242,26.43899917602539,20.96358871459961,29786000.0,AVGO
2017-12-19,26.329999923706055,26.52899932861328,26.12700080871582,26.3700008392334,20.908878326416016,19094000.0,AVGO
2017-12-20,26.61400032043457,26.635000228881836,26.277999877929688,26.56399917602539,21.06269645690918,19845000.0,AVGO
2017-12-21,26.594999313354492,26.625,26.10700035095215,26.152999877929688,20.736814498901367,17758000.0,AVGO
2017-12-22,26.18199920654297,26.336999893188477,25.8700008392334,26.235000610351562,20.801834106445312,14617000.0,AVGO
2017-12-26,25.722999572753906,26.235000610351562,25.339000701904297,25.809999465942383,20.464847564697266,22256000.0,AVGO
2017-12-27,25.884000778198242,26.160999298095703,25.850000381469727,25.91200065612793,20.545730590820312,35615000.0,AVGO
2017-12-28,26.016000747680664,26.079999923706055,25.854999542236328,26.04199981689453,20.648805618286133,13641000.0,AVGO
2017-12-29,25.976999282836914,26.19499969482422,25.663999557495117,25.690000534057617,20.369705200195312,17980000.0,AVGO
2018-01-02,25.976999282836914,26.75,25.756999969482422,26.701000213623047,21.171327590942383,33135000.0,AVGO
2018-01-03,26.729000091552734,27.072999954223633,26.60300064086914,26.993000030517578,21.40285301208496,31161000.0,AVGO
2018-01-04,27.159000396728516,27.176000595092773,26.843000411987305,27.00200080871582,21.40999412536621,19067000.0,AVGO
2018-01-05,27.19700050354004,27.426000595092773,26.94499969482422,27.16200065612793,21.536853790283203,28633000.0,AVGO
2018-01-08,27.091999053955078,27.2549991607666,26.9060001373291,27.226999282836914,21.588390350341797,20971000.0,AVGO
2018-01-09,27.305999755859375,27.385000228881836,26.819000244140625,26.850000381469727,21.289478302001953,26027000.0,AVGO
2018-01-10,26.597999572753906,26.61400032043457,26.072999954223633,26.283000946044922,20.839895248413086,31607000.0,AVGO
2018-01-11,26.35700035095215,26.385000228881836,26.155000686645508,26.350000381469727,20.893020629882812,17726000.0,AVGO
2018-01-12,26.339000701904297,26.531999588012695,26.201000213623047,26.429000854492188,20.955659866333008,19881000.0,AVGO
2018-01-16,26.51799964904785,26.700000762939453,26.166000366210938,26.325000762939453,20.873197555541992,33528000.0,AVGO
2018-01-17,26.54800033569336,26.652999877929688,26.04599952697754,26.58099937438965,21.07617950439453,37365000.0,AVGO
2018-01-18,26.54599952697754,27.006000518798828,26.447999954223633,26.979999542236328,21.392541885375977,30319000.0,AVGO
2018-01-19,26.915000915527344,26.944000244140625,26.60700035095215,26.638999938964844,21.122159957885742,29963000.0,AVGO
2018-01-22,26.565000534057617,26.677000045776367,26.062000274658203,26.211000442504883,20.78280258178711,27230000.0,AVGO
2018-01-23,26.173999786376953,26.44099998474121,25.81100082397461,26.290000915527344,20.845441818237305,35398000.0,AVGO
2018-01-24,26.097000122070312,26.32699966430664,25.600000381469727,25.68600082397461,20.366533279418945,45405000.0,AVGO
2018-01-25,25.77400016784668,25.784000396728516,24.700000762939453,24.729000091552734,19.607723236083984,59520000.0,AVGO
2018-01-26,24.941999435424805,25.094999313354492,24.52400016784668,25.07900047302246,19.885236740112305,49014000.0,AVGO
2018-01-29,24.827999114990234,24.948999404907227,24.349000930786133,24.547000885009766,19.463409423828125,50401000.0,AVGO
2018-01-30,24.125,24.503000259399414,23.701000213623047,24.097999572753906,19.107398986816406,46002000.0,AVGO
2018-01-31,25.0,25.31399917602539,24.486000061035156,24.80299949645996,19.666400909423828,80482000.0,AVGO
2018-02-01,24.172000885009766,24.59000015258789,23.809999465942383,23.878999710083008,18.933748245239258,66851000.0,AVGO
2018-02-02,23.677000045776367,23.79599952697754,23.409000396728516,23.54800033569336,18.671297073364258,58352000.0,AVGO
2018-02-05,23.468000411987305,24.399999618530273,22.760000228881836,22.809999465942383,18.086132049560547,70776000.0,AVGO
2018-02-06,22.562000274658203,24.040000915527344,22.489999771118164,24.038000106811523,19.05982780456543,77744000.0,AVGO
2018-02-07,23.875999450683594,24.309999465942383,23.700000762939453,23.738000869750977,18.82195281982422,40475000.0,AVGO
2018-02-08,23.73900032043457,23.851999282836914,22.951000213623047,22.957000732421875,18.202695846557617,43200000.0,AVGO
2018-02-09,23.27899932861328,23.711999893188477,22.625,23.549999237060547,18.672889709472656,43282000.0,AVGO
2018-02-12,23.785999298095703,24.54800033569336,23.75,24.440000534057617,19.378570556640625,35063000.0,AVGO
2018-02-13,24.10099983215332,24.60300064086914,24.006000518798828,24.586000442504883,19.494340896606445,23719000.0,AVGO
2018-02-14,24.5,24.864999771118164,24.347999572753906,24.766000747680664,19.637056350708008,25491000.0,AVGO
2018-02-15,24.92799949645996,25.18400001525879,24.44300079345703,25.183000564575195,19.96769905090332,25540000.0,AVGO
2018-02-16,25.12700080871582,25.23699951171875,24.804000854492188,24.888999938964844,19.734586715698242,32639000.0,AVGO
2018-02-20,24.875,25.573999404907227,24.75200080871582,24.961999893188477,19.792469024658203,41693000.0,AVGO
2018-02-21,25.249000549316406,25.347000122070312,24.844999313354492,24.86199951171875,19.713178634643555,28156000.0,AVGO
2018-02-22,24.91200065612793,25.309999465942383,24.82699966430664,24.934999465942383,19.771059036254883,19342000.0,AVGO
2018-02-23,25.214000701904297,25.503000259399414,25.02899932861328,25.371000289916992,20.116764068603516,18280000.0,AVGO
2018-02-26,25.195999145507812,25.444000244140625,25.100000381469727,25.295000076293945,20.056501388549805,28878000.0,AVGO
2018-02-27,25.208999633789062,25.566999435424805,25.167999267578125,25.180999755859375,19.966115951538086,21176000.0,AVGO
2018-02-28,25.408000946044922,25.448999404907227,24.597999572753906,24.645999908447266,19.541908264160156,28834000.0,AVGO
2018-03-01,24.586000442504883,24.91200065612793,24.131000518798828,24.33099937438965,19.292144775390625,26044000.0,AVGO
2018-03-02,24.042999267578125,25.118000030517578,24.023000717163086,25.086999893188477,19.891582489013672,27402000.0,AVGO
2018-03-05,24.989999771118164,25.134000778198242,24.341999053955078,24.697999954223633,19.58314323425293,25900000.0,AVGO
2018-03-06,24.930999755859375,25.1299991607666,24.73200035095215,25.09600067138672,19.89871597290039,30030000.0,AVGO
2018-03-07,24.868999481201172,24.940000534057617,24.433000564575195,24.704999923706055,19.58868980407715,31549000.0,AVGO
2018-03-08,24.826000213623047,24.829999923706055,24.591999053955078,24.69499969482422,19.58076286315918,33554000.0,AVGO
2018-03-09,24.857999801635742,25.42799949645996,24.76300048828125,25.378000259399414,20.122312545776367,30782000.0,AVGO
2018-03-12,26.065000534057617,26.43000030517578,25.961999893188477,26.284000396728516,20.840682983398438,53881000.0,AVGO
2018-03-13,26.64299964904785,27.385000228881836,26.023000717163086,26.121999740600586,20.71223258972168,66855000.0,AVGO
2018-03-14,26.200000762939453,26.233999252319336,25.514999389648438,26.05900001525879,20.66228485107422,39619000.0,AVGO
2018-03-15,26.37299919128418,26.889999389648438,26.350000381469727,26.775999069213867,21.23079490661621,57990000.0,AVGO
2018-03-16,26.299999237060547,26.360000610351562,25.44099998474121,25.48699951171875,20.208742141723633,113955000.0,AVGO
2018-03-19,25.309999465942383,25.64900016784668,24.277000427246094,24.4950008392334,19.422182083129883,71267000.0,AVGO
2018-03-20,24.510000228881836,24.80500030517578,24.128000259399414,24.236000061035156,19.216814041137695,61918000.0,AVGO
2018-03-21,24.058000564575195,25.05900001525879,24.006000518798828,24.600000381469727,19.791248321533203,54912000.0,AVGO
2018-03-22,24.202999114990234,24.672000885009766,24.149999618530273,24.35700035095215,19.595746994018555,43078000.0,AVGO
2018-03-23,24.33799934387207,24.52199935913086,24.041000366210938,24.24799919128418,19.508056640625,59070000.0,AVGO
2018-03-26,24.767000198364258,24.882999420166016,24.051000595092773,24.773000717163086,19.93042755126953,48713000.0,AVGO
2018-03-27,24.808000564575195,25.424999237060547,24.15999984741211,24.437000274658203,19.660110473632812,63917000.0,AVGO
2018-03-28,24.408000946044922,24.69300079345703,23.559999465942383,23.667999267578125,19.041431427001953,41744000.0,AVGO
2018-03-29,23.80900001525879,24.083999633789062,23.47599983215332,23.565000534057617,18.95857048034668,46874000.0,AVGO
2018-04-02,23.395000457763672,23.61199951171875,22.54400062561035,22.76799964904785,18.317358016967773,53088000.0,AVGO
2018-04-03,23.086000442504883,23.697999954223633,22.72100067138672,23.67799949645996,19.049480438232422,45569000.0,AVGO
2018-04-04,23.0049991607666,23.79199981689453,22.950000762939453,23.698999404907227,19.066370010375977,37720000.0,AVGO
2018-04-05,24.076000213623047,24.167999267578125,23.5,23.631000518798828,19.011667251586914,35798000.0,AVGO
2018-04-06,23.37299919128418,23.65399932861328,22.775999069213867,22.886999130249023,18.41309928894043,30248000.0,AVGO
2018-04-09,22.99799919128418,23.965999603271484,22.926000595092773,23.474000930786133,18.885358810424805,37494000.0,AVGO
2018-04-10,23.95599937438965,24.1560001373291,23.766000747680664,23.975000381469727,19.28842544555664,33244000.0,AVGO
2018-04-11,23.812000274658203,24.07200050354004,23.70800018310547,24.031999588012695,19.33428382873535,19922000.0,AVGO
2018-04-12,24.14299964904785,24.263999938964844,23.709999084472656,23.94300079345703,19.262678146362305,41036000.0,AVGO
2018-04-13,25.0,25.200000762939453,24.489999771118164,24.694000244140625,19.86687660217285,48312000.0,AVGO
2018-04-16,24.909000396728516,24.98900032043457,24.56800079345703,24.937000274658203,20.06237030029297,25172000.0,AVGO
2018-04-17,25.089000701904297,25.28499984741211,24.964000701904297,25.173999786376953,20.25304412841797,25084000.0,AVGO
2018-04-18,25.100000381469727,25.16699981689453,24.746000289916992,24.958999633789062,20.08007049560547,20511000.0,AVGO
2018-04-19,24.354000091552734,24.628000259399414,24.06599998474121,24.285999298095703,19.538623809814453,50141000.0,AVGO
2018-04-20,24.121999740600586,24.15999984741211,23.500999450683594,23.711999893188477,19.07682991027832,41530000.0,AVGO
2018-04-23,23.798999786376953,23.832000732421875,23.211999893188477,23.344999313354492,18.781572341918945,31337000.0,AVGO
2018-04-24,23.573999404907227,23.61199951171875,22.66900062561035,22.839000701904297,18.374483108520508,44889000.0,AVGO
2018-04-25,22.899999618530273,23.110000610351562,22.586000442504883,22.899999618530273,18.423561096191406,34023000.0,AVGO
2018-04-26,23.100000381469727,23.187999725341797,22.829999923706055,23.04199981689453,18.537799835205078,32751000.0,AVGO
2018-04-27,23.35700035095215,23.420000076293945,23.06999969482422,23.277999877929688,18.727664947509766,27211000.0,AVGO
2018-04-30,23.257999420166016,23.41200065612793,22.832000732421875,22.941999435424805,18.457351684570312,39682000.0,AVGO
2018-05-01,23.084999084472656,23.084999084472656,22.63599967956543,23.038000106811523,18.534587860107422,44947000.0,AVGO
2018-05-02,23.329999923706055,23.3439998626709,22.68000030517578,22.874000549316406,18.40264129638672,52950000.0,AVGO
2018-05-03,22.64900016784668,22.788000106811523,22.26799964904785,22.524999618530273,18.121868133544922,58011000.0,AVGO
2018-05-04,22.364999771118164,23.208999633789062,22.197999954223633,23.052000045776367,18.545846939086914,51303000.0,AVGO
2018-05-07,23.1299991607666,23.690000534057617,23.100000381469727,23.597000122070312,18.984312057495117,36953000.0,AVGO
2018-05-08,23.573999404907227,23.895999908447266,23.48200035095215,23.885000228881836,19.21601104736328,40149000.0,AVGO
2018-05-09,23.579999923706055,23.913000106811523,23.405000686645508,23.80500030517578,19.151647567749023,35031000.0,AVGO
2018-05-10,23.972999572753906,24.37299919128418,23.861000061035156,24.35099983215332,19.59092140197754,25747000.0,AVGO
2018-05-11,24.308000564575195,24.450000762939453,24.15999984741211,24.33799934387207,19.580459594726562,24052000.0,AVGO
2018-05-14,24.628000259399414,24.841999053955078,24.3799991607666,24.47599983215332,19.691486358642578,27580000.0,AVGO
2018-05-15,24.231000900268555,24.444000244140625,23.850000381469727,24.158000946044922,19.43564796447754,24984000.0,AVGO
2018-05-16,24.214000701904297,24.22100067138672,23.89900016784668,24.051000595092773,19.349565505981445,29330000.0,AVGO
2018-05-17,23.812000274658203,24.166000366210938,23.799999237060547,23.94499969482422,19.264286041259766,22825000.0,AVGO
2018-05-18,23.986000061035156,24.062000274658203,23.58799934387207,23.599000930786133,18.985923767089844,25262000.0,AVGO
2018-05-21,23.945999145507812,24.049999237060547,23.66699981689453,23.905000686645508,19.232105255126953,25720000.0,AVGO
2018-05-22,24.02400016784668,24.136999130249023,23.757999420166016,23.849000930786133,19.187055587768555,19218000.0,AVGO
2018-05-23,23.62299919128418,24.062999725341797,23.60300064086914,24.055999755859375,19.353588104248047,23454000.0,AVGO
2018-05-24,24.086000442504883,24.43600082397461,24.0,24.35300064086914,19.59253692626953,22799000.0,AVGO
2018-05-25,24.40399932861328,25.06800079345703,24.40399932861328,25.003000259399414,20.1154727935791,32214000.0,AVGO
2018-05-29,24.86400032043457,25.111000061035156,24.847000122070312,24.9689998626709,20.088117599487305,28281000.0,AVGO
2018-05-30,25.118000030517578,25.202999114990234,24.933000564575195,24.940000534057617,20.064786911010742,26844000.0,AVGO
2018-05-31,24.926000595092773,25.52899932861328,24.899999618530273,25.207000732421875,20.27959632873535,34698000.0,AVGO
2018-06-01,25.437000274658203,25.770000457763672,25.253999710083008,25.634000778198242,20.623123168945312,26360000.0,AVGO
2018-06-04,25.799999237060547,25.93600082397461,25.62299919128418,25.836999893188477,20.78643798828125,25886000.0,AVGO
2018-06-05,25.945999145507812,26.135000228881836,25.804000854492188,25.926000595092773,20.858047485351562,42374000.0,AVGO
2018-06-06,26.073999404907227,26.378000259399414,25.97100067138672,26.351999282836914,21.200769424438477,37465000.0,AVGO
2018-06-07,26.299999237060547,26.648000717163086,26.29199981689453,26.468000411987305,21.294092178344727,46077000.0,AVGO
2018-06-08,25.673999786376953,25.993000030517578,25.374000549316406,25.797000885009766,20.75425910949707,73694000.0,AVGO
2018-06-11,25.785999298095703,26.18000030517578,25.631999969482422,26.08300018310547,20.984357833862305,31859000.0,AVGO
2018-06-12,26.033000946044922,26.17300033569336,25.84000015258789,26.14299964904785,21.032625198364258,27594000.0,AVGO
2018-06-13,26.176000595092773,26.60700035095215,26.070999145507812,26.357999801635742,21.205598831176758,34868000.0,AVGO
2018-06-14,26.5,26.906999588012695,26.40999984741211,26.84600067138672,21.598203659057617,37042000.0,AVGO
2018-06-15,27.003999710083008,27.180999755859375,26.632999420166016,27.023000717163086,21.740604400634766,60969000.0,AVGO
2018-06-18,26.899999618530273,26.899999618530273,26.42300033569336,26.450000762939453,21.27961540222168,30191000.0,AVGO
2018-06-19,25.600000381469727,26.113000869750977,25.415000915527344,26.094999313354492,21.275537490844727,36221000.0,AVGO
2018-06-20,26.149999618530273,26.402000427246094,26.073999404907227,26.121999740600586,21.297548294067383,24951000.0,AVGO
2018-06-21,26.158000946044922,26.256999969482422,25.8439998626709,25.96500015258789,21.169546127319336,18186000.0,AVGO
2018-06-22,26.118000030517578,26.149999618530273,25.895999908447266,25.97100067138672,21.1744384765625,52412000.0,AVGO
2018-06-25,25.642000198364258,25.642000198364258,25.042999267578125,25.242000579833984,20.580080032348633,29705000.0,AVGO
2018-06-26,25.299999237060547,25.461000442504883,25.05500030517578,25.15399932861328,20.508331298828125,24233000.0,AVGO
2018-06-27,25.208999633789062,25.516000747680664,24.684999465942383,24.711000442504883,20.14715003967285,24720000.0,AVGO
2018-06-28,24.628000259399414,24.73200035095215,24.226999282836914,24.489999771118164,19.966962814331055,33238000.0,AVGO
2018-06-29,24.69499969482422,24.69499969482422,24.256999969482422,24.263999938964844,19.78270721435547,42794000.0,AVGO
2018-07-02,24.009000778198242,24.222000122070312,23.742000579833984,24.204999923706055,19.734600067138672,33369000.0,AVGO
2018-07-03,24.336000442504883,24.339000701904297,23.899999618530273,23.929000854492188,19.509572982788086,11591000.0,AVGO
2018-07-05,24.179000854492188,24.56100082397461,24.06800079345703,24.540000915527344,20.00773048400879,25299000.0,AVGO
2018-07-06,24.489999771118164,24.860000610351562,24.441999435424805,24.76799964904785,20.193618774414062,23112000.0,AVGO
2018-07-09,24.899999618530273,24.92300033569336,24.55299949645996,24.743000030517578,20.173236846923828,17955000.0,AVGO
2018-07-10,24.833999633789062,25.18000030517578,24.704999923706055,25.055999755859375,20.428434371948242,16413000.0,AVGO
2018-07-11,24.4950008392334,24.753999710083008,24.26099967956543,24.3439998626709,19.847932815551758,35761000.0,AVGO
2018-07-12,20.70800018310547,21.027999877929688,19.746000289916992,20.99799919128418,17.11989974975586,435083000.0,AVGO
2018-07-13,21.25,21.399999618530273,20.190000534057617,20.246000289916992,16.50678825378418,161678000.0,AVGO
2018-07-16,20.15999984741211,20.63800048828125,20.05299949645996,20.325000762939453,16.571195602416992,102277000.0,AVGO
2018-07-17,20.22100067138672,20.909000396728516,20.201000213623047,20.83099937438965,16.983739852905273,110827000.0,AVGO
2018-07-18,20.722000122070312,20.988000869750977,20.663000106811523,20.878000259399414,17.02206039428711,80834000.0,AVGO
2018-07-19,20.82900047302246,21.148000717163086,20.804000854492188,21.03700065612793,17.151697158813477,63247000.0,AVGO
2018-07-20,21.010000228881836,21.121000289916992,20.875999450683594,21.033000946044922,17.148439407348633,62893000.0,AVGO
2018-07-23,21.041000366210938,21.86400032043457,21.040000915527344,21.672000885009766,17.66942024230957,82211000.0,AVGO
2018-07-24,21.780000686645508,22.038999557495117,21.600000381469727,21.733999252319336,17.719970703125,81158000.0,AVGO
2018-07-25,21.770999908447266,22.864999771118164,21.770999908447266,22.597000122070312,18.423580169677734,92271000.0,AVGO
2018-07-26,22.649999618530273,22.976999282836914,22.156999588012695,22.31800079345703,18.19611167907715,85069000.0,AVGO
2018-07-27,22.400999069213867,22.929000854492188,22.006999969482422,22.104999542236328,18.022449493408203,79443000.0,AVGO
2018-07-30,22.111000061035156,22.802000045776367,22.104999542236328,22.518999099731445,18.359987258911133,75275000.0,AVGO
2018-07-31,22.667999267578125,22.884000778198242,22.15399932861328,22.177000045776367,18.081151962280273,63860000.0,AVGO
2018-08-01,22.326000213623047,22.393999099731445,21.6200008392334,21.68000030517578,17.675939559936523,42669000.0,AVGO
2018-08-02,21.427000045776367,21.826000213623047,21.325000762939453,21.635000228881836,17.63924789428711,40312000.0,AVGO
2018-08-03,21.575000762939453,21.799999237060547,21.440000534057617,21.7810001373291,17.758283615112305,24832000.0,AVGO
2018-08-06,21.663000106811523,21.83099937438965,21.586000442504883,21.69499969482422,17.688169479370117,22638000.0,AVGO
2018-08-07,21.922000885009766,22.18400001525879,21.714000701904297,22.0310001373291,17.96211051940918,29798000.0,AVGO
2018-08-08,22.054000854492188,22.12299919128418,21.895000457763672,21.945999145507812,17.892810821533203,15801000.0,AVGO
2018-08-09,22.014999389648438,22.024999618530273,21.5939998626709,21.658000946044922,17.658002853393555,27563000.0,AVGO
2018-08-10,21.2810001373291,21.447999954223633,21.04599952697754,21.222999572753906,17.303340911865234,37017000.0,AVGO
2018-08-13,21.165000915527344,21.398000717163086,21.045000076293945,21.107999801635742,17.209585189819336,29842000.0,AVGO
2018-08-14,21.158000946044922,21.158000946044922,20.68400001525879,20.729999542236328,16.901399612426758,36327000.0,AVGO
2018-08-15,20.51300048828125,20.757999420166016,20.277000427246094,20.658000946044922,16.842695236206055,41132000.0,AVGO
2018-08-16,20.777000427246094,20.88599967956543,20.66900062561035,20.868999481201172,17.014726638793945,29239000.0,AVGO
2018-08-17,20.797000885009766,21.118999481201172,20.551000595092773,20.927000045776367,17.062009811401367,39093000.0,AVGO
2018-08-20,20.947999954223633,21.0,20.586000442504883,20.672000885009766,16.854106903076172,54489000.0,AVGO
2018-08-21,20.75200080871582,21.143999099731445,20.711000442504883,21.051000595092773,17.163110733032227,29952000.0,AVGO
2018-08-22,21.045000076293945,21.17099952697754,20.743000030517578,20.753999710083008,16.920961380004883,26890000.0,AVGO
2018-08-23,20.773000717163086,20.908000946044922,20.527999877929688,20.55900001525879,16.761981964111328,35578000.0,AVGO
2018-08-24,20.635000228881836,20.927000045776367,20.468000411987305,20.899999618530273,17.039997100830078,20541000.0,AVGO
2018-08-27,21.024999618530273,21.437000274658203,20.863000869750977,21.297000885009766,17.363677978515625,28213000.0,AVGO
2018-08-28,21.46299934387207,21.59600067138672,21.256999969482422,21.44300079345703,17.482715606689453,24340000.0,AVGO
2018-08-29,21.481000900268555,21.579999923706055,21.344999313354492,21.499000549316406,17.52837562561035,18125000.0,AVGO
2018-08-30,21.496999740600586,21.694000244140625,21.461000442504883,21.665000915527344,17.663711547851562,26529000.0,AVGO
2018-08-31,21.60300064086914,21.93199920654297,21.584999084472656,21.902999877929688,17.85775375366211,27623000.0,AVGO
2018-09-04,21.858999252319336,22.02899932861328,21.71299934387207,21.94300079345703,17.89036750793457,36663000.0,AVGO
2018-09-05,21.9950008392334,22.18000030517578,21.95800018310547,22.142000198364258,18.052614212036133,37194000.0,AVGO
2018-09-06,22.149999618530273,22.281999588012695,21.392000198364258,21.597000122070312,17.60826873779297,62509000.0,AVGO
2018-09-07,22.420000076293945,23.541000366210938,22.399999618530273,23.257999420166016,18.962501525878906,104703000.0,AVGO
2018-09-10,23.465999603271484,24.094999313354492,23.204999923706055,24.06100082397461,19.61719512939453,60880000.0,AVGO
2018-09-11,23.770000457763672,23.969999313354492,23.040000915527344,23.2549991607666,18.96005630493164,60755000.0,AVGO
2018-09-12,22.809999465942383,23.084999084472656,22.283000946044922,22.98900032043457,18.743181228637695,53077000.0,AVGO
2018-09-13,23.368999481201172,23.922000885009766,23.11199951171875,23.54199981689453,19.19405174255371,43757000.0,AVGO
2018-09-14,23.516000747680664,23.708999633789062,23.368999481201172,23.634000778198242,19.269058227539062,28095000.0,AVGO
2018-09-17,24.0,24.030000686645508,23.430999755859375,23.482999801635742,19.14594841003418,36739000.0,AVGO
2018-09-18,23.5,24.139999389648438,23.48699951171875,23.972999572753906,19.69219970703125,50511000.0,AVGO
2018-09-19,24.047000885009766,24.249000549316406,23.976999282836914,24.179000854492188,19.861412048339844,31160000.0,AVGO
2018-09-20,24.298999786376953,24.604000091552734,24.172000885009766,24.493000030517578,20.119342803955078,39986000.0,AVGO
2018-09-21,24.632999420166016,24.87700080871582,24.51799964904785,24.809999465942383,20.37973403930664,135321000.0,AVGO
2018-09-24,24.80500030517578,25.010000228881836,24.731000900268555,24.94499969482422,20.490631103515625,45326000.0,AVGO
2018-09-25,24.898000717163086,24.934999465942383,24.579999923706055,24.764999389648438,20.3427734375,47037000.0,AVGO
2018-09-26,24.56399917602539,24.80500030517578,24.479999542236328,24.542999267578125,20.16041374206543,33428000.0,AVGO
2018-09-27,24.569000244140625,24.788000106811523,24.490999221801758,24.645000457763672,20.24420166015625,29572000.0,AVGO
2018-09-28,24.554000854492188,24.69700050354004,24.385000228881836,24.67300033569336,20.267202377319336,26739000.0,AVGO
2018-10-01,24.788000106811523,25.214000701904297,24.767000198364258,24.951000213623047,20.49555778503418,27709000.0,AVGO
2018-10-02,24.913999557495117,25.17099952697754,24.79199981689453,24.809999465942383,20.37973403930664,24888000.0,AVGO
2018-10-03,24.881000518798828,25.132999420166016,24.70400047302246,24.941999435424805,20.488168716430664,19607000.0,AVGO
2018-10-04,24.666000366210938,24.972999572753906,24.6200008392334,24.816999435424805,20.385482788085938,25660000.0,AVGO
2018-10-05,24.839000701904297,25.0049991607666,24.239999771118164,24.42300033569336,20.061845779418945,33860000.0,AVGO
2018-10-08,24.33099937438965,24.54199981689453,24.038000106811523,24.136999130249023,19.826915740966797,33397000.0,AVGO
2018-10-09,24.05900001525879,24.572999954223633,24.03700065612793,24.469999313354492,20.100448608398438,24675000.0,AVGO
2018-10-10,24.292999267578125,24.506999969482422,23.163999557495117,23.183000564575195,19.04326820373535,56327000.0,AVGO
2018-10-11,23.19700050354004,23.559999465942383,22.7189998626709,22.889999389648438,18.802583694458008,37424000.0,AVGO
2018-10-12,23.47599983215332,23.566999435424805,22.910999298095703,23.295000076293945,19.135271072387695,32589000.0,AVGO
2018-10-15,23.10300064086914,23.533000946044922,23.003999710083008,23.246999740600586,19.095836639404297,30099000.0,AVGO
2018-10-16,23.600000381469727,23.875999450683594,23.417999267578125,23.832000732421875,19.57638168334961,30355000.0,AVGO
2018-10-17,23.974000930786133,23.974000930786133,23.392000198364258,23.716999053955078,19.48190689086914,20262000.0,AVGO
2018-10-18,23.542999267578125,23.68199920654297,22.652999877929688,22.802000045776367,18.730300903320312,37442000.0,AVGO
2018-10-19,23.0,23.108999252319336,22.69300079345703,22.827999114990234,18.75165367126465,32231000.0,AVGO
2018-10-22,23.055999755859375,23.243000030517578,22.804000854492188,22.86199951171875,18.779584884643555,25619000.0,AVGO
2018-10-23,22.2810001373291,22.95400047302246,21.881999969482422,22.905000686645508,18.814910888671875,35990000.0,AVGO
2018-10-24,22.639999389648438,22.641000747680664,21.784000396728516,21.871000289916992,17.96554946899414,37810000.0,AVGO
2018-10-25,21.988000869750977,22.339000701904297,21.915000915527344,22.224000930786133,18.255512237548828,35193000.0,AVGO
2018-10-26,21.55699920654297,21.733999252319336,20.920000076293945,21.315000534057617,17.508831024169922,53324000.0,AVGO
2018-10-29,21.618999481201172,21.868999481201172,20.822999954223633,21.149999618530273,17.373289108276367,28636000.0,AVGO
2018-10-30,21.378000259399414,22.1560001373291,21.100000381469727,22.10099983215332,18.154478073120117,29697000.0,AVGO
2018-10-31,22.5,22.566999435424805,22.17099952697754,22.349000930786133,18.358192443847656,28146000.0,AVGO
2018-11-01,22.516000747680664,23.42300033569336,22.371999740600586,22.988000869750977,18.883089065551758,36830000.0,AVGO
2018-11-02,22.533000946044922,22.597000122070312,21.774999618530273,22.07699966430664,18.134761810302734,40241000.0,AVGO
2018-11-05,21.902000427246094,22.110000610351562,21.371000289916992,22.009000778198242,18.078903198242188,27609000.0,AVGO
2018-11-06,22.030000686645508,22.916000366210938,21.972000122070312,22.825000762939453,18.74919891357422,29464000.0,AVGO
2018-11-07,23.198999404907227,23.52899932861328,22.92099952697754,23.440000534057617,19.254375457763672,29004000.0,AVGO
2018-11-08,23.270999908447266,24.261999130249023,23.270999908447266,24.024999618530273,19.73491668701172,29796000.0,AVGO
2018-11-09,23.5,23.902000427246094,23.253999710083008,23.89900016784668,19.63140869140625,33611000.0,AVGO
2018-11-12,23.100000381469727,23.187000274658203,22.027999877929688,22.363000869750977,18.369691848754883,50306000.0,AVGO
2018-11-13,22.548999786376953,22.98200035095215,22.23200035095215,22.482999801635742,18.468263626098633,26697000.0,AVGO
2018-11-14,22.676000595092773,23.05299949645996,22.562000274658203,22.6200008392334,18.58079719543457,25411000.0,AVGO
2018-11-15,22.621999740600586,23.930999755859375,22.586000442504883,23.634000778198242,19.413728713989258,36694000.0,AVGO
2018-11-16,23.381999969482422,23.920000076293945,23.165000915527344,23.76099967956543,19.51805305480957,36005000.0,AVGO
2018-11-19,23.652999877929688,24.107999801635742,22.854000091552734,22.913000106811523,18.821483612060547,35326000.0,AVGO
2018-11-20,22.393999099731445,22.908000946044922,22.257999420166016,22.770999908447266,18.704835891723633,32123000.0,AVGO
2018-11-21,23.02199935913086,23.33099937438965,22.750999450683594,23.0,18.8929443359375,19926000.0,AVGO
2018-11-23,22.757999420166016,23.268999099731445,22.757999420166016,22.989999771118164,18.884729385375977,8066000.0,AVGO
2018-11-26,23.422000885009766,23.815000534057617,23.155000686645508,23.5310001373291,19.329124450683594,28714000.0,AVGO
2018-11-27,23.357999801635742,23.836999893188477,23.242000579833984,23.58300018310547,19.37183952331543,30406000.0,AVGO
2018-11-28,23.649999618530273,23.799999237060547,23.16200065612793,23.52199935913086,19.32172966003418,31080000.0,AVGO
2018-11-29,23.427000045776367,23.863000869750977,23.275999069213867,23.577999114990234,19.367734909057617,17920000.0,AVGO
2018-11-30,23.540000915527344,23.827999114990234,23.339000701904297,23.740999221801758,19.501625061035156,40083000.0,AVGO
2018-12-03,24.520000457763672,24.70400047302246,24.14699935913086,24.207000732421875,19.884416580200195,35241000.0,AVGO
2018-12-04,24.048999786376953,24.113000869750977,23.158000946044922,23.20400047302246,19.060514450073242,36455000.0,AVGO
2018-12-06,22.624000549316406,22.725000381469727,21.76099967956543,22.724000930786133,18.66622543334961,57859000.0,AVGO
2018-12-07,23.405000686645508,23.827999114990234,22.450000762939453,22.856000900268555,18.774658203125,78396000.0,AVGO
2018-12-10,22.795000076293945,24.031999588012695,22.650999069213867,23.924999237060547,19.652767181396484,43344000.0,AVGO
2018-12-11,24.34600067138672,25.034000396728516,24.341999053955078,24.68400001525879,20.276235580444336,57730000.0,AVGO
2018-12-12,25.243999481201172,26.018999099731445,25.200000762939453,25.49799919128418,20.94487953186035,68703000.0,AVGO
2018-12-13,25.84600067138672,26.149999618530273,25.45800018310547,25.829999923706055,21.21759605407715,54355000.0,AVGO
2018-12-14,25.535999298095703,26.159000396728516,25.46299934387207,25.482999801635742,20.932559967041016,42727000.0,AVGO
2018-12-17,25.39900016784668,26.131999969482422,25.308000564575195,25.413000106811523,20.87505531311035,56238000.0,AVGO
2018-12-18,25.507999420166016,25.55900001525879,24.881000518798828,24.966999053955078,20.724811553955078,51849000.0,AVGO
2018-12-19,24.899999618530273,25.593000411987305,24.25200080871582,24.388999938964844,20.245018005371094,59728000.0,AVGO
2018-12-20,24.440000534057617,24.850000381469727,23.844999313354492,24.18899917602539,20.07900619506836,75365000.0,AVGO
2018-12-21,24.18899917602539,25.173999786376953,24.18899917602539,24.490999221801758,20.329692840576172,102138000.0,AVGO
2018-12-24,24.200000762939453,24.3700008392334,23.35099983215332,23.3799991607666,19.407461166381836,28494000.0,AVGO
2018-12-26,23.777999877929688,24.850000381469727,23.350000381469727,24.81399917602539,20.597810745239258,36741000.0,AVGO
2018-12-27,24.5,25.12299919128418,24.214000701904297,25.084999084472656,20.82276153564453,37507000.0,AVGO
2018-12-28,25.299999237060547,25.805999755859375,25.115999221801758,25.358999252319336,21.050209045410156,28702000.0,AVGO
2018-12-31,25.783000946044922,25.850000381469727,25.094999313354492,25.42799949645996,21.107484817504883,26590000.0,AVGO
2019-01-02,24.885000228881836,25.469999313354492,24.64900016784668,25.35099983215332,21.043567657470703,30346000.0,AVGO
2019-01-03,24.45599937438965,24.65399932861328,23.033000946044922,23.09600067138672,19.171716690063477,68580000.0,AVGO
2019-01-04,23.429000854492188,23.645000457763672,23.16699981689453,23.322999954223633,19.360149383544922,54248000.0,AVGO
2019-01-07,23.364999771118164,24.02400016784668,23.076000213623047,23.79800033569336,19.754440307617188,53433000.0,AVGO
2019-01-08,24.01099967956543,24.190000534057617,23.336999893188477,23.60700035095215,19.59589958190918,36795000.0,AVGO
2019-01-09,23.841999053955078,24.667999267578125,23.78499984741211,24.628000259399414,20.443418502807617,52971000.0,AVGO
2019-01-10,24.55699920654297,25.05699920654297,24.43600082397461,24.95199966430664,20.712360382080078,29594000.0,AVGO
2019-01-11,24.94300079345703,25.29199981689453,24.93199920654297,25.05699920654297,20.799524307250977,20158000.0,AVGO
2019-01-14,24.81100082397461,25.158000946044922,24.59000015258789,25.086999893188477,20.824420928955078,25498000.0,AVGO
2019-01-15,25.275999069213867,26.222000122070312,25.201000213623047,25.64900016784668,21.290935516357422,39247000.0,AVGO
2019-01-16,25.719999313354492,25.735000610351562,25.13599967956543,25.170000076293945,20.89332389831543,24484000.0,AVGO
2019-01-17,25.006000518798828,25.735000610351562,24.871999740600586,25.533000946044922,21.194652557373047,35154000.0,AVGO
2019-01-18,25.913000106811523,26.194000244140625,25.700000762939453,26.082000732421875,21.65036392211914,34634000.0,AVGO
2019-01-22,25.799999237060547,25.945999145507812,25.489999771118164,25.82900047302246,21.440349578857422,37156000.0,AVGO
2019-01-23,25.95400047302246,26.090999603271484,25.364999771118164,25.75200080871582,21.37643814086914,31771000.0,AVGO
2019-01-24,26.108999252319336,26.674999237060547,26.0,26.354999542236328,21.876977920532227,35999000.0,AVGO
2019-01-25,26.517000198364258,26.83099937438965,26.090999603271484,26.79400062561035,22.241390228271484,30333000.0,AVGO
2019-01-28,26.1560001373291,26.885000228881836,25.864999771118164,26.761999130249023,22.21482276916504,31320000.0,AVGO
2019-01-29,26.735000610351562,26.760000228881836,26.382999420166016,26.631999969482422,22.106910705566406,27870000.0,AVGO
2019-01-30,27.0,27.375,26.73699951171875,27.082000732421875,22.480449676513672,28727000.0,AVGO
2019-01-31,27.055999755859375,27.100000381469727,26.635000228881836,26.825000762939453,22.267118453979492,21063000.0,AVGO
2019-02-01,26.915000915527344,26.959999084472656,26.48900032043457,26.680999755859375,22.147581100463867,22878000.0,AVGO
2019-02-04,26.75,27.214000701904297,26.4950008392334,27.211999893188477,22.58836555480957,20761000.0,AVGO
2019-02-05,27.195999145507812,27.46299934387207,26.990999221801758,27.0,22.412384033203125,22619000.0,AVGO
2019-02-06,27.32699966430664,28.0,27.274999618530273,27.621000289916992,22.927867889404297,27064000.0,AVGO
2019-02-07,27.285999298095703,27.457000732421875,26.6299991607666,26.909000396728516,22.336849212646484,28646000.0,AVGO
2019-02-08,26.732999801635742,27.429000854492188,26.70599937438965,27.4060001373291,22.74939727783203,23903000.0,AVGO
2019-02-11,27.440000534057617,27.600000381469727,27.327999114990234,27.57200050354004,22.887191772460938,18012000.0,AVGO
2019-02-12,27.864999771118164,28.038999557495117,27.70599937438965,27.93899917602539,23.191837310791016,19809000.0,AVGO
2019-02-13,28.0,28.215999603271484,27.797000885009766,28.131999969482422,23.35204315185547,19190000.0,AVGO
2019-02-14,28.059999465942383,28.284000396728516,27.895000457763672,28.149999618530273,23.366985321044922,16015000.0,AVGO
2019-02-15,28.409000396728516,28.409000396728516,27.878999710083008,28.19300079345703,23.402681350708008,17352000.0,AVGO
2019-02-19,28.114999771118164,28.283000946044922,28.014999389648438,28.166000366210938,23.380271911621094,15152000.0,AVGO
2019-02-20,28.325000762939453,28.663000106811523,28.22800064086914,28.341999053955078,23.5263614654541,16150000.0,AVGO
2019-02-21,28.323999404907227,28.334999084472656,27.89299964904785,28.0939998626709,23.320499420166016,13254000.0,AVGO
2019-02-22,27.9950008392334,28.0,27.465999603271484,27.649999618530273,22.951940536499023,27225000.0,AVGO
2019-02-25,28.077999114990234,28.08300018310547,27.847999572753906,27.860000610351562,23.126258850097656,19245000.0,AVGO
2019-02-26,27.792999267578125,27.801000595092773,27.44499969482422,27.5,22.827428817749023,27211000.0,AVGO
2019-02-27,27.32200050354004,27.510000228881836,26.95800018310547,27.14900016784668,22.53606605529785,29146000.0,AVGO
2019-02-28,26.996999740600586,27.570999145507812,26.863000869750977,27.535999298095703,22.857311248779297,31460000.0,AVGO
2019-03-01,27.773000717163086,27.81599998474121,27.113000869750977,27.274999618530273,22.640661239624023,19035000.0,AVGO
2019-03-04,27.5,27.658000946044922,27.086000442504883,27.48900032043457,22.81829833984375,17382000.0,AVGO
2019-03-05,27.549999237060547,28.04400062561035,27.452999114990234,27.701000213623047,22.994279861450195,21699000.0,AVGO
2019-03-06,27.666000366210938,27.69300079345703,27.04800033569336,27.135000228881836,22.524446487426758,19973000.0,AVGO
2019-03-07,27.01799964904785,27.033000946044922,26.408000946044922,26.551000595092773,22.0396728515625,25411000.0,AVGO
2019-03-08,26.1560001373291,26.47599983215332,25.920000076293945,26.41900062561035,21.93010139465332,22167000.0,AVGO
2019-03-11,26.48900032043457,27.05500030517578,26.405000686645508,26.9060001373291,22.334352493286133,27161000.0,AVGO
2019-03-12,26.97599983215332,27.003000259399414,26.427000045776367,26.96299934387207,22.381668090820312,23324000.0,AVGO
2019-03-13,27.051000595092773,27.308000564575195,26.902000427246094,27.121000289916992,22.512826919555664,32089000.0,AVGO
2019-03-14,27.208999633789062,27.22599983215332,26.788999557495117,26.81999969482422,22.26296615600586,43094000.0,AVGO
2019-03-15,28.645999908447266,29.954999923706055,28.350000381469727,29.02899932861328,24.096635818481445,144066000.0,AVGO
2019-03-18,29.023000717163086,29.697999954223633,29.020999908447266,29.384000778198242,24.391313552856445,56746000.0,AVGO
2019-03-19,29.416000366210938,30.097999572753906,29.410999298095703,29.930999755859375,24.845373153686523,51556000.0,AVGO
2019-03-20,29.799999237060547,29.899999618530273,29.02899932861328,29.10300064086914,24.373859405517578,41263000.0,AVGO
2019-03-21,29.187999725341797,29.937000274658203,29.100000381469727,29.68000030517578,24.857093811035156,27379000.0,AVGO
2019-03-22,29.591999053955078,29.643999099731445,29.139999389648438,29.264999389648438,24.50953483581543,23307000.0,AVGO
2019-03-25,29.219999313354492,29.417999267578125,28.899999618530273,29.215999603271484,24.46849250793457,23878000.0,AVGO
2019-03-26,29.437000274658203,29.94700050354004,29.42300033569336,29.702999114990234,24.876361846923828,28009000.0,AVGO
2019-03-27,29.756999969482422,29.868000030517578,29.246000289916992,29.597000122070312,24.78758430480957,21862000.0,AVGO
2019-03-28,29.711000442504883,30.329999923706055,29.566999435424805,29.906999588012695,25.047212600708008,33030000.0,AVGO
2019-03-29,30.121999740600586,30.267000198364258,29.827999114990234,30.070999145507812,25.184558868408203,24493000.0,AVGO
2019-04-01,30.31100082397461,30.674999237060547,29.975000381469727,30.57900047302246,25.61001205444336,27040000.0,AVGO
2019-04-02,30.615999221801758,30.735000610351562,30.26099967956543,30.30500030517578,25.380535125732422,22857000.0,AVGO
2019-04-03,30.621999740600586,30.739999771118164,30.18199920654297,30.420000076293945,25.476852416992188,22266000.0,AVGO
2019-04-04,30.475000381469727,30.600000381469727,30.16699981689453,30.200000762939453,25.2925968170166,15228000.0,AVGO
2019-04-05,30.399999618530273,30.444000244140625,30.18000030517578,30.42799949645996,25.483551025390625,18875000.0,AVGO
2019-04-08,30.413999557495117,30.530000686645508,30.200000762939453,30.447999954223633,25.50029945373535,13899000.0,AVGO
2019-04-09,30.257999420166016,30.410999298095703,30.02899932861328,30.344999313354492,25.414037704467773,11621000.0,AVGO
2019-04-10,30.360000610351562,30.777000427246094,30.299999237060547,30.750999450683594,25.75406265258789,14992000.0,AVGO
2019-04-11,30.815000534057617,31.018999099731445,30.62299919128418,30.94099998474121,25.913188934326172,16669000.0,AVGO
2019-04-12,31.135000228881836,31.743999481201172,31.05699920654297,31.702999114990234,26.551366806030273,30087000.0,AVGO
2019-04-15,31.702999114990234,31.75200080871582,31.316999435424805,31.639999389648438,26.498605728149414,16216000.0,AVGO
2019-04-16,32.0,32.000999450683594,31.610000610351562,31.850000381469727,26.674476623535156,21116000.0,AVGO
2019-04-17,32.02399826049805,32.09400177001953,31.784000396728516,32.053001403808594,26.84449577331543,18138000.0,AVGO
2019-04-18,32.104000091552734,32.244998931884766,31.81599998474121,31.86199951171875,26.684528350830078,26548000.0,AVGO
2019-04-22,31.73200035095215,31.788999557495117,31.420000076293945,31.5,26.3813533782959,13504000.0,AVGO
2019-04-23,31.676000595092773,31.80900001525879,31.41900062561035,31.56399917602539,26.434951782226562,19777000.0,AVGO
2019-04-24,31.45800018310547,31.701000213623047,31.319000244140625,31.433000564575195,26.32523536682129,23335000.0,AVGO
2019-04-25,31.295000076293945,31.295000076293945,30.656999588012695,31.18199920654297,26.115028381347656,26732000.0,AVGO
2019-04-26,30.915000915527344,31.094999313354492,30.51099967956543,31.041000366210938,25.9969425201416,16404000.0,AVGO
2019-04-29,31.124000549316406,31.466999053955078,31.04400062561035,31.27199935913086,26.19040298461914,13404000.0,AVGO
2019-04-30,31.332000732421875,31.841999053955078,31.253000259399414,31.84000015258789,26.66611099243164,18953000.0,AVGO
2019-05-01,32.04999923706055,32.31999969482422,31.868999481201172,31.889999389648438,26.707979202270508,18158000.0,AVGO
2019-05-02,31.99799919128418,32.21900177001953,31.42300033569336,31.582000732421875,26.450027465820312,20428000.0,AVGO
2019-05-03,31.4950008392334,31.665000915527344,31.069000244140625,31.570999145507812,26.440818786621094,19214000.0,AVGO
2019-05-06,30.679000854492188,31.19300079345703,30.53499984741211,31.156999588012695,26.094083786010742,14371000.0,AVGO
2019-05-07,30.864999771118164,30.961999893188477,30.37299919128418,30.729000091552734,25.735637664794922,21734000.0,AVGO
2019-05-08,30.530000686645508,30.766000747680664,30.31100082397461,30.339000701904297,25.409013748168945,15099000.0,AVGO
2019-05-09,30.0,30.584999084472656,29.684999465942383,30.4060001373291,25.465120315551758,22282000.0,AVGO
2019-05-10,30.322999954223633,30.540000915527344,29.666000366210938,30.395999908447266,25.456748962402344,21025000.0,AVGO
2019-05-13,29.381999969482422,29.56800079345703,28.81999969482422,29.33799934387207,24.570667266845703,37864000.0,AVGO
2019-05-14,29.569000244140625,30.459999084472656,29.54800033569336,30.200000762939453,25.2925968170166,34277000.0,AVGO
2019-05-15,30.027000427246094,30.777000427246094,29.861000061035156,30.437000274658203,25.491092681884766,18166000.0,AVGO
2019-05-16,29.975000381469727,30.309999465942383,29.469999313354492,29.729000091552734,24.898130416870117,34233000.0,AVGO
2019-05-17,29.277999877929688,29.35700035095215,28.840999603271484,28.98900032043457,24.27838134765625,39094000.0,AVGO
2019-05-20,27.799999237060547,27.9950008392334,26.86400032043457,27.259000778198242,22.829504013061523,65162000.0,AVGO
2019-05-21,27.708999633789062,27.97800064086914,27.46500015258789,27.533000946044922,23.058977127075195,25060000.0,AVGO
2019-05-22,27.04800033569336,27.506000518798828,26.89699935913086,26.922000885009766,22.547266006469727,31809000.0,AVGO
2019-05-23,26.45800018310547,26.548999786376953,25.816999435424805,26.009000778198242,21.782621383666992,46607000.0,AVGO
2019-05-24,26.270000457763672,26.573999404907227,25.573999404907227,25.5939998626709,21.43505859375,27963000.0,AVGO
2019-05-28,25.656999588012695,25.773000717163086,25.009000778198242,25.447999954223633,21.31278419494629,61965000.0,AVGO
2019-05-29,25.27400016784668,25.636999130249023,25.158000946044922,25.41200065612793,21.282636642456055,28132000.0,AVGO
2019-05-30,25.465999603271484,25.733999252319336,25.41200065612793,25.66200065612793,21.49201011657715,17310000.0,AVGO
2019-05-31,25.304000854492188,25.573999404907227,25.100000381469727,25.163999557495117,21.074935913085938,22192000.0,AVGO
2019-06-03,25.2549991607666,25.83300018310547,25.1200008392334,25.31800079345703,21.20391082763672,28911000.0,AVGO
2019-06-04,25.695999145507812,26.600000381469727,25.576000213623047,26.56999969482422,22.252466201782227,36805000.0,AVGO
2019-06-05,26.900999069213867,27.150999069213867,26.239999771118164,26.57200050354004,22.254138946533203,23651000.0,AVGO
2019-06-06,26.70199966430664,27.5,26.527999877929688,27.27899932861328,22.84624481201172,32687000.0,AVGO
2019-06-07,27.47800064086914,27.78700065612793,27.327999114990234,27.48699951171875,23.02045440673828,25963000.0,AVGO
2019-06-10,27.67300033569336,28.476999282836914,27.672000885009766,28.020999908447266,23.467679977416992,23280000.0,AVGO
2019-06-11,29.048999786376953,29.174999237060547,27.94099998474121,28.347999572753906,23.741544723510742,37105000.0,AVGO
2019-06-12,28.16699981689453,28.31599998474121,27.740999221801758,27.972999572753906,23.427480697631836,27057000.0,AVGO
2019-06-13,28.152000427246094,28.288999557495117,27.740999221801758,28.160999298095703,23.584930419921875,37735000.0,AVGO
2019-06-14,25.81100082397461,26.80900001525879,25.746999740600586,26.593000411987305,22.2717227935791,100797000.0,AVGO
2019-06-17,26.483999252319336,26.8700008392334,26.134000778198242,26.597000122070312,22.27507972717285,35785000.0,AVGO
2019-06-18,26.815000534057617,28.302000045776367,26.645999908447266,27.80500030517578,23.286779403686523,54920000.0,AVGO
2019-06-19,27.878000259399414,27.906999588012695,27.371000289916992,27.749000549316406,23.23987579345703,28920000.0,AVGO
2019-06-20,28.250999450683594,28.545000076293945,27.715999603271484,27.905000686645508,23.370529174804688,57291000.0,AVGO
2019-06-21,27.660999298095703,28.100000381469727,27.395999908447266,27.39900016784668,23.16675567626953,45399000.0,AVGO
2019-06-24,27.552000045776367,27.94499969482422,27.5,27.920000076293945,23.607276916503906,20506000.0,AVGO
2019-06-25,27.916000366210938,28.288000106811523,27.601999282836914,27.650999069213867,23.37982940673828,24436000.0,AVGO
2019-06-26,27.857999801635742,28.402999877929688,27.809999465942383,28.143999099731445,23.796672821044922,24774000.0,AVGO
2019-06-27,28.292999267578125,28.844999313354492,28.222999572753906,28.570999145507812,24.1577205657959,21813000.0,AVGO
2019-06-28,28.785999298095703,28.93000030517578,28.48200035095215,28.785999298095703,24.339508056640625,49265000.0,AVGO
2019-07-01,30.167999267578125,30.575000762939453,29.632999420166016,30.03499984741211,25.395584106445312,44832000.0,AVGO
2019-07-02,29.88800048828125,30.066999435424805,29.389999389648438,29.533000946044922,24.97112274169922,19011000.0,AVGO
2019-07-03,28.3700008392334,28.878000259399414,28.302000045776367,28.48900032043457,24.088388442993164,49411000.0,AVGO
2019-07-05,28.364999771118164,28.54400062561035,28.19700050354004,28.266000747680664,23.89983367919922,24565000.0,AVGO
2019-07-08,28.0,28.118999481201172,27.43899917602539,27.496000289916992,23.2487735748291,34291000.0,AVGO
2019-07-09,27.344999313354492,27.597999572753906,27.240999221801758,27.55299949645996,23.296966552734375,26131000.0,AVGO
2019-07-10,27.785999298095703,27.8799991607666,27.399999618530273,27.450000762939453,23.20987892150879,30134000.0,AVGO
2019-07-11,27.52400016784668,27.7450008392334,27.295000076293945,27.606000900268555,23.341779708862305,20712000.0,AVGO
2019-07-12,27.63800048828125,28.593000411987305,27.63800048828125,28.538999557495117,24.130664825439453,21971000.0,AVGO
2019-07-15,29.110000610351562,29.448999404907227,28.726999282836914,28.833999633789062,24.38009262084961,30334000.0,AVGO
2019-07-16,28.698999404907227,28.77899932861328,28.23900032043457,28.413000106811523,24.024124145507812,14617000.0,AVGO
2019-07-17,28.555999755859375,28.729000091552734,28.319000244140625,28.507999420166016,24.104450225830078,15453000.0,AVGO
2019-07-18,28.618000030517578,29.030000686645508,28.3799991607666,28.97800064086914,24.50185203552246,19357000.0,AVGO
2019-07-19,29.183000564575195,29.31599998474121,28.952999114990234,29.0,24.52045249938965,22047000.0,AVGO
2019-07-22,29.299999237060547,29.999000549316406,29.224000930786133,29.614999771118164,25.040451049804688,33905000.0,AVGO
2019-07-23,29.950000762939453,30.236000061035156,29.92099952697754,30.077999114990234,25.431936264038086,19692000.0,AVGO
2019-07-24,30.1200008392334,30.488000869750977,30.049999237060547,30.37700080871582,25.684755325317383,19006000.0,AVGO
2019-07-25,30.21299934387207,30.21299934387207,29.940000534057617,30.038999557495117,25.398963928222656,15741000.0,AVGO
2019-07-26,30.159000396728516,30.302000045776367,30.05299949645996,30.091999053955078,25.44377326965332,14996000.0,AVGO
2019-07-29,30.12299919128418,30.2549991607666,29.695999145507812,30.173999786376953,25.513111114501953,12068000.0,AVGO
2019-07-30,29.909000396728516,30.093000411987305,29.709999084472656,29.95599937438965,25.32878303527832,11164000.0,AVGO
2019-07-31,30.003000259399414,30.08300018310547,28.66699981689453,28.999000549316406,24.519611358642578,20819000.0,AVGO
2019-08-01,28.913000106811523,29.781999588012695,28.23200035095215,28.534000396728516,24.126432418823242,21911000.0,AVGO
2019-08-02,28.207000732421875,28.384000778198242,27.590999603271484,27.85300064086914,23.550628662109375,20080000.0,AVGO
2019-08-05,27.19499969482422,27.224000930786133,26.408000946044922,26.766000747680664,22.63153076171875,27765000.0,AVGO
2019-08-06,27.01300048828125,27.218000411987305,26.45599937438965,26.643999099731445,22.52837562561035,22199000.0,AVGO
2019-08-07,26.402999877929688,27.27199935913086,26.299999237060547,27.0049991607666,22.8336124420166,22244000.0,AVGO
2019-08-08,27.038000106811523,27.256000518798828,26.25,27.097999572753906,22.91224479675293,29163000.0,AVGO
2019-08-09,26.95800018310547,28.05500030517578,26.95800018310547,27.572999954223633,23.313880920410156,30735000.0,AVGO
2019-08-12,27.33799934387207,27.820999145507812,27.253999710083008,27.56399917602539,23.306264877319336,20040000.0,AVGO
2019-08-13,27.530000686645508,28.549999237060547,27.202999114990234,28.3700008392334,23.987764358520508,22340000.0,AVGO
2019-08-14,27.878999710083008,28.014999389648438,27.038000106811523,27.1560001373291,22.961284637451172,27108000.0,AVGO
2019-08-15,27.200000762939453,27.277999877929688,26.485000610351562,26.86400032043457,22.714401245117188,20010000.0,AVGO
2019-08-16,27.21500015258789,27.575000762939453,27.197999954223633,27.378000259399414,23.148998260498047,17458000.0,AVGO
2019-08-19,27.950000762939453,28.006999969482422,27.56100082397461,27.878000259399414,23.57176399230957,17489000.0,AVGO
2019-08-20,27.81599998474121,28.496000289916992,27.701000213623047,28.03700065612793,23.706209182739258,17920000.0,AVGO
2019-08-21,28.464000701904297,28.826000213623047,28.405000686645508,28.75,24.309072494506836,19381000.0,AVGO
2019-08-22,28.839000701904297,28.94099998474121,28.454999923706055,28.761999130249023,24.319211959838867,12294000.0,AVGO
2019-08-23,28.39900016784668,28.54800033569336,27.104999542236328,27.21299934387207,23.009489059448242,25742000.0,AVGO
2019-08-26,27.69499969482422,27.795000076293945,27.5,27.722000122070312,23.439863204956055,14249000.0,AVGO
2019-08-27,27.915000915527344,28.02199935913086,27.490999221801758,27.55699920654297,23.30034828186035,14298000.0,AVGO
2019-08-28,27.433000564575195,27.641000747680664,27.047000885009766,27.606000900268555,23.341779708862305,17202000.0,AVGO
2019-08-29,28.14900016784668,28.548999786376953,28.104999542236328,28.336999893188477,23.959863662719727,16429000.0,AVGO
2019-08-30,28.535999298095703,28.59000015258789,27.989999771118164,28.263999938964844,23.898141860961914,16720000.0,AVGO
2019-09-03,28.0,28.084999084472656,27.093000411987305,27.405000686645508,23.171829223632812,22210000.0,AVGO
2019-09-04,27.878999710083008,28.434999465942383,27.81999969482422,28.302000045776367,23.93027114868164,19865000.0,AVGO
2019-09-05,28.836000442504883,29.368000030517578,28.836000442504883,29.101999282836914,24.606698989868164,20938000.0,AVGO
2019-09-06,29.184999465942383,29.329999923706055,28.93000030517578,29.19099998474121,24.681947708129883,13748000.0,AVGO
2019-09-09,29.5,29.719999313354492,29.040000915527344,29.26099967956543,24.741140365600586,21686000.0,AVGO
2019-09-10,29.135000228881836,29.44499969482422,28.881999969482422,29.444000244140625,24.895870208740234,20850000.0,AVGO
2019-09-11,29.631999969482422,29.878000259399414,29.454999923706055,29.801000595092773,25.197723388671875,19260000.0,AVGO
2019-09-12,30.14299964904785,30.232999801635742,29.64699935913086,30.058000564575195,25.41503143310547,33109000.0,AVGO
2019-09-13,29.764999389648438,29.798999786376953,28.388999938964844,29.031999588012695,24.54751205444336,62557000.0,AVGO
2019-09-16,28.68000030517578,29.027000427246094,28.56999969482422,28.865999221801758,24.407154083251953,22176000.0,AVGO
2019-09-17,28.802000045776367,28.93000030517578,28.375,28.882999420166016,24.421527862548828,21912000.0,AVGO
2019-09-18,28.849000930786133,29.076000213623047,28.38800048828125,28.77400016784668,24.329360961914062,16510000.0,AVGO
2019-09-19,28.850000381469727,29.19499969482422,28.722999572753906,29.06399917602539,24.574565887451172,19421000.0,AVGO
2019-09-20,28.767000198364258,28.84000015258789,28.18199920654297,28.426000595092773,24.25627899169922,35524000.0,AVGO
2019-09-23,28.36199951171875,28.715999603271484,28.20800018310547,28.54599952697754,24.358675003051758,14850000.0,AVGO
2019-09-24,28.73200035095215,28.889999389648438,27.975000381469727,28.231000900268555,24.08988380432129,20292000.0,AVGO
2019-09-25,27.174999237060547,27.72100067138672,27.0,27.57699966430664,23.531818389892578,55588000.0,AVGO
2019-09-26,27.525999069213867,27.865999221801758,27.26799964904785,27.69099998474121,23.629093170166016,27477000.0,AVGO
2019-09-27,27.663000106811523,28.128000259399414,27.29599952697754,27.413999557495117,23.392730712890625,28660000.0,AVGO
2019-09-30,27.57900047302246,27.672000885009766,27.25,27.60700035095215,23.557416915893555,19826000.0,AVGO
2019-10-01,27.82699966430664,27.96500015258789,27.33799934387207,27.485000610351562,23.453317642211914,19429000.0,AVGO
2019-10-02,27.34600067138672,27.3799991607666,26.832000732421875,27.006999969482422,23.045429229736328,19543000.0,AVGO
2019-10-03,27.0,27.450000762939453,26.722000122070312,27.44300079345703,23.4174747467041,17096000.0,AVGO
2019-10-04,27.849000930786133,28.170000076293945,27.520000457763672,28.14299964904785,24.014793395996094,25884000.0,AVGO
2019-10-07,28.000999450683594,28.101999282836914,27.56999969482422,27.607999801635742,23.558271408081055,18658000.0,AVGO
2019-10-08,27.4060001373291,27.489999771118164,26.891000747680664,27.033000946044922,23.067617416381836,22757000.0,AVGO
2019-10-09,27.368000030517578,27.490999221801758,27.20199966430664,27.315000534057617,23.308250427246094,16329000.0,AVGO
2019-10-10,27.45599937438965,27.878000259399414,27.364999771118164,27.44499969482422,23.41917610168457,17340000.0,AVGO
2019-10-11,27.948999404907227,28.408000946044922,27.909000396728516,28.090999603271484,23.970426559448242,23697000.0,AVGO
2019-10-14,28.04199981689453,28.264999389648438,27.988000869750977,28.166000366210938,24.034420013427734,13312000.0,AVGO
2019-10-15,28.263999938964844,29.062000274658203,28.219999313354492,29.031999588012695,24.77338981628418,21230000.0,AVGO
2019-10-16,28.899999618530273,29.010000228881836,28.65399932861328,28.847999572753906,24.616382598876953,20046000.0,AVGO
2019-10-17,29.013999938964844,29.17099952697754,28.832000732421875,28.94300079345703,24.697446823120117,13125000.0,AVGO
2019-10-18,28.950000762939453,28.993999481201172,28.399999618530273,28.67300033569336,24.467050552368164,16981000.0,AVGO
2019-10-21,28.8439998626709,29.190000534057617,28.70599937438965,28.957000732421875,24.70939826965332,13031000.0,AVGO
2019-10-22,28.958999633789062,29.086000442504883,28.724000930786133,28.746000289916992,24.529340744018555,13046000.0,AVGO
2019-10-23,28.29599952697754,28.354000091552734,27.875999450683594,28.031999588012695,23.920074462890625,20957000.0,AVGO
2019-10-24,28.288999557495117,28.350000381469727,27.8700008392334,28.231000900268555,24.08988380432129,16896000.0,AVGO
2019-10-25,28.326000213623047,29.136999130249023,28.32200050354004,28.98200035095215,24.73072052001953,20869000.0,AVGO
2019-10-28,29.115999221801758,29.24799919128418,28.832000732421875,29.155000686645508,24.87834930419922,12999000.0,AVGO
2019-10-29,29.22800064086914,29.3700008392334,28.80699920654297,28.81599998474121,24.589073181152344,13272000.0,AVGO
2019-10-30,29.000999450683594,29.097000122070312,28.652000427246094,29.02400016784668,24.766563415527344,17281000.0,AVGO
2019-10-31,28.979999542236328,29.408000946044922,28.780000686645508,29.28499984741211,24.98927116394043,27881000.0,AVGO
2019-11-01,29.298999786376953,29.659000396728516,29.208999633789062,29.659000396728516,25.308408737182617,21234000.0,AVGO
2019-11-04,29.95199966430664,30.54599952697754,29.90999984741211,30.5,26.026052474975586,34075000.0,AVGO
2019-11-05,30.5,31.67799949645996,30.44700050354004,31.40399932861328,26.79745101928711,38711000.0,AVGO
2019-11-06,31.20599937438965,31.42799949645996,30.871000289916992,31.31599998474121,26.722360610961914,18076000.0,AVGO
2019-11-07,31.558000564575195,31.950000762939453,31.065000534057617,31.173999786376953,26.601186752319336,23981000.0,AVGO
2019-11-08,30.98699951171875,31.360000610351562,30.51300048828125,31.340999603271484,26.743690490722656,17830000.0,AVGO
2019-11-11,31.1200008392334,31.323999404907227,31.083999633789062,31.274999618530273,26.687368392944336,9154000.0,AVGO
2019-11-12,31.399999618530273,31.639999389648438,31.326000213623047,31.55299949645996,26.924592971801758,16875000.0,AVGO
2019-11-13,31.24799919128418,31.570999145507812,31.200000762939453,31.367000579833984,26.765878677368164,12625000.0,AVGO
2019-11-14,31.075000762939453,31.18400001525879,30.611000061035156,30.89699935913086,26.364822387695312,17268000.0,AVGO
2019-11-15,31.226999282836914,31.305999755859375,31.007999420166016,31.291000366210938,26.701025009155273,18120000.0,AVGO
2019-11-18,31.18199920654297,31.340999603271484,30.80299949645996,31.10700035095215,26.54401969909668,15850000.0,AVGO
2019-11-19,31.665000915527344,32.56700134277344,31.665000915527344,31.770000457763672,27.10976219177246,31743000.0,AVGO
2019-11-20,31.59000015258789,31.683000564575195,30.899999618530273,31.16699981689453,26.59520721435547,19927000.0,AVGO
2019-11-21,31.11400032043457,31.56999969482422,30.979999542236328,31.524999618530273,26.900699615478516,19317000.0,AVGO
2019-11-22,31.663999557495117,31.947999954223633,31.371000289916992,31.492000579833984,26.872539520263672,13216000.0,AVGO
2019-11-25,31.660999298095703,32.018001556396484,31.62700080871582,31.961999893188477,27.27359390258789,19636000.0,AVGO
2019-11-26,31.899999618530273,32.018001556396484,31.604999542236328,31.62700080871582,26.98773956298828,30793000.0,AVGO
2019-11-27,31.79400062561035,31.993999481201172,31.64699935913086,31.8439998626709,27.172903060913086,20182000.0,AVGO
2019-11-29,31.684999465942383,31.77899932861328,31.5,31.621000289916992,26.982616424560547,9229000.0,AVGO
2019-12-02,31.77199935913086,31.792999267578125,31.055999755859375,31.07200050354004,26.514148712158203,23158000.0,AVGO
2019-12-03,30.582000732421875,30.899999618530273,30.312999725341797,30.652000427246094,26.155759811401367,18736000.0,AVGO
2019-12-04,30.975000381469727,31.136999130249023,30.71299934387207,30.972000122070312,26.428817749023438,14439000.0,AVGO
2019-12-05,31.05900001525879,31.246000289916992,30.9060001373291,31.118999481201172,26.554256439208984,15494000.0,AVGO
2019-12-06,31.464000701904297,31.634000778198242,31.20599937438965,31.604999542236328,26.968963623046875,16937000.0,AVGO
2019-12-09,31.600000381469727,31.71500015258789,31.393999099731445,31.437999725341797,26.82646369934082,24694000.0,AVGO
2019-12-10,31.510000228881836,31.590999603271484,31.325000762939453,31.506000518798828,26.884489059448242,14563000.0,AVGO
2019-12-11,31.51799964904785,32.1349983215332,31.51799964904785,31.972000122070312,27.282133102416992,20829000.0,AVGO
2019-12-12,31.972999572753906,33.01599884033203,31.94300079345703,32.779998779296875,27.971609115600586,38935000.0,AVGO
2019-12-13,31.805999755859375,31.976999282836914,31.062000274658203,31.54199981689453,26.91520118713379,70952000.0,AVGO
2019-12-16,31.797000885009766,32.7599983215332,31.753000259399414,32.3129997253418,27.57310676574707,37921000.0,AVGO
2019-12-17,32.374000549316406,32.494998931884766,32.17499923706055,32.380001068115234,27.630279541015625,20248000.0,AVGO
2019-12-18,32.439998626708984,33.119998931884766,32.35499954223633,32.74399948120117,27.940881729125977,35155000.0,AVGO
2019-12-19,32.92100143432617,32.92599868774414,32.37099838256836,32.40999984741211,27.6558837890625,31787000.0,AVGO
2019-12-20,32.24700164794922,32.24700164794922,31.69099998474121,31.899999618530273,27.496417999267578,50540000.0,AVGO
2019-12-23,32.05400085449219,32.233001708984375,31.76099967956543,31.952999114990234,27.542104721069336,20254000.0,AVGO
2019-12-24,32.0,32.06800079345703,31.900999069213867,32.04999923706055,27.625717163085938,7024000.0,AVGO
2019-12-26,32.12699890136719,32.17399978637695,31.68199920654297,31.79800033569336,27.408496856689453,15848000.0,AVGO
2019-12-27,31.93000030517578,31.934999465942383,31.52199935913086,31.652999877929688,27.283517837524414,14487000.0,AVGO
2019-12-30,31.652000427246094,31.732999801635742,31.274999618530273,31.34600067138672,27.018896102905273,13104000.0,AVGO
2019-12-31,31.312000274658203,31.63599967956543,31.280000686645508,31.601999282836914,27.23955726623535,12487000.0,AVGO
2020-01-02,31.93199920654297,32.25,31.73200035095215,32.23899841308594,27.78862190246582,20329000.0,AVGO
2020-01-03,31.750999450683594,32.0,31.408000946044922,31.41900062561035,27.08181381225586,22870000.0,AVGO
2020-01-06,31.084999084472656,31.392000198364258,30.96299934387207,31.371999740600586,27.041305541992188,20789000.0,AVGO
2020-01-07,31.524999618530273,31.658000946044922,31.225000381469727,31.263999938964844,26.948217391967773,18565000.0,AVGO
2020-01-08,31.29800033569336,31.349000930786133,30.840999603271484,30.874000549316406,26.612049102783203,31979000.0,AVGO
2020-01-09,31.23200035095215,31.298999786376953,30.30500030517578,30.625999450683594,26.398283004760742,42397000.0,AVGO
2020-01-10,30.545000076293945,30.55500030517578,29.8799991607666,29.922000885009766,25.791465759277344,40705000.0,AVGO
2020-01-13,30.00200080871582,30.3799991607666,29.966999053955078,30.118000030517578,25.96041488647461,22054000.0,AVGO
2020-01-14,30.200000762939453,30.915000915527344,30.159000396728516,30.81800079345703,26.56378173828125,28911000.0,AVGO
2020-01-15,30.731000900268555,30.788000106811523,30.06999969482422,30.31399917602539,26.129356384277344,22733000.0,AVGO
2020-01-16,30.5,30.785999298095703,30.42099952697754,30.704999923706055,26.466381072998047,21508000.0,AVGO
2020-01-17,30.865999221801758,30.893999099731445,30.406999588012695,30.878999710083008,26.616361618041992,26896000.0,AVGO
2020-01-21,30.780000686645508,30.951000213623047,30.632999420166016,30.80699920654297,26.55430030822754,21967000.0,AVGO
2020-01-22,31.079999923706055,31.79199981689453,31.049999237060547,31.297000885009766,26.97665786743164,29264000.0,AVGO
2020-01-23,31.51799964904785,31.979999542236328,31.082000732421875,31.96500015258789,27.552444458007812,30266000.0,AVGO
2020-01-24,33.04999923706055,33.15800094604492,32.07699966430664,32.400001525878906,27.927396774291992,55782000.0,AVGO
2020-01-27,31.641000747680664,31.988000869750977,30.86400032043457,30.902999877929688,26.637048721313477,38843000.0,AVGO
2020-01-28,31.35300064086914,31.92300033569336,31.277000427246094,31.83099937438965,27.43694305419922,23166000.0,AVGO
2020-01-29,32.082000732421875,32.542999267578125,31.714000701904297,31.750999450683594,27.367984771728516,23668000.0,AVGO
2020-01-30,31.43199920654297,31.552000045776367,30.858999252319336,31.520000457763672,27.16887855529785,21128000.0,AVGO
2020-01-31,31.416000366210938,31.45800018310547,30.36199951171875,30.516000747680664,26.303468704223633,22123000.0,AVGO
2020-02-03,30.562999725341797,30.65999984741211,30.36400032043457,30.523000717163086,26.30950927734375,21288000.0,AVGO
2020-02-04,31.179000854492188,31.457000732421875,30.96500015258789,31.15999984741211,26.85856819152832,22559000.0,AVGO
2020-02-05,31.75,31.981000900268555,31.586000442504883,31.738000869750977,27.35678482055664,24825000.0,AVGO
2020-02-06,31.884000778198242,31.988000869750977,31.42300033569336,31.9689998626709,27.555892944335938,22683000.0,AVGO
2020-02-07,31.832000732421875,31.851999282836914,31.48699951171875,31.523000717163086,27.171466827392578,15883000.0,AVGO
2020-02-10,31.23699951171875,31.459999084472656,31.030000686645508,31.420000076293945,27.082679748535156,19218000.0,AVGO
2020-02-11,31.665000915527344,32.07899856567383,31.60099983215332,32.01599884033203,27.59640884399414,15527000.0,AVGO
2020-02-12,32.20399856567383,32.50899887084961,32.16299819946289,32.470001220703125,27.987733840942383,15310000.0,AVGO
2020-02-13,32.14799880981445,32.54600143432617,32.095001220703125,32.39699935913086,27.924802780151367,13857000.0,AVGO
2020-02-14,32.48400115966797,32.56999969482422,31.709999084472656,31.777000427246094,27.390398025512695,19137000.0,AVGO
2020-02-18,31.5,31.500999450683594,30.80500030517578,31.075000762939453,26.785303115844727,26693000.0,AVGO
2020-02-19,31.299999237060547,31.683000564575195,31.170000076293945,31.569000244140625,27.21110725402832,20525000.0,AVGO
2020-02-20,31.395999908447266,31.569000244140625,30.61199951171875,30.923999786376953,26.655147552490234,25521000.0,AVGO
2020-02-21,30.850000381469727,30.94499969482422,30.229000091552734,30.450000762939453,26.24658203125,24522000.0,AVGO
2020-02-24,29.420000076293945,29.8799991607666,29.006000518798828,29.15999984741211,25.134658813476562,36849000.0,AVGO
2020-02-25,29.410999298095703,29.572999954223633,28.10700035095215,28.26799964904785,24.365787506103516,31892000.0,AVGO
2020-02-26,28.434999465942383,28.81999969482422,28.399999618530273,28.58799934387207,24.641620635986328,23074000.0,AVGO
2020-02-27,28.030000686645508,28.5310001373291,27.354000091552734,27.395000457763672,23.613304138183594,34837000.0,AVGO
2020-02-28,26.33300018310547,27.413000106811523,26.27400016784668,27.261999130249023,23.4986629486084,44586000.0,AVGO
2020-03-02,27.676000595092773,28.540000915527344,27.114999771118164,28.496999740600586,24.56318473815918,31976000.0,AVGO
2020-03-03,28.46500015258789,28.847999572753906,27.156999588012695,27.424999237060547,23.639163970947266,29930000.0,AVGO
2020-03-04,27.753999710083008,28.57200050354004,27.476999282836914,28.545000076293945,24.604551315307617,23477000.0,AVGO
2020-03-05,27.72599983215332,28.30900001525879,27.2450008392334,27.40399932861328,23.621063232421875,24374000.0,AVGO
2020-03-06,26.697999954223633,27.093000411987305,26.25,26.94499969482422,23.225427627563477,30169000.0,AVGO
2020-03-09,25.107999801635742,26.027000427246094,24.424999237060547,24.77199935913086,21.352392196655273,43934000.0,AVGO
2020-03-10,25.659000396728516,26.368000030517578,24.34000015258789,26.290000915527344,22.660846710205078,55071000.0,AVGO
2020-03-11,25.38800048828125,25.64900016784668,24.249000549316406,24.597000122070312,21.201549530029297,36030000.0,AVGO
2020-03-12,22.698999404907227,24.275999069213867,21.631999969482422,21.878000259399414,18.857892990112305,64281000.0,AVGO
2020-03-13,22.551000595092773,23.44700050354004,20.115999221801758,23.422000885009766,20.188751220703125,84714000.0,AVGO
2020-03-16,20.81800079345703,21.8799991607666,18.023000717163086,18.757999420166016,16.1685848236084,76935000.0,AVGO
2020-03-17,19.18199920654297,20.000999450683594,18.148000717163086,19.951000213623047,17.196901321411133,70662000.0,AVGO
2020-03-18,18.56599998474121,18.74799919128418,15.567000389099121,16.78700065612793,14.469667434692383,98993000.0,AVGO
2020-03-19,16.763999938964844,20.746999740600586,16.5,19.44499969482422,16.7607479095459,74438000.0,AVGO
2020-03-20,20.200000762939453,20.868000030517578,18.791000366210938,19.222000122070312,16.850162506103516,74044000.0,AVGO
2020-03-23,19.288000106811523,19.597000122070312,17.774999618530273,19.347000122070312,16.959739685058594,46921000.0,AVGO
2020-03-24,20.56399917602539,21.871000289916992,20.128999710083008,21.275999069213867,18.65071678161621,62970000.0,AVGO
2020-03-25,21.2189998626709,24.399999618530273,20.922000885009766,21.7549991607666,19.070608139038086,64442000.0,AVGO
2020-03-26,22.60300064086914,24.479999542236328,22.60300064086914,24.316999435424805,21.316482543945312,60213000.0,AVGO
2020-03-27,23.299999237060547,24.208999633789062,23.0,23.069000244140625,20.22247314453125,39448000.0,AVGO
2020-03-30,23.219999313354492,24.13599967956543,22.8439998626709,24.01099967956543,21.048236846923828,52343000.0,AVGO
2020-03-31,23.799999237060547,25.270999908447266,23.606000900268555,23.709999084472656,20.784381866455078,50191000.0,AVGO
2020-04-01,22.798999786376953,23.44099998474121,21.968000411987305,22.363000869750977,19.603588104248047,41858000.0,AVGO
2020-04-02,22.239999771118164,23.795000076293945,22.145000457763672,23.70599937438965,20.780874252319336,45049000.0,AVGO
2020-04-03,23.663999557495117,24.2549991607666,23.05500030517578,23.426000595092773,20.535423278808594,28960000.0,AVGO
2020-04-06,24.45800018310547,25.340999603271484,24.356000900268555,25.243999481201172,22.129098892211914,38868000.0,AVGO
2020-04-07,26.18400001525879,26.549999237060547,25.253000259399414,25.32699966430664,22.201854705810547,45892000.0,AVGO
2020-04-08,25.677000045776367,26.219999313354492,25.36400032043457,26.110000610351562,22.888246536254883,27565000.0,AVGO
2020-04-09,26.57900047302246,26.75,25.131000518798828,25.43000030517578,22.29214859008789,34828000.0,AVGO
2020-04-13,25.350000381469727,26.152000427246094,25.280000686645508,25.992000579833984,22.784799575805664,25729000.0,AVGO
2020-04-14,26.61199951171875,26.83799934387207,26.23200035095215,26.76300048828125,23.46066665649414,23094000.0,AVGO
2020-04-15,26.100000381469727,26.23200035095215,25.615999221801758,25.743999481201172,22.567399978637695,25926000.0,AVGO
2020-04-16,26.176000595092773,26.176000595092773,25.410999298095703,25.82900047302246,22.641910552978516,26896000.0,AVGO
2020-04-17,26.32200050354004,26.743000030517578,25.893999099731445,26.58799934387207,23.307260513305664,34089000.0,AVGO
2020-04-20,26.0,26.525999069213867,25.791000366210938,25.827999114990234,22.641035079956055,23801000.0,AVGO
2020-04-21,25.45599937438965,25.479000091552734,24.68000030517578,24.764999389648438,21.70920181274414,29138000.0,AVGO
2020-04-22,25.476999282836914,26.222000122070312,25.073999404907227,25.996999740600586,22.789186477661133,35438000.0,AVGO
2020-04-23,26.024999618530273,26.520000457763672,25.851999282836914,25.89299964904785,22.698015213012695,21659000.0,AVGO
2020-04-24,25.981000900268555,26.506999969482422,25.88800048828125,26.481000900268555,23.21346092224121,23373000.0,AVGO
2020-04-27,26.434999465942383,27.121999740600586,26.434999465942383,26.844999313354492,23.532546997070312,16588000.0,AVGO
2020-04-28,27.423999786376953,27.641000747680664,26.41200065612793,26.472999572753906,23.206449508666992,18988000.0,AVGO
2020-04-29,27.107999801635742,27.698999404907227,26.92300033569336,27.601999282836914,24.19614028930664,28871000.0,AVGO
2020-04-30,27.35300064086914,27.405000686645508,26.8799991607666,27.16200065612793,23.810434341430664,23379000.0,AVGO
2020-05-01,26.600000381469727,26.78499984741211,25.81999969482422,25.969999313354492,22.765514373779297,26836000.0,AVGO
2020-05-04,25.92099952697754,26.243000030517578,25.531999588012695,26.22599983215332,22.989925384521484,17046000.0,AVGO
2020-05-05,26.655000686645508,26.893999099731445,26.371000289916992,26.48699951171875,23.218717575073242,26462000.0,AVGO
2020-05-06,26.83300018310547,27.04800033569336,26.36199951171875,26.417999267578125,23.15822982788086,22727000.0,AVGO
2020-05-07,27.0,27.047000885009766,26.600000381469727,26.774999618530273,23.471181869506836,18238000.0,AVGO
2020-05-08,27.219999313354492,27.55500030517578,27.003000259399414,27.503000259399414,24.109355926513672,16757000.0,AVGO
2020-05-11,27.336999893188477,27.673999786376953,27.174999237060547,27.540000915527344,24.14179039001465,20851000.0,AVGO
2020-05-12,27.658000946044922,27.77199935913086,26.82200050354004,26.844999313354492,23.532546997070312,18764000.0,AVGO
2020-05-13,27.006999969482422,27.033000946044922,25.93600082397461,26.315000534057617,23.067941665649414,21927000.0,AVGO
2020-05-14,26.09600067138672,26.69499969482422,25.475000381469727,26.65999984741211,23.37037467956543,19912000.0,AVGO
2020-05-15,25.941999435424805,26.4060001373291,25.677000045776367,26.041000366210938,22.82775115966797,21650000.0,AVGO
2020-05-18,26.86199951171875,27.67300033569336,26.799999237060547,27.35300064086914,23.977861404418945,26531000.0,AVGO
2020-05-19,27.35300064086914,27.60300064086914,27.160999298095703,27.19499969482422,23.839357376098633,18702000.0,AVGO
2020-05-20,27.69700050354004,28.131000518798828,27.607999801635742,27.868000030517578,24.42931365966797,18605000.0,AVGO
2020-05-21,27.892000198364258,27.950000762939453,27.46500015258789,27.479999542236328,24.089189529418945,14847000.0,AVGO
2020-05-22,27.374000549316406,27.725000381469727,27.051000595092773,27.665000915527344,24.251365661621094,17452000.0,AVGO
2020-05-26,28.5,28.708999633789062,28.138999938964844,28.20199966430664,24.72209930419922,23573000.0,AVGO
2020-05-27,28.302000045776367,28.780000686645508,28.0,28.759000778198242,25.21037483215332,22812000.0,AVGO
2020-05-28,28.5,28.93000030517578,28.243000030517578,28.31399917602539,24.820283889770508,18543000.0,AVGO
2020-05-29,28.290000915527344,29.200000762939453,28.19099998474121,29.12700080871582,25.53296661376953,27300000.0,AVGO
2020-06-01,29.04199981689453,29.110000610351562,28.73699951171875,28.999000549316406,25.42076301574707,18444000.0,AVGO
2020-06-02,29.10300064086914,29.832000732421875,29.009000778198242,29.805999755859375,26.128185272216797,31847000.0,AVGO
2020-06-03,30.104999542236328,31.084999084472656,30.051000595092773,30.952999114990234,27.133649826049805,31926000.0,AVGO
2020-06-04,30.575000762939453,31.299999237060547,30.209999084472656,30.888999938964844,27.07754898071289,34997000.0,AVGO
2020-06-05,31.969999313354492,32.81100082397461,31.509000778198242,31.70800018310547,27.79549217224121,50958000.0,AVGO
2020-06-08,31.75,31.884000778198242,31.336000442504883,31.75200080871582,27.834062576293945,23916000.0,AVGO
2020-06-09,31.200000762939453,31.88800048828125,31.156999588012695,31.531999588012695,27.64120864868164,22335000.0,AVGO
2020-06-10,31.665000915527344,31.92099952697754,31.469999313354492,31.503999710083008,27.616661071777344,25914000.0,AVGO
2020-06-11,30.761999130249023,30.854999542236328,29.34000015258789,29.375,25.750354766845703,45115000.0,AVGO
2020-06-12,30.281999588012695,30.395000457763672,29.273000717163086,30.024999618530273,26.320158004760742,39439000.0,AVGO
2020-06-15,29.5,30.674999237060547,29.240999221801758,30.409000396728516,26.656780242919922,29824000.0,AVGO
2020-06-16,31.0,31.454999923706055,30.399999618530273,31.07200050354004,27.23796844482422,30387000.0,AVGO
2020-06-17,31.341999053955078,31.67099952697754,31.179000854492188,31.3439998626709,27.47640609741211,20279000.0,AVGO
2020-06-18,31.211999893188477,31.91200065612793,31.152000427246094,31.871000289916992,27.93838119506836,33625000.0,AVGO
2020-06-19,31.76799964904785,31.809999465942383,30.277000427246094,30.277000427246094,26.814502716064453,58465000.0,AVGO
2020-06-22,30.549999237060547,31.417999267578125,30.35300064086914,31.354000091552734,27.768333435058594,27195000.0,AVGO
2020-06-23,31.506000518798828,31.743999481201172,31.128999710083008,31.1299991607666,27.569948196411133,22419000.0,AVGO
2020-06-24,30.920000076293945,31.097000122070312,30.451000213623047,30.69700050354004,27.186466217041016,19096000.0,AVGO
2020-06-25,30.606000900268555,30.947999954223633,30.299999237060547,30.885000228881836,27.35297203063965,15029000.0,AVGO
2020-06-26,31.35700035095215,31.577999114990234,30.315000534057617,30.740999221801758,27.225433349609375,31425000.0,AVGO
2020-06-29,30.80699920654297,31.041000366210938,30.44499969482422,30.97800064086914,27.435335159301758,14516000.0,AVGO
2020-06-30,30.9950008392334,31.707000732421875,30.674999237060547,31.56100082397461,27.951662063598633,25125000.0,AVGO
2020-07-01,31.51099967956543,31.684999465942383,31.194000244140625,31.273000717163086,27.69660186767578,15661000.0,AVGO
2020-07-02,31.774999618530273,31.937999725341797,31.465999603271484,31.547000885009766,27.93926239013672,16638000.0,AVGO
2020-07-06,32.0,32.0989990234375,31.733999252319336,31.878999710083008,28.233293533325195,17561000.0,AVGO
2020-07-07,31.733999252319336,31.81599998474121,31.2549991607666,31.312000274658203,27.73114013671875,16150000.0,AVGO
2020-07-08,31.61400032043457,31.983999252319336,31.41200065612793,31.957000732421875,28.30237579345703,18023000.0,AVGO
2020-07-09,32.000999450683594,32.43299865722656,31.524999618530273,32.150001525878906,28.47330665588379,25225000.0,AVGO
2020-07-10,32.191001892089844,32.29899978637695,31.54400062561035,31.944000244140625,28.290861129760742,13280000.0,AVGO
2020-07-13,32.167999267578125,32.35300064086914,31.058000564575195,31.131000518798828,27.570837020874023,21549000.0,AVGO
2020-07-14,30.89900016784668,31.621999740600586,30.518999099731445,31.507999420166016,27.90471839904785,18363000.0,AVGO
2020-07-15,31.594999313354492,31.777000427246094,31.017000198364258,31.378000259399414,27.789592742919922,15253000.0,AVGO
2020-07-16,31.06100082397461,31.38800048828125,30.93000030517578,31.134000778198242,27.573488235473633,12929000.0,AVGO
2020-07-17,31.415000915527344,31.520999908447266,31.0,31.270999908447266,27.69482421875,13354000.0,AVGO
2020-07-20,31.184999465942383,31.764999389648438,31.025999069213867,31.71299934387207,28.08627700805664,14323000.0,AVGO
2020-07-21,31.92300033569336,31.92300033569336,31.267000198364258,31.43400001525879,27.839187622070312,14312000.0,AVGO
2020-07-22,31.500999450683594,31.56800079345703,31.03700065612793,31.3799991607666,27.791362762451172,14404000.0,AVGO
2020-07-23,31.336999893188477,31.608999252319336,30.83799934387207,30.966999053955078,27.42559242248535,19417000.0,AVGO
2020-07-24,30.659000396728516,31.090999603271484,30.417999267578125,30.57900047302246,27.08196449279785,15631000.0,AVGO
2020-07-27,30.829999923706055,31.29599952697754,30.749000549316406,31.26799964904785,27.69217300415039,20646000.0,AVGO
2020-07-28,31.118000030517578,31.211000442504883,30.615999221801758,30.735000610351562,27.220125198364258,13974000.0,AVGO
2020-07-29,30.85300064086914,31.12299919128418,30.743999481201172,30.885000228881836,27.35297203063965,16562000.0,AVGO
2020-07-30,30.600000381469727,31.292999267578125,30.600000381469727,31.209999084472656,27.64080238342285,21259000.0,AVGO
2020-07-31,31.469999313354492,31.84000015258789,31.139999389648438,31.674999237060547,28.05261993408203,24719000.0,AVGO
2020-08-03,31.799999237060547,32.3489990234375,31.72800064086914,32.12300109863281,28.44939613342285,20796000.0,AVGO
2020-08-04,32.04999923706055,32.85900115966797,32.03900146484375,32.8390007019043,29.08350944519043,25258000.0,AVGO
2020-08-05,32.82500076293945,33.15800094604492,32.58000183105469,32.95399856567383,29.18535804748535,22299000.0,AVGO
2020-08-06,32.777000427246094,33.0880012512207,32.54100036621094,32.91600036621094,29.15170669555664,14193000.0,AVGO
2020-08-07,32.8390007019043,32.972999572753906,32.14799880981445,32.59299850463867,28.865638732910156,14192000.0,AVGO
2020-08-10,32.422000885009766,32.926998138427734,32.40599822998047,32.736000061035156,28.992294311523438,11989000.0,AVGO
2020-08-11,32.75699996948242,33.332000732421875,32.2760009765625,32.40299987792969,28.69736671447754,19316000.0,AVGO
2020-08-12,32.584999084472656,33.5880012512207,32.5359992980957,33.36399841308594,29.548471450805664,18471000.0,AVGO
2020-08-13,33.22100067138672,33.340999603271484,32.78499984741211,32.94200134277344,29.17473030090332,15095000.0,AVGO
2020-08-14,32.801998138427734,32.98500061035156,32.599998474121094,32.78200149536133,29.033031463623047,10140000.0,AVGO
2020-08-17,32.95100021362305,33.17900085449219,32.900001525878906,33.03200149536133,29.254436492919922,10594000.0,AVGO
2020-08-18,33.18600082397461,33.31800079345703,32.81399917602539,32.86399841308594,29.105649948120117,8857000.0,AVGO
2020-08-19,32.946998596191406,33.308998107910156,32.82400131225586,32.92100143432617,29.156137466430664,11273000.0,AVGO
2020-08-20,32.76900100708008,32.999000549316406,32.60599899291992,32.882999420166016,29.122472763061523,8910000.0,AVGO
2020-08-21,32.83000183105469,33.04600143432617,32.5,33.00199890136719,29.227867126464844,11508000.0,AVGO
2020-08-24,33.20100021362305,33.61899948120117,33.11399841308594,33.400001525878906,29.580358505249023,11996000.0,AVGO
2020-08-25,33.5,33.70899963378906,33.29999923706055,33.61399841308594,29.769872665405273,11140000.0,AVGO
2020-08-26,33.4739990234375,34.1510009765625,33.35100173950195,33.96699905395508,30.082504272460938,14844000.0,AVGO
2020-08-27,34.04899978637695,34.130001068115234,33.61399841308594,33.91400146484375,30.03557586669922,12552000.0,AVGO
2020-08-28,33.900001525878906,34.481998443603516,33.77000045776367,34.481998443603516,30.538618087768555,14589000.0,AVGO
2020-08-31,34.35200119018555,35.05799865722656,34.35200119018555,34.71500015258789,30.74496078491211,22229000.0,AVGO
2020-09-01,35.0,36.207000732421875,34.742000579833984,35.95399856567383,31.842267990112305,29205000.0,AVGO
2020-09-02,36.58599853515625,37.895999908447266,36.356998443603516,37.500999450683594,33.21235656738281,37053000.0,AVGO
2020-09-03,36.60100173950195,36.88999938964844,35.01599884033203,35.20899963378906,31.18247413635254,41795000.0,AVGO
2020-09-04,36.09700012207031,37.25299835205078,35.349998474121094,36.29499816894531,32.14427947998047,58514000.0,AVGO
2020-09-08,35.26599884033203,36.275001525878906,35.0,35.05400085449219,31.045198440551758,26685000.0,AVGO
2020-09-09,35.61600112915039,36.185001373291016,35.11000061035156,36.00299835205078,31.885669708251953,26273000.0,AVGO
2020-09-10,36.2130012512207,36.78300094604492,35.43899917602539,35.70800018310547,31.62441062927246,22851000.0,AVGO
2020-09-11,36.04999923706055,36.426998138427734,35.46799850463867,35.970001220703125,31.856441497802734,17362000.0,AVGO
2020-09-14,36.441001892089844,36.5890007019043,35.935001373291016,36.220001220703125,32.077857971191406,16447000.0,AVGO
2020-09-15,36.630001068115234,37.11199951171875,36.53499984741211,36.691001892089844,32.494991302490234,16618000.0,AVGO
2020-09-16,36.81800079345703,37.20000076293945,36.6349983215332,36.70399856567383,32.506500244140625,18498000.0,AVGO
2020-09-17,35.5,37.012001037597656,35.5,36.59199905395508,32.40731430053711,22862000.0,AVGO
2020-09-18,36.71200180053711,36.784000396728516,35.505001068115234,35.972999572753906,31.859100341796875,35295000.0,AVGO
2020-09-21,35.000999450683594,35.19599914550781,34.347999572753906,35.17900085449219,31.439952850341797,24198000.0,AVGO
2020-09-22,35.637001037597656,36.18000030517578,35.29499816894531,36.159000396728516,32.3157844543457,19500000.0,AVGO
2020-09-23,36.018001556396484,36.12099838256836,35.005001068115234,35.159000396728516,31.422077178955078,15542000.0,AVGO
2020-09-24,35.02000045776367,35.75699996948242,34.909000396728516,35.25199890136719,31.50519371032715,13611000.0,AVGO
2020-09-25,35.20500183105469,35.77199935913086,34.827999114990234,35.68000030517578,31.887706756591797,18183000.0,AVGO
2020-09-28,36.167999267578125,36.84299850463867,35.90299987792969,36.72999954223633,32.82609558105469,22192000.0,AVGO
2020-09-29,36.749000549316406,37.08000183105469,36.39899826049805,36.42599868774414,32.554405212402344,13722000.0,AVGO
2020-09-30,36.29499816894531,37.099998474121094,36.17100143432617,36.43199920654297,32.55977249145508,22403000.0,AVGO
2020-10-01,36.89799880981445,37.07099914550781,36.481998443603516,36.86000061035156,32.94228744506836,16016000.0,AVGO
2020-10-02,36.0,36.492000579833984,35.6150016784668,35.68299865722656,31.89038848876953,17100000.0,AVGO
2020-10-05,36.08399963378906,36.685001373291016,35.9900016784668,36.61000061035156,32.71886444091797,18923000.0,AVGO
2020-10-06,36.611000061035156,37.20000076293945,36.20199966430664,36.39799880981445,32.52939224243164,16672000.0,AVGO
2020-10-07,36.834999084472656,36.986000061035156,36.60599899291992,36.67399978637695,32.77606201171875,12747000.0,AVGO
2020-10-08,36.98899841308594,37.42900085449219,36.83100128173828,37.33300018310547,33.365013122558594,17045000.0,AVGO
2020-10-09,37.59299850463867,38.0,37.400001525878906,37.66999816894531,33.666194915771484,17253000.0,AVGO
2020-10-12,38.17900085449219,38.5099983215332,37.979000091552734,38.24300003051758,34.17829132080078,18839000.0,AVGO
2020-10-13,38.441001892089844,38.779998779296875,37.861000061035156,38.14899826049805,34.09428024291992,16731000.0,AVGO
2020-10-14,38.354000091552734,38.374000549316406,37.78499984741211,38.029998779296875,33.9879264831543,17298000.0,AVGO
2020-10-15,37.505001068115234,38.04899978637695,37.50199890136719,37.99300003051758,33.954872131347656,14361000.0,AVGO
2020-10-16,38.327999114990234,38.327999114990234,37.814998626708984,37.8650016784668,33.840457916259766,10295000.0,AVGO
2020-10-19,38.124000549316406,38.361000061035156,37.51499938964844,37.57699966430664,33.58308029174805,14803000.0,AVGO
2020-10-20,37.70100021362305,38.11399841308594,37.555999755859375,37.69900131225586,33.69211196899414,13297000.0,AVGO
2020-10-21,37.57699966430664,37.68600082397461,37.03099822998047,37.20500183105469,33.2506217956543,11896000.0,AVGO
2020-10-22,37.108001708984375,37.430999755859375,36.71099853515625,37.33700180053711,33.36857986450195,13547000.0,AVGO
2020-10-23,37.32600021362305,37.39400100708008,37.07600021362305,37.27199935913086,33.310489654541016,8868000.0,AVGO
2020-10-26,36.959999084472656,36.99599838256836,35.76100158691406,36.30400085449219,32.44538497924805,15509000.0,AVGO
2020-10-27,36.518001556396484,36.518001556396484,35.922000885009766,35.959999084472656,32.137939453125,9620000.0,AVGO
2020-10-28,35.400001525878906,35.486000061035156,34.553001403808594,34.72100067138672,31.030630111694336,22331000.0,AVGO
2020-10-29,34.72600173950195,35.944000244140625,34.5369987487793,35.500999450683594,31.72773551940918,15697000.0,AVGO
2020-10-30,34.93899917602539,35.29899978637695,34.44200134277344,34.9630012512207,31.246904373168945,18530000.0,AVGO
2020-11-02,35.50400161743164,35.53900146484375,34.834999084472656,35.125,31.39168930053711,11757000.0,AVGO
2020-11-03,35.595001220703125,35.92399978637695,34.66600036621094,35.375999450683594,31.616010665893555,15457000.0,AVGO
2020-11-04,36.04800033569336,36.89799880981445,35.7140007019043,36.4630012512207,32.58747863769531,21277000.0,AVGO
2020-11-05,37.236000061035156,38.26499938964844,37.20100021362305,38.08700180053711,34.038875579833984,21783000.0,AVGO
2020-11-06,38.005001068115234,38.367000579833984,37.71699905395508,38.0620002746582,34.01652908325195,13545000.0,AVGO
2020-11-09,38.90999984741211,39.388999938964844,37.500999450683594,37.55400085449219,33.562522888183594,24088000.0,AVGO
2020-11-10,37.03200149536133,37.31999969482422,36.0359992980957,36.3129997253418,32.453426361083984,26784000.0,AVGO
2020-11-11,37.08599853515625,37.7140007019043,36.85499954223633,37.59199905395508,33.59648513793945,15133000.0,AVGO
2020-11-12,37.722999572753906,37.86000061035156,36.827999114990234,37.02000045776367,33.08527374267578,12160000.0,AVGO
2020-11-13,37.5,37.733001708984375,37.15800094604492,37.349998474121094,33.38020706176758,10997000.0,AVGO
2020-11-16,37.48099899291992,38.137001037597656,37.400001525878906,38.08100128173828,34.033504486083984,12100000.0,AVGO
2020-11-17,37.86600112915039,38.24399948120117,37.702999114990234,38.060001373291016,34.01474380493164,11950000.0,AVGO
2020-11-18,37.98899841308594,38.49399948120117,37.96200180053711,38.0620002746582,34.01652908325195,13517000.0,AVGO
2020-11-19,37.77199935913086,38.48400115966797,37.435001373291016,38.43299865722656,34.34809875488281,14555000.0,AVGO
2020-11-20,38.430999755859375,38.8849983215332,38.27000045776367,38.33300018310547,34.25871658325195,16140000.0,AVGO
2020-11-23,38.5369987487793,38.915000915527344,38.29999923706055,38.70000076293945,34.58671569824219,12212000.0,AVGO
2020-11-24,38.86199951171875,39.28099822998047,38.61800003051758,39.222999572753906,35.05412673950195,13455000.0,AVGO
2020-11-25,39.284000396728516,39.54999923706055,38.900001525878906,39.08300018310547,34.92900848388672,11787000.0,AVGO
2020-11-27,39.314998626708984,39.91699981689453,39.29999923706055,39.494998931884766,35.29721450805664,6846000.0,AVGO
2020-11-30,39.402000427246094,40.215999603271484,39.27399826049805,40.15800094604492,35.88975143432617,15454000.0,AVGO
2020-12-01,40.34600067138672,40.667999267578125,40.012001037597656,40.457000732421875,36.156978607177734,18181000.0,AVGO
2020-12-02,40.4739990234375,40.54100036621094,40.111000061035156,40.37300109863281,36.081905364990234,10031000.0,AVGO
2020-12-03,40.45000076293945,40.66400146484375,39.810001373291016,39.97999954223633,35.73067092895508,16120000.0,AVGO
2020-12-04,40.2400016784668,41.2400016784668,40.23899841308594,41.167999267578125,36.79241180419922,20083000.0,AVGO
2020-12-07,41.64099884033203,42.284000396728516,41.33399963378906,42.0890007019043,37.61550521850586,19707000.0,AVGO
2020-12-08,41.928001403808594,42.66999816894531,41.816001892089844,42.340999603271484,37.840736389160156,18121000.0,AVGO
2020-12-09,41.946998596191406,42.61000061035156,41.367000579833984,41.62200164794922,37.19815444946289,20908000.0,AVGO
2020-12-10,41.14400100708008,41.525001525878906,40.80099868774414,41.00400161743164,36.645843505859375,26244000.0,AVGO
2020-12-11,40.400001525878906,40.70000076293945,39.827999114990234,40.582000732421875,36.26868438720703,26664000.0,AVGO
2020-12-14,40.65299987792969,41.43000030517578,40.599998474121094,41.18000030517578,36.80312728881836,26116000.0,AVGO
2020-12-15,41.52799987792969,41.93899917602539,41.29899978637695,41.805999755859375,37.36259460449219,21207000.0,AVGO
2020-12-16,41.79999923706055,42.71500015258789,41.69599914550781,42.4900016784668,37.97389221191406,23160000.0,AVGO
2020-12-17,42.650001525878906,43.000999450683594,42.45500183105469,42.61000061035156,38.08113098144531,17152000.0,AVGO
2020-12-18,42.47999954223633,43.564998626708984,42.20000076293945,43.45600128173828,39.16814422607422,45243000.0,AVGO
2020-12-21,42.814998626708984,43.20000076293945,42.369998931884766,42.88800048828125,38.65618896484375,19096000.0,AVGO
2020-12-22,42.88800048828125,43.35499954223633,42.79999923706055,43.310001373291016,39.03654861450195,17929000.0,AVGO
2020-12-23,43.5,43.599998474121094,42.507999420166016,42.54600143432617,38.347930908203125,10533000.0,AVGO
2020-12-24,42.8489990234375,43.20000076293945,42.75699996948242,43.145999908447266,38.88873291015625,4123000.0,AVGO
2020-12-28,43.433998107910156,43.72700119018555,43.1150016784668,43.1879997253418,38.92658615112305,10625000.0,AVGO
2020-12-29,43.58300018310547,43.58300018310547,42.67900085449219,42.90399932861328,38.67060470581055,9593000.0,AVGO
2020-12-30,43.16699981689453,43.79999923706055,43.0099983215332,43.483001708984375,39.19247817993164,10553000.0,AVGO
2020-12-31,43.63100051879883,43.849998474121094,43.30500030517578,43.78499984741211,39.46467208862305,10211000.0,AVGO
2021-01-04,43.93299865722656,44.2239990234375,42.124000549316406,42.52199935913086,38.3262939453125,24171000.0,AVGO
2021-01-05,42.505001068115234,42.93899917602539,42.2400016784668,42.810001373291016,38.585880279541016,15069000.0,AVGO
2021-01-06,42.33000183105469,43.45800018310547,42.05400085449219,42.54600143432617,38.347930908203125,17226000.0,AVGO
2021-01-07,43.20600128173828,44.45899963378906,43.060001373291016,44.3390007019043,39.96401596069336,21267000.0,AVGO
2021-01-08,44.70000076293945,44.999000549316406,43.8650016784668,44.56399917602539,40.166812896728516,15271000.0,AVGO
2021-01-11,44.06100082397461,44.87799835205078,44.04199981689453,44.57600021362305,40.177635192871094,11660000.0,AVGO
2021-01-12,44.777000427246094,45.47600173950195,44.560001373291016,44.93899917602539,40.50481414794922,13846000.0,AVGO
2021-01-13,45.029998779296875,45.3489990234375,44.81100082397461,45.12099838256836,40.66884231567383,13118000.0,AVGO
2021-01-14,45.35100173950195,45.849998474121094,45.132999420166016,45.207000732421875,40.746368408203125,19692000.0,AVGO
2021-01-15,44.81800079345703,45.0,44.066001892089844,44.584999084472656,40.18572998046875,18165000.0,AVGO
2021-01-19,44.827999114990234,45.94900131225586,44.827999114990234,45.926998138427734,41.39532470703125,18819000.0,AVGO
2021-01-20,45.95199966430664,46.57899856567383,45.5,46.1879997253418,41.630577087402344,14710000.0,AVGO
2021-01-21,46.21099853515625,46.946998596191406,46.040000915527344,46.68199920654297,42.075828552246094,15749000.0,AVGO
2021-01-22,46.37200164794922,46.755001068115234,46.237998962402344,46.50199890136719,41.91358947753906,16248000.0,AVGO
2021-01-25,46.95600128173828,47.0,45.608001708984375,46.479000091552734,41.89285659790039,14692000.0,AVGO
2021-01-26,46.26499938964844,46.702999114990234,46.1879997253418,46.387001037597656,41.809940338134766,10742000.0,AVGO
2021-01-27,45.55400085449219,45.69599914550781,44.1510009765625,44.470001220703125,40.082088470458984,21857000.0,AVGO
2021-01-28,45.553001403808594,45.847999572753906,44.702999114990234,45.17399978637695,40.71662521362305,16946000.0,AVGO
2021-01-29,44.9900016784668,45.810001373291016,44.76300048828125,45.04999923706055,40.6048583984375,22069000.0,AVGO
2021-02-01,45.584999084472656,46.93199920654297,45.35900115966797,46.67399978637695,42.06861877441406,17027000.0,AVGO
2021-02-02,46.97600173950195,47.696998596191406,46.79999923706055,47.6879997253418,42.982566833496094,16141000.0,AVGO
2021-02-03,47.69300079345703,47.85200119018555,46.45899963378906,46.51900100708008,41.92890930175781,17857000.0,AVGO
2021-02-04,46.0,47.11600112915039,45.74800109863281,47.0629997253418,42.41923904418945,15243000.0,AVGO
2021-02-05,47.43299865722656,47.69200134277344,46.5359992980957,46.60100173950195,42.00282287597656,12488000.0,AVGO
2021-02-08,46.875,47.34199905395508,46.55799865722656,47.27000045776367,42.60580062866211,17610000.0,AVGO
2021-02-09,47.20000076293945,47.51900100708008,46.86199951171875,47.4630012512207,42.779762268066406,12758000.0,AVGO
2021-02-10,47.72100067138672,47.749000549316406,46.54899978637695,47.005001068115234,42.366966247558594,14587000.0,AVGO
2021-02-11,47.36899948120117,47.935001373291016,46.91899871826172,47.8390007019043,43.11866760253906,17123000.0,AVGO
2021-02-12,47.8380012512207,48.70199966430664,47.48899841308594,48.63199996948242,43.83341979980469,13551000.0,AVGO
2021-02-16,49.0880012512207,49.47800064086914,48.70199966430664,48.91299819946289,44.08669662475586,15163000.0,AVGO
2021-02-17,48.42300033569336,48.61199951171875,47.50600051879883,48.24800109863281,43.4873046875,14084000.0,AVGO
2021-02-18,48.02299880981445,48.54100036621094,47.51300048828125,48.32600021362305,43.5576171875,16715000.0,AVGO
2021-02-19,48.724998474121094,49.513999938964844,48.676998138427734,48.99599838256836,44.161502838134766,17992000.0,AVGO
2021-02-22,48.400001525878906,48.6609992980957,47.53200149536133,47.63600158691406,42.935699462890625,16967000.0,AVGO
2021-02-23,47.11399841308594,47.46200180053711,45.60599899291992,47.189998626708984,42.53369903564453,21303000.0,AVGO
2021-02-24,46.768001556396484,48.14099884033203,46.26599884033203,48.0880012512207,43.343101501464844,15125000.0,AVGO
2021-02-25,47.474998474121094,47.9379997253418,45.520999908447266,45.715999603271484,41.20515060424805,23148000.0,AVGO
2021-02-26,46.75299835205078,47.57600021362305,46.07400131225586,46.98699951171875,42.350730895996094,22640000.0,AVGO
2021-03-01,47.970001220703125,49.0,47.38600158691406,48.95800018310547,44.127254486083984,24677000.0,AVGO
2021-03-02,49.0369987487793,49.08599853515625,47.959999084472656,48.05099868774414,43.30975341796875,18546000.0,AVGO
2021-03-03,47.79999923706055,48.138999938964844,46.196998596191406,46.305999755859375,41.7369270324707,23991000.0,AVGO
2021-03-04,46.16699981689453,46.70000076293945,44.143001556396484,44.35900115966797,39.98204803466797,34575000.0,AVGO
2021-03-05,45.42499923706055,45.599998474121094,43.29999923706055,45.013999938964844,40.57241439819336,42414000.0,AVGO
2021-03-08,44.68299865722656,44.79600143432617,41.92599868774414,42.125,37.96847152709961,45243000.0,AVGO
2021-03-09,43.569000244140625,44.689998626708984,43.060001373291016,44.36000061035156,39.98295211791992,37884000.0,AVGO
2021-03-10,44.73500061035156,45.40299987792969,43.5099983215332,43.75899887084961,39.44124221801758,19914000.0,AVGO
2021-03-11,44.902000427246094,45.744998931884766,44.20899963378906,45.36899948120117,40.892391204833984,26170000.0,AVGO
2021-03-12,44.5359992980957,45.3489990234375,44.45199966430664,45.117000579833984,40.66524887084961,18906000.0,AVGO
2021-03-15,45.518001556396484,47.12300109863281,45.319000244140625,47.07699966430664,42.43184280395508,31241000.0,AVGO
2021-03-16,47.12699890136719,48.400001525878906,46.74100112915039,47.81800079345703,43.09973907470703,31190000.0,AVGO
2021-03-17,47.029998779296875,48.72700119018555,47.000999450683594,48.35900115966797,43.58735656738281,23754000.0,AVGO
2021-03-18,47.45600128173828,48.334999084472656,46.375,46.415000915527344,41.83517074584961,28728000.0,AVGO
2021-03-19,45.70500183105469,47.667999267578125,45.40999984741211,47.44599914550781,43.09872055053711,108602000.0,AVGO
2021-03-22,47.29100036621094,48.12799835205078,47.16699981689453,47.52799987792969,43.1732063293457,31805000.0,AVGO
2021-03-23,47.37799835205078,47.5369987487793,46.26499938964844,46.40599822998047,42.15400695800781,24712000.0,AVGO
2021-03-24,46.94499969482422,46.999000549316406,45.6870002746582,45.72700119018555,41.5372200012207,20882000.0,AVGO
2021-03-25,45.49599838256836,46.402000427246094,44.930999755859375,46.16999816894531,41.939632415771484,17537000.0,AVGO
2021-03-26,45.66400146484375,48.29999923706055,45.66400146484375,48.20399856567383,43.78727340698242,28925000.0,AVGO
2021-03-29,48.040000915527344,48.11600112915039,46.82699966430664,47.262001037597656,42.93157958984375,28410000.0,AVGO
2021-03-30,46.38800048828125,46.400001525878906,45.1619987487793,45.61600112915039,41.4364013671875,27935000.0,AVGO
2021-03-31,45.900001525878906,46.707000732421875,45.2400016784668,46.36600112915039,42.11766815185547,28684000.0,AVGO
2021-04-01,47.207000732421875,47.65800094604492,46.91999816894531,47.595001220703125,43.234066009521484,23528000.0,AVGO
2021-04-05,48.029998779296875,48.9640007019043,47.68199920654297,48.847999572753906,44.372257232666016,22966000.0,AVGO
2021-04-06,48.3120002746582,48.821998596191406,47.77399826049805,48.387001037597656,43.9534912109375,18063000.0,AVGO
2021-04-07,48.000999450683594,48.39099884033203,47.79999923706055,48.24599838256836,43.82542419433594,12074000.0,AVGO
2021-04-08,48.79800033569336,48.79800033569336,48.012001037597656,48.54800033569336,44.099754333496094,18121000.0,AVGO
2021-04-09,48.0,48.53099822998047,47.65399932861328,48.50899887084961,44.06431579589844,16614000.0,AVGO
2021-04-12,48.19300079345703,48.54199981689453,47.86000061035156,48.367000579833984,43.93533706665039,23247000.0,AVGO
2021-04-13,48.5,48.821998596191406,48.02899932861328,48.49599838256836,44.052520751953125,15281000.0,AVGO
2021-04-14,48.24700164794922,48.91899871826172,47.51900100708008,47.72999954223633,43.35669708251953,18220000.0,AVGO
2021-04-15,48.16400146484375,48.23099899291992,47.678001403808594,48.0,43.60195541381836,18370000.0,AVGO
2021-04-16,48.04800033569336,48.178001403808594,47.678001403808594,47.87900161743164,43.49205780029297,16263000.0,AVGO
2021-04-19,47.65299987792969,47.68000030517578,46.005001068115234,46.20000076293945,41.966896057128906,26319000.0,AVGO
2021-04-20,46.000999450683594,46.202999114990234,45.45399856567383,45.72600173950195,41.536319732666016,19128000.0,AVGO
2021-04-21,45.52199935913086,46.034000396728516,45.2599983215332,45.979000091552734,41.766143798828125,25947000.0,AVGO
2021-04-22,45.5099983215332,46.11399841308594,44.900001525878906,45.51100158691406,41.34101867675781,27057000.0,AVGO
2021-04-23,45.8489990234375,46.78499984741211,45.75,46.612998962402344,42.342041015625,22890000.0,AVGO
2021-04-26,46.70199966430664,47.382999420166016,46.356998443603516,47.185001373291016,42.861637115478516,18271000.0,AVGO
2021-04-27,47.369998931884766,47.42599868774414,46.50600051879883,46.6349983215332,42.362030029296875,13267000.0,AVGO
2021-04-28,46.5369987487793,46.59700012207031,45.60499954223633,45.91999816894531,41.7125358581543,15940000.0,AVGO
2021-04-29,46.96900177001953,46.96900177001953,45.90299987792969,46.62900161743164,42.3565788269043,14650000.0,AVGO
2021-04-30,45.97100067138672,46.073001861572266,45.38399887084961,45.619998931884766,41.44002151489258,19367000.0,AVGO
2021-05-03,45.974998474121094,45.98400115966797,44.827999114990234,45.013999938964844,40.889549255371094,15098000.0,AVGO
2021-05-04,44.72200012207031,44.77000045776367,43.73099899291992,44.45399856567383,40.380863189697266,23497000.0,AVGO
2021-05-05,45.04100036621094,45.14400100708008,44.23699951171875,44.382999420166016,40.31637191772461,16388000.0,AVGO
2021-05-06,44.380001068115234,44.909000396728516,43.98400115966797,44.858001708984375,40.74785232543945,13495000.0,AVGO
2021-05-07,45.45899963378906,45.8380012512207,44.91999816894531,45.257999420166016,41.1111946105957,11712000.0,AVGO
2021-05-10,44.8380012512207,44.85300064086914,43.57699966430664,43.61000061035156,39.61420440673828,25239000.0,AVGO
2021-05-11,42.5,44.17599868774414,42.30500030517578,44.00699996948242,39.97482681274414,17887000.0,AVGO
2021-05-12,42.92900085449219,43.08599853515625,41.91400146484375,42.237998962402344,38.36791229248047,29940000.0,AVGO
2021-05-13,42.98899841308594,43.481998443603516,42.56399917602539,43.060001373291016,39.11459732055664,21841000.0,AVGO
2021-05-14,43.638999938964844,44.512001037597656,43.20500183105469,44.1619987487793,40.11561965942383,16964000.0,AVGO
2021-05-17,44.2140007019043,44.2140007019043,43.284000396728516,43.99399948120117,39.9630126953125,15725000.0,AVGO
2021-05-18,44.391998291015625,44.444000244140625,43.327999114990234,43.374000549316406,39.39982604980469,17824000.0,AVGO
2021-05-19,42.599998474121094,44.25,42.56999969482422,44.172000885009766,40.12471008300781,21369000.0,AVGO
2021-05-20,44.57500076293945,45.93000030517578,44.53300094604492,45.5,41.331024169921875,21886000.0,AVGO
2021-05-21,45.79899978637695,45.79899978637695,44.933998107910156,45.124000549316406,40.989479064941406,13216000.0,AVGO
2021-05-24,45.69200134277344,46.24399948120117,45.63600158691406,45.91899871826172,41.71163558959961,14420000.0,AVGO
2021-05-25,46.189998626708984,46.29600143432617,45.650001525878906,45.95399856567383,41.7434196472168,9600000.0,AVGO
2021-05-26,46.07699966430664,46.209999084472656,45.553001403808594,46.04899978637695,41.82971954345703,9873000.0,AVGO
2021-05-27,46.0,46.84400177001953,45.96500015258789,46.768001556396484,42.48284149169922,19098000.0,AVGO
2021-05-28,47.0,47.46200180053711,46.768001556396484,47.233001708984375,42.90523147583008,19946000.0,AVGO
2021-06-01,47.54399871826172,47.79999923706055,46.720001220703125,46.83100128173828,42.540069580078125,16277000.0,AVGO
2021-06-02,47.18299865722656,47.77000045776367,46.946998596191406,47.37300109863281,43.03240966796875,13286000.0,AVGO
2021-06-03,46.880001068115234,46.97600173950195,46.32600021362305,46.47999954223633,42.22123336791992,20389000.0,AVGO
2021-06-04,47.04999923706055,47.84000015258789,46.95199966430664,47.5,43.14778518676758,23865000.0,AVGO
2021-06-07,47.29999923706055,47.448001861572266,46.24700164794922,46.37799835205078,42.12857437133789,24142000.0,AVGO
2021-06-08,46.80500030517578,47.23899841308594,46.35100173950195,46.35300064086914,42.105865478515625,16615000.0,AVGO
2021-06-09,46.71900177001953,46.71900177001953,46.172000885009766,46.393001556396484,42.14220428466797,12126000.0,AVGO
2021-06-10,46.54999923706055,46.95399856567383,46.020999908447266,46.867000579833984,42.572776794433594,15413000.0,AVGO
2021-06-11,46.84400177001953,47.2130012512207,46.71500015258789,47.06999969482422,42.75716781616211,14508000.0,AVGO
2021-06-14,47.04899978637695,47.59000015258789,46.60599899291992,47.58300018310547,43.223167419433594,14675000.0,AVGO
2021-06-15,47.65599822998047,47.65700149536133,46.85499954223633,47.07400131225586,42.760799407958984,11131000.0,AVGO
2021-06-16,47.027000427246094,47.11199951171875,46.14799880981445,46.57500076293945,42.307525634765625,20437000.0,AVGO
2021-06-17,46.487998962402344,47.52399826049805,46.39400100708008,47.117000579833984,42.79986572265625,20881000.0,AVGO
2021-06-18,46.72700119018555,46.97600173950195,46.05099868774414,46.349998474121094,42.10314178466797,28537000.0,AVGO
2021-06-21,46.117000579833984,46.53799819946289,45.84400177001953,46.46099853515625,42.534339904785156,18591000.0,AVGO
2021-06-22,46.65800094604492,46.858001708984375,46.13199996948242,46.44499969482422,42.51968002319336,13722000.0,AVGO
2021-06-23,46.38600158691406,46.78799819946289,46.30400085449219,46.66600036621094,42.72201156616211,17674000.0,AVGO
2021-06-24,46.98899841308594,47.3650016784668,46.86000061035156,47.00600051879883,43.03327560424805,12502000.0,AVGO
2021-06-25,47.1349983215332,47.244998931884766,46.0,46.220001220703125,42.31371307373047,19100000.0,AVGO
2021-06-28,46.599998474121094,47.62900161743164,46.55099868774414,47.279998779296875,43.28411102294922,13987000.0,AVGO
2021-06-29,47.23699951171875,47.73099899291992,47.07400131225586,47.71500015258789,43.682350158691406,14184000.0,AVGO
2021-06-30,47.8129997253418,47.85900115966797,47.25299835205078,47.683998107910156,43.65397262573242,15381000.0,AVGO
2021-07-01,47.784000396728516,47.784000396728516,46.893001556396484,46.9640007019043,42.99482345581055,11153000.0,AVGO
2021-07-02,47.676998138427734,47.858001708984375,45.57099914550781,46.81700134277344,42.860252380371094,37054000.0,AVGO
2021-07-06,47.040000915527344,47.67499923706055,46.83000183105469,47.327999114990234,43.328060150146484,13870000.0,AVGO
2021-07-07,47.5,47.5359992980957,46.637001037597656,46.95399856567383,42.98566818237305,12581000.0,AVGO
2021-07-08,46.44200134277344,47.108001708984375,46.15599822998047,47.04999923706055,43.07355499267578,16011000.0,AVGO
2021-07-09,46.957000732421875,48.0880012512207,46.803001403808594,48.018001556396484,43.95974349975586,16782000.0,AVGO
2021-07-12,48.13199996948242,49.402000427246094,47.32600021362305,48.57500076293945,44.46967315673828,33142000.0,AVGO
2021-07-13,48.53300094604492,48.75299835205078,48.20000076293945,48.4010009765625,44.31037902832031,11806000.0,AVGO
2021-07-14,48.91999816894531,49.20000076293945,48.07500076293945,48.159000396728516,44.088829040527344,14020000.0,AVGO
2021-07-15,48.327999114990234,48.44499969482422,47.3120002746582,47.73400115966797,43.69974899291992,12624000.0,AVGO
2021-07-16,47.90599822998047,48.02799987792969,46.72600173950195,46.80699920654297,42.85108947753906,13980000.0,AVGO
2021-07-19,46.347999572753906,46.59700012207031,45.75899887084961,46.56700134277344,42.63138198852539,14938000.0,AVGO
2021-07-20,46.78900146484375,47.224998474121094,46.32699966430664,46.85900115966797,42.898704528808594,20727000.0,AVGO
2021-07-21,46.9630012512207,47.928001403808594,46.849998474121094,47.902000427246094,43.85354995727539,13660000.0,AVGO
2021-07-22,47.65999984741211,47.89899826049805,47.45100021362305,47.632999420166016,43.6072883605957,12583000.0,AVGO
2021-07-23,48.00299835205078,48.358001708984375,47.68299865722656,48.314998626708984,44.23163986206055,13489000.0,AVGO
2021-07-26,48.215999603271484,48.36199951171875,47.96799850463867,48.2239990234375,44.14833450317383,11160000.0,AVGO
2021-07-27,48.07600021362305,48.180999755859375,46.779998779296875,47.5359992980957,43.51848602294922,14715000.0,AVGO
2021-07-28,47.66999816894531,47.90800094604492,47.43199920654297,47.76499938964844,43.728126525878906,8359000.0,AVGO
2021-07-29,47.84700012207031,48.58300018310547,47.74399948120117,48.4109992980957,44.31953048706055,9162000.0,AVGO
2021-07-30,48.19599914550781,48.63399887084961,47.957000732421875,48.540000915527344,44.43762969970703,11548000.0,AVGO
2021-08-02,48.904998779296875,49.459999084472656,48.35100173950195,48.46799850463867,44.37171173095703,15619000.0,AVGO
2021-08-03,48.54899978637695,48.7760009765625,47.99599838256836,48.67900085449219,44.564884185791016,11135000.0,AVGO
2021-08-04,48.85300064086914,48.99800109863281,48.4010009765625,48.779998779296875,44.6573371887207,12123000.0,AVGO
2021-08-05,49.042999267578125,49.042999267578125,48.48899841308594,48.766998291015625,44.64544677734375,8372000.0,AVGO
2021-08-06,48.50699996948242,48.8120002746582,48.40299987792969,48.542999267578125,44.440372467041016,9964000.0,AVGO
2021-08-09,48.64899826049805,48.68299865722656,48.099998474121094,48.46799850463867,44.37171173095703,5952000.0,AVGO
2021-08-10,48.59000015258789,48.64500045776367,47.78300094604492,48.22600173950195,44.15016555786133,9319000.0,AVGO
2021-08-11,48.48099899291992,48.59700012207031,47.979000091552734,48.35499954223633,44.26826477050781,9816000.0,AVGO
2021-08-12,48.22800064086914,48.5,47.67300033569336,48.42599868774414,44.33325958251953,8702000.0,AVGO
2021-08-13,48.26100158691406,48.89699935913086,48.21099853515625,48.61600112915039,44.507198333740234,8582000.0,AVGO
2021-08-16,48.483001708984375,48.89099884033203,48.439998626708984,48.81399917602539,44.688472747802734,9188000.0,AVGO
2021-08-17,48.558998107910156,48.62200164794922,47.45199966430664,47.86899948120117,43.823333740234375,16499000.0,AVGO
2021-08-18,47.665000915527344,47.70800018310547,46.834999084472656,46.89699935913086,42.9334831237793,15616000.0,AVGO
2021-08-19,46.6349983215332,47.58300018310547,46.26599884033203,47.35300064086914,43.350948333740234,14044000.0,AVGO
2021-08-20,47.28200149536133,47.62300109863281,47.04399871826172,47.516998291015625,43.50107955932617,10007000.0,AVGO
2021-08-23,47.632999420166016,48.61899948120117,47.56999969482422,48.244998931884766,44.16755676269531,15707000.0,AVGO
2021-08-24,48.2400016784668,48.30400085449219,48.01599884033203,48.143001556396484,44.07418441772461,9429000.0,AVGO
2021-08-25,48.15700149536133,48.62699890136719,48.15700149536133,48.340999603271484,44.25544738769531,10017000.0,AVGO
2021-08-26,48.29999923706055,48.81100082397461,48.060001373291016,48.57400131225586,44.468753814697266,10836000.0,AVGO
2021-08-27,48.80099868774414,49.64400100708008,48.66400146484375,49.59400177001953,45.40255355834961,16459000.0,AVGO
2021-08-30,50.0,50.78499984741211,49.82500076293945,49.888999938964844,45.67262649536133,19614000.0,AVGO
2021-08-31,50.12900161743164,50.12900161743164,49.27000045776367,49.72100067138672,45.51881408691406,17378000.0,AVGO
2021-09-01,49.62699890136719,49.92399978637695,49.28900146484375,49.316001892089844,45.14804458618164,12586000.0,AVGO
2021-09-02,49.57899856567383,49.597999572753906,49.01599884033203,49.189998626708984,45.032691955566406,16991000.0,AVGO
2021-09-03,49.590999603271484,50.599998474121094,49.50400161743164,49.768001556396484,45.56184387207031,25191000.0,AVGO
2021-09-07,49.7599983215332,49.7599983215332,49.099998474121094,49.659000396728516,45.462059020996094,12398000.0,AVGO
2021-09-08,49.96200180053711,49.98899841308594,48.81100082397461,49.4379997253418,45.25973892211914,13987000.0,AVGO
2021-09-09,49.28499984741211,49.869998931884766,49.28499984741211,49.3489990234375,45.17826461791992,13174000.0,AVGO
2021-09-10,49.70500183105469,50.5989990234375,49.6510009765625,49.814998626708984,45.60487747192383,16110000.0,AVGO
2021-09-13,50.20000076293945,50.24700164794922,49.32600021362305,49.895999908447266,45.67902755737305,14927000.0,AVGO
2021-09-14,50.20000076293945,50.54199981689453,49.83599853515625,50.1870002746582,45.945430755615234,14134000.0,AVGO
2021-09-15,50.21200180053711,51.06999969482422,49.94200134277344,50.9739990234375,46.665916442871094,23346000.0,AVGO
2021-09-16,50.52000045776367,50.915000915527344,50.020999908447266,50.73500061035156,46.44710922241211,17569000.0,AVGO
2021-09-17,50.39699935913086,50.762001037597656,50.099998474121094,50.599998474121094,46.32352066040039,34470000.0,AVGO
2021-09-20,49.900001525878906,50.29999923706055,48.84400177001953,49.481998443603516,45.30001449584961,30105000.0,AVGO
2021-09-21,49.3489990234375,49.375,48.70000076293945,49.0989990234375,45.27880859375,16935000.0,AVGO
2021-09-22,49.42499923706055,50.29999923706055,49.22200012207031,50.058998107910156,46.16411209106445,20610000.0,AVGO
2021-09-23,50.250999450683594,50.729000091552734,50.058998107910156,50.43000030517578,46.50625228881836,18370000.0,AVGO
2021-09-24,50.22700119018555,50.54999923706055,50.08300018310547,50.492000579833984,46.56342315673828,10605000.0,AVGO
2021-09-27,49.97800064086914,50.582000732421875,49.737998962402344,50.48500061035156,46.55697250366211,9831000.0,AVGO
2021-09-28,49.70000076293945,50.14500045776367,49.05400085449219,49.10200119018555,45.28157424926758,20124000.0,AVGO
2021-09-29,49.362998962402344,49.426998138427734,48.76499938964844,48.948001861572266,45.13956069946289,15783000.0,AVGO
2021-09-30,49.45199966430664,49.45199966430664,48.448001861572266,48.49300003051758,44.71995544433594,15735000.0,AVGO
2021-10-01,48.78499984741211,48.86600112915039,47.75,48.73500061035156,44.94313049316406,16052000.0,AVGO
2021-10-04,48.49300003051758,48.65599822998047,47.27799987792969,47.595001220703125,43.89182662963867,20093000.0,AVGO
2021-10-05,47.59400177001953,48.979000091552734,47.53300094604492,48.54199981689453,44.76513671875,16557000.0,AVGO
2021-10-06,48.3129997253418,48.935001373291016,47.970001220703125,48.87799835205078,45.074989318847656,12042000.0,AVGO
2021-10-07,49.26300048828125,49.9900016784668,49.26300048828125,49.391998291015625,45.54900360107422,13261000.0,AVGO
2021-10-08,49.68199920654297,49.79999923706055,49.12799835205078,49.28499984741211,45.4503288269043,10279000.0,AVGO
2021-10-11,49.124000549316406,49.95899963378906,49.084999084472656,49.23400115966797,45.40331268310547,11186000.0,AVGO
2021-10-12,49.58399963378906,49.66999816894531,48.20199966430664,48.52799987792969,44.752235412597656,20991000.0,AVGO
2021-10-13,48.117000579833984,48.53799819946289,47.95500183105469,48.500999450683594,44.727333068847656,16424000.0,AVGO
2021-10-14,49.18600082397461,49.915000915527344,49.082000732421875,49.7599983215332,45.88837432861328,19233000.0,AVGO
2021-10-15,50.439998626708984,50.58599853515625,50.108001708984375,50.32500076293945,46.409420013427734,25103000.0,AVGO
2021-10-18,50.03900146484375,50.39799880981445,49.86600112915039,50.33599853515625,46.419559478759766,16042000.0,AVGO
2021-10-19,50.43199920654297,51.08700180053711,50.176998138427734,51.03900146484375,47.06786346435547,16383000.0,AVGO
2021-10-20,51.099998474121094,51.34299850463867,50.84400177001953,50.93899917602539,46.97563934326172,13458000.0,AVGO
2021-10-21,50.94200134277344,51.479000091552734,50.86000061035156,51.415000915527344,47.41461181640625,11787000.0,AVGO
2021-10-22,51.4739990234375,52.13800048828125,51.301998138427734,51.54100036621094,47.53080749511719,15367000.0,AVGO
2021-10-25,51.749000549316406,52.45000076293945,51.518001556396484,52.207000732421875,48.14497756958008,12416000.0,AVGO
2021-10-26,52.52299880981445,53.499000549316406,52.400001525878906,53.387001037597656,49.23317337036133,24043000.0,AVGO
2021-10-27,53.18199920654297,53.606998443603516,52.18600082397461,52.31100082397461,48.24089813232422,23500000.0,AVGO
2021-10-28,52.41400146484375,52.994998931884766,52.34299850463867,52.957000732421875,48.83662796020508,11872000.0,AVGO
2021-10-29,52.349998474121094,53.21500015258789,52.349998474121094,53.16699981689453,49.0302848815918,15564000.0,AVGO
2021-11-01,53.034000396728516,53.257999420166016,52.49300003051758,52.80500030517578,48.69645690917969,16896000.0,AVGO
2021-11-02,52.744998931884766,54.082000732421875,52.667999267578125,53.707000732421875,49.52827453613281,16262000.0,AVGO
2021-11-03,53.904998779296875,54.37900161743164,53.37699890136719,54.23699951171875,50.01704025268555,14038000.0,AVGO
2021-11-04,54.380001068115234,54.90700149536133,54.09199905395508,54.86199951171875,50.59341049194336,15956000.0,AVGO
2021-11-05,55.0,55.96699905395508,54.98099899291992,55.891998291015625,51.54327392578125,18674000.0,AVGO
2021-11-08,56.196998596191406,56.388999938964844,55.810001373291016,55.89500045776367,51.54603958129883,17231000.0,AVGO
2021-11-09,55.91899871826172,56.189998626708984,55.513999938964844,55.779998779296875,51.43998718261719,15838000.0,AVGO
2021-11-10,55.43000030517578,56.09000015258789,54.80500030517578,54.87699890136719,50.607242584228516,18450000.0,AVGO
2021-11-11,55.26900100708008,55.71200180053711,54.88100051879883,55.540000915527344,51.21866226196289,14157000.0,AVGO
2021-11-12,55.840999603271484,56.58399963378906,55.45899963378906,56.321998596191406,51.93981170654297,13592000.0,AVGO
2021-11-15,56.76900100708008,56.76900100708008,55.983001708984375,56.57699966430664,52.17496871948242,13972000.0,AVGO
2021-11-16,56.409000396728516,56.952999114990234,56.27399826049805,56.87699890136719,52.45163345336914,13194000.0,AVGO
2021-11-17,56.81399917602539,57.13600158691406,56.40999984741211,56.9640007019043,52.531864166259766,12532000.0,AVGO
2021-11-18,57.11000061035156,57.67300033569336,56.9640007019043,57.48099899291992,53.00863265991211,12712000.0,AVGO
2021-11-19,57.62799835205078,57.72100067138672,56.59299850463867,56.87200164794922,52.447025299072266,19612000.0,AVGO
2021-11-22,57.167999267578125,57.20399856567383,55.24800109863281,55.327999114990234,51.02314758300781,25898000.0,AVGO
2021-11-23,55.242000579833984,55.58599853515625,54.85300064086914,55.512001037597656,51.19283676147461,17109000.0,AVGO
2021-11-24,55.323001861572266,55.90800094604492,54.73899841308594,55.87300109863281,51.52574157714844,12084000.0,AVGO
2021-11-26,55.176998138427734,55.72999954223633,54.332000732421875,54.659000396728516,50.40620803833008,14219000.0,AVGO
2021-11-29,55.619998931884766,56.755001068115234,55.36800003051758,56.433998107910156,52.04310607910156,18703000.0,AVGO
2021-11-30,56.32699966430664,56.499000549316406,55.20000076293945,55.36800003051758,51.06003189086914,22574000.0,AVGO
2021-12-01,56.347999572753906,56.847999572753906,55.33300018310547,55.47600173950195,51.15964126586914,21980000.0,AVGO
2021-12-02,54.606998443603516,55.9109992980957,54.400001525878906,55.244998931884766,50.94661331176758,22619000.0,AVGO
2021-12-03,56.49399948120117,56.900001525878906,55.040000915527344,55.8120002746582,51.4694938659668,20305000.0,AVGO
2021-12-06,56.46500015258789,56.83700180053711,55.595001220703125,56.49800109863281,52.10213088989258,22482000.0,AVGO
2021-12-07,57.20000076293945,59.30699920654297,57.20000076293945,59.040000915527344,54.44633483886719,29562000.0,AVGO
2021-12-08,59.09400177001953,59.09400177001953,58.24300003051758,58.85599899291992,54.27665328979492,17998000.0,AVGO
2021-12-09,58.244998931884766,59.02399826049805,58.244998931884766,58.34199905395508,53.80263900756836,29080000.0,AVGO
2021-12-10,62.39799880981445,64.4749984741211,61.85900115966797,63.167999267578125,58.253150939941406,57087000.0,AVGO
2021-12-13,63.400001525878906,63.44200134277344,62.12300109863281,62.16600036621094,57.32911682128906,26898000.0,AVGO
2021-12-14,61.784000396728516,61.86199951171875,60.56399917602539,61.49100112915039,56.70663070678711,35956000.0,AVGO
2021-12-15,61.55699920654297,64.08599853515625,61.034000396728516,63.986000061035156,59.00750732421875,29092000.0,AVGO
2021-12-16,63.736000061035156,64.06600189208984,61.150001525878906,62.06800079345703,57.238739013671875,42748000.0,AVGO
2021-12-17,61.75299835205078,63.999000549316406,61.5099983215332,63.49599838256836,58.55563735961914,50661000.0,AVGO
2021-12-20,62.630001068115234,64.60900115966797,62.50899887084961,64.50299835205078,59.484283447265625,32770000.0,AVGO
2021-12-21,64.80999755859375,64.9469985961914,63.33000183105469,64.6240005493164,59.97710418701172,36534000.0,AVGO
2021-12-22,64.33200073242188,65.71600341796875,63.92599868774414,65.5199966430664,60.80866622924805,28383000.0,AVGO
2021-12-23,65.61299896240234,67.072998046875,65.61299896240234,66.4800033569336,61.69963836669922,23596000.0,AVGO
2021-12-27,66.4800033569336,67.62999725341797,66.44599914550781,67.4280014038086,62.5794677734375,19442000.0,AVGO
2021-12-28,67.75499725341797,67.7760009765625,66.7030029296875,66.9000015258789,62.08945846557617,17247000.0,AVGO
2021-12-29,66.9800033569336,67.69999694824219,66.91200256347656,67.26100158691406,62.42448043823242,14797000.0,AVGO
2021-12-30,67.30999755859375,67.56999969482422,66.38400268554688,66.50800323486328,61.72562789916992,11473000.0,AVGO
2021-12-31,66.6969985961914,67.13099670410156,66.3270034790039,66.54100036621094,61.756256103515625,12046000.0,AVGO
2022-01-03,66.63200378417969,67.16999816894531,66.12200164794922,66.33200073242188,61.562278747558594,22591000.0,AVGO
2022-01-04,66.28800201416016,67.21900177001953,65.7229995727539,67.09200286865234,62.26764678955078,21103000.0,AVGO
2022-01-05,67.12100219726562,67.12100219726562,64.20099639892578,64.30000305175781,59.6764030456543,34961000.0,AVGO
2022-01-06,64.01599884033203,64.86499786376953,63.44300079345703,63.702999114990234,59.1223258972168,28581000.0,AVGO
2022-01-07,63.584999084472656,63.99100112915039,61.84600067138672,61.915000915527344,57.462890625,27832000.0,AVGO
2022-01-10,60.88600158691406,62.20399856567383,60.356998443603516,62.11600112915039,57.649452209472656,29793000.0,AVGO
2022-01-11,61.55400085449219,62.79999923706055,61.457000732421875,62.20500183105469,57.73204803466797,19037000.0,AVGO
2022-01-12,62.750999450683594,63.0989990234375,61.9739990234375,62.20000076293945,57.72740936279297,18806000.0,AVGO
2022-01-13,62.74700164794922,62.78799819946289,59.415000915527344,59.71900177001953,55.424808502197266,30048000.0,AVGO
2022-01-14,59.577999114990234,60.03799819946289,59.20000076293945,59.637001037597656,55.348697662353516,25661000.0,AVGO
2022-01-18,58.832000732421875,59.104000091552734,57.5989990234375,57.77899932861328,53.62430191040039,35825000.0,AVGO
2022-01-19,58.15800094604492,58.472999572753906,56.33300018310547,56.39699935913086,52.341678619384766,22692000.0,AVGO
2022-01-20,56.79999923706055,57.013999938964844,54.676998138427734,54.77199935913086,50.833526611328125,25225000.0,AVGO
2022-01-21,54.66400146484375,55.540000915527344,53.13399887084961,53.323001861572266,49.48871994018555,38010000.0,AVGO
2022-01-24,53.0890007019043,54.35100173950195,51.34000015258789,54.15800094604492,50.263675689697266,54256000.0,AVGO
2022-01-25,52.79999923706055,54.540000915527344,52.422000885009766,53.41400146484375,49.57318115234375,38158000.0,AVGO
2022-01-26,55.20000076293945,57.41699981689453,55.00699996948242,55.71200180053711,51.705936431884766,49715000.0,AVGO
2022-01-27,56.97200012207031,57.0260009765625,54.10300064086914,54.23099899291992,50.3314323425293,34183000.0,AVGO
2022-01-28,54.33599853515625,56.04999923706055,53.23899841308594,56.0099983215332,51.98250961303711,30254000.0,AVGO
2022-01-31,55.939998626708984,58.637001037597656,55.599998474121094,58.5880012512207,54.3751220703125,40288000.0,AVGO
2022-02-01,58.58700180053711,59.38999938964844,57.582000732421875,59.27199935913086,55.009944915771484,25719000.0,AVGO
2022-02-02,59.900001525878906,60.47999954223633,59.362998962402344,60.34299850463867,56.00392532348633,24443000.0,AVGO
2022-02-03,59.56700134277344,59.902000427246094,58.012001037597656,58.084999084472656,53.90829086303711,30602000.0,AVGO
2022-02-04,57.63800048828125,59.65299987792969,57.61399841308594,59.01599884033203,54.77235794067383,20548000.0,AVGO
2022-02-07,59.01599884033203,60.15800094604492,58.41600036621094,58.76300048828125,54.53754806518555,18671000.0,AVGO
2022-02-08,58.8380012512207,60.185001373291016,58.69900131225586,60.02199935913086,55.70600891113281,14570000.0,AVGO
2022-02-09,60.73500061035156,61.172000885009766,60.15599822998047,61.13399887084961,56.7380485534668,22004000.0,AVGO
2022-02-10,59.529998779296875,61.4640007019043,58.856998443603516,59.13600158691406,54.883724212646484,24920000.0,AVGO
2022-02-11,59.13600158691406,59.97600173950195,56.90800094604492,57.34199905395508,53.21873092651367,27281000.0,AVGO
2022-02-14,57.5,58.28099822998047,57.00699996948242,57.858001708984375,53.6976203918457,19291000.0,AVGO
2022-02-15,58.90299987792969,60.604000091552734,58.82500076293945,60.277000427246094,55.942684173583984,34284000.0,AVGO
2022-02-16,59.40599822998047,60.08100128173828,58.72200012207031,59.72100067138672,55.426658630371094,22931000.0,AVGO
2022-02-17,58.970001220703125,59.15800094604492,57.888999938964844,57.900001525878906,53.736610412597656,21424000.0,AVGO
2022-02-18,58.09400177001953,58.77399826049805,57.327999114990234,57.999000549316406,53.828487396240234,19708000.0,AVGO
2022-02-22,57.999000549316406,59.020999908447266,56.98099899291992,57.74599838256836,53.59366989135742,20204000.0,AVGO
2022-02-23,58.02299880981445,58.50699996948242,56.4739990234375,56.51900100708008,52.45490646362305,22416000.0,AVGO
2022-02-24,55.15800094604492,58.569000244140625,54.902000427246094,58.0,53.829410552978516,35316000.0,AVGO
2022-02-25,57.983001708984375,58.9379997253418,57.400001525878906,58.80099868774414,54.572811126708984,22380000.0,AVGO
2022-02-28,58.099998474121094,59.22999954223633,57.63800048828125,58.74399948120117,54.51991271972656,25005000.0,AVGO
2022-03-01,58.479000091552734,58.762001037597656,56.529998779296875,57.012001037597656,52.9124641418457,24898000.0,AVGO
2022-03-02,57.45199966430664,59.053001403808594,57.358001708984375,58.577999114990234,54.3658447265625,21771000.0,AVGO
2022-03-03,59.36800003051758,59.369998931884766,57.43299865722656,57.86000061035156,53.699485778808594,26454000.0,AVGO
2022-03-04,59.27899932861328,60.590999603271484,58.4010009765625,59.5989990234375,55.313438415527344,44757000.0,AVGO
2022-03-07,59.70800018310547,59.87799835205078,57.0,57.06999969482422,52.966285705566406,26494000.0,AVGO
2022-03-08,57.21699905395508,59.60499954223633,56.361000061035156,57.595001220703125,53.45353317260742,26993000.0,AVGO
2022-03-09,58.87900161743164,60.16400146484375,58.70000076293945,59.70199966430664,55.40902328491211,22560000.0,AVGO
2022-03-10,58.555999755859375,59.00199890136719,57.637001037597656,58.77299880981445,54.546817779541016,19323000.0,AVGO
2022-03-11,59.20000076293945,59.44300079345703,57.71200180053711,57.78499984741211,53.6298713684082,19813000.0,AVGO
2022-03-14,57.69599914550781,57.99800109863281,56.474998474121094,56.779998779296875,52.6971321105957,25234000.0,AVGO
2022-03-15,57.72700119018555,59.67599868774414,57.50400161743164,59.2760009765625,55.0136604309082,28260000.0,AVGO
2022-03-16,59.665000915527344,60.770999908447266,58.40599822998047,60.71200180053711,56.346405029296875,29454000.0,AVGO
2022-03-17,60.47200012207031,60.70000076293945,59.76300048828125,60.266998291015625,55.93339920043945,18174000.0,AVGO
2022-03-18,60.39699935913086,61.32099914550781,59.5989990234375,61.04100036621094,56.65174865722656,41538000.0,AVGO
2022-03-21,60.560001373291016,60.560001373291016,58.88600158691406,60.12900161743164,56.18268966674805,25789000.0,AVGO
2022-03-22,60.172000885009766,61.349998474121094,59.93299865722656,61.13399887084961,57.121726989746094,19262000.0,AVGO
2022-03-23,60.79999923706055,61.137001037597656,59.91600036621094,59.9379997253418,56.00421905517578,13839000.0,AVGO
2022-03-24,60.66299819946289,62.72200012207031,60.20000076293945,62.643001556396484,58.53169631958008,26016000.0,AVGO
2022-03-25,62.70800018310547,63.04100036621094,62.00699996948242,62.887001037597656,58.75967025756836,14538000.0,AVGO
2022-03-28,62.5880012512207,63.33000183105469,61.577999114990234,63.28799819946289,59.13435745239258,14427000.0,AVGO
2022-03-29,64.0,64.53099822998047,63.0,64.14700317382812,59.93699264526367,23001000.0,AVGO
2022-03-30,63.887001037597656,64.42900085449219,62.733001708984375,63.10900115966797,58.967105865478516,18626000.0,AVGO
2022-03-31,63.04800033569336,63.900001525878906,62.80500030517578,62.96799850463867,58.835357666015625,21731000.0,AVGO
2022-04-01,63.16899871826172,63.457000732421875,61.86899948120117,62.698001861572266,58.583091735839844,16267000.0,AVGO
2022-04-04,62.641998291015625,63.672000885009766,62.45199966430664,63.48500061035156,59.31842041015625,16484000.0,AVGO
2022-04-05,62.95500183105469,63.22600173950195,61.29999923706055,61.4119987487793,57.38148498535156,19778000.0,AVGO
2022-04-06,60.20800018310547,61.159000396728516,59.37699890136719,60.20000076293945,56.249027252197266,23742000.0,AVGO
2022-04-07,59.983001708984375,60.763999938964844,59.32400131225586,60.30500030517578,56.34713363647461,16583000.0,AVGO
2022-04-08,59.737998962402344,59.85900115966797,58.59700012207031,58.70000076293945,54.84748077392578,20464000.0,AVGO
2022-04-11,58.257999420166016,58.928001403808594,57.94300079345703,58.06100082397461,54.25040817260742,23512000.0,AVGO
2022-04-12,58.9109992980957,59.85900115966797,58.21699905395508,58.50699996948242,54.667137145996094,17350000.0,AVGO
2022-04-13,58.849998474121094,59.67100143432617,58.60499954223633,59.25400161743164,55.36511993408203,20266000.0,AVGO
2022-04-14,59.499000549316406,59.70600128173828,57.2859992980957,57.3849983215332,53.61878204345703,27385000.0,AVGO
2022-04-18,57.28499984741211,59.12200164794922,57.28499984741211,58.650001525878906,54.80075454711914,21375000.0,AVGO
2022-04-19,57.93600082397461,59.869998931884766,57.93600082397461,59.762001037597656,55.83976745605469,16581000.0,AVGO
2022-04-20,60.41999816894531,61.34299850463867,59.51300048828125,59.77199935913086,55.84911346435547,13920000.0,AVGO
2022-04-21,60.55400085449219,61.58700180053711,59.066001892089844,59.27299880981445,55.38286590576172,20352000.0,AVGO
2022-04-22,59.01100158691406,59.874000549316406,58.625999450683594,58.69499969482422,54.842803955078125,21064000.0,AVGO
2022-04-25,58.14899826049805,58.875999450683594,57.11199951171875,58.78799819946289,54.92970275878906,26959000.0,AVGO
2022-04-26,58.380001068115234,58.54600143432617,55.97100067138672,56.00699996948242,52.33121871948242,35809000.0,AVGO
2022-04-27,55.57899856567383,57.007999420166016,55.5,55.95399856567383,52.28169631958008,19313000.0,AVGO
2022-04-28,56.59400177001953,58.50199890136719,55.797000885009766,57.89400100708008,54.09437561035156,22334000.0,AVGO
2022-04-29,57.262001037597656,57.827999114990234,55.34000015258789,55.43899917602539,51.800498962402344,26108000.0,AVGO
2022-05-02,55.7140007019043,57.763999938964844,55.63800048828125,57.6349983215332,53.85236358642578,26725000.0,AVGO
2022-05-03,57.60100173950195,58.67499923706055,57.176998138427734,58.117000579833984,54.3027458190918,17064000.0,AVGO
2022-05-04,58.17900085449219,60.40700149536133,57.39799880981445,60.36600112915039,56.404136657714844,23896000.0,AVGO
2022-05-05,59.42300033569336,59.7869987487793,57.42900085449219,57.999000549316406,54.19248580932617,32806000.0,AVGO
2022-05-06,57.49399948120117,58.99800109863281,56.94300079345703,58.0099983215332,54.202754974365234,20745000.0,AVGO
2022-05-09,57.28799819946289,57.79999923706055,56.027000427246094,56.29199981689453,52.597511291503906,30074000.0,AVGO
2022-05-10,58.04899978637695,59.1150016784668,57.18000030517578,58.138999938964844,54.32329559326172,29271000.0,AVGO
2022-05-11,57.45800018310547,58.46900177001953,56.58599853515625,56.71099853515625,52.989013671875,26660000.0,AVGO
2022-05-12,56.34000015258789,57.361000061035156,55.82600021362305,57.15700149536133,53.40574645996094,25518000.0,AVGO
2022-05-13,57.70500183105469,59.159000396728516,57.349998474121094,58.82400131225586,54.963340759277344,19449000.0,AVGO
2022-05-16,58.4379997253418,58.91400146484375,57.76499938964844,58.266998291015625,54.44288635253906,14189000.0,AVGO
2022-05-17,59.54499816894531,60.900001525878906,59.361000061035156,60.814998626708984,56.82366943359375,24676000.0,AVGO
2022-05-18,60.0,60.071998596191406,56.61800003051758,57.05699920654297,53.31229782104492,35024000.0,AVGO
2022-05-19,55.79999923706055,56.07500076293945,53.895999908447266,54.62099838256836,51.03618240356445,34884000.0,AVGO
2022-05-20,55.38999938964844,55.499000549316406,51.24399948120117,54.319000244140625,50.75400161743164,40281000.0,AVGO
2022-05-23,52.400001525878906,53.55699920654297,51.42599868774414,52.63600158691406,49.181461334228516,58586000.0,AVGO
2022-05-24,52.66600036621094,52.887001037597656,51.61899948120117,52.41999816894531,48.97962951660156,25060000.0,AVGO
2022-05-25,52.38999938964844,53.744998931884766,52.38999938964844,53.16299819946289,49.67387008666992,17842000.0,AVGO
2022-05-26,53.15399932861328,55.457000732421875,52.77199935913086,55.066001892089844,51.451969146728516,39743000.0,AVGO
2022-05-27,56.20899963378906,58.54600143432617,56.000999450683594,58.327999114990234,54.499881744384766,37301000.0,AVGO
2022-05-31,58.45000076293945,58.702999114990234,57.599998474121094,58.01300048828125,54.205562591552734,30009000.0,AVGO
2022-06-01,58.757999420166016,59.09400177001953,56.84299850463867,57.36199951171875,53.597286224365234,18345000.0,AVGO
2022-06-02,57.775001525878906,57.777000427246094,56.8129997253418,57.67399978637695,53.88880920410156,29488000.0,AVGO
2022-06-03,56.887001037597656,56.959999084472656,56.097999572753906,56.332000732421875,52.634891510009766,20562000.0,AVGO
2022-06-06,57.152000427246094,57.27199935913086,55.75400161743164,56.12300109863281,52.43960952758789,14557000.0,AVGO
2022-06-07,56.05400085449219,57.45399856567383,55.75299835205078,57.29899978637695,53.538421630859375,15895000.0,AVGO
2022-06-08,57.18199920654297,57.62699890136719,56.2140007019043,56.5359992980957,52.825504302978516,24004000.0,AVGO
2022-06-09,56.11600112915039,57.36399841308594,55.59299850463867,55.62200164794922,51.97148895263672,18787000.0,AVGO
2022-06-10,55.00899887084961,55.104000091552734,53.97200012207031,54.12699890136719,50.57460021972656,24018000.0,AVGO
2022-06-13,52.678001403808594,53.29999923706055,51.60200119018555,51.762001037597656,48.36482620239258,31619000.0,AVGO
2022-06-14,52.49700164794922,52.49700164794922,51.45899963378906,52.016998291015625,48.603084564208984,24380000.0,AVGO
2022-06-15,52.915000915527344,53.382999420166016,51.551998138427734,52.67100143432617,49.214168548583984,19141000.0,AVGO
2022-06-16,51.19499969482422,51.44300079345703,49.22800064086914,49.71799850463867,46.4549674987793,37244000.0,AVGO
2022-06-17,49.5,50.0359992980957,48.7869987487793,49.8650016784668,46.592323303222656,43504000.0,AVGO
2022-06-21,50.40800094604492,51.090999603271484,50.28900146484375,50.37699890136719,47.460960388183594,21901000.0,AVGO
2022-06-22,49.63100051879883,50.37699890136719,49.41999816894531,49.61000061035156,46.73834991455078,24721000.0,AVGO
2022-06-23,50.17499923706055,50.17499923706055,49.10100173950195,49.65800094604492,46.78357696533203,16707000.0,AVGO
2022-06-24,50.5,51.18000030517578,50.14500045776367,50.909000396728516,47.962158203125,21201000.0,AVGO
2022-06-27,51.380001068115234,51.40399932861328,50.28200149536133,50.57099914550781,47.64372634887695,13207000.0,AVGO
2022-06-28,51.26100158691406,51.415000915527344,49.81100082397461,49.845001220703125,46.959754943847656,15667000.0,AVGO
2022-06-29,49.54800033569336,49.59299850463867,48.66699981689453,49.04100036621094,46.20228576660156,14444000.0,AVGO
2022-06-30,48.803001403808594,49.374000549316406,48.07099914550781,48.58100128173828,45.7689208984375,18890000.0,AVGO
2022-07-01,47.941001892089844,48.426998138427734,46.94300079345703,47.784000396728516,45.01805877685547,21315000.0,AVGO
2022-07-05,47.20000076293945,47.69300079345703,46.39099884033203,47.630001068115234,44.87296676635742,20711000.0,AVGO
2022-07-06,48.053001403808594,48.70500183105469,47.54999923706055,48.26100158691406,45.46744155883789,22975000.0,AVGO
2022-07-07,48.81100082397461,50.138999938964844,48.81100082397461,49.854000091552734,46.968223571777344,21319000.0,AVGO
2022-07-08,49.29899978637695,49.9630012512207,49.0,49.86899948120117,46.982357025146484,12713000.0,AVGO
2022-07-11,48.94900131225586,49.1619987487793,48.097999572753906,48.2859992980957,45.49099349975586,21449000.0,AVGO
2022-07-12,48.78200149536133,49.2599983215332,48.00699996948242,48.137001037597656,45.350616455078125,21159000.0,AVGO
2022-07-13,47.49800109863281,48.56399917602539,47.229000091552734,48.17300033569336,45.3845329284668,17665000.0,AVGO
2022-07-14,48.244998931884766,48.667999267578125,47.34299850463867,48.4640007019043,45.65868377685547,19957000.0,AVGO
2022-07-15,49.08300018310547,49.4739990234375,48.612998962402344,49.44599914550781,46.58384704589844,18714000.0,AVGO
2022-07-18,50.01599884033203,50.24100112915039,48.819000244140625,49.10599899291992,46.26352310180664,18042000.0,AVGO
2022-07-19,49.68000030517578,51.1349983215332,49.5890007019043,50.900001525878906,47.95367431640625,27257000.0,AVGO
2022-07-20,50.95399856567383,51.76100158691406,50.446998596191406,51.176998138427734,48.21464538574219,27412000.0,AVGO
2022-07-21,51.255001068115234,51.78099822998047,50.60200119018555,51.768001556396484,48.77143478393555,13912000.0,AVGO
2022-07-22,51.88100051879883,51.979000091552734,50.667999267578125,51.25199890136719,48.285301208496094,17867000.0,AVGO
2022-07-25,51.04600143432617,51.332000732421875,50.65299987792969,51.31100082397461,48.340885162353516,15061000.0,AVGO
2022-07-26,51.4630012512207,51.680999755859375,50.891998291015625,51.10900115966797,48.15058517456055,17958000.0,AVGO
2022-07-27,51.81999969482422,53.01900100708008,51.69300079345703,52.77899932861328,49.723915100097656,25699000.0,AVGO
2022-07-28,52.85900115966797,53.652000427246094,52.05799865722656,53.361000061035156,50.2722282409668,14867000.0,AVGO
2022-07-29,53.198001861572266,53.78300094604492,53.027000427246094,53.54800033569336,50.44840621948242,18482000.0,AVGO
2022-08-01,53.143001556396484,53.979000091552734,53.04399871826172,53.637001037597656,50.53225326538086,11485000.0,AVGO
2022-08-02,53.321998596191406,53.91999816894531,52.722999572753906,53.12099838256836,50.046119689941406,13072000.0,AVGO
2022-08-03,53.52899932861328,54.79999923706055,53.4119987487793,54.67399978637695,51.50922393798828,19228000.0,AVGO
2022-08-04,54.840999603271484,55.314998626708984,54.500999450683594,55.279998779296875,52.08015060424805,16293000.0,AVGO
2022-08-05,54.4900016784668,55.20000076293945,54.327999114990234,55.14400100708008,51.95201873779297,14357000.0,AVGO
2022-08-08,54.935001373291016,55.29899978637695,53.874000549316406,54.553001403808594,51.395225524902344,13722000.0,AVGO
2022-08-09,53.909000396728516,53.935001373291016,52.775001525878906,53.279998779296875,50.19591522216797,20072000.0,AVGO
2022-08-10,54.60599899291992,55.10200119018555,53.92399978637695,55.04100036621094,51.85498046875,19519000.0,AVGO
2022-08-11,55.39500045776367,55.777000427246094,54.42499923706055,54.542999267578125,51.385807037353516,14268000.0,AVGO
2022-08-12,54.78099822998047,55.840999603271484,54.564998626708984,55.823001861572266,52.591712951660156,18399000.0,AVGO
2022-08-15,55.42300033569336,55.979000091552734,55.04999923706055,55.895999908447266,52.66048812866211,14329000.0,AVGO
2022-08-16,55.75199890136719,55.79399871826172,54.60100173950195,55.165000915527344,51.971805572509766,14782000.0,AVGO
2022-08-17,54.4370002746582,54.47100067138672,53.104000091552734,53.85900115966797,50.74140167236328,19022000.0,AVGO
2022-08-18,54.340999603271484,56.055999755859375,54.16299819946289,55.845001220703125,52.61244201660156,23459000.0,AVGO
2022-08-19,55.08599853515625,55.55799865722656,54.7869987487793,54.84299850463867,51.6684455871582,16923000.0,AVGO
2022-08-22,54.25699996948242,54.308998107910156,52.70500183105469,52.875,49.814361572265625,18555000.0,AVGO
2022-08-23,53.3849983215332,53.762001037597656,52.89099884033203,52.97800064086914,49.91139602661133,9003000.0,AVGO
2022-08-24,52.95600128173828,53.130001068115234,52.34400177001953,53.08399963378906,50.011260986328125,11883000.0,AVGO
2022-08-25,53.345001220703125,55.04800033569336,53.22600173950195,55.01300048828125,51.82860565185547,17345000.0,AVGO
2022-08-26,54.88399887084961,55.0989990234375,52.0,52.08599853515625,49.07102966308594,25682000.0,AVGO
2022-08-29,52.0,52.27399826049805,51.20000076293945,51.417999267578125,48.44169616699219,16580000.0,AVGO
2022-08-30,51.683998107910156,51.79100036621094,50.138999938964844,50.638999938964844,47.70779037475586,18282000.0,AVGO
2022-08-31,51.01599884033203,51.01599884033203,49.65399932861328,49.9109992980957,47.02193069458008,32445000.0,AVGO
2022-09-01,49.14699935913086,49.32899856567383,48.08399963378906,49.20100021362305,46.353023529052734,31930000.0,AVGO
2022-09-02,51.79999923706055,51.98099899291992,49.83000183105469,50.02199935913086,47.12650680541992,40426000.0,AVGO
2022-09-06,49.85300064086914,50.400001525878906,49.0369987487793,49.81999969482422,46.93620300292969,24738000.0,AVGO
2022-09-07,50.29100036621094,50.94300079345703,49.90800094604492,50.51300048828125,47.589080810546875,20440000.0,AVGO
2022-09-08,50.2599983215332,51.27399826049805,49.869998931884766,51.19300079345703,48.22972106933594,22535000.0,AVGO
2022-09-09,51.54399871826172,52.59700012207031,51.54399871826172,52.2400016784668,49.21611785888672,23019000.0,AVGO
2022-09-12,52.67499923706055,53.125999450683594,52.45600128173828,52.90599822998047,49.84355926513672,18157000.0,AVGO
2022-09-13,51.38399887084961,51.82699966430664,50.167999267578125,50.3650016784668,47.449649810791016,35136000.0,AVGO
2022-09-14,50.7130012512207,51.29999923706055,50.277000427246094,51.07500076293945,48.118553161621094,20605000.0,AVGO
2022-09-15,50.893001556396484,51.15599822998047,49.72800064086914,50.013999938964844,47.11895751953125,36574000.0,AVGO
2022-09-16,49.77199935913086,50.36899948120117,48.986000061035156,50.25,47.34130096435547,59012000.0,AVGO
2022-09-19,49.44200134277344,50.3390007019043,49.44200134277344,50.183998107910156,47.27912521362305,17948000.0,AVGO
2022-09-20,49.599998474121094,49.882999420166016,48.97200012207031,49.305999755859375,46.45195007324219,17132000.0,AVGO
2022-09-21,49.0989990234375,49.987998962402344,48.176998138427734,48.2140007019043,45.804039001464844,20669000.0,AVGO
2022-09-22,48.24300003051758,48.32099914550781,47.29999923706055,47.76100158691406,45.373680114746094,23540000.0,AVGO
2022-09-23,47.494998931884766,47.79899978637695,46.20000076293945,46.86800003051758,44.52531814575195,29649000.0,AVGO
2022-09-26,46.89799880981445,47.33000183105469,46.13100051879883,46.22600173950195,43.915409088134766,19361000.0,AVGO
2022-09-27,46.95500183105469,46.98899841308594,45.6510009765625,46.474998474121094,44.15196228027344,17850000.0,AVGO
2022-09-28,46.13399887084961,46.875,45.6349983215332,46.59600067138672,44.26691436767578,27605000.0,AVGO
2022-09-29,46.09000015258789,46.137001037597656,44.487998962402344,45.01300048828125,42.76303482055664,39997000.0,AVGO
2022-09-30,44.90599822998047,45.78200149536133,44.36399841308594,44.4010009765625,42.181636810302734,27202000.0,AVGO
2022-10-03,44.92399978637695,46.095001220703125,44.696998596191406,45.678001403808594,43.39480209350586,21479000.0,AVGO
2022-10-04,46.849998474121094,48.01599884033203,46.58599853515625,47.986000061035156,45.58743667602539,27277000.0,AVGO
2022-10-05,47.255001068115234,48.808998107910156,47.145999908447266,48.47999954223633,46.05674743652344,18493000.0,AVGO
2022-10-06,48.37900161743164,48.970001220703125,47.87200164794922,47.95000076293945,45.55323028564453,17250000.0,AVGO
2022-10-07,47.237998962402344,47.33399963378906,45.902000427246094,46.04800033569336,43.746307373046875,28425000.0,AVGO
2022-10-10,46.0,46.0099983215332,43.183998107910156,43.77000045776367,41.58216857910156,33454000.0,AVGO
2022-10-11,43.52000045776367,43.869998931884766,42.55799865722656,43.07600021362305,40.92285919189453,28046000.0,AVGO
2022-10-12,43.224998474121094,43.571998596191406,42.80099868774414,43.05699920654297,40.904815673828125,15046000.0,AVGO
2022-10-13,41.742000579833984,44.37699890136719,41.50699996948242,43.797000885009766,41.607818603515625,27980000.0,AVGO
2022-10-14,44.327999114990234,44.395999908447266,42.64099884033203,42.709999084472656,40.575157165527344,22816000.0,AVGO
2022-10-17,43.95500183105469,44.124000549316406,43.3390007019043,43.5369987487793,41.36081314086914,24120000.0,AVGO
2022-10-18,44.82099914550781,44.85499954223633,43.01599884033203,43.483001708984375,41.30952072143555,20341000.0,AVGO
2022-10-19,43.323001861572266,43.83000183105469,43.0880012512207,43.529998779296875,41.35417175292969,12702000.0,AVGO
2022-10-20,43.51300048828125,44.21900177001953,42.81399917602539,43.029998779296875,40.87915802001953,23402000.0,AVGO
2022-10-21,43.20899963378906,45.066001892089844,42.91699981689453,44.972999572753906,42.725032806396484,26980000.0,AVGO
2022-10-24,45.27299880981445,45.87900161743164,45.111000061035156,45.652000427246094,43.37010192871094,25287000.0,AVGO
2022-10-25,45.79899978637695,46.42599868774414,45.68299865722656,46.00699996948242,43.70736312866211,18246000.0,AVGO
2022-10-26,45.79899978637695,47.17599868774414,45.534000396728516,46.11800003051758,43.812808990478516,29291000.0,AVGO
2022-10-27,46.60499954223633,47.07699966430664,45.49100112915039,45.540000915527344,43.26369094848633,18512000.0,AVGO
2022-10-28,45.69599914550781,47.433998107910156,45.564998626708984,47.290000915527344,44.92622375488281,23094000.0,AVGO
2022-10-31,46.685001373291016,47.28099822998047,46.500999450683594,47.012001037597656,44.6621208190918,19259000.0,AVGO
2022-11-01,47.58000183105469,47.68299865722656,46.31700134277344,46.790000915527344,44.45121383666992,16324000.0,AVGO
2022-11-02,47.02799987792969,48.04499816894531,45.571998596191406,45.60300064086914,43.32354736328125,21070000.0,AVGO
2022-11-03,45.09400177001953,45.2859992980957,44.13600158691406,44.4119987487793,42.192073822021484,23887000.0,AVGO
2022-11-04,45.68600082397461,46.888999938964844,45.327999114990234,46.529998779296875,44.20420455932617,28891000.0,AVGO
2022-11-07,46.676998138427734,47.77399826049805,46.15700149536133,47.52199935913086,45.14662551879883,17687000.0,AVGO
2022-11-08,48.125,48.880001068115234,47.349998474121094,48.21099853515625,45.80119323730469,20743000.0,AVGO
2022-11-09,47.849998474121094,47.900001525878906,46.90299987792969,46.946998596191406,44.600372314453125,23695000.0,AVGO
2022-11-10,49.099998474121094,50.71699905395508,48.71900177001953,50.65700149536133,48.12492752075195,33970000.0,AVGO
2022-11-11,50.47999954223633,51.900001525878906,50.20000076293945,51.808998107910156,49.21935272216797,26728000.0,AVGO
2022-11-14,51.53900146484375,52.50199890136719,51.29999923706055,51.321998596191406,48.756683349609375,21608000.0,AVGO
2022-11-15,52.99599838256836,53.25699996948242,51.590999603271484,52.44200134277344,49.82070541381836,23315000.0,AVGO
2022-11-16,51.672000885009766,51.854000091552734,51.02799987792969,51.17300033569336,48.61513900756836,25405000.0,AVGO
2022-11-17,50.5,51.27399826049805,50.31399917602539,51.21099853515625,48.65122985839844,20375000.0,AVGO
2022-11-18,51.6870002746582,51.77299880981445,51.099998474121094,51.51599884033203,48.94099044799805,14536000.0,AVGO
2022-11-21,51.29399871826172,52.084999084472656,51.111000061035156,51.74399948120117,49.157588958740234,18622000.0,AVGO
2022-11-22,52.297000885009766,53.02799987792969,51.9010009765625,53.005001068115234,50.355560302734375,18920000.0,AVGO
2022-11-23,53.03499984741211,54.14799880981445,52.880001068115234,53.36399841308594,50.696617126464844,13964000.0,AVGO
2022-11-25,53.069000244140625,53.45800018310547,52.948001861572266,52.99100112915039,50.34226608276367,7455000.0,AVGO
2022-11-28,52.52399826049805,52.875999450683594,51.624000549316406,52.22100067138672,49.61074447631836,23505000.0,AVGO
2022-11-29,52.29999923706055,52.584999084472656,51.483001708984375,52.138999938964844,49.53284454345703,12694000.0,AVGO
2022-11-30,52.4109992980957,55.16600036621094,51.78300094604492,55.10300064086914,52.348697662353516,47349000.0,AVGO
2022-12-01,55.10300064086914,55.242000579833984,54.19599914550781,55.07500076293945,52.32210159301758,23006000.0,AVGO
2022-12-02,53.70500183105469,54.27000045776367,53.608001708984375,54.08000183105469,51.3768310546875,19320000.0,AVGO
2022-12-05,53.777000427246094,53.948001861572266,52.54899978637695,53.06399917602539,50.41161346435547,18548000.0,AVGO
2022-12-06,53.064998626708984,53.356998443603516,52.17499923706055,52.582000732421875,49.95370864868164,19655000.0,AVGO
2022-12-07,51.959999084472656,52.5,51.60499954223633,51.849998474121094,49.25829315185547,16524000.0,AVGO
2022-12-08,52.08100128173828,53.242000579833984,52.03799819946289,53.108001708984375,50.45341491699219,27514000.0,AVGO
2022-12-09,55.09400177001953,55.263999938964844,54.099998474121094,54.47200012207031,51.74923324584961,37028000.0,AVGO
2022-12-12,54.474998474121094,55.6870002746582,54.2239990234375,55.66299819946289,52.88070297241211,23416000.0,AVGO
2022-12-13,57.582000732421875,58.183998107910156,56.50299835205078,57.104000091552734,54.24967575073242,40414000.0,AVGO
2022-12-14,56.85499954223633,58.564998626708984,56.77299880981445,57.444000244140625,54.57268142700195,35218000.0,AVGO
2022-12-15,56.37799835205078,56.64899826049805,55.77000045776367,55.79999923706055,53.01085662841797,36876000.0,AVGO
2022-12-16,55.744998931884766,55.97999954223633,55.08700180053711,55.590999603271484,52.81230545043945,49549000.0,AVGO
2022-12-19,55.402000427246094,55.64799880981445,54.571998596191406,54.9630012512207,52.6513671875,25092000.0,AVGO
2022-12-20,54.516998291015625,54.900001525878906,54.09199905395508,54.402000427246094,52.11396026611328,29831000.0,AVGO
2022-12-21,54.766998291015625,56.191001892089844,54.69499969482422,56.12300109863281,53.7625846862793,25619000.0,AVGO
2022-12-22,55.334999084472656,55.49399948120117,54.720001220703125,55.308998107910156,52.98281478881836,27553000.0,AVGO
2022-12-23,55.0,55.36199951171875,54.744998931884766,55.24300003051758,52.919593811035156,13761000.0,AVGO
2022-12-27,55.154998779296875,55.81100082397461,54.694000244140625,55.354000091552734,53.02592468261719,16677000.0,AVGO
2022-12-28,55.16400146484375,55.777000427246094,54.244998931884766,54.48899841308594,52.197303771972656,15410000.0,AVGO
2022-12-29,55.185001373291016,56.2599983215332,55.04999923706055,55.78099822998047,53.434967041015625,18176000.0,AVGO
2022-12-30,55.18199920654297,55.96500015258789,54.80099868774414,55.91299819946289,53.561405181884766,14376000.0,AVGO
2023-01-03,56.5,56.75699996948242,55.07899856567383,55.347999572753906,53.02017593383789,20173000.0,AVGO
2023-01-04,56.29899978637695,56.816001892089844,55.60300064086914,56.02399826049805,53.66774368286133,17074000.0,AVGO
2023-01-05,55.57099914550781,55.98400115966797,55.11199951171875,55.50199890136719,53.167694091796875,16277000.0,AVGO
2023-01-06,56.3120002746582,59.099998474121094,56.22999954223633,58.84299850463867,56.368186950683594,35261000.0,AVGO
2023-01-09,59.22999954223633,60.16699981689453,56.055999755859375,57.68899917602539,55.26271438598633,37739000.0,AVGO
2023-01-10,57.20000076293945,57.51300048828125,54.999000549316406,57.49300003051758,55.07496643066406,44635000.0,AVGO
2023-01-11,57.29999923706055,57.83399963378906,56.6870002746582,57.81399917602539,55.38246154785156,22502000.0,AVGO
2023-01-12,57.558998107910156,58.51100158691406,57.375999450683594,58.194000244140625,55.746482849121094,19514000.0,AVGO
2023-01-13,57.71500015258789,58.19300079345703,57.66699981689453,57.900001525878906,55.46485137939453,19647000.0,AVGO
2023-01-17,57.4900016784668,58.5359992980957,57.45399856567383,57.92399978637695,55.48783493041992,15835000.0,AVGO
2023-01-18,58.32099914550781,58.75600051879883,57.37200164794922,57.42900085449219,55.013648986816406,15703000.0,AVGO
2023-01-19,56.9119987487793,57.00600051879883,56.03099822998047,56.321998596191406,53.95321273803711,22692000.0,AVGO
2023-01-20,56.303001403808594,57.13600158691406,55.9109992980957,57.077999114990234,54.67741775512695,22950000.0,AVGO
2023-01-23,57.20000076293945,58.479000091552734,56.97800064086914,58.16299819946289,55.7167854309082,23429000.0,AVGO
2023-01-24,57.84400177001953,58.66899871826172,57.5629997253418,58.50299835205078,56.04248046875,13825000.0,AVGO
2023-01-25,57.766998291015625,58.696998596191406,57.604000091552734,58.56800079345703,56.10475158691406,13766000.0,AVGO
2023-01-26,59.04100036621094,60.055999755859375,58.625999450683594,59.858001708984375,57.34049987792969,24525000.0,AVGO
2023-01-27,59.332000732421875,59.92499923706055,59.01900100708008,59.0989990234375,56.61341857910156,19344000.0,AVGO
2023-01-30,58.29999923706055,58.96099853515625,57.97600173950195,58.14500045776367,55.69953918457031,16984000.0,AVGO
2023-01-31,58.207000732421875,58.722999572753906,58.07400131225586,58.500999450683594,56.04056930541992,23719000.0,AVGO
2023-02-01,58.356998443603516,60.83000183105469,58.27000045776367,60.275001525878906,57.739959716796875,26553000.0,AVGO
2023-02-02,60.76300048828125,61.31399917602539,59.974998474121094,60.57699966430664,58.02925109863281,24188000.0,AVGO
2023-02-03,59.79999923706055,60.80400085449219,59.625,59.762001037597656,57.248531341552734,19093000.0,AVGO
2023-02-06,59.33399963378906,60.321998596191406,59.22600173950195,60.130001068115234,57.60105514526367,18709000.0,AVGO
2023-02-07,60.066001892089844,61.70100021362305,59.97200012207031,61.44499969482422,58.86074447631836,24025000.0,AVGO
2023-02-08,60.667999267578125,61.018001556396484,60.0620002746582,60.17100143432617,57.64033508300781,15290000.0,AVGO
2023-02-09,61.2599983215332,61.49300003051758,59.54800033569336,59.941001892089844,57.420013427734375,18837000.0,AVGO
2023-02-10,59.63100051879883,59.84600067138672,58.9630012512207,59.32500076293945,56.82991027832031,21035000.0,AVGO
2023-02-13,59.5,60.14799880981445,59.34700012207031,60.11199951171875,57.58380889892578,19847000.0,AVGO
2023-02-14,59.41699981689453,60.55799865722656,59.332000732421875,60.23099899291992,57.69780349731445,17571000.0,AVGO
2023-02-15,59.88600158691406,60.827999114990234,59.66999816894531,60.76900100708008,58.21318435668945,12683000.0,AVGO
2023-02-16,60.07500076293945,60.89400100708008,59.95500183105469,60.05400085449219,57.52825164794922,17449000.0,AVGO
2023-02-17,60.0,60.084999084472656,59.244998931884766,59.558998107910156,57.0540657043457,14215000.0,AVGO
2023-02-21,59.0,59.308998107910156,57.98400115966797,58.15399932861328,55.708160400390625,22737000.0,AVGO
2023-02-22,58.224998474121094,58.308998107910156,57.209999084472656,57.617000579833984,55.193748474121094,23475000.0,AVGO
2023-02-23,58.57500076293945,58.59400177001953,57.36800003051758,58.380001068115234,55.924659729003906,18939000.0,AVGO
2023-02-24,57.75299835205078,58.02399826049805,57.361000061035156,57.775001525878906,55.3451042175293,15353000.0,AVGO
2023-02-27,58.58700180053711,58.97999954223633,58.42599868774414,58.54499816894531,56.08271408081055,18321000.0,AVGO
2023-02-28,58.555999755859375,59.858001708984375,58.21799850463867,59.42900085449219,56.92953872680664,27822000.0,AVGO
2023-03-01,59.400001525878906,59.82099914550781,59.029998779296875,59.356998443603516,56.860572814941406,15484000.0,AVGO
2023-03-02,58.93899917602539,60.09400177001953,58.612998962402344,59.8650016784668,57.347198486328125,27525000.0,AVGO
2023-03-03,61.77000045776367,63.573001861572266,61.57500076293945,63.2760009765625,60.614742279052734,46088000.0,AVGO
2023-03-06,63.5,64.40499877929688,63.17300033569336,63.29199981689453,60.63007354736328,24983000.0,AVGO
2023-03-07,63.48699951171875,63.577999114990234,62.35100173950195,62.51499938964844,59.88574981689453,19334000.0,AVGO
2023-03-08,62.77799987792969,63.27299880981445,62.367000579833984,63.22600173950195,60.56684494018555,20912000.0,AVGO
2023-03-09,63.007999420166016,64.24400329589844,62.1879997253418,62.25199890136719,59.6338005065918,21775000.0,AVGO
2023-03-10,62.819000244140625,63.01599884033203,61.28200149536133,61.483001708984375,58.89715576171875,26098000.0,AVGO
2023-03-13,60.70899963378906,62.43899917602539,60.6879997253418,61.64699935913086,59.05425262451172,22364000.0,AVGO
2023-03-14,62.3390007019043,63.33700180053711,61.849998474121094,63.24599838256836,60.586002349853516,25893000.0,AVGO
2023-03-15,62.766998291015625,63.00699996948242,61.619998931884766,62.604000091552734,59.971004486083984,22963000.0,AVGO
2023-03-16,62.185001373291016,63.707000732421875,61.78099822998047,63.650001525878906,60.9730110168457,31716000.0,AVGO
2023-03-17,63.650001525878906,63.957000732421875,62.70800018310547,63.09700012207031,60.443267822265625,79303000.0,AVGO
2023-03-20,63.27399826049805,64.4739990234375,63.15999984741211,64.37100219726562,61.6636848449707,25857000.0,AVGO
2023-03-21,64.30899810791016,64.65899658203125,63.43299865722656,63.67499923706055,61.435977935791016,25000000.0,AVGO
2023-03-22,63.689998626708984,64.8499984741211,63.06700134277344,63.09199905395508,60.873477935791016,25799000.0,AVGO
2023-03-23,63.88999938964844,64.81800079345703,63.15299987792969,63.92300033569336,61.67526626586914,27162000.0,AVGO
2023-03-24,63.803001403808594,63.93000030517578,62.85499954223633,63.617000579833984,61.380027770996094,17228000.0,AVGO
2023-03-27,63.900001525878906,63.90999984741211,62.5989990234375,62.683998107910156,60.47982406616211,14707000.0,AVGO
2023-03-28,62.52299880981445,62.65399932861328,61.88600158691406,62.470001220703125,60.27334976196289,12439000.0,AVGO
2023-03-29,63.27799987792969,63.4010009765625,62.4640007019043,62.54999923706055,60.35054397583008,26395000.0,AVGO
2023-03-30,63.27299880981445,63.60499954223633,62.93000030517578,63.375,61.14653778076172,21523000.0,AVGO
2023-03-31,63.05400085449219,64.22200012207031,62.590999603271484,64.15399932861328,61.89813995361328,22097000.0,AVGO
2023-04-03,63.900001525878906,64.38999938964844,63.64400100708008,64.24700164794922,61.98786926269531,15682000.0,AVGO
2023-04-04,64.31500244140625,64.42400360107422,63.20000076293945,63.441001892089844,61.21022033691406,13429000.0,AVGO
2023-04-05,63.11399841308594,63.16999816894531,62.56999969482422,62.9010009765625,60.689205169677734,16908000.0,AVGO
2023-04-06,62.41600036621094,62.84000015258789,61.89699935913086,62.263999938964844,60.07460403442383,14493000.0,AVGO
2023-04-10,61.80500030517578,62.7869987487793,61.64500045776367,62.73899841308594,60.53289794921875,15400000.0,AVGO
2023-04-11,63.077999114990234,63.0880012512207,62.082000732421875,62.15700149536133,59.97135925292969,16518000.0,AVGO
2023-04-12,62.73400115966797,62.75199890136719,61.625999450683594,61.66999816894531,59.501487731933594,14112000.0,AVGO
2023-04-13,61.90700149536133,62.650001525878906,61.71099853515625,62.42399978637695,60.228973388671875,17265000.0,AVGO
2023-04-14,62.04800033569336,62.803001403808594,61.520999908447266,61.95399856567383,59.77549743652344,17465000.0,AVGO
2023-04-17,61.861000061035156,62.83399963378906,61.78099822998047,62.736000061035156,60.530006408691406,13201000.0,AVGO
2023-04-18,63.1619987487793,63.54999923706055,62.7130012512207,63.231998443603516,61.0085563659668,16806000.0,AVGO
2023-04-19,62.67900085449219,63.67900085449219,62.55500030517578,63.45000076293945,61.218894958496094,19060000.0,AVGO
2023-04-20,62.7859992980957,64.27300262451172,62.7140007019043,63.301998138427734,61.07610321044922,20239000.0,AVGO
2023-04-21,63.060001373291016,63.380001068115234,62.19900131225586,63.290000915527344,61.06451416015625,14807000.0,AVGO
2023-04-24,63.36399841308594,63.8849983215332,63.17900085449219,63.45399856567383,61.22275924682617,12338000.0,AVGO
2023-04-25,63.39899826049805,63.5989990234375,62.17399978637695,62.20199966430664,60.01477813720703,23670000.0,AVGO
2023-04-26,61.99700164794922,62.3129997253418,61.35100173950195,61.61899948120117,59.45227813720703,17179000.0,AVGO
2023-04-27,61.61899948120117,62.00899887084961,60.323001861572266,61.840999603271484,59.666473388671875,18250000.0,AVGO
2023-04-28,61.90700149536133,62.678001403808594,61.45600128173828,62.650001525878906,60.447025299072266,16183000.0,AVGO
2023-05-01,62.650001525878906,63.89899826049805,62.619998931884766,63.79499816894531,61.55176544189453,17030000.0,AVGO
2023-05-02,62.57600021362305,62.650001525878906,60.50199890136719,61.23400115966797,59.08081817626953,28357000.0,AVGO
2023-05-03,61.689998626708984,62.19499969482422,61.2400016784668,61.31999969482422,59.16379928588867,19816000.0,AVGO
2023-05-04,61.0,61.395999908447266,60.12900161743164,61.01599884033203,58.8704833984375,17684000.0,AVGO
2023-05-05,61.595001220703125,63.14699935913086,61.33700180053711,63.012001037597656,60.796302795410156,24876000.0,AVGO
2023-05-08,62.97800064086914,63.073001861572266,62.05799865722656,62.90599822998047,60.69403076171875,13934000.0,AVGO
2023-05-09,62.27299880981445,62.40700149536133,61.58599853515625,61.85100173950195,59.676124572753906,16990000.0,AVGO
2023-05-10,62.20600128173828,62.79999923706055,61.82699966430664,62.62699890136719,60.424835205078125,19174000.0,AVGO
2023-05-11,62.65800094604492,62.847999572753906,61.79899978637695,62.766998291015625,60.559913635253906,14430000.0,AVGO
2023-05-12,62.8380012512207,63.27000045776367,62.42100143432617,63.1150016784668,60.89567947387695,11942000.0,AVGO
2023-05-15,63.1870002746582,64.00199890136719,62.84700012207031,63.97999954223633,61.73025894165039,14614000.0,AVGO
2023-05-16,64.0459976196289,64.69100189208984,63.87300109863281,64.14399719238281,61.88848876953125,14967000.0,AVGO
2023-05-17,64.73500061035156,66.08999633789062,64.45800018310547,65.74700164794922,63.43513488769531,24133000.0,AVGO
2023-05-18,65.5999984741211,67.93599700927734,65.5999984741211,67.79000091552734,65.4062728881836,26389000.0,AVGO
2023-05-19,68.0,68.49500274658203,67.84100341796875,68.2249984741211,65.82599639892578,22968000.0,AVGO
2023-05-22,68.13999938964844,68.46800231933594,67.41200256347656,67.83699798583984,65.4516372680664,17796000.0,AVGO
2023-05-23,69.06400299072266,69.89900207519531,68.2020034790039,68.6500015258789,66.23604583740234,36088000.0,AVGO
2023-05-24,68.14399719238281,68.43099975585938,67.60600280761719,67.9530029296875,65.56355285644531,23021000.0,AVGO
2023-05-25,69.94100189208984,73.23899841308594,69.0770034790039,72.87999725341797,70.31731414794922,49263000.0,AVGO
2023-05-26,74.74299621582031,81.49800109863281,74.7020034790039,81.27300262451172,78.41517639160156,82500000.0,AVGO
2023-05-30,83.51200103759766,92.1780014038086,79.88099670410156,80.33399963378906,77.50920104980469,116912000.0,AVGO
2023-05-31,79.48999786376953,82.16699981689453,79.01300048828125,80.7959976196289,77.95494842529297,89998000.0,AVGO
2023-06-01,80.06199645996094,80.5790023803711,78.51599884033203,78.99500274658203,76.21729278564453,80792000.0,AVGO
2023-06-02,79.06400299072266,82.37699890136719,78.72000122070312,81.19999694824219,78.34475708007812,62815000.0,AVGO
2023-06-05,80.91999816894531,80.91999816894531,79.447998046875,80.2300033569336,77.40886688232422,26222000.0,AVGO
2023-06-06,80.19999694824219,80.19999694824219,77.63800048828125,79.0,76.22210693359375,37823000.0,AVGO
2023-06-07,78.98200225830078,80.54499816894531,78.7509994506836,79.26300048828125,76.47586059570312,28957000.0,AVGO
2023-06-08,79.49099731445312,80.5009994506836,78.87799835205078,80.41999816894531,77.59217071533203,21909000.0,AVGO
2023-06-09,80.58000183105469,81.7750015258789,80.38800048828125,80.46199798583984,77.63269805908203,19241000.0,AVGO
2023-06-12,81.11199951171875,85.80000305175781,81.11199951171875,85.53600311279297,82.52828216552734,51065000.0,AVGO
2023-06-13,86.11299896240234,86.32599639892578,84.0999984741211,85.11199951171875,82.11920928955078,38990000.0,AVGO
2023-06-14,85.58999633789062,88.85399627685547,84.72200012207031,88.61799621582031,85.50190734863281,43524000.0,AVGO
2023-06-15,88.44100189208984,88.7969970703125,87.10199737548828,88.34300231933594,85.23658752441406,33814000.0,AVGO
2023-06-16,88.9280014038086,88.99500274658203,86.54499816894531,86.81099700927734,83.75845336914062,68299000.0,AVGO
2023-06-20,86.26599884033203,87.70700073242188,86.10099792480469,86.8030014038086,83.75071716308594,27535000.0,AVGO
2023-06-21,86.0,86.5999984741211,84.45999908447266,84.76599884033203,82.2210693359375,23229000.0,AVGO
2023-06-22,84.50900268554688,84.89099884033203,83.53099822998047,84.24299621582031,81.71377563476562,23464000.0,AVGO
2023-06-23,83.4010009765625,83.60199737548828,81.88500213623047,82.21499633789062,79.74665069580078,37413000.0,AVGO
2023-06-26,82.5,83.69999694824219,82.02200317382812,82.16300201416016,79.69622802734375,21372000.0,AVGO
2023-06-27,82.86799621582031,85.0,82.0999984741211,84.83999633789062,82.29285430908203,24923000.0,AVGO
2023-06-28,83.87300109863281,85.85299682617188,83.70600128173828,84.79399871826172,82.24823760986328,19445000.0,AVGO
2023-06-29,85.44499969482422,86.28399658203125,84.64099884033203,86.25700378417969,83.66731262207031,23386000.0,AVGO
2023-06-30,86.85199737548828,87.45700073242188,86.43299865722656,86.74299621582031,84.13871765136719,23145000.0,AVGO
2023-07-03,86.86199951171875,87.6729965209961,86.49199676513672,87.64399719238281,85.01268005371094,9038000.0,AVGO
2023-07-05,86.73999786376953,87.69000244140625,86.17500305175781,86.18599700927734,83.59844207763672,14440000.0,AVGO
2023-07-06,84.5,85.38999938964844,84.43299865722656,84.80000305175781,82.25406646728516,23939000.0,AVGO
2023-07-07,85.04299926757812,85.79900360107422,84.46600341796875,84.67500305175781,82.13282012939453,19409000.0,AVGO
2023-07-10,84.8280029296875,87.91699981689453,84.8280029296875,87.77300262451172,85.13778686523438,30622000.0,AVGO
2023-07-11,88.11100006103516,88.30000305175781,86.46299743652344,88.20500183105469,85.55681610107422,25498000.0,AVGO
2023-07-12,88.9000015258789,89.75900268554688,88.19999694824219,88.99500274658203,86.32310485839844,28197000.0,AVGO
2023-07-13,89.89399719238281,89.89399719238281,87.8270034790039,89.03600311279297,86.36286926269531,25912000.0,AVGO
2023-07-14,88.61599731445312,90.33499908447266,88.61599731445312,88.85800170898438,86.19023132324219,18510000.0,AVGO
2023-07-17,89.10099792480469,91.32099914550781,88.97799682617188,91.03500366210938,88.30186462402344,26819000.0,AVGO
2023-07-18,90.5979995727539,90.98999786376953,89.82599639892578,90.34300231933594,87.63062286376953,24513000.0,AVGO
2023-07-19,89.72699737548828,90.59700012207031,88.56300354003906,90.13700103759766,87.43081665039062,24118000.0,AVGO
2023-07-20,89.25399780273438,90.69999694824219,88.5999984741211,88.83399963378906,86.16693878173828,28268000.0,AVGO
2023-07-21,90.4489974975586,91.11499786376953,89.38300323486328,89.67500305175781,86.98270416259766,74287000.0,AVGO
2023-07-24,90.08000183105469,90.54399871826172,89.4229965209961,90.15899658203125,87.45216369628906,19992000.0,AVGO
2023-07-25,90.06199645996094,92.31800079345703,90.06199645996094,91.79900360107422,89.04293060302734,20042000.0,AVGO
2023-07-26,90.9000015258789,91.06199645996094,88.76499938964844,89.30899810791016,86.62767791748047,19877000.0,AVGO
2023-07-27,90.8499984741211,90.98500061035156,88.5999984741211,89.35299682617188,86.67034149169922,21922000.0,AVGO
2023-07-28,89.93199920654297,90.35600280761719,89.3949966430664,89.97899627685547,87.27755737304688,18791000.0,AVGO
2023-07-31,89.75,90.0999984741211,89.0999984741211,89.86499786376953,87.16697692871094,14952000.0,AVGO
2023-08-01,89.89800262451172,92.06199645996094,89.7699966430664,92.0,89.23788452148438,19683000.0,AVGO
2023-08-02,91.2300033569336,91.30000305175781,89.02899932861328,89.2300033569336,86.5510482788086,26877000.0,AVGO
2023-08-03,88.66200256347656,89.53299713134766,88.10800170898438,88.49800109863281,85.84102630615234,18281000.0,AVGO
2023-08-04,88.49800109863281,89.36199951171875,87.33699798583984,88.16500091552734,85.51803588867188,21156000.0,AVGO
2023-08-07,88.76799774169922,89.73699951171875,88.5270004272461,89.70600128173828,87.01275634765625,11146000.0,AVGO
2023-08-08,89.00900268554688,89.05999755859375,87.33999633789062,88.31600189208984,85.66449737548828,14081000.0,AVGO
2023-08-09,88.27200317382812,88.35299682617188,84.87200164794922,85.072998046875,82.51886749267578,24672000.0,AVGO
2023-08-10,85.31199645996094,86.1500015258789,83.70700073242188,84.29000091552734,81.75936889648438,20186000.0,AVGO
2023-08-11,83.4010009765625,83.63999938964844,82.3479995727539,82.97599792480469,80.48481750488281,20331000.0,AVGO
2023-08-14,83.11299896240234,85.41799926757812,82.73799896240234,85.41000366210938,82.84574127197266,17688000.0,AVGO
2023-08-15,84.9209976196289,85.46199798583984,83.64600372314453,84.25199890136719,81.72250366210938,14035000.0,AVGO
2023-08-16,84.77899932861328,85.44999694824219,83.19599914550781,83.29900360107422,80.79812622070312,16003000.0,AVGO
2023-08-17,83.6510009765625,83.94200134277344,82.70099639892578,82.70999908447266,80.226806640625,19228000.0,AVGO
2023-08-18,82.0,82.81700134277344,81.19999694824219,82.58399963378906,80.10457611083984,17759000.0,AVGO
2023-08-21,83.40599822998047,86.73400115966797,83.177001953125,86.51399993896484,83.91659545898438,30012000.0,AVGO
2023-08-22,87.34100341796875,87.4749984741211,85.08799743652344,85.5790023803711,83.00968170166016,17079000.0,AVGO
2023-08-23,85.0770034790039,87.81900024414062,85.0,87.65799713134766,85.0262451171875,19692000.0,AVGO
2023-08-24,90.23500061035156,90.98600006103516,85.24600219726562,85.44599914550781,82.88066101074219,30934000.0,AVGO
2023-08-25,85.7020034790039,86.94400024414062,83.76699829101562,85.18199920654297,82.62459564208984,24181000.0,AVGO
2023-08-28,85.63899993896484,86.41300201416016,84.71099853515625,86.10800170898438,83.52278137207031,14306000.0,AVGO
2023-08-29,85.83999633789062,89.28399658203125,85.64199829101562,88.99299621582031,86.3211669921875,27822000.0,AVGO
2023-08-30,89.23899841308594,89.87100219726562,87.91100311279297,89.22799682617188,86.54911041259766,23234000.0,AVGO
2023-08-31,89.8010025024414,92.36699676513672,89.37699890136719,92.28900146484375,89.51821899414062,55203000.0,AVGO
2023-09-01,90.18699645996094,90.18699645996094,86.46600341796875,87.25199890136719,84.63243865966797,65017000.0,AVGO
2023-09-05,86.95099639892578,88.30000305175781,86.69999694824219,87.21700286865234,84.59849548339844,24808000.0,AVGO
2023-09-06,87.25,87.73699951171875,86.67400360107422,87.22699737548828,84.60818481445312,20142000.0,AVGO
2023-09-07,85.94999694824219,86.16899871826172,84.052001953125,85.7030029296875,83.12995910644531,27789000.0,AVGO
2023-09-08,85.5,86.08300018310547,85.01200103759766,85.75499725341797,83.18037414550781,16810000.0,AVGO
2023-09-11,86.87699890136719,86.9000015258789,84.56500244140625,85.91400146484375,83.3346176147461,15710000.0,AVGO
2023-09-12,85.02400207519531,85.8270034790039,84.16600036621094,84.4520034790039,81.91650390625,16680000.0,AVGO
2023-09-13,84.71900177001953,85.91100311279297,84.42400360107422,85.29299926757812,82.73226165771484,17413000.0,AVGO
2023-09-14,85.90299987792969,87.66699981689453,85.5,87.16400146484375,84.54708862304688,19648000.0,AVGO
2023-09-15,86.81600189208984,86.81600189208984,84.29000091552734,85.16799926757812,82.61101531982422,50190000.0,AVGO
2023-09-18,84.25800323486328,85.63300323486328,84.0,85.0,82.44804382324219,16541000.0,AVGO
2023-09-19,84.5989990234375,85.10299682617188,83.8499984741211,84.91999816894531,82.37045288085938,13126000.0,AVGO
2023-09-20,84.9990005493164,84.9990005493164,83.03500366210938,83.05699920654297,81.00215911865234,13681000.0,AVGO
2023-09-21,79.51100158691406,82.25,79.50900268554688,80.83599853515625,78.83609771728516,53654000.0,AVGO
2023-09-22,81.1240005493164,83.05799865722656,81.03800201416016,82.90799713134766,80.85684967041016,27764000.0,AVGO
2023-09-25,82.80000305175781,83.85600280761719,82.3010025024414,83.38899993896484,81.32594299316406,15648000.0,AVGO
2023-09-26,82.91699981689453,83.0270004272461,81.12100219726562,81.61900329589844,79.59973907470703,17641000.0,AVGO
2023-09-27,81.9260025024414,82.36799621582031,80.43800354003906,81.68099975585938,79.66020965576172,15352000.0,AVGO
2023-09-28,82.01699829101562,83.88600158691406,81.46800231933594,83.19999694824219,81.1416244506836,16180000.0,AVGO
2023-09-29,83.6449966430664,84.40399932861328,82.29100036621094,83.05799865722656,81.00314331054688,16481000.0,AVGO
2023-10-02,82.90599822998047,83.85600280761719,82.3499984741211,83.49500274658203,81.42932891845703,14676000.0,AVGO
2023-10-03,82.69999694824219,83.57499694824219,80.89099884033203,81.48300170898438,79.46710205078125,18761000.0,AVGO
2023-10-04,82.03299713134766,83.05799865722656,81.62999725341797,82.38099670410156,80.34288787841797,16417000.0,AVGO
2023-10-05,82.01100158691406,82.86299896240234,81.5479965209961,82.38600158691406,80.3477783203125,11474000.0,AVGO
2023-10-06,81.94000244140625,84.83899688720703,81.1719970703125,84.5260009765625,82.434814453125,21103000.0,AVGO
2023-10-09,84.0459976196289,85.66100311279297,83.78299713134766,85.58799743652344,83.47054290771484,15760000.0,AVGO
2023-10-10,85.71499633789062,87.25499725341797,85.5719985961914,85.84100341796875,83.71728515625,14718000.0,AVGO
2023-10-11,85.97100067138672,87.53399658203125,85.65499877929688,87.45600128173828,85.29234313964844,14334000.0,AVGO
2023-10-12,87.64299774169922,91.79299926757812,87.64299774169922,90.55999755859375,88.31953430175781,43871000.0,AVGO
2023-10-13,90.9000015258789,92.59100341796875,88.20899963378906,88.31800079345703,86.13301086425781,28312000.0,AVGO
2023-10-16,89.09700012207031,91.5790023803711,89.09700012207031,90.25700378417969,88.0240478515625,21150000.0,AVGO
2023-10-17,88.51499938964844,89.2979965209961,86.5999984741211,88.44000244140625,86.25198364257812,33008000.0,AVGO
2023-10-18,87.99500274658203,89.56300354003906,87.5199966430664,88.7030029296875,86.50847625732422,20404000.0,AVGO
2023-10-19,88.7020034790039,88.9489974975586,86.56700134277344,86.78299713134766,84.63597869873047,26620000.0,AVGO
2023-10-20,87.48999786376953,87.48999786376953,85.18399810791016,85.36299896240234,83.25111389160156,26953000.0,AVGO
2023-10-23,85.7959976196289,87.36000061035156,84.28199768066406,86.22200012207031,84.0888671875,16456000.0,AVGO
2023-10-24,86.4000015258789,88.30000305175781,86.31199645996094,88.11100006103516,85.93112182617188,14972000.0,AVGO
2023-10-25,87.70700073242188,87.87300109863281,84.60800170898438,84.96299743652344,82.86100769042969,21432000.0,AVGO
2023-10-26,84.79100036621094,85.44200134277344,81.83399963378906,82.67500305175781,80.6296157836914,27917000.0,AVGO
2023-10-27,83.0,84.02100372314453,82.85399627685547,83.83599853515625,81.76189422607422,18236000.0,AVGO
2023-10-30,84.11000061035156,84.94300079345703,82.71499633789062,84.125,82.04373931884766,20889000.0,AVGO
2023-10-31,84.38899993896484,84.55000305175781,83.26000213623047,84.13700103759766,82.05543518066406,14747000.0,AVGO
2023-11-01,84.19999694824219,85.38300323486328,83.55699920654297,85.29399871826172,83.18383026123047,18684000.0,AVGO
2023-11-02,86.19999694824219,88.05000305175781,86.0,87.12999725341797,84.9743881225586,18759000.0,AVGO
2023-11-03,87.75,88.75,87.10600280761719,88.26799774169922,86.08424377441406,18041000.0,AVGO
2023-11-06,88.15599822998047,88.58899688720703,87.12100219726562,88.08300018310547,85.90381622314453,12870000.0,AVGO
2023-11-07,88.23200225830078,90.177001953125,87.61599731445312,89.78199768066406,87.56078338623047,19365000.0,AVGO
2023-11-08,90.0,91.29100036621094,89.9000015258789,91.11299896240234,88.85885620117188,15280000.0,AVGO
2023-11-09,91.25,92.9800033569336,90.85600280761719,91.13800048828125,88.88323974609375,24486000.0,AVGO
2023-11-10,92.17400360107422,95.8949966430664,91.82099914550781,95.75199890136719,93.38308715820312,36272000.0,AVGO
2023-11-13,95.00499725341797,95.23999786376953,94.0479965209961,94.69300079345703,92.35028076171875,16893000.0,AVGO
2023-11-14,96.23400115966797,97.677001953125,95.5250015258789,97.2959976196289,94.88887786865234,23886000.0,AVGO
2023-11-15,97.95099639892578,98.17500305175781,96.69100189208984,97.54000091552734,95.1268539428711,16099000.0,AVGO
2023-11-16,96.4000015258789,96.87000274658203,95.052001953125,95.95500183105469,93.58106994628906,26198000.0,AVGO
2023-11-17,95.82099914550781,98.38899993896484,95.0999984741211,97.77300262451172,95.35409545898438,19789000.0,AVGO
2023-11-20,97.30000305175781,99.98699951171875,97.30000305175781,99.57099914550781,97.10759735107422,18674000.0,AVGO
2023-11-21,97.5,99.0999984741211,97.16300201416016,98.12000274658203,95.69249725341797,43344000.0,AVGO
2023-11-22,98.36900329589844,98.79900360107422,97.0999984741211,97.19999694824219,94.79525756835938,33743000.0,AVGO
2023-11-24,97.49600219726562,97.98600006103516,96.67500305175781,97.88700103759766,95.46526336669922,23158000.0,AVGO
2023-11-27,97.61499786376953,98.10099792480469,94.93299865722656,95.02400207519531,92.673095703125,96962000.0,AVGO
2023-11-28,93.99400329589844,95.08599853515625,93.41600036621094,94.63500213623047,92.29371643066406,39025000.0,AVGO
2023-11-29,94.83399963378906,95.94300079345703,93.93699645996094,94.08300018310547,91.75538635253906,34843000.0,AVGO
2023-11-30,94.0999984741211,94.24199676513672,91.83699798583984,92.572998046875,90.2827377319336,49571000.0,AVGO
2023-12-01,92.24600219726562,93.38999938964844,90.80000305175781,93.0,90.69918060302734,29612000.0,AVGO
2023-12-04,92.06400299072266,93.09700012207031,91.64399719238281,92.39700317382812,90.11109924316406,25009000.0,AVGO
2023-12-05,91.16000366210938,91.72699737548828,90.58499908447266,91.31199645996094,89.05293273925781,37066000.0,AVGO
2023-12-06,92.03600311279297,92.09700012207031,90.30999755859375,90.36399841308594,88.12837982177734,24813000.0,AVGO
2023-12-07,90.55400085449219,92.41200256347656,90.36399841308594,92.22599792480469,89.94432830810547,43517000.0,AVGO
2023-12-08,92.78399658203125,95.072998046875,91.0530014038086,94.43000030517578,92.09378814697266,69668000.0,AVGO
2023-12-11,95.70099639892578,103.95099639892578,95.60900115966797,102.92400360107422,100.37765502929688,101184000.0,AVGO
2023-12-12,102.79900360107422,107.93900299072266,102.45800018310547,107.22799682617188,104.57518005371094,90242000.0,AVGO
2023-12-13,106.80000305175781,109.97799682617188,106.25399780273438,108.96900177001953,106.27310180664062,71654000.0,AVGO
2023-12-14,109.21800231933594,112.14600372314453,109.02799987792969,110.64900207519531,107.9115219116211,66964000.0,AVGO
2023-12-15,109.52200317382812,114.98799896240234,109.46199798583984,112.9739990234375,110.17901611328125,118544000.0,AVGO
2023-12-18,112.08000183105469,115.18199920654297,111.86399841308594,114.69999694824219,111.8623046875,54741000.0,AVGO
2023-12-19,114.19999694824219,115.0459976196289,113.2509994506836,113.95800018310547,111.64971160888672,36020000.0,AVGO
2023-12-20,113.2699966430664,114.13600158691406,110.9260025024414,111.03800201416016,108.78885650634766,34523000.0,AVGO
2023-12-21,113.26499938964844,113.54199981689453,111.5,112.72899627685547,110.44560241699219,24106000.0,AVGO
2023-12-22,112.7979965209961,113.19999694824219,111.35299682617188,112.197998046875,109.92535400390625,19089000.0,AVGO
2023-12-26,112.42400360107422,113.55000305175781,112.302001953125,113.18900299072266,110.89628601074219,16793000.0,AVGO
2023-12-27,113.5999984741211,113.95700073242188,112.2959976196289,112.61699676513672,110.33586883544922,20055000.0,AVGO
2023-12-28,113.16899871826172,113.2239990234375,111.90499877929688,112.24099731445312,109.96749114990234,21247000.0,AVGO
2023-12-29,112.14600372314453,112.43800354003906,111.46700286865234,111.625,109.36396026611328,20558000.0,AVGO
2024-01-02,109.21199798583984,110.19999694824219,107.70899963378906,108.53800201416016,106.33949279785156,28831000.0,AVGO
2024-01-03,107.0199966430664,107.5,105.53099822998047,105.85800170898438,103.71377563476562,34735000.0,AVGO
2024-01-04,105.7959976196289,106.94999694824219,104.73699951171875,104.9010009765625,102.77616119384766,25658000.0,AVGO
2024-01-05,105.16000366210938,105.5459976196289,104.1510009765625,104.9280014038086,102.8026123046875,22475000.0,AVGO
2024-01-08,105.6500015258789,107.80000305175781,105.19999694824219,107.48500061035156,105.30780792236328,33110000.0,AVGO
2024-01-09,106.56199645996094,108.8550033569336,106.47100067138672,108.2490005493164,106.05634307861328,23225000.0,AVGO
2024-01-10,108.03500366210938,108.2959976196289,106.26000213623047,108.05699920654297,105.86824035644531,17643000.0,AVGO
2024-01-11,108.43199920654297,110.12999725341797,107.45099639892578,109.99800109863281,107.7699203491211,25757000.0,AVGO
2024-01-12,111.20999908447266,111.56900024414062,110.0009994506836,110.76799774169922,108.52432250976562,26882000.0,AVGO
2024-01-16,111.23400115966797,112.6240005493164,109.86299896240234,111.49600219726562,109.23757934570312,26145000.0,AVGO
2024-01-17,110.62899780273438,111.31099700927734,109.02100372314453,110.36699676513672,108.13143920898438,18314000.0,AVGO
2024-01-18,112.48999786376953,114.65499877929688,112.18800354003906,114.39099884033203,112.07392883300781,32228000.0,AVGO
2024-01-19,115.73100280761719,121.69999694824219,115.5999984741211,121.12000274658203,118.66664123535156,53077000.0,AVGO
2024-01-22,121.625,123.13300323486328,120.8219985961914,122.05000305175781,119.57780456542969,31222000.0,AVGO
2024-01-23,122.0999984741211,122.697998046875,120.35199737548828,122.63099670410156,120.14702606201172,16952000.0,AVGO
2024-01-24,124.2300033569336,128.4550018310547,123.10099792480469,125.38700103759766,122.84720611572266,34805000.0,AVGO
2024-01-25,128.10000610351562,128.10000610351562,122.87999725341797,123.0,120.50855255126953,36356000.0,AVGO
2024-01-26,121.97000122070312,122.12100219726562,120.02300262451172,120.48799896240234,118.04745483398438,25818000.0,AVGO
2024-01-29,121.49099731445312,122.36699676513672,120.4990005493164,121.7770004272461,119.31034088134766,21526000.0,AVGO
2024-01-30,121.677001953125,122.80000305175781,120.42900085449219,120.81600189208984,118.36878967285156,20683000.0,AVGO
2024-01-31,118.94499969482422,119.72200012207031,117.43099975585938,118.0,115.60983276367188,27400000.0,AVGO
2024-02-01,118.73500061035156,120.30899810791016,117.91100311279297,120.0009994506836,117.57030487060547,19411000.0,AVGO
2024-02-02,120.875,123.46900177001953,120.51499938964844,122.43399810791016,119.95401763916016,26689000.0,AVGO
2024-02-05,122.69599914550781,124.7750015258789,122.21499633789062,124.30999755859375,121.7920150756836,22045000.0,AVGO
2024-02-06,126.35700225830078,127.21099853515625,121.19400024414062,122.26499938964844,119.78843688964844,25354000.0,AVGO
2024-02-07,123.4000015258789,125.95099639892578,122.66999816894531,125.70600128173828,123.15974426269531,25768000.0,AVGO
2024-02-08,126.69999694824219,129.5970001220703,126.5009994506836,127.47599792480469,124.89388275146484,29326000.0,AVGO
2024-02-09,125.2030029296875,128.5749969482422,124.89900207519531,128.343994140625,125.74430847167969,26293000.0,AVGO
2024-02-12,129.00100708007812,129.0070037841797,125.9000015258789,126.5,123.93766021728516,24778000.0,AVGO
2024-02-13,123.51200103759766,125.58699798583984,122.70899963378906,125.16500091552734,122.62969970703125,31907000.0,AVGO
2024-02-14,126.92400360107422,127.30000305175781,124.13200378417969,126.22200012207031,123.66529846191406,27306000.0,AVGO
2024-02-15,127.99500274658203,128.0,124.48500061035156,126.50700378417969,123.94451904296875,21873000.0,AVGO
2024-02-16,125.90399932861328,127.56800079345703,124.23899841308594,124.5479965209961,122.02519226074219,21268000.0,AVGO
2024-02-20,123.58599853515625,123.77200317382812,121.25599670410156,122.65499877929688,120.17053985595703,26329000.0,AVGO
2024-02-21,121.80000305175781,122.80500030517578,120.26399993896484,122.74500274658203,120.25872039794922,20579000.0,AVGO
2024-02-22,128.17100524902344,131.09800720214844,127.64700317382812,130.49000549316406,127.84683990478516,40819000.0,AVGO
2024-02-23,130.83700561523438,131.96200561523438,128.8820037841797,129.63699340820312,127.01109313964844,23115000.0,AVGO
2024-02-26,131.0,131.87899780273438,130.14599609375,130.91299438476562,128.2612762451172,16282000.0,AVGO
2024-02-27,130.91299438476562,131.19400024414062,129.2220001220703,129.6230010986328,126.99739837646484,12126000.0,AVGO
2024-02-28,129.3000030517578,129.8520050048828,128.2969970703125,128.94200134277344,126.33020782470703,10967000.0,AVGO
2024-02-29,130.33099365234375,130.83999633789062,128.72799682617188,130.0489959716797,127.41476440429688,27536000.0,AVGO
2024-03-01,132.59300231933594,140.7760009765625,132.0,139.91700744628906,137.08290100097656,44488000.0,AVGO
2024-03-04,140.31500244140625,143.81700134277344,138.5189971923828,140.2259979248047,137.3856201171875,34854000.0,AVGO
2024-03-05,139.5,139.5,133.23699951171875,134.27499389648438,131.55516052246094,36040000.0,AVGO
2024-03-06,139.1580047607422,139.48300170898438,134.70599365234375,135.0,132.26547241210938,43196000.0,AVGO
2024-03-07,138.19900512695312,141.43099975585938,137.28900146484375,140.7010040283203,137.85101318359375,62832000.0,AVGO
2024-03-08,139.4250030517578,141.3000030517578,130.1580047607422,130.8719940185547,128.22109985351562,74025000.0,AVGO
2024-03-11,127.79299926757812,129.90199279785156,125.25599670410156,129.31199645996094,126.69271087646484,31105000.0,AVGO
2024-03-12,130.6999969482422,130.7790069580078,125.9280014038086,129.18800354003906,126.57123565673828,42789000.0,AVGO
2024-03-13,128.28799438476562,128.28799438476562,125.23600006103516,125.78700256347656,123.2391128540039,37838000.0,AVGO
2024-03-14,126.25399780273438,127.31300354003906,124.77100372314453,126.22699737548828,123.67019653320312,38029000.0,AVGO
2024-03-15,125.34600067138672,126.73699951171875,123.00700378417969,123.55000305175781,121.04741668701172,88823000.0,AVGO
2024-03-18,125.39800262451172,126.28800201416016,123.16999816894531,123.7239990234375,121.21788787841797,25737000.0,AVGO
2024-03-19,121.69499969482422,124.0270004272461,120.4020004272461,123.8010025024414,121.2933349609375,24491000.0,AVGO
2024-03-20,123.9020004272461,128.7989959716797,122.65899658203125,127.5999984741211,125.54778289794922,40946000.0,AVGO
2024-03-21,132.83200073242188,140.36099243164062,131.60000610351562,134.8000030517578,132.6320037841797,72468000.0,AVGO
2024-03-22,135.0,137.6219940185547,134.61500549316406,135.3470001220703,133.17018127441406,38624000.0,AVGO
2024-03-25,134.5030059814453,135.843994140625,133.7469940185547,135.1580047607422,132.98423767089844,21237000.0,AVGO
2024-03-26,136.468994140625,137.99400329589844,133.05099487304688,133.1490020751953,131.00753784179688,23522000.0,AVGO
2024-03-27,135.0,135.0,129.6020050048828,131.8730010986328,129.7520751953125,25583000.0,AVGO
2024-03-28,131.7899932861328,133.00900268554688,131.1529998779297,132.54100036621094,130.40933227539062,19856000.0,AVGO
2024-04-01,132.5679931640625,136.29800415039062,132.54100036621094,135.0260009765625,132.85435485839844,17252000.0,AVGO
2024-04-02,131.57899475097656,134.23699951171875,130.34100341796875,133.87600708007812,131.7228546142578,24694000.0,AVGO
2024-04-03,132.8000030517578,137.6820068359375,132.52699279785156,136.3209991455078,134.1285400390625,28650000.0,AVGO
2024-04-04,138.53199768066406,140.3979949951172,131.5,131.75,129.63104248046875,27014000.0,AVGO
2024-04-05,132.60000610351562,136.1230010986328,131.4199981689453,133.9429931640625,131.7887725830078,19438000.0,AVGO
2024-04-08,133.36500549316406,134.25,131.5749969482422,133.61000061035156,131.4611358642578,17139000.0,AVGO
2024-04-09,135.73699951171875,135.947998046875,130.86399841308594,133.4080047607422,131.2623748779297,17986000.0,AVGO
2024-04-10,132.3000030517578,133.5749969482422,131.54800415039062,132.23699951171875,130.11021423339844,17467000.0,AVGO
2024-04-11,133.26800537109375,139.18699645996094,132.36500549316406,138.24600219726562,136.0225830078125,31713000.0,AVGO
2024-04-12,135.2010040283203,136.6510009765625,133.66200256347656,134.40699768066406,132.2453155517578,27823000.0,AVGO
2024-04-15,137.0,137.0,130.60000610351562,131.06900024414062,128.9609832763672,24370000.0,AVGO
2024-04-16,131.53799438476562,133.6320037841797,131.10000610351562,132.906005859375,130.76844787597656,18923000.0,AVGO
2024-04-17,134.31100463867188,134.6999969482422,128.14199829101562,128.26300048828125,126.20012664794922,24718000.0,AVGO
2024-04-18,128.8000030517578,129.26499938964844,125.5459976196289,125.89900207519531,123.87415313720703,24888000.0,AVGO
2024-04-19,125.89900207519531,126.0,119.75599670410156,120.47100067138672,118.533447265625,44797000.0,AVGO
2024-04-22,122.44999694824219,123.31999969482422,120.05400085449219,122.44599914550781,120.47667694091797,25162000.0,AVGO
2024-04-23,122.81700134277344,125.79000091552734,122.802001953125,124.91899871826172,122.90989685058594,22025000.0,AVGO
2024-04-24,126.38999938964844,128.56199645996094,124.49600219726562,125.68199920654297,123.66064453125,20108000.0,AVGO
2024-04-25,127.24500274658203,130.80299377441406,125.69999694824219,129.44200134277344,127.36015319824219,30410000.0,AVGO
2024-04-26,131.0,135.58299255371094,130.31300354003906,134.40699768066406,132.2453155517578,24100000.0,AVGO
2024-04-29,134.4080047607422,135.29800415039062,132.57000732421875,133.86199951171875,131.70907592773438,13372000.0,AVGO
2024-04-30,132.88800048828125,134.8350067138672,129.90499877929688,130.02699279785156,127.9357681274414,22113000.0,AVGO
2024-05-01,127.83300018310547,129.23699951171875,124.13500213623047,124.28600311279297,122.28709411621094,30958000.0,AVGO
2024-05-02,125.62799835205078,126.44499969482422,122.33100128173828,123.85700225830078,121.86499786376953,29480000.0,AVGO
2024-05-03,125.9000015258789,128.38800048828125,124.71399688720703,127.81099700927734,125.7553939819336,24898000.0,AVGO
2024-05-06,128.6219940185547,131.07699584960938,127.50700378417969,131.031005859375,128.92359924316406,16287000.0,AVGO
2024-05-07,131.6439971923828,131.8990020751953,129.67599487304688,130.31100463867188,128.21519470214844,12413000.0,AVGO
2024-05-08,129.35000610351562,133.79100036621094,128.8489990234375,132.53700256347656,130.40538024902344,13918000.0,AVGO
2024-05-09,131.7830047607422,132.16099548339844,130.1999969482422,130.56700134277344,128.46710205078125,12170000.0,AVGO
2024-05-10,131.531005859375,134.39999389648438,131.531005859375,133.27999877929688,131.13641357421875,16300000.0,AVGO
2024-05-13,134.8000030517578,135.83900451660156,133.01100158691406,133.75100708007812,131.59988403320312,18507000.0,AVGO
2024-05-14,133.23399353027344,138.19900512695312,132.5800018310547,138.0030059814453,135.7834930419922,19420000.0,AVGO
2024-05-15,138.0,143.89500427246094,136.9980010986328,143.61700439453125,141.3071746826172,32757000.0,AVGO
2024-05-16,142.60000610351562,144.5399932861328,140.50599670410156,141.21299743652344,138.94183349609375,28395000.0,AVGO
2024-05-17,141.24200439453125,141.9530029296875,138.17799377441406,139.5290069580078,137.284912109375,18174000.0,AVGO
2024-05-20,139.60000610351562,141.69400024414062,139.3159942626953,141.4029998779297,139.12879943847656,27170000.0,AVGO
2024-05-21,139.8679962158203,140.93899536132812,139.3459930419922,139.9199981689453,137.66961669921875,15333000.0,AVGO
2024-05-22,139.6009979248047,140.5,138.4219970703125,139.2239990234375,136.98483276367188,21002000.0,AVGO
2024-05-23,142.84300231933594,142.89999389648438,137.8000030517578,139.32899475097656,137.08816528320312,31039000.0,AVGO
2024-05-24,139.97900390625,141.35800170898438,139.20199584960938,140.78399658203125,138.51974487304688,16730000.0,AVGO
2024-05-28,141.0,141.71800231933594,139.25399780273438,141.2449951171875,138.97332763671875,22919000.0,AVGO
2024-05-29,139.91000366210938,139.91000366210938,138.3000030517578,139.06700134277344,136.83035278320312,26861000.0,AVGO
2024-05-30,137.89999389648438,138.2779998779297,135.56399536132812,136.4080047607422,134.21412658691406,21717000.0,AVGO
2024-05-31,136.13600158691406,136.2550048828125,130.7259979248047,132.85499572753906,130.71826171875,73091000.0,AVGO
2024-06-03,135.27000427246094,135.3000030517578,130.2530059814453,132.19000244140625,130.06396484375,26278000.0,AVGO
2024-06-04,132.0399932861328,133.19900512695312,130.7010040283203,133.08200073242188,130.94163513183594,23048000.0,AVGO
2024-06-05,134.60000610351562,141.43499755859375,134.0540008544922,141.3090057373047,139.03631591796875,32947000.0,AVGO
2024-06-06,142.18699645996094,142.2689971923828,138.82400512695312,140.1269989013672,137.87330627441406,20172000.0,AVGO
2024-06-07,140.7779998779297,142.5,139.70199584960938,140.66400146484375,138.4016876220703,17859000.0,AVGO
2024-06-10,140.97999572753906,144.90499877929688,140.91299438476562,144.0469970703125,141.73025512695312,31042000.0,AVGO
2024-06-11,143.82000732421875,146.50100708007812,141.6230010986328,146.10299682617188,143.7532196044922,34844000.0,AVGO
2024-06-12,150.0,150.5800018310547,147.63999938964844,149.55099487304688,147.145751953125,56697000.0,AVGO
2024-06-13,171.0,173.5850067138672,165.2519989013672,167.8990020751953,165.1986541748047,89061000.0,AVGO
2024-06-14,168.68600463867188,174.7239990234375,168.2100067138672,173.50399780273438,170.71351623535156,69705000.0,AVGO
2024-06-17,180.0,184.3000030517578,177.85800170898438,182.88699340820312,179.94558715820312,87528000.0,AVGO
2024-06-18,183.95899963378906,185.16200256347656,178.50100708007812,180.2519989013672,177.35296630859375,86797000.0,AVGO
2024-06-20,180.3459930419922,180.47500610351562,172.2220001220703,173.45599365234375,170.66627502441406,68157000.0,AVGO
2024-06-21,169.5659942626953,171.39999389648438,165.14199829101562,165.86300659179688,163.19541931152344,99289000.0,AVGO
2024-06-24,164.2050018310547,166.10000610351562,159.0659942626953,159.2209930419922,157.15765380859375,58575000.0,AVGO
2024-06-25,160.01300048828125,160.60400390625,156.39999389648438,158.07899475097656,156.0304718017578,53329000.0,AVGO
2024-06-26,159.76199340820312,161.8179931640625,157.35899353027344,159.1999969482422,157.13694763183594,46479000.0,AVGO
2024-06-27,159.1999969482422,160.56199645996094,157.10000610351562,158.66600036621094,156.60987854003906,31649000.0,AVGO
2024-06-28,159.58799743652344,163.92300415039062,158.60000610351562,160.55299377441406,158.472412109375,69377000.0,AVGO
2024-07-01,160.82000732421875,164.875,159.35000610351562,164.0800018310547,161.95370483398438,47623000.0,AVGO
2024-07-02,164.0800018310547,165.9199981689453,162.1999969482422,165.7480010986328,163.60009765625,32539000.0,AVGO
2024-07-03,167.0,172.9219970703125,166.4459991455078,172.9219970703125,170.68112182617188,39954000.0,AVGO
2024-07-05,175.55599975585938,176.5469970703125,169.60000610351562,170.33099365234375,168.12367248535156,45240000.0,AVGO
2024-07-08,170.5,175.69000244140625,170.5,174.58599853515625,172.32354736328125,36398000.0,AVGO
2024-07-09,175.656005859375,177.09800720214844,170.55599975585938,173.33099365234375,171.0848388671875,37802000.0,AVGO
2024-07-10,174.60000610351562,176.6490020751953,172.63600158691406,174.468994140625,172.2080535888672,41074000.0,AVGO
2024-07-11,176.46600341796875,176.48699951171875,166.85000610351562,170.59500122070312,168.38426208496094,51026000.0,AVGO
2024-07-12,171.10299682617188,172.59100341796875,169.13099670410156,170.06700134277344,167.8631134033203,30453000.0,AVGO
2024-07-15,170.0,173.50999450683594,169.25999450683594,171.4199981689453,169.19857788085938,22999200.0,AVGO
2024-07-16,172.39999389648438,172.80999755859375,166.39999389648438,169.3800048828125,167.18502807617188,22244900.0,AVGO
2024-07-17,162.30999755859375,162.83999633789062,155.61000061035156,155.97999572753906,153.9586639404297,43343400.0,AVGO
2024-07-18,158.88999938964844,161.50999450683594,153.89999389648438,160.52000427246094,158.43983459472656,37973500.0,AVGO
2024-07-19,161.83999633789062,163.9499969482422,157.1199951171875,157.35000610351562,155.31092834472656,26309500.0,AVGO
2024-07-22,160.22999572753906,162.99000549316406,157.89999389648438,161.05999755859375,158.9728240966797,28813300.0,AVGO
2024-07-23,160.39999389648438,165.3300018310547,159.89999389648438,163.77000427246094,161.647705078125,21570200.0,AVGO
2024-07-24,160.35000610351562,161.41000366210938,151.10000610351562,151.33999633789062,149.37879943847656,37162600.0,AVGO
2024-07-25,151.25999450683594,153.5500030517578,145.52000427246094,149.25999450683594,147.32574462890625,30872100.0,AVGO
2024-07-26,153.5,153.5800018310547,149.9199981689453,151.6300048828125,149.6650390625,20839900.0,AVGO
2024-07-29,152.02000427246094,155.0,149.14999389648438,150.22000122070312,148.27330017089844,16625800.0,AVGO
2024-07-30,153.27999877929688,153.47000122070312,143.35000610351562,143.52000427246094,141.66012573242188,31102300.0,AVGO
2024-07-31,151.47000122070312,161.3300018310547,151.0,160.67999267578125,158.59776306152344,45827500.0,AVGO
2024-08-01,157.5,158.91000366210938,146.1699981689453,147.02000427246094,145.11477661132812,40320000.0,AVGO
2024-08-02,141.92999267578125,145.35000610351562,139.60000610351562,143.82000732421875,141.9562530517578,33745800.0,AVGO
2024-08-05,129.61000061035156,145.4199981689453,128.5,142.0800018310547,140.23880004882812,41309300.0,AVGO
2024-08-06,141.72999572753906,148.91000366210938,140.25,143.9199981689453,142.05494689941406,24751300.0,AVGO
2024-08-07,148.25,150.10000610351562,135.8300018310547,136.27000427246094,134.50408935546875,29749800.0,AVGO
2024-08-08,141.1999969482422,146.27000427246094,138.39999389648438,145.74000549316406,143.85134887695312,27583200.0,AVGO
2024-08-09,144.1999969482422,149.5500030517578,144.11000061035156,148.25999450683594,146.3386993408203,18438700.0,AVGO
2024-08-12,148.0800018310547,151.1300048828125,146.3699951171875,148.6199951171875,146.6940460205078,17778500.0,AVGO
2024-08-13,151.5500030517578,156.3800048828125,149.80999755859375,156.16000366210938,154.1363525390625,22053600.0,AVGO
2024-08-14,158.02000427246094,160.25,154.72000122070312,157.69000244140625,155.646484375,20184200.0,AVGO
2024-08-15,161.1999969482422,166.6699981689453,160.33999633789062,166.1300048828125,163.97714233398438,27945000.0,AVGO
2024-08-16,164.47000122070312,166.08999633789062,162.67999267578125,165.72000122070312,163.57244873046875,19296900.0,AVGO
2024-08-19,164.86000061035156,167.8300018310547,160.4199981689453,167.7100067138672,165.5366668701172,20441700.0,AVGO
2024-08-20,167.0500030517578,168.3699951171875,164.14999389648438,165.9499969482422,163.79946899414062,19417500.0,AVGO
2024-08-21,165.1199951171875,166.47000122070312,162.8800048828125,165.77999877929688,163.6316680908203,16097700.0,AVGO
2024-08-22,170.83999633789062,172.4199981689453,161.49000549316406,162.33999633789062,160.2362518310547,30044500.0,AVGO
2024-08-23,165.02999877929688,168.27999877929688,163.4600067138672,166.36000061035156,164.20416259765625,18848000.0,AVGO
2024-08-26,164.9600067138672,165.6999969482422,158.66000366210938,159.6199951171875,157.55149841308594,18521200.0,AVGO
2024-08-27,157.60000610351562,162.02999877929688,155.8300018310547,161.38999938964844,159.29855346679688,16683100.0,AVGO
2024-08-28,160.0800018310547,162.27999877929688,156.25,158.17999267578125,156.13014221191406,18063600.0,AVGO
2024-08-29,158.49000549316406,163.1999969482422,155.41000366210938,156.92999267578125,154.89634704589844,23519300.0,AVGO
2024-08-30,161.1199951171875,163.24000549316406,158.7100067138672,162.82000732421875,160.71002197265625,25158500.0,AVGO
2024-09-03,160.3800048828125,160.74000549316406,151.3800048828125,152.7899932861328,150.80999755859375,37179100.0,AVGO
2024-09-04,150.3000030517578,157.7899932861328,149.14999389648438,154.1199951171875,152.1227569580078,20324100.0,AVGO
2024-09-05,150.57000732421875,156.36000061035156,150.11000061035156,152.82000732421875,150.83961486816406,31548500.0,AVGO
2024-09-06,143.25,143.5,136.60000610351562,137.0,135.224609375,76634600.0,AVGO
2024-09-09,139.11000061035156,141.58999633789062,134.89999389648438,140.82000732421875,138.99513244628906,39516700.0,AVGO
2024-09-10,141.22000122070312,149.86000061035156,141.0399932861328,148.2100067138672,146.28936767578125,36067500.0,AVGO
2024-09-11,148.38999938964844,158.8699951171875,145.0399932861328,158.27000427246094,156.218994140625,39700800.0,AVGO
2024-09-12,158.10000610351562,166.32000732421875,156.8300018310547,164.55999755859375,162.427490234375,43530700.0,AVGO
2024-09-13,166.74000549316406,168.0800018310547,164.0399932861328,167.69000244140625,165.5169219970703,29850000.0,AVGO
2024-09-16,165.19000244140625,165.5,160.41000366210938,164.02000427246094,161.8944854736328,26126900.0,AVGO
2024-09-17,165.49000549316406,166.02000427246094,160.6999969482422,162.47000122070312,160.3645477294922,19844300.0,AVGO
2024-09-18,163.77000427246094,167.47000122070312,161.36000061035156,161.6699981689453,159.57493591308594,26557600.0,AVGO
2024-09-19,167.67999267578125,170.0,165.66000366210938,167.4199981689453,165.79393005371094,32453100.0,AVGO
2024-09-20,167.17999267578125,172.02000427246094,166.47000122070312,171.10000610351562,169.43820190429688,91758500.0,AVGO
2024-09-23,172.0,173.32000732421875,168.35000610351562,172.94000244140625,171.26034545898438,29431100.0,AVGO
2024-09-24,172.80999755859375,175.99000549316406,171.67999267578125,174.83999633789062,173.14186096191406,34223400.0,AVGO
2024-09-25,174.64999389648438,177.13999938964844,173.75999450683594,175.52000427246094,173.81524658203125,16613800.0,AVGO
2024-09-26,178.5,180.25,175.0,178.08999633789062,176.3602752685547,24340000.0,AVGO
2024-09-27,178.1699981689453,178.47000122070312,171.75999450683594,172.69000244140625,171.01275634765625,20580900.0,AVGO
2024-09-30,171.8699951171875,172.9199981689453,169.6300048828125,172.5,170.8245849609375,16902000.0,AVGO
2024-10-01,172.16000366210938,172.25,165.8000030517578,167.47000122070312,165.8434600830078,23770400.0,AVGO
2024-10-02,167.5500030517578,172.83999633789062,167.02000427246094,170.66000366210938,169.00245666503906,14317800.0,AVGO
2024-10-03,169.6199951171875,174.94000244140625,169.19000244140625,171.88999938964844,170.2205047607422,13072300.0,AVGO
2024-10-04,176.3000030517578,176.89999389648438,172.60000610351562,176.63999938964844,174.92437744140625,17921400.0,AVGO
2024-10-07,174.82000732421875,178.30999755859375,173.86000061035156,175.0800018310547,173.37954711914062,15588300.0,AVGO
2024-10-08,175.4199981689453,181.60000610351562,174.88999938964844,180.72999572753906,178.9746551513672,20774200.0,AVGO
2024-10-09,179.24000549316406,186.4199981689453,176.4199981689453,185.9499969482422,184.14395141601562,25504100.0,AVGO
2024-10-10,183.55999755859375,186.30999755859375,182.52999877929688,185.69000244140625,183.88648986816406,16318000.0,AVGO
2024-10-11,181.13999938964844,182.58999633789062,177.39999389648438,181.47999572753906,179.71737670898438,23070000.0,AVGO
2024-10-14,183.3000030517578,184.9499969482422,180.1300048828125,182.30999755859375,180.53929138183594,17195800.0,AVGO
2024-10-15,180.7899932861328,181.6999969482422,173.3699951171875,175.97999572753906,174.2707977294922,27657500.0,AVGO
2024-10-16,178.50999450683594,179.25,175.3300018310547,176.82000732421875,175.10264587402344,15285100.0,AVGO
2024-10-17,181.3699951171875,185.50999450683594,180.69000244140625,181.52999877929688,179.7668914794922,25232400.0,AVGO
2024-10-18,182.32000732421875,182.7100067138672,178.67999267578125,179.88999938964844,178.14280700683594,17835200.0,AVGO
2024-10-21,179.3800048828125,181.72000122070312,178.25,179.99000549316406,178.24185180664062,13695100.0,AVGO
2024-10-22,178.66000366210938,180.69000244140625,177.41000366210938,179.3800048828125,177.6377716064453,12062600.0,AVGO
2024-10-23,177.58999633789062,178.97999572753906,172.57000732421875,173.50999450683594,171.8247833251953,19513700.0,AVGO
2024-10-24,174.25999450683594,174.3000030517578,169.5,171.35000610351562,169.68577575683594,20485200.0,AVGO
2024-10-25,174.19000244140625,176.8000030517578,172.72000122070312,173.0,171.31973266601562,19977700.0,AVGO
2024-10-28,173.0,173.97000122070312,171.35000610351562,172.02000427246094,170.34927368164062,13195800.0,AVGO
2024-10-29,172.44000244140625,180.22999572753906,171.2100067138672,179.24000549316406,177.49913024902344,23702300.0,AVGO
2024-10-30,177.47000122070312,179.19000244140625,175.6199951171875,176.63999938964844,174.92437744140625,17911500.0,AVGO
2024-10-31,174.4499969482422,174.4499969482422,167.3800048828125,169.77000427246094,168.12112426757812,26086600.0,AVGO
2024-11-01,168.25999450683594,171.3300018310547,167.5,168.9199981689453,167.27935791015625,17847000.0,AVGO
2024-11-04,169.27999877929688,172.4499969482422,168.4199981689453,168.5500030517578,166.9129638671875,13621300.0,AVGO
2024-11-05,170.0500030517578,174.39999389648438,170.0500030517578,173.89999389648438,172.2109832763672,13441800.0,AVGO
2024-11-06,179.6300048828125,180.2100067138672,175.9600067138672,179.5500030517578,177.80612182617188,24300800.0,AVGO
2024-11-07,181.99000549316406,184.8699951171875,181.7899932861328,183.80999755859375,182.02474975585938,18970600.0,AVGO
2024-11-08,182.99000549316406,185.0500030517578,181.8300018310547,183.63999938964844,181.8563995361328,13503200.0,AVGO
2024-11-11,183.39999389648438,183.6300048828125,176.82000732421875,178.91000366210938,177.17234802246094,17036700.0,AVGO
2024-11-12,178.89999389648438,179.55999755859375,173.1999969482422,176.22000122070312,174.5084686279297,15862000.0,AVGO
2024-11-13,174.7100067138672,175.58999633789062,172.60000610351562,173.5800018310547,171.8940887451172,17472500.0,AVGO
2024-11-14,174.77000427246094,175.57000732421875,169.8699951171875,170.3800048828125,168.72518920898438,20638900.0,AVGO
2024-11-15,168.47000122070312,169.13999938964844,163.42999267578125,164.83999633789062,163.2389678955078,20836200.0,AVGO
2024-11-18,165.66000366210938,166.35000610351562,162.22000122070312,165.6699981689453,164.06092834472656,17856900.0,AVGO
2024-11-19,166.66000366210938,166.8000030517578,164.30999755859375,165.35000610351562,163.74403381347656,18003400.0,AVGO
2024-11-20,165.5399932861328,165.5399932861328,160.86000061035156,163.25,161.66444396972656,17196700.0,AVGO
2024-11-21,166.25,166.33999633789062,160.60000610351562,163.94000244140625,162.3477325439453,24835300.0,AVGO
2024-11-22,164.3000030517578,164.91000366210938,162.39999389648438,164.22999572753906,162.63491821289062,17332500.0,AVGO
2024-11-25,165.39999389648438,167.22999572753906,162.88999938964844,164.82000732421875,163.2191925048828,26850600.0,AVGO
2024-11-26,164.60000610351562,166.3699951171875,162.69000244140625,164.74000549316406,163.1399688720703,16308800.0,AVGO
2024-11-27,163.1999969482422,163.1999969482422,157.5399932861328,159.6699981689453,158.1191864013672,19722700.0,AVGO
2024-11-29,159.57000732421875,162.69000244140625,159.0800018310547,162.0800018310547,160.50579833984375,11024000.0,AVGO
2024-12-02,162.9499969482422,168.3800048828125,162.75,166.50999450683594,164.8927764892578,21472400.0,AVGO
2024-12-03,164.47999572753906,168.27000427246094,164.02999877929688,168.14999389648438,166.516845703125,17024400.0,AVGO
2024-12-04,173.44000244140625,175.38999938964844,168.55999755859375,170.55999755859375,168.90342712402344,32748200.0,AVGO
2024-12-05,170.75,172.39999389648438,169.1999969482422,170.47000122070312,168.81430053710938,18490000.0,AVGO
2024-12-06,170.10000610351562,180.67999267578125,169.3300018310547,179.52999877929688,177.78631591796875,27830800.0,AVGO
2024-12-09,178.9499969482422,180.7899932861328,176.02000427246094,178.94000244140625,177.20204162597656,20886300.0,AVGO
2024-12-10,177.80999755859375,178.5,169.72999572753906,171.80999755859375,170.1412811279297,27762600.0,AVGO
2024-12-11,180.00999450683594,184.8699951171875,176.42999267578125,183.1999969482422,181.420654296875,41295200.0,AVGO
2024-12-12,180.92999267578125,182.0,175.99000549316406,180.66000366210938,178.90533447265625,46967200.0,AVGO
2024-12-13,213.89999389648438,228.6999969482422,211.11000061035156,224.8000030517578,222.61663818359375,121336600.0,AVGO
2024-12-16,231.7899932861328,251.8800048828125,230.80999755859375,250.0,247.57188415527344,111623200.0,AVGO
2024-12-17,240.64999389648438,242.47000122070312,233.8000030517578,240.22999572753906,237.89675903320312,70382100.0,AVGO
2024-12-18,239.41000366210938,239.85000610351562,219.22000122070312,223.6199951171875,221.44808959960938,53960100.0,AVGO
2024-12-19,227.91000366210938,228.0500030517578,217.5800018310547,218.32000732421875,216.1995849609375,40845200.0,AVGO
2024-12-20,220.36000061035156,230.2899932861328,218.91000366210938,220.7899932861328,218.64556884765625,131910400.0,AVGO
2024-12-23,226.69000244140625,233.39999389648438,225.1300048828125,232.35000610351562,230.70980834960938,40643800.0,AVGO
2024-12-24,240.1199951171875,240.22999572753906,234.8000030517578,239.67999267578125,237.98805236816406,22827200.0,AVGO
2024-12-26,240.0,247.27999877929688,237.60000610351562,245.36000061035156,243.62796020507812,28459000.0,AVGO
2024-12-27,245.63999938964844,245.77999877929688,236.35000610351562,241.75,240.04344177246094,29282200.0,AVGO
2024-12-30,234.6999969482422,238.77000427246094,231.6199951171875,235.5800018310547,233.9169921875,27316800.0,AVGO
2024-12-31,235.8800048828125,237.4600067138672,231.30999755859375,231.83999633789062,230.20339965820312,17927700.0,AVGO
2025-01-02,236.16000366210938,239.5,230.24000549316406,231.97999572753906,230.3424072265625,31525800.0,AVGO
2025-01-03,233.58999633789062,236.49000549316406,229.0,232.5500030517578,230.9084014892578,24973200.0,AVGO
2025-01-06,236.5,241.75,233.3000030517578,236.41000366210938,234.74114990234375,34028400.0,AVGO
2025-01-07,239.5,239.5,227.60000610351562,228.63999938964844,227.0260009765625,25928600.0,AVGO
2025-01-08,229.6999969482422,232.47000122070312,226.05999755859375,229.30999755859375,227.69126892089844,18756500.0,AVGO
2025-01-10,227.3000030517578,227.8300018310547,221.25,224.30999755859375,222.72654724121094,23864000.0,AVGO
2025-01-13,219.99000549316406,229.25999450683594,219.50999450683594,225.2899932861328,223.69961547851562,23772100.0,AVGO
2025-01-14,226.57000732421875,230.25999450683594,223.10000610351562,224.6999969482422,223.11380004882812,18143100.0,AVGO
2025-01-15,228.5500030517578,230.33999633789062,225.5800018310547,228.0,226.39051818847656,21745600.0,AVGO
2025-01-16,235.22000122070312,238.60000610351562,229.2100067138672,229.41000366210938,227.79055786132812,23471900.0,AVGO
2025-01-17,237.0800018310547,238.10000610351562,232.66000366210938,237.44000244140625,235.7638702392578,31196600.0,AVGO
2025-01-21,241.5,242.75,237.39999389648438,240.30999755859375,238.61361694335938,30903200.0,AVGO
2025-01-22,246.75,246.99000549316406,240.69000244140625,240.91000366210938,239.20938110351562,29610500.0,AVGO
2025-01-23,238.41000366210938,240.39999389648438,236.1199951171875,240.27999877929688,238.5838165283203,17653900.0,AVGO
2025-01-24,244.6999969482422,249.58999633789062,241.91000366210938,244.6999969482422,242.9726104736328,25387800.0,AVGO
2025-01-27,213.39999389648438,218.42999267578125,196.22999572753906,202.1300048828125,200.703125,90569400.0,AVGO
2025-01-28,208.00999450683594,209.9499969482422,198.88999938964844,207.36000061035156,205.89620971679688,50316000.0,AVGO
2025-01-29,208.83999633789062,211.4499969482422,202.77000427246094,206.35000610351562,204.89334106445312,32533700.0,AVGO
2025-01-30,218.57000732421875,221.9600067138672,213.6999969482422,215.66000366210938,214.13763427734375,42449500.0,AVGO
2025-01-31,219.66000366210938,226.8000030517578,216.3000030517578,221.27000427246094,219.70802307128906,41104700.0,AVGO
2025-02-03,215.4600067138672,220.94000244140625,213.50999450683594,217.72999572753906,216.19300842285156,24507300.0,AVGO
2025-02-04,219.35000610351562,223.02999877929688,215.3000030517578,222.42999267578125,220.8598175048828,23768500.0,AVGO
2025-02-05,233.94000244140625,237.92999267578125,227.5,232.0,230.3622589111328,29196000.0,AVGO
2025-02-06,234.5,234.8000030517578,228.55999755859375,231.36000061035156,229.72679138183594,21169500.0,AVGO
2025-02-07,235.0,235.64999389648438,224.11000061035156,224.8699951171875,223.2825927734375,22117500.0,AVGO
2025-02-10,227.42999267578125,235.82000732421875,227.1199951171875,235.0399932861328,233.3807830810547,23901600.0,AVGO
2025-02-11,232.47999572753906,237.88999938964844,229.97000122070312,235.0399932861328,233.3807830810547,18476200.0,AVGO
2025-02-12,230.36000061035156,236.47999572753906,230.0,236.35000610351562,234.6815643310547,16397300.0,AVGO
2025-02-13,236.05999755859375,236.9499969482422,230.72999572753906,235.8000030517578,234.1354522705078,20962000.0,AVGO
2025-02-14,234.52999877929688,235.74000549316406,228.89999389648438,233.0399932861328,231.39492797851562,16988800.0,AVGO
2025-02-18,230.10000610351562,232.1999969482422,224.3000030517578,228.52999877929688,226.91676330566406,26080500.0,AVGO
2025-02-19,227.85000610351562,229.07000732421875,224.39999389648438,228.72999572753906,227.1153564453125,16375500.0,AVGO
2025-02-20,228.64999389648438,228.97999572753906,222.75,226.74000549316406,225.13941955566406,16104000.0,AVGO
2025-02-21,225.64999389648438,227.75,215.6300048828125,218.66000366210938,217.116455078125,24883600.0,AVGO
2025-02-24,218.60000610351562,219.47999572753906,207.5399932861328,207.92999267578125,206.46217346191406,33050400.0,AVGO
2025-02-25,207.0,208.63999938964844,200.9199981689453,202.5399932861328,201.1102294921875,33100800.0,AVGO
2025-02-26,206.91000366210938,213.5399932861328,206.0,212.94000244140625,211.43682861328125,21368300.0,AVGO
2025-02-27,217.27999877929688,219.25,197.39999389648438,197.8000030517578,196.4036865234375,27572900.0,AVGO
2025-02-28,195.75999450683594,201.19000244140625,193.14999389648438,199.42999267578125,198.0221710205078,39747200.0,AVGO
2025-03-03,204.0,204.05999755859375,184.52999877929688,187.3699951171875,186.0473175048828,37435600.0,AVGO
2025-03-04,189.22000122070312,193.9499969482422,180.47999572753906,187.47999572753906,186.1565399169922,37910500.0,AVGO
2025-03-05,191.86000061035156,194.0800018310547,187.10000610351562,191.5800018310547,190.22760009765625,25644500.0,AVGO
2025-03-06,181.0399932861328,186.8300018310547,177.61000061035156,179.4499969482422,178.18324279785156,56864100.0,AVGO
2025-03-07,187.72999572753906,195.47999572753906,181.55999755859375,194.9600067138672,193.58375549316406,74528900.0,AVGO
2025-03-10,189.60000610351562,191.97999572753906,180.42999267578125,184.4499969482422,183.14791870117188,44217100.0,AVGO
2025-03-11,188.0500030517578,195.6199951171875,185.35000610351562,190.08999633789062,188.7481231689453,42153200.0,AVGO
2025-03-12,196.22000122070312,199.97999572753906,192.4499969482422,194.22999572753906,192.85888671875,30409700.0,AVGO
2025-03-13,193.14999389648438,196.32000732421875,189.47000122070312,191.36000061035156,190.0091552734375,27236100.0,AVGO
2025-03-14,196.1999969482422,197.5,193.1999969482422,195.5399932861328,194.15963745117188,25900900.0,AVGO
2025-03-17,188.0500030517578,196.72000122070312,187.5,194.5,193.12698364257812,26830600.0,AVGO
2025-03-18,190.44000244140625,192.88999938964844,186.89999389648438,188.6699981689453,187.338134765625,24951000.0,AVGO
2025-03-19,189.33999633789062,198.27000427246094,186.89999389648438,195.57000732421875,194.18943786621094,37962700.0,AVGO
2025-03-20,191.52000427246094,193.83999633789062,188.94000244140625,190.5399932861328,189.76744079589844,31430000.0,AVGO
2025-03-21,188.2100067138672,192.07000732421875,187.3699951171875,191.66000366210938,190.88290405273438,43086500.0,AVGO
2025-03-24,194.3000030517578,196.69000244140625,190.6699981689453,191.25,190.4745635986328,33180300.0,AVGO
2025-03-25,190.88999938964844,191.60000610351562,187.67999267578125,188.25999450683594,187.49667358398438,23417300.0,AVGO
2025-03-26,186.66000366210938,188.05999755859375,177.5800018310547,179.27000427246094,178.5431365966797,30578500.0,AVGO
2025-03-27,177.66000366210938,178.3800048828125,170.4600067138672,171.99000549316406,171.29266357421875,32151700.0,AVGO
2025-03-28,171.92999267578125,173.3000030517578,166.47000122070312,169.1199951171875,168.43429565429688,30391500.0,AVGO
2025-03-31,164.49000549316406,167.94000244140625,160.6199951171875,167.42999267578125,166.75112915039062,35656400.0,AVGO
2025-04-01,166.3699951171875,168.7100067138672,163.4199981689453,168.52000427246094,167.83673095703125,20472400.0,AVGO
2025-04-02,166.0800018310547,173.42999267578125,165.5,172.08999633789062,171.39224243164062,19523700.0,AVGO
2025-04-03,160.5399932861328,163.42999267578125,153.6999969482422,154.00999450683594,153.3855438232422,44354900.0,AVGO
2025-04-04,148.1699981689453,152.8000030517578,139.1699981689453,146.2899932861328,145.6968536376953,72302200.0,AVGO
2025-04-07,144.49000549316406,160.42999267578125,138.10000610351562,154.13999938964844,153.51502990722656,68503500.0,AVGO
2025-04-08,167.6199951171875,169.77999877929688,153.08999633789062,156.02999877929688,155.39736938476562,58888200.0,AVGO
2025-04-09,160.5,187.3300018310547,157.50999450683594,185.14999389648438,184.3992919921875,72708300.0,AVGO
2025-04-10,175.3000030517578,176.9499969482422,166.39999389648438,172.3000030517578,171.6013946533203,51212200.0,AVGO
2025-04-11,173.6199951171875,182.66000366210938,173.30999755859375,181.94000244140625,181.2023162841797,33964100.0,AVGO
2025-04-14,185.0800018310547,186.0,175.82000732421875,178.36000061035156,177.63682556152344,25748300.0,AVGO
2025-04-15,179.72999572753906,182.25999450683594,178.0800018310547,178.9499969482422,178.22442626953125,17242400.0,AVGO
2025-04-16,170.42999267578125,176.0800018310547,166.9199981689453,174.61000061035156,173.9020233154297,34638600.0,AVGO
2025-04-17,176.25,176.25,169.9199981689453,170.99000549316406,170.2967071533203,22501800.0,AVGO
2025-04-21,166.99000549316406,168.0,161.61000061035156,166.2100067138672,165.53610229492188,23469800.0,AVGO
2025-04-22,167.42999267578125,170.52000427246094,165.22000122070312,169.5800018310547,168.89242553710938,18504900.0,AVGO
2025-04-23,177.77999877929688,180.4499969482422,175.82000732421875,176.91000366210938,176.1927032470703,24380500.0,AVGO
2025-04-24,179.69000244140625,188.57000732421875,178.3000030517578,188.14999389648438,187.3871307373047,27576900.0,AVGO
2025-04-25,186.9199981689453,193.3699951171875,186.88999938964844,192.30999755859375,191.53025817871094,21242300.0,AVGO
2025-04-28,190.52999877929688,193.10000610351562,187.67999267578125,192.47000122070312,191.68960571289062,16385800.0,AVGO
2025-04-29,191.72000122070312,193.25,190.10000610351562,191.1699981689453,190.39488220214844,14630000.0,AVGO
2025-04-30,185.89999389648438,193.1999969482422,184.02000427246094,192.47000122070312,191.68960571289062,22768900.0,AVGO
2025-05-01,198.13999938964844,201.39999389648438,196.24000549316406,197.3300018310547,196.52992248535156,24939700.0,AVGO
2025-05-02,203.89999389648438,205.67999267578125,201.0800018310547,203.63999938964844,202.81431579589844,17766800.0,AVGO
2025-05-05,200.25,203.22999572753906,200.0,200.72000122070312,199.9061737060547,14025400.0,AVGO
2025-05-06,196.44000244140625,201.91000366210938,195.94000244140625,200.08999633789062,199.27871704101562,16348800.0,AVGO
2025-05-07,199.2899932861328,206.22999572753906,198.42999267578125,204.80999755859375,203.97958374023438,20253700.0,AVGO
2025-05-08,208.0,211.16000366210938,203.69000244140625,207.77000427246094,206.92758178710938,18460900.0,AVGO
2025-05-09,209.3300018310547,209.9600067138672,206.52000427246094,208.1999969482422,207.3558349609375,13289200.0,AVGO
2025-05-12,219.49000549316406,221.8000030517578,215.8800048828125,221.5800018310547,220.68157958984375,25437700.0,AVGO
2025-05-13,222.0,235.27999877929688,222.0,232.4199981689453,231.47763061523438,28790500.0,AVGO
2025-05-14,230.22999572753906,233.5,228.35000610351562,232.1199951171875,231.17884826660156,19751400.0,AVGO
2025-05-15,230.16000366210938,234.4600067138672,228.07000732421875,232.63999938964844,231.69674682617188,18803700.0,AVGO
2025-05-16,232.32000732421875,232.63999938964844,226.38999938964844,228.61000061035156,227.68307495117188,23094600.0,AVGO
2025-05-19,221.85000610351562,231.25,221.60000610351562,230.6300048828125,229.6949005126953,15355500.0,AVGO
2025-05-20,226.49000549316406,231.77000427246094,226.33999633789062,231.67999267578125,230.74063110351562,11787200.0,AVGO
2025-05-21,228.38999938964844,236.5,227.8300018310547,229.72999572753906,228.7985382080078,17642900.0,AVGO
2025-05-22,228.33999633789062,233.69000244140625,227.42999267578125,230.52999877929688,229.5952911376953,14340200.0,AVGO
2025-05-23,226.94000244140625,230.64999389648438,226.17999267578125,228.72000122070312,227.79263305664062,15385600.0,AVGO
2025-05-27,232.8699951171875,236.47999572753906,231.1300048828125,235.64999389648438,234.6945343017578,17941700.0,AVGO
2025-05-28,237.14999389648438,240.99000549316406,234.42999267578125,239.42999267578125,238.45919799804688,20443000.0,AVGO
2025-05-29,245.91000366210938,246.07000732421875,237.39999389648438,241.97000122070312,240.98892211914062,20743700.0,AVGO
2025-05-30,241.22000122070312,243.1699981689453,234.89999389648438,242.07000732421875,241.0885009765625,27088600.0,AVGO
2025-06-02,243.25,250.0,243.19000244140625,248.7100067138672,247.7015838623047,19197000.0,AVGO
2025-06-03,250.0800018310547,257.8800048828125,249.39999389648438,256.8500061035156,255.80857849121094,30380200.0,AVGO
2025-06-04,258.05999755859375,265.42999267578125,257.5899963378906,261.0799865722656,260.0213928222656,31536000.0,AVGO
2025-06-05,262.95001220703125,264.8900146484375,259.05999755859375,259.92999267578125,258.8760986328125,41970900.0,AVGO
2025-06-06,251.13999938964844,255.32000732421875,246.1300048828125,246.92999267578125,245.92880249023438,41146700.0,AVGO
2025-06-09,245.0500030517578,248.1699981689453,241.11000061035156,244.27999877929688,243.28955078125,25334100.0,AVGO
2025-06-10,244.22000122070312,246.27999877929688,241.39999389648438,244.6300048828125,243.6381378173828,25491300.0,AVGO
2025-06-11,246.36000061035156,254.77000427246094,243.8000030517578,252.91000366210938,251.88455200195312,24599000.0,AVGO
2025-06-12,250.19000244140625,257.8900146484375,249.5,256.07000732421875,255.03175354003906,20410900.0,AVGO
2025-06-13,250.66000366210938,254.0,248.35000610351562,248.6999969482422,247.69161987304688,19028400.0,AVGO
2025-06-16,250.35000610351562,255.19000244140625,249.57000732421875,252.10000610351562,251.07785034179688,20363000.0,AVGO
2025-06-17,250.9499969482422,253.9600067138672,247.9199981689453,249.3699951171875,248.35890197753906,22014300.0,AVGO
2025-06-18,250.88999938964844,255.63999938964844,249.41000366210938,251.25999450683594,250.24124145507812,30435500.0,AVGO
2025-06-20,253.2100067138672,253.52000427246094,244.1699981689453,249.99000549316406,249.5624237060547,42134900.0,AVGO
2025-06-23,249.11000061035156,254.2100067138672,246.4600067138672,253.77000427246094,253.33595275878906,19747000.0,AVGO
2025-06-24,258.7699890136719,265.8699951171875,258.7699890136719,263.7699890136719,263.31884765625,32764900.0,AVGO
2025-06-25,266.0,269.8699951171875,263.42999267578125,264.6499938964844,264.19732666015625,18894200.0,AVGO
2025-06-26,265.0799865722656,271.6700134277344,264.1300048828125,270.1700134277344,269.7079162597656,23569600.0,AVGO
2025-06-27,270.29998779296875,271.8500061035156,266.8800048828125,269.3500061035156,268.8893127441406,27477600.0,AVGO
2025-06-30,274.7300109863281,277.7099914550781,272.1300048828125,275.6499938964844,275.17852783203125,24708400.0,AVGO
2025-07-01,274.3999938964844,274.5,262.6600036621094,264.739990234375,264.28717041015625,28847600.0,AVGO
2025-07-02,263.989990234375,272.0,262.7300109863281,269.8999938964844,269.4383544921875,17582100.0,AVGO
2025-07-03,270.7300109863281,275.79998779296875,270.1199951171875,275.17999267578125,274.7093200683594,10592700.0,AVGO
2025-07-07,275.1300048828125,277.55999755859375,272.6600036621094,274.17999267578125,273.7110290527344,16760600.0,AVGO
2025-07-08,276.3500061035156,276.3500061035156,271.1499938964844,271.79998779296875,271.3350830078125,14869400.0,AVGO
2025-07-09,272.9599914550781,279.45001220703125,272.7200012207031,277.8999938964844,277.4246826171875,20133000.0,AVGO
2025-07-10,279.7900085449219,281.17999267578125,272.70001220703125,275.3999938964844,274.928955078125,17891600.0,AVGO
2025-07-11,274.1400146484375,276.4700012207031,271.8900146484375,274.3800048828125,273.91070556640625,14274700.0,AVGO
2025-07-14,274.1300048828125,278.3599853515625,269.5799865722656,275.6000061035156,275.12860107421875,11934200.0,AVGO
2025-07-15,279.80999755859375,283.3599853515625,277.8500061035156,280.94000244140625,280.45947265625,17918400.0,AVGO
2025-07-16,280.1099853515625,281.510009765625,275.6700134277344,280.80999755859375,280.3296813964844,15031000.0,AVGO
2025-07-17,281.1400146484375,288.2799987792969,279.9100036621094,286.45001220703125,285.9600524902344,17231100.0,AVGO
2025-07-18,287.1099853515625,287.5299987792969,281.0,283.3399963378906,282.8553771972656,15012400.0,AVGO
2025-07-21,283.9599914550781,290.5400085449219,283.6300048828125,288.2099914550781,287.717041015625,17726800.0,AVGO
2025-07-22,287.6499938964844,288.0,276.42999267578125,278.5899963378906,278.1134948730469,16564800.0,AVGO
2025-07-23,276.7799987792969,284.0,273.0,283.69000244140625,283.20477294921875,20556200.0,AVGO
2025-07-24,289.7900085449219,291.20001220703125,283.5,288.7099914550781,288.2161865234375,16413800.0,AVGO
2025-07-25,288.07000732421875,292.5899963378906,287.2699890136719,290.17999267578125,289.68365478515625,12476200.0,AVGO
2025-07-28,292.4599914550781,295.45001220703125,290.5899963378906,294.29998779296875,293.7966003417969,13683400.0,AVGO
2025-07-29,297.5,302.19000244140625,294.8699951171875,297.4200134277344,296.91131591796875,19210800.0,AVGO
2025-07-30,297.1499938964844,303.260009765625,295.79998779296875,302.6199951171875,302.1023864746094,16738900.0,AVGO
2025-07-31,302.79998779296875,306.95001220703125,290.2300109863281,293.70001220703125,293.1976623535156,25488500.0,AVGO
2025-08-01,286.5400085449219,292.6400146484375,281.6099853515625,288.6400146484375,288.1463317871094,21428100.0,AVGO
2025-08-04,292.20001220703125,298.4800109863281,291.3999938964844,297.7200012207031,297.2107849121094,17164600.0,AVGO
2025-08-05,297.80999755859375,301.20001220703125,291.45001220703125,292.92999267578125,292.428955078125,18477500.0,AVGO
2025-08-06,292.8999938964844,302.80999755859375,291.8999938964844,301.6700134277344,301.1540222167969,17392100.0,AVGO
2025-08-07,306.1700134277344,310.3399963378906,299.8800048828125,303.760009765625,303.2404479980469,16319400.0,AVGO
2025-08-08,304.04998779296875,307.8699951171875,302.54998779296875,304.9700012207031,304.4483642578125,12458700.0,AVGO
2025-08-11,305.04998779296875,308.30999755859375,301.2900085449219,303.8999938964844,303.38018798828125,12396400.0,AVGO
2025-08-12,306.6300048828125,313.44000244140625,304.6700134277344,312.8299865722656,312.294921875,17609600.0,AVGO
2025-08-13,316.75,317.3500061035156,304.75,309.0899963378906,308.5613098144531,17371200.0,AVGO
2025-08-14,307.010009765625,314.1700134277344,307.0,311.2300109863281,310.69769287109375,15717600.0,AVGO
2025-08-15,311.0299987792969,311.5,299.760009765625,306.3399963378906,305.8160400390625,22806900.0,AVGO
2025-08-18,302.70001220703125,306.1700134277344,299.0,305.760009765625,305.2370300292969,14724700.0,AVGO
2025-08-19,302.4200134277344,302.8999938964844,292.3900146484375,294.9100036621094,294.40557861328125,20149600.0,AVGO
2025-08-20,295.4599914550781,295.489990234375,281.8699951171875,291.1700134277344,290.6719970703125,23600500.0,AVGO
2025-08-21,290.05999755859375,292.3900146484375,286.1700134277344,289.6000061035156,289.10467529296875,14946300.0,AVGO
2025-08-22,291.75,300.0899963378906,289.010009765625,294.0,293.49713134765625,16301300.0,AVGO
2025-08-25,292.80999755859375,298.3999938964844,291.7099914550781,294.2300109863281,293.72674560546875,15124700.0,AVGO
2025-08-26,294.3500061035156,300.25,293.989990234375,298.010009765625,297.5002746582031,25689100.0,AVGO
2025-08-27,297.5299987792969,301.17999267578125,293.7799987792969,300.25,299.7364501953125,13830300.0,AVGO
2025-08-28,302.92999267578125,311.0,302.3299865722656,308.6499938964844,308.1220703125,18907100.0,AVGO
2025-08-29,307.010009765625,307.010009765625,293.6600036621094,297.3900146484375,296.88134765625,21610700.0,AVGO
2025-09-02,289.3399963378906,298.7099914550781,287.1700134277344,298.239990234375,297.7298889160156,19693000.0,AVGO
2025-09-03,302.2900085449219,304.45001220703125,296.3999938964844,302.3900146484375,301.872802734375,18529400.0,AVGO
2025-09-04,305.05999755859375,308.7799987792969,302.25,306.1000061035156,305.5764465332031,31220800.0,AVGO
2025-09-05,355.7799987792969,356.3399963378906,331.4200134277344,334.8900146484375,334.31719970703125,78401600.0,AVGO
2025-09-08,342.75,354.1700134277344,341.25,345.6499938964844,345.05877685546875,43535600.0,AVGO
2025-09-09,349.54998779296875,350.9800109863281,335.8299865722656,336.6700134277344,336.09417724609375,26972300.0,AVGO
2025-09-10,351.5199890136719,372.9700012207031,350.54998779296875,369.57000732421875,368.9378967285156,51086800.0,AVGO
2025-09-11,371.17999267578125,374.2300109863281,358.760009765625,359.6300048828125,359.014892578125,29430900.0,AVGO
2025-09-12,362.9100036621094,364.3900146484375,357.1600036621094,359.8699951171875,359.25445556640625,31949800.0,AVGO
2025-09-15,359.8699951171875,365.5,356.3399963378906,364.0899963378906,363.4672546386719,21792200.0,AVGO
2025-09-16,365.42999267578125,365.69000244140625,356.989990234375,360.0,359.3842468261719,21306500.0,AVGO
2025-09-17,358.8500061035156,359.92999267578125,341.5,346.1700134277344,345.5779113769531,45197100.0,AVGO
2025-09-18,350.0,350.70001220703125,343.7900085449219,345.3500061035156,344.7593078613281,24663900.0,AVGO
2025-09-19,344.6499938964844,346.2699890136719,336.42999267578125,344.94000244140625,344.3500061035156,41240100.0,AVGO
2025-09-22,342.42999267578125,346.6700134277344,337.94000244140625,338.7900085449219,338.7900085449219,28660000.0,AVGO
2025-09-23,340.239990234375,345.2200012207031,337.0199890136719,338.94000244140625,338.94000244140625,21944100.0,AVGO
2025-09-24,339.760009765625,340.0799865722656,333.80999755859375,339.30999755859375,339.30999755859375,19677300.0,AVGO
2025-09-25,332.989990234375,338.05999755859375,327.29998779296875,336.1000061035156,336.1000061035156,21678200.0,AVGO
2025-09-26,337.42999267578125,339.0799865722656,330.5799865722656,334.5299987792969,334.5299987792969,15464700.0,AVGO
2025-09-29,336.0,341.04998779296875,327.54998779296875,327.8999938964844,327.8999938964844,21336000.0,AVGO
2025-09-30,330.1199951171875,331.04998779296875,324.6099853515625,329.9100036621094,329.9100036621094,20109500.0,AVGO
2025-10-01,328.1499938964844,337.95001220703125,324.5,333.3900146484375,333.3900146484375,21122700.0,AVGO
2025-10-02,347.6099853515625,347.6099853515625,335.25,338.17999267578125,338.17999267578125,19917600.0,AVGO
2025-10-03,341.5,344.3999938964844,335.739990234375,338.3699951171875,338.3699951171875,14749100.0,AVGO
2025-10-06,335.9200134277344,344.1300048828125,334.55999755859375,335.489990234375,335.489990234375,18465700.0,AVGO
2025-10-07,337.0299987792969,338.1099853515625,326.5799865722656,336.4100036621094,336.4100036621094,18086700.0,AVGO
2025-10-08,333.82000732421875,346.5400085449219,332.6199951171875,345.5,345.5,21478300.0,AVGO
2025-10-09,345.75,347.30999755859375,340.3999938964844,345.0199890136719,345.0199890136719,17643700.0,AVGO
2025-10-10,345.3900146484375,350.6000061035156,324.04998779296875,324.6300048828125,324.6300048828125,28941000.0,AVGO
2025-10-13,352.7699890136719,359.3800048828125,343.5199890136719,356.70001220703125,356.70001220703125,45984300.0,AVGO
2025-10-14,350.1300048828125,350.6700134277344,339.6499938964844,344.1300048828125,344.1300048828125,22078000.0,AVGO
2025-10-15,354.4700012207031,359.3999938964844,347.5,351.3299865722656,351.3299865722656,23918500.0,AVGO
2025-10-16,356.79998779296875,363.239990234375,349.489990234375,354.1499938964844,354.1499938964844,20317200.0,AVGO
2025-10-17,349.6099853515625,350.9700012207031,340.7799987792969,349.3299865722656,349.3299865722656,20937900.0,AVGO
2025-10-20,353.79998779296875,356.5899963378906,347.8399963378906,349.239990234375,349.239990234375,15640200.0,AVGO
2025-10-21,350.0,351.1000061035156,341.30999755859375,342.6600036621094,342.6600036621094,16092600.0,AVGO
2025-10-22,347.29998779296875,348.010009765625,335.510009765625,340.29998779296875,340.29998779296875,19268800.0,AVGO
2025-10-23,340.3999938964844,346.57000732421875,340.3999938964844,344.2900085449219,344.2900085449219,12786600.0,AVGO
