Date,Open,High,Low,Close,Adj Close,Volume,Ticker
2000-01-03,65.0,67.4375,65.0,65.5625,32.65822219848633,2645000,LLY
2000-01-04,64.25,65.4375,62.75,63.5,31.630844116210938,3701000,LLY
2000-01-05,63.125,65.3125,63.0,64.3125,32.03555679321289,3411000,LLY
2000-01-06,65.0,66.1875,64.3125,66.1875,32.96954345703125,2460100,LLY
2000-01-07,68.0,71.0625,67.5,71.0625,35.39789581298828,5863300,LLY
2000-01-10,71.0625,71.0625,67.9375,68.125,33.934654235839844,2830500,LLY
2000-01-11,67.0,69.375,67.0,68.5,34.12145233154297,3309700,LLY
2000-01-12,67.625,68.3125,66.9375,67.5,33.623348236083984,3573600,LLY
2000-01-13,65.75,68.375,65.625,66.6875,33.2186164855957,3639400,LLY
2000-01-14,68.9375,69.25,68.0,68.3125,34.0280647277832,3750300,LLY
2000-01-18,69.375,69.375,66.5,67.3125,33.529937744140625,2082900,LLY
2000-01-19,66.0,68.0,65.75,67.75,33.74789047241211,2193700,LLY
2000-01-20,67.6875,68.25,65.5625,66.78125,33.26530456542969,2136400,LLY
2000-01-21,65.125,65.625,64.125,64.75,32.253501892089844,4051000,LLY
2000-01-24,64.625,64.8125,61.5625,62.125,30.945919036865234,4206900,LLY
2000-01-25,62.375,63.25,61.75,62.3125,31.039325714111328,3148700,LLY
2000-01-26,62.9375,63.375,62.125,62.75,31.257251739501953,2233100,LLY
2000-01-27,62.0,64.375,61.5,64.25,32.00442886352539,3052200,LLY
2000-01-28,65.0,67.375,64.875,65.3125,32.5336799621582,4284500,LLY
2000-01-31,65.9375,67.0,62.375,66.875,33.312015533447266,3334100,LLY
2000-02-01,65.875,66.5,64.6875,65.5625,32.65822219848633,2981300,LLY
2000-02-02,65.5,66.0625,63.875,65.0625,32.4091682434082,2066300,LLY
2000-02-03,65.3125,65.8125,63.625,65.25,32.50257110595703,2643600,LLY
2000-02-04,64.9375,65.25,64.5,64.875,32.31576156616211,1717600,LLY
2000-02-07,65.4375,65.4375,62.75,63.3125,31.537443161010742,1957400,LLY
2000-02-08,62.625,63.75,62.625,63.3125,31.537443161010742,2536700,LLY
2000-02-09,64.375,64.375,61.6875,61.75,30.759130477905273,3211000,LLY
2000-02-10,61.875,63.0,61.8125,62.3125,31.039325714111328,2080000,LLY
2000-02-11,62.5,62.5625,61.0625,61.625,30.825481414794922,3268100,LLY
2000-02-14,61.375,62.0,60.4375,60.75,30.38779640197754,2758000,LLY
2000-02-15,60.875,61.6875,60.625,61.1875,30.606647491455078,2989400,LLY
2000-02-16,62.0,62.4375,61.1875,61.25,30.637901306152344,3292800,LLY
2000-02-17,61.75,61.9375,60.1875,60.1875,30.106435775756836,3290500,LLY
2000-02-18,60.3125,60.375,58.25,58.5,29.2623291015625,3684000,LLY
2000-02-22,59.75,60.375,57.625,59.5,29.762529373168945,2716500,LLY
2000-02-23,59.75,60.875,58.3125,60.3125,30.168973922729492,2489800,LLY
2000-02-24,59.9375,60.25,57.875,58.5625,29.293588638305664,2612700,LLY
2000-02-25,58.4375,58.8125,56.125,56.6875,28.35569953918457,2554400,LLY
2000-02-28,57.0,58.4375,57.0,57.5,28.762115478515625,3832900,LLY
2000-02-29,58.5,60.5,58.375,59.4375,29.731260299682617,4138700,LLY
2000-03-01,59.4375,60.25,58.0,58.875,29.44989013671875,4186700,LLY
2000-03-02,57.875,59.375,57.1875,57.6875,28.85589599609375,2095800,LLY
2000-03-03,58.625,59.0,57.5625,58.0,29.012224197387695,2085200,LLY
2000-03-06,57.25,58.6875,57.125,57.625,28.824628829956055,2549700,LLY
2000-03-07,57.875,57.9375,54.0,54.5,27.26148796081543,3998100,LLY
2000-03-08,55.0,57.375,54.5,55.5,27.761688232421875,4282600,LLY
2000-03-09,56.4375,60.0625,56.4375,60.0625,30.04389762878418,3853500,LLY
2000-03-10,60.125,61.9375,60.0,61.1875,30.606647491455078,3535800,LLY
2000-03-13,61.0,61.0,57.625,59.25,29.637483596801758,2115500,LLY
2000-03-14,58.25,58.6875,57.375,57.4375,28.730850219726562,2133000,LLY
2000-03-15,57.4375,63.5,57.375,62.75,31.38821792602539,4364700,LLY
2000-03-16,63.875,65.9375,63.0,64.75,32.388641357421875,5316400,LLY
2000-03-17,63.875,63.9375,61.0,61.375,30.70043182373047,4843300,LLY
2000-03-20,61.375,61.4375,59.625,60.75,30.38779640197754,2271100,LLY
2000-03-21,59.75,62.0,59.6875,61.6875,30.856725692749023,2987000,LLY
2000-03-22,62.375,64.3125,61.625,63.5625,31.794628143310547,3347000,LLY
2000-03-23,64.1875,64.8125,63.5625,64.375,32.201053619384766,3159800,LLY
2000-03-24,64.125,64.1875,61.125,62.125,31.07558250427246,2061200,LLY
2000-03-27,62.0,62.3125,59.9375,60.5,30.262744903564453,2013000,LLY
2000-03-28,59.8125,61.0,59.5,60.25,30.1376953125,2114100,LLY
2000-03-29,60.125,61.5,60.125,61.0,30.51284408569336,2834600,LLY
2000-03-30,61.25,63.125,60.75,60.75,30.38779640197754,3098400,LLY
2000-03-31,61.25,64.5,60.125,62.625,31.32569694519043,3243800,LLY
2000-04-03,64.25,65.5,64.0,65.375,32.70126724243164,2741300,LLY
2000-04-04,65.625,69.375,65.4375,69.0,34.5145378112793,6700500,LLY
2000-04-05,68.125,69.0,66.875,67.46875,33.74856948852539,3470900,LLY
2000-04-06,66.0,67.0,65.0625,65.875,32.95139694213867,2190400,LLY
2000-04-07,65.625,65.75,64.1875,64.3125,32.1697883605957,1607200,LLY
2000-04-10,64.0,66.75,63.75,64.875,32.451168060302734,2884200,LLY
2000-04-11,65.0,66.9375,64.875,66.875,33.451595306396484,2373300,LLY
2000-04-12,66.25,67.0,64.75,65.125,32.57622146606445,2618200,LLY
2000-04-13,68.4375,70.0,68.0,70.0,35.014739990234375,4523000,LLY
2000-04-14,68.5,69.9375,66.5,67.4375,33.73295593261719,4056300,LLY
2000-04-17,67.4375,70.0,67.375,70.0,35.014739990234375,3876700,LLY
2000-04-18,69.8125,74.0,69.5,73.25,36.64044189453125,6465300,LLY
2000-04-19,74.1875,76.25,73.25,75.625,37.82841491699219,6148700,LLY
2000-04-20,76.4375,76.875,75.0,75.75,37.89095687866211,4305000,LLY
2000-04-24,75.75,78.5,75.75,77.5,38.766334533691406,4803800,LLY
2000-04-25,77.0625,77.3125,76.1875,77.0,38.5162239074707,3801900,LLY
2000-04-26,76.5,78.125,75.5,77.8125,38.92262649536133,4066100,LLY
2000-04-27,77.0,78.0,76.1875,77.9375,38.98516845703125,2522200,LLY
2000-04-28,77.125,77.6875,76.0,77.125,38.578739166259766,2653700,LLY
2000-05-01,78.0,79.4375,77.0,77.375,38.703792572021484,3418600,LLY
2000-05-02,76.9375,78.6875,76.875,78.0,39.01642608642578,2582900,LLY
2000-05-03,78.0,79.0625,77.3125,79.0,39.51663589477539,2586400,LLY
2000-05-04,79.0,79.625,77.6875,79.25,39.641700744628906,2963800,LLY
2000-05-05,77.5,79.9375,77.5,79.75,39.89181900024414,3169400,LLY
2000-05-08,79.9375,80.5,78.75,80.5,40.2669677734375,2496200,LLY
2000-05-09,80.25,80.3125,79.0,79.625,39.82927322387695,2654900,LLY
2000-05-10,77.875,78.6875,76.0,77.25,38.64128494262695,4571900,LLY
2000-05-11,75.25,75.9375,74.25,74.875,37.57973861694336,2621800,LLY
2000-05-12,74.25,76.125,73.0,75.4375,37.862060546875,3131000,LLY
2000-05-15,75.375,76.9375,75.25,76.4375,38.36396408081055,3444700,LLY
2000-05-16,75.5,76.5,74.75,74.9375,37.61113357543945,3343900,LLY
2000-05-17,74.625,74.75,72.875,73.875,37.07786178588867,4043400,LLY
2000-05-18,73.875,74.8125,73.625,73.75,37.015113830566406,2635300,LLY
2000-05-19,73.9375,76.0625,73.6875,75.9375,38.11301040649414,2775700,LLY
2000-05-22,76.25,77.0,73.6875,75.1875,37.73659896850586,2518800,LLY
2000-05-23,74.625,76.1875,73.875,75.5625,37.9248046875,1867300,LLY
2000-05-24,75.5625,77.625,75.4375,77.125,38.70901870727539,2274900,LLY
2000-05-25,78.5,79.625,77.25,78.625,39.46187210083008,3401300,LLY
2000-05-26,77.75,79.375,77.75,78.8125,39.555992126464844,1715500,LLY
2000-05-30,77.875,78.0,75.4375,76.5,38.395355224609375,2042300,LLY
2000-05-31,76.0,77.4375,75.0,76.125,38.20712661743164,2219200,LLY
2000-06-01,77.0,77.75,76.25,77.0625,38.67766571044922,2992100,LLY
2000-06-02,76.9375,76.9375,72.3125,73.125,36.70140838623047,4229700,LLY
2000-06-05,71.625,73.0,71.25,72.4375,36.356380462646484,3257100,LLY
2000-06-06,71.25,74.375,71.25,74.125,37.20333480834961,2245600,LLY
2000-06-07,74.375,75.875,74.0,74.875,37.57973861694336,2493600,LLY
2000-06-08,74.625,75.5625,73.375,74.9375,37.61113357543945,1811000,LLY
2000-06-09,73.875,76.5,73.875,76.1875,38.238494873046875,2704400,LLY
2000-06-12,77.0,79.0,76.75,78.25,39.27367401123047,8891900,LLY
2000-06-13,78.125,80.9375,78.0625,80.75,40.52842330932617,4020600,LLY
2000-06-14,81.125,82.9375,80.9375,82.8125,41.56358337402344,4995200,LLY
2000-06-15,82.8125,83.4375,81.6875,83.0,41.657691955566406,3666700,LLY
2000-06-16,83.0,85.25,82.375,84.9375,42.6301155090332,6617700,LLY
2000-06-19,84.125,86.8125,84.125,86.375,43.351593017578125,3680300,LLY
2000-06-20,86.25,87.125,85.4375,86.578125,43.453548431396484,4375200,LLY
2000-06-21,86.625,89.4375,86.25,86.75,43.53982162475586,5560400,LLY
2000-06-22,86.25,86.3125,83.875,84.5,42.41055679321289,3317600,LLY
2000-06-23,84.5,85.3125,84.3125,85.3125,42.81833267211914,1671900,LLY
2000-06-26,85.3125,87.6875,84.875,86.5625,43.44570541381836,3165200,LLY
2000-06-27,86.125,86.25,83.875,84.75,42.535987854003906,3858000,LLY
2000-06-28,86.5,87.625,85.375,87.203125,43.76723861694336,4775700,LLY
2000-06-29,102.0,109.0,98.9375,101.625,51.00558090209961,24396500,LLY
2000-06-30,99.25,100.75,97.5,99.875,50.127254486083984,8779800,LLY
2000-07-03,97.9375,99.3125,97.5,98.75,49.562618255615234,2013600,LLY
2000-07-05,98.875,105.0,98.5625,104.5,52.44854736328125,5913800,LLY
2000-07-06,102.875,103.8125,100.1875,101.625,51.00558090209961,4015300,LLY
2000-07-07,99.6875,102.75,98.875,101.0,50.6918830871582,2389400,LLY
2000-07-10,100.9375,104.375,100.875,104.0,52.19759750366211,2024300,LLY
2000-07-11,103.0,103.125,102.375,103.0,51.69568634033203,2769800,LLY
2000-07-12,102.0,102.375,99.3125,99.75,50.06451416015625,2779200,LLY
2000-07-13,99.0,99.0625,94.9375,95.75,48.05689239501953,3980900,LLY
2000-07-14,93.375,95.125,91.5625,94.5,47.42953872680664,4906200,LLY
2000-07-17,95.5,99.8125,94.5,98.46875,49.42144012451172,3000800,LLY
2000-07-18,98.375,101.1875,97.1875,100.5,50.44092559814453,3808000,LLY
2000-07-19,100.25,100.875,98.625,98.75,49.562618255615234,2584900,LLY
2000-07-20,97.75,98.4375,94.1875,96.5,48.43333053588867,4964500,LLY
2000-07-21,96.0,99.5625,95.3125,97.875,49.123477935791016,3230400,LLY
2000-07-24,98.8125,102.125,98.8125,101.140625,50.76247787475586,3774100,LLY
2000-07-25,98.75,101.375,98.75,101.0,50.6918830871582,3037200,LLY
2000-07-26,99.25,100.9375,98.0,98.90625,49.64104461669922,3080800,LLY
2000-07-27,99.75,100.375,99.3125,99.421875,49.89982223510742,1772600,LLY
2000-07-28,99.5,104.0,99.5,102.25,51.31927490234375,3311300,LLY
2000-07-31,102.5,104.875,100.0625,103.875,52.13484573364258,2767500,LLY
2000-08-01,104.125,107.1875,103.6875,106.875,53.64055633544922,2590400,LLY
2000-08-02,105.875,107.4375,105.8125,106.75,53.57781982421875,2886700,LLY
2000-08-03,105.3125,108.6875,105.3125,107.875,54.1424560546875,2127100,LLY
2000-08-04,107.625,107.875,105.125,107.375,53.8914794921875,2097700,LLY
2000-08-07,105.75,106.6875,104.75,106.546875,53.47587966918945,1950600,LLY
2000-08-08,106.8125,108.9375,105.5,108.546875,54.47966384887695,4149700,LLY
2000-08-09,107.0,107.4375,74.875,76.875,38.58356857299805,22492400,LLY
2000-08-10,77.5,78.4375,75.0,77.125,38.70901870727539,24921300,LLY
2000-08-11,76.0,78.4375,75.5625,77.0,38.77701187133789,9370900,LLY
2000-08-14,77.9375,78.5,77.125,77.75,39.15471267700195,4926500,LLY
2000-08-15,78.4375,78.4375,76.5,77.0,38.77701187133789,3095100,LLY
2000-08-16,77.4375,78.203125,77.0,77.25,38.90290832519531,4003600,LLY
2000-08-17,77.5,79.3125,77.4375,78.375,39.46944808959961,3938300,LLY
2000-08-18,78.5,78.8125,76.5,76.5,38.52521514892578,3436800,LLY
2000-08-21,77.125,78.3125,77.0,77.1875,38.87142562866211,2229200,LLY
2000-08-22,77.0,78.125,76.09375,76.09375,38.320640563964844,2962200,LLY
2000-08-23,76.0,77.25,75.875,77.1875,38.87142562866211,2591100,LLY
2000-08-24,77.125,77.1875,75.5,75.625,38.084556579589844,2356100,LLY
2000-08-25,75.875,76.125,75.25,75.5625,38.05308151245117,1762000,LLY
2000-08-28,75.0,75.75,74.5,74.5,37.51801681518555,3117200,LLY
2000-08-29,74.3125,74.875,73.375,74.0,37.266231536865234,2406800,LLY
2000-08-30,73.75,74.6875,73.4375,74.25,37.39211654663086,2790700,LLY
2000-08-31,73.8125,74.0,73.0,73.015625,36.770503997802734,2633200,LLY
2000-09-01,74.25,74.25,72.5625,72.6875,36.605281829833984,1791800,LLY
2000-09-05,71.0,72.0,68.875,69.75,35.12592697143555,7079900,LLY
2000-09-06,69.875,69.9375,66.625,67.375,33.929893493652344,5695100,LLY
2000-09-07,67.0,69.625,66.875,69.0,34.748252868652344,4834600,LLY
2000-09-08,69.0,70.0,69.0,69.34375,34.92135238647461,2968400,LLY
2000-09-11,70.4375,70.5625,69.875,70.25,35.37773513793945,2803400,LLY
2000-09-12,70.5625,72.375,70.0,71.625,36.07017517089844,3026500,LLY
2000-09-13,72.0,75.0,71.75,74.4375,37.486549377441406,3955600,LLY
2000-09-14,74.375,74.625,72.8125,73.75,37.14033126831055,2499300,LLY
2000-09-15,74.5625,74.8125,72.375,72.9375,36.73115539550781,2843200,LLY
2000-09-18,73.9375,75.5625,73.4375,74.4375,37.486549377441406,2083700,LLY
2000-09-19,75.25,76.0,73.5625,75.875,38.21045684814453,2372900,LLY
2000-09-20,75.875,77.375,74.125,74.125,37.32917022705078,2166900,LLY
2000-09-21,77.25,78.0625,76.8125,78.0625,39.312095642089844,2941300,LLY
2000-09-22,79.0,82.0,78.875,81.5,41.04318618774414,5038900,LLY
2000-09-25,82.3125,83.1875,81.8125,82.859375,41.72776412963867,2634700,LLY
2000-09-26,82.125,82.9375,80.8125,82.625,41.6097526550293,2650600,LLY
2000-09-27,82.0625,82.5,80.625,81.6875,41.137630462646484,2237900,LLY
2000-09-28,80.6875,83.0,80.6875,82.375,41.483829498291016,1983200,LLY
2000-09-29,82.0,82.8125,80.3125,81.125,40.85432434082031,1728100,LLY
2000-10-02,81.25,82.5625,80.3125,80.875,40.72845458984375,1773400,LLY
2000-10-03,79.75,82.9375,79.5625,81.75,41.169090270996094,2200400,LLY
2000-10-04,81.9375,83.6875,81.75,82.5,41.54679870605469,1898000,LLY
2000-10-05,82.0,84.9375,81.25,84.5625,42.58549118041992,3134200,LLY
2000-10-06,83.4375,83.875,81.3125,82.9375,41.76713180541992,1833100,LLY
2000-10-09,83.0,83.625,81.875,82.6875,41.64121627807617,875700,LLY
2000-10-10,82.5,84.9375,82.0625,84.5,42.553993225097656,1674500,LLY
2000-10-11,84.9375,88.125,83.5625,87.4375,44.0333137512207,3373500,LLY
2000-10-12,87.0,88.625,86.1875,87.5,44.06479263305664,3611400,LLY
2000-10-13,87.0,87.5625,86.0,87.0,43.81298065185547,4154400,LLY
2000-10-16,86.625,89.8125,86.5625,89.8125,45.2293815612793,3248800,LLY
2000-10-17,88.375,89.9375,88.0625,89.125,44.883121490478516,2128600,LLY
2000-10-18,87.1875,90.25,87.1875,89.25,44.94607162475586,3193100,LLY
2000-10-19,85.0,89.0,83.125,88.5,44.568382263183594,8349800,LLY
2000-10-20,87.3125,87.4375,85.4375,86.375,43.49823760986328,3050400,LLY
2000-10-23,86.9375,89.6875,86.6875,88.9375,44.78871536254883,2708000,LLY
2000-10-24,88.0,89.3125,86.75,87.6875,44.15922164916992,2407100,LLY
2000-10-25,88.0,90.0625,87.3125,88.8125,44.72575378417969,3161000,LLY
2000-10-26,88.5625,90.5,87.125,87.5,44.06479263305664,3024900,LLY
2000-10-27,87.5,88.9375,85.8125,87.5,44.06479263305664,2629300,LLY
2000-10-30,87.0,88.625,87.0,88.0,44.316612243652344,2264500,LLY
2000-10-31,87.75,89.6875,86.5,89.375,45.00901794433594,3815700,LLY
2000-11-01,89.4375,91.25,89.4375,91.0,45.8273811340332,3751400,LLY
2000-11-02,89.8125,90.1875,87.625,88.5,44.568382263183594,4330100,LLY
2000-11-03,87.25,88.875,86.6875,88.0625,44.34807205200195,2351500,LLY
2000-11-06,86.8125,90.1875,86.5625,89.5625,45.103450775146484,3049400,LLY
2000-11-07,89.8125,91.1875,86.875,87.25,43.93890380859375,2767300,LLY
2000-11-08,89.0,91.8125,88.75,90.4375,45.54413986206055,4827500,LLY
2000-11-09,90.875,91.0,87.125,89.6875,45.16638946533203,2876300,LLY
2000-11-10,89.8125,92.0,89.5,90.5,45.5755729675293,1905700,LLY
2000-11-13,90.125,90.9375,85.0,86.125,43.497318267822266,3413700,LLY
2000-11-14,85.1875,88.8125,84.0,87.875,44.38113021850586,3197400,LLY
2000-11-15,87.5,88.5,86.125,87.6875,44.28646469116211,2131700,LLY
2000-11-16,86.0,88.125,85.8125,86.5625,43.71824645996094,1614000,LLY
2000-11-17,87.125,89.6875,86.625,89.4375,45.17029571533203,2648600,LLY
2000-11-20,89.5,90.75,87.75,87.75,44.318016052246094,2513000,LLY
2000-11-21,88.0,90.6875,87.875,89.875,45.3912353515625,2394200,LLY
2000-11-22,87.875,89.5,86.8125,86.8125,43.84452438354492,2577800,LLY
2000-11-24,87.25,87.375,84.6875,84.8125,42.83442306518555,911500,LLY
2000-11-27,85.125,89.6875,85.0625,88.6875,44.791507720947266,2508600,LLY
2000-11-28,89.9375,92.8125,89.8125,91.75,46.338199615478516,4416600,LLY
2000-11-29,92.25,95.375,92.25,94.5,47.72707748413086,4234800,LLY
2000-11-30,95.125,97.125,93.625,93.6875,47.316749572753906,5878000,LLY
2000-12-01,93.0,93.1875,89.5625,90.0625,45.485904693603516,6102200,LLY
2000-12-04,88.875,92.3125,88.875,90.4375,45.67534255981445,4109700,LLY
2000-12-05,90.5,91.4375,89.25,90.375,45.643768310546875,3461800,LLY
2000-12-06,91.3125,91.625,89.6875,90.375,45.643768310546875,3597000,LLY
2000-12-07,90.75,93.375,90.75,92.125,46.527584075927734,2369400,LLY
2000-12-08,91.125,93.5,90.0625,92.5625,46.7485466003418,2988400,LLY
2000-12-11,91.5,94.625,91.25,92.875,46.906375885009766,2303200,LLY
2000-12-12,92.0,93.9375,91.125,92.3125,46.62226867675781,2400200,LLY
2000-12-13,92.375,93.3125,90.625,91.0,45.95942687988281,3001000,LLY
2000-12-14,89.5625,91.375,89.5625,89.75,45.32810592651367,1928600,LLY
2000-12-15,87.8125,89.9375,87.8125,89.25,45.075584411621094,4781700,LLY
2000-12-18,88.75,89.5,87.3125,88.5,44.69680404663086,1941600,LLY
2000-12-19,88.375,90.4375,88.25,89.0,44.949344635009766,2234500,LLY
2000-12-20,88.9375,91.5,88.1875,90.9375,45.9278678894043,2701500,LLY
2000-12-21,90.1875,92.0,89.6875,90.75,45.833160400390625,2600700,LLY
2000-12-22,90.6875,90.6875,86.5,87.6875,44.28646469116211,3041700,LLY
2000-12-26,87.4375,91.4375,87.4375,89.9375,45.42279815673828,1579700,LLY
2000-12-27,89.5,92.1875,88.9375,89.125,45.012451171875,1769300,LLY
2000-12-28,90.25,92.5,89.625,91.625,46.27507400512695,1332700,LLY
2000-12-29,92.625,94.0,91.6875,93.0625,47.001094818115234,1992900,LLY
2001-01-02,93.0,95.0,90.5,91.5,46.21192932128906,4073500,LLY
2001-01-03,90.4375,91.0,85.375,86.3125,43.592002868652344,6617800,LLY
2001-01-04,84.0625,84.8125,79.3125,81.125,40.972042083740234,12352700,LLY
2001-01-05,81.0,82.375,79.5625,80.6875,40.7510871887207,5873900,LLY
2001-01-08,81.0,81.875,79.5,80.75,40.78266143798828,3408300,LLY
2001-01-09,81.4375,84.75,81.0,84.5,42.67661666870117,4146600,LLY
2001-01-10,84.5,85.25,82.375,83.375,42.1084098815918,3208100,LLY
2001-01-11,83.9375,83.9375,81.4375,81.625,41.2245979309082,3134600,LLY
2001-01-12,81.875,83.1875,80.0,80.0,40.403900146484375,3464100,LLY
2001-01-16,80.125,84.375,79.25,83.25,42.04530334472656,2910900,LLY
2001-01-17,82.5,82.75,81.0,81.5625,41.1930046081543,2578100,LLY
2001-01-18,82.625,83.625,81.625,81.75,41.2877082824707,2934700,LLY
2001-01-19,81.75,82.625,80.4375,80.75,40.78266143798828,3170600,LLY
2001-01-22,81.375,82.4375,80.875,81.75,41.2877082824707,2305400,LLY
2001-01-23,81.8125,83.5,80.6875,83.125,41.982173919677734,2380600,LLY
2001-01-24,82.125,83.3125,81.375,82.75,41.79277420043945,1752800,LLY
2001-01-25,81.0,83.8125,80.6875,83.0625,41.950584411621094,3537600,LLY
2001-01-26,83.9375,84.4375,82.25,82.5,41.666500091552734,2890900,LLY
2001-01-29,82.5,83.69999694824219,81.0,81.0999984741211,40.95943069458008,3284700,LLY
2001-01-30,80.31999969482422,81.48999786376953,79.0199966430664,79.80999755859375,40.30791091918945,3200400,LLY
2001-01-31,79.83000183105469,79.83000183105469,78.01000213623047,78.80000305175781,39.79783630371094,5361700,LLY
2001-02-01,78.80000305175781,80.83000183105469,78.80000305175781,80.1500015258789,40.47964859008789,3037300,LLY
2001-02-02,81.19999694824219,82.13999938964844,81.01000213623047,81.9000015258789,41.36349105834961,2955800,LLY
2001-02-05,82.4800033569336,83.69999694824219,79.75,79.9000015258789,40.3534049987793,4123600,LLY
2001-02-06,77.0,78.79000091552734,77.0,77.5,39.14126968383789,8141300,LLY
2001-02-07,77.5,79.41000366210938,77.05999755859375,78.94999694824219,39.87357711791992,5436800,LLY
2001-02-08,80.0,81.5,79.55000305175781,80.98999786376953,40.90388107299805,2905400,LLY
2001-02-09,81.48999786376953,81.98999786376953,79.30000305175781,80.75,40.78266143798828,4412700,LLY
2001-02-12,81.5,81.7300033569336,79.70999908447266,80.4000015258789,40.60590744018555,4179900,LLY
2001-02-13,81.0,81.0,79.41000366210938,79.98999786376953,40.54000473022461,2631000,LLY
2001-02-14,79.5,79.98999786376953,76.87000274658203,77.08000183105469,39.06520080566406,4589500,LLY
2001-02-15,77.27999877929688,77.4000015258789,74.80000305175781,75.25,38.137733459472656,5449200,LLY
2001-02-16,74.55000305175781,74.98999786376953,72.9800033569336,73.0,36.99739074707031,4468900,LLY
2001-02-20,74.0,74.69999694824219,73.25,73.68000030517578,37.342018127441406,6502200,LLY
2001-02-21,74.4800033569336,74.6500015258789,73.75,73.76000213623047,37.38258743286133,3659000,LLY
2001-02-22,74.86000061035156,75.0,72.91000366210938,74.23999786376953,37.6258430480957,4232600,LLY
2001-02-23,74.4800033569336,76.19999694824219,72.75,75.94999694824219,38.49248504638672,3665500,LLY
2001-02-26,76.0,77.48999786376953,74.75,77.38999938964844,39.2223014831543,2991400,LLY
2001-02-27,76.9000015258789,78.36000061035156,76.55000305175781,78.0,39.53145980834961,2881600,LLY
2001-02-28,78.75,79.98999786376953,78.52999877929688,79.45999908447266,40.271419525146484,3058500,LLY
2001-03-01,78.20999908447266,80.0999984741211,78.20999908447266,78.9800033569336,40.02814865112305,3441300,LLY
2001-03-02,78.9800033569336,80.38999938964844,78.54000091552734,79.33000183105469,40.20552062988281,2579100,LLY
2001-03-05,78.25,80.19000244140625,77.5,79.45999908447266,40.271419525146484,2800800,LLY
2001-03-06,79.36000061035156,79.36000061035156,77.5199966430664,77.95999908447266,39.51119613647461,3526700,LLY
2001-03-07,79.19999694824219,79.23999786376953,75.75,76.7699966430664,38.90808868408203,4664800,LLY
2001-03-08,75.76000213623047,77.5,75.36000061035156,77.4000015258789,39.22738265991211,4257600,LLY
2001-03-09,77.69999694824219,79.27999877929688,77.61000061035156,79.0,40.03827667236328,3216500,LLY
2001-03-12,78.0,79.38999938964844,78.0,78.5,39.78487777709961,3151300,LLY
2001-03-13,78.0,78.47000122070312,77.01000213623047,78.30000305175781,39.68350601196289,3140000,LLY
2001-03-14,77.30000305175781,78.68000030517578,76.2300033569336,76.94000244140625,38.99421691894531,2545400,LLY
2001-03-15,76.69000244140625,76.9000015258789,74.9800033569336,75.73999786376953,38.38605880737305,3545200,LLY
2001-03-16,75.19999694824219,75.91000366210938,73.41999816894531,74.44000244140625,37.72719955444336,5966700,LLY
2001-03-19,73.91000366210938,76.75,73.75,76.0,38.51784133911133,3512800,LLY
2001-03-20,76.01000213623047,77.19000244140625,75.5,76.5,38.771240234375,3280100,LLY
2001-03-21,76.5,76.5999984741211,73.62999725341797,74.22000122070312,37.61570739746094,3763300,LLY
2001-03-22,74.0,74.01000213623047,70.01000213623047,73.3499984741211,37.17478942871094,7194300,LLY
2001-03-23,73.0999984741211,73.0999984741211,70.80000305175781,72.58999633789062,36.789588928222656,5570500,LLY
2001-03-26,73.0999984741211,74.80000305175781,72.5999984741211,74.38999938964844,37.70185470581055,2991800,LLY
2001-03-27,74.38999938964844,76.22000122070312,74.18000030517578,76.22000122070312,38.62931823730469,2840100,LLY
2001-03-28,75.0999984741211,77.5,74.55000305175781,77.36000061035156,39.20710754394531,4162100,LLY
2001-03-29,76.5999984741211,77.19999694824219,74.6500015258789,75.69999694824219,38.36579513549805,3791900,LLY
2001-03-30,75.69999694824219,77.01000213623047,74.69999694824219,76.66000366210938,38.85233688354492,4271400,LLY
2001-04-02,76.91000366210938,76.94000244140625,74.62000274658203,75.45999908447266,38.244163513183594,3137100,LLY
2001-04-03,75.0,77.4800033569336,74.91000366210938,75.01000213623047,38.01608657836914,3167000,LLY
2001-04-04,74.4000015258789,76.98999786376953,74.01000213623047,76.20999908447266,38.62425994873047,3059500,LLY
2001-04-05,75.5999984741211,77.12000274658203,75.4800033569336,77.12000274658203,39.08544921875,4545500,LLY
2001-04-06,76.80000305175781,78.8499984741211,76.0999984741211,77.5,39.2780647277832,4226500,LLY
2001-04-09,76.75,78.38999938964844,76.75,77.91999816894531,39.49092102050781,2989100,LLY
2001-04-10,78.5,78.88999938964844,77.0999984741211,78.36000061035156,39.71392059326172,3230300,LLY
2001-04-11,77.5,77.51000213623047,75.8499984741211,76.91999816894531,38.98411560058594,4072100,LLY
2001-04-12,77.0999984741211,78.08999633789062,77.0,77.44000244140625,39.24763488769531,3079200,LLY
2001-04-16,78.0,79.7300033569336,78.0,79.0,40.03827667236328,3628800,LLY
2001-04-17,79.1500015258789,80.88999938964844,78.5999984741211,80.88999938964844,40.996158599853516,2552700,LLY
2001-04-18,79.98999786376953,80.94999694824219,79.05999755859375,79.87999725341797,40.48429870605469,5013000,LLY
2001-04-19,80.0,80.3499984741211,78.5999984741211,79.79000091552734,40.438655853271484,2632500,LLY
2001-04-20,79.54000091552734,80.63999938964844,78.51000213623047,80.0999984741211,40.59575653076172,3986900,LLY
2001-04-23,80.0999984741211,81.48999786376953,79.75,80.38999938964844,40.74274826049805,2795900,LLY
2001-04-24,80.38999938964844,81.33999633789062,78.87000274658203,79.05999755859375,40.06867980957031,2581800,LLY
2001-04-25,79.76000213623047,82.0999984741211,79.58000183105469,81.33999633789062,41.224220275878906,2845300,LLY
2001-04-26,81.58999633789062,81.83999633789062,80.0199966430664,81.38999938964844,41.24958038330078,2745000,LLY
2001-04-27,81.4000015258789,82.87999725341797,80.0,82.80000305175781,41.96416473388672,2567700,LLY
2001-04-30,83.66999816894531,85.19000244140625,83.58000183105469,85.0,43.079139709472656,4032600,LLY
2001-05-01,84.9000015258789,86.0,84.22000122070312,85.62999725341797,43.39845275878906,3096500,LLY
2001-05-02,85.12999725341797,86.87999725341797,84.5999984741211,86.4000015258789,43.788700103759766,3082100,LLY
2001-05-03,86.0999984741211,86.77999877929688,84.3499984741211,85.31999969482422,43.24135208129883,2353500,LLY
2001-05-04,85.33000183105469,86.8499984741211,84.06999969482422,86.04000091552734,43.606239318847656,2144800,LLY
2001-05-07,85.0,87.0,84.75,86.77999877929688,43.98128890991211,1549700,LLY
2001-05-08,85.80000305175781,86.12000274658203,84.19999694824219,86.04000091552734,43.606239318847656,2842700,LLY
2001-05-09,86.19999694824219,86.6500015258789,84.55000305175781,85.51000213623047,43.33763885498047,2795900,LLY
2001-05-10,85.98999786376953,85.98999786376953,84.79000091552734,85.01000213623047,43.084224700927734,2912500,LLY
2001-05-11,84.73999786376953,85.25,83.69999694824219,83.9000015258789,42.66218185424805,2027500,LLY
2001-05-14,83.9000015258789,84.7699966430664,83.69999694824219,84.44000244140625,42.9367790222168,1633300,LLY
2001-05-15,84.69000244140625,85.26000213623047,83.9000015258789,84.80000305175781,43.119842529296875,2504400,LLY
2001-05-16,85.5,86.98999786376953,85.19999694824219,86.26000213623047,43.86220932006836,2892900,LLY
2001-05-17,86.30000305175781,88.6500015258789,86.2699966430664,87.7300033569336,44.60969924926758,2782300,LLY
2001-05-18,87.8499984741211,88.0,85.01000213623047,85.48999786376953,43.470672607421875,3105600,LLY
2001-05-21,85.48999786376953,85.97000122070312,85.08000183105469,85.8499984741211,43.65370559692383,2402800,LLY
2001-05-22,84.5999984741211,86.4000015258789,84.30999755859375,85.55999755859375,43.50625991821289,1546700,LLY
2001-05-23,86.30000305175781,86.80000305175781,84.08999633789062,84.5,42.967281341552734,2933600,LLY
2001-05-24,84.30000305175781,84.9000015258789,84.01000213623047,84.9000015258789,43.170654296875,2646200,LLY
2001-05-25,84.25,84.5999984741211,83.66999816894531,84.0199966430664,42.72321701049805,2082900,LLY
2001-05-29,84.0,86.33999633789062,84.0,85.9000015258789,43.67914962768555,2214700,LLY
2001-05-30,85.9000015258789,86.1500015258789,84.54000091552734,84.69999694824219,43.06896209716797,2622900,LLY
2001-05-31,84.0,84.69999694824219,83.01000213623047,84.69999694824219,43.06896209716797,2614000,LLY
2001-06-01,84.9000015258789,86.61000061035156,83.9000015258789,86.43000030517578,43.948673248291016,1985600,LLY
2001-06-04,86.0,87.37000274658203,85.8499984741211,87.0,44.238494873046875,1887700,LLY
2001-06-05,87.0,88.47000122070312,86.27999877929688,88.0999984741211,44.7978401184082,2272300,LLY
2001-06-06,88.0999984741211,88.47000122070312,86.58000183105469,86.98999786376953,44.2334098815918,2091800,LLY
2001-06-07,86.5,87.23999786376953,86.41999816894531,87.04000091552734,44.25884246826172,2090500,LLY
2001-06-08,86.5999984741211,87.4000015258789,86.5199966430664,87.04000091552734,44.25884246826172,1514300,LLY
2001-06-11,87.0,87.26000213623047,86.38999938964844,87.0,44.238494873046875,1986400,LLY
2001-06-12,87.0,87.61000061035156,86.01000213623047,86.5,43.9842529296875,2190100,LLY
2001-06-13,83.30000305175781,84.0999984741211,82.86000061035156,83.69999694824219,42.560482025146484,5633800,LLY
2001-06-14,83.5,83.63999938964844,83.0,83.5,42.45879364013672,2933900,LLY
2001-06-15,82.7300033569336,82.8499984741211,80.87999725341797,81.4000015258789,41.39097595214844,4660100,LLY
2001-06-18,80.5999984741211,81.73999786376953,80.33999633789062,80.87999725341797,41.12654113769531,3056700,LLY
2001-06-19,80.19999694824219,80.30000305175781,78.05999755859375,78.70999908447266,40.02311706542969,4023300,LLY
2001-06-20,78.6500015258789,79.97000122070312,78.6500015258789,79.5199966430664,40.434993743896484,3007800,LLY
2001-06-21,79.69999694824219,79.9800033569336,78.41999816894531,78.5,39.916351318359375,3323200,LLY
2001-06-22,77.4000015258789,77.41000366210938,75.51000213623047,76.4000015258789,38.8485107421875,5402400,LLY
2001-06-25,76.5,76.75,75.19999694824219,75.5199966430664,38.401058197021484,2413100,LLY
2001-06-26,75.52999877929688,76.5,75.19999694824219,75.7300033569336,38.50783157348633,2597100,LLY
2001-06-27,75.80000305175781,75.80000305175781,74.0,74.0199966430664,37.6383171081543,3075100,LLY
2001-06-28,74.0,74.0,73.27999877929688,73.68000030517578,37.46540832519531,4894000,LLY
2001-06-29,74.0,75.23999786376953,73.69999694824219,74.0,37.628143310546875,5187900,LLY
2001-07-02,74.5,76.9000015258789,74.5,75.75,38.51798629760742,2761800,LLY
2001-07-03,76.0,76.45999908447266,74.97000122070312,76.3499984741211,38.823081970214844,1949300,LLY
2001-07-05,76.0,76.41000366210938,74.58999633789062,75.5999984741211,38.44172668457031,2000000,LLY
2001-07-06,75.0,75.55000305175781,74.51000213623047,75.11000061035156,38.19256591796875,2013200,LLY
2001-07-09,75.11000061035156,76.4000015258789,74.5999984741211,76.4000015258789,38.8485107421875,2160200,LLY
2001-07-10,76.0999984741211,76.36000061035156,74.4800033569336,74.69999694824219,37.98408508300781,3042500,LLY
2001-07-11,74.69999694824219,77.18000030517578,74.43000030517578,75.80000305175781,38.54343032836914,5403900,LLY
2001-07-12,75.19999694824219,75.3499984741211,74.0,74.55000305175781,37.907806396484375,4092500,LLY
2001-07-13,74.5,76.19999694824219,74.48999786376953,75.77999877929688,38.53324508666992,2219900,LLY
2001-07-16,75.0999984741211,75.77999877929688,74.72000122070312,75.0999984741211,38.18748092651367,1939200,LLY
2001-07-17,74.25,75.69999694824219,74.25,75.05000305175781,38.16207504272461,2134200,LLY
2001-07-18,74.5999984741211,76.94999694824219,74.5999984741211,76.75,39.02647399902344,4052600,LLY
2001-07-19,77.8499984741211,78.48999786376953,76.51000213623047,77.45999908447266,39.38753890991211,4416800,LLY
2001-07-20,77.20999908447266,77.83999633789062,76.1500015258789,77.4000015258789,39.35700225830078,2600700,LLY
2001-07-23,78.19999694824219,78.19999694824219,76.30000305175781,76.55000305175781,38.92478942871094,2194600,LLY
2001-07-24,76.6500015258789,76.69999694824219,75.9000015258789,76.11000061035156,38.7010498046875,2197200,LLY
2001-07-25,76.94999694824219,77.1500015258789,75.81999969482422,76.30000305175781,38.79766845703125,2340700,LLY
2001-07-26,76.5,78.68000030517578,76.3499984741211,78.12000274658203,39.72311019897461,2595500,LLY
2001-07-27,77.44999694824219,80.0,77.44999694824219,78.37999725341797,39.85531997680664,2895700,LLY
2001-07-30,79.0999984741211,79.63999938964844,78.30000305175781,79.08999633789062,40.21632766723633,2317200,LLY
2001-07-31,78.5999984741211,80.4800033569336,78.56999969482422,79.27999877929688,40.312950134277344,2700900,LLY
2001-08-01,79.0,79.4000015258789,78.23999786376953,78.9000015258789,40.1197509765625,3592000,LLY
2001-08-02,79.0,80.2699966430664,78.80000305175781,79.55000305175781,40.45026397705078,2046600,LLY
2001-08-03,78.5,79.5,78.36000061035156,79.19999694824219,40.27227783203125,1845100,LLY
2001-08-06,79.4000015258789,79.43000030517578,78.61000061035156,79.05000305175781,40.19599533081055,1734300,LLY
2001-08-07,78.30000305175781,78.66000366210938,78.11000061035156,78.3499984741211,39.84007263183594,1994500,LLY
2001-08-08,77.6500015258789,78.33999633789062,77.25,77.62999725341797,39.473941802978516,1744200,LLY
2001-08-09,77.19000244140625,77.75,76.97000122070312,77.23999786376953,39.27565002441406,1992900,LLY
2001-08-10,76.69999694824219,78.41000366210938,76.69999694824219,78.0999984741211,39.712913513183594,1436300,LLY
2001-08-13,77.19999694824219,78.66999816894531,77.19000244140625,78.45999908447266,40.03955078125,1311500,LLY
2001-08-14,78.70999908447266,79.41000366210938,78.02999877929688,78.38999938964844,40.00383377075195,1573000,LLY
2001-08-15,79.08999633789062,79.8499984741211,78.80999755859375,79.0999984741211,40.36614990234375,1771200,LLY
2001-08-16,78.4000015258789,80.0999984741211,78.3499984741211,80.04000091552734,40.84587478637695,2507000,LLY
2001-08-17,79.55000305175781,80.02999877929688,79.0999984741211,79.80000305175781,40.72336959838867,1815200,LLY
2001-08-20,79.5,81.3499984741211,79.48999786376953,81.08999633789062,41.381683349609375,2874500,LLY
2001-08-21,81.98999786376953,82.19999694824219,80.38999938964844,80.7699966430664,41.21839904785156,2470800,LLY
2001-08-22,80.19999694824219,82.04000091552734,79.70999908447266,81.80000305175781,41.744022369384766,2050000,LLY
2001-08-23,81.36000061035156,82.63999938964844,81.18000030517578,82.44000244140625,42.070613861083984,2270100,LLY
2001-08-24,82.25,83.76000213623047,82.0199966430664,83.66999816894531,42.698299407958984,2520000,LLY
2001-08-27,82.77999877929688,82.88999938964844,82.0199966430664,82.25,41.97365188598633,3229200,LLY
2001-08-28,81.94999694824219,82.0999984741211,79.7699966430664,79.94999694824219,40.799922943115234,4125500,LLY
2001-08-29,80.0,80.12999725341797,79.01000213623047,79.04000091552734,40.335540771484375,2821000,LLY
2001-08-30,79.0999984741211,79.8499984741211,78.80999755859375,79.31999969482422,40.47842025756836,3449300,LLY
2001-08-31,78.8499984741211,79.69999694824219,77.16999816894531,77.62999725341797,39.61597442626953,2176300,LLY
2001-09-04,78.19999694824219,79.69999694824219,78.05000305175781,78.72000122070312,40.172237396240234,2657600,LLY
2001-09-05,78.11000061035156,80.0999984741211,78.0199966430664,79.80000305175781,40.72336959838867,3441900,LLY
2001-09-06,78.75,79.30000305175781,78.01000213623047,78.5,40.059974670410156,2775900,LLY
2001-09-07,78.0199966430664,78.5,76.69999694824219,76.69999694824219,39.14137649536133,4078400,LLY
2001-09-10,76.69999694824219,77.87000274658203,75.88999938964844,77.19999694824219,39.396549224853516,3121200,LLY
2001-09-17,77.44999694824219,79.30000305175781,75.5,77.61000061035156,39.60578155517578,5318800,LLY
2001-09-18,77.55999755859375,78.86000061035156,77.0199966430664,77.95999908447266,39.784366607666016,3268700,LLY
2001-09-19,77.01000213623047,77.48999786376953,73.72000122070312,75.5,38.529022216796875,4535600,LLY
2001-09-20,74.25,75.3499984741211,73.80000305175781,73.91000366210938,37.71759796142578,3766800,LLY
2001-09-21,72.01000213623047,75.30000305175781,71.80999755859375,73.98999786376953,37.7584228515625,7174700,LLY
2001-09-24,76.16000366210938,77.25,74.98999786376953,76.9000015258789,39.243438720703125,4808300,LLY
2001-09-25,76.0,77.5999984741211,76.0,77.19999694824219,39.396549224853516,3656100,LLY
2001-09-26,77.79000091552734,79.5999984741211,77.62000274658203,78.55000305175781,40.08549499511719,4510600,LLY
2001-09-27,78.4000015258789,80.48999786376953,78.1500015258789,80.0999984741211,40.8764762878418,3518500,LLY
2001-09-28,80.0999984741211,81.33999633789062,79.41999816894531,80.69999694824219,41.182682037353516,3770200,LLY
2001-10-01,80.58000183105469,82.0,80.0999984741211,81.66000366210938,41.67257308959961,3443700,LLY
2001-10-02,81.66000366210938,82.98999786376953,81.02999877929688,82.87000274658203,42.290061950683594,2853600,LLY
2001-10-03,78.0,79.2699966430664,77.69999694824219,79.25,40.442718505859375,12183400,LLY
2001-10-04,79.0999984741211,79.19999694824219,78.5999984741211,78.97000122070312,40.299808502197266,6393800,LLY
2001-10-05,78.9000015258789,79.83999633789062,78.72000122070312,79.69000244140625,40.667236328125,2532400,LLY
2001-10-08,79.44999694824219,79.8499984741211,79.11000061035156,79.6500015258789,40.646846771240234,2159600,LLY
2001-10-09,79.44999694824219,79.54000091552734,78.27999877929688,78.69999694824219,40.16202163696289,2756900,LLY
2001-10-10,78.5999984741211,80.0,78.55000305175781,79.75,40.6978645324707,2967200,LLY
2001-10-11,79.4000015258789,79.5999984741211,78.5199966430664,78.98999786376953,40.31003189086914,4644500,LLY
2001-10-12,78.5999984741211,79.6500015258789,78.5,78.88999938964844,40.25898742675781,4555700,LLY
2001-10-15,78.75,78.9000015258789,77.76000213623047,78.05999755859375,39.835411071777344,5562000,LLY
2001-10-16,78.0999984741211,79.48999786376953,77.5,79.0,40.31512451171875,5172000,LLY
2001-10-17,74.0,75.5999984741211,73.5,75.0,38.27385330200195,18131800,LLY
2001-10-18,74.26000213623047,76.44000244140625,74.26000213623047,76.0999984741211,38.8351936340332,5714800,LLY
2001-10-19,76.30000305175781,76.9000015258789,75.25,75.95999908447266,38.76374816894531,3491000,LLY
2001-10-22,75.95999908447266,77.58999633789062,75.5,77.51000213623047,39.55476379394531,3208900,LLY
2001-10-23,77.51000213623047,77.7699966430664,76.7300033569336,77.55999755859375,39.58026885986328,3590400,LLY
2001-10-24,77.56999969482422,79.80000305175781,77.5,78.19999694824219,39.9068489074707,8380900,LLY
2001-10-25,77.6500015258789,79.16000366210938,77.16000366210938,79.0,40.31512451171875,3822600,LLY
2001-10-26,78.19999694824219,80.05000305175781,78.05999755859375,79.69999694824219,40.672332763671875,4269000,LLY
2001-10-29,80.1500015258789,81.55000305175781,79.29000091552734,79.37000274658203,40.50394058227539,5524800,LLY
2001-10-30,79.94999694824219,80.0,77.0,77.2699966430664,39.43227005004883,4287300,LLY
2001-10-31,77.73999786376953,77.73999786376953,76.08999633789062,76.5,39.03931427001953,4701200,LLY
2001-11-01,76.5,77.41000366210938,75.91999816894531,76.94999694824219,39.26894760131836,3083900,LLY
2001-11-02,76.9000015258789,78.4000015258789,76.54000091552734,77.88999938964844,39.74867248535156,2560400,LLY
2001-11-05,78.88999938964844,79.55000305175781,78.04000091552734,78.5,40.059974670410156,2969800,LLY
2001-11-06,78.1500015258789,79.69999694824219,78.0999984741211,79.5999984741211,40.62131881713867,2611600,LLY
2001-11-07,79.8499984741211,80.83999633789062,79.70999908447266,80.1500015258789,40.902000427246094,3457700,LLY
2001-11-08,79.69999694824219,80.19999694824219,78.80000305175781,79.36000061035156,40.49882888793945,3203900,LLY
2001-11-09,79.19999694824219,79.69999694824219,78.44999694824219,78.47000122070312,40.04465866088867,2177500,LLY
2001-11-12,77.91999816894531,78.77999877929688,77.0,78.5,40.059974670410156,1967700,LLY
2001-11-13,78.27999877929688,78.98999786376953,78.19000244140625,78.97000122070312,40.444068908691406,2072800,LLY
2001-11-14,78.97000122070312,78.9800033569336,78.0999984741211,78.23999786376953,40.07020950317383,2752600,LLY
2001-11-15,78.69000244140625,79.22000122070312,77.73999786376953,78.37000274658203,40.13678741455078,2026900,LLY
2001-11-16,78.9000015258789,79.37999725341797,78.69000244140625,79.0199966430664,40.46967315673828,1921600,LLY
2001-11-19,78.5,80.05000305175781,78.45999908447266,79.98999786376953,40.96648025512695,3438900,LLY
2001-11-20,80.23999786376953,81.68000030517578,80.01000213623047,81.13999938964844,41.55540466308594,2975500,LLY
2001-11-21,81.9000015258789,83.79000091552734,81.8499984741211,83.33000183105469,42.67701721191406,5765100,LLY
2001-11-23,82.75,82.77999877929688,82.16000366210938,82.41999816894531,42.21095275878906,2059300,LLY
2001-11-26,82.0,83.2699966430664,81.55000305175781,82.63999938964844,42.32365417480469,3582800,LLY
2001-11-27,82.4000015258789,82.94999694824219,81.70999908447266,82.2300033569336,42.11367416381836,3350700,LLY
2001-11-28,82.44999694824219,82.63999938964844,81.16000366210938,81.44999694824219,41.71416091918945,1888900,LLY
2001-11-29,81.36000061035156,82.72000122070312,81.16000366210938,82.55000305175781,42.27753829956055,2862700,LLY
2001-11-30,82.5999984741211,83.0,82.16000366210938,82.66999816894531,42.339012145996094,1853100,LLY
2001-12-03,82.55000305175781,84.04000091552734,82.44000244140625,83.5999984741211,42.8153190612793,2586400,LLY
2001-12-04,83.3499984741211,83.3499984741211,82.44000244140625,82.79000091552734,42.40045928955078,2366600,LLY
2001-12-05,82.4800033569336,82.69999694824219,81.66000366210938,82.44999694824219,42.22634506225586,3741500,LLY
2001-12-06,82.25,82.80000305175781,81.3499984741211,81.7699966430664,41.8780632019043,2150400,LLY
2001-12-07,82.25,82.5999984741211,81.69999694824219,82.31999969482422,42.15976333618164,1823800,LLY
2001-12-10,81.80000305175781,81.98999786376953,80.80000305175781,81.54000091552734,41.760276794433594,2500100,LLY
2001-12-11,80.9000015258789,82.9000015258789,80.02999877929688,80.4000015258789,41.176448822021484,3902700,LLY
2001-12-12,80.75,81.79000091552734,78.52999877929688,79.01000213623047,40.46455764770508,5742700,LLY
2001-12-13,79.0999984741211,81.22000122070312,79.0,80.47000122070312,41.2122802734375,4080400,LLY
2001-12-14,80.0,82.54000091552734,79.5,81.80999755859375,41.89855194091797,3124000,LLY
2001-12-17,82.63999938964844,84.30000305175781,82.19999694824219,82.80000305175781,42.405582427978516,2978700,LLY
2001-12-18,82.0,82.88999938964844,81.69999694824219,82.63999938964844,42.32365417480469,3011600,LLY
2001-12-19,81.5,82.0999984741211,80.76000213623047,81.5999984741211,41.79103088378906,5015900,LLY
2001-12-20,80.80000305175781,81.30000305175781,79.80000305175781,80.02999877929688,40.986934661865234,5982200,LLY
2001-12-21,79.25,79.8499984741211,76.69000244140625,78.4000015258789,40.152156829833984,11155400,LLY
2001-12-24,78.5999984741211,79.80999755859375,78.5,79.73999786376953,40.83842086791992,1827600,LLY
2001-12-26,79.80000305175781,80.11000061035156,79.30000305175781,79.30000305175781,40.61307144165039,1307600,LLY
2001-12-27,78.80999755859375,79.36000061035156,78.31999969482422,79.23999786376953,40.582359313964844,2124500,LLY
2001-12-28,79.58999633789062,79.98999786376953,79.37999725341797,79.83999633789062,40.88962936401367,1718900,LLY
2001-12-31,79.20999908447266,79.3499984741211,78.45999908447266,78.54000091552734,40.22385025024414,1996300,LLY
2002-01-02,78.5,78.8499984741211,77.0199966430664,78.5,40.20335388183594,2471600,LLY
2002-01-03,77.91000366210938,77.91999816894531,77.01000213623047,77.66000366210938,39.773170471191406,2505000,LLY
2002-01-04,77.80000305175781,78.13999938964844,77.26000213623047,77.69999694824219,39.79365921020508,2637400,LLY
2002-01-07,77.16000366210938,77.29000091552734,76.4000015258789,76.8499984741211,39.358306884765625,2623900,LLY
2002-01-08,76.5,77.30000305175781,75.3499984741211,75.6500015258789,38.74374771118164,4097700,LLY
2002-01-09,75.5999984741211,76.3499984741211,75.19999694824219,75.31999969482422,38.57475280761719,4292600,LLY
2002-01-10,75.56999969482422,77.1500015258789,75.44999694824219,76.80000305175781,39.33272171020508,3317900,LLY
2002-01-11,77.55000305175781,78.0,76.4000015258789,76.4000015258789,39.12786865234375,3160300,LLY
2002-01-14,76.4000015258789,77.73999786376953,75.76000213623047,77.0,39.43513870239258,2931500,LLY
2002-01-15,77.58999633789062,78.04000091552734,76.86000061035156,77.05000305175781,39.46076965332031,3549300,LLY
2002-01-16,77.0,77.58999633789062,76.05999755859375,76.05999755859375,38.95372009277344,2646900,LLY
2002-01-17,76.19999694824219,76.27999877929688,75.01000213623047,75.43000030517578,38.631080627441406,2304400,LLY
2002-01-18,75.05000305175781,75.75,74.26000213623047,74.58999633789062,38.200862884521484,3904500,LLY
2002-01-22,74.41000366210938,75.8499984741211,74.41000366210938,75.8499984741211,38.84617233276367,3622700,LLY
2002-01-23,75.98999786376953,76.69000244140625,75.44999694824219,75.7699966430664,38.8051872253418,2752800,LLY
2002-01-24,75.0,75.01000213623047,73.0999984741211,74.0999984741211,37.94991683959961,5630500,LLY
2002-01-25,74.19999694824219,75.58999633789062,74.0,75.11000061035156,38.467201232910156,3654100,LLY
2002-01-28,75.05000305175781,75.1500015258789,74.0199966430664,74.29000091552734,38.04723358154297,2568700,LLY
2002-01-29,74.44999694824219,74.8499984741211,72.91000366210938,73.4000015258789,37.59143829345703,2812400,LLY
2002-01-30,73.0999984741211,74.4000015258789,73.0,74.04000091552734,37.91919708251953,3451100,LLY
2002-01-31,74.0999984741211,75.0999984741211,73.19999694824219,75.0999984741211,38.46206283569336,3081300,LLY
2002-02-01,74.8499984741211,75.19999694824219,74.27999877929688,74.79000091552734,38.30329895019531,1941700,LLY
2002-02-04,74.79000091552734,75.2300033569336,72.88999938964844,73.30000305175781,37.54022216796875,1887200,LLY
2002-02-05,73.05000305175781,74.55000305175781,73.05000305175781,73.94000244140625,37.86797332763672,2251800,LLY
2002-02-06,73.77999877929688,74.75,73.25,73.36000061035156,37.5709342956543,2384500,LLY
2002-02-07,73.80000305175781,73.88999938964844,72.25,72.86000061035156,37.314884185791016,2471000,LLY
2002-02-08,72.41000366210938,73.70999908447266,72.1500015258789,73.66999816894531,37.729705810546875,2211800,LLY
2002-02-11,72.95999908447266,75.47000122070312,72.9000015258789,74.86000061035156,38.33915710449219,2185100,LLY
2002-02-12,74.87000274658203,76.22000122070312,74.66999816894531,75.75,38.79496765136719,2318200,LLY
2002-02-13,76.08999633789062,76.36000061035156,75.25,76.12000274658203,39.14463424682617,1908700,LLY
2002-02-14,76.12000274658203,77.29000091552734,75.6500015258789,76.41999816894531,39.29893493652344,2835700,LLY
2002-02-15,76.87000274658203,77.05000305175781,76.0,76.38999938964844,39.283504486083984,1925500,LLY
2002-02-19,76.38999938964844,76.38999938964844,75.44000244140625,75.68000030517578,38.91840362548828,1636300,LLY
2002-02-20,75.69000244140625,76.98999786376953,75.2699966430664,76.83000183105469,39.509765625,2887700,LLY
2002-02-21,76.83000183105469,77.48999786376953,76.5999984741211,76.5999984741211,39.391483306884766,3269300,LLY
2002-02-22,76.1500015258789,77.44000244140625,76.1500015258789,77.08000183105469,39.63833236694336,2616200,LLY
2002-02-25,77.08000183105469,77.98999786376953,76.38999938964844,76.6500015258789,39.417205810546875,2775400,LLY
2002-02-26,75.83000183105469,76.55999755859375,75.25,75.91999816894531,39.041805267333984,3213300,LLY
2002-02-27,76.5,77.70999908447266,76.19999694824219,77.44000244140625,39.82346725463867,2543100,LLY
2002-02-28,77.44000244140625,77.9000015258789,75.7300033569336,75.7300033569336,38.94410705566406,2669500,LLY
2002-03-01,75.6500015258789,77.6500015258789,74.55000305175781,77.5,39.85431671142578,2902700,LLY
2002-03-04,77.0,78.5,76.25,78.5,40.36854553222656,4752900,LLY
2002-03-05,78.30000305175781,78.30000305175781,76.8499984741211,77.25,39.725738525390625,2718400,LLY
2002-03-06,76.76000213623047,78.51000213623047,76.76000213623047,78.19999694824219,40.21429443359375,2358900,LLY
2002-03-07,78.37999725341797,78.5999984741211,77.80000305175781,78.4800033569336,40.358272552490234,2529500,LLY
2002-03-08,78.9000015258789,78.94999694824219,77.5999984741211,78.19999694824219,40.21429443359375,2398800,LLY
2002-03-11,78.19999694824219,78.98999786376953,78.05000305175781,78.87999725341797,40.5639762878418,1835700,LLY
2002-03-12,78.0,79.38999938964844,78.0,79.38999938964844,40.82624816894531,2207100,LLY
2002-03-13,79.38999938964844,79.80000305175781,77.75,79.48999786376953,40.87767028808594,5374500,LLY
2002-03-14,79.25,79.69999694824219,78.79000091552734,79.25,40.75425338745117,2000200,LLY
2002-03-15,79.98999786376953,79.98999786376953,79.05000305175781,79.8499984741211,41.06278610229492,3452900,LLY
2002-03-18,79.80000305175781,80.91999816894531,79.25,80.5999984741211,41.4484748840332,3010500,LLY
2002-03-19,80.5999984741211,81.08999633789062,80.2699966430664,80.69000244140625,41.494754791259766,2194900,LLY
2002-03-20,80.69000244140625,80.69000244140625,79.0,79.2300033569336,40.74397659301758,4518700,LLY
2002-03-21,79.69999694824219,79.69999694824219,78.6500015258789,79.0999984741211,40.6771240234375,2124000,LLY
2002-03-22,78.5999984741211,79.0999984741211,78.5199966430664,78.73999786376953,40.491973876953125,1702300,LLY
2002-03-25,78.52999877929688,78.75,77.36000061035156,77.36000061035156,39.78231430053711,2127900,LLY
2002-03-26,77.0,77.5,76.55999755859375,77.0,39.597190856933594,2823500,LLY
2002-03-27,76.25,76.48999786376953,75.30000305175781,75.77999877929688,38.96980285644531,3832900,LLY
2002-03-28,75.41000366210938,76.4000015258789,75.33999633789062,76.19999694824219,39.18580627441406,3554600,LLY
2002-04-01,76.19999694824219,78.0,75.95999908447266,77.72000122070312,39.96744918823242,2639800,LLY
2002-04-02,77.5999984741211,78.9000015258789,77.19999694824219,78.73999786376953,40.491973876953125,3265100,LLY
2002-04-03,78.73999786376953,78.76000213623047,76.5,77.63999938964844,39.92631149291992,3115800,LLY
2002-04-04,76.0,76.5999984741211,75.3499984741211,76.19999694824219,39.18580627441406,3972400,LLY
2002-04-05,76.88999938964844,76.88999938964844,74.80000305175781,75.3499984741211,38.74867248535156,4300300,LLY
2002-04-08,75.3499984741211,75.9000015258789,73.80000305175781,74.5,38.31156539916992,4091800,LLY
2002-04-09,74.80000305175781,75.0999984741211,74.4000015258789,74.56999969482422,38.34757614135742,2831700,LLY
2002-04-10,74.58000183105469,75.37000274658203,74.0999984741211,75.05000305175781,38.59440612792969,2926200,LLY
2002-04-11,75.0999984741211,75.55999755859375,74.0999984741211,74.41000366210938,38.26528549194336,3317600,LLY
2002-04-12,74.44999694824219,74.47000122070312,73.0,73.41999816894531,37.75618362426758,4245000,LLY
2002-04-15,75.0,76.9800033569336,74.2300033569336,75.19999694824219,38.67155838012695,4965500,LLY
2002-04-16,74.3499984741211,75.0,73.5,74.11000061035156,38.111026763916016,5494500,LLY
2002-04-17,73.80000305175781,74.19999694824219,72.31999969482422,73.29000091552734,37.6893310546875,3512200,LLY
2002-04-18,73.8499984741211,74.30999755859375,72.0999984741211,74.16000366210938,38.13673400878906,3518600,LLY
2002-04-19,74.16000366210938,74.16000366210938,73.5199966430664,73.83999633789062,37.9721565246582,2997400,LLY
2002-04-22,74.0,74.0,72.6500015258789,73.41000366210938,37.751033782958984,2856100,LLY
2002-04-23,73.5,73.55000305175781,71.4800033569336,71.9000015258789,36.97452163696289,2865100,LLY
2002-04-24,71.62999725341797,72.25,69.8499984741211,69.88999938964844,35.94088363647461,4395000,LLY
2002-04-25,69.9000015258789,71.44000244140625,69.41999816894531,70.4000015258789,36.20314025878906,4120300,LLY
2002-04-26,70.4000015258789,70.80000305175781,69.5,70.0199966430664,36.00772476196289,2710000,LLY
2002-04-29,69.7699966430664,69.77999877929688,67.55999755859375,68.30000305175781,35.12323760986328,2811000,LLY
2002-04-30,63.61000061035156,66.33999633789062,62.9900016784668,66.05000305175781,33.96616744995117,13382900,LLY
2002-05-01,67.0,67.6500015258789,66.5999984741211,67.19999694824219,34.557552337646484,5900200,LLY
2002-05-02,67.0,68.2699966430664,66.55000305175781,68.0,34.96893310546875,3973100,LLY
2002-05-03,67.25,67.5999984741211,66.52999877929688,66.9000015258789,34.403289794921875,4061700,LLY
2002-05-06,67.0,67.0,65.52999877929688,65.56999969482422,33.719329833984375,2375600,LLY
2002-05-07,66.0,66.56999969482422,64.5,64.8499984741211,33.34907150268555,3714100,LLY
2002-05-08,65.4000015258789,67.8499984741211,65.0199966430664,67.37000274658203,34.64496994018555,2369200,LLY
2002-05-09,66.9000015258789,66.94999694824219,64.8499984741211,65.01000213623047,33.431331634521484,8069900,LLY
2002-05-10,65.01000213623047,65.47000122070312,64.41000366210938,64.70999908447266,33.277069091796875,3238500,LLY
2002-05-13,64.30000305175781,64.69999694824219,64.12000274658203,64.58000183105469,33.37009048461914,2232600,LLY
2002-05-14,64.7699966430664,65.8499984741211,64.7699966430664,65.69999694824219,33.94880294799805,3265500,LLY
2002-05-15,65.0999984741211,65.29000091552734,63.099998474121094,63.5099983215332,32.817176818847656,4390600,LLY
2002-05-16,63.5099983215332,63.7400016784668,62.790000915527344,63.40999984741211,32.7654914855957,3969500,LLY
2002-05-17,63.29999923706055,65.20999908447266,63.150001525878906,65.0,33.58710861206055,2818900,LLY
2002-05-20,65.0,65.4800033569336,63.75,64.0,33.07037353515625,2532300,LLY
2002-05-21,64.01000213623047,64.9800033569336,63.70000076293945,64.0,33.07037353515625,3058700,LLY
2002-05-22,64.4000015258789,64.80999755859375,63.810001373291016,64.16000366210938,33.15304946899414,2693100,LLY
2002-05-23,64.44999694824219,64.9000015258789,63.29999923706055,64.8499984741211,33.50960922241211,3762600,LLY
2002-05-24,64.8499984741211,65.08999633789062,63.7400016784668,63.810001373291016,32.97220230102539,1724100,LLY
2002-05-28,64.1500015258789,64.5,63.79999923706055,63.970001220703125,33.05488204956055,2090800,LLY
2002-05-29,63.849998474121094,64.83999633789062,63.849998474121094,64.30000305175781,33.225406646728516,1950700,LLY
2002-05-30,63.900001525878906,64.68000030517578,63.61000061035156,64.3499984741211,33.25123596191406,2211100,LLY
2002-05-31,65.13999938964844,65.48999786376953,64.4000015258789,64.69999694824219,33.43208694458008,2925500,LLY
2002-06-03,64.69999694824219,65.0,63.70000076293945,63.95000076293945,33.0445442199707,2813500,LLY
2002-06-04,63.15999984741211,63.15999984741211,60.880001068115234,62.060001373291016,32.067935943603516,4420300,LLY
2002-06-05,62.20000076293945,62.65999984741211,61.75,62.65999984741211,32.377960205078125,2992800,LLY
2002-06-06,62.79999923706055,62.83000183105469,61.310001373291016,61.380001068115234,31.716550827026367,3013400,LLY
2002-06-07,61.369998931884766,61.79999923706055,60.15999984741211,61.29999923706055,31.675230026245117,4047700,LLY
2002-06-10,61.0,61.9900016784668,60.5,61.310001373291016,31.680387496948242,2460400,LLY
2002-06-11,61.060001373291016,61.61000061035156,59.56999969482422,59.75,30.874284744262695,5305100,LLY
2002-06-12,59.75,60.33000183105469,58.099998474121094,58.5,30.228391647338867,3679500,LLY
2002-06-13,58.099998474121094,60.599998474121094,57.650001525878906,59.869998931884766,30.936315536499023,4928100,LLY
2002-06-14,59.9900016784668,61.0,58.79999923706055,60.45000076293945,31.235992431640625,2459500,LLY
2002-06-17,60.349998474121094,62.95000076293945,60.31999969482422,62.400001525878906,32.24361801147461,3185500,LLY
2002-06-18,62.02000045776367,62.9900016784668,61.54999923706055,62.63999938964844,32.36763381958008,2339700,LLY
2002-06-19,62.0,62.5,60.04999923706055,60.68000030517578,31.354854583740234,2382100,LLY
2002-06-20,60.400001525878906,61.20000076293945,60.0099983215332,60.150001525878906,31.080991744995117,1793700,LLY
2002-06-21,59.150001525878906,59.56999969482422,58.2599983215332,58.38999938964844,30.171546936035156,3627100,LLY
2002-06-24,58.400001525878906,58.939998626708984,56.40999984741211,57.93000030517578,29.933862686157227,3747900,LLY
2002-06-25,57.939998626708984,59.29999923706055,57.0,57.22999954223633,29.5721492767334,2356500,LLY
2002-06-26,56.900001525878906,58.869998931884766,55.790000915527344,58.11000061035156,30.02685546875,2949200,LLY
2002-06-27,58.29999923706055,59.83000183105469,57.54999923706055,59.83000183105469,30.915626525878906,2323900,LLY
2002-06-28,59.150001525878906,59.79999923706055,56.20000076293945,56.400001525878906,29.143266677856445,7075400,LLY
2002-07-01,56.400001525878906,56.5,52.58000183105469,53.7599983215332,27.779117584228516,6463700,LLY
2002-07-02,53.7599983215332,54.290000915527344,51.650001525878906,52.119998931884766,26.931692123413086,4883100,LLY
2002-07-03,51.79999923706055,52.099998474121094,49.88999938964844,50.4900016784668,26.089426040649414,6556000,LLY
2002-07-05,50.4900016784668,52.25,50.400001525878906,52.25,26.998872756958008,2290900,LLY
2002-07-08,51.900001525878906,52.400001525878906,51.099998474121094,52.09000015258789,26.916173934936523,2838800,LLY
2002-07-09,51.5,51.72999954223633,49.849998474121094,49.97999954223633,25.82590103149414,5156100,LLY
2002-07-10,49.0,50.20000076293945,47.36000061035156,48.18000030517578,24.895784378051758,5983300,LLY
2002-07-11,48.0,49.97999954223633,47.099998474121094,49.70000076293945,25.68121910095215,6714100,LLY
2002-07-12,49.0,50.63999938964844,48.150001525878906,50.2599983215332,25.9705810546875,3746700,LLY
2002-07-15,50.27000045776367,51.95000076293945,48.150001525878906,51.61000061035156,26.668163299560547,7169900,LLY
2002-07-16,50.77000045776367,53.29999923706055,50.720001220703125,52.349998474121094,27.05052947998047,6474800,LLY
2002-07-17,52.599998474121094,52.79999923706055,50.68000030517578,50.900001525878906,26.30128288269043,6311300,LLY
2002-07-18,50.900001525878906,50.900001525878906,43.75,48.540000915527344,25.081809997558594,17962300,LLY
2002-07-19,47.5,48.400001525878906,46.650001525878906,48.150001525878906,24.880298614501953,7225400,LLY
2002-07-22,47.900001525878906,51.0,47.5099983215332,48.68000030517578,25.154157638549805,7048600,LLY
2002-07-23,48.95000076293945,49.849998474121094,48.029998779296875,48.68000030517578,25.154157638549805,5840000,LLY
2002-07-24,47.54999923706055,50.2400016784668,47.02000045776367,49.45000076293945,25.55202293395996,6392100,LLY
2002-07-25,49.650001525878906,52.9900016784668,48.599998474121094,51.810001373291016,26.771512985229492,6485200,LLY
2002-07-26,51.810001373291016,53.900001525878906,51.400001525878906,53.70000076293945,27.748117446899414,4603700,LLY
2002-07-29,55.29999923706055,57.25,55.150001525878906,57.150001525878906,29.530813217163086,5610100,LLY
2002-07-30,56.29999923706055,59.2400016784668,56.16999816894531,58.25,30.09922218322754,5077100,LLY
2002-07-31,56.79999923706055,58.970001220703125,56.15999984741211,58.41999816894531,30.187055587768555,5907400,LLY
2002-08-01,58.41999816894531,58.41999816894531,55.0,55.0,28.419857025146484,5219600,LLY
2002-08-02,55.29999923706055,56.369998931884766,52.599998474121094,53.88999938964844,27.846282958984375,6883800,LLY
2002-08-05,53.400001525878906,53.75,51.349998474121094,51.79999923706055,26.76633071899414,3581500,LLY
2002-08-06,52.45000076293945,54.70000076293945,52.0,52.63999938964844,27.20038414001465,3587900,LLY
2002-08-07,53.20000076293945,55.7400016784668,53.15999984741211,55.52000045776367,28.68855857849121,3402200,LLY
2002-08-08,56.0,57.95000076293945,55.7599983215332,56.810001373291016,29.35513687133789,3956300,LLY
2002-08-09,56.79999923706055,57.9900016784668,56.20000076293945,57.220001220703125,29.566984176635742,2784400,LLY
2002-08-12,57.220001220703125,58.13999938964844,56.40999984741211,58.0,29.970056533813477,2643400,LLY
2002-08-13,57.5,58.209999084472656,56.0,56.0,29.09206199645996,2955100,LLY
2002-08-14,55.459999084472656,58.2400016784668,54.5,58.2400016784668,30.255760192871094,5402200,LLY
2002-08-15,58.2400016784668,58.91999816894531,57.04999923706055,57.83000183105469,30.042770385742188,3034300,LLY
2002-08-16,57.83000183105469,58.2400016784668,56.77000045776367,57.099998474121094,29.663522720336914,2993100,LLY
2002-08-19,56.650001525878906,58.29999923706055,56.630001068115234,57.779998779296875,30.01679229736328,2435400,LLY
2002-08-20,56.56999969482422,57.75,56.52000045776367,57.040000915527344,29.632362365722656,2479500,LLY
2002-08-21,56.95000076293945,58.119998931884766,56.70000076293945,58.119998931884766,30.193424224853516,2631900,LLY
2002-08-22,58.20000076293945,62.20000076293945,58.0,62.150001525878906,32.28700637817383,5901900,LLY
2002-08-23,62.0,62.0,59.5,59.56999969482422,30.946697235107422,3678100,LLY
2002-08-26,60.20000076293945,60.20000076293945,57.7599983215332,59.650001525878906,30.98825454711914,3127700,LLY
2002-08-27,59.790000915527344,60.150001525878906,58.15999984741211,58.4900016784668,30.385635375976562,3343400,LLY
2002-08-28,58.20000076293945,58.79999923706055,57.45000076293945,58.0,30.131101608276367,2025900,LLY
2002-08-29,57.29999923706055,58.150001525878906,56.529998779296875,57.0099983215332,29.616769790649414,2599600,LLY
2002-08-30,56.7599983215332,58.54999923706055,56.29999923706055,58.04999923706055,30.15704917907715,2688700,LLY
2002-09-03,57.70000076293945,57.79999923706055,55.75,55.81999969482422,28.998563766479492,3459300,LLY
2002-09-04,56.0,57.79999923706055,55.54999923706055,57.619998931884766,29.933664321899414,3033200,LLY
2002-09-05,57.0,57.0,55.75,56.20000076293945,29.195964813232422,4027500,LLY
2002-09-06,56.79999923706055,57.099998474121094,55.79999923706055,56.02000045776367,29.10245704650879,2875500,LLY
2002-09-09,56.09000015258789,57.97999954223633,55.79999923706055,57.56999969482422,29.907682418823242,3202400,LLY
2002-09-10,57.45000076293945,58.150001525878906,56.900001525878906,57.810001373291016,30.032365798950195,1799800,LLY
2002-09-11,57.810001373291016,58.90999984741211,57.720001220703125,58.040000915527344,30.151865005493164,1839800,LLY
2002-09-12,58.349998474121094,58.349998474121094,57.5,57.939998626708984,30.09990882873535,2591200,LLY
2002-09-13,57.79999923706055,58.189998626708984,57.04999923706055,58.06999969482422,30.167442321777344,2641600,LLY
2002-09-16,57.900001525878906,59.29999923706055,57.209999084472656,58.75,30.520709991455078,2542100,LLY
2002-09-17,59.650001525878906,60.0,57.279998779296875,57.58000183105469,29.912879943847656,3314700,LLY
2002-09-18,57.58000183105469,57.58000183105469,55.86000061035156,57.06999969482422,29.64793586730957,3107800,LLY
2002-09-19,56.11000061035156,56.65999984741211,55.20000076293945,55.31999969482422,28.738815307617188,2733100,LLY
2002-09-20,55.56999969482422,56.849998474121094,55.45000076293945,56.33000183105469,29.263504028320312,4413500,LLY
2002-09-23,55.900001525878906,55.939998626708984,54.72999954223633,55.099998474121094,28.624523162841797,3104100,LLY
2002-09-24,54.75,55.34000015258789,54.150001525878906,55.0,28.572572708129883,4033000,LLY
2002-09-25,56.20000076293945,56.970001220703125,55.22999954223633,56.970001220703125,29.595998764038086,4472100,LLY
2002-09-26,57.79999923706055,58.0,56.900001525878906,57.9900016784668,30.125883102416992,3366700,LLY
2002-09-27,56.5,57.099998474121094,55.16999816894531,55.63999938964844,28.90505599975586,3063200,LLY
2002-09-30,54.810001373291016,56.45000076293945,54.5099983215332,55.34000015258789,28.74921226501465,3708100,LLY
2002-10-01,55.25,57.56999969482422,55.04999923706055,57.5,29.871313095092773,3562900,LLY
2002-10-02,57.599998474121094,59.0,56.939998626708984,57.84000015258789,30.04796600341797,5104600,LLY
2002-10-03,57.290000915527344,58.95000076293945,56.900001525878906,57.349998474121094,29.79340171813965,4624100,LLY
2002-10-04,57.36000061035156,57.36000061035156,54.84000015258789,55.41999816894531,28.790760040283203,4562800,LLY
2002-10-07,56.20000076293945,57.54999923706055,55.93000030517578,56.81999969482422,29.5180721282959,3684500,LLY
2002-10-08,59.0,60.70000076293945,58.13999938964844,59.599998474121094,30.96227264404297,7612200,LLY
2002-10-09,59.0099983215332,60.06999969482422,58.970001220703125,59.79999923706055,31.066177368164062,5294300,LLY
2002-10-10,60.400001525878906,61.5,59.849998474121094,60.900001525878906,31.637630462646484,5708200,LLY
2002-10-11,61.04999923706055,62.0,60.66999816894531,62.0,32.2090950012207,4519900,LLY
2002-10-14,62.0099983215332,63.15999984741211,60.9900016784668,61.9900016784668,32.2038688659668,4685400,LLY
2002-10-15,62.5,64.01000213623047,61.79999923706055,64.01000213623047,33.253273010253906,4798300,LLY
2002-10-16,64.01000213623047,65.0,63.08000183105469,63.65999984741211,33.07144546508789,3744800,LLY
2002-10-17,64.0,64.30000305175781,62.7400016784668,63.0,32.72858810424805,3731700,LLY
2002-10-18,62.900001525878906,63.849998474121094,62.54999923706055,62.939998626708984,32.69741439819336,3387500,LLY
2002-10-21,61.95000076293945,63.369998931884766,61.150001525878906,63.20000076293945,32.832489013671875,3763500,LLY
2002-10-22,63.220001220703125,63.220001220703125,61.599998474121094,63.0,32.72858810424805,4670400,LLY
2002-10-23,58.79999923706055,59.9900016784668,56.849998474121094,58.09000015258789,30.177827835083008,11524800,LLY
2002-10-24,58.040000915527344,58.04999923706055,55.209999084472656,55.709999084472656,28.94142723083496,7216900,LLY
2002-10-25,55.709999084472656,57.400001525878906,55.709999084472656,56.95000076293945,29.585609436035156,3980000,LLY
2002-10-28,57.20000076293945,58.5,56.52000045776367,56.77000045776367,29.492095947265625,2691000,LLY
2002-10-29,57.0,57.2400016784668,55.5,56.380001068115234,29.28946876525879,2870800,LLY
2002-10-30,56.54999923706055,56.9900016784668,56.0,56.66999816894531,29.44014549255371,3231300,LLY
2002-10-31,56.5,57.70000076293945,55.20000076293945,55.5,28.832326889038086,2908900,LLY
2002-11-01,55.369998931884766,57.36000061035156,55.0,56.7400016784668,29.476520538330078,2769000,LLY
2002-11-04,57.5,59.18000030517578,56.709999084472656,58.0,30.131101608276367,3443800,LLY
2002-11-05,58.0,58.619998931884766,57.54999923706055,57.939998626708984,30.09990882873535,3310300,LLY
2002-11-06,58.900001525878906,60.810001373291016,58.88999938964844,60.47999954223633,31.419443130493164,6710200,LLY
2002-11-07,59.5,60.4900016784668,58.380001068115234,58.959999084472656,30.62979507446289,4272900,LLY
2002-11-08,58.970001220703125,62.900001525878906,58.970001220703125,62.2400016784668,32.33375549316406,5588400,LLY
2002-11-11,62.5,63.0,61.95000076293945,62.150001525878906,32.28700637817383,4615000,LLY
2002-11-12,62.790000915527344,62.790000915527344,60.560001373291016,61.38999938964844,31.89217758178711,4013500,LLY
2002-11-13,61.08000183105469,61.650001525878906,59.31999969482422,60.290000915527344,31.47969627380371,4020900,LLY
2002-11-14,61.459999084472656,62.0,61.06999969482422,61.95000076293945,32.34645080566406,2717500,LLY
2002-11-15,61.95000076293945,61.95000076293945,60.540000915527344,61.29999923706055,32.00706481933594,4267500,LLY
2002-11-18,61.310001373291016,61.310001373291016,60.099998474121094,60.380001068115234,31.526683807373047,3195800,LLY
2002-11-19,60.38999938964844,62.380001068115234,60.38999938964844,61.54999923706055,32.137577056884766,4004700,LLY
2002-11-20,61.560001373291016,63.290000915527344,60.90999984741211,63.290000915527344,33.04612350463867,3840700,LLY
2002-11-21,63.5,64.87000274658203,63.41999816894531,64.7300033569336,33.797996520996094,4525900,LLY
2002-11-22,64.73999786376953,66.04000091552734,64.6500015258789,65.7300033569336,34.32014083862305,4266500,LLY
2002-11-25,66.1500015258789,68.29000091552734,65.5,68.05999755859375,35.53670883178711,5462000,LLY
2002-11-26,68.06999969482422,68.06999969482422,63.970001220703125,64.0,33.41682052612305,9535900,LLY
2002-11-27,68.0,69.16999816894531,66.0999984741211,69.0,36.02751541137695,8015900,LLY
2002-11-29,68.3499984741211,69.19999694824219,68.05000305175781,68.30000305175781,35.66203308105469,1973800,LLY
2002-12-02,69.1500015258789,69.69999694824219,68.55000305175781,68.75,35.89699172973633,4622500,LLY
2002-12-03,68.04000091552734,68.5,66.0,67.16000366210938,35.066768646240234,5249000,LLY
2002-12-04,67.2300033569336,67.94999694824219,66.16000366210938,67.48999786376953,35.23908615112305,2549500,LLY
2002-12-05,67.48999786376953,68.5,66.66000366210938,67.06999969482422,35.01978302001953,3573900,LLY
2002-12-06,66.30999755859375,66.8499984741211,64.94000244140625,65.44000244140625,34.168697357177734,4156800,LLY
2002-12-09,65.27999877929688,67.5,65.18000030517578,65.36000061035156,34.12693786621094,3515200,LLY
2002-12-10,65.37000274658203,66.23999786376953,65.37000274658203,66.0999984741211,34.5133056640625,2157600,LLY
2002-12-11,66.4000015258789,66.47000122070312,65.2699966430664,65.8499984741211,34.382774353027344,1765800,LLY
2002-12-12,65.8499984741211,65.8499984741211,63.880001068115234,64.0999984741211,33.46905517578125,3033500,LLY
2002-12-13,63.5,65.0,63.5,64.47000122070312,33.66223907470703,2329700,LLY
2002-12-16,64.06999969482422,65.43000030517578,63.77000045776367,64.8499984741211,33.86065673828125,3853400,LLY
2002-12-17,64.8499984741211,64.98999786376953,63.560001373291016,63.959999084472656,33.395965576171875,4082700,LLY
2002-12-18,63.52000045776367,63.75,62.150001525878906,62.63999938964844,32.70671844482422,2535100,LLY
2002-12-19,62.20000076293945,63.65999984741211,62.18000030517578,62.5,32.63361358642578,2978700,LLY
2002-12-20,63.38999938964844,63.93000030517578,63.029998779296875,63.25,33.02522659301758,4226700,LLY
2002-12-23,63.79999923706055,65.4000015258789,63.61000061035156,64.44999694824219,33.65179443359375,2379700,LLY
2002-12-24,64.25,64.80000305175781,64.2300033569336,64.43000030517578,33.64134979248047,964900,LLY
2002-12-26,64.5999984741211,64.77999877929688,63.380001068115234,63.900001525878906,33.3646125793457,1900400,LLY
2002-12-27,63.0,63.2400016784668,62.54999923706055,62.84000015258789,32.811161041259766,1902600,LLY
2002-12-30,62.84000015258789,64.05999755859375,62.810001373291016,63.900001525878906,33.3646125793457,1893200,LLY
2002-12-31,63.25,64.0,63.099998474121094,63.5,33.15576171875,1794300,LLY
2003-01-02,64.8499984741211,66.26000213623047,64.45999908447266,65.5,34.20003890991211,3625200,LLY
2003-01-03,66.23999786376953,67.19000244140625,66.19999694824219,66.98999786376953,34.97801208496094,2885300,LLY
2003-01-06,66.98999786376953,68.0999984741211,66.5,67.9800033569336,35.49494934082031,2559900,LLY
2003-01-07,67.16999816894531,68.80000305175781,66.45999908447266,66.62000274658203,34.784828186035156,3282100,LLY
2003-01-08,67.05000305175781,67.77999877929688,66.58999633789062,67.0999984741211,35.03545379638672,2416300,LLY
2003-01-09,67.0999984741211,68.0,66.3499984741211,67.2300033569336,35.10332489013672,2982400,LLY
2003-01-10,67.23999786376953,67.94999694824219,66.55000305175781,67.26000213623047,35.118988037109375,2365500,LLY
2003-01-13,67.9000015258789,67.98999786376953,66.25,66.5,34.72218704223633,2798200,LLY
2003-01-14,66.5,67.66000366210938,66.06999969482422,67.19999694824219,35.08766555786133,3116400,LLY
2003-01-15,67.4000015258789,67.41999816894531,66.72000122070312,67.27999877929688,35.12944412231445,2654800,LLY
2003-01-16,67.30000305175781,68.30000305175781,67.30000305175781,67.61000061035156,35.30174255371094,2474100,LLY
2003-01-17,67.30000305175781,67.9000015258789,65.61000061035156,65.80000305175781,34.35667037963867,2912900,LLY
2003-01-21,66.1500015258789,66.30000305175781,65.06999969482422,65.41000366210938,34.153053283691406,2435600,LLY
2003-01-22,65.69999694824219,66.75,64.87000274658203,64.94999694824219,33.912864685058594,2829300,LLY
2003-01-23,63.0,63.79999923706055,62.2400016784668,63.54999923706055,33.18186569213867,7051200,LLY
2003-01-24,63.560001373291016,63.560001373291016,61.0,61.58000183105469,32.15325927734375,4533200,LLY
2003-01-27,61.0,61.0,59.75,60.220001220703125,31.443161010742188,3972900,LLY
2003-01-28,60.4900016784668,60.95000076293945,59.54999923706055,60.939998626708984,31.819076538085938,3546400,LLY
2003-01-29,60.95000076293945,61.5,59.5,61.2400016784668,31.975738525390625,3384600,LLY
2003-01-30,61.20000076293945,61.400001525878906,59.20000076293945,59.369998931884766,30.99932861328125,2713300,LLY
2003-01-31,58.70000076293945,60.599998474121094,58.70000076293945,60.2400016784668,31.453588485717773,3583400,LLY
2003-02-03,61.099998474121094,62.7599983215332,61.04999923706055,61.68000030517578,32.20547103881836,3676900,LLY
2003-02-04,60.900001525878906,61.20000076293945,60.02000045776367,61.15999984741211,31.93393898010254,2957900,LLY
2003-02-05,61.16999816894531,62.470001220703125,60.310001373291016,60.5099983215332,31.59456443786621,2352800,LLY
2003-02-06,60.54999923706055,61.709999084472656,60.20000076293945,61.209999084472656,31.960052490234375,2284800,LLY
2003-02-07,60.599998474121094,60.75,59.349998474121094,59.7599983215332,31.202959060668945,2930300,LLY
2003-02-10,60.0,60.400001525878906,58.900001525878906,60.130001068115234,31.396150588989258,2417600,LLY
2003-02-11,60.130001068115234,60.779998779296875,59.849998474121094,60.040000915527344,31.34915542602539,2547400,LLY
2003-02-12,60.029998779296875,60.20000076293945,58.599998474121094,58.88999938964844,30.921236038208008,2719800,LLY
2003-02-13,58.369998931884766,58.599998474121094,56.220001220703125,57.290000915527344,30.081117630004883,4895700,LLY
2003-02-14,57.310001373291016,57.9900016784668,56.2599983215332,56.72999954223633,29.787086486816406,3484000,LLY
2003-02-18,57.5,58.20000076293945,57.5,57.81999969482422,30.359405517578125,3677900,LLY
2003-02-19,58.04999923706055,58.59000015258789,57.61000061035156,58.150001525878906,30.53268051147461,2993400,LLY
2003-02-20,58.75,58.75,56.849998474121094,56.849998474121094,29.85009765625,2431300,LLY
2003-02-21,57.45000076293945,57.70000076293945,56.0,57.47999954223633,30.180889129638672,3813500,LLY
2003-02-24,57.4900016784668,57.4900016784668,56.47999954223633,56.66999816894531,29.755584716796875,2504900,LLY
2003-02-25,56.0,56.20000076293945,55.09000015258789,55.959999084472656,29.38278579711914,3290500,LLY
2003-02-26,56.099998474121094,57.31999969482422,55.5,55.58000183105469,29.183273315429688,3261200,LLY
2003-02-27,56.0,57.22999954223633,55.70000076293945,56.5099983215332,29.671566009521484,3206000,LLY
2003-02-28,56.900001525878906,57.439998626708984,56.2599983215332,56.560001373291016,29.697834014892578,2928300,LLY
2003-03-03,56.75,57.4900016784668,56.349998474121094,56.599998474121094,29.718812942504883,2812700,LLY
2003-03-04,56.52000045776367,56.939998626708984,56.02000045776367,56.20000076293945,29.508790969848633,2290800,LLY
2003-03-05,56.04999923706055,57.29999923706055,56.029998779296875,57.0,29.928850173950195,2788900,LLY
2003-03-06,56.5,56.9900016784668,55.95000076293945,55.95000076293945,29.37752914428711,2895000,LLY
2003-03-07,55.29999923706055,57.189998626708984,55.20000076293945,56.97999954223633,29.91834831237793,3016400,LLY
2003-03-10,56.84000015258789,56.84000015258789,55.790000915527344,56.0,29.403789520263672,2027200,LLY
2003-03-11,56.0,56.0,53.5,53.70000076293945,28.196128845214844,4850100,LLY
2003-03-12,53.709999084472656,54.04999923706055,52.77000045776367,54.040000915527344,28.37465476989746,3296800,LLY
2003-03-13,54.29999923706055,55.310001373291016,53.41999816894531,55.2400016784668,29.004732131958008,3561100,LLY
2003-03-14,55.040000915527344,55.2400016784668,53.689998626708984,53.97999954223633,28.3431453704834,3665300,LLY
2003-03-17,53.400001525878906,55.400001525878906,52.810001373291016,55.29999923706055,29.036237716674805,5390500,LLY
2003-03-18,55.29999923706055,56.400001525878906,55.13999938964844,55.97999954223633,29.393287658691406,2710200,LLY
2003-03-19,56.25,57.0,55.709999084472656,56.79999923706055,29.823827743530273,2603500,LLY
2003-03-20,56.810001373291016,56.9900016784668,55.709999084472656,56.630001068115234,29.734577178955078,2946800,LLY
2003-03-21,57.5,58.400001525878906,56.849998474121094,58.20000076293945,30.55892562866211,3696700,LLY
2003-03-24,58.20000076293945,58.20000076293945,56.56999969482422,56.70000076293945,29.771331787109375,2195600,LLY
2003-03-25,56.349998474121094,58.95000076293945,56.349998474121094,58.13999938964844,30.527427673339844,2803900,LLY
2003-03-26,58.349998474121094,58.45000076293945,57.459999084472656,57.86000061035156,30.380420684814453,2122700,LLY
2003-03-27,56.900001525878906,58.599998474121094,56.849998474121094,58.209999084472656,30.564191818237305,2387300,LLY
2003-03-28,57.68000030517578,58.400001525878906,57.25,58.36000061035156,30.64293670654297,2481600,LLY
2003-03-31,57.79999923706055,58.150001525878906,56.779998779296875,57.150001525878906,30.00760841369629,2181700,LLY
2003-04-01,57.54999923706055,58.400001525878906,56.720001220703125,58.33000183105469,30.627201080322266,2461000,LLY
2003-04-02,58.70000076293945,60.0,58.650001525878906,59.61000061035156,31.299270629882812,2683900,LLY
2003-04-03,59.939998626708984,60.84000015258789,59.619998931884766,60.5,31.766597747802734,2925100,LLY
2003-04-04,60.70000076293945,61.439998626708984,60.599998474121094,61.25,32.160396575927734,2826500,LLY
2003-04-07,61.7400016784668,62.79999923706055,59.68000030517578,59.810001373291016,31.404300689697266,3809400,LLY
2003-04-08,60.099998474121094,60.54999923706055,59.5,59.79999923706055,31.3990535736084,2188100,LLY
2003-04-09,58.849998474121094,60.9900016784668,58.849998474121094,59.2599983215332,31.11551856994629,2487100,LLY
2003-04-10,59.45000076293945,59.849998474121094,58.900001525878906,59.66999816894531,31.330785751342773,2027400,LLY
2003-04-11,59.66999816894531,59.79999923706055,57.959999084472656,58.36000061035156,30.64293670654297,3535500,LLY
2003-04-14,58.150001525878906,59.70000076293945,58.119998931884766,59.5,31.24151611328125,2514000,LLY
2003-04-15,59.59000015258789,59.75,58.5,59.06999969482422,31.01572608947754,2477100,LLY
2003-04-16,59.56999969482422,59.650001525878906,58.0,58.2400016784668,30.579940795898438,2679900,LLY
2003-04-17,58.150001525878906,58.70000076293945,58.060001373291016,58.380001068115234,30.653461456298828,2527400,LLY
2003-04-21,58.0,59.83000183105469,57.9900016784668,59.470001220703125,31.22576332092285,3703800,LLY
2003-04-22,59.470001220703125,61.5,59.470001220703125,61.290000915527344,32.181400299072266,3968900,LLY
2003-04-23,61.900001525878906,62.84000015258789,61.7400016784668,62.5,32.81673049926758,3746300,LLY
2003-04-24,62.540000915527344,64.58000183105469,62.29999923706055,64.05000305175781,33.630577087402344,4713400,LLY
2003-04-25,64.19999694824219,64.52999877929688,62.79999923706055,63.279998779296875,33.22629165649414,3809000,LLY
2003-04-28,63.099998474121094,64.43000030517578,62.7599983215332,64.04000091552734,33.625328063964844,2514100,LLY
2003-04-29,64.05000305175781,64.94000244140625,64.05000305175781,64.5,33.86687469482422,2523800,LLY
2003-04-30,64.5,64.5999984741211,63.70000076293945,63.81999969482422,33.509822845458984,4712700,LLY
2003-05-01,63.81999969482422,64.31999969482422,62.77000045776367,64.12000274658203,33.66734313964844,2455200,LLY
2003-05-02,64.12000274658203,64.5,63.099998474121094,64.23999786376953,33.730342864990234,2919200,LLY
2003-05-05,64.2699966430664,64.9000015258789,63.439998626708984,63.95000076293945,33.578067779541016,3100300,LLY
2003-05-06,63.900001525878906,64.4000015258789,63.45000076293945,63.9900016784668,33.599090576171875,2743900,LLY
2003-05-07,63.9900016784668,64.38999938964844,63.529998779296875,64.36000061035156,33.793338775634766,3394800,LLY
2003-05-08,64.37000274658203,64.37000274658203,63.31999969482422,63.90999984741211,33.557064056396484,3063900,LLY
2003-05-09,63.90999984741211,64.6500015258789,63.90999984741211,64.1500015258789,33.6830940246582,3225500,LLY
2003-05-12,63.79999923706055,64.41000366210938,63.54999923706055,64.37000274658203,33.79860305786133,3024500,LLY
2003-05-13,64.0,64.23999786376953,63.25,63.79999923706055,33.67458724975586,2394400,LLY
2003-05-14,64.0999984741211,64.19999694824219,62.900001525878906,63.7400016784668,33.642913818359375,2337700,LLY
2003-05-15,64.0,64.1500015258789,63.31999969482422,64.1500015258789,33.859310150146484,2718800,LLY
2003-05-16,63.95000076293945,64.08000183105469,63.29999923706055,63.529998779296875,33.532073974609375,2579500,LLY
2003-05-19,61.02000045776367,63.189998626708984,59.93000030517578,60.75,32.06474304199219,6812000,LLY
2003-05-20,60.11000061035156,60.20000076293945,57.7400016784668,58.349998474121094,30.797969818115234,8256000,LLY
2003-05-21,58.349998474121094,59.25,57.61000061035156,58.29999923706055,30.771583557128906,6659300,LLY
2003-05-22,58.29999923706055,58.29999923706055,57.2400016784668,57.72999954223633,30.470733642578125,5739200,LLY
2003-05-23,57.34000015258789,58.2599983215332,56.5099983215332,58.099998474121094,30.666015625,5477200,LLY
2003-05-27,57.75,59.310001373291016,56.70000076293945,59.29999923706055,31.29939079284668,6932300,LLY
2003-05-28,59.11000061035156,59.900001525878906,58.599998474121094,58.70000076293945,30.982696533203125,3933900,LLY
2003-05-29,58.70000076293945,59.47999954223633,58.02000045776367,58.220001220703125,30.729360580444336,3114300,LLY
2003-05-30,58.70000076293945,59.790000915527344,58.38999938964844,59.77000045776367,31.547468185424805,3808300,LLY
2003-06-02,60.58000183105469,60.599998474121094,57.970001220703125,58.150001525878906,30.692413330078125,4941900,LLY
2003-06-03,58.150001525878906,59.68000030517578,58.150001525878906,59.599998474121094,31.457735061645508,5199500,LLY
2003-06-04,59.31999969482422,60.599998474121094,59.04999923706055,60.18000030517578,31.763877868652344,2987200,LLY
2003-06-05,59.79999923706055,61.79999923706055,58.97999954223633,61.720001220703125,32.57670974731445,4059400,LLY
2003-06-06,62.0,63.099998474121094,60.90999984741211,61.18000030517578,32.29169845581055,4110700,LLY
2003-06-09,61.13999938964844,61.29999923706055,59.7599983215332,59.970001220703125,31.653034210205078,2367600,LLY
2003-06-10,60.0,60.29999923706055,59.220001220703125,60.22999954223633,31.790266036987305,2394600,LLY
2003-06-11,61.75,63.400001525878906,61.68000030517578,63.189998626708984,33.35260009765625,7569500,LLY
2003-06-12,63.400001525878906,64.4800033569336,63.040000915527344,64.05999755859375,33.811805725097656,5642400,LLY
2003-06-13,64.27999877929688,65.5,63.630001068115234,65.20999908447266,34.418785095214844,5241000,LLY
2003-06-16,65.94999694824219,68.0199966430664,65.72000122070312,67.8499984741211,35.812225341796875,5823000,LLY
2003-06-17,68.5,71.4000015258789,68.5,69.83000183105469,36.85729217529297,9348900,LLY
2003-06-18,69.80000305175781,70.58000183105469,68.55999755859375,69.0,36.41920471191406,6257000,LLY
2003-06-19,69.0,69.01000213623047,67.27999877929688,67.4000015258789,35.57469940185547,3929800,LLY
2003-06-20,67.80000305175781,68.94999694824219,67.4000015258789,68.52999877929688,36.171112060546875,5004300,LLY
2003-06-23,68.37999725341797,68.37999725341797,66.31999969482422,67.06999969482422,35.4005126953125,3777200,LLY
2003-06-24,67.62000274658203,69.25,67.47000122070312,68.66000366210938,36.23975372314453,4713800,LLY
2003-06-25,68.5999984741211,69.91999816894531,67.4000015258789,67.75,35.759429931640625,3241400,LLY
2003-06-26,67.94999694824219,69.52999877929688,67.26000213623047,69.52999877929688,36.698944091796875,3761900,LLY
2003-06-27,67.5,68.4000015258789,67.37999725341797,68.12000274658203,35.95471954345703,5997200,LLY
2003-06-30,68.1500015258789,69.55999755859375,68.1500015258789,68.97000122070312,36.40336227416992,4733300,LLY
2003-07-01,68.9000015258789,69.88999938964844,68.0199966430664,69.77999877929688,36.830909729003906,3947700,LLY
2003-07-02,69.77999877929688,69.98999786376953,69.19999694824219,69.61000061035156,36.74115753173828,2743100,LLY
2003-07-03,69.61000061035156,69.95999908447266,69.0199966430664,69.2699966430664,36.561729431152344,1805100,LLY
2003-07-07,69.5,70.44000244140625,69.5,70.33000183105469,37.12120056152344,2964200,LLY
2003-07-08,69.3499984741211,69.41999816894531,68.5199966430664,69.16999816894531,36.508941650390625,2982200,LLY
2003-07-09,68.80000305175781,68.9800033569336,67.5999984741211,67.91000366210938,35.843894958496094,4263000,LLY
2003-07-10,67.5999984741211,67.6500015258789,66.62000274658203,67.08000183105469,35.40581512451172,2906000,LLY
2003-07-11,67.02999877929688,67.80000305175781,66.5999984741211,67.44999694824219,35.6010856628418,2593600,LLY
2003-07-14,68.4000015258789,68.45999908447266,67.04000091552734,67.3499984741211,35.5483283996582,2253200,LLY
2003-07-15,67.4800033569336,67.62000274658203,65.70999908447266,65.83000183105469,34.74603271484375,3966800,LLY
2003-07-16,66.26000213623047,66.5,65.31999969482422,66.2300033569336,34.95716094970703,2275000,LLY
2003-07-17,66.4800033569336,68.0,66.2699966430664,66.80999755859375,35.263275146484375,4447100,LLY
2003-07-18,66.80999755859375,67.30000305175781,65.69999694824219,67.18000030517578,35.45859146118164,2765700,LLY
2003-07-21,67.18000030517578,67.18000030517578,65.41000366210938,66.13999938964844,34.90966033935547,2192300,LLY
2003-07-22,66.19999694824219,66.55000305175781,65.05999755859375,65.88999938964844,34.77768325805664,2635700,LLY
2003-07-23,66.06999969482422,66.55000305175781,65.08000183105469,66.06999969482422,34.872718811035156,2230900,LLY
2003-07-24,67.0999984741211,68.25,66.75,66.81999969482422,35.26856231689453,4310100,LLY
2003-07-25,66.81999969482422,67.4000015258789,61.869998931884766,67.3499984741211,35.5483283996582,2085100,LLY
2003-07-28,67.19999694824219,67.56999969482422,66.2699966430664,66.62000274658203,35.162986755371094,2389000,LLY
2003-07-29,66.56999969482422,66.75,64.80999755859375,64.87999725341797,34.24462127685547,3574200,LLY
2003-07-30,65.1500015258789,66.5999984741211,65.02999877929688,66.55000305175781,35.12607192993164,3535500,LLY
2003-07-31,66.94999694824219,67.30999755859375,65.3499984741211,65.83999633789062,34.751304626464844,3260200,LLY
2003-08-01,65.0999984741211,65.16999816894531,63.41999816894531,64.0,33.78012466430664,3763900,LLY
2003-08-04,64.0,64.80000305175781,62.95000076293945,64.62000274658203,34.10736846923828,2536100,LLY
2003-08-05,64.5,65.37999725341797,63.70000076293945,63.810001373291016,33.67985153198242,2570200,LLY
2003-08-06,63.79999923706055,63.93000030517578,62.81999969482422,62.939998626708984,33.22062683105469,3196700,LLY
2003-08-07,63.25,64.0,63.08000183105469,63.849998474121094,33.7009391784668,2517300,LLY
2003-08-08,63.97999954223633,64.05000305175781,62.599998474121094,62.93000030517578,33.21536636352539,2286800,LLY
2003-08-11,62.70000076293945,63.279998779296875,62.529998779296875,63.06999969482422,33.289249420166016,2133500,LLY
2003-08-12,63.25,63.27000045776367,62.5099983215332,62.880001068115234,33.188968658447266,2256300,LLY
2003-08-13,62.54999923706055,62.970001220703125,61.97999954223633,62.20000076293945,33.00590133666992,2134100,LLY
2003-08-14,62.0,62.150001525878906,61.29999923706055,61.400001525878906,32.58137512207031,2829200,LLY
2003-08-15,61.599998474121094,61.900001525878906,60.810001373291016,61.630001068115234,32.70344161987305,1726800,LLY
2003-08-18,61.5,61.93000030517578,61.310001373291016,61.65999984741211,32.71935272216797,2068000,LLY
2003-08-19,61.70000076293945,61.79999923706055,61.0,61.25,32.50178909301758,2652900,LLY
2003-08-20,61.25,61.88999938964844,61.18000030517578,61.619998931884766,32.69812774658203,3211000,LLY
2003-08-21,63.47999954223633,64.44000244140625,62.9900016784668,63.560001373291016,33.72758102416992,11239400,LLY
2003-08-22,63.79999923706055,63.79999923706055,62.25,62.79999923706055,33.32429122924805,4847300,LLY
2003-08-25,62.79999923706055,63.66999816894531,62.7599983215332,63.58000183105469,33.738189697265625,3302500,LLY
2003-08-26,63.400001525878906,64.68000030517578,63.400001525878906,64.55999755859375,34.25821304321289,4173200,LLY
2003-08-27,64.30999755859375,65.4800033569336,64.30999755859375,65.22000122070312,34.60844039916992,2752100,LLY
2003-08-28,65.5,65.98999786376953,64.7300033569336,65.87000274658203,34.95336151123047,2978100,LLY
2003-08-29,65.80000305175781,66.5999984741211,65.5,66.52999877929688,35.303585052490234,2460000,LLY
2003-09-02,66.5999984741211,67.0199966430664,65.55000305175781,66.80000305175781,35.446861267089844,3385300,LLY
2003-09-03,63.040000915527344,64.0,61.790000915527344,62.099998474121094,32.95283126831055,12242000,LLY
2003-09-04,61.25,61.470001220703125,60.25,61.040000915527344,32.390350341796875,8720400,LLY
2003-09-05,61.86000061035156,62.25,60.86000061035156,61.0,32.369136810302734,8230700,LLY
2003-09-08,61.380001068115234,62.29999923706055,61.349998474121094,61.75,32.76712417602539,3950700,LLY
2003-09-09,61.599998474121094,62.13999938964844,61.38999938964844,61.439998626708984,32.60261535644531,2781000,LLY
2003-09-10,61.45000076293945,62.29999923706055,61.45000076293945,62.029998779296875,32.91570281982422,3367300,LLY
2003-09-11,62.45000076293945,62.58000183105469,60.810001373291016,60.97999954223633,32.35852813720703,3307200,LLY
2003-09-12,61.400001525878906,61.650001525878906,61.04999923706055,61.4900016784668,32.6291618347168,3223200,LLY
2003-09-15,61.900001525878906,61.900001525878906,60.900001525878906,60.900001525878906,32.31606674194336,2525300,LLY
2003-09-16,61.0099983215332,61.20000076293945,59.95000076293945,61.0,32.369136810302734,3281500,LLY
2003-09-17,60.06999969482422,61.54999923706055,60.06999969482422,60.7400016784668,32.231163024902344,2916700,LLY
2003-09-18,60.880001068115234,61.81999969482422,60.79999923706055,61.040000915527344,32.390350341796875,2792800,LLY
2003-09-19,61.040000915527344,61.66999816894531,60.119998931884766,60.209999084472656,31.949918746948242,3506200,LLY
2003-09-22,60.209999084472656,60.209999084472656,59.02000045776367,59.25,31.440505981445312,3418000,LLY
2003-09-23,60.0,60.2400016784668,59.58000183105469,59.83000183105469,31.748289108276367,2567900,LLY
2003-09-24,59.599998474121094,60.11000061035156,58.900001525878906,59.25,31.440505981445312,3726800,LLY
2003-09-25,59.599998474121094,59.68000030517578,58.720001220703125,58.720001220703125,31.15927505493164,2534700,LLY
2003-09-26,58.72999954223633,58.7400016784668,57.90999984741211,57.9900016784668,30.771902084350586,3926700,LLY
2003-09-29,58.09000015258789,58.4900016784668,57.900001525878906,58.20000076293945,30.883346557617188,2956600,LLY
2003-09-30,58.5,59.70000076293945,58.18000030517578,59.400001525878906,31.52010726928711,4809000,LLY
2003-10-01,62.0,63.20000076293945,61.54999923706055,63.0099983215332,33.43572235107422,10990300,LLY
2003-10-02,62.900001525878906,63.650001525878906,62.52000045776367,63.5099983215332,33.7010383605957,4068900,LLY
2003-10-03,64.25,64.30000305175781,63.29999923706055,63.400001525878906,33.642669677734375,3751100,LLY
2003-10-06,63.5,63.869998931884766,63.2400016784668,63.43000030517578,33.658599853515625,2370700,LLY
2003-10-07,63.43000030517578,63.54999923706055,62.2599983215332,63.0,33.430419921875,3047200,LLY
2003-10-08,63.20000076293945,63.290000915527344,62.09000015258789,62.279998779296875,33.04835510253906,2379700,LLY
2003-10-09,63.0,63.29999923706055,62.0099983215332,62.16999816894531,32.98999786376953,2749100,LLY
2003-10-10,62.54999923706055,62.77000045776367,61.939998626708984,62.310001373291016,33.06428146362305,1767100,LLY
2003-10-13,62.310001373291016,62.59000015258789,61.959999084472656,62.040000915527344,32.92100143432617,1405200,LLY
2003-10-14,61.540000915527344,62.41999816894531,61.36000061035156,62.380001068115234,33.10142517089844,3056200,LLY
2003-10-15,62.380001068115234,62.84000015258789,61.290000915527344,61.65999984741211,32.71935272216797,2537600,LLY
2003-10-16,61.27000045776367,62.11000061035156,61.27000045776367,61.91999816894531,32.85731506347656,2662000,LLY
2003-10-17,61.9900016784668,62.220001220703125,61.02000045776367,61.15999984741211,32.45403289794922,2780600,LLY
2003-10-20,61.31999969482422,61.54999923706055,60.630001068115234,61.54999923706055,32.6609992980957,2418000,LLY
2003-10-21,61.54999923706055,62.75,61.54999923706055,62.5,33.16510772705078,2429300,LLY
2003-10-22,61.79999923706055,61.810001373291016,60.34000015258789,60.779998779296875,32.25239944458008,3805300,LLY
2003-10-23,63.47999954223633,65.5999984741211,61.91999816894531,65.0999984741211,34.544776916503906,8187400,LLY
2003-10-24,65.0999984741211,66.29000091552734,64.62000274658203,66.29000091552734,35.17622756958008,6062500,LLY
2003-10-27,66.29000091552734,67.29000091552734,66.29000091552734,66.6500015258789,35.36727523803711,4009700,LLY
2003-10-28,66.72000122070312,67.3499984741211,66.33000183105469,67.3499984741211,35.738712310791016,3029700,LLY
2003-10-29,67.25,67.25,66.01000213623047,66.12999725341797,35.091312408447266,3044500,LLY
2003-10-30,67.0999984741211,67.9000015258789,66.27999877929688,66.63999938964844,35.36194610595703,4629400,LLY
2003-10-31,66.88999938964844,67.69999694824219,66.55000305175781,66.62000274658203,35.35133361816406,3641500,LLY
2003-11-03,66.62999725341797,66.94999694824219,66.29000091552734,66.75,35.42032241821289,2029100,LLY
2003-11-04,65.87000274658203,66.19000244140625,64.9000015258789,65.25,34.624366760253906,2871100,LLY
2003-11-05,65.12999725341797,66.04000091552734,65.0,66.04000091552734,35.0435676574707,2782600,LLY
2003-11-06,65.9000015258789,66.5999984741211,65.55000305175781,66.37999725341797,35.22397994995117,2449200,LLY
2003-11-07,66.45999908447266,66.94999694824219,65.5,65.8499984741211,34.94272994995117,2677100,LLY
2003-11-10,65.58000183105469,65.9000015258789,65.2699966430664,65.52999877929688,34.772945404052734,1875000,LLY
2003-11-11,65.11000061035156,65.58000183105469,64.9000015258789,65.02999877929688,34.50762939453125,1921200,LLY
2003-11-12,65.0,66.72000122070312,64.54000091552734,66.19000244140625,35.30501937866211,3678700,LLY
2003-11-13,66.19999694824219,69.5999984741211,66.0,69.05000305175781,36.830528259277344,7427200,LLY
2003-11-14,69.19999694824219,71.9800033569336,69.19999694824219,71.27999877929688,38.02000045776367,9593800,LLY
2003-11-17,69.5,71.47000122070312,69.5,70.69999694824219,37.71061706542969,4567300,LLY
2003-11-18,70.69999694824219,71.87000274658203,70.5999984741211,70.94000244140625,37.83865737915039,3218800,LLY
2003-11-19,71.0999984741211,72.80000305175781,70.80000305175781,72.54000091552734,38.69205856323242,4464700,LLY
2003-11-20,72.01000213623047,72.55000305175781,71.43000030517578,71.52999877929688,38.15333557128906,3328200,LLY
2003-11-21,71.52999877929688,71.88999938964844,69.41000366210938,69.61000061035156,37.12922668457031,6539700,LLY
2003-11-24,70.12000274658203,70.94999694824219,70.05000305175781,70.5,37.603939056396484,3582400,LLY
2003-11-25,70.5999984741211,70.9800033569336,70.16000366210938,70.66999816894531,37.69461441040039,3415400,LLY
2003-11-26,69.94999694824219,69.94999694824219,68.38999938964844,69.30000305175781,36.963871002197266,6350000,LLY
2003-11-28,69.30000305175781,69.30999755859375,68.3499984741211,68.80000305175781,36.69718933105469,2356000,LLY
2003-12-01,68.55999755859375,70.5,68.5,70.30000305175781,37.49725341796875,4229800,LLY
2003-12-02,69.55000305175781,70.69000244140625,69.33000183105469,69.5,37.070560455322266,4045700,LLY
2003-12-03,69.5999984741211,70.18000030517578,68.9800033569336,68.9800033569336,36.7932014465332,3171300,LLY
2003-12-04,69.30000305175781,69.69999694824219,68.31999969482422,69.01000213623047,36.80918502807617,2454500,LLY
2003-12-05,68.55999755859375,68.98999786376953,68.25,68.80000305175781,36.69718933105469,2214300,LLY
2003-12-08,68.80000305175781,70.0999984741211,68.44999694824219,70.02999877929688,37.35324478149414,3243700,LLY
2003-12-09,70.12999725341797,70.55000305175781,69.58000183105469,70.55000305175781,37.63063049316406,3456000,LLY
2003-12-10,70.55000305175781,70.83999633789062,70.0,70.4000015258789,37.55061340332031,3572800,LLY
2003-12-11,70.9000015258789,72.0999984741211,70.55999755859375,71.80000305175781,38.29735565185547,3655600,LLY
2003-12-12,71.69999694824219,72.19000244140625,70.9800033569336,72.19000244140625,38.50537109375,2997600,LLY
2003-12-15,72.68000030517578,72.79000091552734,71.68000030517578,71.69000244140625,38.23867416381836,2500500,LLY
2003-12-16,71.69000244140625,73.29000091552734,71.68000030517578,73.29000091552734,39.09211730957031,3616400,LLY
2003-12-17,73.01000213623047,73.12999725341797,72.19000244140625,72.4800033569336,38.66005325317383,2746100,LLY
2003-12-18,72.4800033569336,73.26000213623047,72.3499984741211,73.12000274658203,39.001434326171875,2779100,LLY
2003-12-19,73.3499984741211,73.88999938964844,72.7699966430664,73.88999938964844,39.4121208190918,3762300,LLY
2003-12-22,73.5199966430664,73.5199966430664,71.80000305175781,72.19999694824219,38.510704040527344,3727600,LLY
2003-12-23,71.62999725341797,72.19000244140625,69.98999786376953,70.5199966430664,37.61460494995117,4794600,LLY
2003-12-24,70.5199966430664,70.79000091552734,70.44999694824219,70.5,37.603939056396484,1446100,LLY
2003-12-26,70.6500015258789,71.08000183105469,70.5,70.62000274658203,37.66794204711914,494400,LLY
2003-12-29,71.30000305175781,71.62000274658203,70.62000274658203,71.62000274658203,38.20134353637695,2661500,LLY
2003-12-30,71.6500015258789,71.75,70.6500015258789,70.93000030517578,37.83330535888672,3109600,LLY
2003-12-31,70.9000015258789,70.94000244140625,70.04000091552734,70.33000183105469,37.51326370239258,3583800,LLY
2004-01-02,70.8499984741211,72.1500015258789,70.69999694824219,71.23999786376953,37.9986572265625,3780500,LLY
2004-01-05,70.4000015258789,71.19999694824219,69.9000015258789,70.19000244140625,37.43859100341797,6774200,LLY
2004-01-06,70.0,70.23999786376953,69.5,70.12999725341797,37.406593322753906,5398600,LLY
2004-01-07,69.55999755859375,69.87999725341797,69.26000213623047,69.81999969482422,37.241241455078125,4336100,LLY
2004-01-08,69.56999969482422,69.68000030517578,67.91999816894531,68.0999984741211,36.32381820678711,5579100,LLY
2004-01-09,67.9000015258789,68.18000030517578,67.4800033569336,67.58000183105469,36.04645538330078,4468400,LLY
2004-01-12,67.94999694824219,69.08999633789062,67.80000305175781,68.83000183105469,36.71318054199219,4530300,LLY
2004-01-13,68.70999908447266,68.91000366210938,68.19999694824219,68.5999984741211,36.59051513671875,3662100,LLY
2004-01-14,68.3499984741211,69.44000244140625,68.0,69.19999694824219,36.910526275634766,3862000,LLY
2004-01-15,69.30999755859375,69.5199966430664,68.76000213623047,69.51000213623047,37.075897216796875,3355400,LLY
2004-01-16,69.80000305175781,70.16999816894531,69.6500015258789,70.05999755859375,37.36924362182617,4237600,LLY
2004-01-20,70.0999984741211,70.19999694824219,69.61000061035156,69.75,37.20391082763672,3605500,LLY
2004-01-21,69.76000213623047,70.80000305175781,69.0999984741211,70.80000305175781,37.76398468017578,3874500,LLY
2004-01-22,70.55000305175781,71.02999877929688,70.25,70.94999694824219,37.8439826965332,3444000,LLY
2004-01-23,70.9800033569336,71.0,69.08000183105469,69.45999908447266,37.049224853515625,3936800,LLY
2004-01-26,69.01000213623047,69.38999938964844,68.6500015258789,68.88999938964844,36.745174407958984,4528300,LLY
2004-01-27,68.88999938964844,69.37000274658203,68.3499984741211,68.44999694824219,36.510498046875,3744300,LLY
2004-01-28,68.5999984741211,68.7300033569336,66.69999694824219,66.91999816894531,35.69440841674805,5062800,LLY
2004-01-29,66.75,68.58999633789062,66.55000305175781,68.4000015258789,36.48381805419922,4522100,LLY
2004-01-30,68.55000305175781,68.55000305175781,67.20999908447266,68.04000091552734,36.29180908203125,3057800,LLY
2004-02-02,67.77999877929688,69.91000366210938,67.5199966430664,69.05000305175781,36.830528259277344,3619100,LLY
2004-02-03,69.05000305175781,69.66999816894531,68.5199966430664,69.4000015258789,37.017208099365234,2781200,LLY
2004-02-04,69.4000015258789,70.62999725341797,69.05000305175781,70.5,37.603939056396484,4762700,LLY
2004-02-05,70.98999786376953,71.51000213623047,70.51000213623047,71.44999694824219,38.11066818237305,3950900,LLY
2004-02-06,71.44999694824219,72.88999938964844,71.2699966430664,72.8499984741211,38.8574104309082,4447700,LLY
2004-02-09,72.9000015258789,73.48999786376953,72.26000213623047,73.22000122070312,39.05476379394531,3696200,LLY
2004-02-10,73.22000122070312,74.70999908447266,72.95999908447266,74.54000091552734,39.75883102416992,5371900,LLY
2004-02-11,74.16000366210938,74.69999694824219,73.76000213623047,74.69999694824219,40.034847259521484,4473800,LLY
2004-02-12,74.69999694824219,74.69999694824219,73.3499984741211,73.58000183105469,39.4345817565918,5780500,LLY
2004-02-13,73.58999633789062,73.6500015258789,72.73999786376953,73.5,39.39170455932617,2437600,LLY
2004-02-17,73.51000213623047,73.56999969482422,72.63999938964844,72.95999908447266,39.102298736572266,2370200,LLY
2004-02-18,72.8499984741211,72.9800033569336,72.04000091552734,72.45999908447266,38.83433532714844,2502900,LLY
2004-02-19,72.70999908447266,73.54000091552734,72.4000015258789,72.6500015258789,38.93616485595703,3383400,LLY
2004-02-20,72.69000244140625,73.25,72.16000366210938,72.47000122070312,38.839698791503906,2167700,LLY
2004-02-23,72.4800033569336,72.6500015258789,71.76000213623047,72.0199966430664,38.598514556884766,1825300,LLY
2004-02-24,71.95999908447266,72.5,71.43000030517578,72.37000274658203,38.786094665527344,2661300,LLY
2004-02-25,72.62000274658203,72.86000061035156,72.38999938964844,72.79000091552734,39.011199951171875,2678600,LLY
2004-02-26,73.05000305175781,73.62999725341797,72.95999908447266,73.5999984741211,39.445308685302734,2452700,LLY
2004-02-27,73.45999908447266,74.45999908447266,70.0,73.94000244140625,39.627540588378906,3223500,LLY
2004-03-01,73.8499984741211,73.8499984741211,72.94999694824219,73.44000244140625,39.359561920166016,3299300,LLY
2004-03-02,73.30000305175781,73.80000305175781,72.2300033569336,72.62999725341797,38.92543029785156,1881600,LLY
2004-03-03,72.5999984741211,73.18000030517578,71.79000091552734,73.08000183105469,39.16661071777344,1630500,LLY
2004-03-04,73.1500015258789,73.16999816894531,72.18000030517578,73.12000274658203,39.18806076049805,2070700,LLY
2004-03-05,73.0,73.83000183105469,72.7300033569336,73.45999908447266,39.37028503417969,2249500,LLY
2004-03-08,73.5999984741211,73.9800033569336,72.70999908447266,72.80000305175781,39.01655578613281,1997000,LLY
2004-03-09,72.87000274658203,73.0999984741211,70.77999877929688,71.8499984741211,38.50741958618164,4915200,LLY
2004-03-10,71.9000015258789,71.9800033569336,70.33999633789062,70.48999786376953,37.77852249145508,3915300,LLY
2004-03-11,70.4800033569336,70.69999694824219,69.0,69.16999816894531,37.07107925415039,3918700,LLY
2004-03-12,69.5999984741211,70.93000030517578,69.33999633789062,70.93000030517578,38.01435852050781,3059000,LLY
2004-03-15,70.33999633789062,70.51000213623047,69.4000015258789,69.68000030517578,37.34443664550781,3090500,LLY
2004-03-16,70.0,70.97000122070312,70.0,70.66999816894531,37.87498474121094,3043600,LLY
2004-03-17,70.55000305175781,70.56999969482422,69.3499984741211,69.83000183105469,37.4248161315918,3435900,LLY
2004-03-18,69.30000305175781,70.16999816894531,69.0199966430664,69.81999969482422,37.419456481933594,2888300,LLY
2004-03-19,69.41999816894531,69.66000366210938,68.54000091552734,68.62999725341797,36.78168487548828,3000700,LLY
2004-03-22,68.62999725341797,69.2300033569336,67.73999786376953,67.95999908447266,36.42258834838867,3264000,LLY
2004-03-23,68.23999786376953,68.75,67.51000213623047,67.55000305175781,36.20284652709961,3193600,LLY
2004-03-24,67.6500015258789,67.7699966430664,66.04000091552734,66.48999786376953,35.63475036621094,4967000,LLY
2004-03-25,66.48999786376953,66.48999786376953,64.51000213623047,65.5,35.10417938232422,6332700,LLY
2004-03-26,65.4000015258789,65.68000030517578,64.6500015258789,65.0,34.83620834350586,5019500,LLY
2004-03-29,65.25,66.06999969482422,65.16999816894531,65.5999984741211,35.15778350830078,4241400,LLY
2004-03-30,66.0,66.18000030517578,65.38999938964844,65.80000305175781,35.26496505737305,3444300,LLY
2004-03-31,67.5,68.36000061035156,66.80000305175781,66.9000015258789,35.85450744628906,5951000,LLY
2004-04-01,67.4000015258789,67.93000030517578,67.01000213623047,67.5999984741211,36.22964859008789,5346400,LLY
2004-04-02,68.80000305175781,69.4000015258789,68.44999694824219,68.69999694824219,36.81920623779297,4923500,LLY
2004-04-05,68.94999694824219,69.16999816894531,68.31999969482422,69.1500015258789,37.06037139892578,3705400,LLY
2004-04-06,68.6500015258789,68.98999786376953,68.12000274658203,68.77999877929688,36.862083435058594,2050500,LLY
2004-04-07,68.75,69.88999938964844,68.47000122070312,69.4000015258789,37.19435501098633,3914400,LLY
2004-04-08,69.9000015258789,70.1500015258789,68.20999908447266,68.87999725341797,36.91565704345703,3592400,LLY
2004-04-12,69.4800033569336,69.4800033569336,68.7699966430664,69.20999908447266,37.09252166748047,1516100,LLY
2004-04-13,69.69999694824219,69.81999969482422,69.0999984741211,69.33999633789062,37.16218566894531,3434100,LLY
2004-04-14,69.0199966430664,70.41000366210938,69.0199966430664,70.41000366210938,37.735660552978516,3321900,LLY
2004-04-15,70.9800033569336,72.9000015258789,70.80999755859375,72.9000015258789,39.07014083862305,6059600,LLY
2004-04-16,72.9800033569336,73.3499984741211,72.0199966430664,72.44999694824219,38.828975677490234,4938300,LLY
2004-04-19,72.5,73.73999786376953,72.5,73.4000015258789,39.338130950927734,4933400,LLY
2004-04-20,73.4000015258789,73.81999969482422,72.25,72.25,38.7217903137207,3665700,LLY
2004-04-21,72.25,73.8499984741211,71.7300033569336,73.41000366210938,39.34348678588867,3355900,LLY
2004-04-22,73.41000366210938,74.76000213623047,73.0199966430664,74.0199966430664,39.6703987121582,3648000,LLY
2004-04-23,73.7699966430664,74.12000274658203,72.88999938964844,73.1500015258789,39.20414733886719,2891700,LLY
2004-04-26,73.30999755859375,73.93000030517578,72.80000305175781,73.3499984741211,39.31132888793945,2140300,LLY
2004-04-27,73.69999694824219,74.87999725341797,73.41999816894531,73.77999877929688,39.54177474975586,2968000,LLY
2004-04-28,73.6500015258789,73.8499984741211,73.08000183105469,73.6500015258789,39.472110748291016,2685700,LLY
2004-04-29,73.7300033569336,74.66999816894531,72.76000213623047,73.4000015258789,39.338130950927734,2793700,LLY
2004-04-30,73.68000030517578,74.72000122070312,73.43000030517578,73.80999755859375,39.5578498840332,3089200,LLY
2004-05-03,73.81999969482422,74.98999786376953,73.80999755859375,74.63999938964844,40.0026969909668,3010000,LLY
2004-05-04,74.69000244140625,75.97000122070312,74.5,75.33000183105469,40.37250518798828,3909600,LLY
2004-05-05,75.08000183105469,75.83999633789062,75.0,75.33000183105469,40.37250518798828,2844400,LLY
2004-05-06,74.80000305175781,76.62999725341797,74.75,76.26000213623047,40.87091827392578,3639800,LLY
2004-05-07,76.5,76.94999694824219,75.51000213623047,75.55000305175781,40.49039077758789,3479000,LLY
2004-05-10,75.55000305175781,76.1500015258789,73.58000183105469,74.37999725341797,39.86332702636719,5019800,LLY
2004-05-11,73.94999694824219,74.55000305175781,73.58999633789062,73.8499984741211,39.579280853271484,3235800,LLY
2004-05-12,73.25,74.0,72.08999633789062,73.70999908447266,39.69508743286133,3512400,LLY
2004-05-13,73.55000305175781,73.94999694824219,73.06999969482422,73.26000213623047,39.45275115966797,2206400,LLY
2004-05-14,73.26000213623047,74.48999786376953,72.9800033569336,73.8499984741211,39.77045822143555,1971400,LLY
2004-05-17,72.83999633789062,73.3499984741211,72.3499984741211,72.93000030517578,39.27503204345703,3885500,LLY
2004-05-18,72.93000030517578,73.30999755859375,72.2699966430664,72.56999969482422,39.081153869628906,2687000,LLY
2004-05-19,72.69999694824219,73.0,71.69999694824219,71.87999725341797,38.70956802368164,2757000,LLY
2004-05-20,72.19999694824219,72.55999755859375,71.44000244140625,72.30999755859375,38.94113540649414,2966200,LLY
2004-05-21,72.4000015258789,72.69000244140625,71.5,71.9800033569336,38.76343536376953,2124700,LLY
2004-05-24,72.0999984741211,72.0999984741211,70.30999755859375,70.7699966430664,38.111793518066406,3351600,LLY
2004-05-25,70.77999877929688,72.23999786376953,70.5,72.06999969482422,38.8118896484375,3059400,LLY
2004-05-26,72.94999694824219,73.88999938964844,72.75,73.41999816894531,39.538909912109375,4105800,LLY
2004-05-27,73.94999694824219,74.4800033569336,73.61000061035156,73.95999908447266,39.829708099365234,2397400,LLY
2004-05-28,73.66999816894531,73.94999694824219,73.0999984741211,73.66999816894531,39.67353439331055,2249400,LLY
2004-06-01,73.8499984741211,74.75,73.66999816894531,74.73999786376953,40.24978256225586,2898100,LLY
2004-06-02,74.94999694824219,74.98999786376953,74.08999633789062,74.5,40.12051773071289,2447300,LLY
2004-06-03,74.51000213623047,75.4000015258789,74.30000305175781,74.36000061035156,40.04513931274414,2252400,LLY
2004-06-04,74.5999984741211,75.83000183105469,74.5,75.0,40.3897819519043,2801200,LLY
2004-06-07,75.6500015258789,75.66999816894531,74.80999755859375,75.66000366210938,40.74522399902344,2056700,LLY
2004-06-08,75.19999694824219,75.6500015258789,74.8499984741211,75.37999725341797,40.59442901611328,1872800,LLY
2004-06-09,75.0999984741211,75.0999984741211,73.45999908447266,73.56999969482422,39.61968994140625,3608900,LLY
2004-06-10,74.0,74.1500015258789,73.30999755859375,73.63999938964844,39.65738296508789,1700000,LLY
2004-06-14,73.30000305175781,74.05000305175781,72.5199966430664,72.69999694824219,39.15115737915039,2781700,LLY
2004-06-15,73.19999694824219,73.30000305175781,72.4000015258789,72.62000274658203,39.10807800292969,2257300,LLY
2004-06-16,72.80000305175781,73.91000366210938,72.5999984741211,73.19999694824219,39.42042922973633,2072800,LLY
2004-06-17,72.9000015258789,73.69000244140625,72.58000183105469,73.54000091552734,39.603546142578125,1998000,LLY
2004-06-18,73.0,74.06999969482422,73.0,73.58000183105469,39.625064849853516,3512800,LLY
2004-06-21,73.30000305175781,73.47000122070312,72.66999816894531,72.66999816894531,39.135005950927734,1842500,LLY
2004-06-22,72.66999816894531,73.19999694824219,72.41000366210938,72.93000030517578,39.27503204345703,2621100,LLY
2004-06-23,72.6500015258789,73.48999786376953,72.0999984741211,73.13999938964844,39.388118743896484,2032300,LLY
2004-06-24,72.6500015258789,73.13999938964844,72.5199966430664,72.7300033569336,39.16733169555664,1435600,LLY
2004-06-25,72.1500015258789,72.19999694824219,71.38999938964844,71.4000015258789,38.45107650756836,4148900,LLY
2004-06-28,71.75,72.41000366210938,71.51000213623047,71.69999694824219,38.612632751464844,3116100,LLY
2004-06-29,71.5999984741211,72.12999725341797,69.81999969482422,70.25,37.83177947998047,6256700,LLY
2004-06-30,70.25,70.7300033569336,69.47000122070312,69.91000366210938,37.6486701965332,5540100,LLY
2004-07-01,69.91000366210938,70.30000305175781,68.2300033569336,68.93000030517578,37.12091827392578,4751000,LLY
2004-07-02,68.94000244140625,69.80999755859375,68.77999877929688,69.37000274658203,37.35786437988281,3236700,LLY
2004-07-06,69.16999816894531,69.16999816894531,68.12999725341797,68.27999877929688,36.7708625793457,2614600,LLY
2004-07-07,67.77999877929688,68.4800033569336,67.05999755859375,67.52999877929688,36.36695861816406,3196200,LLY
2004-07-08,67.51000213623047,69.56999969482422,67.51000213623047,67.87999725341797,36.55545425415039,3601600,LLY
2004-07-09,68.0,68.2300033569336,66.80000305175781,67.0,36.08152389526367,3123200,LLY
2004-07-12,67.01000213623047,68.4000015258789,66.97000122070312,68.12000274658203,36.684715270996094,2949900,LLY
2004-07-13,68.12000274658203,68.52999877929688,68.02999877929688,68.43000030517578,36.85163116455078,2939000,LLY
2004-07-14,68.1500015258789,69.08000183105469,67.80000305175781,67.98999786376953,36.61467742919922,2172700,LLY
2004-07-15,68.0999984741211,68.31999969482422,66.7699966430664,66.83000183105469,35.989990234375,3579500,LLY
2004-07-16,66.83999633789062,67.19999694824219,65.63999938964844,66.30000305175781,35.70456314086914,3919100,LLY
2004-07-19,66.27999877929688,66.37999725341797,65.51000213623047,65.52999877929688,35.28990173339844,3247200,LLY
2004-07-20,65.30000305175781,65.63999938964844,64.13999938964844,64.66999816894531,34.82675552368164,5220600,LLY
2004-07-21,64.9000015258789,66.94000244140625,64.80000305175781,65.27999877929688,35.155269622802734,4294600,LLY
2004-07-22,64.0999984741211,66.0,64.05000305175781,64.73999786376953,34.86445999145508,3993100,LLY
2004-07-23,63.25,64.16000366210938,62.630001068115234,62.709999084472656,33.771244049072266,5203400,LLY
2004-07-26,63.099998474121094,63.11000061035156,61.63999938964844,62.13999938964844,33.46427536010742,3893300,LLY
2004-07-27,62.5,63.95000076293945,62.27000045776367,63.06999969482422,33.96511459350586,5439800,LLY
2004-07-28,62.86000061035156,63.84000015258789,62.0099983215332,63.689998626708984,34.29900360107422,4209900,LLY
2004-07-29,63.349998474121094,64.12000274658203,63.029998779296875,63.63999938964844,34.27207946777344,2867400,LLY
2004-07-30,63.400001525878906,64.37000274658203,63.2599983215332,63.720001220703125,34.31516647338867,2162100,LLY
2004-08-02,63.720001220703125,64.19000244140625,63.36000061035156,63.54999923706055,34.22359848022461,1805100,LLY
2004-08-03,63.599998474121094,64.08999633789062,63.18000030517578,63.220001220703125,34.04589080810547,2581200,LLY
2004-08-04,64.0999984741211,64.48999786376953,63.02000045776367,63.650001525878906,34.277462005615234,3622100,LLY
2004-08-05,63.70000076293945,63.77000045776367,61.29999923706055,61.40999984741211,33.071163177490234,3328800,LLY
2004-08-06,61.02000045776367,61.20000076293945,60.25,61.0,32.850364685058594,3792700,LLY
2004-08-09,61.25,61.29999923706055,60.29999923706055,60.470001220703125,32.56492614746094,2148600,LLY
2004-08-10,60.650001525878906,61.099998474121094,59.779998779296875,61.060001373291016,32.88267517089844,3483500,LLY
2004-08-11,60.209999084472656,62.70000076293945,60.209999084472656,62.599998474121094,33.90914535522461,3920000,LLY
2004-08-12,62.40999984741211,62.84000015258789,61.599998474121094,62.060001373291016,33.61664581298828,2507200,LLY
2004-08-13,62.25,62.66999816894531,61.52000045776367,61.56999969482422,33.35122299194336,3076200,LLY
2004-08-16,61.970001220703125,63.20000076293945,61.77000045776367,63.09000015258789,34.174560546875,2859300,LLY
2004-08-17,63.08000183105469,63.43000030517578,62.5099983215332,62.83000183105469,34.03374481201172,2658500,LLY
2004-08-18,62.97999954223633,64.68000030517578,62.54999923706055,64.55999755859375,34.970848083496094,3489600,LLY
2004-08-19,64.55999755859375,64.55999755859375,63.20000076293945,64.3499984741211,34.85710144042969,3401400,LLY
2004-08-20,64.3499984741211,64.73999786376953,64.20999908447266,64.5,34.93833923339844,2296300,LLY
2004-08-23,64.5,64.83999633789062,64.22000122070312,64.4000015258789,34.88417434692383,2011200,LLY
2004-08-24,64.6500015258789,64.91999816894531,64.30999755859375,64.69999694824219,35.046669006347656,2186200,LLY
2004-08-25,64.83000183105469,64.95999908447266,64.31999969482422,64.4800033569336,34.92750930786133,2287900,LLY
2004-08-26,64.19000244140625,64.48999786376953,63.279998779296875,63.529998779296875,34.41291809082031,3415500,LLY
2004-08-27,63.849998474121094,64.55999755859375,63.70000076293945,64.31999969482422,34.84084701538086,1566500,LLY
2004-08-30,64.0,64.02999877929688,62.9900016784668,63.20000076293945,34.234153747558594,2325000,LLY
2004-08-31,63.349998474121094,63.77000045776367,62.79999923706055,63.45000076293945,34.36956787109375,2014400,LLY
2004-09-01,63.5,64.18000030517578,62.9900016784668,64.11000061035156,34.727081298828125,3085700,LLY
2004-09-02,64.11000061035156,65.0,64.0,64.80000305175781,35.1008415222168,1945900,LLY
2004-09-03,64.88999938964844,65.25,64.7699966430664,64.9800033569336,35.19835662841797,1998900,LLY
2004-09-07,65.30000305175781,66.5,65.30000305175781,66.0,35.750850677490234,2948900,LLY
2004-09-08,65.77999877929688,66.45999908447266,64.9000015258789,65.06999969482422,35.24708938598633,2198100,LLY
2004-09-09,65.31999969482422,65.94999694824219,65.1500015258789,65.7300033569336,35.604618072509766,2713000,LLY
2004-09-10,65.7300033569336,65.95999908447266,65.01000213623047,65.8499984741211,35.66960906982422,1928000,LLY
2004-09-13,65.9800033569336,66.0,65.44999694824219,65.44999694824219,35.45293426513672,2860000,LLY
2004-09-14,65.45999908447266,66.69000244140625,65.45999908447266,66.45999908447266,36.00003433227539,3820800,LLY
2004-09-15,66.6500015258789,67.30000305175781,66.58999633789062,67.1500015258789,36.37380599975586,3205900,LLY
2004-09-16,67.0199966430664,67.19000244140625,66.66999816894531,66.76000213623047,36.16253662109375,2291500,LLY
2004-09-17,66.9800033569336,66.9800033569336,66.26000213623047,66.38999938964844,35.96210479736328,2637600,LLY
2004-09-20,66.29000091552734,66.44000244140625,65.08000183105469,65.51000213623047,35.485443115234375,2432600,LLY
2004-09-21,65.5,65.51000213623047,64.8499984741211,65.16000366210938,35.295867919921875,3256500,LLY
2004-09-22,64.6500015258789,64.97000122070312,63.650001525878906,63.91999816894531,34.62416076660156,2874800,LLY
2004-09-23,64.25,64.44999694824219,63.47999954223633,63.5,34.39665603637695,2254100,LLY
2004-09-24,63.5,64.08000183105469,63.2400016784668,63.65999984741211,34.483333587646484,1810700,LLY
2004-09-27,63.66999816894531,63.849998474121094,62.75,62.900001525878906,34.071659088134766,1893100,LLY
2004-09-28,63.0,63.04999923706055,61.810001373291016,62.04999923706055,33.611228942871094,4064100,LLY
2004-09-29,62.0,62.20000076293945,61.20000076293945,61.849998474121094,33.50288772583008,3178900,LLY
2004-09-30,61.29999923706055,61.70000076293945,59.720001220703125,60.04999923706055,32.52788543701172,7016600,LLY
2004-10-01,60.25,61.83000183105469,60.22999954223633,61.400001525878906,33.259132385253906,3458300,LLY
2004-10-04,61.400001525878906,62.380001068115234,61.400001525878906,61.560001373291016,33.34579849243164,3311200,LLY
2004-10-05,61.709999084472656,62.31999969482422,61.5,62.0099983215332,33.58957290649414,2190800,LLY
2004-10-06,62.02000045776367,62.029998779296875,60.459999084472656,61.470001220703125,33.29704284667969,3824700,LLY
2004-10-07,61.54999923706055,61.86000061035156,59.38999938964844,59.560001373291016,32.262447357177734,5547800,LLY
2004-10-08,59.5,60.38999938964844,59.0099983215332,59.08000183105469,32.002437591552734,3905900,LLY
2004-10-11,59.15999984741211,59.5,58.79999923706055,59.0,31.959104537963867,2688200,LLY
2004-10-12,57.29999923706055,58.099998474121094,57.06999969482422,57.150001525878906,30.957006454467773,6097600,LLY
2004-10-13,57.150001525878906,57.34000015258789,55.83000183105469,56.29999923706055,30.49658203125,5223000,LLY
2004-10-14,56.380001068115234,56.9900016784668,56.029998779296875,56.029998779296875,30.350309371948242,3904300,LLY
2004-10-15,56.279998779296875,57.56999969482422,56.029998779296875,57.349998474121094,31.06532096862793,6463700,LLY
2004-10-18,57.0,57.790000915527344,57.0,57.400001525878906,31.09242057800293,3307200,LLY
2004-10-19,57.400001525878906,57.5,55.83000183105469,56.0,30.334070205688477,4170800,LLY
2004-10-20,55.900001525878906,56.04999923706055,54.81999969482422,55.099998474121094,29.846555709838867,6387200,LLY
2004-10-21,54.2599983215332,54.880001068115234,52.279998779296875,52.63999938964844,28.51402473449707,10637200,LLY
2004-10-22,52.400001525878906,52.86000061035156,51.630001068115234,51.849998474121094,28.086116790771484,9597700,LLY
2004-10-25,51.849998474121094,52.0,50.34000015258789,50.439998626708984,27.322343826293945,6367300,LLY
2004-10-26,50.349998474121094,52.52000045776367,50.349998474121094,52.45000076293945,28.411096572875977,6071200,LLY
2004-10-27,53.75,56.58000183105469,53.40999984741211,56.20000076293945,30.442401885986328,9657400,LLY
2004-10-28,56.04999923706055,56.29999923706055,55.31999969482422,56.040000915527344,30.35572624206543,5004100,LLY
2004-10-29,55.810001373291016,56.0,53.959999084472656,54.90999984741211,29.743635177612305,6141600,LLY
2004-11-01,54.90999984741211,55.54999923706055,54.560001373291016,55.150001525878906,29.87363624572754,4770400,LLY
2004-11-02,54.75,56.22999954223633,54.72999954223633,55.119998931884766,29.857397079467773,5324400,LLY
2004-11-03,57.70000076293945,58.790000915527344,56.0,56.630001068115234,30.67532730102539,9225500,LLY
2004-11-04,56.880001068115234,57.439998626708984,56.0099983215332,57.31999969482422,31.04907989501953,5210900,LLY
2004-11-05,57.459999084472656,58.20000076293945,57.150001525878906,57.599998474121094,31.200759887695312,4160500,LLY
2004-11-08,57.20000076293945,57.650001525878906,56.5,56.95000076293945,30.848663330078125,3422400,LLY
2004-11-09,56.95000076293945,57.34000015258789,56.36000061035156,56.529998779296875,30.62116241455078,2734800,LLY
2004-11-10,56.45000076293945,56.470001220703125,55.45000076293945,55.619998931884766,30.31862449645996,3495700,LLY
2004-11-11,55.599998474121094,56.720001220703125,55.209999084472656,55.9900016784668,30.520320892333984,2785000,LLY
2004-11-12,56.099998474121094,56.290000915527344,55.06999969482422,56.209999084472656,30.64023780822754,2678900,LLY
2004-11-15,56.150001525878906,57.18000030517578,56.0,57.18000030517578,31.16898536682129,3313900,LLY
2004-11-16,57.18000030517578,57.439998626708984,56.70000076293945,56.810001373291016,30.9672908782959,4602300,LLY
2004-11-17,57.439998626708984,57.5,55.779998779296875,55.86000061035156,30.44944953918457,3409200,LLY
2004-11-18,56.29999923706055,56.5,56.029998779296875,56.400001525878906,30.743806838989258,2699600,LLY
2004-11-19,56.650001525878906,56.650001525878906,55.099998474121094,55.220001220703125,30.100589752197266,3332900,LLY
2004-11-22,55.2400016784668,56.20000076293945,54.70000076293945,56.130001068115234,30.59662437438965,4176100,LLY
2004-11-23,55.91999816894531,56.130001068115234,53.83000183105469,54.630001068115234,29.778966903686523,4773700,LLY
2004-11-24,54.95000076293945,55.25,54.38999938964844,54.790000915527344,29.866195678710938,2881300,LLY
2004-11-26,54.61000061035156,55.38999938964844,54.540000915527344,54.75,29.84438705444336,1044600,LLY
2004-11-29,55.25,55.25,53.45000076293945,54.31999969482422,29.6099853515625,5651100,LLY
2004-11-30,54.0,54.41999816894531,53.310001373291016,53.33000183105469,29.070344924926758,3590000,LLY
2004-12-01,53.849998474121094,54.470001220703125,53.70000076293945,54.470001220703125,29.691762924194336,3534200,LLY
2004-12-02,54.470001220703125,55.56999969482422,54.20000076293945,54.790000915527344,29.866195678710938,3260200,LLY
2004-12-03,54.900001525878906,55.349998474121094,54.209999084472656,54.5,29.708097457885742,2690900,LLY
2004-12-06,54.5,54.849998474121094,53.869998931884766,54.599998474121094,29.76262092590332,2665700,LLY
2004-12-07,54.61000061035156,55.0099983215332,53.63999938964844,53.65999984741211,29.250226974487305,2683000,LLY
2004-12-08,54.349998474121094,54.560001373291016,53.68000030517578,54.34000015258789,29.62088394165039,3757200,LLY
2004-12-09,53.70000076293945,54.7599983215332,53.41999816894531,54.68000030517578,29.806222915649414,4457800,LLY
2004-12-10,54.77000045776367,55.20000076293945,54.619998931884766,55.040000915527344,30.00247573852539,4138500,LLY
2004-12-13,55.45000076293945,56.13999938964844,55.439998626708984,56.04999923706055,30.553001403808594,4242900,LLY
2004-12-14,56.04999923706055,57.34000015258789,56.04999923706055,57.0,31.07085418701172,4593900,LLY
2004-12-15,57.20000076293945,57.439998626708984,56.439998626708984,56.720001220703125,30.91823959350586,3699900,LLY
2004-12-16,56.79999923706055,57.81999969482422,56.619998931884766,57.400001525878906,31.28891944885254,4659500,LLY
2004-12-17,55.400001525878906,56.150001525878906,53.36000061035156,56.02000045776367,30.536657333374023,13640700,LLY
2004-12-20,56.060001373291016,56.4900016784668,55.0099983215332,55.29999923706055,30.144184112548828,5305200,LLY
2004-12-21,55.310001373291016,55.810001373291016,55.099998474121094,55.810001373291016,30.42219352722168,4070300,LLY
2004-12-22,55.45000076293945,56.79999923706055,55.45000076293945,56.619998931884766,30.86372184753418,4181300,LLY
2004-12-23,56.470001220703125,57.779998779296875,56.40999984741211,57.2599983215332,31.212594985961914,3152300,LLY
2004-12-27,57.369998931884766,58.0099983215332,57.18000030517578,57.18000030517578,31.16898536682129,2406300,LLY
2004-12-28,57.040000915527344,57.66999816894531,57.0099983215332,57.43000030517578,31.305267333984375,1916200,LLY
2004-12-29,57.119998931884766,57.25,56.72999954223633,57.25,31.20713996887207,2743200,LLY
2004-12-30,57.45000076293945,57.75,57.2599983215332,57.5,31.34342384338379,2532200,LLY
2004-12-31,56.75,57.13999938964844,56.70000076293945,56.75,30.934585571289062,4178300,LLY
2005-01-03,56.77000045776367,57.040000915527344,56.20000076293945,56.25,30.662038803100586,3157300,LLY
2005-01-04,56.599998474121094,56.84000015258789,55.45000076293945,55.5,30.253206253051758,4277600,LLY
2005-01-05,55.72999954223633,56.189998626708984,55.5,56.08000183105469,30.569366455078125,3393900,LLY
2005-01-06,56.0,56.790000915527344,55.88999938964844,56.529998779296875,30.814664840698242,2940100,LLY
2005-01-07,56.529998779296875,56.70000076293945,56.16999816894531,56.2599983215332,30.66748809814453,2948600,LLY
2005-01-10,56.099998474121094,57.09000015258789,55.900001525878906,56.939998626708984,31.038166046142578,2908000,LLY
2005-01-11,56.939998626708984,57.119998931884766,56.400001525878906,57.029998779296875,31.08721923828125,3392100,LLY
2005-01-12,57.06999969482422,57.83000183105469,56.88999938964844,57.779998779296875,31.496030807495117,4472700,LLY
2005-01-13,57.529998779296875,57.75,56.40999984741211,56.41999816894531,30.754724502563477,3659900,LLY
2005-01-14,56.349998474121094,57.29999923706055,56.279998779296875,57.25,31.20713996887207,3207400,LLY
2005-01-18,57.25,57.68000030517578,56.61000061035156,57.540000915527344,31.365222930908203,3080100,LLY
2005-01-19,57.43000030517578,57.68000030517578,56.959999084472656,57.0,31.07085418701172,2463400,LLY
2005-01-20,57.0,57.349998474121094,56.11000061035156,56.43000030517578,30.760149002075195,3297300,LLY
2005-01-21,56.20000076293945,56.31999969482422,55.279998779296875,55.31999969482422,30.155094146728516,3470600,LLY
2005-01-24,55.54999923706055,55.68000030517578,54.84000015258789,54.84000015258789,29.893442153930664,3075500,LLY
2005-01-25,55.349998474121094,55.70000076293945,54.779998779296875,54.849998474121094,29.898883819580078,3015800,LLY
2005-01-26,56.25,57.16999816894531,55.38999938964844,55.5,30.253206253051758,6320300,LLY
2005-01-27,55.25,55.81999969482422,55.04999923706055,55.56999969482422,30.2913761138916,3915200,LLY
2005-01-28,55.349998474121094,55.349998474121094,52.86000061035156,53.58000183105469,29.20660972595215,5922500,LLY
2005-01-31,53.7400016784668,54.70000076293945,53.650001525878906,54.2400016784668,29.566375732421875,4901300,LLY
2005-02-01,54.25,54.77000045776367,53.849998474121094,54.7599983215332,29.849830627441406,2690100,LLY
2005-02-02,54.619998931884766,55.4900016784668,54.41999816894531,55.13999938964844,30.05697250366211,2721700,LLY
2005-02-03,55.13999938964844,55.20000076293945,54.61000061035156,54.869998931884766,29.90978240966797,3401500,LLY
2005-02-04,54.709999084472656,55.349998474121094,54.5,55.029998779296875,29.997007369995117,2220300,LLY
2005-02-07,55.279998779296875,56.15999984741211,55.150001525878906,55.7400016784668,30.384017944335938,2045600,LLY
2005-02-08,55.20000076293945,55.599998474121094,55.060001373291016,55.400001525878906,30.198688507080078,2800300,LLY
2005-02-09,55.70000076293945,56.119998931884766,54.58000183105469,54.650001525878906,29.789878845214844,2539100,LLY
2005-02-10,54.97999954223633,55.0,54.5,54.79999923706055,29.87162971496582,1982000,LLY
2005-02-11,54.63999938964844,56.689998626708984,54.599998474121094,55.5,30.464454650878906,2713900,LLY
2005-02-14,55.95000076293945,55.97999954223633,55.040000915527344,55.400001525878906,30.409557342529297,2105300,LLY
2005-02-15,55.25,55.900001525878906,54.95000076293945,55.77000045776367,30.612680435180664,3362100,LLY
2005-02-16,55.52000045776367,55.84000015258789,55.040000915527344,55.43000030517578,30.42603302001953,2534800,LLY
2005-02-17,55.290000915527344,55.689998626708984,55.0099983215332,55.130001068115234,30.261367797851562,2760300,LLY
2005-02-18,55.22999954223633,55.22999954223633,54.349998474121094,54.599998474121094,29.970443725585938,4445700,LLY
2005-02-22,54.66999816894531,55.099998474121094,54.5,54.560001373291016,29.948490142822266,3842100,LLY
2005-02-23,54.70000076293945,55.040000915527344,54.560001373291016,54.83000183105469,30.09670066833496,2189200,LLY
2005-02-24,54.93000030517578,55.189998626708984,54.56999969482422,55.119998931884766,30.255884170532227,2534600,LLY
2005-02-25,55.029998779296875,55.880001068115234,54.939998626708984,55.83000183105469,30.645601272583008,2425400,LLY
2005-02-28,55.86000061035156,56.29999923706055,55.2599983215332,56.0,30.738910675048828,3016200,LLY
2005-03-01,56.20000076293945,56.63999938964844,55.970001220703125,56.4900016784668,31.007883071899414,2692100,LLY
2005-03-02,56.08000183105469,57.0,55.869998931884766,56.349998474121094,30.931034088134766,2889100,LLY
2005-03-03,56.599998474121094,56.599998474121094,55.560001373291016,56.150001525878906,30.82125473022461,1933300,LLY
2005-03-04,56.650001525878906,56.900001525878906,56.02000045776367,56.7599983215332,31.156084060668945,3032000,LLY
2005-03-07,56.9900016784668,57.40999984741211,56.81999969482422,57.31999969482422,31.463472366333008,2819500,LLY
2005-03-08,57.279998779296875,57.41999816894531,56.52000045776367,56.7400016784668,31.145118713378906,2699900,LLY
2005-03-09,56.25,56.369998931884766,55.29999923706055,55.599998474121094,30.51935577392578,4725200,LLY
2005-03-10,55.599998474121094,55.900001525878906,55.16999816894531,55.560001373291016,30.497394561767578,3238700,LLY
2005-03-11,55.720001220703125,55.75,54.70000076293945,54.849998474121094,30.10765838623047,3217300,LLY
2005-03-14,54.88999938964844,55.0,53.529998779296875,53.70000076293945,29.476421356201172,5856400,LLY
2005-03-15,53.95000076293945,54.0,52.650001525878906,52.70000076293945,28.927513122558594,4783900,LLY
2005-03-16,52.7400016784668,52.970001220703125,51.81999969482422,52.290000915527344,28.70245361328125,4564800,LLY
2005-03-17,52.290000915527344,52.70000076293945,51.83000183105469,52.22999954223633,28.669530868530273,3998600,LLY
2005-03-18,52.22999954223633,52.650001525878906,51.650001525878906,52.52000045776367,28.828710556030273,5215200,LLY
2005-03-21,52.52000045776367,52.650001525878906,51.970001220703125,51.97999954223633,28.532299041748047,2254100,LLY
2005-03-22,51.9900016784668,52.47999954223633,51.79999923706055,51.84000015258789,28.455453872680664,3315600,LLY
2005-03-23,51.79999923706055,53.04999923706055,51.650001525878906,52.779998779296875,28.97142219543457,5705600,LLY
2005-03-24,52.849998474121094,53.470001220703125,52.7599983215332,52.900001525878906,29.037307739257812,3108000,LLY
2005-03-28,52.90999984741211,52.91999816894531,52.060001373291016,52.75,28.954959869384766,3254800,LLY
2005-03-29,52.54999923706055,52.599998474121094,51.31999969482422,51.72999954223633,28.39508056640625,5910700,LLY
2005-03-30,52.45000076293945,52.83000183105469,52.02000045776367,52.77000045776367,28.9659481048584,3819200,LLY
2005-03-31,52.77000045776367,52.77000045776367,52.04999923706055,52.099998474121094,28.59816551208496,2884400,LLY
2005-04-01,52.29999923706055,52.54999923706055,51.09000015258789,51.189998626708984,28.09865379333496,4281900,LLY
2005-04-04,51.52000045776367,51.75,51.08000183105469,51.33000183105469,28.175519943237305,4251800,LLY
2005-04-05,51.619998931884766,53.29999923706055,51.619998931884766,53.209999084472656,29.207448959350586,4651600,LLY
2005-04-06,53.349998474121094,53.75,52.810001373291016,53.560001373291016,29.39957618713379,4341400,LLY
2005-04-07,53.2400016784668,54.439998626708984,53.099998474121094,54.0,29.641101837158203,4335400,LLY
2005-04-08,54.150001525878906,54.66999816894531,54.0099983215332,54.310001373291016,29.811262130737305,4089100,LLY
2005-04-11,54.310001373291016,54.68000030517578,54.0099983215332,54.369998931884766,29.844194412231445,2860200,LLY
2005-04-12,54.04999923706055,54.099998474121094,52.900001525878906,53.81999969482422,29.54229736328125,5428200,LLY
2005-04-13,53.79999923706055,57.900001525878906,53.439998626708984,57.119998931884766,31.353681564331055,17838600,LLY
2005-04-14,56.880001068115234,57.09000015258789,55.150001525878906,55.15999984741211,30.277822494506836,15798400,LLY
2005-04-15,59.79999923706055,59.88999938964844,57.43000030517578,58.06999969482422,31.87515640258789,33421300,LLY
2005-04-18,58.150001525878906,59.220001220703125,57.7599983215332,59.0,32.385650634765625,12307300,LLY
2005-04-19,59.0,59.68000030517578,59.0,59.45000076293945,32.63265609741211,5896200,LLY
2005-04-20,59.25,59.70000076293945,58.0099983215332,58.02000045776367,31.84771728515625,7336300,LLY
2005-04-21,58.970001220703125,58.9900016784668,58.029998779296875,58.5,32.111175537109375,5615400,LLY
2005-04-22,58.25,58.7400016784668,58.02000045776367,58.400001525878906,32.05628967285156,3968900,LLY
2005-04-25,58.529998779296875,59.189998626708984,58.400001525878906,58.77000045776367,32.25939178466797,4128300,LLY
2005-04-26,58.25,58.9900016784668,58.130001068115234,58.400001525878906,32.05628967285156,3592800,LLY
2005-04-27,58.20000076293945,58.290000915527344,57.209999084472656,58.22999954223633,31.962995529174805,3413800,LLY
2005-04-28,58.22999954223633,58.5,57.25,58.0,31.836750030517578,3765300,LLY
2005-04-29,58.13999938964844,58.470001220703125,57.70000076293945,58.470001220703125,32.09471130371094,4391200,LLY
2005-05-02,58.70000076293945,59.099998474121094,57.93000030517578,58.90999984741211,32.336246490478516,3552400,LLY
2005-05-03,59.0,59.97999954223633,58.91999816894531,59.75,32.797325134277344,5701800,LLY
2005-05-04,59.97999954223633,60.470001220703125,59.5099983215332,60.2599983215332,33.07726287841797,5656500,LLY
2005-05-05,60.099998474121094,60.63999938964844,59.779998779296875,60.439998626708984,33.17607116699219,3436200,LLY
2005-05-06,60.56999969482422,60.97999954223633,60.150001525878906,60.18000030517578,33.033348083496094,4744800,LLY
2005-05-09,60.08000183105469,60.08000183105469,59.439998626708984,59.7599983215332,32.80280303955078,3696600,LLY
2005-05-10,59.40999984741211,59.63999938964844,59.08000183105469,59.130001068115234,32.457008361816406,3303900,LLY
2005-05-11,58.40999984741211,58.97999954223633,58.22999954223633,58.75,32.45701217651367,2655700,LLY
2005-05-12,58.849998474121094,59.70000076293945,58.79999923706055,59.189998626708984,32.70009994506836,2666700,LLY
2005-05-13,58.630001068115234,59.220001220703125,58.209999084472656,58.7599983215332,32.4625244140625,3003400,LLY
2005-05-16,58.93000030517578,59.70000076293945,58.79999923706055,59.400001525878906,32.816104888916016,2011500,LLY
2005-05-17,59.43000030517578,59.619998931884766,58.88999938964844,59.560001373291016,32.90447998046875,1858300,LLY
2005-05-18,60.0,60.7400016784668,59.91999816894531,60.36000061035156,33.346466064453125,5411500,LLY
2005-05-19,60.61000061035156,60.83000183105469,59.599998474121094,59.939998626708984,33.11442565917969,3866200,LLY
2005-05-20,59.900001525878906,59.900001525878906,58.61000061035156,58.900001525878906,32.53987503051758,5058200,LLY
2005-05-23,58.689998626708984,59.47999954223633,58.349998474121094,58.720001220703125,32.44041442871094,2943400,LLY
2005-05-24,58.04999923706055,59.290000915527344,58.04999923706055,58.619998931884766,32.38517379760742,2715500,LLY
2005-05-25,58.75,59.04999923706055,58.310001373291016,58.70000076293945,32.429378509521484,2958400,LLY
2005-05-26,58.779998779296875,59.459999084472656,58.72999954223633,59.099998474121094,32.65035629272461,2621000,LLY
2005-05-27,58.97999954223633,59.2599983215332,58.54999923706055,59.04999923706055,32.62274169921875,2330900,LLY
2005-05-31,59.060001373291016,59.220001220703125,58.27000045776367,58.29999923706055,32.20839309692383,3970200,LLY
2005-06-01,58.29999923706055,58.77000045776367,58.0,58.45000076293945,32.29126739501953,3177700,LLY
2005-06-02,58.209999084472656,58.34000015258789,58.0,58.189998626708984,32.147613525390625,1737200,LLY
2005-06-03,58.130001068115234,58.34000015258789,57.650001525878906,57.650001525878906,31.84930419921875,3358800,LLY
2005-06-06,57.75,58.22999954223633,57.470001220703125,57.689998626708984,31.871387481689453,2193900,LLY
2005-06-07,58.130001068115234,58.93000030517578,57.650001525878906,57.650001525878906,31.84930419921875,3272500,LLY
2005-06-08,58.0,58.040000915527344,57.099998474121094,57.369998931884766,31.694608688354492,3352200,LLY
2005-06-09,57.47999954223633,57.75,56.95000076293945,57.06999969482422,31.528873443603516,3242300,LLY
2005-06-10,57.380001068115234,57.599998474121094,56.7400016784668,56.9900016784668,31.484678268432617,2319500,LLY
2005-06-13,57.0099983215332,57.630001068115234,56.5,57.29999923706055,31.655912399291992,2349900,LLY
2005-06-14,57.220001220703125,57.9900016784668,57.11000061035156,57.650001525878906,31.84930419921875,2494900,LLY
2005-06-15,57.91999816894531,57.95000076293945,56.81999969482422,57.36000061035156,31.6890926361084,2178400,LLY
2005-06-16,57.779998779296875,58.560001373291016,57.59000015258789,58.36000061035156,32.241546630859375,3382800,LLY
2005-06-17,58.90999984741211,58.97999954223633,58.209999084472656,58.52000045776367,32.32992935180664,3758100,LLY
2005-06-20,58.20000076293945,58.54999923706055,57.77000045776367,58.04999923706055,32.07027053833008,3087500,LLY
2005-06-21,58.04999923706055,58.540000915527344,57.970001220703125,58.119998931884766,32.108943939208984,2350100,LLY
2005-06-22,58.20000076293945,58.5099983215332,57.849998474121094,58.31999969482422,32.21944046020508,2413400,LLY
2005-06-23,58.20000076293945,58.45000076293945,57.52000045776367,57.52000045776367,31.77747344970703,2511500,LLY
2005-06-24,57.400001525878906,57.43000030517578,56.900001525878906,56.90999984741211,31.44049072265625,2574400,LLY
2005-06-27,56.599998474121094,56.970001220703125,56.279998779296875,56.439998626708984,31.180822372436523,2571400,LLY
2005-06-28,56.79999923706055,56.900001525878906,56.09000015258789,56.65999984741211,31.302343368530273,3142600,LLY
2005-06-29,56.81999969482422,56.83000183105469,56.27000045776367,56.29999923706055,31.103483200073242,2747900,LLY
2005-06-30,56.470001220703125,56.4900016784668,55.52000045776367,55.709999084472656,30.77751922607422,4200600,LLY
2005-07-01,55.720001220703125,55.97999954223633,55.209999084472656,55.41999816894531,30.617321014404297,2667600,LLY
2005-07-05,55.13999938964844,55.86000061035156,55.0099983215332,55.720001220703125,30.783056259155273,2325900,LLY
2005-07-06,55.75,56.13999938964844,55.130001068115234,55.630001068115234,30.73333168029785,2907600,LLY
2005-07-07,54.75,55.38999938964844,54.75,55.209999084472656,30.501296997070312,3977200,LLY
2005-07-08,55.41999816894531,56.38999938964844,55.189998626708984,56.25,31.075843811035156,3461600,LLY
2005-07-11,56.70000076293945,56.72999954223633,56.2599983215332,56.619998931884766,31.28026008605957,2572200,LLY
2005-07-12,56.61000061035156,56.83000183105469,56.060001373291016,56.45000076293945,31.18634796142578,3740900,LLY
2005-07-13,56.2599983215332,56.5,56.06999969482422,56.380001068115234,31.14767074584961,2534700,LLY
2005-07-14,56.369998931884766,57.0,56.279998779296875,56.939998626708984,31.45705795288086,2977700,LLY
2005-07-15,56.599998474121094,57.130001068115234,56.41999816894531,56.65999984741211,31.302343368530273,4452000,LLY
2005-07-18,56.630001068115234,56.880001068115234,56.2400016784668,56.79999923706055,31.379695892333984,1961400,LLY
2005-07-19,57.150001525878906,57.29999923706055,56.619998931884766,56.720001220703125,31.33548927307129,2879100,LLY
2005-07-20,56.83000183105469,57.400001525878906,56.65999984741211,57.2599983215332,31.633838653564453,2964600,LLY
2005-07-21,56.2599983215332,56.81999969482422,56.0,56.25,31.075843811035156,6380400,LLY
2005-07-22,55.75,55.9900016784668,54.790000915527344,55.0,30.385284423828125,6476600,LLY
2005-07-25,55.150001525878906,55.279998779296875,54.5099983215332,54.75,30.247161865234375,3821500,LLY
2005-07-26,54.93000030517578,55.0,54.349998474121094,54.36000061035156,30.031719207763672,2549400,LLY
2005-07-27,54.400001525878906,55.13999938964844,54.369998931884766,54.90999984741211,30.335546493530273,3047000,LLY
2005-07-28,55.349998474121094,55.779998779296875,54.97999954223633,55.439998626708984,30.628360748291016,2903400,LLY
2005-07-29,55.970001220703125,56.5099983215332,55.900001525878906,56.31999969482422,31.114519119262695,5133200,LLY
2005-08-01,56.33000183105469,57.0,56.29999923706055,56.689998626708984,31.318941116333008,4310100,LLY
2005-08-02,56.20000076293945,56.279998779296875,55.70000076293945,56.0099983215332,30.94325828552246,7288000,LLY
2005-08-03,55.54999923706055,55.75,54.560001373291016,54.939998626708984,30.352136611938477,6182200,LLY
2005-08-04,54.75,54.939998626708984,53.7599983215332,53.900001525878906,29.7775821685791,5871800,LLY
2005-08-05,53.939998626708984,53.97999954223633,53.0,53.45000076293945,29.52897071838379,5420700,LLY
2005-08-08,53.459999084472656,53.59000015258789,52.84000015258789,53.099998474121094,29.335594177246094,3809100,LLY
2005-08-09,53.25,54.08000183105469,53.15999984741211,53.84000015258789,29.744434356689453,3490500,LLY
2005-08-10,54.02000045776367,54.40999984741211,53.68000030517578,53.900001525878906,29.7775821685791,3459200,LLY
2005-08-11,53.869998931884766,53.869998931884766,53.5,53.63999938964844,29.844337463378906,3211800,LLY
2005-08-12,53.36000061035156,53.66999816894531,53.209999084472656,53.40999984741211,29.71638298034668,2238900,LLY
2005-08-15,53.45000076293945,53.540000915527344,53.0,53.04999923706055,29.516077041625977,2237600,LLY
2005-08-16,53.130001068115234,53.22999954223633,52.630001068115234,52.72999954223633,29.33803939819336,3796600,LLY
2005-08-17,52.650001525878906,53.220001220703125,52.349998474121094,52.779998779296875,29.365840911865234,3847000,LLY
2005-08-18,52.560001373291016,52.650001525878906,51.97999954223633,52.52000045776367,29.221193313598633,3944500,LLY
2005-08-19,53.099998474121094,53.119998931884766,52.45000076293945,52.56999969482422,29.24900245666504,3906700,LLY
2005-08-22,52.79999923706055,53.189998626708984,52.31999969482422,52.709999084472656,29.3268985748291,3117400,LLY
2005-08-23,53.5,54.130001068115234,53.33000183105469,53.720001220703125,29.888845443725586,8028400,LLY
2005-08-24,53.81999969482422,54.04999923706055,53.20000076293945,53.38999938964844,29.705238342285156,4620200,LLY
2005-08-25,53.209999084472656,53.619998931884766,53.060001373291016,53.5,29.766443252563477,3425200,LLY
2005-08-26,53.5,53.65999984741211,52.79999923706055,53.40999984741211,29.71638298034668,4038700,LLY
2005-08-29,53.41999816894531,54.18000030517578,53.220001220703125,54.040000915527344,30.0668888092041,3023100,LLY
2005-08-30,53.900001525878906,54.099998474121094,53.54999923706055,54.06999969482422,30.08358383178711,3803600,LLY
2005-08-31,54.06999969482422,55.06999969482422,54.0,55.02000045776367,30.61214256286621,5710800,LLY
2005-09-01,54.7400016784668,54.970001220703125,54.18000030517578,54.5099983215332,30.328401565551758,3396800,LLY
2005-09-02,54.79999923706055,54.97999954223633,54.45000076293945,54.75,30.461923599243164,2571200,LLY
2005-09-06,55.0,55.630001068115234,54.939998626708984,55.630001068115234,30.951539993286133,2755300,LLY
2005-09-07,55.63999938964844,56.36000061035156,55.529998779296875,56.36000061035156,31.35768699645996,3631400,LLY
2005-09-08,56.0,56.63999938964844,55.869998931884766,56.45000076293945,31.407772064208984,3879100,LLY
2005-09-09,56.59000015258789,56.939998626708984,56.27000045776367,56.720001220703125,31.557979583740234,2114500,LLY
2005-09-12,56.58000183105469,57.09000015258789,56.529998779296875,56.95000076293945,31.68596839904785,2292400,LLY
2005-09-13,56.650001525878906,56.650001525878906,55.43000030517578,55.52000045776367,30.89034080505371,3936500,LLY
2005-09-14,55.599998474121094,55.959999084472656,55.150001525878906,55.45000076293945,30.851394653320312,2627600,LLY
2005-09-15,55.45000076293945,55.529998779296875,54.7400016784668,54.90999984741211,30.550933837890625,2753200,LLY
2005-09-16,55.08000183105469,55.25,54.900001525878906,55.20000076293945,30.71229362487793,6656400,LLY
2005-09-19,54.95000076293945,55.0,54.459999084472656,54.7599983215332,30.467493057250977,3310100,LLY
2005-09-20,54.720001220703125,54.869998931884766,54.09000015258789,54.099998474121094,30.100278854370117,4745800,LLY
2005-09-21,53.70000076293945,54.15999984741211,53.58000183105469,53.689998626708984,29.872154235839844,3911400,LLY
2005-09-22,53.68000030517578,54.25,53.66999816894531,53.95000076293945,30.016820907592773,3572700,LLY
2005-09-23,54.0,54.209999084472656,53.650001525878906,53.790000915527344,29.927797317504883,2082100,LLY
2005-09-26,54.0,54.400001525878906,52.619998931884766,53.290000915527344,29.649587631225586,4467400,LLY
2005-09-27,53.290000915527344,53.790000915527344,52.97999954223633,53.56999969482422,29.805400848388672,3196700,LLY
2005-09-28,53.45000076293945,53.970001220703125,53.18000030517578,53.470001220703125,29.749755859375,3780500,LLY
2005-09-29,53.5,54.349998474121094,53.25,54.290000915527344,30.20599365234375,3882200,LLY
2005-09-30,53.93000030517578,54.0,53.400001525878906,53.52000045776367,29.77756690979004,4593000,LLY
2005-10-03,53.400001525878906,53.900001525878906,52.849998474121094,52.93000030517578,29.44931411743164,3111300,LLY
2005-10-04,52.880001068115234,53.900001525878906,52.849998474121094,53.61000061035156,29.827638626098633,4017500,LLY
2005-10-05,53.61000061035156,54.25,53.540000915527344,53.75,29.90553855895996,4561000,LLY
2005-10-06,53.72999954223633,54.400001525878906,53.540000915527344,54.0099983215332,30.050203323364258,6577400,LLY
2005-10-07,54.0,54.099998474121094,53.31999969482422,53.40999984741211,29.71638298034668,4114400,LLY
2005-10-10,53.150001525878906,53.27000045776367,52.470001220703125,52.91999816894531,29.443744659423828,3601800,LLY
2005-10-11,52.72999954223633,52.95000076293945,52.099998474121094,52.119998931884766,28.99864387512207,4292000,LLY
2005-10-12,52.34000015258789,52.7400016784668,51.939998626708984,52.18000030517578,29.03200912475586,4044200,LLY
2005-10-13,51.599998474121094,52.84000015258789,51.52000045776367,52.540000915527344,29.232322692871094,4638400,LLY
2005-10-14,52.400001525878906,53.220001220703125,52.0,52.619998931884766,29.27682876586914,3397700,LLY
2005-10-17,52.29999923706055,52.36000061035156,51.349998474121094,51.529998779296875,28.670372009277344,8623700,LLY
2005-10-18,51.0,52.04999923706055,51.0,51.630001068115234,28.726009368896484,6137400,LLY
2005-10-19,51.25,51.63999938964844,51.09000015258789,51.599998474121094,28.709314346313477,6039500,LLY
2005-10-20,51.5,51.849998474121094,50.95000076293945,51.25,28.514575958251953,7670700,LLY
2005-10-21,51.68000030517578,51.70000076293945,50.47999954223633,50.70000076293945,28.208572387695312,6064300,LLY
2005-10-24,50.70000076293945,51.06999969482422,50.5,50.779998779296875,28.253084182739258,7370500,LLY
2005-10-25,50.77000045776367,50.779998779296875,49.880001068115234,50.310001373291016,27.99159049987793,7503000,LLY
2005-10-26,50.54999923706055,50.7400016784668,50.349998474121094,50.400001525878906,28.04166030883789,4830000,LLY
2005-10-27,50.5,50.560001373291016,49.970001220703125,50.0,27.819116592407227,2975600,LLY
2005-10-28,50.29999923706055,50.5099983215332,49.84000015258789,49.9900016784668,27.81354522705078,5316100,LLY
2005-10-31,50.220001220703125,50.2599983215332,49.70000076293945,49.790000915527344,27.70225715637207,6899700,LLY
2005-11-01,49.88999938964844,50.18000030517578,49.75,49.7599983215332,27.68556785583496,5187000,LLY
2005-11-02,49.79999923706055,50.040000915527344,49.70000076293945,49.900001525878906,27.763477325439453,3032500,LLY
2005-11-03,50.099998474121094,50.56999969482422,49.849998474121094,50.15999984741211,27.90811538696289,3443200,LLY
2005-11-04,50.369998931884766,50.939998626708984,50.209999084472656,50.83000183105469,28.280914306640625,3484400,LLY
2005-11-07,50.9900016784668,51.31999969482422,50.7599983215332,51.099998474121094,28.431137084960938,3678600,LLY
2005-11-08,51.119998931884766,51.95000076293945,50.9900016784668,51.68000030517578,28.753835678100586,5466300,LLY
2005-11-09,51.810001373291016,52.20000076293945,51.5,52.029998779296875,28.948549270629883,4241400,LLY
2005-11-10,51.75,51.900001525878906,51.119998931884766,51.400001525878906,28.80844497680664,3910000,LLY
2005-11-11,51.400001525878906,51.630001068115234,50.599998474121094,50.97999954223633,28.57304573059082,3137100,LLY
2005-11-14,52.0,52.0,50.13999938964844,50.209999084472656,28.14148712158203,3185000,LLY
2005-11-15,50.20000076293945,50.54999923706055,50.13999938964844,50.439998626708984,28.270387649536133,2565200,LLY
2005-11-16,50.36000061035156,50.400001525878906,49.72999954223633,49.79999923706055,27.911680221557617,3817800,LLY
2005-11-17,49.81999969482422,50.08000183105469,49.470001220703125,49.7599983215332,27.88925552368164,4004900,LLY
2005-11-18,50.7400016784668,50.75,49.650001525878906,50.34000015258789,28.214336395263672,3984000,LLY
2005-11-21,50.25,50.869998931884766,50.13999938964844,50.7400016784668,28.438522338867188,2826900,LLY
2005-11-22,50.400001525878906,50.72999954223633,50.150001525878906,50.619998931884766,28.371265411376953,3187800,LLY
2005-11-23,50.439998626708984,51.150001525878906,50.369998931884766,50.849998474121094,28.50017738342285,2847900,LLY
2005-11-25,50.939998626708984,51.0,50.5,50.540000915527344,28.326433181762695,1234800,LLY
2005-11-28,50.650001525878906,50.68000030517578,50.08000183105469,50.20000076293945,28.135873794555664,3447700,LLY
2005-11-29,50.400001525878906,50.66999816894531,50.0099983215332,50.04999923706055,28.051801681518555,3316500,LLY
2005-11-30,50.25,50.7400016784668,50.189998626708984,50.5,28.30402183532715,4093700,LLY
2005-12-01,50.79999923706055,51.939998626708984,50.75,51.5,28.864484786987305,5703800,LLY
2005-12-02,51.5,51.83000183105469,51.20000076293945,51.56999969482422,28.903724670410156,3676500,LLY
2005-12-05,51.43000030517578,51.7400016784668,50.95000076293945,51.470001220703125,28.847675323486328,3315100,LLY
2005-12-06,51.52000045776367,52.25,51.439998626708984,52.189998626708984,29.2512264251709,4333500,LLY
2005-12-07,52.0,53.20000076293945,51.900001525878906,52.95000076293945,29.677167892456055,5542000,LLY
2005-12-08,52.95000076293945,52.95000076293945,51.75,52.209999084472656,29.262420654296875,5048400,LLY
2005-12-09,54.400001525878906,55.0,53.310001373291016,53.40999984741211,29.935009002685547,10893900,LLY
2005-12-12,53.900001525878906,54.63999938964844,53.720001220703125,54.470001220703125,30.52910804748535,5061900,LLY
2005-12-13,54.79999923706055,55.810001373291016,54.72999954223633,55.70000076293945,31.218477249145508,5983600,LLY
2005-12-14,55.54999923706055,56.290000915527344,55.5,55.959999084472656,31.364212036132812,4802600,LLY
2005-12-15,56.150001525878906,56.459999084472656,56.0,56.279998779296875,31.5435848236084,4769200,LLY
2005-12-16,56.650001525878906,56.900001525878906,56.599998474121094,56.65999984741211,31.756532669067383,5681100,LLY
2005-12-19,57.650001525878906,58.25,57.29999923706055,57.59000015258789,32.27779769897461,7515600,LLY
2005-12-20,57.650001525878906,57.75,56.939998626708984,57.02000045776367,31.958324432373047,4233800,LLY
2005-12-21,57.5,57.7400016784668,57.0,57.0,31.94710350036621,3537500,LLY
2005-12-22,56.95000076293945,57.33000183105469,56.880001068115234,57.119998931884766,32.014347076416016,2874400,LLY
2005-12-23,56.900001525878906,57.849998474121094,56.790000915527344,57.70000076293945,32.339439392089844,3199300,LLY
2005-12-27,57.70000076293945,58.040000915527344,57.58000183105469,57.810001373291016,32.40108871459961,3129300,LLY
2005-12-28,57.79999923706055,57.970001220703125,57.38999938964844,57.75,32.367469787597656,2672600,LLY
2005-12-29,57.72999954223633,57.9900016784668,57.2400016784668,57.459999084472656,32.204925537109375,2599400,LLY
2005-12-30,56.959999084472656,57.0,56.5099983215332,56.59000015258789,31.717321395874023,2958800,LLY
2006-01-03,57.189998626708984,57.59000015258789,56.150001525878906,57.36000061035156,32.14889144897461,3957400,LLY
2006-01-04,57.47999954223633,57.75,56.880001068115234,57.08000183105469,31.991945266723633,3960200,LLY
2006-01-05,57.349998474121094,57.439998626708984,56.88999938964844,57.38999938964844,32.16569137573242,3140600,LLY
2006-01-06,57.70000076293945,58.119998931884766,57.09000015258789,57.81999969482422,32.406707763671875,3119300,LLY
2006-01-09,57.880001068115234,58.86000061035156,57.7400016784668,58.58000183105469,32.8326416015625,2952400,LLY
2006-01-10,58.45000076293945,59.0,57.58000183105469,58.18000030517578,32.60846710205078,3468500,LLY
2006-01-11,58.349998474121094,58.349998474121094,57.61000061035156,58.18000030517578,32.60846710205078,1910500,LLY
2006-01-12,58.279998779296875,58.689998626708984,57.56999969482422,57.95000076293945,32.47953414916992,2706000,LLY
2006-01-13,58.099998474121094,58.5,57.79999923706055,57.95000076293945,32.47953414916992,3182900,LLY
2006-01-17,57.54999923706055,57.95000076293945,57.11000061035156,57.27000045776367,32.09842300415039,3369200,LLY
2006-01-18,57.220001220703125,57.220001220703125,56.599998474121094,56.959999084472656,31.924684524536133,3160600,LLY
2006-01-19,57.400001525878906,57.810001373291016,56.81999969482422,57.18000030517578,32.0479736328125,3610600,LLY
2006-01-20,57.150001525878906,57.36000061035156,56.709999084472656,56.900001525878906,31.89105224609375,5040100,LLY
2006-01-23,57.08000183105469,57.54999923706055,57.0,57.209999084472656,32.06480026245117,3364600,LLY
2006-01-24,57.52000045776367,57.900001525878906,56.72999954223633,57.11000061035156,32.00876998901367,3718400,LLY
2006-01-25,57.349998474121094,57.790000915527344,57.150001525878906,57.16999816894531,32.04239273071289,4855800,LLY
2006-01-26,57.5,57.650001525878906,56.900001525878906,56.93000030517578,31.90786361694336,6852500,LLY
2006-01-27,56.790000915527344,57.70000076293945,56.72999954223633,57.54999923706055,32.25536346435547,6860800,LLY
2006-01-30,57.65999984741211,57.83000183105469,57.209999084472656,57.369998931884766,32.154476165771484,3114400,LLY
2006-01-31,57.150001525878906,57.16999816894531,56.0,56.619998931884766,31.73411750793457,6509300,LLY
2006-02-01,56.34000015258789,57.0,56.02000045776367,56.88999938964844,31.885459899902344,4030600,LLY
2006-02-02,56.79999923706055,57.130001068115234,56.119998931884766,56.29999923706055,31.554786682128906,3407900,LLY
2006-02-03,55.939998626708984,56.36000061035156,55.70000076293945,55.86000061035156,31.30815887451172,4062200,LLY
2006-02-06,55.75,55.849998474121094,55.09000015258789,55.41999816894531,31.061555862426758,2785700,LLY
2006-02-07,55.25,55.56999969482422,54.599998474121094,54.97999954223633,30.814950942993164,3169500,LLY
2006-02-08,54.84000015258789,55.880001068115234,54.84000015258789,55.70000076293945,31.218477249145508,2623200,LLY
2006-02-09,55.70000076293945,56.83000183105469,55.54999923706055,56.29999923706055,31.554786682128906,5236500,LLY
2006-02-10,56.439998626708984,56.599998474121094,55.75,56.18000030517578,31.487512588500977,3018200,LLY
2006-02-13,55.779998779296875,55.81999969482422,54.900001525878906,55.349998474121094,31.244773864746094,2859100,LLY
2006-02-14,55.529998779296875,55.79999923706055,54.81999969482422,55.47999954223633,31.318164825439453,4020100,LLY
2006-02-15,55.630001068115234,56.349998474121094,55.25,56.02000045776367,31.622997283935547,2672600,LLY
2006-02-16,56.029998779296875,56.439998626708984,55.43000030517578,56.36000061035156,31.814922332763672,3050700,LLY
2006-02-17,56.47999954223633,56.5,55.5,55.84000015258789,31.521390914916992,2872700,LLY
2006-02-21,55.68000030517578,56.099998474121094,55.45000076293945,55.5,31.329452514648438,2678400,LLY
2006-02-22,55.79999923706055,56.290000915527344,55.630001068115234,56.099998474121094,31.668136596679688,2446800,LLY
2006-02-23,55.88999938964844,55.970001220703125,55.45000076293945,55.93000030517578,31.572193145751953,2612000,LLY
2006-02-24,56.150001525878906,56.29999923706055,55.810001373291016,56.02000045776367,31.622997283935547,2495400,LLY
2006-02-27,55.90999984741211,57.06999969482422,55.90999984741211,56.72999954223633,32.023799896240234,2480300,LLY
2006-02-28,56.869998931884766,56.900001525878906,55.45000076293945,55.619998931884766,31.397205352783203,4674700,LLY
2006-03-01,55.369998931884766,55.939998626708984,54.849998474121094,55.88999938964844,31.549610137939453,3502800,LLY
2006-03-02,55.88999938964844,56.029998779296875,55.58000183105469,55.75,31.470579147338867,2350000,LLY
2006-03-03,55.5,56.369998931884766,55.400001525878906,55.709999084472656,31.448007583618164,2319800,LLY
2006-03-06,56.0,56.79999923706055,55.779998779296875,56.4900016784668,31.88831329345703,4022900,LLY
2006-03-07,56.4900016784668,56.9900016784668,56.400001525878906,56.61000061035156,31.956039428710938,3413200,LLY
2006-03-08,56.5,57.5099983215332,56.470001220703125,57.36000061035156,32.37940979003906,4251000,LLY
2006-03-09,57.900001525878906,57.900001525878906,56.86000061035156,57.08000183105469,32.22135925292969,3366400,LLY
2006-03-10,57.459999084472656,57.599998474121094,56.900001525878906,57.25,32.317325592041016,3524300,LLY
2006-03-13,57.529998779296875,57.650001525878906,57.08000183105469,57.2400016784668,32.31168746948242,2406300,LLY
2006-03-14,57.06999969482422,57.720001220703125,56.849998474121094,57.54999923706055,32.486671447753906,3543700,LLY
2006-03-15,57.29999923706055,57.400001525878906,56.45000076293945,56.970001220703125,32.15925979614258,4035800,LLY
2006-03-16,57.220001220703125,57.380001068115234,56.779998779296875,57.22999954223633,32.306026458740234,2526400,LLY
2006-03-17,57.52000045776367,57.54999923706055,56.939998626708984,57.09000015258789,32.227012634277344,3432600,LLY
2006-03-20,57.790000915527344,57.970001220703125,57.36000061035156,57.41999816894531,32.41330337524414,3008100,LLY
2006-03-21,57.70000076293945,57.849998474121094,57.2599983215332,57.310001373291016,32.35120391845703,2847700,LLY
2006-03-22,57.75,58.68000030517578,57.59000015258789,58.4900016784668,33.01730728149414,3656800,LLY
2006-03-23,58.279998779296875,58.369998931884766,57.599998474121094,58.040000915527344,32.76327133178711,2720900,LLY
2006-03-24,58.45000076293945,59.2400016784668,58.31999969482422,58.86000061035156,33.226158142089844,4281800,LLY
2006-03-27,58.86000061035156,58.970001220703125,58.209999084472656,58.66999816894531,33.11891174316406,3190700,LLY
2006-03-28,57.189998626708984,57.70000076293945,56.0,56.380001068115234,31.826210021972656,7624500,LLY
2006-03-29,56.08000183105469,56.31999969482422,55.25,56.31999969482422,31.792354583740234,6317400,LLY
2006-03-30,55.900001525878906,56.70000076293945,55.63999938964844,56.04999923706055,31.639936447143555,3525300,LLY
2006-03-31,55.900001525878906,56.27000045776367,55.20000076293945,55.29999923706055,31.216556549072266,5139100,LLY
2006-04-03,55.650001525878906,55.900001525878906,55.060001373291016,55.2400016784668,31.182687759399414,3928500,LLY
2006-04-04,55.20000076293945,55.41999816894531,54.63999938964844,55.15999984741211,31.13751983642578,5302500,LLY
2006-04-05,55.40999984741211,55.630001068115234,54.65999984741211,54.869998931884766,30.97381591796875,4407100,LLY
2006-04-06,55.0,55.20000076293945,54.27000045776367,54.47999954223633,30.753677368164062,3791500,LLY
2006-04-07,54.25,54.40999984741211,53.36000061035156,53.540000915527344,30.223039627075195,4515400,LLY
2006-04-10,53.599998474121094,53.72999954223633,53.060001373291016,53.369998931884766,30.127079010009766,2486700,LLY
2006-04-11,53.4900016784668,53.5,52.650001525878906,53.099998474121094,29.974674224853516,4454100,LLY
2006-04-12,52.779998779296875,53.61000061035156,52.5,53.41999816894531,30.155315399169922,3200100,LLY
2006-04-13,53.25,53.349998474121094,52.880001068115234,53.27000045776367,30.070632934570312,2174200,LLY
2006-04-17,53.31999969482422,53.31999969482422,52.43000030517578,53.0099983215332,29.923864364624023,3131500,LLY
2006-04-18,54.75,54.79999923706055,53.95000076293945,54.5,30.76494789123535,7040700,LLY
2006-04-19,54.790000915527344,54.790000915527344,54.29999923706055,54.650001525878906,30.849641799926758,4099900,LLY
2006-04-20,54.650001525878906,54.75,53.0,53.619998931884766,30.268199920654297,6309600,LLY
2006-04-21,53.70000076293945,53.70000076293945,52.63999938964844,52.93000030517578,29.878713607788086,5496700,LLY
2006-04-24,52.83000183105469,53.22999954223633,52.060001373291016,52.560001373291016,29.669837951660156,3766800,LLY
2006-04-25,52.81999969482422,52.81999969482422,51.970001220703125,52.209999084472656,29.47226905822754,2311600,LLY
2006-04-26,52.47999954223633,52.65999984741211,52.04999923706055,52.2400016784668,29.489215850830078,2697800,LLY
2006-04-27,50.91999816894531,53.029998779296875,50.91999816894531,52.75,29.777109146118164,3522100,LLY
2006-04-28,52.650001525878906,53.20000076293945,52.38999938964844,52.91999816894531,29.87306785583496,5074700,LLY
2006-05-01,52.5099983215332,52.95000076293945,52.130001068115234,52.29999923706055,29.5230655670166,3264700,LLY
2006-05-02,52.20000076293945,52.349998474121094,51.880001068115234,51.93000030517578,29.314212799072266,3541800,LLY
2006-05-03,51.959999084472656,52.22999954223633,51.849998474121094,51.959999084472656,29.33114242553711,3703600,LLY
2006-05-04,52.279998779296875,52.29999923706055,51.029998779296875,52.02000045776367,29.36501693725586,7296600,LLY
2006-05-05,52.41999816894531,53.04999923706055,52.040000915527344,52.939998626708984,29.88434600830078,3183900,LLY
2006-05-08,52.650001525878906,53.31999969482422,52.5099983215332,52.90999984741211,29.867403030395508,5091300,LLY
2006-05-09,52.75,52.84000015258789,51.959999084472656,52.189998626708984,29.46098518371582,3852000,LLY
2006-05-10,52.38999938964844,52.52000045776367,51.77000045776367,52.060001373291016,29.38759994506836,5319400,LLY
2006-05-11,51.459999084472656,51.9900016784668,51.04999923706055,51.119998931884766,29.08041000366211,6208300,LLY
2006-05-12,51.099998474121094,51.470001220703125,50.2599983215332,50.439998626708984,28.693574905395508,5770400,LLY
2006-05-15,50.5,51.810001373291016,50.45000076293945,51.77000045776367,29.450170516967773,5137100,LLY
2006-05-16,51.91999816894531,52.20000076293945,51.0,51.79999923706055,29.467226028442383,2970400,LLY
2006-05-17,51.45000076293945,52.0,50.650001525878906,51.0,29.012142181396484,4560700,LLY
2006-05-18,50.91999816894531,51.41999816894531,50.65999984741211,50.7599983215332,28.875627517700195,2728900,LLY
2006-05-19,51.04999923706055,51.04999923706055,50.52000045776367,51.0099983215332,29.01783561706543,3808400,LLY
2006-05-22,50.599998474121094,51.29999923706055,50.599998474121094,50.65999984741211,28.8187255859375,3154000,LLY
2006-05-23,50.5099983215332,50.689998626708984,50.189998626708984,50.40999984741211,28.676515579223633,3252700,LLY
2006-05-24,50.43000030517578,50.95000076293945,50.29999923706055,50.7400016784668,28.864238739013672,4289700,LLY
2006-05-25,50.880001068115234,51.720001220703125,50.7400016784668,51.619998931884766,29.364843368530273,4321600,LLY
2006-05-26,51.97999954223633,52.5,51.90999984741211,52.27000045776367,29.734609603881836,2989000,LLY
2006-05-30,52.20000076293945,52.5,51.290000915527344,51.439998626708984,29.262441635131836,3169400,LLY
2006-05-31,51.540000915527344,51.720001220703125,51.02000045776367,51.63999938964844,29.376203536987305,3547100,LLY
2006-06-01,51.619998931884766,52.060001373291016,51.18000030517578,51.9900016784668,29.57532501220703,3185900,LLY
2006-06-02,51.95000076293945,52.439998626708984,51.77000045776367,52.029998779296875,29.598079681396484,3368000,LLY
2006-06-05,51.689998626708984,51.97999954223633,51.25,51.349998474121094,29.211231231689453,3717500,LLY
2006-06-06,51.599998474121094,51.65999984741211,50.83000183105469,51.150001525878906,29.09747314453125,3745700,LLY
2006-06-07,51.15999984741211,51.93000030517578,51.04999923706055,51.709999084472656,29.416030883789062,3955300,LLY
2006-06-08,51.400001525878906,51.810001373291016,50.88999938964844,51.7599983215332,29.444486618041992,5038800,LLY
2006-06-09,51.75,52.09000015258789,51.45000076293945,51.7400016784668,29.433094024658203,2365400,LLY
2006-06-12,52.279998779296875,52.36000061035156,51.560001373291016,51.61000061035156,29.359148025512695,3112300,LLY
2006-06-13,51.79999923706055,52.2400016784668,51.540000915527344,51.61000061035156,29.359148025512695,3847000,LLY
2006-06-14,52.25,53.40999984741211,52.0,53.16999816894531,30.246591567993164,6665000,LLY
2006-06-15,53.529998779296875,54.13999938964844,53.33000183105469,54.04999923706055,30.7471866607666,4846100,LLY
2006-06-16,53.91999816894531,54.41999816894531,53.900001525878906,54.25,30.860971450805664,4044700,LLY
2006-06-19,54.47999954223633,54.56999969482422,54.25,54.4900016784668,30.997482299804688,3272100,LLY
2006-06-20,54.45000076293945,55.08000183105469,54.400001525878906,54.88999938964844,31.22504234313965,3745100,LLY
2006-06-21,54.70000076293945,54.9900016784668,54.52000045776367,54.72999954223633,31.134010314941406,3382000,LLY
2006-06-22,54.709999084472656,54.86000061035156,54.34000015258789,54.59000015258789,31.054384231567383,2529600,LLY
2006-06-23,54.349998474121094,54.439998626708984,53.79999923706055,54.29999923706055,30.889402389526367,2652600,LLY
2006-06-26,54.09000015258789,54.38999938964844,53.83000183105469,54.38999938964844,30.940597534179688,1951900,LLY
2006-06-27,54.2400016784668,54.2400016784668,53.220001220703125,53.470001220703125,30.41722869873047,3313900,LLY
2006-06-28,53.5,53.779998779296875,53.25,53.439998626708984,30.400175094604492,2317300,LLY
2006-06-29,53.599998474121094,54.709999084472656,53.5,54.529998779296875,31.020248413085938,3866900,LLY
2006-06-30,54.540000915527344,55.65999984741211,54.400001525878906,55.27000045776367,31.441204071044922,4833000,LLY
2006-07-03,55.41999816894531,55.900001525878906,55.27000045776367,55.68000030517578,31.6744327545166,1312600,LLY
2006-07-05,56.209999084472656,56.66999816894531,56.0,56.220001220703125,31.981630325317383,5506200,LLY
2006-07-06,56.099998474121094,56.83000183105469,56.099998474121094,56.66999816894531,32.23762130737305,2662500,LLY
2006-07-07,56.7400016784668,56.970001220703125,56.02000045776367,56.2400016784668,31.993005752563477,2356100,LLY
2006-07-10,56.36000061035156,56.54999923706055,55.970001220703125,56.27000045776367,32.010066986083984,1547500,LLY
2006-07-11,55.88999938964844,56.209999084472656,55.36000061035156,55.93000030517578,31.8166561126709,2715500,LLY
2006-07-12,56.13999938964844,56.29999923706055,55.5,55.619998931884766,31.64030647277832,1804500,LLY
2006-07-13,55.869998931884766,55.939998626708984,54.56999969482422,54.880001068115234,31.21935272216797,3619300,LLY
2006-07-14,54.619998931884766,55.2599983215332,54.310001373291016,54.560001373291016,31.037307739257812,3346600,LLY
2006-07-17,54.61000061035156,55.15999984741211,54.0,54.79999923706055,31.1738338470459,2938700,LLY
2006-07-18,54.630001068115234,55.20000076293945,54.33000183105469,54.970001220703125,31.270540237426758,2287600,LLY
2006-07-19,55.060001373291016,56.540000915527344,55.0,56.08000183105469,31.9019775390625,4101700,LLY
2006-07-20,56.29999923706055,56.880001068115234,56.20000076293945,56.2599983215332,32.00436782836914,2591200,LLY
2006-07-21,56.290000915527344,56.290000915527344,54.27000045776367,54.650001525878906,31.0884952545166,8222200,LLY
2006-07-24,54.689998626708984,56.439998626708984,54.5099983215332,56.0099983215332,31.862157821655273,4400300,LLY
2006-07-25,56.52000045776367,56.52000045776367,55.52000045776367,55.54999923706055,31.600492477416992,5980900,LLY
2006-07-26,55.25,55.72999954223633,55.0,55.52000045776367,31.583412170410156,3714200,LLY
2006-07-27,55.77000045776367,55.91999816894531,55.25,55.65999984741211,31.663047790527344,2258100,LLY
2006-07-28,55.9900016784668,57.18000030517578,55.900001525878906,56.90999984741211,32.374149322509766,4038300,LLY
2006-07-31,56.54999923706055,56.84000015258789,56.380001068115234,56.77000045776367,32.29450988769531,2980400,LLY
2006-08-01,56.400001525878906,56.68000030517578,55.90999984741211,56.290000915527344,32.02145004272461,2742800,LLY
2006-08-02,56.630001068115234,57.470001220703125,56.06999969482422,56.93000030517578,32.38551712036133,3771900,LLY
2006-08-03,56.900001525878906,57.439998626708984,56.56999969482422,56.63999938964844,32.22053909301758,2470100,LLY
2006-08-04,56.70000076293945,57.4900016784668,55.939998626708984,56.27000045776367,32.010066986083984,3157400,LLY
2006-08-07,56.38999938964844,56.38999938964844,55.150001525878906,55.58000183105469,31.617565155029297,3235300,LLY
2006-08-08,55.79999923706055,55.81999969482422,55.0099983215332,55.150001525878906,31.372943878173828,2725400,LLY
2006-08-09,55.439998626708984,56.060001373291016,54.849998474121094,55.0,31.287595748901367,3701100,LLY
2006-08-10,55.08000183105469,55.5099983215332,54.75,55.290000915527344,31.452587127685547,3845800,LLY
2006-08-11,54.81999969482422,54.869998931884766,53.83000183105469,54.36000061035156,31.148887634277344,2738300,LLY
2006-08-14,54.560001373291016,54.88999938964844,54.310001373291016,54.41999816894531,31.183256149291992,2694600,LLY
2006-08-15,55.119998931884766,55.47999954223633,54.810001373291016,55.290000915527344,31.68178367614746,2718200,LLY
2006-08-16,55.72999954223633,55.869998931884766,55.439998626708984,55.560001373291016,31.83650016784668,2322500,LLY
2006-08-17,55.36000061035156,56.09000015258789,55.2400016784668,55.95000076293945,32.059974670410156,2972600,LLY
2006-08-18,55.099998474121094,55.15999984741211,53.93000030517578,55.029998779296875,31.53281021118164,6831300,LLY
2006-08-21,55.0,55.290000915527344,54.65999984741211,54.880001068115234,31.446855545043945,2789800,LLY
2006-08-22,54.75,54.97999954223633,54.400001525878906,54.97999954223633,31.5041446685791,2566300,LLY
2006-08-23,55.18000030517578,55.459999084472656,54.77000045776367,55.04999923706055,31.544261932373047,2418500,LLY
2006-08-24,55.04999923706055,55.52000045776367,54.95000076293945,55.2400016784668,31.65314292907715,2289400,LLY
2006-08-25,54.91999816894531,55.099998474121094,54.650001525878906,55.060001373291016,31.549989700317383,2255000,LLY
2006-08-28,54.9900016784668,56.25,54.9900016784668,55.84000015258789,31.996946334838867,2783800,LLY
2006-08-29,55.970001220703125,56.400001525878906,55.900001525878906,56.11000061035156,32.151649475097656,3289200,LLY
2006-08-30,56.11000061035156,56.310001373291016,55.790000915527344,56.060001373291016,32.12300491333008,3539300,LLY
2006-08-31,56.150001525878906,56.189998626708984,55.93000030517578,55.93000030517578,32.04850387573242,2628600,LLY
2006-09-01,56.0,56.189998626708984,55.58000183105469,56.0,32.088619232177734,3722400,LLY
2006-09-05,56.220001220703125,56.2400016784668,55.43000030517578,55.720001220703125,31.928173065185547,2510300,LLY
2006-09-06,55.5,55.529998779296875,54.959999084472656,55.380001068115234,31.733354568481445,2813900,LLY
2006-09-07,55.380001068115234,55.439998626708984,54.720001220703125,54.869998931884766,31.44110870361328,2080100,LLY
2006-09-08,55.06999969482422,55.52000045776367,54.650001525878906,55.2599983215332,31.664602279663086,2339300,LLY
2006-09-11,54.900001525878906,55.220001220703125,53.970001220703125,54.2599983215332,31.09156608581543,7760100,LLY
2006-09-12,54.849998474121094,55.560001373291016,54.709999084472656,55.150001525878906,31.601558685302734,7589300,LLY
2006-09-13,55.38999938964844,55.630001068115234,54.900001525878906,55.209999084472656,31.635934829711914,4589700,LLY
2006-09-14,54.79999923706055,55.18000030517578,54.79999923706055,54.9900016784668,31.509876251220703,4584300,LLY
2006-09-15,55.2400016784668,55.4900016784668,54.470001220703125,54.79999923706055,31.40101432800293,18261400,LLY
2006-09-18,54.779998779296875,55.36000061035156,54.779998779296875,55.150001525878906,31.601558685302734,4754500,LLY
2006-09-19,55.29999923706055,55.29999923706055,54.70000076293945,55.02000045776367,31.527074813842773,3144800,LLY
2006-09-20,55.400001525878906,56.04999923706055,55.08000183105469,55.75,31.945375442504883,4909800,LLY
2006-09-21,56.20000076293945,56.61000061035156,55.810001373291016,55.970001220703125,32.071434020996094,4653100,LLY
2006-09-22,55.70000076293945,55.9900016784668,55.400001525878906,55.93000030517578,32.04850387573242,2513100,LLY
2006-09-25,56.099998474121094,56.83000183105469,55.72999954223633,56.58000183105469,32.42095947265625,4091400,LLY
2006-09-26,56.70000076293945,57.060001373291016,56.20000076293945,56.849998474121094,32.5756721496582,4049900,LLY
2006-09-27,56.619998931884766,57.20000076293945,56.59000015258789,57.0099983215332,32.667362213134766,3003700,LLY
2006-09-28,57.310001373291016,57.349998474121094,56.72999954223633,57.31999969482422,32.845001220703125,2709800,LLY
2006-09-29,56.0,57.25,55.779998779296875,57.0,32.661624908447266,6465300,LLY
2006-10-02,56.810001373291016,57.13999938964844,56.5099983215332,56.790000915527344,32.54128646850586,3143500,LLY
2006-10-03,56.79999923706055,57.2400016784668,56.560001373291016,56.689998626708984,32.48400115966797,2891200,LLY
2006-10-04,56.5,57.939998626708984,56.5,57.599998474121094,33.00544357299805,6750400,LLY
2006-10-05,57.599998474121094,57.900001525878906,57.189998626708984,57.7599983215332,33.09710693359375,3671800,LLY
2006-10-06,57.459999084472656,57.68000030517578,57.08000183105469,57.560001373291016,32.9825325012207,3339200,LLY
2006-10-09,57.38999938964844,57.72999954223633,57.279998779296875,57.5099983215332,32.9538459777832,1518000,LLY
2006-10-10,57.38999938964844,57.560001373291016,56.81999969482422,57.25,32.80488204956055,2821600,LLY
2006-10-11,57.08000183105469,57.2400016784668,56.72999954223633,57.060001373291016,32.69601821899414,3794300,LLY
2006-10-12,57.060001373291016,57.75,57.0,57.54999923706055,32.976776123046875,4319400,LLY
2006-10-13,57.22999954223633,57.45000076293945,57.02000045776367,57.369998931884766,32.87364959716797,2776600,LLY
2006-10-16,57.369998931884766,57.83000183105469,57.25,57.65999984741211,33.039817810058594,2493300,LLY
2006-10-17,57.459999084472656,58.0,57.02000045776367,57.54999923706055,32.976776123046875,3237000,LLY
2006-10-18,57.7400016784668,58.47999954223633,57.68000030517578,58.25,33.37788391113281,4699800,LLY
2006-10-19,57.25,58.209999084472656,56.81999969482422,57.4900016784668,32.94240951538086,6121600,LLY
2006-10-20,57.459999084472656,57.52000045776367,56.52000045776367,57.2400016784668,32.79916000366211,4776100,LLY
2006-10-23,56.869998931884766,58.04999923706055,56.75,57.90999984741211,33.183067321777344,3885100,LLY
2006-10-24,57.54999923706055,57.83000183105469,57.380001068115234,57.779998779296875,33.10856628417969,3748200,LLY
2006-10-25,57.7400016784668,57.900001525878906,57.27000045776367,57.4900016784668,32.94240951538086,3309300,LLY
2006-10-26,57.220001220703125,57.75,56.810001373291016,57.290000915527344,32.82780075073242,3936400,LLY
2006-10-27,56.900001525878906,57.349998474121094,56.59000015258789,57.029998779296875,32.67881774902344,4214000,LLY
2006-10-30,56.90999984741211,57.119998931884766,56.29999923706055,56.31999969482422,32.2719841003418,3780700,LLY
2006-10-31,56.59000015258789,56.65999984741211,55.939998626708984,56.0099983215332,32.09434127807617,3847000,LLY
2006-11-01,56.25,56.34000015258789,55.63999938964844,55.9900016784668,32.082889556884766,5348100,LLY
2006-11-02,56.0,56.63999938964844,55.95000076293945,56.369998931884766,32.30064010620117,5291100,LLY
2006-11-03,56.20000076293945,56.439998626708984,55.95000076293945,56.08000183105469,32.13446044921875,3159700,LLY
2006-11-06,56.08000183105469,56.709999084472656,55.88999938964844,56.66999816894531,32.4725341796875,3601000,LLY
2006-11-07,56.75,57.47999954223633,56.52000045776367,56.97999954223633,32.650177001953125,5023700,LLY
2006-11-08,56.45000076293945,56.709999084472656,55.720001220703125,56.47999954223633,32.36366271972656,5708300,LLY
2006-11-09,56.310001373291016,56.349998474121094,54.59000015258789,54.869998931884766,31.44110870361328,11254400,LLY
2006-11-10,54.869998931884766,55.09000015258789,53.939998626708984,54.13999938964844,31.02281379699707,5895200,LLY
2006-11-13,53.869998931884766,54.439998626708984,53.61000061035156,54.060001373291016,31.207538604736328,5647000,LLY
2006-11-14,54.22999954223633,54.22999954223633,53.36000061035156,53.849998474121094,31.086315155029297,7396500,LLY
2006-11-15,54.0,54.58000183105469,53.810001373291016,54.369998931884766,31.386499404907227,6522900,LLY
2006-11-16,53.70000076293945,54.79999923706055,53.70000076293945,54.560001373291016,31.496198654174805,5852800,LLY
2006-11-17,54.560001373291016,55.0,54.29999923706055,54.54999923706055,31.49041748046875,6100500,LLY
2006-11-20,54.25,54.59000015258789,53.93000030517578,54.380001068115234,31.392271041870117,4203900,LLY
2006-11-21,54.15999984741211,54.380001068115234,53.650001525878906,54.04999923706055,31.201786041259766,5901500,LLY
2006-11-22,53.849998474121094,54.25,53.79999923706055,54.029998779296875,31.19023895263672,3452500,LLY
2006-11-24,53.900001525878906,54.290000915527344,53.779998779296875,53.900001525878906,31.11517333984375,1668000,LLY
2006-11-27,53.810001373291016,54.060001373291016,53.38999938964844,53.58000183105469,30.930463790893555,4973300,LLY
2006-11-28,53.380001068115234,54.27000045776367,53.380001068115234,53.720001220703125,31.011274337768555,4695800,LLY
2006-11-29,53.939998626708984,54.34000015258789,53.75,54.040000915527344,31.196014404296875,3561100,LLY
2006-11-30,53.939998626708984,54.209999084472656,53.45000076293945,53.59000015258789,30.936222076416016,4946800,LLY
2006-12-01,53.45000076293945,53.720001220703125,53.2400016784668,53.400001525878906,30.826539993286133,4248000,LLY
2006-12-04,53.59000015258789,54.060001373291016,53.29999923706055,54.029998779296875,31.19023895263672,4569700,LLY
2006-12-05,54.22999954223633,54.790000915527344,53.689998626708984,54.70000076293945,31.57701301574707,5445100,LLY
2006-12-06,54.43000030517578,54.91999816894531,54.099998474121094,54.86000061035156,31.669368743896484,4757900,LLY
2006-12-07,54.099998474121094,54.599998474121094,53.83000183105469,53.9900016784668,31.16714859008789,5768500,LLY
2006-12-08,53.79999923706055,54.119998931884766,53.599998474121094,54.0,31.17291259765625,4338200,LLY
2006-12-11,53.900001525878906,54.15999984741211,53.75,53.97999954223633,31.161365509033203,3309800,LLY
2006-12-12,54.08000183105469,54.130001068115234,53.54999923706055,53.900001525878906,31.11517333984375,3704000,LLY
2006-12-13,54.189998626708984,54.20000076293945,53.47999954223633,53.689998626708984,30.99396514892578,4259400,LLY
2006-12-14,53.59000015258789,54.18000030517578,53.59000015258789,53.970001220703125,31.155590057373047,3035200,LLY
2006-12-15,53.9900016784668,54.56999969482422,53.7599983215332,54.52000045776367,31.47309684753418,6476300,LLY
2006-12-18,53.58000183105469,54.04999923706055,52.93000030517578,53.22999954223633,30.72840118408203,10482100,LLY
2006-12-19,52.880001068115234,53.0,52.34000015258789,52.619998931884766,30.37626838684082,8798300,LLY
2006-12-20,52.5,52.86000061035156,52.279998779296875,52.400001525878906,30.249269485473633,5643800,LLY
2006-12-21,52.119998931884766,52.400001525878906,51.689998626708984,51.790000915527344,29.89712142944336,7315800,LLY
2006-12-22,51.88999938964844,51.900001525878906,51.130001068115234,51.349998474121094,29.64313316345215,8505200,LLY
2006-12-26,51.400001525878906,52.79999923706055,51.25,51.779998779296875,29.891357421875,12240000,LLY
2006-12-27,51.9900016784668,52.29999923706055,51.400001525878906,52.0,30.018356323242188,6117400,LLY
2006-12-28,51.779998779296875,52.08000183105469,51.709999084472656,52.0099983215332,30.02413558959961,3394100,LLY
2006-12-29,51.72999954223633,52.220001220703125,51.709999084472656,52.099998474121094,30.076080322265625,4311300,LLY
2007-01-03,52.45000076293945,52.880001068115234,51.91999816894531,52.25,30.16267967224121,10305500,LLY
2007-01-04,51.9900016784668,52.5099983215332,51.900001525878906,52.36000061035156,30.22617530822754,6827100,LLY
2007-01-05,52.52000045776367,52.58000183105469,51.869998931884766,52.040000915527344,30.041446685791016,4114400,LLY
2007-01-08,52.209999084472656,52.209999084472656,51.75,51.79999923706055,29.902902603149414,3804200,LLY
2007-01-09,52.040000915527344,52.099998474121094,51.75,51.83000183105469,29.92022705078125,6272000,LLY
2007-01-10,51.59000015258789,51.83000183105469,51.56999969482422,51.65999984741211,29.82208251953125,3400300,LLY
2007-01-11,51.7599983215332,52.33000183105469,51.65999984741211,52.22999954223633,30.15114402770996,4432200,LLY
2007-01-12,52.400001525878906,52.91999816894531,52.27000045776367,52.599998474121094,30.364728927612305,5533100,LLY
2007-01-16,52.79999923706055,52.900001525878906,52.5099983215332,52.880001068115234,30.526363372802734,4181300,LLY
2007-01-17,52.880001068115234,53.16999816894531,52.540000915527344,52.849998474121094,30.5090389251709,5018000,LLY
2007-01-18,52.599998474121094,53.209999084472656,52.599998474121094,53.040000915527344,30.618732452392578,3943000,LLY
2007-01-19,53.29999923706055,53.45000076293945,52.83000183105469,52.959999084472656,30.572538375854492,3837200,LLY
2007-01-22,52.56999969482422,53.119998931884766,52.52000045776367,52.72999954223633,30.43977165222168,5872300,LLY
2007-01-23,52.849998474121094,52.95000076293945,52.470001220703125,52.650001525878906,30.393598556518555,4397700,LLY
2007-01-24,52.7400016784668,53.400001525878906,52.68000030517578,53.33000183105469,30.78614616394043,3934000,LLY
2007-01-25,53.20000076293945,53.29999923706055,52.849998474121094,53.130001068115234,30.67068099975586,5061100,LLY
2007-01-26,53.04999923706055,53.45000076293945,52.599998474121094,52.790000915527344,30.474403381347656,3966100,LLY
2007-01-29,52.900001525878906,53.0,52.54999923706055,52.849998474121094,30.5090389251709,3472700,LLY
2007-01-30,52.869998931884766,53.0,52.599998474121094,52.72999954223633,30.43977165222168,2671200,LLY
2007-01-31,52.70000076293945,54.369998931884766,52.54999923706055,54.119998931884766,31.2421875,10521200,LLY
2007-02-01,54.650001525878906,55.040000915527344,54.5,54.77000045776367,31.617408752441406,6648100,LLY
2007-02-02,54.68000030517578,54.779998779296875,54.369998931884766,54.599998474121094,31.519275665283203,4973400,LLY
2007-02-05,54.43000030517578,54.720001220703125,54.029998779296875,54.66999816894531,31.559690475463867,5090500,LLY
2007-02-06,54.599998474121094,54.81999969482422,54.38999938964844,54.63999938964844,31.54237174987793,4486200,LLY
2007-02-07,54.70000076293945,54.779998779296875,54.34000015258789,54.41999816894531,31.41537094116211,4679100,LLY
2007-02-08,54.04999923706055,54.720001220703125,54.04999923706055,54.209999084472656,31.294143676757812,3124600,LLY
2007-02-09,54.20000076293945,54.70000076293945,54.11000061035156,54.22999954223633,31.305673599243164,3591600,LLY
2007-02-12,54.75,54.75,54.22999954223633,54.40999984741211,31.409595489501953,3300400,LLY
2007-02-13,54.38999938964844,54.5,54.04999923706055,54.279998779296875,31.58123207092285,3356500,LLY
2007-02-14,54.369998931884766,54.88999938964844,54.22999954223633,54.86000061035156,31.918676376342773,3773400,LLY
2007-02-15,54.849998474121094,55.11000061035156,54.75,54.959999084472656,31.97687530517578,3092000,LLY
2007-02-16,54.7599983215332,55.040000915527344,54.56999969482422,54.9900016784668,31.99431037902832,3680800,LLY
2007-02-20,55.029998779296875,55.20000076293945,54.7599983215332,54.970001220703125,31.98268699645996,3228800,LLY
2007-02-21,54.650001525878906,54.79999923706055,54.369998931884766,54.52000045776367,31.720867156982422,3370600,LLY
2007-02-22,54.599998474121094,54.599998474121094,54.0099983215332,54.13999938964844,31.499778747558594,3344100,LLY
2007-02-23,54.0,54.36000061035156,53.75,54.209999084472656,31.540496826171875,3380500,LLY
2007-02-26,54.459999084472656,54.65999984741211,54.25,54.400001525878906,31.65106201171875,3847900,LLY
2007-02-27,53.709999084472656,54.52000045776367,52.58000183105469,53.0,30.836496353149414,8073700,LLY
2007-02-28,53.52000045776367,53.52000045776367,52.29999923706055,52.59000015258789,30.597957611083984,7682500,LLY
2007-03-01,52.0099983215332,52.52000045776367,51.900001525878906,52.25,30.4001407623291,6262800,LLY
2007-03-02,52.13999938964844,52.189998626708984,51.709999084472656,51.77000045776367,30.120847702026367,6537200,LLY
2007-03-05,51.47999954223633,52.099998474121094,51.209999084472656,51.630001068115234,30.039409637451172,7562800,LLY
2007-03-06,51.75,52.279998779296875,51.560001373291016,52.22999954223633,30.388504028320312,5054300,LLY
2007-03-07,52.06999969482422,52.439998626708984,51.650001525878906,51.86000061035156,30.173215866088867,4844600,LLY
2007-03-08,52.11000061035156,52.38999938964844,52.0,52.36000061035156,30.46414566040039,3296500,LLY
2007-03-09,52.54999923706055,52.91999816894531,52.380001068115234,52.59000015258789,30.597957611083984,5052100,LLY
2007-03-12,52.38999938964844,53.040000915527344,52.25,52.79999923706055,30.72014617919922,3643200,LLY
2007-03-13,52.369998931884766,52.880001068115234,52.0,52.06999969482422,30.29541778564453,5432200,LLY
2007-03-14,52.2599983215332,52.29999923706055,51.349998474121094,51.900001525878906,30.196496963500977,5342900,LLY
2007-03-15,51.75,52.09000015258789,51.529998779296875,52.04999923706055,30.28376579284668,3769600,LLY
2007-03-16,52.150001525878906,52.41999816894531,51.790000915527344,52.18000030517578,30.359407424926758,6181800,LLY
2007-03-19,52.22999954223633,52.720001220703125,52.119998931884766,52.68000030517578,30.65032196044922,3265300,LLY
2007-03-20,52.599998474121094,52.880001068115234,52.380001068115234,52.77000045776367,30.702674865722656,3532300,LLY
2007-03-21,52.650001525878906,53.90999984741211,52.650001525878906,53.81999969482422,31.3135986328125,6668200,LLY
2007-03-22,53.0,54.279998779296875,53.0,54.16999816894531,31.51723861694336,4229700,LLY
2007-03-23,53.9900016784668,54.220001220703125,53.38999938964844,53.810001373291016,31.307781219482422,3956100,LLY
2007-03-26,53.4900016784668,53.959999084472656,53.20000076293945,53.709999084472656,31.24959373474121,5206300,LLY
2007-03-27,53.400001525878906,53.599998474121094,53.060001373291016,53.27000045776367,30.993589401245117,4548400,LLY
2007-03-28,53.279998779296875,53.349998474121094,52.619998931884766,53.0099983215332,30.842313766479492,5457700,LLY
2007-03-29,53.20000076293945,53.540000915527344,52.72999954223633,53.40999984741211,31.075035095214844,5333000,LLY
2007-03-30,53.5,54.08000183105469,53.20000076293945,53.709999084472656,31.24959373474121,3728100,LLY
2007-04-02,53.959999084472656,54.4900016784668,53.900001525878906,54.38999938964844,31.645212173461914,6021300,LLY
2007-04-03,54.150001525878906,54.91999816894531,54.11000061035156,54.75,31.854686737060547,4308200,LLY
2007-04-04,54.650001525878906,55.2400016784668,54.5,55.15999984741211,32.09324264526367,4346000,LLY
2007-04-05,55.150001525878906,55.619998931884766,55.060001373291016,55.47999954223633,32.2794075012207,2997000,LLY
2007-04-09,55.43000030517578,55.72999954223633,55.27000045776367,55.58000183105469,32.337608337402344,2295500,LLY
2007-04-10,55.41999816894531,55.72999954223633,55.34000015258789,55.68000030517578,32.395774841308594,2985200,LLY
2007-04-11,55.720001220703125,55.7400016784668,55.290000915527344,55.59000015258789,32.34341049194336,3776900,LLY
2007-04-12,55.599998474121094,56.09000015258789,55.5,55.939998626708984,32.54705810546875,4002300,LLY
2007-04-13,56.2400016784668,57.0,56.20000076293945,56.880001068115234,33.09396743774414,6485200,LLY
2007-04-16,57.70000076293945,58.47999954223633,57.0099983215332,58.400001525878906,33.978328704833984,10756500,LLY
2007-04-17,58.400001525878906,59.09000015258789,58.34000015258789,58.869998931884766,34.25178146362305,9278900,LLY
2007-04-18,58.560001373291016,59.36000061035156,58.45000076293945,59.13999938964844,34.40888214111328,6871500,LLY
2007-04-19,59.099998474121094,60.279998779296875,58.650001525878906,60.02000045776367,34.920875549316406,9921500,LLY
2007-04-20,60.34000015258789,61.0,60.04999923706055,60.560001373291016,35.23506546020508,9630000,LLY
2007-04-23,60.209999084472656,60.279998779296875,59.27000045776367,59.630001068115234,34.6939811706543,7704300,LLY
2007-04-24,59.02000045776367,59.5,58.900001525878906,59.279998779296875,34.490325927734375,5043500,LLY
2007-04-25,59.599998474121094,59.630001068115234,59.11000061035156,59.5099983215332,34.62415313720703,4655800,LLY
2007-04-26,58.880001068115234,59.880001068115234,58.880001068115234,59.72999954223633,34.75214767456055,6101200,LLY
2007-04-27,59.0099983215332,59.70000076293945,58.9900016784668,59.61000061035156,34.682334899902344,2967600,LLY
2007-04-30,59.97999954223633,59.97999954223633,58.93000030517578,59.130001068115234,34.40305709838867,5198200,LLY
2007-05-01,59.119998931884766,59.38999938964844,58.7599983215332,58.88999938964844,34.263427734375,7409300,LLY
2007-05-02,59.0,59.4900016784668,58.77000045776367,59.15999984741211,34.42052459716797,4561500,LLY
2007-05-03,59.45000076293945,59.599998474121094,58.970001220703125,59.13999938964844,34.40888214111328,4140300,LLY
2007-05-04,59.09000015258789,59.7400016784668,58.91999816894531,59.540000915527344,34.6416130065918,6180400,LLY
2007-05-07,59.54999923706055,59.959999084472656,59.540000915527344,59.720001220703125,34.746337890625,4577200,LLY
2007-05-08,59.63999938964844,59.970001220703125,59.45000076293945,59.83000183105469,34.81034469604492,8457300,LLY
2007-05-09,59.58000183105469,59.779998779296875,59.38999938964844,59.75,34.76377487182617,4803800,LLY
2007-05-10,59.470001220703125,59.58000183105469,58.63999938964844,58.709999084472656,34.158687591552734,6166400,LLY
2007-05-11,58.709999084472656,58.709999084472656,57.900001525878906,58.43000030517578,34.24367904663086,7569800,LLY
2007-05-14,58.439998626708984,59.349998474121094,58.439998626708984,59.209999084472656,34.7008056640625,4713200,LLY
2007-05-15,59.16999816894531,59.599998474121094,59.08000183105469,59.2400016784668,34.71839904785156,4076700,LLY
2007-05-16,59.2599983215332,59.470001220703125,58.880001068115234,59.11000061035156,34.642208099365234,3938700,LLY
2007-05-17,58.70000076293945,59.16999816894531,58.66999816894531,59.02000045776367,34.58945083618164,2789700,LLY
2007-05-18,59.11000061035156,59.59000015258789,59.0,59.369998931884766,34.79456329345703,3042100,LLY
2007-05-21,59.400001525878906,59.88999938964844,59.189998626708984,59.619998931884766,34.94108581542969,6823500,LLY
2007-05-22,59.9900016784668,60.0,59.400001525878906,59.529998779296875,34.88834762573242,3095700,LLY
2007-05-23,59.52000045776367,59.75,59.290000915527344,59.400001525878906,34.81214904785156,2914100,LLY
2007-05-24,59.900001525878906,59.900001525878906,59.08000183105469,59.189998626708984,34.6890869140625,3900900,LLY
2007-05-25,58.599998474121094,59.5,58.599998474121094,59.36000061035156,34.78872299194336,1821600,LLY
2007-05-29,59.29999923706055,59.540000915527344,58.79999923706055,59.459999084472656,34.84733200073242,3201700,LLY
2007-05-30,59.0099983215332,59.27000045776367,58.52000045776367,59.2400016784668,34.71839904785156,5105800,LLY
2007-05-31,59.25,59.38999938964844,58.380001068115234,58.619998931884766,34.355037689208984,5378500,LLY
2007-06-01,58.72999954223633,58.959999084472656,58.41999816894531,58.939998626708984,34.542545318603516,3851300,LLY
2007-06-04,58.939998626708984,59.22999954223633,58.7400016784668,59.15999984741211,34.671504974365234,4873700,LLY
2007-06-05,59.18000030517578,59.209999084472656,58.72999954223633,59.0,34.57773971557617,5278100,LLY
2007-06-06,58.75,59.189998626708984,58.150001525878906,58.290000915527344,34.16164016723633,5925400,LLY
2007-06-07,58.09000015258789,58.15999984741211,56.709999084472656,56.93000030517578,33.36457443237305,12166200,LLY
2007-06-08,56.810001373291016,57.150001525878906,56.400001525878906,57.02000045776367,33.417327880859375,6994900,LLY
2007-06-11,57.06999969482422,57.68000030517578,56.790000915527344,57.310001373291016,33.58729934692383,4952000,LLY
2007-06-12,56.880001068115234,57.279998779296875,56.59000015258789,56.779998779296875,33.276668548583984,4326900,LLY
2007-06-13,56.939998626708984,57.31999969482422,56.380001068115234,56.939998626708984,33.370460510253906,5704000,LLY
2007-06-14,57.04999923706055,57.77000045776367,56.79999923706055,57.380001068115234,33.62831115722656,4829700,LLY
2007-06-15,58.0,58.27000045776367,57.5099983215332,57.720001220703125,33.82755661010742,4939200,LLY
2007-06-18,57.720001220703125,58.0,57.220001220703125,57.40999984741211,33.64590072631836,3045200,LLY
2007-06-19,57.5099983215332,57.900001525878906,57.400001525878906,57.75,33.84514617919922,4120800,LLY
2007-06-20,57.58000183105469,57.93000030517578,56.689998626708984,56.77000045776367,33.270816802978516,4817200,LLY
2007-06-21,56.939998626708984,56.939998626708984,56.099998474121094,56.810001373291016,33.294246673583984,4107000,LLY
2007-06-22,56.65999984741211,56.77000045776367,55.58000183105469,55.79999923706055,32.70232009887695,5704300,LLY
2007-06-25,56.2400016784668,56.349998474121094,55.29999923706055,55.47999954223633,32.51478958129883,5931300,LLY
2007-06-26,55.84000015258789,56.08000183105469,55.380001068115234,55.869998931884766,32.743370056152344,4988000,LLY
2007-06-27,55.40999984741211,56.400001525878906,55.400001525878906,56.31999969482422,33.0070915222168,5067200,LLY
2007-06-28,56.369998931884766,56.70000076293945,56.099998474121094,56.18000030517578,32.925025939941406,3416800,LLY
2007-06-29,56.02000045776367,56.40999984741211,55.52000045776367,55.880001068115234,32.749202728271484,4410400,LLY
2007-07-02,56.2400016784668,56.72999954223633,56.099998474121094,56.72999954223633,33.24736022949219,3610900,LLY
2007-07-03,56.970001220703125,57.0,56.54999923706055,56.790000915527344,33.28254318237305,1495700,LLY
2007-07-05,56.81999969482422,56.959999084472656,56.40999984741211,56.560001373291016,33.14773941040039,2675700,LLY
2007-07-06,56.65999984741211,56.7599983215332,56.20000076293945,56.63999938964844,33.19462585449219,3312100,LLY
2007-07-09,56.779998779296875,56.880001068115234,55.9900016784668,56.040000915527344,32.84298324584961,5284200,LLY
2007-07-10,55.70000076293945,56.04999923706055,55.41999816894531,55.439998626708984,32.49135208129883,4202000,LLY
2007-07-11,55.290000915527344,55.81999969482422,55.150001525878906,55.7599983215332,32.678890228271484,3505200,LLY
2007-07-12,55.79999923706055,56.90999984741211,55.63999938964844,56.790000915527344,33.28254318237305,4293000,LLY
2007-07-13,57.099998474121094,57.150001525878906,56.529998779296875,56.91999816894531,33.35871887207031,2894100,LLY
2007-07-16,56.63999938964844,57.310001373291016,56.63999938964844,56.88999938964844,33.341156005859375,3603200,LLY
2007-07-17,56.65999984741211,56.79999923706055,56.20000076293945,56.400001525878906,33.05397033691406,4295800,LLY
2007-07-18,56.20000076293945,56.25,55.7599983215332,56.04999923706055,32.84885025024414,5418300,LLY
2007-07-19,56.209999084472656,56.4900016784668,55.810001373291016,56.380001068115234,33.04225158691406,4696900,LLY
2007-07-20,55.7599983215332,56.540000915527344,55.7599983215332,56.029998779296875,32.837135314941406,6857900,LLY
2007-07-23,56.41999816894531,57.27000045776367,56.29999923706055,57.16999816894531,33.5052375793457,5888100,LLY
2007-07-24,58.11000061035156,58.939998626708984,57.150001525878906,57.16999816894531,33.5052375793457,10908500,LLY
2007-07-25,57.0,58.7400016784668,57.0,58.439998626708984,34.249542236328125,7315500,LLY
2007-07-26,57.900001525878906,58.189998626708984,56.439998626708984,56.70000076293945,33.22978591918945,8365400,LLY
2007-07-27,56.4900016784668,56.599998474121094,55.0099983215332,55.02000045776367,32.245201110839844,6353800,LLY
2007-07-30,54.939998626708984,55.060001373291016,54.25,54.77000045776367,32.09868240356445,5848100,LLY
2007-07-31,55.20000076293945,55.25,53.970001220703125,54.09000015258789,31.700170516967773,8272900,LLY
2007-08-01,53.599998474121094,54.72999954223633,53.529998779296875,54.20000076293945,31.764625549316406,6246400,LLY
2007-08-02,54.22999954223633,54.91999816894531,54.06999969482422,54.599998474121094,31.999055862426758,5113400,LLY
2007-08-03,54.63999938964844,55.290000915527344,54.09000015258789,54.130001068115234,31.72360610961914,5586200,LLY
2007-08-06,54.27000045776367,56.27000045776367,54.130001068115234,56.220001220703125,32.9484748840332,7400000,LLY
2007-08-07,55.84000015258789,57.33000183105469,55.81999969482422,56.52000045776367,33.12430191040039,7510100,LLY
2007-08-08,56.790000915527344,58.43000030517578,56.599998474121094,58.400001525878906,34.22608947753906,6724600,LLY
2007-08-09,58.220001220703125,59.02000045776367,57.54999923706055,57.849998474121094,33.90375900268555,8511800,LLY
2007-08-10,58.369998931884766,58.599998474121094,56.810001373291016,57.15999984741211,33.4993782043457,8071300,LLY
2007-08-13,56.70000076293945,57.20000076293945,56.29999923706055,56.93000030517578,33.614524841308594,4004700,LLY
2007-08-14,57.04999923706055,57.04999923706055,55.209999084472656,55.439998626708984,32.734737396240234,5378900,LLY
2007-08-15,55.45000076293945,56.040000915527344,54.900001525878906,55.18000030517578,32.58122634887695,4974600,LLY
2007-08-16,54.56999969482422,55.13999938964844,53.68000030517578,54.83000183105469,32.37456512451172,8893600,LLY
2007-08-17,55.52000045776367,56.060001373291016,54.869998931884766,55.810001373291016,32.95321273803711,6827500,LLY
2007-08-20,55.790000915527344,56.0,54.90999984741211,55.630001068115234,32.846923828125,4859100,LLY
2007-08-21,55.4900016784668,55.630001068115234,54.79999923706055,55.279998779296875,32.64026641845703,4815500,LLY
2007-08-22,55.790000915527344,55.84000015258789,55.02000045776367,55.7400016784668,32.91188430786133,4696500,LLY
2007-08-23,55.97999954223633,56.0,55.54999923706055,55.869998931884766,32.98863983154297,2757700,LLY
2007-08-24,55.91999816894531,56.61000061035156,55.5,56.61000061035156,33.42556381225586,5599500,LLY
2007-08-27,56.41999816894531,56.630001068115234,56.310001373291016,56.38999938964844,33.2956657409668,3104400,LLY
2007-08-28,56.27000045776367,56.5,55.83000183105469,56.099998474121094,33.12443161010742,5497400,LLY
2007-08-29,56.13999938964844,56.369998931884766,55.63999938964844,56.31999969482422,33.25434875488281,5931500,LLY
2007-08-30,56.04999923706055,56.93000030517578,55.93000030517578,56.66999816894531,33.460994720458984,4664500,LLY
2007-08-31,56.93000030517578,57.47999954223633,56.83000183105469,57.349998474121094,33.86250686645508,5654600,LLY
2007-09-04,57.33000183105469,58.220001220703125,57.09000015258789,58.130001068115234,34.323055267333984,5677500,LLY
2007-09-05,57.88999938964844,57.88999938964844,57.11000061035156,57.290000915527344,33.82707977294922,4765200,LLY
2007-09-06,57.599998474121094,57.720001220703125,57.119998931884766,57.45000076293945,33.92155456542969,4073700,LLY
2007-09-07,56.869998931884766,57.33000183105469,56.0099983215332,56.16999816894531,33.16576385498047,5972700,LLY
2007-09-10,56.619998931884766,56.650001525878906,55.79999923706055,56.13999938964844,33.14805221557617,4413200,LLY
2007-09-11,56.2599983215332,56.7599983215332,55.939998626708984,56.599998474121094,33.41965866088867,4067400,LLY
2007-09-12,56.45000076293945,57.13999938964844,56.279998779296875,57.04999923706055,33.68537521362305,4309900,LLY
2007-09-13,57.45000076293945,57.689998626708984,57.0099983215332,57.18000030517578,33.76211166381836,4756300,LLY
2007-09-14,56.91999816894531,57.16999816894531,56.560001373291016,56.81999969482422,33.54957580566406,4993000,LLY
2007-09-17,56.83000183105469,56.83000183105469,55.47999954223633,55.95000076293945,33.03587341308594,4384500,LLY
2007-09-18,56.119998931884766,57.25,55.88999938964844,57.13999938964844,33.73850631713867,4074900,LLY
2007-09-19,57.310001373291016,58.0,56.779998779296875,57.529998779296875,33.96878433227539,5495700,LLY
2007-09-20,57.529998779296875,57.650001525878906,57.08000183105469,57.08000183105469,33.70309066772461,3676300,LLY
2007-09-21,57.5,57.95000076293945,57.08000183105469,57.619998931884766,34.02192687988281,4892100,LLY
2007-09-24,57.88999938964844,58.18000030517578,57.2599983215332,57.529998779296875,33.96878433227539,3286500,LLY
2007-09-25,57.27000045776367,58.0,56.959999084472656,57.209999084472656,33.77983856201172,4537800,LLY
2007-09-26,57.54999923706055,58.0099983215332,57.31999969482422,57.400001525878906,33.892024993896484,5383700,LLY
2007-09-27,57.599998474121094,57.70000076293945,56.84000015258789,57.369998931884766,33.87431716918945,5710400,LLY
2007-09-28,57.18000030517578,57.43000030517578,56.7400016784668,56.93000030517578,33.614524841308594,4329200,LLY
2007-10-01,57.09000015258789,58.5,57.040000915527344,58.290000915527344,34.417537689208984,5629900,LLY
2007-10-02,58.380001068115234,58.56999969482422,57.959999084472656,58.41999816894531,34.49427795410156,2889400,LLY
2007-10-03,58.04999923706055,59.150001525878906,57.84000015258789,58.880001068115234,34.765892028808594,4101300,LLY
2007-10-04,58.900001525878906,59.41999816894531,58.900001525878906,58.959999084472656,34.81312942504883,4869200,LLY
2007-10-05,59.29999923706055,59.81999969482422,59.150001525878906,59.470001220703125,35.114261627197266,3760800,LLY
2007-10-08,59.27000045776367,59.40999984741211,58.90999984741211,59.0,34.83675003051758,2690300,LLY
2007-10-09,58.95000076293945,59.18000030517578,58.5,58.54999923706055,34.5710563659668,4175100,LLY
2007-10-10,58.529998779296875,58.88999938964844,58.20000076293945,58.400001525878906,34.48248291015625,4350000,LLY
2007-10-11,58.41999816894531,58.869998931884766,58.189998626708984,58.349998474121094,34.45295715332031,5115700,LLY
2007-10-12,58.349998474121094,58.779998779296875,57.97999954223633,58.529998779296875,34.55923080444336,2865400,LLY
2007-10-15,58.619998931884766,58.81999969482422,57.83000183105469,57.939998626708984,34.21086502075195,5585000,LLY
2007-10-16,57.939998626708984,57.95000076293945,56.9900016784668,57.150001525878906,33.74441909790039,6512400,LLY
2007-10-17,57.380001068115234,57.810001373291016,56.599998474121094,56.95000076293945,33.62632369995117,6062200,LLY
2007-10-18,57.099998474121094,57.43000030517578,56.279998779296875,56.650001525878906,33.44917678833008,8366700,LLY
2007-10-19,56.40999984741211,57.16999816894531,55.869998931884766,56.060001373291016,33.10082244873047,5634500,LLY
2007-10-22,55.84000015258789,56.56999969482422,55.72999954223633,56.08000183105469,33.11263656616211,5161000,LLY
2007-10-23,56.40999984741211,57.130001068115234,56.11000061035156,57.130001068115234,33.732601165771484,4417300,LLY
2007-10-24,56.5,56.75,55.540000915527344,56.150001525878906,33.153961181640625,5975500,LLY
2007-10-25,52.150001525878906,53.0099983215332,51.79999923706055,52.43000030517578,30.95747184753418,22843100,LLY
2007-10-26,52.52000045776367,52.7599983215332,52.029998779296875,52.68000030517578,31.105087280273438,9437100,LLY
2007-10-29,52.709999084472656,54.0,52.709999084472656,53.52000045776367,31.601057052612305,9798600,LLY
2007-10-30,53.18000030517578,54.099998474121094,53.09000015258789,53.689998626708984,31.701440811157227,5856400,LLY
2007-10-31,53.83000183105469,54.41999816894531,53.29999923706055,54.150001525878906,31.973052978515625,9714200,LLY
2007-11-01,53.65999984741211,53.9900016784668,52.599998474121094,52.77000045776367,31.158233642578125,8103300,LLY
2007-11-02,53.09000015258789,53.5,52.52000045776367,52.66999816894531,31.099185943603516,11851300,LLY
2007-11-05,53.060001373291016,53.099998474121094,51.63999938964844,52.15999984741211,30.798044204711914,12322500,LLY
2007-11-06,52.20000076293945,52.63999938964844,52.0,52.47999954223633,30.98699188232422,7184400,LLY
2007-11-07,52.040000915527344,52.56999969482422,51.45000076293945,51.529998779296875,30.426067352294922,5961700,LLY
2007-11-08,51.59000015258789,51.970001220703125,51.16999816894531,51.619998931884766,30.479215621948242,8351900,LLY
2007-11-09,51.16999816894531,52.08000183105469,50.86000061035156,51.5099983215332,30.414257049560547,6833200,LLY
2007-11-12,51.52000045776367,52.91999816894531,51.25,52.5,30.998798370361328,6991600,LLY
2007-11-13,52.40999984741211,52.849998474121094,51.86000061035156,52.63999938964844,31.33513641357422,8527800,LLY
2007-11-14,52.75,53.58000183105469,52.599998474121094,53.029998779296875,31.567291259765625,6561200,LLY
2007-11-15,52.709999084472656,52.97999954223633,51.95000076293945,52.060001373291016,30.989879608154297,6006300,LLY
2007-11-16,52.310001373291016,52.599998474121094,51.36000061035156,51.810001373291016,30.841060638427734,6753200,LLY
2007-11-19,51.380001068115234,51.68000030517578,50.43000030517578,50.77000045776367,30.221981048583984,8647500,LLY
2007-11-20,50.95000076293945,50.9900016784668,49.869998931884766,50.349998474121094,29.97196388244629,6083400,LLY
2007-11-21,50.040000915527344,50.27000045776367,49.09000015258789,49.09000015258789,29.221925735473633,5995000,LLY
2007-11-23,49.93000030517578,50.81999969482422,49.52000045776367,50.790000915527344,30.233888626098633,2837200,LLY
2007-11-26,50.91999816894531,50.95000076293945,49.5,49.66999816894531,29.567171096801758,4981000,LLY
2007-11-27,49.83000183105469,51.099998474121094,49.58000183105469,50.90999984741211,30.305322647094727,6762700,LLY
2007-11-28,51.189998626708984,52.33000183105469,50.61000061035156,52.2599983215332,31.108932495117188,6086900,LLY
2007-11-29,51.9900016784668,53.11000061035156,51.849998474121094,52.790000915527344,31.424423217773438,6583800,LLY
2007-11-30,52.5099983215332,53.29999923706055,52.5099983215332,52.95000076293945,31.519678115844727,5926500,LLY
2007-12-03,52.810001373291016,52.95000076293945,52.209999084472656,52.529998779296875,31.269668579101562,4885700,LLY
2007-12-04,52.31999969482422,52.529998779296875,51.75,52.11000061035156,31.019636154174805,5450600,LLY
2007-12-05,52.70000076293945,53.790000915527344,52.349998474121094,53.4900016784668,31.841110229492188,4862700,LLY
2007-12-06,54.75,54.75,53.439998626708984,53.93000030517578,32.1030387878418,6523100,LLY
2007-12-07,54.54999923706055,54.650001525878906,53.720001220703125,54.29999923706055,32.32329177856445,4464800,LLY
2007-12-10,54.34000015258789,54.95000076293945,54.11000061035156,54.779998779296875,32.6090202331543,4606700,LLY
2007-12-11,54.7599983215332,55.34000015258789,54.0,54.060001373291016,32.180423736572266,5713500,LLY
2007-12-12,54.209999084472656,54.790000915527344,53.65999984741211,54.08000183105469,32.19232940673828,7299400,LLY
2007-12-13,53.709999084472656,54.27000045776367,53.4900016784668,54.18000030517578,32.251861572265625,5670200,LLY
2007-12-14,53.880001068115234,54.18000030517578,53.54999923706055,53.709999084472656,31.972076416015625,5029400,LLY
2007-12-17,53.4900016784668,53.93000030517578,52.959999084472656,53.18000030517578,31.65659523010254,4799000,LLY
2007-12-18,53.470001220703125,54.189998626708984,53.16999816894531,53.4900016784668,31.841110229492188,9406900,LLY
2007-12-19,53.38999938964844,53.7400016784668,52.709999084472656,53.18000030517578,31.65659523010254,6350400,LLY
2007-12-20,53.459999084472656,53.5,53.08000183105469,53.22999954223633,31.686344146728516,5556700,LLY
2007-12-21,53.599998474121094,54.29999923706055,53.400001525878906,54.22999954223633,32.2816162109375,7503300,LLY
2007-12-24,54.290000915527344,54.5,53.90999984741211,54.4900016784668,32.436397552490234,1468900,LLY
2007-12-26,54.209999084472656,54.38999938964844,53.970001220703125,54.310001373291016,32.3292350769043,2919600,LLY
2007-12-27,54.20000076293945,54.20000076293945,53.400001525878906,53.880001068115234,32.073265075683594,3369400,LLY
2007-12-28,53.72999954223633,54.150001525878906,53.709999084472656,54.04999923706055,32.17447280883789,3026600,LLY
2007-12-31,53.77000045776367,53.849998474121094,53.130001068115234,53.38999938964844,31.781591415405273,3970800,LLY
2008-01-02,53.459999084472656,53.779998779296875,52.209999084472656,52.54999923706055,31.281566619873047,5556800,LLY
2008-01-03,52.720001220703125,53.15999984741211,52.619998931884766,52.9900016784668,31.543487548828125,4513400,LLY
2008-01-04,52.540000915527344,52.83000183105469,51.68000030517578,51.79999923706055,30.835100173950195,6186500,LLY
2008-01-07,52.209999084472656,54.72999954223633,52.16999816894531,54.54999923706055,32.472103118896484,10376100,LLY
2008-01-08,54.81999969482422,57.220001220703125,54.40999984741211,56.060001373291016,33.370967864990234,12197900,LLY
2008-01-09,56.04999923706055,57.130001068115234,56.04999923706055,56.86000061035156,33.84718704223633,9577400,LLY
2008-01-10,56.54999923706055,57.119998931884766,56.06999969482422,56.849998474121094,33.84123611450195,6288300,LLY
2008-01-11,56.40999984741211,57.130001068115234,56.220001220703125,56.810001373291016,33.81741714477539,5360600,LLY
2008-01-14,57.220001220703125,57.52000045776367,56.88999938964844,57.18000030517578,34.03766632080078,5563800,LLY
2008-01-15,57.0,57.119998931884766,56.209999084472656,56.59000015258789,33.68644714355469,5884000,LLY
2008-01-16,56.29999923706055,57.16999816894531,55.93000030517578,56.06999969482422,33.37692642211914,7974400,LLY
2008-01-17,56.119998931884766,56.29999923706055,54.70000076293945,54.84000015258789,32.64473342895508,9679400,LLY
2008-01-18,54.689998626708984,55.099998474121094,53.400001525878906,53.709999084472656,31.972076416015625,10013600,LLY
2008-01-22,51.099998474121094,53.0,50.04999923706055,52.16999816894531,31.05535316467285,10933000,LLY
2008-01-23,50.7400016784668,52.209999084472656,50.209999084472656,52.18000030517578,31.06130599975586,8778300,LLY
2008-01-24,52.209999084472656,52.75,50.970001220703125,51.31999969482422,30.549358367919922,12998200,LLY
2008-01-25,51.720001220703125,51.75,50.369998931884766,50.7400016784668,30.204120635986328,9579100,LLY
2008-01-28,50.84000015258789,51.630001068115234,50.560001373291016,51.400001525878906,30.596994400024414,7076500,LLY
2008-01-29,52.91999816894531,52.91999816894531,52.02000045776367,52.310001373291016,31.138696670532227,9264300,LLY
2008-01-30,52.20000076293945,52.349998474121094,51.20000076293945,51.349998474121094,30.567232131958008,7358300,LLY
2008-01-31,50.65999984741211,51.77000045776367,50.41999816894531,51.38999938964844,30.59105110168457,9969700,LLY
2008-02-01,51.220001220703125,52.5,51.220001220703125,51.65999984741211,30.75177001953125,7374800,LLY
2008-02-04,51.66999816894531,52.369998931884766,51.369998931884766,52.08000183105469,31.001802444458008,4836400,LLY
2008-02-05,51.27000045776367,52.0,51.119998931884766,51.2400016784668,30.50174903869629,5440700,LLY
2008-02-06,51.4900016784668,51.779998779296875,50.84000015258789,51.400001525878906,30.596994400024414,4101300,LLY
2008-02-07,51.220001220703125,51.560001373291016,50.56999969482422,51.220001220703125,30.489843368530273,7153300,LLY
2008-02-08,51.04999923706055,51.04999923706055,50.0,50.22999954223633,29.90052032470703,4524200,LLY
2008-02-11,50.16999816894531,50.349998474121094,49.689998626708984,50.22999954223633,29.90052032470703,4222500,LLY
2008-02-12,50.630001068115234,51.22999954223633,50.29999923706055,51.02000045776367,30.370792388916016,5217700,LLY
2008-02-13,51.29999923706055,51.29999923706055,50.16999816894531,50.34000015258789,30.244619369506836,6503400,LLY
2008-02-14,50.25,50.34000015258789,49.599998474121094,49.97999954223633,30.02834129333496,5213600,LLY
2008-02-15,49.77000045776367,50.95000076293945,49.630001068115234,50.81999969482422,30.533010482788086,6480400,LLY
2008-02-19,50.959999084472656,51.25,50.150001525878906,50.29999923706055,30.220603942871094,5914800,LLY
2008-02-20,49.959999084472656,50.40999984741211,49.5,50.369998931884766,30.262649536132812,4290300,LLY
2008-02-21,50.63999938964844,50.79999923706055,49.63999938964844,49.81999969482422,29.932214736938477,5465000,LLY
2008-02-22,51.310001373291016,51.310001373291016,49.63999938964844,50.5099983215332,30.346763610839844,9059000,LLY
2008-02-25,50.439998626708984,51.38999938964844,50.22999954223633,51.29999923706055,30.821407318115234,5266900,LLY
2008-02-26,51.04999923706055,52.5099983215332,51.04999923706055,52.45000076293945,31.512327194213867,8059900,LLY
2008-02-27,52.040000915527344,52.33000183105469,51.54999923706055,51.83000183105469,31.13982582092285,3648600,LLY
2008-02-28,50.36000061035156,51.22999954223633,50.04999923706055,50.93000030517578,30.599096298217773,4396800,LLY
2008-02-29,50.470001220703125,50.709999084472656,49.66999816894531,50.02000045776367,30.0523624420166,6902600,LLY
2008-03-03,50.04999923706055,50.2599983215332,49.75,50.189998626708984,30.154499053955078,4099700,LLY
2008-03-04,49.81999969482422,50.220001220703125,49.7400016784668,50.0099983215332,30.046354293823242,5862500,LLY
2008-03-05,50.0099983215332,50.619998931884766,49.86000061035156,50.41999816894531,30.292701721191406,4520500,LLY
2008-03-06,50.08000183105469,50.25,49.650001525878906,49.68000030517578,29.84809112548828,4446400,LLY
2008-03-07,49.65999984741211,50.2400016784668,49.380001068115234,49.70000076293945,29.8601131439209,7275600,LLY
2008-03-10,49.70000076293945,50.810001373291016,49.029998779296875,49.41999816894531,29.6918888092041,7032700,LLY
2008-03-11,50.43000030517578,50.70000076293945,49.72999954223633,50.59000015258789,30.39482879638672,7442200,LLY
2008-03-12,50.599998474121094,50.720001220703125,49.65999984741211,49.779998779296875,29.908184051513672,5878900,LLY
2008-03-13,49.189998626708984,49.68000030517578,48.560001373291016,49.15999984741211,29.535673141479492,6655300,LLY
2008-03-14,49.41999816894531,49.41999816894531,47.33000183105469,47.810001373291016,28.724578857421875,8428300,LLY
2008-03-17,46.72999954223633,49.2400016784668,46.599998474121094,48.869998931884766,29.361438751220703,6847300,LLY
2008-03-18,49.52000045776367,49.91999816894531,48.79999923706055,49.91999816894531,29.99229621887207,5392200,LLY
2008-03-19,49.540000915527344,51.310001373291016,49.540000915527344,49.970001220703125,30.02231788635254,5758900,LLY
2008-03-20,50.040000915527344,50.04999923706055,49.16999816894531,49.84000015258789,29.944225311279297,9166300,LLY
2008-03-24,49.939998626708984,50.18000030517578,49.58000183105469,50.099998474121094,30.100425720214844,5791500,LLY
2008-03-25,50.02000045776367,50.689998626708984,49.9900016784668,50.16999816894531,30.142484664916992,4567500,LLY
2008-03-26,50.0099983215332,50.400001525878906,49.56999969482422,50.189998626708984,30.154499053955078,6626700,LLY
2008-03-27,50.2599983215332,50.83000183105469,50.2599983215332,50.43000030517578,30.2987003326416,4940700,LLY
2008-03-28,50.58000183105469,51.08000183105469,50.150001525878906,50.290000915527344,30.214590072631836,5339600,LLY
2008-03-31,50.220001220703125,51.779998779296875,50.13999938964844,51.59000015258789,30.995624542236328,8754500,LLY
2008-04-01,51.720001220703125,52.16999816894531,51.529998779296875,52.029998779296875,31.25998878479004,7230400,LLY
2008-04-02,52.04999923706055,52.20000076293945,51.439998626708984,51.7599983215332,31.0977783203125,5531500,LLY
2008-04-03,51.58000183105469,51.970001220703125,51.11000061035156,51.79999923706055,31.121789932250977,5075100,LLY
2008-04-04,51.779998779296875,52.939998626708984,51.599998474121094,52.279998779296875,31.410198211669922,5583800,LLY
2008-04-07,52.7599983215332,53.400001525878906,52.08000183105469,53.060001373291016,31.87881088256836,6127900,LLY
2008-04-08,52.75,52.91999816894531,52.099998474121094,52.29999923706055,31.422203063964844,4895400,LLY
2008-04-09,52.220001220703125,52.47999954223633,51.650001525878906,51.77000045776367,31.103771209716797,5090400,LLY
2008-04-10,51.66999816894531,52.75,51.66999816894531,52.38999938964844,31.47628402709961,5458600,LLY
2008-04-11,52.369998931884766,52.369998931884766,51.70000076293945,51.93000030517578,31.19991111755371,5346600,LLY
2008-04-14,51.97999954223633,52.08000183105469,51.560001373291016,51.81999969482422,31.133821487426758,4800300,LLY
2008-04-15,52.0,52.08000183105469,51.33000183105469,51.54999923706055,30.97160530090332,5602300,LLY
2008-04-16,52.029998779296875,52.63999938964844,51.66999816894531,52.54999923706055,31.572410583496094,4301400,LLY
2008-04-17,52.290000915527344,52.529998779296875,51.25,51.38999938964844,30.875459671020508,6928500,LLY
2008-04-18,51.900001525878906,52.209999084472656,51.459999084472656,52.06999969482422,31.284015655517578,6223600,LLY
2008-04-21,50.70000076293945,50.75,49.43000030517578,49.59000015258789,29.794008255004883,10138800,LLY
2008-04-22,49.59000015258789,49.59000015258789,48.2599983215332,49.04999923706055,29.469593048095703,8526100,LLY
2008-04-23,49.13999938964844,49.86000061035156,48.9900016784668,49.189998626708984,29.553682327270508,6545200,LLY
2008-04-24,49.15999984741211,49.4900016784668,48.54999923706055,49.040000915527344,29.463571548461914,4447000,LLY
2008-04-25,49.18000030517578,49.959999084472656,49.11000061035156,49.36000061035156,29.655824661254883,4609500,LLY
2008-04-28,49.54999923706055,49.63999938964844,49.150001525878906,49.36000061035156,29.655824661254883,4912900,LLY
2008-04-29,49.29999923706055,49.29999923706055,47.86000061035156,48.11000061035156,28.904830932617188,8559000,LLY
2008-04-30,48.29999923706055,48.93000030517578,47.959999084472656,48.13999938964844,28.92284393310547,6142000,LLY
2008-05-01,48.16999816894531,49.720001220703125,48.150001525878906,49.720001220703125,29.872133255004883,6267500,LLY
2008-05-02,49.88999938964844,49.900001525878906,49.2400016784668,49.380001068115234,29.6678466796875,3656500,LLY
2008-05-05,49.2599983215332,49.2599983215332,48.689998626708984,48.9900016784668,29.433530807495117,3459400,LLY
2008-05-06,48.709999084472656,48.959999084472656,48.310001373291016,48.75,29.289325714111328,4277900,LLY
2008-05-07,48.689998626708984,49.130001068115234,48.54999923706055,48.650001525878906,29.229257583618164,5504600,LLY
2008-05-08,48.91999816894531,48.970001220703125,48.25,48.43000030517578,29.097074508666992,5302100,LLY
2008-05-09,48.439998626708984,48.439998626708984,47.7599983215332,48.25,28.98894500732422,4293400,LLY
2008-05-12,48.400001525878906,48.97999954223633,48.25,48.7599983215332,29.29535484313965,3542100,LLY
2008-05-13,47.66999816894531,48.52000045776367,47.5,47.54999923706055,28.846424102783203,5367300,LLY
2008-05-14,47.66999816894531,48.31999969482422,47.54999923706055,48.29999923706055,29.30141830444336,4371500,LLY
2008-05-15,48.41999816894531,48.7599983215332,47.90999984741211,48.66999816894531,29.52589225769043,5194300,LLY
2008-05-16,49.849998474121094,49.849998474121094,48.54999923706055,48.95000076293945,29.695751190185547,5196200,LLY
2008-05-19,48.9900016784668,49.689998626708984,48.86000061035156,49.529998779296875,30.047595977783203,3779600,LLY
2008-05-20,49.38999938964844,49.77000045776367,48.7599983215332,48.959999084472656,29.701807022094727,4133300,LLY
2008-05-21,49.13999938964844,49.349998474121094,48.029998779296875,48.099998474121094,29.180086135864258,4681500,LLY
2008-05-22,48.36000061035156,48.790000915527344,47.869998931884766,48.47999954223633,29.41061019897461,3106100,LLY
2008-05-23,48.459999084472656,48.459999084472656,47.54999923706055,47.56999969482422,28.85856819152832,3602800,LLY
2008-05-27,47.68000030517578,48.040000915527344,47.61000061035156,47.939998626708984,29.083024978637695,2989600,LLY
2008-05-28,48.099998474121094,48.279998779296875,47.5,47.849998474121094,29.02842140197754,3520700,LLY
2008-05-29,47.72999954223633,48.91999816894531,47.72999954223633,48.599998474121094,29.48341178894043,6290000,LLY
2008-05-30,48.720001220703125,48.720001220703125,48.0,48.13999938964844,29.204349517822266,4057000,LLY
2008-06-02,48.279998779296875,48.36000061035156,47.40999984741211,47.59000015258789,28.87069320678711,5930600,LLY
2008-06-03,47.849998474121094,48.459999084472656,47.45000076293945,48.279998779296875,29.289283752441406,7263300,LLY
2008-06-04,48.619998931884766,49.599998474121094,48.619998931884766,49.040000915527344,29.750337600708008,7408800,LLY
2008-06-05,49.63999938964844,49.81999969482422,48.880001068115234,49.459999084472656,30.0051326751709,7863000,LLY
2008-06-06,49.349998474121094,49.349998474121094,48.38999938964844,48.41999816894531,29.374221801757812,7811900,LLY
2008-06-09,48.77000045776367,48.77000045776367,47.79999923706055,48.18000030517578,29.22862434387207,6420500,LLY
2008-06-10,47.75,48.45000076293945,47.5,47.939998626708984,29.083024978637695,5166200,LLY
2008-06-11,47.810001373291016,48.25,47.25,47.43000030517578,28.773624420166016,4056400,LLY
2008-06-12,47.65999984741211,48.31999969482422,47.54999923706055,47.70000076293945,28.93740463256836,4595400,LLY
2008-06-13,47.91999816894531,48.369998931884766,47.91999816894531,48.33000183105469,29.319604873657227,4298900,LLY
2008-06-16,47.91999816894531,48.33000183105469,47.189998626708984,47.849998474121094,29.02842140197754,5568600,LLY
2008-06-17,48.06999969482422,48.599998474121094,47.7400016784668,47.779998779296875,28.985958099365234,3432300,LLY
2008-06-18,47.70000076293945,48.0,46.900001525878906,46.970001220703125,28.49456787109375,4217600,LLY
2008-06-19,47.040000915527344,48.029998779296875,46.630001068115234,47.790000915527344,28.992021560668945,8223400,LLY
2008-06-20,47.34000015258789,48.279998779296875,46.72999954223633,46.93000030517578,28.47030258178711,7423900,LLY
2008-06-23,47.040000915527344,47.7400016784668,47.0099983215332,47.599998474121094,28.87674903869629,5380100,LLY
2008-06-24,46.959999084472656,47.099998474121094,45.970001220703125,46.939998626708984,28.476367950439453,9260400,LLY
2008-06-25,47.029998779296875,47.470001220703125,46.79999923706055,47.0,28.51276206970215,6017500,LLY
2008-06-26,46.560001373291016,46.810001373291016,45.959999084472656,46.02000045776367,27.918237686157227,6517300,LLY
2008-06-27,46.0,46.310001373291016,45.56999969482422,45.61000061035156,27.66951560974121,7417900,LLY
2008-06-30,45.77000045776367,46.54999923706055,45.36000061035156,46.15999984741211,28.003177642822266,5417100,LLY
2008-07-01,45.66999816894531,46.439998626708984,45.52000045776367,46.099998474121094,27.966760635375977,6454400,LLY
2008-07-02,46.099998474121094,46.689998626708984,45.90999984741211,46.09000015258789,27.960710525512695,4656100,LLY
2008-07-03,46.400001525878906,47.099998474121094,46.310001373291016,46.97999954223633,28.500625610351562,4530900,LLY
2008-07-07,46.90999984741211,47.119998931884766,45.91999816894531,46.209999084472656,28.03350830078125,6096900,LLY
2008-07-08,46.18000030517578,48.619998931884766,46.099998474121094,48.459999084472656,29.39848518371582,9372800,LLY
2008-07-09,48.61000061035156,49.459999084472656,48.2400016784668,48.369998931884766,29.34388542175293,6500100,LLY
2008-07-10,48.279998779296875,48.93000030517578,47.540000915527344,48.15999984741211,29.21647071838379,7374800,LLY
2008-07-11,47.52000045776367,48.029998779296875,46.93000030517578,47.66999816894531,28.919218063354492,4538900,LLY
2008-07-14,48.150001525878906,48.61000061035156,47.95000076293945,48.0099983215332,29.1254825592041,5716100,LLY
2008-07-15,47.540000915527344,48.34000015258789,47.540000915527344,48.11000061035156,29.186153411865234,8184600,LLY
2008-07-16,48.31999969482422,48.5,47.72999954223633,48.279998779296875,29.289283752441406,6356300,LLY
2008-07-17,48.20000076293945,48.54999923706055,47.29999923706055,48.380001068115234,29.349956512451172,6514900,LLY
2008-07-18,48.31999969482422,48.54999923706055,47.5,47.90999984741211,29.064815521240234,6421400,LLY
2008-07-21,47.970001220703125,48.130001068115234,46.91999816894531,47.18000030517578,28.621973037719727,4741700,LLY
2008-07-22,46.91999816894531,47.290000915527344,46.5099983215332,46.72999954223633,28.348957061767578,6668400,LLY
2008-07-23,47.0,47.689998626708984,46.79999923706055,47.619998931884766,28.888879776000977,5608500,LLY
2008-07-24,47.939998626708984,48.5,47.22999954223633,48.0,29.119430541992188,4949200,LLY
2008-07-25,47.720001220703125,48.45000076293945,47.25,47.810001373291016,29.004154205322266,4200200,LLY
2008-07-28,47.81999969482422,48.45000076293945,47.529998779296875,47.619998931884766,28.888879776000977,5131200,LLY
2008-07-29,47.68000030517578,48.68000030517578,47.4900016784668,48.2599983215332,29.277143478393555,5535600,LLY
2008-07-30,48.56999969482422,49.119998931884766,46.95000076293945,47.40999984741211,28.76149559020996,7426300,LLY
2008-07-31,47.20000076293945,47.630001068115234,46.849998474121094,47.11000061035156,28.579500198364258,4931800,LLY
2008-08-01,47.11000061035156,47.47999954223633,46.56999969482422,47.040000915527344,28.537033081054688,4329200,LLY
2008-08-04,46.90999984741211,47.689998626708984,46.90999984741211,47.369998931884766,28.737241744995117,4751900,LLY
2008-08-05,47.86000061035156,48.0,47.2400016784668,47.790000915527344,28.992021560668945,6486100,LLY
2008-08-06,47.22999954223633,48.369998931884766,47.22999954223633,48.0,29.119430541992188,3519600,LLY
2008-08-07,47.65999984741211,48.400001525878906,47.22999954223633,47.58000183105469,28.864633560180664,4596900,LLY
2008-08-08,47.529998779296875,48.58000183105469,47.279998779296875,48.5099983215332,29.428817749023438,4158800,LLY
2008-08-11,48.5,49.54999923706055,48.099998474121094,49.04999923706055,29.75641632080078,6115800,LLY
2008-08-12,49.189998626708984,49.779998779296875,48.849998474121094,49.25,29.877735137939453,6038100,LLY
2008-08-13,48.90999984741211,48.90999984741211,48.08000183105469,48.380001068115234,29.63273811340332,4955000,LLY
2008-08-14,48.0099983215332,49.119998931884766,47.93000030517578,48.34000015258789,29.608238220214844,4706200,LLY
2008-08-15,48.5,49.20000076293945,48.5,48.779998779296875,29.877735137939453,4611400,LLY
2008-08-18,48.810001373291016,48.81999969482422,47.81999969482422,48.04999923706055,29.430614471435547,6245500,LLY
2008-08-19,47.68000030517578,48.13999938964844,47.25,47.79999923706055,29.277496337890625,5448700,LLY
2008-08-20,47.83000183105469,47.90999984741211,47.189998626708984,47.40999984741211,29.03860855102539,4545100,LLY
2008-08-21,47.47999954223633,47.47999954223633,46.56999969482422,47.16999816894531,28.891616821289062,4161600,LLY
2008-08-22,47.209999084472656,48.150001525878906,47.09000015258789,48.029998779296875,29.418359756469727,5134400,LLY
2008-08-25,47.90999984741211,48.630001068115234,47.310001373291016,47.52000045776367,29.105981826782227,3940300,LLY
2008-08-26,47.4900016784668,47.779998779296875,46.83000183105469,47.02000045776367,28.79974365234375,3370600,LLY
2008-08-27,46.9900016784668,47.4900016784668,46.459999084472656,46.869998931884766,28.707866668701172,5520100,LLY
2008-08-28,47.060001373291016,47.369998931884766,46.65999984741211,46.90999984741211,28.732358932495117,4285500,LLY
2008-08-29,46.68000030517578,47.02000045776367,46.61000061035156,46.650001525878906,28.573108673095703,4765200,LLY
2008-09-02,47.209999084472656,47.61000061035156,46.41999816894531,46.65999984741211,28.57923698425293,5241900,LLY
2008-09-03,46.65999984741211,47.4900016784668,46.22999954223633,46.90999984741211,28.732358932495117,4425900,LLY
2008-09-04,46.79999923706055,46.900001525878906,45.95000076293945,46.09000015258789,28.230112075805664,4714400,LLY
2008-09-05,45.970001220703125,46.099998474121094,45.119998931884766,45.439998626708984,27.83198356628418,5127800,LLY
2008-09-08,46.310001373291016,46.86000061035156,45.529998779296875,46.66999816894531,28.585350036621094,5790600,LLY
2008-09-09,46.209999084472656,47.880001068115234,46.209999084472656,46.459999084472656,28.45673370361328,7821600,LLY
2008-09-10,46.560001373291016,47.36000061035156,46.5,46.72999954223633,28.622121810913086,6101700,LLY
2008-09-11,46.2599983215332,46.84000015258789,45.939998626708984,46.720001220703125,28.615999221801758,4722200,LLY
2008-09-12,46.470001220703125,46.849998474121094,46.189998626708984,46.599998474121094,28.54248809814453,4271700,LLY
2008-09-15,45.849998474121094,46.7400016784668,45.66999816894531,46.040000915527344,28.19948959350586,5313600,LLY
2008-09-16,45.27000045776367,45.599998474121094,44.470001220703125,45.2599983215332,27.721731185913086,10048900,LLY
2008-09-17,44.70000076293945,45.63999938964844,43.810001373291016,43.91999816894531,26.900999069213867,7175900,LLY
2008-09-18,44.36000061035156,45.720001220703125,43.869998931884766,45.41999816894531,27.81972885131836,9917400,LLY
2008-09-19,46.0099983215332,47.34000015258789,44.900001525878906,46.689998626708984,28.597614288330078,11996600,LLY
2008-09-22,46.56999969482422,47.130001068115234,45.66999816894531,45.900001525878906,28.113739013671875,5783900,LLY
2008-09-23,46.09000015258789,46.22999954223633,45.400001525878906,45.72999954223633,28.009614944458008,7878100,LLY
2008-09-24,45.779998779296875,46.5099983215332,45.400001525878906,46.34000015258789,28.383237838745117,7240700,LLY
2008-09-25,46.56999969482422,47.720001220703125,46.22999954223633,46.599998474121094,28.54248809814453,9338200,LLY
2008-09-26,46.16999816894531,47.060001373291016,45.7599983215332,46.81999969482422,28.677234649658203,5769900,LLY
2008-09-29,44.709999084472656,46.04999923706055,43.40999984741211,43.91999816894531,26.900999069213867,9791500,LLY
2008-09-30,44.880001068115234,44.970001220703125,42.880001068115234,44.029998779296875,26.968355178833008,8438800,LLY
2008-10-01,43.58000183105469,44.439998626708984,43.400001525878906,43.689998626708984,26.760112762451172,6340200,LLY
2008-10-02,43.689998626708984,43.93000030517578,42.439998626708984,42.54999923706055,26.061857223510742,6564400,LLY
2008-10-03,43.099998474121094,43.099998474121094,41.2400016784668,41.310001373291016,25.30236053466797,9396200,LLY
2008-10-06,40.63999938964844,40.70000076293945,37.09000015258789,38.41999816894531,23.532241821289062,18989200,LLY
2008-10-07,39.52000045776367,39.970001220703125,38.52000045776367,38.61000061035156,23.648622512817383,12466300,LLY
2008-10-08,38.7400016784668,39.5,37.65999984741211,37.900001525878906,23.213735580444336,8946200,LLY
2008-10-09,37.58000183105469,37.849998474121094,32.439998626708984,33.220001220703125,20.347240447998047,13833900,LLY
2008-10-10,31.959999084472656,33.38999938964844,29.25,31.360000610351562,19.207992553710938,15866600,LLY
2008-10-13,32.5099983215332,36.0,32.20000076293945,35.86000061035156,21.96424102783203,8286200,LLY
2008-10-14,37.2400016784668,37.560001373291016,34.56999969482422,34.939998626708984,21.400741577148438,10643400,LLY
2008-10-15,34.650001525878906,34.9900016784668,31.93000030517578,32.540000915527344,19.930747985839844,10602700,LLY
2008-10-16,32.689998626708984,34.65999984741211,31.5,34.380001068115234,21.057743072509766,10297900,LLY
2008-10-17,33.290000915527344,34.119998931884766,32.13999938964844,32.20000076293945,19.722492218017578,9160900,LLY
2008-10-20,32.560001373291016,34.099998474121094,31.770000457763672,34.099998474121094,20.886241912841797,9049300,LLY
2008-10-21,33.709999084472656,34.63999938964844,33.04999923706055,33.68000030517578,20.628992080688477,7733000,LLY
2008-10-22,33.61000061035156,33.630001068115234,31.399999618530273,32.11000061035156,19.6673641204834,6671900,LLY
2008-10-23,33.9900016784668,34.0,31.260000228881836,33.47999954223633,20.506492614746094,8729300,LLY
2008-10-24,31.989999771118164,32.79999923706055,31.139999389648438,31.729999542236328,19.43461799621582,7224100,LLY
2008-10-27,31.299999237060547,32.599998474121094,30.399999618530273,30.399999618530273,18.6199893951416,7526900,LLY
2008-10-28,31.06999969482422,33.470001220703125,29.899999618530273,33.380001068115234,20.44524574279785,8334900,LLY
2008-10-29,33.31999969482422,33.66999816894531,31.829999923706055,32.029998779296875,19.618366241455078,9180200,LLY
2008-10-30,32.970001220703125,33.099998474121094,32.2599983215332,32.83000183105469,20.108367919921875,7363200,LLY
2008-10-31,32.630001068115234,34.54999923706055,32.630001068115234,33.81999969482422,20.71473503112793,6874800,LLY
2008-11-03,34.439998626708984,34.540000915527344,33.540000915527344,34.0099983215332,20.83111572265625,4801900,LLY
2008-11-04,34.75,35.63999938964844,33.650001525878906,35.150001525878906,21.52937126159668,7786900,LLY
2008-11-05,34.7400016784668,35.43000030517578,33.54999923706055,33.7599983215332,20.67799186706543,5858400,LLY
2008-11-06,33.88999938964844,34.16999816894531,32.599998474121094,32.869998931884766,20.13286781311035,6447300,LLY
2008-11-07,32.88999938964844,34.369998931884766,32.88999938964844,34.20000076293945,20.947494506835938,4023900,LLY
2008-11-10,34.77000045776367,35.5,34.40999984741211,34.869998931884766,21.357858657836914,5806900,LLY
2008-11-11,34.72999954223633,35.25,33.630001068115234,33.970001220703125,20.806612014770508,4962000,LLY
2008-11-12,33.25,33.41999816894531,31.850000381469727,31.989999771118164,19.8687686920166,6160700,LLY
2008-11-13,32.2400016784668,34.5,31.760000228881836,34.119998931884766,21.191696166992188,13039100,LLY
2008-11-14,32.779998779296875,33.88999938964844,32.04999923706055,32.060001373291016,19.91224479675293,8113700,LLY
2008-11-17,31.709999084472656,32.93000030517578,31.5,32.130001068115234,19.955718994140625,6436700,LLY
2008-11-18,32.900001525878906,33.34000015258789,31.540000915527344,33.34000015258789,20.707239151000977,6581300,LLY
2008-11-19,33.15999984741211,33.970001220703125,31.100000381469727,31.40999984741211,19.508529663085938,7163500,LLY
2008-11-20,31.229999542236328,32.25,29.59000015258789,29.90999984741211,18.57689666748047,7966700,LLY
2008-11-21,30.229999542236328,30.56999969482422,28.6200008392334,30.43000030517578,18.899864196777344,9947500,LLY
2008-11-24,30.899999618530273,32.7599983215332,30.510000228881836,32.08000183105469,19.92466926574707,7845200,LLY
2008-11-25,32.900001525878906,33.36000061035156,31.829999923706055,32.79999923706055,20.371849060058594,6495500,LLY
2008-11-26,32.41999816894531,32.93000030517578,31.829999923706055,32.869998931884766,20.41533088684082,5886700,LLY
2008-11-28,33.060001373291016,34.5,33.060001373291016,34.150001525878906,21.210329055786133,2736300,LLY
2008-12-01,33.31999969482422,33.400001525878906,30.6299991607666,31.1200008392334,19.328413009643555,6326300,LLY
2008-12-02,31.540000915527344,33.290000915527344,31.5,33.189998626708984,20.61408042907715,6817900,LLY
2008-12-03,32.56999969482422,35.08000183105469,32.02000045776367,34.970001220703125,21.719619750976562,7760000,LLY
2008-12-04,34.540000915527344,34.880001068115234,33.54999923706055,33.88999938964844,21.048843383789062,6856500,LLY
2008-12-05,33.689998626708984,35.25,32.560001373291016,34.939998626708984,21.700992584228516,7571000,LLY
2008-12-08,35.68000030517578,35.849998474121094,34.29999923706055,34.86000061035156,21.651302337646484,6885000,LLY
2008-12-09,34.400001525878906,35.099998474121094,34.34000015258789,34.56999969482422,21.471181869506836,4471700,LLY
2008-12-10,34.93000030517578,35.58000183105469,34.63999938964844,35.0099983215332,21.74445915222168,4854200,LLY
2008-12-11,35.88999938964844,36.59000015258789,35.20000076293945,35.619998931884766,22.12333869934082,8004200,LLY
2008-12-12,34.81999969482422,36.5,34.599998474121094,36.40999984741211,22.613998413085938,6637400,LLY
2008-12-15,36.40999984741211,36.63999938964844,34.900001525878906,35.31999969482422,21.937007904052734,5728500,LLY
2008-12-16,35.63999938964844,37.34000015258789,35.540000915527344,37.209999084472656,23.11086654663086,6155900,LLY
2008-12-17,36.709999084472656,37.31999969482422,36.27000045776367,36.939998626708984,22.943178176879883,4963700,LLY
2008-12-18,37.209999084472656,37.91999816894531,36.47999954223633,36.869998931884766,22.899703979492188,6650000,LLY
2008-12-19,37.970001220703125,38.77000045776367,37.0,38.2599983215332,23.763010025024414,10252500,LLY
2008-12-22,38.20000076293945,38.4900016784668,36.630001068115234,37.34000015258789,23.19161605834961,5046400,LLY
2008-12-23,38.060001373291016,38.5,37.40999984741211,37.4900016784668,23.284778594970703,4237500,LLY
2008-12-24,38.0,38.08000183105469,37.5,37.79999923706055,23.477312088012695,1237100,LLY
2008-12-26,37.95000076293945,38.099998474121094,37.810001373291016,37.97999954223633,23.5891170501709,1614000,LLY
2008-12-29,38.08000183105469,38.5,37.63999938964844,38.47999954223633,23.899658203125,4001000,LLY
2008-12-30,38.709999084472656,39.77000045776367,38.709999084472656,39.66999816894531,24.638757705688477,4743600,LLY
2008-12-31,39.66999816894531,40.5,39.380001068115234,40.27000045776367,25.011423110961914,4735100,LLY
2009-01-02,40.380001068115234,40.779998779296875,39.29999923706055,40.56999969482422,25.197744369506836,6022900,LLY
2009-01-05,40.54999923706055,40.560001373291016,39.06999969482422,39.459999084472656,24.50833511352539,6854500,LLY
2009-01-06,39.63999938964844,39.7599983215332,38.5099983215332,39.56999969482422,24.576656341552734,8975000,LLY
2009-01-07,39.060001373291016,39.459999084472656,38.38999938964844,38.619998931884766,23.98660659790039,6365600,LLY
2009-01-08,38.439998626708984,38.90999984741211,37.900001525878906,38.810001373291016,24.10462760925293,5627000,LLY
2009-01-09,38.810001373291016,38.810001373291016,38.029998779296875,38.47999954223633,23.899658203125,5937400,LLY
2009-01-12,38.459999084472656,38.75,37.90999984741211,38.130001068115234,23.682283401489258,5199200,LLY
2009-01-13,38.25,38.68000030517578,37.90999984741211,38.52000045776367,23.924509048461914,5301400,LLY
2009-01-14,38.34000015258789,38.369998931884766,37.099998474121094,37.470001220703125,23.272354125976562,6557100,LLY
2009-01-15,37.41999816894531,37.630001068115234,36.279998779296875,37.54999923706055,23.322050094604492,4957200,LLY
2009-01-16,38.040000915527344,38.40999984741211,37.290000915527344,38.130001068115234,23.682283401489258,5443900,LLY
2009-01-20,37.91999816894531,38.7599983215332,37.22999954223633,37.38999938964844,23.222667694091797,9442300,LLY
2009-01-21,37.880001068115234,38.70000076293945,37.22999954223633,38.2400016784668,23.75059700012207,6836000,LLY
2009-01-22,37.630001068115234,38.34000015258789,37.15999984741211,37.79999923706055,23.477312088012695,5547800,LLY
2009-01-23,37.20000076293945,37.63999938964844,36.84000015258789,37.41999816894531,23.241300582885742,6228600,LLY
2009-01-26,37.650001525878906,38.4900016784668,37.25,37.56999969482422,23.33447265625,6766000,LLY
2009-01-27,37.84000015258789,38.900001525878906,37.689998626708984,38.61000061035156,23.98040771484375,5403700,LLY
2009-01-28,39.0,39.20000076293945,38.380001068115234,39.09000015258789,24.278522491455078,5368700,LLY
2009-01-29,38.63999938964844,39.150001525878906,37.7400016784668,37.970001220703125,23.58290672302246,6473900,LLY
2009-01-30,38.709999084472656,38.709999084472656,36.27000045776367,36.81999969482422,22.86864471435547,9599100,LLY
2009-02-02,36.529998779296875,37.61000061035156,36.20000076293945,37.27000045776367,23.14813995361328,5505000,LLY
2009-02-03,37.689998626708984,39.150001525878906,36.869998931884766,38.689998626708984,24.030086517333984,9611300,LLY
2009-02-04,39.220001220703125,39.25,37.79999923706055,38.0099983215332,23.607746124267578,7416500,LLY
2009-02-05,37.790000915527344,38.29999923706055,37.25,38.15999984741211,23.700908660888672,5051300,LLY
2009-02-06,37.83000183105469,38.7400016784668,37.83000183105469,38.18000030517578,23.71332550048828,4978300,LLY
2009-02-09,38.220001220703125,38.22999954223633,37.400001525878906,38.119998931884766,23.676076889038086,4132900,LLY
2009-02-10,38.0,38.400001525878906,36.7599983215332,36.939998626708984,22.943178176879883,5721900,LLY
2009-02-11,37.130001068115234,37.20000076293945,36.459999084472656,36.720001220703125,23.11312484741211,4244400,LLY
2009-02-12,36.18000030517578,36.61000061035156,35.380001068115234,36.34000015258789,22.873945236206055,6098300,LLY
2009-02-13,36.150001525878906,36.47999954223633,35.380001068115234,35.43000030517578,22.3011417388916,6020700,LLY
2009-02-17,34.720001220703125,35.11000061035156,34.27000045776367,34.58000183105469,21.766117095947266,7399900,LLY
2009-02-18,34.7599983215332,34.7599983215332,34.11000061035156,34.400001525878906,21.652820587158203,5916800,LLY
2009-02-19,34.650001525878906,34.86000061035156,34.31999969482422,34.47999954223633,21.703176498413086,4240600,LLY
2009-02-20,33.880001068115234,34.130001068115234,32.93000030517578,33.2400016784668,20.922666549682617,8361100,LLY
2009-02-23,33.65999984741211,33.83000183105469,32.2599983215332,32.310001373291016,20.337282180786133,5545100,LLY
2009-02-24,32.40999984741211,32.97999954223633,32.060001373291016,32.90999984741211,20.71494483947754,7345600,LLY
2009-02-25,32.790000915527344,33.040000915527344,32.11000061035156,32.560001373291016,20.494646072387695,6943800,LLY
2009-02-26,32.97999954223633,32.97999954223633,31.0,31.040000915527344,19.537893295288086,12135600,LLY
2009-02-27,30.3700008392334,30.729999542236328,29.3799991607666,29.3799991607666,18.493013381958008,9522900,LLY
2009-03-02,28.549999237060547,28.850000381469727,27.65999984741211,27.75,17.467021942138672,13436000,LLY
2009-03-03,28.079999923706055,28.510000228881836,27.219999313354492,27.489999771118164,17.30337142944336,9488100,LLY
2009-03-04,28.200000762939453,28.8700008392334,27.270000457763672,28.5,17.93911361694336,8865100,LLY
2009-03-05,27.889999389648438,28.389999389648438,27.209999084472656,27.469999313354492,17.290781021118164,9028200,LLY
2009-03-06,27.649999618530273,28.229999542236328,27.450000762939453,27.979999542236328,17.611799240112305,8700000,LLY
2009-03-09,27.729999542236328,28.670000076293945,27.469999313354492,27.969999313354492,17.605504989624023,8635800,LLY
2009-03-10,28.6299991607666,29.760000228881836,28.329999923706055,29.719999313354492,18.707027435302734,10124700,LLY
2009-03-11,30.010000228881836,30.09000015258789,28.670000076293945,28.850000381469727,18.15941047668457,9624700,LLY
2009-03-12,28.850000381469727,30.1299991607666,28.75,30.030000686645508,18.902151107788086,6359600,LLY
2009-03-13,30.229999542236328,31.049999237060547,30.09000015258789,30.639999389648438,19.286113739013672,6790500,LLY
2009-03-16,30.84000015258789,31.739999771118164,30.739999771118164,30.809999465942383,19.393123626708984,6624300,LLY
2009-03-17,30.959999084472656,31.760000228881836,30.520000457763672,31.760000228881836,19.99109649658203,5031600,LLY
2009-03-18,32.45000076293945,33.099998474121094,31.950000762939453,32.5,20.456880569458008,6519000,LLY
2009-03-19,32.619998931884766,32.77000045776367,31.520000457763672,31.829999923706055,20.03514862060547,5170900,LLY
2009-03-20,31.899999618530273,32.90999984741211,31.899999618530273,32.54999923706055,20.488351821899414,10262000,LLY
2009-03-23,33.279998779296875,34.09000015258789,33.02000045776367,34.09000015258789,21.457691192626953,6611700,LLY
2009-03-24,33.61000061035156,34.310001373291016,33.16999816894531,33.16999816894531,20.87860107421875,8487800,LLY
2009-03-25,33.36000061035156,33.869998931884766,32.86000061035156,33.529998779296875,21.105215072631836,7747900,LLY
2009-03-26,33.7400016784668,34.290000915527344,33.38999938964844,34.220001220703125,21.539522171020508,7407000,LLY
2009-03-27,33.83000183105469,34.15999984741211,33.560001373291016,33.75,21.243684768676758,5461800,LLY
2009-03-30,32.029998779296875,32.97999954223633,32.029998779296875,32.84000015258789,20.670888900756836,7106400,LLY
2009-03-31,33.20000076293945,33.880001068115234,32.599998474121094,33.40999984741211,21.029672622680664,6702000,LLY
2009-04-01,33.029998779296875,33.93000030517578,32.59000015258789,33.779998779296875,21.262571334838867,5483400,LLY
2009-04-02,34.40999984741211,34.40999984741211,33.560001373291016,33.900001525878906,21.33809471130371,6665800,LLY
2009-04-03,33.529998779296875,33.75,32.52000045776367,33.0099983215332,20.77789878845215,7122500,LLY
2009-04-06,32.75,33.34000015258789,32.38999938964844,32.84000015258789,20.670888900756836,6618900,LLY
2009-04-07,31.81999969482422,32.13999938964844,30.90999984741211,31.8799991607666,20.066625595092773,6031800,LLY
2009-04-08,31.959999084472656,32.529998779296875,31.600000381469727,32.34000015258789,20.35617446899414,5226900,LLY
2009-04-09,33.02000045776367,33.79999923706055,32.36000061035156,32.63999938964844,20.54500389099121,4984200,LLY
2009-04-13,32.33000183105469,32.79999923706055,32.27000045776367,32.56999969482422,20.50093650817871,3405300,LLY
2009-04-14,32.75,32.75,31.979999542236328,32.150001525878906,20.236576080322266,5248600,LLY
2009-04-15,32.09000015258789,32.959999084472656,32.0,32.810001373291016,20.652009963989258,6155300,LLY
2009-04-16,32.970001220703125,33.459999084472656,32.43000030517578,33.27000045776367,20.941551208496094,4967300,LLY
2009-04-17,33.2599983215332,34.04999923706055,33.189998626708984,33.75,21.243684768676758,6670400,LLY
2009-04-20,33.68000030517578,34.43000030517578,32.91999816894531,32.9900016784668,20.765304565429688,9799300,LLY
2009-04-21,33.41999816894531,33.68000030517578,32.7400016784668,33.34000015258789,20.985607147216797,6409700,LLY
2009-04-22,33.11000061035156,33.34000015258789,32.459999084472656,32.7400016784668,20.60795021057129,11129900,LLY
2009-04-23,32.529998779296875,32.95000076293945,32.029998779296875,32.880001068115234,20.69607162475586,8591400,LLY
2009-04-24,33.0,33.65999984741211,32.849998474121094,33.0099983215332,20.77789878845215,8328100,LLY
2009-04-27,32.9900016784668,33.5,32.75,33.130001068115234,20.853431701660156,4168700,LLY
2009-04-28,33.06999969482422,33.689998626708984,32.959999084472656,33.20000076293945,20.897489547729492,7663500,LLY
2009-04-29,33.45000076293945,33.72999954223633,32.959999084472656,33.36000061035156,20.998199462890625,6750000,LLY
2009-04-30,33.86000061035156,33.88999938964844,32.83000183105469,32.91999816894531,20.72123908996582,8283200,LLY
2009-05-01,32.91999816894531,33.58000183105469,32.619998931884766,33.4900016784668,21.080020904541016,5411900,LLY
2009-05-04,33.41999816894531,33.9900016784668,33.27000045776367,33.810001373291016,21.281448364257812,5363100,LLY
2009-05-05,34.5,34.790000915527344,33.95000076293945,34.540000915527344,21.740943908691406,8330900,LLY
2009-05-06,35.0099983215332,35.22999954223633,34.060001373291016,34.43000030517578,21.67170524597168,5696700,LLY
2009-05-07,34.72999954223633,35.959999084472656,34.529998779296875,35.849998474121094,22.565502166748047,11236400,LLY
2009-05-08,36.31999969482422,36.650001525878906,35.75,35.95000076293945,22.628454208374023,7172300,LLY
2009-05-11,35.619998931884766,35.88999938964844,35.040000915527344,35.349998474121094,22.250783920288086,6339100,LLY
2009-05-12,35.599998474121094,36.27000045776367,35.310001373291016,35.900001525878906,22.596982955932617,6427600,LLY
2009-05-13,35.08000183105469,36.04999923706055,34.810001373291016,35.150001525878906,22.43106460571289,6042000,LLY
2009-05-14,35.220001220703125,35.439998626708984,35.0,35.119998931884766,22.41191864013672,4647400,LLY
2009-05-15,35.099998474121094,35.16999816894531,34.04999923706055,34.16999816894531,21.805675506591797,6176500,LLY
2009-05-18,34.41999816894531,34.75,34.0099983215332,34.66999816894531,22.12474822998047,5553400,LLY
2009-05-19,34.810001373291016,34.849998474121094,34.34000015258789,34.529998779296875,22.03540802001953,4369900,LLY
2009-05-20,34.86000061035156,35.22999954223633,34.5,34.72999954223633,22.163043975830078,4780800,LLY
2009-05-21,35.119998931884766,35.119998931884766,34.18000030517578,34.619998931884766,22.092836380004883,5217100,LLY
2009-05-22,34.630001068115234,34.77000045776367,34.13999938964844,34.34000015258789,21.914161682128906,3339200,LLY
2009-05-26,34.22999954223633,34.91999816894531,34.04999923706055,34.849998474121094,22.239620208740234,3952900,LLY
2009-05-27,34.84000015258789,35.029998779296875,33.58000183105469,33.66999816894531,21.48659896850586,5193700,LLY
2009-05-28,33.66999816894531,34.119998931884766,33.56999969482422,33.779998779296875,21.55678939819336,4498700,LLY
2009-05-29,33.849998474121094,34.599998474121094,33.599998474121094,34.56999969482422,22.06093406677246,4873200,LLY
2009-06-01,34.88999938964844,35.060001373291016,34.279998779296875,34.650001525878906,22.111989974975586,5319700,LLY
2009-06-02,34.5,35.34000015258789,34.400001525878906,35.04999923706055,22.367250442504883,5291500,LLY
2009-06-03,34.75,34.869998931884766,34.29999923706055,34.599998474121094,22.080074310302734,5278000,LLY
2009-06-04,34.650001525878906,34.84000015258789,34.0,34.380001068115234,21.939685821533203,4666600,LLY
2009-06-05,34.540000915527344,34.810001373291016,33.970001220703125,34.77000045776367,22.188562393188477,5526000,LLY
2009-06-08,34.79999923706055,34.810001373291016,33.70000076293945,34.099998474121094,21.76100730895996,5648700,LLY
2009-06-09,33.95000076293945,34.369998931884766,33.5099983215332,33.90999984741211,21.639753341674805,4052000,LLY
2009-06-10,34.119998931884766,34.220001220703125,33.599998474121094,33.90999984741211,21.639753341674805,4738700,LLY
2009-06-11,33.939998626708984,34.900001525878906,33.939998626708984,34.380001068115234,21.939685821533203,6347400,LLY
2009-06-12,34.38999938964844,34.84000015258789,34.06999969482422,34.290000915527344,21.88225555419922,5266200,LLY
2009-06-15,33.9900016784668,33.9900016784668,32.939998626708984,32.959999084472656,21.03350257873535,7087900,LLY
2009-06-16,33.13999938964844,33.529998779296875,32.779998779296875,32.97999954223633,21.046276092529297,6471600,LLY
2009-06-17,32.9900016784668,33.810001373291016,32.9900016784668,33.43000030517578,21.333446502685547,5062500,LLY
2009-06-18,33.439998626708984,34.18000030517578,33.29999923706055,33.849998474121094,21.601469039916992,4871900,LLY
2009-06-19,34.08000183105469,34.279998779296875,33.599998474121094,33.709999084472656,21.51211929321289,6932400,LLY
2009-06-22,33.400001525878906,33.400001525878906,32.779998779296875,33.220001220703125,21.199434280395508,7991300,LLY
2009-06-23,33.25,33.7599983215332,33.150001525878906,33.560001373291016,21.416399002075195,5840100,LLY
2009-06-24,33.68000030517578,33.970001220703125,33.36000061035156,33.61000061035156,21.448314666748047,6134000,LLY
2009-06-25,33.380001068115234,35.40999984741211,33.25,35.33000183105469,22.545930862426758,12777400,LLY
2009-06-26,35.20000076293945,35.470001220703125,34.02000045776367,35.279998779296875,22.51402473449707,18743900,LLY
2009-06-29,35.29999923706055,35.29999923706055,34.529998779296875,35.029998779296875,22.35447883605957,6993100,LLY
2009-06-30,35.029998779296875,35.220001220703125,34.31999969482422,34.63999938964844,22.105602264404297,6700100,LLY
2009-07-01,34.7599983215332,35.2400016784668,34.63999938964844,34.959999084472656,22.309804916381836,5269200,LLY
2009-07-02,34.709999084472656,34.709999084472656,33.900001525878906,33.900001525878906,21.633371353149414,4492900,LLY
2009-07-06,33.68000030517578,33.970001220703125,33.27000045776367,33.56999969482422,21.422780990600586,6241500,LLY
2009-07-07,33.560001373291016,33.880001068115234,33.29999923706055,33.4900016784668,21.371736526489258,6003900,LLY
2009-07-08,33.040000915527344,33.93000030517578,33.040000915527344,33.41999816894531,21.327062606811523,5880000,LLY
2009-07-09,33.5,33.58000183105469,32.880001068115234,33.0,21.05903434753418,5492500,LLY
2009-07-10,32.849998474121094,33.91999816894531,32.75,33.31999969482422,21.26323890686035,13989200,LLY
2009-07-13,33.400001525878906,33.45000076293945,32.189998626708984,32.93000030517578,21.014362335205078,13187100,LLY
2009-07-14,32.810001373291016,33.029998779296875,32.599998474121094,32.90999984741211,21.001602172851562,9884200,LLY
2009-07-15,33.0099983215332,33.560001373291016,32.630001068115234,33.4900016784668,21.371736526489258,7363900,LLY
2009-07-16,33.369998931884766,33.90999984741211,33.369998931884766,33.7599983215332,21.544031143188477,6020100,LLY
2009-07-17,33.709999084472656,33.72999954223633,33.220001220703125,33.529998779296875,21.39726448059082,4388500,LLY
2009-07-20,33.7599983215332,33.93000030517578,33.13999938964844,33.720001220703125,21.518497467041016,6245200,LLY
2009-07-21,34.11000061035156,34.529998779296875,33.959999084472656,34.45000076293945,21.984357833862305,6772300,LLY
2009-07-22,34.849998474121094,34.869998931884766,33.779998779296875,33.790000915527344,21.56317901611328,9882600,LLY
2009-07-23,34.060001373291016,34.540000915527344,33.79999923706055,34.279998779296875,21.87586784362793,6543100,LLY
2009-07-24,34.13999938964844,34.7599983215332,33.81999969482422,34.68000030517578,22.131126403808594,7136100,LLY
2009-07-27,34.81999969482422,35.150001525878906,34.5099983215332,35.150001525878906,22.43106460571289,4740800,LLY
2009-07-28,35.0099983215332,35.31999969482422,34.52000045776367,35.06999969482422,22.380020141601562,4896400,LLY
2009-07-29,34.9900016784668,35.27000045776367,34.61000061035156,34.900001525878906,22.27153205871582,4125500,LLY
2009-07-30,35.220001220703125,35.650001525878906,34.90999984741211,35.04999923706055,22.367250442504883,4579700,LLY
2009-07-31,35.0099983215332,35.40999984741211,34.880001068115234,34.88999938964844,22.265148162841797,5893600,LLY
2009-08-03,35.33000183105469,35.630001068115234,34.56999969482422,34.959999084472656,22.309804916381836,5663700,LLY
2009-08-04,34.88999938964844,35.060001373291016,34.61000061035156,35.060001373291016,22.37363052368164,4364800,LLY
2009-08-05,35.13999938964844,35.27000045776367,34.5,34.70000076293945,22.143896102905273,4805900,LLY
2009-08-06,34.77000045776367,34.790000915527344,34.34000015258789,34.41999816894531,21.965206146240234,4453200,LLY
2009-08-07,34.7400016784668,35.060001373291016,34.56999969482422,34.88999938964844,22.265148162841797,5257700,LLY
2009-08-10,33.970001220703125,34.0,33.68000030517578,33.83000183105469,21.588712692260742,9479700,LLY
2009-08-11,33.939998626708984,34.029998779296875,33.529998779296875,33.66999816894531,21.48659896850586,6293700,LLY
2009-08-12,33.400001525878906,33.41999816894531,32.900001525878906,32.939998626708984,21.331180572509766,7475700,LLY
2009-08-13,32.91999816894531,33.150001525878906,32.38999938964844,32.869998931884766,21.285850524902344,6266000,LLY
2009-08-14,32.90999984741211,32.970001220703125,32.400001525878906,32.880001068115234,21.29231834411621,3817300,LLY
2009-08-17,32.72999954223633,32.939998626708984,32.45000076293945,32.709999084472656,21.18223762512207,4247000,LLY
2009-08-18,32.22999954223633,33.0099983215332,32.22999954223633,32.84000015258789,21.26642608642578,5479500,LLY
2009-08-19,32.34000015258789,32.95000076293945,32.34000015258789,32.95000076293945,21.337656021118164,5936900,LLY
2009-08-20,33.15999984741211,33.27000045776367,32.81999969482422,33.150001525878906,21.46717643737793,4443900,LLY
2009-08-21,33.20000076293945,33.84000015258789,33.20000076293945,33.45000076293945,21.66144371032715,5728300,LLY
2009-08-24,33.56999969482422,33.900001525878906,33.380001068115234,33.72999954223633,21.842761993408203,5603000,LLY
2009-08-25,33.7599983215332,34.150001525878906,33.72999954223633,33.869998931884766,21.933422088623047,5369100,LLY
2009-08-26,33.7400016784668,34.150001525878906,33.599998474121094,33.650001525878906,21.790958404541016,5392700,LLY
2009-08-27,33.58000183105469,34.150001525878906,33.58000183105469,34.11000061035156,22.08884048461914,6200500,LLY
2009-08-28,34.11000061035156,34.220001220703125,33.380001068115234,33.599998474121094,21.758573532104492,8660000,LLY
2009-08-31,33.310001373291016,33.810001373291016,33.310001373291016,33.459999084472656,21.667917251586914,5819100,LLY
2009-09-01,33.29999923706055,33.54999923706055,32.7400016784668,32.880001068115234,21.29231834411621,7084900,LLY
2009-09-02,32.75,33.11000061035156,32.650001525878906,33.0099983215332,21.37650489807129,7142100,LLY
2009-09-03,32.970001220703125,33.029998779296875,32.470001220703125,32.63999938964844,21.13690948486328,5838000,LLY
2009-09-04,32.68000030517578,33.0,32.63999938964844,33.0,21.37002944946289,4159700,LLY
2009-09-08,33.20000076293945,33.25,32.63999938964844,32.83000183105469,21.259950637817383,5376900,LLY
2009-09-09,32.77000045776367,33.150001525878906,32.720001220703125,32.880001068115234,21.29231834411621,6195400,LLY
2009-09-10,33.16999816894531,33.20000076293945,32.75,32.81999969482422,21.25347137451172,5942400,LLY
2009-09-11,32.88999938964844,33.130001068115234,32.66999816894531,32.81999969482422,21.25347137451172,7281700,LLY
2009-09-14,33.31999969482422,33.33000183105469,33.0099983215332,33.130001068115234,21.454225540161133,8473700,LLY
2009-09-15,33.22999954223633,33.22999954223633,32.709999084472656,32.75,21.20813751220703,7476100,LLY
2009-09-16,32.86000061035156,32.95000076293945,32.68000030517578,32.869998931884766,21.285850524902344,6122600,LLY
2009-09-17,32.79999923706055,32.959999084472656,32.68000030517578,32.7400016784668,21.20166015625,7067600,LLY
2009-09-18,33.0,33.06999969482422,32.83000183105469,32.86000061035156,21.27937889099121,9311900,LLY
2009-09-21,33.0,33.029998779296875,32.75,32.86000061035156,21.27937889099121,4607600,LLY
2009-09-22,32.939998626708984,33.02000045776367,32.689998626708984,32.77000045776367,21.221088409423828,6737400,LLY
2009-09-23,32.849998474121094,32.849998474121094,32.45000076293945,32.45000076293945,21.013870239257812,6428500,LLY
2009-09-24,32.56999969482422,32.72999954223633,32.29999923706055,32.400001525878906,20.981487274169922,6937400,LLY
2009-09-25,32.380001068115234,32.869998931884766,32.380001068115234,32.68000030517578,21.162803649902344,6311700,LLY
2009-09-28,32.72999954223633,33.349998474121094,32.72999954223633,33.040000915527344,21.39593505859375,5600500,LLY
2009-09-29,33.18000030517578,33.54999923706055,32.91999816894531,33.41999816894531,21.642019271850586,9277100,LLY
2009-09-30,33.52000045776367,33.52000045776367,32.75,33.029998779296875,21.38945770263672,6579000,LLY
2009-10-01,32.970001220703125,33.029998779296875,32.599998474121094,32.650001525878906,21.143386840820312,6639300,LLY
2009-10-02,32.5,32.650001525878906,32.29999923706055,32.5099983215332,21.052719116210938,5759000,LLY
2009-10-05,32.61000061035156,32.65999984741211,32.27000045776367,32.470001220703125,21.026819229125977,5052900,LLY
2009-10-06,32.650001525878906,33.18000030517578,32.52000045776367,33.02000045776367,21.382986068725586,4829000,LLY
2009-10-07,33.0,33.119998931884766,32.849998474121094,33.119998931884766,21.44774627685547,5456500,LLY
2009-10-08,33.22999954223633,33.52000045776367,33.189998626708984,33.36000061035156,21.603164672851562,5007700,LLY
2009-10-09,33.38999938964844,33.88999938964844,33.13999938964844,33.779998779296875,21.875144958496094,5442700,LLY
2009-10-12,33.900001525878906,34.060001373291016,33.75,33.869998931884766,21.933422088623047,4233800,LLY
2009-10-13,33.810001373291016,33.849998474121094,33.29999923706055,33.36000061035156,21.603164672851562,5376800,LLY
2009-10-14,33.59000015258789,34.08000183105469,33.380001068115234,33.91999816894531,21.96579360961914,6773600,LLY
2009-10-15,33.790000915527344,34.5099983215332,33.75,34.5,22.341407775878906,6888400,LLY
2009-10-16,34.2599983215332,34.58000183105469,34.2599983215332,34.439998626708984,22.302541732788086,6747500,LLY
2009-10-19,34.720001220703125,35.54999923706055,34.560001373291016,35.279998779296875,22.846508026123047,9515500,LLY
2009-10-20,35.189998626708984,35.630001068115234,34.84000015258789,35.2400016784668,22.82060432434082,12117400,LLY
2009-10-21,35.400001525878906,35.5099983215332,33.47999954223633,33.65999984741211,21.797428131103516,17840300,LLY
2009-10-22,33.970001220703125,34.130001068115234,33.45000076293945,34.099998474121094,22.082366943359375,10035000,LLY
2009-10-23,34.22999954223633,34.279998779296875,33.79999923706055,33.959999084472656,21.99171257019043,7867500,LLY
2009-10-26,34.04999923706055,34.400001525878906,33.72999954223633,33.90999984741211,21.959321975708008,8003700,LLY
2009-10-27,34.0,34.43000030517578,33.880001068115234,34.18000030517578,22.134172439575195,6637400,LLY
2009-10-28,34.15999984741211,34.369998931884766,34.0,34.0,22.017614364624023,7898000,LLY
2009-10-29,34.150001525878906,34.150001525878906,33.70000076293945,34.13999938964844,22.108266830444336,7201100,LLY
2009-10-30,34.06999969482422,34.33000183105469,33.70000076293945,34.0099983215332,22.024085998535156,8669400,LLY
2009-11-02,34.189998626708984,34.189998626708984,33.81999969482422,34.04999923706055,22.049983978271484,7000200,LLY
2009-11-03,33.900001525878906,34.0,33.380001068115234,33.540000915527344,21.719724655151367,7223300,LLY
2009-11-04,33.81999969482422,34.380001068115234,33.650001525878906,33.97999954223633,22.004661560058594,5766000,LLY
2009-11-05,34.13999938964844,34.599998474121094,34.0099983215332,34.43000030517578,22.296064376831055,4852300,LLY
2009-11-06,34.38999938964844,34.529998779296875,34.15999984741211,34.5,22.341407775878906,9027300,LLY
2009-11-09,34.7599983215332,35.380001068115234,34.61000061035156,35.31999969482422,22.872419357299805,5819100,LLY
2009-11-10,34.75,35.34000015258789,34.689998626708984,35.25,23.14822006225586,6043400,LLY
2009-11-11,35.310001373291016,35.400001525878906,34.86000061035156,35.189998626708984,23.108816146850586,6164200,LLY
2009-11-12,35.02000045776367,35.400001525878906,34.90999984741211,34.97999954223633,22.970922470092773,5226600,LLY
2009-11-13,35.09000015258789,35.52000045776367,34.95000076293945,35.36000061035156,23.2204532623291,5019100,LLY
2009-11-16,35.38999938964844,36.060001373291016,35.25,35.88999938964844,23.568506240844727,7371200,LLY
2009-11-17,35.88999938964844,35.95000076293945,35.58000183105469,35.939998626708984,23.60133171081543,4780700,LLY
2009-11-18,36.0,36.220001220703125,35.529998779296875,36.209999084472656,23.778636932373047,5744200,LLY
2009-11-19,36.06999969482422,36.209999084472656,35.2599983215332,36.119998931884766,23.719545364379883,7071700,LLY
2009-11-20,36.040000915527344,36.70000076293945,36.0,36.59000015258789,24.028175354003906,7319900,LLY
2009-11-23,36.630001068115234,37.18000030517578,36.630001068115234,36.79999923706055,24.166080474853516,5129200,LLY
2009-11-24,36.88999938964844,37.400001525878906,36.720001220703125,37.29999923706055,24.494426727294922,8028200,LLY
2009-11-25,37.439998626708984,37.540000915527344,37.20000076293945,37.400001525878906,24.560094833374023,5113500,LLY
2009-11-27,36.90999984741211,37.040000915527344,36.459999084472656,36.900001525878906,24.231752395629883,3040500,LLY
2009-11-30,36.97999954223633,37.0,36.56999969482422,36.72999954223633,24.120121002197266,6680700,LLY
2009-12-01,36.81999969482422,37.47999954223633,36.66999816894531,37.09000015258789,24.35653305053711,6762200,LLY
2009-12-02,37.09000015258789,37.65999984741211,37.09000015258789,37.5099983215332,24.63232421875,6618300,LLY
2009-12-03,37.4900016784668,37.9900016784668,37.310001373291016,37.400001525878906,24.560094833374023,6362400,LLY
2009-12-04,37.7599983215332,38.0,37.25,37.38999938964844,24.553524017333984,5001100,LLY
2009-12-07,37.43000030517578,37.779998779296875,37.029998779296875,37.06999969482422,24.343395233154297,5677300,LLY
2009-12-08,37.02000045776367,37.33000183105469,36.439998626708984,36.5099983215332,23.975643157958984,7180900,LLY
2009-12-09,36.5,36.75,36.22999954223633,36.560001373291016,24.00848388671875,6549500,LLY
2009-12-10,35.790000915527344,36.040000915527344,34.7599983215332,35.02000045776367,22.997180938720703,21928200,LLY
2009-12-11,35.2400016784668,35.38999938964844,34.470001220703125,34.970001220703125,22.96434783935547,12559000,LLY
2009-12-14,35.2400016784668,35.810001373291016,35.11000061035156,35.619998931884766,23.391199111938477,6539000,LLY
2009-12-15,35.58000183105469,35.790000915527344,35.22999954223633,35.75,23.4765682220459,6072400,LLY
2009-12-16,35.939998626708984,36.060001373291016,35.709999084472656,35.709999084472656,23.450294494628906,7272500,LLY
2009-12-17,35.68000030517578,35.7599983215332,35.31999969482422,35.45000076293945,23.279558181762695,5318600,LLY
2009-12-18,35.47999954223633,35.779998779296875,35.33000183105469,35.720001220703125,23.456871032714844,9838300,LLY
2009-12-21,35.849998474121094,36.529998779296875,35.720001220703125,36.2400016784668,23.798337936401367,6356000,LLY
2009-12-22,36.43000030517578,36.68000030517578,35.959999084472656,36.11000061035156,23.712974548339844,5231200,LLY
2009-12-23,36.349998474121094,36.470001220703125,35.88999938964844,35.939998626708984,23.60133171081543,5578300,LLY
2009-12-24,36.0,36.099998474121094,35.79999923706055,36.08000183105469,23.693275451660156,1410500,LLY
2009-12-28,36.189998626708984,36.349998474121094,35.9900016784668,36.209999084472656,23.778636932373047,3104000,LLY
2009-12-29,36.209999084472656,36.36000061035156,35.9900016784668,36.0099983215332,23.647306442260742,3629300,LLY
2009-12-30,35.849998474121094,36.16999816894531,35.81999969482422,36.16999816894531,23.752368927001953,3457600,LLY
2009-12-31,36.099998474121094,36.150001525878906,35.65999984741211,35.709999084472656,23.450294494628906,4821400,LLY
2010-01-04,35.77000045776367,36.349998474121094,35.77000045776367,35.81999969482422,23.522531509399414,6067100,LLY
2010-01-05,35.900001525878906,35.90999984741211,34.93000030517578,35.189998626708984,23.108816146850586,7517100,LLY
2010-01-06,35.2400016784668,35.529998779296875,35.2400016784668,35.45000076293945,23.279558181762695,7661600,LLY
2010-01-07,35.4900016784668,35.560001373291016,35.150001525878906,35.27000045776367,23.161357879638672,5997100,LLY
2010-01-08,35.279998779296875,35.279998779296875,34.84000015258789,35.0,22.984050750732422,5624400,LLY
2010-01-11,35.09000015258789,35.560001373291016,35.09000015258789,35.47999954223633,23.29925537109375,4793400,LLY
2010-01-12,35.349998474121094,35.599998474121094,35.209999084472656,35.36000061035156,23.2204532623291,4700800,LLY
2010-01-13,35.349998474121094,36.0,35.27000045776367,35.849998474121094,23.5422306060791,5320900,LLY
2010-01-14,35.75,36.0,35.75,36.0,23.640731811523438,6417300,LLY
2010-01-15,36.0,36.11000061035156,35.43000030517578,35.81999969482422,23.522531509399414,6519600,LLY
2010-01-19,35.9900016784668,37.91999816894531,35.90999984741211,37.40999984741211,24.566659927368164,17795600,LLY
2010-01-20,37.400001525878906,37.720001220703125,36.65999984741211,37.29999923706055,24.494426727294922,8851200,LLY
2010-01-21,37.27000045776367,37.47999954223633,36.0,36.11000061035156,23.712974548339844,11022600,LLY
2010-01-22,36.09000015258789,36.40999984741211,35.459999084472656,35.52000045776367,23.325525283813477,7247500,LLY
2010-01-25,35.849998474121094,36.02000045776367,35.529998779296875,35.75,23.4765682220459,6499400,LLY
2010-01-26,35.959999084472656,36.2400016784668,35.77000045776367,36.15999984741211,23.745805740356445,7128400,LLY
2010-01-27,36.15999984741211,36.41999816894531,35.900001525878906,36.38999938964844,23.89684295654297,7009700,LLY
2010-01-28,35.90999984741211,36.0099983215332,35.27000045776367,35.75,23.4765682220459,9423500,LLY
2010-01-29,35.939998626708984,35.939998626708984,35.130001068115234,35.20000076293945,23.115385055541992,9281900,LLY
2010-02-01,35.36000061035156,35.689998626708984,34.849998474121094,35.0,22.984050750732422,6767300,LLY
2010-02-02,35.0,35.75,34.900001525878906,35.619998931884766,23.391199111938477,6573500,LLY
2010-02-03,35.45000076293945,35.45000076293945,35.06999969482422,35.310001373291016,23.18761444091797,5493500,LLY
2010-02-04,35.099998474121094,35.220001220703125,34.61000061035156,34.66999816894531,22.767343521118164,8914200,LLY
2010-02-05,34.63999938964844,34.81999969482422,33.90999984741211,34.52000045776367,22.668848037719727,8698500,LLY
2010-02-08,34.4900016784668,35.130001068115234,34.220001220703125,34.779998779296875,22.83957862854004,8301000,LLY
2010-02-09,34.95000076293945,35.470001220703125,34.86000061035156,35.20000076293945,23.115385055541992,10261600,LLY
2010-02-10,34.75,34.75,33.97999954223633,34.16999816894531,22.75576400756836,9425900,LLY
2010-02-11,34.16999816894531,34.43000030517578,33.81999969482422,34.16999816894531,22.75576400756836,6352000,LLY
2010-02-12,33.95000076293945,34.040000915527344,33.630001068115234,33.95000076293945,22.609249114990234,8706400,LLY
2010-02-16,34.25,34.25,33.95000076293945,34.08000183105469,22.695829391479492,7280900,LLY
2010-02-17,34.349998474121094,34.619998931884766,34.220001220703125,34.38999938964844,22.902278900146484,5708100,LLY
2010-02-18,34.38999938964844,34.59000015258789,34.2599983215332,34.40999984741211,22.91560173034668,4158200,LLY
2010-02-19,34.20000076293945,34.47999954223633,33.86000061035156,34.2400016784668,22.802392959594727,5476400,LLY
2010-02-22,34.400001525878906,34.650001525878906,34.08000183105469,34.470001220703125,22.955556869506836,5855000,LLY
2010-02-23,34.36000061035156,34.470001220703125,33.849998474121094,33.959999084472656,22.615921020507812,5547900,LLY
2010-02-24,34.11000061035156,34.310001373291016,33.959999084472656,34.040000915527344,22.66919708251953,4426200,LLY
2010-02-25,33.84000015258789,34.31999969482422,33.720001220703125,34.2400016784668,22.802392959594727,6111600,LLY
2010-02-26,34.33000183105469,34.52000045776367,34.189998626708984,34.34000015258789,22.868980407714844,4850100,LLY
2010-03-01,34.5,34.54999923706055,34.279998779296875,34.31999969482422,22.855661392211914,5714700,LLY
2010-03-02,34.34000015258789,34.7599983215332,34.33000183105469,34.54999923706055,23.00882911682129,6316400,LLY
2010-03-03,34.619998931884766,34.72999954223633,34.22999954223633,34.31999969482422,22.855661392211914,5317600,LLY
2010-03-04,34.38999938964844,34.560001373291016,34.310001373291016,34.540000915527344,23.00218391418457,5815300,LLY
2010-03-05,34.650001525878906,35.09000015258789,34.630001068115234,35.09000015258789,23.36845588684082,5995400,LLY
2010-03-08,35.11000061035156,35.11000061035156,34.810001373291016,34.93000030517578,23.261892318725586,5672000,LLY
2010-03-09,35.0,35.16999816894531,34.77000045776367,35.060001373291016,23.348468780517578,4805800,LLY
2010-03-10,35.2400016784668,35.459999084472656,35.08000183105469,35.34000015258789,23.534942626953125,5063800,LLY
2010-03-11,35.33000183105469,35.83000183105469,35.22999954223633,35.81999969482422,23.854595184326172,6661300,LLY
2010-03-12,35.9900016784668,36.0,35.47999954223633,35.93000030517578,23.92784881591797,7245200,LLY
2010-03-15,35.90999984741211,36.040000915527344,35.7599983215332,36.0099983215332,23.981130599975586,6446000,LLY
2010-03-16,36.09000015258789,36.220001220703125,35.88999938964844,36.18000030517578,24.094343185424805,6635900,LLY
2010-03-17,36.209999084472656,36.34000015258789,36.09000015258789,36.220001220703125,24.120990753173828,6155400,LLY
2010-03-18,36.08000183105469,36.380001068115234,36.02000045776367,36.36000061035156,24.21422576904297,5731200,LLY
2010-03-19,36.16999816894531,36.58000183105469,36.0099983215332,36.16999816894531,24.087677001953125,9641300,LLY
2010-03-22,36.16999816894531,36.81999969482422,36.119998931884766,36.540000915527344,24.334087371826172,6691600,LLY
2010-03-23,36.63999938964844,36.79999923706055,36.459999084472656,36.619998931884766,24.38736343383789,6515200,LLY
2010-03-24,36.68000030517578,36.70000076293945,36.18000030517578,36.2599983215332,24.14762306213379,5450700,LLY
2010-03-25,36.58000183105469,36.58000183105469,35.959999084472656,35.97999954223633,23.96115493774414,5852200,LLY
2010-03-26,36.040000915527344,36.040000915527344,35.400001525878906,35.41999816894531,23.588212966918945,8199200,LLY
2010-03-29,35.5,35.72999954223633,35.34000015258789,35.470001220703125,23.621509552001953,6954900,LLY
2010-03-30,35.5099983215332,35.939998626708984,35.47999954223633,35.900001525878906,23.907882690429688,7239900,LLY
2010-03-31,35.869998931884766,36.4900016784668,35.79999923706055,36.220001220703125,24.120990753173828,9361900,LLY
2010-04-01,36.45000076293945,36.59000015258789,36.040000915527344,36.150001525878906,24.074369430541992,6248100,LLY
2010-04-05,36.349998474121094,36.970001220703125,36.20000076293945,36.54999923706055,24.34075164794922,8196400,LLY
2010-04-06,36.38999938964844,36.58000183105469,36.060001373291016,36.5099983215332,24.314109802246094,7033500,LLY
2010-04-07,36.5099983215332,36.68000030517578,36.45000076293945,36.52000045776367,24.320772171020508,9554200,LLY
2010-04-08,36.5099983215332,36.619998931884766,36.45000076293945,36.52000045776367,24.320772171020508,6104900,LLY
2010-04-09,36.689998626708984,36.91999816894531,36.540000915527344,36.84000015258789,24.53387451171875,4587200,LLY
2010-04-12,36.83000183105469,36.83000183105469,36.540000915527344,36.56999969482422,24.35406494140625,5256400,LLY
2010-04-13,36.56999969482422,36.959999084472656,36.5,36.91999816894531,24.5871524810791,5788900,LLY
2010-04-14,36.720001220703125,36.81999969482422,36.45000076293945,36.59000015258789,24.367382049560547,7678300,LLY
2010-04-15,36.61000061035156,36.779998779296875,36.5,36.720001220703125,24.453956604003906,5629500,LLY
2010-04-16,36.52000045776367,36.84000015258789,36.5,36.540000915527344,24.334087371826172,7987600,LLY
2010-04-19,35.95000076293945,36.619998931884766,35.75,36.58000183105469,24.36073112487793,11600000,LLY
2010-04-20,36.529998779296875,36.650001525878906,36.459999084472656,36.529998779296875,24.327436447143555,7789400,LLY
2010-04-21,36.5,36.560001373291016,35.79999923706055,36.0099983215332,23.981130599975586,11347000,LLY
2010-04-22,35.790000915527344,35.84000015258789,35.209999084472656,35.380001068115234,23.561569213867188,10391800,LLY
2010-04-23,35.41999816894531,35.47999954223633,34.849998474121094,35.459999084472656,23.614864349365234,10398900,LLY
2010-04-26,35.47999954223633,35.70000076293945,35.25,35.31999969482422,23.52161407470703,6419000,LLY
2010-04-27,35.290000915527344,35.400001525878906,34.81999969482422,34.869998931884766,23.221933364868164,7002500,LLY
2010-04-28,35.02000045776367,35.02000045776367,34.56999969482422,34.7599983215332,23.148683547973633,6968300,LLY
2010-04-29,34.970001220703125,35.349998474121094,34.83000183105469,35.040000915527344,23.335142135620117,6256300,LLY
2010-04-30,35.130001068115234,35.5,34.970001220703125,34.970001220703125,23.288530349731445,6937600,LLY
2010-05-03,35.27000045776367,35.40999984741211,35.0,35.189998626708984,23.435041427612305,5234100,LLY
2010-05-04,35.029998779296875,35.380001068115234,34.86000061035156,35.0099983215332,23.315170288085938,7010800,LLY
2010-05-05,34.959999084472656,35.369998931884766,34.86000061035156,35.08000183105469,23.361791610717773,6713800,LLY
2010-05-06,35.04999923706055,35.130001068115234,33.41999816894531,34.400001525878906,22.90894317626953,12354100,LLY
2010-05-07,34.400001525878906,34.900001525878906,34.02000045776367,34.619998931884766,23.055448532104492,23682700,LLY
2010-05-10,35.470001220703125,35.79999923706055,34.91999816894531,35.150001525878906,23.408411026000977,13461100,LLY
2010-05-11,34.97999954223633,35.540000915527344,34.95000076293945,35.279998779296875,23.494979858398438,6984800,LLY
2010-05-12,35.06999969482422,35.06999969482422,34.470001220703125,34.779998779296875,23.488224029541016,6697600,LLY
2010-05-13,34.779998779296875,34.83000183105469,34.47999954223633,34.5,23.299137115478516,5617300,LLY
2010-05-14,34.34000015258789,34.400001525878906,33.72999954223633,33.91999816894531,22.907438278198242,7688500,LLY
2010-05-17,33.970001220703125,34.15999984741211,33.58000183105469,34.0099983215332,22.968217849731445,5526900,LLY
2010-05-18,34.25,34.41999816894531,33.61000061035156,33.619998931884766,22.70484161376953,6693100,LLY
2010-05-19,33.470001220703125,34.0,33.470001220703125,33.86000061035156,22.866920471191406,9399300,LLY
2010-05-20,33.45000076293945,33.959999084472656,33.099998474121094,33.34000015258789,22.5157413482666,12160500,LLY
2010-05-21,33.0,33.20000076293945,32.66999816894531,33.119998931884766,22.367170333862305,9019400,LLY
2010-05-24,33.0099983215332,33.40999984741211,32.900001525878906,32.97999954223633,22.272626876831055,4874600,LLY
2010-05-25,32.630001068115234,32.810001373291016,32.02000045776367,32.75,22.117298126220703,10079600,LLY
2010-05-26,32.97999954223633,32.97999954223633,32.099998474121094,32.25,21.779621124267578,12715000,LLY
2010-05-27,32.66999816894531,32.869998931884766,32.52000045776367,32.81999969482422,22.164567947387695,6110700,LLY
2010-05-28,32.84000015258789,33.08000183105469,32.560001373291016,32.790000915527344,22.144309997558594,8389500,LLY
2010-06-01,32.630001068115234,33.130001068115234,32.40999984741211,32.54999923706055,21.98222541809082,5852100,LLY
2010-06-02,32.7599983215332,33.220001220703125,32.619998931884766,33.209999084472656,22.427949905395508,5509500,LLY
2010-06-03,33.22999954223633,33.540000915527344,33.16999816894531,33.369998931884766,22.536006927490234,5107700,LLY
2010-06-04,33.02000045776367,33.099998474121094,32.27000045776367,32.369998931884766,21.860666275024414,6832600,LLY
2010-06-07,32.59000015258789,32.849998474121094,32.43000030517578,32.58000183105469,22.002487182617188,9650100,LLY
2010-06-08,32.56999969482422,32.91999816894531,32.380001068115234,32.900001525878906,22.218599319458008,7600900,LLY
2010-06-09,33.0,33.290000915527344,32.810001373291016,32.95000076293945,22.25235939025879,6512400,LLY
2010-06-10,33.349998474121094,33.91999816894531,33.150001525878906,33.459999084472656,22.59678077697754,7213400,LLY
2010-06-11,33.31999969482422,33.79999923706055,33.2599983215332,33.66999816894531,22.738597869873047,5601600,LLY
2010-06-14,34.0,34.220001220703125,33.83000183105469,33.869998931884766,22.873668670654297,6053200,LLY
2010-06-15,33.95000076293945,34.41999816894531,33.7599983215332,34.38999938964844,23.22484588623047,6373600,LLY
2010-06-16,34.27000045776367,34.36000061035156,33.91999816894531,34.11000061035156,23.03575325012207,7534700,LLY
2010-06-17,34.2400016784668,34.38999938964844,33.93000030517578,34.38999938964844,23.22484588623047,6494200,LLY
2010-06-18,34.65999984741211,34.7400016784668,34.36000061035156,34.61000061035156,23.37342071533203,8506400,LLY
2010-06-21,34.7599983215332,34.849998474121094,34.52000045776367,34.65999984741211,23.407188415527344,5373200,LLY
2010-06-22,34.65999984741211,34.97999954223633,34.41999816894531,34.45000076293945,23.265365600585938,5256400,LLY
2010-06-23,34.439998626708984,34.70000076293945,34.2400016784668,34.560001373291016,23.339656829833984,5625800,LLY
2010-06-24,34.540000915527344,34.61000061035156,34.189998626708984,34.47999954223633,23.285633087158203,16867500,LLY
2010-06-25,34.31999969482422,34.349998474121094,33.86000061035156,33.939998626708984,22.920940399169922,12710800,LLY
2010-06-28,34.25,34.2599983215332,33.77000045776367,34.02000045776367,22.97496795654297,8289300,LLY
2010-06-29,33.61000061035156,33.810001373291016,33.34000015258789,33.75,22.792633056640625,8854700,LLY
2010-06-30,33.70000076293945,34.06999969482422,33.43000030517578,33.5,22.623796463012695,7742600,LLY
2010-07-01,33.43000030517578,33.470001220703125,32.81999969482422,33.119998931884766,22.367170333862305,17132600,LLY
2010-07-02,33.279998779296875,33.869998931884766,33.09000015258789,33.66999816894531,22.738597869873047,6888200,LLY
2010-07-06,33.970001220703125,34.150001525878906,33.66999816894531,33.90999984741211,22.900676727294922,19358500,LLY
2010-07-07,34.02000045776367,34.66999816894531,33.7599983215332,34.65999984741211,23.407188415527344,6759500,LLY
2010-07-08,34.83000183105469,35.189998626708984,34.75,35.18000030517578,23.758365631103516,7511300,LLY
2010-07-09,35.13999938964844,35.18000030517578,34.880001068115234,35.16999816894531,23.751605987548828,5367200,LLY
2010-07-12,35.099998474121094,35.189998626708984,34.939998626708984,35.130001068115234,23.72459602355957,4361700,LLY
2010-07-13,35.27000045776367,35.599998474121094,35.16999816894531,35.209999084472656,23.77861785888672,7524300,LLY
2010-07-14,35.150001525878906,35.20000076293945,34.70000076293945,34.79999923706055,23.501728057861328,11570800,LLY
2010-07-15,34.86000061035156,35.2400016784668,34.619998931884766,35.16999816894531,23.751605987548828,7380700,LLY
2010-07-16,35.08000183105469,35.119998931884766,34.58000183105469,34.63999938964844,23.393686294555664,7637500,LLY
2010-07-19,34.7599983215332,35.08000183105469,34.7599983215332,34.9900016784668,23.630050659179688,4951300,LLY
2010-07-20,34.77000045776367,35.310001373291016,34.45000076293945,35.2599983215332,23.812393188476562,6926100,LLY
2010-07-21,35.43000030517578,35.43000030517578,34.720001220703125,34.95000076293945,23.603038787841797,6809100,LLY
2010-07-22,35.849998474121094,35.849998474121094,35.0,35.150001525878906,23.73811149597168,8888000,LLY
2010-07-23,35.220001220703125,35.2400016784668,34.56999969482422,35.16999816894531,23.751605987548828,6328000,LLY
2010-07-26,35.20000076293945,35.52000045776367,35.16999816894531,35.439998626708984,23.93394660949707,4673400,LLY
2010-07-27,35.630001068115234,36.130001068115234,35.25,36.099998474121094,24.379676818847656,11840500,LLY
2010-07-28,36.02000045776367,36.20000076293945,35.529998779296875,35.66999816894531,24.089271545410156,10420300,LLY
2010-07-29,35.7599983215332,35.9900016784668,35.20000076293945,35.45000076293945,23.940710067749023,7269400,LLY
2010-07-30,35.2599983215332,35.81999969482422,35.04999923706055,35.599998474121094,24.04200553894043,7662800,LLY
2010-08-02,35.84000015258789,36.38999938964844,35.75,36.34000015258789,24.541749954223633,6991400,LLY
2010-08-03,36.43000030517578,36.65999984741211,36.279998779296875,36.58000183105469,24.70383644104004,5950300,LLY
2010-08-04,36.470001220703125,36.81999969482422,36.220001220703125,36.779998779296875,24.838909149169922,6623300,LLY
2010-08-05,36.59000015258789,36.880001068115234,36.459999084472656,36.849998474121094,24.886173248291016,3620200,LLY
2010-08-06,36.599998474121094,36.88999938964844,36.38999938964844,36.869998931884766,24.89968490600586,4711800,LLY
2010-08-09,36.97999954223633,37.0099983215332,36.869998931884766,36.959999084472656,24.960468292236328,5664200,LLY
2010-08-10,36.810001373291016,37.91999816894531,36.810001373291016,37.77000045776367,25.507490158081055,11213900,LLY
2010-08-11,36.810001373291016,37.2599983215332,36.56999969482422,36.709999084472656,25.117481231689453,9675700,LLY
2010-08-12,36.41999816894531,36.869998931884766,36.22999954223633,36.599998474121094,25.042219161987305,7401800,LLY
2010-08-13,35.38999938964844,35.84000015258789,35.22999954223633,35.70000076293945,24.42642593383789,13055600,LLY
2010-08-16,35.380001068115234,35.72999954223633,35.22999954223633,35.56999969482422,24.337474822998047,5217800,LLY
2010-08-17,35.08000183105469,35.150001525878906,34.45000076293945,34.75,23.776430130004883,14976600,LLY
2010-08-18,34.810001373291016,34.970001220703125,34.63999938964844,34.779998779296875,23.796947479248047,23704700,LLY
2010-08-19,34.59000015258789,34.689998626708984,34.18000030517578,34.279998779296875,23.454845428466797,10578400,LLY
2010-08-20,34.099998474121094,34.22999954223633,33.72999954223633,34.16999816894531,23.379579544067383,9187800,LLY
2010-08-23,34.349998474121094,34.540000915527344,34.25,34.310001373291016,23.475378036499023,13820500,LLY
2010-08-24,34.040000915527344,34.220001220703125,33.849998474121094,33.970001220703125,23.242738723754883,6426300,LLY
2010-08-25,33.84000015258789,34.5,33.79999923706055,34.310001373291016,23.475378036499023,7127500,LLY
2010-08-26,34.459999084472656,34.459999084472656,33.84000015258789,33.95000076293945,23.22905158996582,6380900,LLY
2010-08-27,34.11000061035156,34.25,33.720001220703125,34.20000076293945,23.40011215209961,5809800,LLY
2010-08-30,34.22999954223633,34.279998779296875,33.95000076293945,33.970001220703125,23.242738723754883,4576400,LLY
2010-08-31,33.95000076293945,34.040000915527344,33.540000915527344,33.59000015258789,22.982738494873047,9329300,LLY
2010-09-01,34.11000061035156,34.33000183105469,33.83000183105469,34.20000076293945,23.40011215209961,8004300,LLY
2010-09-02,34.15999984741211,34.41999816894531,34.119998931884766,34.310001373291016,23.475378036499023,4316400,LLY
2010-09-03,34.29999923706055,34.709999084472656,34.279998779296875,34.65999984741211,23.714847564697266,4450600,LLY
2010-09-07,34.709999084472656,34.779998779296875,34.43000030517578,34.540000915527344,23.63275146484375,4009800,LLY
2010-09-08,34.810001373291016,34.900001525878906,34.59000015258789,34.810001373291016,23.81747817993164,3587400,LLY
2010-09-09,34.900001525878906,35.439998626708984,34.77000045776367,35.16999816894531,24.063791275024414,5616000,LLY
2010-09-10,35.45000076293945,35.52000045776367,35.20000076293945,35.43000030517578,24.24169158935547,4600900,LLY
2010-09-13,35.72999954223633,35.7400016784668,35.31999969482422,35.529998779296875,24.31010627746582,3943200,LLY
2010-09-14,35.56999969482422,35.849998474121094,35.45000076293945,35.650001525878906,24.392221450805664,6042800,LLY
2010-09-15,35.63999938964844,35.84000015258789,35.5099983215332,35.70000076293945,24.42642593383789,4535900,LLY
2010-09-16,35.58000183105469,35.7599983215332,35.380001068115234,35.66999816894531,24.405902862548828,4461200,LLY
2010-09-17,35.84000015258789,35.970001220703125,35.58000183105469,35.790000915527344,24.488008499145508,4899300,LLY
2010-09-20,35.91999816894531,36.38999938964844,35.810001373291016,36.349998474121094,24.87116813659668,5525700,LLY
2010-09-21,36.380001068115234,36.4900016784668,36.08000183105469,36.33000183105469,24.857484817504883,4736600,LLY
2010-09-22,36.220001220703125,36.709999084472656,35.9900016784668,36.04999923706055,24.665895462036133,6931300,LLY
2010-09-23,35.93000030517578,36.0099983215332,35.75,35.86000061035156,24.535903930664062,4437700,LLY
2010-09-24,36.209999084472656,36.279998779296875,36.0099983215332,36.099998474121094,24.700117111206055,6132600,LLY
2010-09-27,36.150001525878906,36.18000030517578,35.939998626708984,35.939998626708984,24.590635299682617,4638800,LLY
2010-09-28,36.04999923706055,36.38999938964844,35.900001525878906,36.38999938964844,24.898540496826172,5453300,LLY
2010-09-29,36.310001373291016,36.720001220703125,36.099998474121094,36.529998779296875,24.99433135986328,6778900,LLY
2010-09-30,36.59000015258789,36.900001525878906,36.33000183105469,36.529998779296875,24.99433135986328,6022100,LLY
2010-10-01,36.68000030517578,36.77000045776367,36.41999816894531,36.540000915527344,25.001171112060547,5212600,LLY
2010-10-04,36.540000915527344,36.560001373291016,36.130001068115234,36.29999923706055,24.836957931518555,4680800,LLY
2010-10-05,36.59000015258789,37.0,36.439998626708984,36.88999938964844,25.240644454956055,5468200,LLY
2010-10-06,36.81999969482422,37.16999816894531,36.709999084472656,37.16999816894531,25.432226181030273,4981700,LLY
2010-10-07,37.279998779296875,37.400001525878906,36.939998626708984,37.08000183105469,25.370637893676758,3782400,LLY
2010-10-08,37.130001068115234,37.2400016784668,36.90999984741211,37.06999969482422,25.363805770874023,4539400,LLY
2010-10-11,37.150001525878906,37.33000183105469,37.09000015258789,37.220001220703125,25.4664249420166,3152400,LLY
2010-10-12,37.130001068115234,37.5,37.0,37.36000061035156,25.562236785888672,3733900,LLY
2010-10-13,37.5,37.5,37.2599983215332,37.400001525878906,25.58958625793457,5772600,LLY
2010-10-14,37.400001525878906,37.58000183105469,37.310001373291016,37.41999816894531,25.60327911376953,4715900,LLY
2010-10-15,37.66999816894531,37.900001525878906,37.4900016784668,37.7599983215332,25.835906982421875,6742200,LLY
2010-10-18,37.90999984741211,38.08000183105469,37.66999816894531,38.060001373291016,26.04117202758789,10374700,LLY
2010-10-19,37.68000030517578,37.84000015258789,37.220001220703125,37.45000076293945,25.623811721801758,6696200,LLY
2010-10-20,35.529998779296875,36.150001525878906,35.45000076293945,36.0099983215332,24.63853645324707,18242000,LLY
2010-10-21,35.86000061035156,35.93000030517578,35.22999954223633,35.5,24.28958511352539,10773400,LLY
2010-10-22,35.54999923706055,35.72999954223633,35.25,35.400001525878906,24.221168518066406,6708900,LLY
2010-10-25,35.47999954223633,35.61000061035156,35.060001373291016,35.130001068115234,24.03642463684082,8500300,LLY
2010-10-26,35.040000915527344,35.189998626708984,34.81999969482422,34.900001525878906,23.879058837890625,7667800,LLY
2010-10-27,34.720001220703125,34.97999954223633,34.68000030517578,34.939998626708984,23.90641975402832,7163400,LLY
2010-10-28,34.97999954223633,35.2599983215332,34.86000061035156,35.150001525878906,24.05011749267578,6306900,LLY
2010-10-29,35.130001068115234,35.20000076293945,34.86000061035156,35.20000076293945,24.084320068359375,6326300,LLY
2010-11-01,35.2599983215332,35.36000061035156,34.880001068115234,35.040000915527344,23.974834442138672,6940900,LLY
2010-11-02,35.2400016784668,35.400001525878906,35.06999969482422,35.380001068115234,24.207477569580078,5843000,LLY
2010-11-03,35.41999816894531,35.58000183105469,35.15999984741211,35.56999969482422,24.337474822998047,4714800,LLY
2010-11-04,35.779998779296875,35.83000183105469,35.459999084472656,35.7599983215332,24.467479705810547,19563700,LLY
2010-11-05,35.81999969482422,35.93000030517578,35.5099983215332,35.720001220703125,24.440114974975586,19177000,LLY
2010-11-08,35.779998779296875,35.880001068115234,35.619998931884766,35.72999954223633,24.44695472717285,18223300,LLY
2010-11-09,35.81999969482422,35.869998931884766,35.650001525878906,35.77000045776367,24.474319458007812,6519300,LLY
2010-11-10,35.27000045776367,35.27000045776367,34.79999923706055,34.9900016784668,24.273151397705078,6763500,LLY
2010-11-11,34.869998931884766,35.27000045776367,34.84000015258789,34.95000076293945,24.24539566040039,5473000,LLY
2010-11-12,34.869998931884766,34.93000030517578,34.72999954223633,34.7599983215332,24.11359405517578,5527300,LLY
2010-11-15,34.7599983215332,34.88999938964844,34.470001220703125,34.630001068115234,24.023408889770508,5821300,LLY
2010-11-16,34.470001220703125,34.7599983215332,34.279998779296875,34.43000030517578,23.884662628173828,5934500,LLY
2010-11-17,34.439998626708984,34.68000030517578,34.31999969482422,34.400001525878906,23.863853454589844,4032200,LLY
2010-11-18,34.560001373291016,34.88999938964844,34.54999923706055,34.790000915527344,24.13440704345703,4699100,LLY
2010-11-19,34.79999923706055,34.810001373291016,34.459999084472656,34.5,23.933223724365234,5109800,LLY
2010-11-22,34.5099983215332,34.560001373291016,34.15999984741211,34.54999923706055,23.96790885925293,4272000,LLY
2010-11-23,34.349998474121094,34.36000061035156,34.06999969482422,34.08000183105469,23.641864776611328,5980400,LLY
2010-11-24,34.15999984741211,34.31999969482422,34.119998931884766,34.220001220703125,23.738983154296875,5834300,LLY
2010-11-26,34.18000030517578,34.18000030517578,34.0,34.06999969482422,23.63492202758789,2807800,LLY
2010-11-29,33.97999954223633,34.040000915527344,33.54999923706055,33.88999938964844,23.510059356689453,5126700,LLY
2010-11-30,33.70000076293945,33.88999938964844,33.52000045776367,33.65999984741211,23.350509643554688,6176200,LLY
2010-12-01,33.970001220703125,34.31999969482422,33.90999984741211,34.2599983215332,23.766733169555664,6252100,LLY
2010-12-02,34.33000183105469,34.5,34.15999984741211,34.25,23.759796142578125,8527100,LLY
2010-12-03,34.2400016784668,34.31999969482422,33.91999816894531,34.13999938964844,23.683481216430664,16305000,LLY
2010-12-06,34.060001373291016,34.189998626708984,33.959999084472656,33.970001220703125,23.565555572509766,4658500,LLY
2010-12-07,34.189998626708984,34.22999954223633,33.810001373291016,34.11000061035156,23.662673950195312,15330600,LLY
2010-12-08,34.16999816894531,34.47999954223633,34.04999923706055,34.310001373291016,23.80141830444336,4641600,LLY
2010-12-09,34.4900016784668,35.0,34.36000061035156,34.66999816894531,24.051156997680664,6603700,LLY
2010-12-10,34.93000030517578,35.08000183105469,34.790000915527344,34.97999954223633,24.26621437072754,5813300,LLY
2010-12-13,35.06999969482422,35.20000076293945,34.91999816894531,34.970001220703125,24.259275436401367,8563300,LLY
2010-12-14,35.099998474121094,35.20000076293945,34.93000030517578,35.09000015258789,24.342517852783203,10706900,LLY
2010-12-15,34.95000076293945,35.290000915527344,34.95000076293945,35.130001068115234,24.370269775390625,9004000,LLY
2010-12-16,35.099998474121094,35.25,34.900001525878906,35.18000030517578,24.404956817626953,4629000,LLY
2010-12-17,35.13999938964844,35.15999984741211,34.79999923706055,35.0099983215332,24.287015914916992,8493700,LLY
2010-12-20,35.04999923706055,35.2599983215332,34.97999954223633,35.040000915527344,24.30782699584961,4608400,LLY
2010-12-21,35.20000076293945,35.31999969482422,35.060001373291016,35.13999938964844,24.377197265625,3793700,LLY
2010-12-22,35.13999938964844,35.2400016784668,34.959999084472656,35.20000076293945,24.4188232421875,2846700,LLY
2010-12-23,35.220001220703125,35.400001525878906,35.20000076293945,35.22999954223633,24.43963050842285,2913600,LLY
2010-12-27,35.130001068115234,35.220001220703125,34.9900016784668,35.06999969482422,24.328643798828125,2002800,LLY
2010-12-28,35.189998626708984,35.20000076293945,35.0099983215332,35.04999923706055,24.31477165222168,2617900,LLY
2010-12-29,35.09000015258789,35.369998931884766,35.04999923706055,35.150001525878906,24.3841495513916,3177400,LLY
2010-12-30,35.099998474121094,35.290000915527344,34.970001220703125,35.02000045776367,24.29395294189453,3176500,LLY
2010-12-31,34.959999084472656,35.16999816894531,34.880001068115234,35.040000915527344,24.30782699584961,2979600,LLY
2011-01-03,35.16999816894531,35.27000045776367,34.9900016784668,35.0,24.280086517333984,7491700,LLY
2011-01-04,35.02000045776367,35.099998474121094,34.95000076293945,35.029998779296875,24.30088996887207,7729300,LLY
2011-01-05,34.9900016784668,35.04999923706055,34.779998779296875,34.779998779296875,24.12746810913086,11609100,LLY
2011-01-06,34.84000015258789,35.0,34.79999923706055,34.939998626708984,24.23845672607422,6037400,LLY
2011-01-07,34.939998626708984,35.040000915527344,34.810001373291016,34.900001525878906,24.21071434020996,8366900,LLY
2011-01-10,34.79999923706055,34.900001525878906,34.470001220703125,34.4900016784668,23.92629051208496,8807700,LLY
2011-01-11,34.52000045776367,34.939998626708984,34.5099983215332,34.90999984741211,24.2176456451416,11646800,LLY
2011-01-12,35.060001373291016,35.099998474121094,34.83000183105469,35.029998779296875,24.30088996887207,11675100,LLY
2011-01-13,35.06999969482422,35.08000183105469,34.779998779296875,34.900001525878906,24.21071434020996,4218000,LLY
2011-01-14,34.880001068115234,35.0099983215332,34.630001068115234,34.90999984741211,24.2176456451416,4993000,LLY
2011-01-18,34.93000030517578,35.099998474121094,34.7599983215332,34.790000915527344,24.13440704345703,6273000,LLY
2011-01-19,34.70000076293945,34.849998474121094,34.599998474121094,34.650001525878906,24.037277221679688,6668300,LLY
2011-01-20,34.599998474121094,34.7599983215332,34.5,34.75,24.106658935546875,6900400,LLY
2011-01-21,34.93000030517578,34.97999954223633,34.7599983215332,34.7599983215332,24.11359405517578,5620200,LLY
2011-01-24,34.65999984741211,34.86000061035156,34.65999984741211,34.779998779296875,24.12746810913086,12259000,LLY
2011-01-25,34.790000915527344,34.849998474121094,34.54999923706055,34.72999954223633,24.092775344848633,6893300,LLY
2011-01-26,34.86000061035156,35.02000045776367,34.709999084472656,34.95000076293945,24.24539566040039,6617200,LLY
2011-01-27,35.0099983215332,35.61000061035156,34.970001220703125,35.470001220703125,24.606122970581055,9754600,LLY
2011-01-28,35.439998626708984,35.58000183105469,34.75,34.77000045776367,24.120521545410156,17586000,LLY
2011-01-31,34.84000015258789,34.91999816894531,34.720001220703125,34.77000045776367,24.120521545410156,5704100,LLY
2011-02-01,34.83000183105469,35.220001220703125,34.75,35.209999084472656,24.42576026916504,6232300,LLY
2011-02-02,35.18000030517578,35.5099983215332,35.09000015258789,35.41999816894531,24.57144546508789,6754000,LLY
2011-02-03,35.31999969482422,35.650001525878906,35.290000915527344,35.630001068115234,24.717121124267578,20017900,LLY
2011-02-04,35.66999816894531,35.66999816894531,35.38999938964844,35.529998779296875,24.647756576538086,19844100,LLY
2011-02-07,35.599998474121094,35.86000061035156,35.5099983215332,35.79999923706055,24.835052490234375,21207700,LLY
2011-02-08,35.869998931884766,35.91999816894531,35.75,35.84000015258789,24.862802505493164,7706300,LLY
2011-02-09,35.79999923706055,35.79999923706055,35.56999969482422,35.779998779296875,24.82117462158203,6415500,LLY
2011-02-10,35.689998626708984,35.84000015258789,35.529998779296875,35.619998931884766,24.71019744873047,7107900,LLY
2011-02-11,35.0,35.0,34.5,34.52000045776367,24.2811222076416,9101700,LLY
2011-02-14,34.56999969482422,34.650001525878906,34.4900016784668,34.560001373291016,24.30925178527832,7215100,LLY
2011-02-15,34.560001373291016,34.56999969482422,34.439998626708984,34.470001220703125,24.245946884155273,6143500,LLY
2011-02-16,34.47999954223633,34.66999816894531,34.349998474121094,34.65999984741211,24.37959098815918,5705000,LLY
2011-02-17,34.529998779296875,34.91999816894531,34.5099983215332,34.86000061035156,24.520275115966797,4189000,LLY
2011-02-18,34.79999923706055,34.86000061035156,34.540000915527344,34.599998474121094,24.337392807006836,7277800,LLY
2011-02-22,34.310001373291016,34.599998474121094,34.20000076293945,34.43000030517578,24.217815399169922,7829700,LLY
2011-02-23,34.369998931884766,34.45000076293945,34.0099983215332,34.040000915527344,23.943490982055664,5926600,LLY
2011-02-24,34.029998779296875,34.2400016784668,33.959999084472656,34.11000061035156,23.99273109436035,5576500,LLY
2011-02-25,34.130001068115234,34.16999816894531,34.0,34.09000015258789,23.978660583496094,5821400,LLY
2011-02-28,34.2400016784668,34.560001373291016,34.150001525878906,34.560001373291016,24.30925178527832,5853300,LLY
2011-03-01,34.5,34.75,34.25,34.2599983215332,24.098236083984375,4837800,LLY
2011-03-02,34.18000030517578,34.29999923706055,34.04999923706055,34.279998779296875,24.112300872802734,4869400,LLY
2011-03-03,34.040000915527344,34.66999816894531,34.0099983215332,34.38999938964844,24.189674377441406,7070700,LLY
2011-03-04,34.439998626708984,34.70000076293945,34.400001525878906,34.599998474121094,24.337392807006836,6903800,LLY
2011-03-07,34.61000061035156,34.779998779296875,34.5,34.65999984741211,24.37959098815918,7097800,LLY
2011-03-08,34.66999816894531,35.099998474121094,34.56999969482422,34.97999954223633,24.60468101501465,6907800,LLY
2011-03-09,34.90999984741211,35.18000030517578,34.86000061035156,35.09000015258789,24.68205451965332,4693100,LLY
2011-03-10,35.099998474121094,35.20000076293945,34.7400016784668,34.77000045776367,24.45696449279785,5660700,LLY
2011-03-11,34.88999938964844,35.0,34.70000076293945,34.86000061035156,24.520275115966797,5137800,LLY
2011-03-14,34.689998626708984,34.88999938964844,34.560001373291016,34.72999954223633,24.4288330078125,11484600,LLY
2011-03-15,34.15999984741211,34.349998474121094,34.0,34.099998474121094,23.98569679260254,7572000,LLY
2011-03-16,34.099998474121094,34.099998474121094,33.459999084472656,33.630001068115234,23.65509796142578,8771200,LLY
2011-03-17,33.86000061035156,34.279998779296875,33.86000061035156,34.130001068115234,24.006797790527344,16946300,LLY
2011-03-18,34.47999954223633,34.52000045776367,34.220001220703125,34.47999954223633,24.25297737121582,6271000,LLY
2011-03-21,34.75,34.75,34.369998931884766,34.380001068115234,24.182647705078125,4656600,LLY
2011-03-22,34.560001373291016,34.75,34.5,34.56999969482422,24.316293716430664,3995800,LLY
2011-03-23,34.47999954223633,34.52000045776367,34.16999816894531,34.36000061035156,24.168577194213867,3677300,LLY
2011-03-24,34.439998626708984,34.70000076293945,34.31999969482422,34.599998474121094,24.337392807006836,3466800,LLY
2011-03-25,34.59000015258789,34.709999084472656,34.45000076293945,34.47999954223633,24.25297737121582,4750700,LLY
2011-03-28,34.459999084472656,34.630001068115234,34.380001068115234,34.40999984741211,24.203752517700195,5009800,LLY
2011-03-29,34.380001068115234,34.709999084472656,34.33000183105469,34.68000030517578,24.393661499023438,4423200,LLY
2011-03-30,34.869998931884766,35.22999954223633,34.790000915527344,35.18000030517578,24.745363235473633,6180700,LLY
2011-03-31,35.2599983215332,35.41999816894531,35.15999984741211,35.16999816894531,24.73831558227539,5860800,LLY
2011-04-01,35.209999084472656,35.279998779296875,34.880001068115234,34.9900016784668,24.611711502075195,6385300,LLY
2011-04-04,35.119998931884766,35.18000030517578,34.970001220703125,35.029998779296875,24.63983917236328,5073200,LLY
2011-04-05,34.959999084472656,35.25,34.95000076293945,35.0099983215332,24.625782012939453,4158100,LLY
2011-04-06,35.09000015258789,35.79999923706055,35.09000015258789,35.720001220703125,25.125194549560547,10337600,LLY
2011-04-07,35.65999984741211,35.790000915527344,35.470001220703125,35.72999954223633,25.132225036621094,6786600,LLY
2011-04-08,35.849998474121094,35.849998474121094,35.58000183105469,35.689998626708984,25.104087829589844,6119100,LLY
2011-04-11,35.779998779296875,36.04999923706055,35.72999954223633,35.869998931884766,25.230695724487305,5675500,LLY
2011-04-12,35.7599983215332,36.040000915527344,35.720001220703125,35.84000015258789,25.209592819213867,3578300,LLY
2011-04-13,35.900001525878906,35.939998626708984,35.63999938964844,35.68000030517578,25.09705352783203,5063400,LLY
2011-04-14,35.61000061035156,35.900001525878906,35.45000076293945,35.75,25.14629364013672,9595100,LLY
2011-04-15,35.900001525878906,36.060001373291016,35.849998474121094,36.0099983215332,25.32917022705078,11458100,LLY
2011-04-18,35.689998626708984,35.84000015258789,35.369998931884766,35.619998931884766,25.054853439331055,11452500,LLY
2011-04-19,35.7400016784668,36.02000045776367,35.400001525878906,35.70000076293945,25.11111831665039,6311700,LLY
2011-04-20,35.9900016784668,36.13999938964844,35.90999984741211,36.130001068115234,25.41357421875,7168900,LLY
2011-04-21,36.119998931884766,36.709999084472656,36.02000045776367,36.2599983215332,25.505023956298828,11597500,LLY
2011-04-25,36.2400016784668,36.279998779296875,36.09000015258789,36.22999954223633,25.483917236328125,3641800,LLY
2011-04-26,36.4900016784668,36.91999816894531,36.33000183105469,36.81999969482422,25.898916244506836,6795100,LLY
2011-04-27,36.790000915527344,37.290000915527344,36.779998779296875,37.22999954223633,26.18731117248535,7015400,LLY
2011-04-28,37.130001068115234,37.41999816894531,37.02000045776367,37.33000183105469,26.25765609741211,4427300,LLY
2011-04-29,37.310001373291016,37.459999084472656,36.97999954223633,37.0099983215332,26.032573699951172,6882500,LLY
2011-05-02,37.209999084472656,37.52000045776367,37.189998626708984,37.310001373291016,26.24358558654785,8642300,LLY
2011-05-03,37.43000030517578,38.63999938964844,37.310001373291016,38.09000015258789,26.7922306060791,15087400,LLY
2011-05-04,38.09000015258789,38.279998779296875,37.880001068115234,38.119998931884766,26.813329696655273,15479900,LLY
2011-05-05,38.040000915527344,38.33000183105469,37.939998626708984,38.189998626708984,26.862567901611328,13642200,LLY
2011-05-06,38.400001525878906,38.63999938964844,38.22999954223633,38.38999938964844,27.003246307373047,9031600,LLY
2011-05-09,38.45000076293945,38.709999084472656,38.29999923706055,38.54999923706055,27.11578941345215,7901900,LLY
2011-05-10,38.68000030517578,38.75,38.470001220703125,38.720001220703125,27.23537826538086,6419100,LLY
2011-05-11,38.20000076293945,38.689998626708984,38.11000061035156,38.279998779296875,27.270999908447266,11591500,LLY
2011-05-12,38.220001220703125,38.93000030517578,38.16999816894531,38.7599983215332,27.61293601989746,8522600,LLY
2011-05-13,38.77000045776367,39.040000915527344,38.70000076293945,38.95000076293945,27.748310089111328,7120700,LLY
2011-05-16,38.95000076293945,39.400001525878906,38.88999938964844,39.150001525878906,27.89078712463379,8632400,LLY
2011-05-17,38.970001220703125,39.209999084472656,38.869998931884766,39.130001068115234,27.876535415649414,5197600,LLY
2011-05-18,39.209999084472656,39.2400016784668,38.5099983215332,38.75,27.60581398010254,12087300,LLY
2011-05-19,38.84000015258789,38.880001068115234,38.5,38.709999084472656,27.57731819152832,7521700,LLY
2011-05-20,38.650001525878906,38.83000183105469,38.31999969482422,38.439998626708984,27.384977340698242,7899800,LLY
2011-05-23,38.119998931884766,38.5,37.9900016784668,38.400001525878906,27.356487274169922,7087500,LLY
2011-05-24,38.369998931884766,38.75,38.25,38.61000061035156,27.506078720092773,5281700,LLY
2011-05-25,38.349998474121094,38.5099983215332,38.130001068115234,38.310001373291016,27.292354583740234,7009800,LLY
2011-05-26,38.36000061035156,38.47999954223633,37.88999938964844,37.91999816894531,27.014516830444336,8494300,LLY
2011-05-27,37.90999984741211,38.04999923706055,37.630001068115234,37.849998474121094,26.964643478393555,6648300,LLY
2011-05-31,38.13999938964844,38.5,37.880001068115234,38.47999954223633,27.413469314575195,8168400,LLY
2011-06-01,38.29999923706055,38.47999954223633,37.91999816894531,37.939998626708984,27.02876853942871,6470400,LLY
2011-06-02,37.959999084472656,37.959999084472656,37.369998931884766,37.52000045776367,26.72955894470215,6794700,LLY
2011-06-03,37.2599983215332,37.349998474121094,37.0099983215332,37.04999923706055,26.394725799560547,7027500,LLY
2011-06-06,37.04999923706055,37.2400016784668,36.959999084472656,37.119998931884766,26.444589614868164,6607800,LLY
2011-06-07,37.369998931884766,37.709999084472656,37.2400016784668,37.2599983215332,26.544334411621094,5866000,LLY
2011-06-08,37.209999084472656,37.380001068115234,37.119998931884766,37.27000045776367,26.55145835876465,5483900,LLY
2011-06-09,37.25,37.86000061035156,37.220001220703125,37.720001220703125,26.872047424316406,6241900,LLY
2011-06-10,37.709999084472656,37.790000915527344,37.040000915527344,37.04999923706055,26.394725799560547,7572400,LLY
2011-06-13,37.15999984741211,37.38999938964844,37.09000015258789,37.220001220703125,26.515836715698242,6848900,LLY
2011-06-14,37.38999938964844,37.77000045776367,37.31999969482422,37.61000061035156,26.793684005737305,6506400,LLY
2011-06-15,37.470001220703125,37.7400016784668,37.130001068115234,37.20000076293945,26.50157356262207,6333500,LLY
2011-06-16,37.08000183105469,37.290000915527344,37.0,37.220001220703125,26.515836715698242,5911200,LLY
2011-06-17,37.41999816894531,37.75,37.25,37.33000183105469,26.594207763671875,7188400,LLY
2011-06-20,37.38999938964844,37.58000183105469,37.27000045776367,37.560001373291016,26.758054733276367,12416000,LLY
2011-06-21,37.650001525878906,37.900001525878906,37.599998474121094,37.77000045776367,26.907657623291016,4473000,LLY
2011-06-22,37.61000061035156,37.869998931884766,37.61000061035156,37.68000030517578,26.843538284301758,5631300,LLY
2011-06-23,37.5,37.61000061035156,36.79999923706055,37.189998626708984,26.494462966918945,8335800,LLY
2011-06-24,37.2599983215332,37.2599983215332,36.689998626708984,36.7599983215332,26.1881160736084,6158600,LLY
2011-06-27,36.869998931884766,37.029998779296875,36.599998474121094,36.83000183105469,26.238000869750977,4255600,LLY
2011-06-28,36.97999954223633,37.36000061035156,36.869998931884766,37.349998474121094,26.60845375061035,6028100,LLY
2011-06-29,37.529998779296875,37.529998779296875,37.13999938964844,37.27000045776367,26.55145835876465,5658100,LLY
2011-06-30,37.459999084472656,37.599998474121094,37.18000030517578,37.529998779296875,26.736684799194336,7044300,LLY
2011-07-01,37.47999954223633,37.68000030517578,37.27000045776367,37.66999816894531,26.836421966552734,8036800,LLY
2011-07-05,37.689998626708984,37.70000076293945,37.15999984741211,37.279998779296875,26.558576583862305,9685800,LLY
2011-07-06,37.15999984741211,37.75,37.15999984741211,37.65999984741211,26.829294204711914,6991700,LLY
2011-07-07,37.900001525878906,37.900001525878906,37.630001068115234,37.849998474121094,26.964643478393555,6109700,LLY
2011-07-08,37.650001525878906,37.810001373291016,37.400001525878906,37.709999084472656,26.864912033081055,4192500,LLY
2011-07-11,37.40999984741211,37.470001220703125,37.189998626708984,37.279998779296875,26.558576583862305,4080300,LLY
2011-07-12,37.18000030517578,37.88999938964844,37.150001525878906,37.4900016784668,26.70819091796875,6437800,LLY
2011-07-13,37.56999969482422,38.0099983215332,37.43000030517578,37.560001373291016,26.758054733276367,5672600,LLY
2011-07-14,37.4900016784668,38.59000015258789,37.4900016784668,38.40999984741211,27.363603591918945,13546700,LLY
2011-07-15,38.560001373291016,38.560001373291016,37.88999938964844,38.33000183105469,27.306615829467773,8511500,LLY
2011-07-18,38.2400016784668,38.369998931884766,37.849998474121094,38.04999923706055,27.107131958007812,6450200,LLY
2011-07-19,38.220001220703125,38.380001068115234,37.97999954223633,38.25,27.249616622924805,6826800,LLY
2011-07-20,38.25,38.439998626708984,38.04999923706055,38.16999816894531,27.19261360168457,5965200,LLY
2011-07-21,38.310001373291016,39.779998779296875,38.310001373291016,39.31999969482422,28.011898040771484,16441400,LLY
2011-07-22,39.20000076293945,39.25,38.619998931884766,38.70000076293945,27.570199966430664,7580900,LLY
2011-07-25,38.47999954223633,38.83000183105469,38.31999969482422,38.400001525878906,27.356487274169922,5358100,LLY
2011-07-26,38.459999084472656,38.630001068115234,38.38999938964844,38.459999084472656,27.399219512939453,5327300,LLY
2011-07-27,38.31999969482422,38.650001525878906,37.91999816894531,37.97999954223633,27.05727195739746,7074500,LLY
2011-07-28,38.09000015258789,38.45000076293945,37.95000076293945,38.0,27.071510314941406,20393200,LLY
2011-07-29,37.790000915527344,38.560001373291016,37.52000045776367,38.29999923706055,27.28523826599121,26942600,LLY
2011-08-01,38.90999984741211,38.90999984741211,37.45000076293945,37.970001220703125,27.050140380859375,19511900,LLY
2011-08-02,37.81999969482422,37.84000015258789,37.13999938964844,37.15999984741211,26.473081588745117,16525000,LLY
2011-08-03,37.130001068115234,37.470001220703125,36.66999816894531,37.310001373291016,26.579954147338867,8410600,LLY
2011-08-04,36.91999816894531,36.91999816894531,35.84000015258789,35.84000015258789,25.532705307006836,10905900,LLY
2011-08-05,36.040000915527344,36.720001220703125,35.31999969482422,36.2400016784668,25.817684173583984,15044700,LLY
2011-08-08,35.52000045776367,36.0,34.650001525878906,34.79999923706055,24.79180145263672,14778200,LLY
2011-08-09,35.150001525878906,35.66999816894531,33.75,35.63999938964844,25.390226364135742,29025000,LLY
2011-08-10,35.220001220703125,35.599998474121094,34.400001525878906,34.4900016784668,24.57096290588379,14628700,LLY
2011-08-11,33.97999954223633,35.65999984741211,33.81999969482422,35.29999923706055,25.510440826416016,13633500,LLY
2011-08-12,35.47999954223633,35.61000061035156,34.790000915527344,34.86000061035156,25.192462921142578,11800800,LLY
2011-08-15,35.27000045776367,35.849998474121094,35.11000061035156,35.77000045776367,25.850101470947266,11231800,LLY
2011-08-16,35.4900016784668,35.959999084472656,35.220001220703125,35.689998626708984,25.792278289794922,5977200,LLY
2011-08-17,35.77000045776367,36.130001068115234,35.380001068115234,35.72999954223633,25.821203231811523,6050800,LLY
2011-08-18,35.130001068115234,35.349998474121094,34.689998626708984,35.0099983215332,25.300867080688477,9590700,LLY
2011-08-19,34.65999984741211,35.38999938964844,34.65999984741211,35.0099983215332,25.300867080688477,7381800,LLY
2011-08-22,35.52000045776367,35.86000061035156,35.20000076293945,35.41999816894531,25.59715461730957,7740500,LLY
2011-08-23,35.540000915527344,35.95000076293945,35.279998779296875,35.91999816894531,25.9585018157959,11905400,LLY
2011-08-24,35.90999984741211,36.43000030517578,35.77000045776367,36.38999938964844,26.298145294189453,6038700,LLY
2011-08-25,36.45000076293945,36.45000076293945,35.540000915527344,35.88999938964844,25.936813354492188,6843700,LLY
2011-08-26,35.599998474121094,36.18000030517578,34.939998626708984,35.77000045776367,25.850101470947266,7599000,LLY
2011-08-29,36.029998779296875,36.9900016784668,36.0099983215332,36.9900016784668,26.731767654418945,6909600,LLY
2011-08-30,36.59000015258789,37.38999938964844,36.54999923706055,37.16999816894531,26.86183738708496,7756700,LLY
2011-08-31,37.380001068115234,37.68000030517578,37.18000030517578,37.5099983215332,27.107545852661133,8745900,LLY
2011-09-01,37.56999969482422,37.849998474121094,37.04999923706055,37.130001068115234,26.83294105529785,6322700,LLY
2011-09-02,36.56999969482422,36.91999816894531,36.36000061035156,36.439998626708984,26.334287643432617,7199400,LLY
2011-09-06,35.70000076293945,36.380001068115234,35.529998779296875,36.22999954223633,26.182523727416992,7619800,LLY
2011-09-07,36.599998474121094,36.9900016784668,36.459999084472656,36.939998626708984,26.69563102722168,6053200,LLY
2011-09-08,36.88999938964844,37.439998626708984,36.650001525878906,37.0099983215332,26.7462100982666,6645300,LLY
2011-09-09,36.9900016784668,37.099998474121094,35.97999954223633,36.130001068115234,26.11026382446289,9365100,LLY
2011-09-12,35.880001068115234,36.08000183105469,35.439998626708984,36.040000915527344,26.04522132873535,6807800,LLY
2011-09-13,36.0,36.779998779296875,35.900001525878906,36.70000076293945,26.522184371948242,7568400,LLY
2011-09-14,36.81999969482422,37.540000915527344,36.54999923706055,37.16999816894531,26.86183738708496,9023800,LLY
2011-09-15,37.61000061035156,37.61000061035156,36.93000030517578,37.439998626708984,27.05695915222168,8448500,LLY
2011-09-16,37.83000183105469,37.849998474121094,37.34000015258789,37.810001373291016,27.324352264404297,7975700,LLY
2011-09-19,37.27000045776367,37.65999984741211,37.06999969482422,37.52000045776367,27.11478614807129,5706700,LLY
2011-09-20,37.59000015258789,38.36000061035156,37.400001525878906,37.869998931884766,27.367719650268555,6242300,LLY
2011-09-21,37.939998626708984,38.209999084472656,37.099998474121094,37.11000061035156,26.818479537963867,7545200,LLY
2011-09-22,36.459999084472656,36.70000076293945,36.099998474121094,36.560001373291016,26.421009063720703,9340700,LLY
2011-09-23,36.400001525878906,36.54999923706055,35.75,36.06999969482422,26.0668888092041,11861900,LLY
2011-09-26,36.400001525878906,36.66999816894531,36.150001525878906,36.63999938964844,26.47882652282715,15018700,LLY
2011-09-27,37.189998626708984,37.650001525878906,36.93000030517578,37.18000030517578,26.869070053100586,7601600,LLY
2011-09-28,37.11000061035156,37.84000015258789,37.11000061035156,37.2400016784668,26.912433624267578,7820900,LLY
2011-09-29,37.66999816894531,38.0,36.81999969482422,37.25,26.919652938842773,13519500,LLY
2011-09-30,36.959999084472656,37.5,36.880001068115234,36.970001220703125,26.717308044433594,7368300,LLY
2011-10-03,37.02000045776367,37.61000061035156,36.33000183105469,36.33000183105469,26.254789352416992,10378700,LLY
2011-10-04,35.91999816894531,36.72999954223633,35.689998626708984,36.72999954223633,26.54387092590332,10299100,LLY
2011-10-05,36.779998779296875,37.119998931884766,36.439998626708984,37.029998779296875,26.76066017150879,6679600,LLY
2011-10-06,36.93000030517578,37.279998779296875,36.7599983215332,37.22999954223633,26.90520477294922,6733300,LLY
2011-10-07,37.540000915527344,38.25,37.369998931884766,37.91999816894531,27.403860092163086,9975800,LLY
2011-10-10,38.36000061035156,38.72999954223633,38.18000030517578,38.40999984741211,27.757951736450195,5480000,LLY
2011-10-11,38.16999816894531,38.2599983215332,37.689998626708984,37.70000076293945,27.24485206604004,8759200,LLY
2011-10-12,37.720001220703125,38.099998474121094,37.540000915527344,37.61000061035156,27.179819107055664,9029300,LLY
2011-10-13,37.900001525878906,38.13999938964844,37.43000030517578,38.0,27.4616641998291,5861000,LLY
2011-10-14,38.31999969482422,38.369998931884766,38.119998931884766,38.290000915527344,27.671239852905273,4710300,LLY
2011-10-17,38.130001068115234,38.380001068115234,37.88999938964844,37.970001220703125,27.439979553222656,6213000,LLY
2011-10-18,37.88999938964844,38.75,37.709999084472656,38.4900016784668,27.8157901763916,5550400,LLY
2011-10-19,38.66999816894531,38.97999954223633,38.45000076293945,38.70000076293945,27.96753692626953,6662100,LLY
2011-10-20,38.52000045776367,38.86000061035156,38.02000045776367,38.61000061035156,27.90248680114746,8612400,LLY
2011-10-21,38.45000076293945,38.75,37.7400016784668,38.06999969482422,27.512239456176758,11893400,LLY
2011-10-24,37.93000030517578,38.27000045776367,37.849998474121094,38.189998626708984,27.598976135253906,6443700,LLY
2011-10-25,38.060001373291016,38.20000076293945,37.33000183105469,37.41999816894531,27.042512893676758,6203700,LLY
2011-10-26,37.779998779296875,37.790000915527344,37.15999984741211,37.5,27.100318908691406,7208200,LLY
2011-10-27,38.40999984741211,38.43000030517578,37.7400016784668,37.869998931884766,27.367719650268555,9113900,LLY
2011-10-28,38.08000183105469,38.36000061035156,37.93000030517578,38.279998779296875,27.664003372192383,5430000,LLY
2011-10-31,37.95000076293945,38.150001525878906,37.150001525878906,37.15999984741211,26.854604721069336,10771300,LLY
2011-11-01,36.779998779296875,37.7400016784668,36.650001525878906,37.220001220703125,26.89798355102539,10497600,LLY
2011-11-02,37.619998931884766,37.709999084472656,37.25,37.47999954223633,27.085866928100586,5233400,LLY
2011-11-03,37.72999954223633,38.119998931884766,37.619998931884766,38.04999923706055,27.497793197631836,25756700,LLY
2011-11-04,37.970001220703125,37.97999954223633,37.599998474121094,37.939998626708984,27.418304443359375,25551000,LLY
2011-11-07,37.79999923706055,38.400001525878906,37.63999938964844,38.349998474121094,27.714599609375,26566100,LLY
2011-11-08,38.38999938964844,39.040000915527344,38.13999938964844,38.9900016784668,28.177104949951172,6426000,LLY
2011-11-09,38.529998779296875,38.529998779296875,37.689998626708984,37.849998474121094,27.353269577026367,8454800,LLY
2011-11-10,37.709999084472656,37.810001373291016,37.18000030517578,37.22999954223633,27.25808334350586,8292800,LLY
2011-11-11,37.599998474121094,37.91999816894531,37.540000915527344,37.849998474121094,27.71202278137207,4408400,LLY
2011-11-14,37.619998931884766,37.77000045776367,37.439998626708984,37.650001525878906,27.565587997436523,3990900,LLY
2011-11-15,37.61000061035156,37.79999923706055,37.36000061035156,37.650001525878906,27.565587997436523,4423200,LLY
2011-11-16,37.47999954223633,37.47999954223633,36.79999923706055,36.83000183105469,26.965229034423828,6153000,LLY
2011-11-17,36.900001525878906,37.099998474121094,36.5099983215332,36.810001373291016,26.950580596923828,5687500,LLY
2011-11-18,37.0,37.040000915527344,36.650001525878906,36.88999938964844,27.009145736694336,5101600,LLY
2011-11-21,36.56999969482422,36.75,36.290000915527344,36.34000015258789,26.606456756591797,5887500,LLY
2011-11-22,36.36000061035156,36.40999984741211,36.0,36.13999938964844,26.460025787353516,5030800,LLY
2011-11-23,35.880001068115234,35.959999084472656,35.619998931884766,35.650001525878906,26.101287841796875,3866100,LLY
2011-11-25,35.560001373291016,35.689998626708984,35.459999084472656,35.58000183105469,26.05003547668457,2364200,LLY
2011-11-28,36.380001068115234,36.54999923706055,36.09000015258789,36.27000045776367,26.55521011352539,6754300,LLY
2011-11-29,36.529998779296875,36.560001373291016,36.0,36.13999938964844,26.460025787353516,5956200,LLY
2011-11-30,36.849998474121094,37.86000061035156,36.849998474121094,37.849998474121094,27.71202278137207,8610000,LLY
2011-12-01,37.709999084472656,37.91999816894531,37.560001373291016,37.63999938964844,27.558263778686523,6250200,LLY
2011-12-02,37.810001373291016,37.88999938964844,37.349998474121094,37.369998931884766,27.36057472229004,5497400,LLY
2011-12-05,37.68000030517578,37.77000045776367,37.29999923706055,37.40999984741211,27.38987159729004,6042200,LLY
2011-12-06,37.880001068115234,39.119998931884766,37.7599983215332,38.86000061035156,28.451496124267578,16567500,LLY
2011-12-07,39.27000045776367,40.130001068115234,39.130001068115234,39.43000030517578,28.86882781982422,16615300,LLY
2011-12-08,39.400001525878906,39.47999954223633,38.79999923706055,38.88999938964844,28.47345733642578,8934700,LLY
2011-12-09,39.33000183105469,39.5,39.09000015258789,39.27000045776367,28.751676559448242,6309400,LLY
2011-12-12,39.279998779296875,39.400001525878906,38.720001220703125,38.9900016784668,28.54667091369629,4764500,LLY
2011-12-13,39.04999923706055,40.2400016784668,39.04999923706055,39.650001525878906,29.029895782470703,11747800,LLY
2011-12-14,39.61000061035156,40.47999954223633,39.5099983215332,40.040000915527344,29.3154354095459,12965800,LLY
2011-12-15,40.43000030517578,41.369998931884766,40.34000015258789,41.220001220703125,30.179370880126953,13059100,LLY
2011-12-16,41.43000030517578,41.43000030517578,40.439998626708984,40.529998779296875,29.6741886138916,12555400,LLY
2011-12-19,40.790000915527344,41.43000030517578,40.61000061035156,40.7400016784668,29.827943801879883,6979300,LLY
2011-12-20,41.150001525878906,41.18000030517578,40.7400016784668,41.119998931884766,30.106149673461914,8060000,LLY
2011-12-21,41.18000030517578,41.56999969482422,41.099998474121094,41.56999969482422,30.435640335083008,5994000,LLY
2011-12-22,41.77000045776367,41.86000061035156,41.279998779296875,41.459999084472656,30.355079650878906,4904000,LLY
2011-12-23,41.61000061035156,41.709999084472656,41.27000045776367,41.63999938964844,30.486867904663086,6535300,LLY
2011-12-27,41.470001220703125,41.880001068115234,41.45000076293945,41.75,30.567419052124023,3094400,LLY
2011-12-28,41.77000045776367,41.849998474121094,41.220001220703125,41.29999923706055,30.237945556640625,3230700,LLY
2011-12-29,41.439998626708984,41.65999984741211,41.41999816894531,41.5,30.384380340576172,4186400,LLY
2011-12-30,41.4900016784668,41.91999816894531,41.470001220703125,41.560001373291016,30.42829132080078,4391600,LLY
2012-01-03,41.95000076293945,42.029998779296875,41.65999984741211,41.79999923706055,30.604021072387695,6905200,LLY
2012-01-04,41.849998474121094,41.849998474121094,40.66999816894531,40.709999084472656,29.805971145629883,10240800,LLY
2012-01-05,39.43000030517578,40.369998931884766,39.25,40.29999923706055,29.50580596923828,14691100,LLY
2012-01-06,39.970001220703125,40.209999084472656,39.810001373291016,39.880001068115234,29.198286056518555,6329600,LLY
2012-01-09,39.939998626708984,39.939998626708984,39.599998474121094,39.810001373291016,29.147035598754883,12353900,LLY
2012-01-10,40.11000061035156,40.54999923706055,40.06999969482422,40.33000183105469,29.527769088745117,6838800,LLY
2012-01-11,40.099998474121094,40.18000030517578,39.81999969482422,39.97999954223633,29.271501541137695,5085900,LLY
2012-01-12,39.97999954223633,40.2599983215332,39.97999954223633,40.18000030517578,29.417943954467773,4299500,LLY
2012-01-13,39.959999084472656,40.060001373291016,39.650001525878906,39.939998626708984,29.242204666137695,4420100,LLY
2012-01-17,40.15999984741211,40.400001525878906,40.0,40.029998779296875,29.308109283447266,5899600,LLY
2012-01-18,40.060001373291016,40.369998931884766,40.04999923706055,40.18000030517578,29.417943954467773,5173700,LLY
2012-01-19,40.279998779296875,40.38999938964844,40.06999969482422,40.16999816894531,29.410615921020508,7180500,LLY
2012-01-20,40.220001220703125,40.31999969482422,39.709999084472656,39.810001373291016,29.147035598754883,8713700,LLY
2012-01-23,39.849998474121094,39.869998931884766,39.189998626708984,39.400001525878906,28.846874237060547,9629000,LLY
2012-01-24,39.310001373291016,39.63999938964844,39.29999923706055,39.61000061035156,29.000608444213867,5868400,LLY
2012-01-25,39.54999923706055,39.970001220703125,39.220001220703125,39.88999938964844,29.20560646057129,5893300,LLY
2012-01-26,39.90999984741211,40.02000045776367,39.34000015258789,39.439998626708984,28.876142501831055,8690300,LLY
2012-01-27,39.4900016784668,39.5,39.0099983215332,39.20000076293945,28.700428009033203,6763100,LLY
2012-01-30,39.04999923706055,39.459999084472656,38.93000030517578,39.25,28.73702621459961,26016300,LLY
2012-01-31,39.81999969482422,39.84000015258789,39.349998474121094,39.7400016784668,29.09579086303711,13418400,LLY
2012-02-01,39.81999969482422,40.11000061035156,39.72999954223633,39.79999923706055,29.13970947265625,7765400,LLY
2012-02-02,39.93000030517578,40.0,39.25,39.599998474121094,28.993288040161133,6862800,LLY
2012-02-03,39.349998474121094,39.70000076293945,39.349998474121094,39.5099983215332,28.92738914489746,5911000,LLY
2012-02-06,39.58000183105469,39.72999954223633,39.38999938964844,39.650001525878906,29.029895782470703,7081300,LLY
2012-02-07,39.56999969482422,39.66999816894531,39.369998931884766,39.5,28.92007064819336,5838600,LLY
2012-02-08,39.47999954223633,39.849998474121094,39.40999984741211,39.779998779296875,29.12506675720215,7530400,LLY
2012-02-09,39.7400016784668,39.83000183105469,39.459999084472656,39.52000045776367,28.93471908569336,31139800,LLY
2012-02-10,39.40999984741211,39.41999816894531,39.099998474121094,39.310001373291016,28.780954360961914,6938600,LLY
2012-02-13,39.099998474121094,39.16999816894531,38.779998779296875,38.849998474121094,28.803213119506836,4656400,LLY
2012-02-14,38.599998474121094,38.709999084472656,38.29999923706055,38.4900016784668,28.536314010620117,5989700,LLY
2012-02-15,38.650001525878906,38.75,38.40999984741211,38.56999969482422,28.595619201660156,4462100,LLY
2012-02-16,38.56999969482422,38.7400016784668,38.40999984741211,38.720001220703125,28.706817626953125,3825300,LLY
2012-02-17,38.900001525878906,39.29999923706055,38.7599983215332,39.2599983215332,29.1071720123291,7182600,LLY
2012-02-21,39.400001525878906,39.400001525878906,38.709999084472656,38.75,28.72907257080078,6858500,LLY
2012-02-22,38.68000030517578,38.91999816894531,38.68000030517578,38.81999969482422,28.780961990356445,4360400,LLY
2012-02-23,38.720001220703125,38.880001068115234,38.619998931884766,38.790000915527344,28.758718490600586,3696800,LLY
2012-02-24,38.869998931884766,39.18000030517578,38.84000015258789,39.04999923706055,28.951473236083984,11409900,LLY
2012-02-27,39.040000915527344,39.36000061035156,38.810001373291016,39.18000030517578,29.04786491394043,5097000,LLY
2012-02-28,39.33000183105469,39.43000030517578,39.16999816894531,39.400001525878906,29.210983276367188,6218400,LLY
2012-02-29,39.439998626708984,39.5,39.20000076293945,39.2400016784668,29.09234046936035,4272500,LLY
2012-03-01,39.16999816894531,39.40999984741211,39.16999816894531,39.349998474121094,29.173906326293945,4590100,LLY
2012-03-02,39.380001068115234,39.599998474121094,39.29999923706055,39.47999954223633,29.27027702331543,5231700,LLY
2012-03-05,39.36000061035156,39.54999923706055,39.09000015258789,39.130001068115234,29.010787963867188,4875800,LLY
2012-03-06,39.20000076293945,39.31999969482422,38.560001373291016,38.63999938964844,28.647506713867188,5938400,LLY
2012-03-07,38.619998931884766,38.95000076293945,38.619998931884766,38.86000061035156,28.810617446899414,4043200,LLY
2012-03-08,38.970001220703125,39.279998779296875,38.970001220703125,39.189998626708984,29.05527687072754,4478000,LLY
2012-03-09,39.34000015258789,39.61000061035156,39.220001220703125,39.560001373291016,29.329593658447266,4906800,LLY
2012-03-12,39.599998474121094,39.81999969482422,39.560001373291016,39.79999923706055,29.507524490356445,4713200,LLY
2012-03-13,39.86000061035156,40.220001220703125,39.810001373291016,40.16999816894531,29.78184700012207,4835700,LLY
2012-03-14,40.15999984741211,40.45000076293945,40.150001525878906,40.2599983215332,29.84857177734375,4644300,LLY
2012-03-15,40.2400016784668,40.40999984741211,40.060001373291016,40.279998779296875,29.863393783569336,3802400,LLY
2012-03-16,40.29999923706055,40.439998626708984,39.95000076293945,40.20000076293945,29.804086685180664,9659000,LLY
2012-03-19,40.060001373291016,40.400001525878906,39.91999816894531,40.31999969482422,29.893056869506836,4278300,LLY
2012-03-20,40.18000030517578,40.290000915527344,39.900001525878906,40.02000045776367,29.670629501342773,4442500,LLY
2012-03-21,40.0099983215332,40.130001068115234,39.79999923706055,39.95000076293945,29.618732452392578,4671700,LLY
2012-03-22,39.56999969482422,39.849998474121094,39.470001220703125,39.810001373291016,29.514942169189453,3949400,LLY
2012-03-23,40.029998779296875,40.040000915527344,39.709999084472656,39.869998931884766,29.55942153930664,5203400,LLY
2012-03-26,39.97999954223633,40.400001525878906,39.970001220703125,40.27000045776367,29.85597801208496,5361100,LLY
2012-03-27,40.369998931884766,40.41999816894531,40.18000030517578,40.2599983215332,29.84857177734375,4183400,LLY
2012-03-28,40.31999969482422,40.369998931884766,39.869998931884766,40.310001373291016,29.88564109802246,4874800,LLY
2012-03-29,40.04999923706055,40.09000015258789,39.65999984741211,39.959999084472656,29.626155853271484,5311500,LLY
2012-03-30,40.060001373291016,40.36000061035156,39.95000076293945,40.27000045776367,29.85597801208496,4784300,LLY
2012-04-02,40.29999923706055,40.63999938964844,40.22999954223633,40.47999954223633,30.011667251586914,5233900,LLY
2012-04-03,40.47999954223633,40.59000015258789,40.130001068115234,40.31999969482422,29.893056869506836,3340400,LLY
2012-04-04,40.150001525878906,40.459999084472656,40.02000045776367,40.33000183105469,29.900476455688477,4175400,LLY
2012-04-05,40.130001068115234,40.5,40.099998474121094,40.47999954223633,30.011667251586914,4379400,LLY
2012-04-09,40.31999969482422,40.31999969482422,39.70000076293945,39.720001220703125,29.448211669921875,7599800,LLY
2012-04-10,39.61000061035156,39.91999816894531,39.41999816894531,39.41999816894531,29.225799560546875,6691900,LLY
2012-04-11,39.70000076293945,39.709999084472656,39.38999938964844,39.470001220703125,29.26286506652832,5141900,LLY
2012-04-12,39.54999923706055,39.619998931884766,39.34000015258789,39.58000183105469,29.34442138671875,6299800,LLY
2012-04-13,39.560001373291016,39.599998474121094,39.15999984741211,39.18000030517578,29.04786491394043,5438100,LLY
2012-04-16,39.279998779296875,39.70000076293945,39.27000045776367,39.599998474121094,29.359249114990234,10405800,LLY
2012-04-17,39.68000030517578,40.060001373291016,39.5,40.060001373291016,29.70029640197754,4826200,LLY
2012-04-18,39.900001525878906,40.040000915527344,39.689998626708984,39.70000076293945,29.43337631225586,6856700,LLY
2012-04-19,39.75,39.84000015258789,39.58000183105469,39.75,29.47044563293457,4995300,LLY
2012-04-20,39.689998626708984,40.060001373291016,39.68000030517578,39.90999984741211,29.589086532592773,7548300,LLY
2012-04-23,39.79999923706055,39.849998474121094,39.650001525878906,39.810001373291016,29.514942169189453,4348800,LLY
2012-04-24,39.88999938964844,40.0,39.66999816894531,39.959999084472656,29.626155853271484,4844700,LLY
2012-04-25,40.41999816894531,40.900001525878906,40.119998931884766,40.79999923706055,30.248916625976562,8205700,LLY
2012-04-26,40.779998779296875,41.0,40.599998474121094,40.880001068115234,30.308238983154297,4763200,LLY
2012-04-27,41.099998474121094,41.43000030517578,41.06999969482422,41.29999923706055,30.619609832763672,20040500,LLY
2012-04-30,41.130001068115234,41.52000045776367,41.130001068115234,41.38999938964844,30.68633460998535,23371700,LLY
2012-05-01,41.31999969482422,41.470001220703125,41.130001068115234,41.2400016784668,30.57512855529785,6352200,LLY
2012-05-02,41.15999984741211,41.4900016784668,41.130001068115234,41.47999954223633,30.753061294555664,4856600,LLY
2012-05-03,41.4900016784668,41.5,41.20000076293945,41.27000045776367,30.59737777709961,5050800,LLY
2012-05-04,41.20000076293945,41.400001525878906,41.0,41.279998779296875,30.60478973388672,7203900,LLY
2012-05-07,41.099998474121094,41.709999084472656,41.0,41.61000061035156,30.849454879760742,6084500,LLY
2012-05-08,41.59000015258789,41.65999984741211,41.41999816894531,41.619998931884766,30.856874465942383,7069500,LLY
2012-05-09,41.31999969482422,41.4900016784668,41.0099983215332,41.29999923706055,30.619609832763672,6102700,LLY
2012-05-10,41.470001220703125,41.81999969482422,41.36000061035156,41.75,30.95325469970703,6195200,LLY
2012-05-11,41.16999816894531,41.5,41.02000045776367,41.2599983215332,30.953250885009766,5000000,LLY
2012-05-14,41.04999923706055,41.2599983215332,40.790000915527344,40.93000030517578,30.705678939819336,6009900,LLY
2012-05-15,40.86000061035156,40.939998626708984,40.459999084472656,40.58000183105469,30.443113327026367,5660500,LLY
2012-05-16,40.650001525878906,40.849998474121094,40.540000915527344,40.75,30.57063102722168,4080800,LLY
2012-05-17,40.72999954223633,40.939998626708984,40.529998779296875,40.529998779296875,30.405597686767578,5824200,LLY
2012-05-18,40.61000061035156,40.83000183105469,40.34000015258789,40.439998626708984,30.33808135986328,8350600,LLY
2012-05-21,40.470001220703125,40.70000076293945,40.36000061035156,40.630001068115234,30.480623245239258,4955700,LLY
2012-05-22,40.65999984741211,41.15999984741211,40.5099983215332,41.0,30.758201599121094,9236300,LLY
2012-05-23,40.91999816894531,41.0,40.36000061035156,40.66999816894531,30.510616302490234,7941300,LLY
2012-05-24,40.709999084472656,41.15999984741211,40.63999938964844,41.15999984741211,30.878238677978516,5630300,LLY
2012-05-25,41.11000061035156,41.5,41.0,41.11000061035156,30.840713500976562,4076000,LLY
2012-05-29,41.2400016784668,41.54999923706055,41.209999084472656,41.29999923706055,30.983257293701172,4191100,LLY
2012-05-30,41.20000076293945,41.45000076293945,40.959999084472656,40.9900016784668,30.75069236755371,4578900,LLY
2012-05-31,41.08000183105469,41.2599983215332,40.779998779296875,40.95000076293945,30.7206974029541,6573800,LLY
2012-06-01,40.66999816894531,40.72999954223633,40.119998931884766,40.15999984741211,30.128023147583008,6387700,LLY
2012-06-04,40.11000061035156,40.33000183105469,39.93000030517578,40.150001525878906,30.120513916015625,6544300,LLY
2012-06-05,40.150001525878906,40.68000030517578,40.040000915527344,40.619998931884766,30.47312355041504,5447800,LLY
2012-06-06,40.720001220703125,41.0099983215332,40.59000015258789,41.0099983215332,30.765687942504883,10635500,LLY
2012-06-07,41.220001220703125,41.4900016784668,41.119998931884766,41.27000045776367,30.96074867248535,7191400,LLY
2012-06-08,41.25,41.75,41.20000076293945,41.529998779296875,31.15578842163086,7114100,LLY
2012-06-11,41.7400016784668,41.90999984741211,41.29999923706055,41.4900016784668,31.125802993774414,5598900,LLY
2012-06-12,41.56999969482422,41.66999816894531,41.310001373291016,41.63999938964844,31.238313674926758,4674100,LLY
2012-06-13,41.63999938964844,41.84000015258789,41.40999984741211,41.56999969482422,31.185819625854492,3553300,LLY
2012-06-14,41.599998474121094,41.9900016784668,41.5,41.810001373291016,31.365867614746094,5375600,LLY
2012-06-15,42.02000045776367,42.16999816894531,41.939998626708984,41.9900016784668,31.500892639160156,6396400,LLY
2012-06-18,41.779998779296875,42.09000015258789,41.779998779296875,42.040000915527344,31.538410186767578,3686600,LLY
2012-06-19,42.279998779296875,42.470001220703125,42.15999984741211,42.290000915527344,31.7259578704834,4149900,LLY
2012-06-20,42.2400016784668,42.27000045776367,41.88999938964844,42.040000915527344,31.538410186767578,3412600,LLY
2012-06-21,42.189998626708984,42.380001068115234,41.709999084472656,41.7599983215332,31.328353881835938,4243200,LLY
2012-06-22,41.959999084472656,42.130001068115234,41.81999969482422,42.06999969482422,31.5609130859375,4331800,LLY
2012-06-25,41.79999923706055,41.84000015258789,41.459999084472656,41.470001220703125,31.110797882080078,4376800,LLY
2012-06-26,41.43000030517578,41.75,41.43000030517578,41.56999969482422,31.185819625854492,4070600,LLY
2012-06-27,41.63999938964844,42.06999969482422,41.619998931884766,41.93000030517578,31.455886840820312,4267700,LLY
2012-06-28,41.959999084472656,42.130001068115234,41.40999984741211,42.099998474121094,31.58340835571289,5075000,LLY
2012-06-29,42.52000045776367,42.90999984741211,42.459999084472656,42.90999984741211,32.19108200073242,6136800,LLY
2012-07-02,43.060001373291016,43.220001220703125,42.869998931884766,42.9900016784668,32.25109100341797,4709200,LLY
2012-07-03,42.95000076293945,43.310001373291016,42.810001373291016,43.15999984741211,32.37863540649414,2294200,LLY
2012-07-05,43.04999923706055,43.060001373291016,42.79999923706055,42.849998474121094,32.14604949951172,3760200,LLY
2012-07-06,42.70000076293945,42.7400016784668,42.41999816894531,42.65999984741211,32.00353240966797,3244300,LLY
2012-07-09,42.63999938964844,42.9900016784668,42.63999938964844,42.95000076293945,32.22108459472656,3113600,LLY
2012-07-10,43.08000183105469,43.150001525878906,42.720001220703125,42.86000061035156,32.15357208251953,4142000,LLY
2012-07-11,42.65999984741211,42.90999984741211,42.52000045776367,42.79999923706055,32.10855484008789,4062700,LLY
2012-07-12,42.66999816894531,42.93000030517578,42.5099983215332,42.84000015258789,32.1385612487793,4075600,LLY
2012-07-13,42.91999816894531,43.5,42.72999954223633,43.2599983215332,32.45365905761719,4580100,LLY
2012-07-16,43.209999084472656,43.88999938964844,43.189998626708984,43.849998474121094,32.89625549316406,5779500,LLY
2012-07-17,44.08000183105469,44.27000045776367,43.79999923706055,43.959999084472656,32.978782653808594,11535500,LLY
2012-07-18,43.849998474121094,44.66999816894531,43.790000915527344,44.5099983215332,33.39139938354492,9138900,LLY
2012-07-19,44.52000045776367,44.599998474121094,44.38999938964844,44.400001525878906,33.308876037597656,4592100,LLY
2012-07-20,44.15999984741211,44.27000045776367,43.97999954223633,44.16999816894531,33.13633346557617,6506800,LLY
2012-07-23,43.88999938964844,43.97999954223633,43.59000015258789,43.83000183105469,32.88127136230469,4538100,LLY
2012-07-24,42.7400016784668,42.849998474121094,41.59000015258789,41.97999954223633,31.493383407592773,17930800,LLY
2012-07-25,43.27000045776367,43.58000183105469,42.58000183105469,43.119998931884766,32.34861755371094,12960200,LLY
2012-07-26,43.720001220703125,43.869998931884766,43.369998931884766,43.61000061035156,32.71622085571289,6966400,LLY
2012-07-27,44.0,44.529998779296875,43.9900016784668,44.369998931884766,33.28635787963867,7526500,LLY
2012-07-30,43.90999984741211,44.09000015258789,43.63999938964844,44.04999923706055,33.04629135131836,6791100,LLY
2012-07-31,44.08000183105469,44.40999984741211,43.9900016784668,44.029998779296875,33.03129196166992,7260000,LLY
2012-08-01,44.119998931884766,44.400001525878906,43.790000915527344,43.86000061035156,32.903770446777344,8163800,LLY
2012-08-02,43.68000030517578,43.939998626708984,43.15999984741211,43.31999969482422,32.4986686706543,6742000,LLY
2012-08-03,43.970001220703125,44.20000076293945,43.900001525878906,44.150001525878906,33.12133026123047,5380100,LLY
2012-08-06,44.119998931884766,44.130001068115234,43.709999084472656,43.709999084472656,32.791229248046875,3838700,LLY
2012-08-07,43.209999084472656,43.5099983215332,42.20000076293945,42.75,32.071048736572266,11700700,LLY
2012-08-08,42.75,43.0,42.61000061035156,42.849998474121094,32.14604949951172,5464700,LLY
2012-08-09,42.810001373291016,42.95000076293945,42.54999923706055,42.720001220703125,32.04854965209961,5164300,LLY
2012-08-10,42.7400016784668,43.689998626708984,42.560001373291016,43.599998474121094,32.708709716796875,11829200,LLY
2012-08-13,42.90999984741211,42.9900016784668,42.61000061035156,42.810001373291016,32.48111343383789,3928300,LLY
2012-08-14,42.9900016784668,43.02000045776367,42.65999984741211,42.72999954223633,32.42038345336914,3274600,LLY
2012-08-15,42.720001220703125,43.029998779296875,42.709999084472656,42.97999954223633,32.610084533691406,5168600,LLY
2012-08-16,42.959999084472656,43.02000045776367,42.63999938964844,42.75,32.43556594848633,3271500,LLY
2012-08-17,42.849998474121094,42.849998474121094,42.27000045776367,42.41999816894531,32.18519973754883,4521500,LLY
2012-08-20,42.41999816894531,42.41999816894531,42.209999084472656,42.34000015258789,32.1245002746582,3892400,LLY
2012-08-21,42.4900016784668,42.4900016784668,42.099998474121094,42.209999084472656,32.02587127685547,4195400,LLY
2012-08-22,42.16999816894531,42.380001068115234,42.119998931884766,42.16999816894531,31.99551773071289,4709000,LLY
2012-08-23,42.15999984741211,42.47999954223633,42.119998931884766,42.400001525878906,32.17002487182617,4589600,LLY
2012-08-24,44.810001373291016,45.0099983215332,43.36000061035156,43.86000061035156,33.27775955200195,48000900,LLY
2012-08-27,43.75,44.97999954223633,43.75,44.59000015258789,33.83163070678711,15116900,LLY
2012-08-28,44.630001068115234,45.45000076293945,44.209999084472656,44.709999084472656,33.92267608642578,13256500,LLY
2012-08-29,44.599998474121094,45.2599983215332,44.380001068115234,45.16999816894531,34.271697998046875,8328900,LLY
2012-08-30,45.0,45.0,44.630001068115234,44.900001525878906,34.06684875488281,5234500,LLY
2012-08-31,45.06999969482422,45.290000915527344,44.68000030517578,44.90999984741211,34.07440948486328,6397500,LLY
2012-09-04,44.970001220703125,45.40999984741211,44.709999084472656,45.290000915527344,34.36274719238281,6948400,LLY
2012-09-05,45.869998931884766,46.36000061035156,45.720001220703125,45.810001373291016,34.75728225708008,11305000,LLY
2012-09-06,45.97999954223633,46.86000061035156,45.97999954223633,46.810001373291016,35.51599884033203,8553600,LLY
2012-09-07,46.709999084472656,46.869998931884766,46.290000915527344,46.650001525878906,35.39461898803711,9900100,LLY
2012-09-10,46.7400016784668,46.849998474121094,46.52000045776367,46.52000045776367,35.29597854614258,4721800,LLY
2012-09-11,46.650001525878906,46.70000076293945,46.40999984741211,46.4900016784668,35.27321243286133,4263300,LLY
2012-09-12,46.47999954223633,46.86000061035156,46.459999084472656,46.54999923706055,35.31874084472656,3977600,LLY
2012-09-13,46.619998931884766,47.2599983215332,46.310001373291016,47.150001525878906,35.773963928222656,5501100,LLY
2012-09-14,47.0099983215332,47.0099983215332,46.5099983215332,46.720001220703125,35.44772720336914,6510400,LLY
2012-09-17,46.540000915527344,46.939998626708984,46.529998779296875,46.83000183105469,35.53118133544922,7230400,LLY
2012-09-18,46.52000045776367,47.06999969482422,46.52000045776367,46.90999984741211,35.59186553955078,4155500,LLY
2012-09-19,46.77000045776367,47.18000030517578,46.68000030517578,46.86000061035156,35.55393600463867,5176800,LLY
2012-09-20,46.77000045776367,47.099998474121094,46.75,47.02000045776367,35.67533493041992,4905700,LLY
2012-09-21,47.16999816894531,47.7599983215332,47.099998474121094,47.459999084472656,36.009185791015625,8368200,LLY
2012-09-24,47.5,47.630001068115234,47.15999984741211,47.400001525878906,35.96366500854492,4873400,LLY
2012-09-25,47.52000045776367,47.84000015258789,47.40999984741211,47.45000076293945,36.00157928466797,4395100,LLY
2012-09-26,47.45000076293945,47.70000076293945,46.84000015258789,47.20000076293945,35.81190872192383,4792400,LLY
2012-09-27,47.36000061035156,47.720001220703125,47.099998474121094,47.63999938964844,36.145748138427734,5020300,LLY
2012-09-28,47.369998931884766,47.52000045776367,47.0,47.40999984741211,35.97124099731445,5941800,LLY
2012-10-01,47.4900016784668,48.040000915527344,47.459999084472656,47.56999969482422,36.09263610839844,5301900,LLY
2012-10-02,47.810001373291016,48.13999938964844,47.790000915527344,47.939998626708984,36.37337112426758,4948300,LLY
2012-10-03,48.060001373291016,48.38999938964844,47.93000030517578,48.310001373291016,36.654083251953125,5763600,LLY
2012-10-04,48.459999084472656,48.95000076293945,48.41999816894531,48.7599983215332,36.99553680419922,7990400,LLY
2012-10-05,48.72999954223633,48.900001525878906,47.97999954223633,48.22999954223633,36.5933952331543,7089400,LLY
2012-10-08,48.04999923706055,50.939998626708984,47.7599983215332,50.779998779296875,38.52814483642578,28624000,LLY
2012-10-09,51.41999816894531,53.54999923706055,50.970001220703125,51.810001373291016,39.30963134765625,29784100,LLY
2012-10-10,51.720001220703125,51.869998931884766,50.08000183105469,50.22999954223633,38.1108512878418,11520300,LLY
2012-10-11,50.54999923706055,50.869998931884766,50.29999923706055,50.599998474121094,38.39158630371094,6467400,LLY
2012-10-12,50.06999969482422,50.7400016784668,50.0,50.45000076293945,38.277774810791016,6823400,LLY
2012-10-15,50.900001525878906,53.16999816894531,50.810001373291016,52.529998779296875,39.85593032836914,12886200,LLY
2012-10-16,52.84000015258789,53.880001068115234,52.79999923706055,53.65999984741211,40.71328353881836,11263700,LLY
2012-10-17,53.779998779296875,53.9900016784668,53.209999084472656,53.66999816894531,40.72086715698242,5918400,LLY
2012-10-18,53.459999084472656,53.86000061035156,53.029998779296875,53.810001373291016,40.82709884643555,7926300,LLY
2012-10-19,53.880001068115234,53.880001068115234,52.54999923706055,52.86000061035156,40.1063117980957,6781500,LLY
2012-10-22,53.380001068115234,53.470001220703125,51.93000030517578,52.279998779296875,39.66624450683594,9336600,LLY
2012-10-23,51.869998931884766,52.040000915527344,50.560001373291016,51.90999984741211,39.38550567626953,10998200,LLY
2012-10-24,49.97999954223633,51.56999969482422,49.72999954223633,50.5,38.31569290161133,14232600,LLY
2012-10-25,50.61000061035156,51.189998626708984,50.43000030517578,51.08000183105469,38.75577163696289,7109800,LLY
2012-10-26,50.959999084472656,51.0,50.130001068115234,50.209999084472656,38.095672607421875,6047600,LLY
2012-10-31,50.810001373291016,50.810001373291016,48.130001068115234,48.630001068115234,36.896888732910156,13386400,LLY
2012-11-01,48.88999938964844,49.689998626708984,48.15999984741211,49.099998474121094,37.25348663330078,8200800,LLY
2012-11-02,49.38999938964844,49.47999954223633,48.54999923706055,48.54999923706055,36.8361930847168,10584600,LLY
2012-11-05,48.369998931884766,48.900001525878906,48.310001373291016,48.779998779296875,37.01069259643555,4246100,LLY
2012-11-06,48.79999923706055,49.130001068115234,48.58000183105469,48.779998779296875,37.01069259643555,5705500,LLY
2012-11-07,48.5099983215332,49.0099983215332,47.540000915527344,48.18000030517578,36.55546188354492,9276000,LLY
2012-11-08,48.119998931884766,48.220001220703125,47.45000076293945,47.470001220703125,36.01676940917969,23062400,LLY
2012-11-09,47.13999938964844,48.0,47.13999938964844,47.470001220703125,36.01676940917969,15307500,LLY
2012-11-12,47.5,48.63999938964844,47.38999938964844,48.29999923706055,36.64649963378906,7293700,LLY
2012-11-13,47.65999984741211,47.959999084472656,47.119998931884766,47.13999938964844,36.13295364379883,7142600,LLY
2012-11-14,47.2400016784668,47.599998474121094,46.0099983215332,46.220001220703125,35.42776870727539,9323100,LLY
2012-11-15,46.16999816894531,46.40999984741211,44.880001068115234,45.959999084472656,35.228477478027344,6867700,LLY
2012-11-16,46.0,46.25,45.43000030517578,45.90999984741211,35.190155029296875,8915600,LLY
2012-11-19,46.29999923706055,47.06999969482422,46.150001525878906,47.029998779296875,36.04862976074219,8489500,LLY
2012-11-20,47.029998779296875,47.290000915527344,46.75,47.189998626708984,36.1712760925293,4547600,LLY
2012-11-21,47.33000183105469,47.439998626708984,46.959999084472656,47.41999816894531,36.347572326660156,3922900,LLY
2012-11-23,47.47999954223633,47.7599983215332,47.40999984741211,47.7400016784668,36.592857360839844,2254200,LLY
2012-11-26,47.349998474121094,47.93000030517578,46.88999938964844,47.93000030517578,36.73849105834961,7630800,LLY
2012-11-27,47.81999969482422,48.27000045776367,47.5099983215332,47.68000030517578,36.5468635559082,5380000,LLY
2012-11-28,47.630001068115234,48.04999923706055,47.25,48.040000915527344,36.82280349731445,3654200,LLY
2012-11-29,48.290000915527344,48.77000045776367,48.22999954223633,48.58000183105469,37.236717224121094,4395700,LLY
2012-11-30,48.61000061035156,49.150001525878906,48.38999938964844,49.040000915527344,37.58931350708008,6859200,LLY
2012-12-03,49.209999084472656,49.61000061035156,48.79999923706055,48.91999816894531,37.497337341308594,5651800,LLY
2012-12-04,48.90999984741211,49.470001220703125,48.849998474121094,49.220001220703125,37.72728729248047,5488200,LLY
2012-12-05,49.220001220703125,49.70000076293945,48.97999954223633,49.58000183105469,38.00322341918945,5268300,LLY
2012-12-06,49.630001068115234,49.650001525878906,49.25,49.400001525878906,37.86524963378906,5151100,LLY
2012-12-07,49.470001220703125,49.65999984741211,49.20000076293945,49.630001068115234,38.04154586791992,2972400,LLY
2012-12-10,49.61000061035156,50.310001373291016,49.20000076293945,50.119998931884766,38.41712951660156,4296900,LLY
2012-12-11,50.209999084472656,50.7599983215332,50.13999938964844,50.599998474121094,38.78505325317383,5401500,LLY
2012-12-12,49.25,50.0,48.810001373291016,49.0,37.55863952636719,18763400,LLY
2012-12-13,49.18000030517578,49.27000045776367,47.970001220703125,48.22999954223633,36.968441009521484,10167100,LLY
2012-12-14,48.04999923706055,48.09000015258789,47.61000061035156,47.790000915527344,36.631187438964844,6357400,LLY
2012-12-17,47.79999923706055,48.54999923706055,47.779998779296875,48.34000015258789,37.052757263183594,7445300,LLY
2012-12-18,48.56999969482422,49.540000915527344,48.349998474121094,49.52000045776367,37.95722198486328,13440200,LLY
2012-12-19,49.41999816894531,49.619998931884766,48.90999984741211,48.91999816894531,37.497337341308594,7036700,LLY
2012-12-20,48.88999938964844,49.349998474121094,48.709999084472656,49.25,37.75026321411133,6572200,LLY
2012-12-21,48.869998931884766,49.689998626708984,48.75,49.54999923706055,37.980228424072266,12842500,LLY
2012-12-24,49.459999084472656,49.459999084472656,48.79999923706055,49.040000915527344,37.58931350708008,2765100,LLY
2012-12-26,49.099998474121094,49.2400016784668,48.619998931884766,49.060001373291016,37.60463333129883,3680400,LLY
2012-12-27,48.97999954223633,49.38999938964844,48.52000045776367,48.970001220703125,37.5356559753418,4349100,LLY
2012-12-28,48.650001525878906,49.18000030517578,48.54999923706055,48.599998474121094,37.252037048339844,3646300,LLY
2012-12-31,48.5,49.349998474121094,48.380001068115234,49.31999969482422,37.803932189941406,5245200,LLY
2013-01-02,49.939998626708984,50.310001373291016,49.189998626708984,49.5099983215332,37.949554443359375,8352400,LLY
2013-01-03,49.52000045776367,49.849998474121094,49.209999084472656,49.720001220703125,38.11051559448242,7448100,LLY
2013-01-04,51.060001373291016,51.900001525878906,50.689998626708984,51.560001373291016,39.52088928222656,13587200,LLY
2013-01-07,51.310001373291016,51.900001525878906,51.0099983215332,51.4900016784668,39.467247009277344,6989100,LLY
2013-01-08,51.41999816894531,52.02000045776367,51.279998779296875,51.880001068115234,39.76618194580078,5246100,LLY
2013-01-09,52.189998626708984,53.060001373291016,52.0,52.970001220703125,40.60165786743164,7267200,LLY
2013-01-10,53.25,53.529998779296875,52.869998931884766,53.25,40.816287994384766,6324400,LLY
2013-01-11,53.36000061035156,53.400001525878906,52.959999084472656,53.11000061035156,40.70897674560547,5126500,LLY
2013-01-14,53.20000076293945,53.41999816894531,52.75,52.79999923706055,40.47135543823242,6286100,LLY
2013-01-15,52.65999984741211,53.36000061035156,52.650001525878906,53.290000915527344,40.84695053100586,5915600,LLY
2013-01-16,53.16999816894531,53.310001373291016,52.720001220703125,52.93000030517578,40.571006774902344,4467100,LLY
2013-01-17,52.61000061035156,53.470001220703125,52.52000045776367,53.33000183105469,40.87760543823242,4880800,LLY
2013-01-18,53.310001373291016,53.77000045776367,52.93000030517578,53.77000045776367,41.21487045288086,6557400,LLY
2013-01-22,53.720001220703125,53.77000045776367,53.119998931884766,53.439998626708984,40.961910247802734,6089100,LLY
2013-01-23,52.75,52.959999084472656,52.20000076293945,52.400001525878906,40.164756774902344,10413800,LLY
2013-01-24,52.599998474121094,53.2599983215332,52.599998474121094,53.15999984741211,40.74729919433594,6719100,LLY
2013-01-25,53.16999816894531,53.66999816894531,53.09000015258789,53.209999084472656,40.785621643066406,6028200,LLY
2013-01-28,53.119998931884766,53.25,52.459999084472656,52.63999938964844,40.34872055053711,8054100,LLY
2013-01-29,52.7599983215332,54.869998931884766,52.7599983215332,54.31999969482422,41.636436462402344,11003300,LLY
2013-01-30,54.22999954223633,54.779998779296875,53.9900016784668,54.150001525878906,41.506141662597656,6316700,LLY
2013-01-31,54.06999969482422,54.15999984741211,53.209999084472656,53.689998626708984,41.15354919433594,5121400,LLY
2013-02-01,53.54999923706055,54.47999954223633,53.54999923706055,54.20000076293945,41.544464111328125,4205500,LLY
2013-02-04,53.84000015258789,53.880001068115234,53.470001220703125,53.54999923706055,41.046234130859375,4968900,LLY
2013-02-05,53.7599983215332,54.38999938964844,53.7599983215332,54.099998474121094,41.467803955078125,3519900,LLY
2013-02-06,53.93000030517578,54.15999984741211,53.630001068115234,53.93000030517578,41.33750534057617,3575100,LLY
2013-02-07,53.849998474121094,53.91999816894531,53.220001220703125,53.779998779296875,41.22252655029297,5233900,LLY
2013-02-08,53.63999938964844,54.0,53.560001373291016,53.720001220703125,41.176536560058594,17142800,LLY
2013-02-11,53.560001373291016,54.060001373291016,53.47999954223633,53.900001525878906,41.31450653076172,18307300,LLY
2013-02-12,53.7400016784668,53.90999984741211,53.68000030517578,53.79999923706055,41.237857818603516,19666700,LLY
2013-02-13,53.400001525878906,53.45000076293945,53.2599983215332,53.439998626708984,41.338417053222656,4385000,LLY
2013-02-14,53.220001220703125,53.58000183105469,53.18000030517578,53.5,41.38483428955078,4276900,LLY
2013-02-15,53.5,54.0,53.5,53.59000015258789,41.454444885253906,5482800,LLY
2013-02-19,53.619998931884766,54.18000030517578,53.599998474121094,54.18000030517578,41.910850524902344,3981200,LLY
2013-02-20,54.15999984741211,54.68000030517578,54.099998474121094,54.290000915527344,41.995941162109375,4446300,LLY
2013-02-21,54.11000061035156,54.25,53.93000030517578,54.02000045776367,41.787086486816406,5512500,LLY
2013-02-22,54.06999969482422,54.27000045776367,53.529998779296875,54.27000045776367,41.9804801940918,5519000,LLY
2013-02-25,54.5,54.93000030517578,53.77000045776367,53.77000045776367,41.59370422363281,6361000,LLY
2013-02-26,54.08000183105469,54.52000045776367,53.720001220703125,54.43000030517578,42.104248046875,4772100,LLY
2013-02-27,54.5,54.9900016784668,54.2599983215332,54.79999923706055,42.39045715332031,3972000,LLY
2013-02-28,54.68000030517578,54.97999954223633,54.58000183105469,54.65999984741211,42.28215408325195,5877500,LLY
2013-03-01,54.310001373291016,54.849998474121094,54.310001373291016,54.779998779296875,42.374977111816406,4592600,LLY
2013-03-04,54.65999984741211,54.90999984741211,54.529998779296875,54.7599983215332,42.3594970703125,4424200,LLY
2013-03-05,54.970001220703125,55.7400016784668,54.90999984741211,55.540000915527344,42.962867736816406,4866800,LLY
2013-03-06,55.58000183105469,55.66999816894531,54.91999816894531,55.08000183105469,42.60703659057617,6787700,LLY
2013-03-07,55.09000015258789,55.560001373291016,55.08000183105469,55.349998474121094,42.81590270996094,3602300,LLY
2013-03-08,55.5,55.59000015258789,54.970001220703125,55.15999984741211,42.66891098022461,4824800,LLY
2013-03-11,55.060001373291016,55.2400016784668,54.790000915527344,55.06999969482422,42.599300384521484,4766200,LLY
2013-03-12,55.060001373291016,55.43000030517578,54.95000076293945,55.08000183105469,42.60703659057617,3870600,LLY
2013-03-13,55.150001525878906,55.27000045776367,55.0,55.060001373291016,42.591575622558594,3623700,LLY
2013-03-14,55.459999084472656,55.650001525878906,54.810001373291016,55.06999969482422,42.599300384521484,5357000,LLY
2013-03-15,54.68000030517578,55.130001068115234,54.38999938964844,55.130001068115234,42.645721435546875,10614700,LLY
2013-03-18,54.630001068115234,54.95000076293945,54.540000915527344,54.65999984741211,42.28215408325195,3926500,LLY
2013-03-19,54.83000183105469,54.959999084472656,54.5,54.790000915527344,42.38270568847656,3337200,LLY
2013-03-20,55.04999923706055,55.45000076293945,55.02000045776367,55.29999923706055,42.7772216796875,3802800,LLY
2013-03-21,55.040000915527344,55.290000915527344,54.880001068115234,55.08000183105469,42.60703659057617,2702500,LLY
2013-03-22,55.25,55.68000030517578,55.130001068115234,55.56999969482422,42.98607635498047,2811100,LLY
2013-03-25,55.70000076293945,55.790000915527344,55.2599983215332,55.619998931884766,43.02473831176758,4675200,LLY
2013-03-26,55.900001525878906,56.68000030517578,55.779998779296875,56.290000915527344,43.54302978515625,5107900,LLY
2013-03-27,56.029998779296875,56.459999084472656,55.95000076293945,56.369998931884766,43.604915618896484,3417800,LLY
2013-03-28,56.5099983215332,56.939998626708984,56.31999969482422,56.790000915527344,43.9298095703125,4223200,LLY
2013-04-01,56.66999816894531,56.79999923706055,56.220001220703125,56.61000061035156,43.79058074951172,3668000,LLY
2013-04-02,56.630001068115234,57.13999938964844,56.290000915527344,56.5,43.705482482910156,4040300,LLY
2013-04-03,56.66999816894531,57.22999954223633,56.58000183105469,56.849998474121094,43.976219177246094,5563600,LLY
2013-04-04,56.849998474121094,57.279998779296875,56.560001373291016,56.93000030517578,44.03810501098633,3016200,LLY
2013-04-05,56.45000076293945,56.61000061035156,56.220001220703125,56.47999954223633,43.69001388549805,3001200,LLY
2013-04-08,56.45000076293945,56.81999969482422,55.880001068115234,56.81999969482422,43.9530143737793,3691900,LLY
2013-04-09,56.959999084472656,57.22999954223633,56.58000183105469,56.7400016784668,43.891136169433594,4145100,LLY
2013-04-10,57.220001220703125,57.68000030517578,57.209999084472656,57.59000015258789,44.54864501953125,3238000,LLY
2013-04-11,57.650001525878906,58.2599983215332,57.58000183105469,58.0,44.86579895019531,4048000,LLY
2013-04-12,57.77000045776367,58.34000015258789,57.36000061035156,57.5099983215332,44.48675537109375,4709100,LLY
2013-04-15,57.02000045776367,57.75,56.47999954223633,56.4900016784668,43.69775390625,5645800,LLY
2013-04-16,56.79999923706055,57.33000183105469,56.540000915527344,57.18000030517578,44.23148727416992,4130500,LLY
2013-04-17,56.97999954223633,57.630001068115234,56.7400016784668,57.470001220703125,44.45582580566406,4147400,LLY
2013-04-18,57.47999954223633,57.5099983215332,56.16999816894531,56.290000915527344,43.54302978515625,4098600,LLY
2013-04-19,56.560001373291016,57.439998626708984,56.369998931884766,57.41999816894531,44.41714096069336,4892900,LLY
2013-04-22,57.459999084472656,57.630001068115234,56.9900016784668,57.58000183105469,44.54092788696289,2732900,LLY
2013-04-23,57.939998626708984,58.400001525878906,57.52000045776367,58.33000183105469,45.1210823059082,4014600,LLY
2013-04-24,57.90999984741211,58.33000183105469,56.02000045776367,56.04999923706055,43.357383728027344,6678800,LLY
2013-04-25,56.380001068115234,56.5,55.02000045776367,56.43000030517578,43.65133285522461,7431300,LLY
2013-04-26,56.45000076293945,56.75,56.279998779296875,56.459999084472656,43.67453384399414,3457300,LLY
2013-04-29,56.59000015258789,56.630001068115234,55.790000915527344,56.0099983215332,43.32644271850586,4852700,LLY
2013-04-30,55.900001525878906,55.900001525878906,55.15999984741211,55.380001068115234,42.83910369873047,4679000,LLY
2013-05-01,55.099998474121094,55.130001068115234,54.150001525878906,54.2400016784668,41.957252502441406,5789900,LLY
2013-05-02,54.31999969482422,54.83000183105469,54.150001525878906,54.70000076293945,42.31310272216797,4060900,LLY
2013-05-03,55.189998626708984,55.189998626708984,54.58000183105469,54.9900016784668,42.53742599487305,3407600,LLY
2013-05-06,55.02000045776367,55.15999984741211,54.29999923706055,54.470001220703125,42.13517761230469,4618300,LLY
2013-05-07,54.52000045776367,54.59000015258789,53.849998474121094,54.16999816894531,41.90311050415039,6318500,LLY
2013-05-08,54.22999954223633,54.779998779296875,54.15999984741211,54.52000045776367,42.17386245727539,5429000,LLY
2013-05-09,54.58000183105469,54.939998626708984,54.349998474121094,54.560001373291016,42.20479965209961,12817600,LLY
2013-05-10,53.970001220703125,54.81999969482422,53.880001068115234,54.81999969482422,42.405914306640625,15278800,LLY
2013-05-13,54.720001220703125,56.310001373291016,54.54999923706055,56.279998779296875,43.53529357910156,18982900,LLY
2013-05-14,55.810001373291016,56.18000030517578,55.709999084472656,55.869998931884766,43.59771728515625,4821500,LLY
2013-05-15,55.91999816894531,57.099998474121094,55.91999816894531,56.720001220703125,44.261016845703125,5386200,LLY
2013-05-16,56.560001373291016,56.560001373291016,55.81999969482422,55.939998626708984,43.65234375,3819900,LLY
2013-05-17,55.970001220703125,56.22999954223633,55.349998474121094,55.900001525878906,43.62112808227539,3762700,LLY
2013-05-20,55.900001525878906,55.939998626708984,54.880001068115234,55.02000045776367,42.934425354003906,4242600,LLY
2013-05-21,55.06999969482422,55.43000030517578,54.65999984741211,55.13999938964844,43.028076171875,4220100,LLY
2013-05-22,55.2599983215332,56.060001373291016,54.65999984741211,54.91999816894531,42.85640335083008,4569300,LLY
2013-05-23,54.66999816894531,55.29999923706055,54.5099983215332,54.7400016784668,42.7159538269043,3953000,LLY
2013-05-24,54.5,54.5,53.88999938964844,54.13999938964844,42.247737884521484,4983600,LLY
2013-05-28,54.709999084472656,55.189998626708984,54.31999969482422,54.540000915527344,42.559879302978516,4344000,LLY
2013-05-29,54.2400016784668,54.36000061035156,53.439998626708984,53.75,41.94339370727539,4201600,LLY
2013-05-30,53.93000030517578,54.619998931884766,53.790000915527344,54.08000183105469,42.20092010498047,4393500,LLY
2013-05-31,53.91999816894531,54.060001373291016,53.150001525878906,53.15999984741211,41.483001708984375,4827100,LLY
2013-06-03,53.08000183105469,53.2400016784668,52.52000045776367,53.13999938964844,41.46738815307617,4173000,LLY
2013-06-04,53.13999938964844,53.41999816894531,52.220001220703125,52.5,40.96797180175781,4093300,LLY
2013-06-05,52.31999969482422,52.869998931884766,51.7599983215332,51.810001373291016,40.42953109741211,4540700,LLY
2013-06-06,51.88999938964844,52.43000030517578,51.34000015258789,52.09000015258789,40.64803695678711,4976800,LLY
2013-06-07,52.58000183105469,53.060001373291016,52.279998779296875,52.4900016784668,40.960174560546875,4367400,LLY
2013-06-10,52.70000076293945,52.83000183105469,52.150001525878906,52.63999938964844,41.07722091674805,4212600,LLY
2013-06-11,52.22999954223633,52.31999969482422,51.779998779296875,51.939998626708984,40.53097152709961,5268400,LLY
2013-06-12,52.310001373291016,52.61000061035156,51.7599983215332,51.779998779296875,40.40613555908203,3507000,LLY
2013-06-13,51.68000030517578,51.88999938964844,50.83000183105469,51.849998474121094,40.46073532104492,7099100,LLY
2013-06-14,51.470001220703125,52.279998779296875,51.38999938964844,52.04999923706055,40.616817474365234,6116300,LLY
2013-06-17,52.41999816894531,53.04999923706055,52.20000076293945,52.36000061035156,40.85873031616211,5134700,LLY
2013-06-18,52.470001220703125,52.720001220703125,51.689998626708984,52.349998474121094,40.850921630859375,5163600,LLY
2013-06-19,52.279998779296875,52.380001068115234,51.31999969482422,51.369998931884766,40.086185455322266,4578700,LLY
2013-06-20,50.959999084472656,50.959999084472656,49.209999084472656,49.40999984741211,38.55672836303711,7952200,LLY
2013-06-21,50.02000045776367,50.43000030517578,49.529998779296875,49.90999984741211,38.94689178466797,7198300,LLY
2013-06-24,49.310001373291016,49.599998474121094,48.68000030517578,49.060001373291016,38.283592224121094,5861800,LLY
2013-06-25,49.540000915527344,49.540000915527344,48.90999984741211,49.220001220703125,38.40846252441406,4041300,LLY
2013-06-26,49.65999984741211,49.900001525878906,49.220001220703125,49.790000915527344,38.853233337402344,6075500,LLY
2013-06-27,50.11000061035156,50.33000183105469,49.720001220703125,49.720001220703125,38.79861831665039,3657300,LLY
2013-06-28,49.619998931884766,49.86000061035156,49.04999923706055,49.119998931884766,38.33041763305664,8242900,LLY
2013-07-01,49.349998474121094,50.310001373291016,49.27000045776367,50.15999984741211,39.141971588134766,6987400,LLY
2013-07-02,50.08000183105469,50.93000030517578,50.06999969482422,50.5,39.407283782958984,5845400,LLY
2013-07-03,50.47999954223633,50.47999954223633,49.5,50.13999938964844,39.12636184692383,2671200,LLY
2013-07-05,50.59000015258789,50.81999969482422,49.970001220703125,50.58000183105469,39.46971893310547,2700400,LLY
2013-07-08,50.79999923706055,51.189998626708984,50.65999984741211,51.130001068115234,39.89890670776367,4376000,LLY
2013-07-09,51.40999984741211,51.810001373291016,51.15999984741211,51.790000915527344,40.41392517089844,4518800,LLY
2013-07-10,51.779998779296875,51.90999984741211,51.25,51.41999816894531,40.12519836425781,3865200,LLY
2013-07-11,52.060001373291016,52.060001373291016,51.43000030517578,51.540000915527344,40.21884536743164,3922600,LLY
2013-07-12,51.630001068115234,51.630001068115234,51.099998474121094,51.45000076293945,40.14860916137695,4066900,LLY
2013-07-15,51.40999984741211,51.720001220703125,51.16999816894531,51.540000915527344,40.21884536743164,2922300,LLY
2013-07-16,51.54999923706055,51.790000915527344,50.79999923706055,51.0,39.79745101928711,4029900,LLY
2013-07-17,51.20000076293945,51.2400016784668,50.61000061035156,50.66999816894531,39.539955139160156,4038000,LLY
2013-07-18,50.630001068115234,50.66999816894531,49.83000183105469,49.91999816894531,38.95468521118164,6040300,LLY
2013-07-19,49.93000030517578,50.61000061035156,49.459999084472656,50.599998474121094,39.485328674316406,7808800,LLY
2013-07-22,50.54999923706055,50.83000183105469,50.33000183105469,50.630001068115234,39.508731842041016,3362600,LLY
2013-07-23,50.77000045776367,51.060001373291016,50.560001373291016,50.9900016784668,39.78966522216797,3926400,LLY
2013-07-24,52.0,52.68000030517578,51.75,52.54999923706055,41.0069694519043,8955800,LLY
2013-07-25,52.40999984741211,52.63999938964844,51.880001068115234,52.59000015258789,41.038185119628906,4085400,LLY
2013-07-26,52.40999984741211,53.400001525878906,52.25,53.36000061035156,41.63907241821289,4349400,LLY
2013-07-29,53.22999954223633,53.83000183105469,53.150001525878906,53.560001373291016,41.795135498046875,4230700,LLY
2013-07-30,53.79999923706055,53.97999954223633,53.209999084472656,53.31999969482422,41.60784912109375,3594200,LLY
2013-07-31,53.36000061035156,53.650001525878906,52.93000030517578,53.11000061035156,41.44398498535156,4334500,LLY
2013-08-01,53.43000030517578,53.66999816894531,53.11000061035156,53.5,41.74831771850586,3297800,LLY
2013-08-02,53.470001220703125,53.91999816894531,53.220001220703125,53.880001068115234,42.04484558105469,3626300,LLY
2013-08-05,53.869998931884766,54.45000076293945,53.59000015258789,53.869998931884766,42.03704071044922,3794000,LLY
2013-08-06,53.900001525878906,54.189998626708984,53.22999954223633,53.31999969482422,41.60784912109375,4177300,LLY
2013-08-07,53.31999969482422,53.75,53.04999923706055,53.619998931884766,41.84196472167969,3377600,LLY
2013-08-08,53.880001068115234,53.91999816894531,53.220001220703125,53.56999969482422,41.802947998046875,17504400,LLY
2013-08-09,53.56999969482422,54.209999084472656,53.349998474121094,54.18000030517578,42.27894592285156,14719900,LLY
2013-08-12,53.86000061035156,54.09000015258789,53.58000183105469,54.04999923706055,42.1775016784668,17194000,LLY
2013-08-13,56.0,56.5,54.72999954223633,54.959999084472656,43.279972076416016,14253300,LLY
2013-08-14,54.959999084472656,55.099998474121094,54.0099983215332,54.20000076293945,42.68149185180664,5054300,LLY
2013-08-15,53.7599983215332,53.93000030517578,53.27000045776367,53.38999938964844,42.043636322021484,4509000,LLY
2013-08-16,53.16999816894531,53.31999969482422,52.790000915527344,52.86000061035156,41.62627029418945,5112300,LLY
2013-08-19,52.709999084472656,53.150001525878906,52.68000030517578,52.790000915527344,41.571136474609375,3372700,LLY
2013-08-20,52.790000915527344,53.08000183105469,52.72999954223633,52.79999923706055,41.57902526855469,2890900,LLY
2013-08-21,52.72999954223633,52.93000030517578,52.31999969482422,52.41999816894531,41.27976608276367,3969600,LLY
2013-08-22,52.400001525878906,52.77000045776367,52.310001373291016,52.459999084472656,41.311283111572266,2388600,LLY
2013-08-23,52.459999084472656,52.619998931884766,51.93000030517578,52.619998931884766,41.43727111816406,3249400,LLY
2013-08-26,52.70000076293945,52.77000045776367,52.040000915527344,52.04999923706055,40.9884033203125,4048600,LLY
2013-08-27,51.689998626708984,51.7400016784668,51.2400016784668,51.27000045776367,40.374176025390625,4527000,LLY
2013-08-28,51.189998626708984,51.75,51.0,51.470001220703125,40.53165817260742,3211800,LLY
2013-08-29,51.2599983215332,51.7400016784668,51.099998474121094,51.45000076293945,40.51591491699219,2305000,LLY
2013-08-30,51.459999084472656,51.619998931884766,51.16999816894531,51.400001525878906,40.476539611816406,3237300,LLY
2013-09-03,51.77000045776367,51.900001525878906,51.040000915527344,51.310001373291016,40.40565872192383,2641600,LLY
2013-09-04,51.36000061035156,52.400001525878906,51.279998779296875,52.18000030517578,41.090789794921875,4179500,LLY
2013-09-05,52.290000915527344,52.349998474121094,51.91999816894531,52.209999084472656,41.11439895629883,2424400,LLY
2013-09-06,52.220001220703125,52.72999954223633,51.689998626708984,52.40999984741211,41.271881103515625,2886500,LLY
2013-09-09,52.40999984741211,52.58000183105469,52.09000015258789,52.540000915527344,41.3742790222168,2324500,LLY
2013-09-10,52.88999938964844,53.130001068115234,52.529998779296875,52.869998931884766,41.6341438293457,3414600,LLY
2013-09-11,52.869998931884766,53.150001525878906,52.689998626708984,52.79999923706055,41.57902526855469,3943800,LLY
2013-09-12,52.900001525878906,53.220001220703125,52.7599983215332,52.90999984741211,41.665645599365234,3094200,LLY
2013-09-13,53.0099983215332,53.290000915527344,52.93000030517578,53.27000045776367,41.94913864135742,2784500,LLY
2013-09-16,53.77000045776367,53.84000015258789,53.43000030517578,53.63999938964844,42.240509033203125,2666100,LLY
2013-09-17,53.63999938964844,54.18000030517578,53.61000061035156,53.83000183105469,42.39011764526367,3782200,LLY
2013-09-18,53.869998931884766,54.25,53.220001220703125,54.15999984741211,42.650001525878906,3332500,LLY
2013-09-19,53.900001525878906,54.119998931884766,53.630001068115234,53.86000061035156,42.41374969482422,3410300,LLY
2013-09-20,54.040000915527344,54.18000030517578,53.720001220703125,53.93000030517578,42.46886444091797,5877800,LLY
2013-09-23,53.84000015258789,53.86000061035156,52.83000183105469,53.040000915527344,41.76801681518555,4571400,LLY
2013-09-24,52.9900016784668,53.09000015258789,52.33000183105469,52.43000030517578,41.28765106201172,5359100,LLY
2013-09-25,52.599998474121094,52.95000076293945,52.36000061035156,52.61000061035156,41.42939758300781,4167600,LLY
2013-09-26,51.20000076293945,51.95000076293945,50.150001525878906,51.040000915527344,40.19304656982422,14551200,LLY
2013-09-27,50.68000030517578,50.81999969482422,50.06999969482422,50.5,39.76780700683594,5866600,LLY
2013-09-30,50.29999923706055,50.65999984741211,50.209999084472656,50.33000183105469,39.63393020629883,4803500,LLY
2013-10-01,50.40999984741211,50.689998626708984,50.2400016784668,50.66999816894531,39.90169143676758,3978100,LLY
2013-10-02,50.45000076293945,50.66999816894531,50.220001220703125,50.540000915527344,39.79930877685547,3424800,LLY
2013-10-03,50.25,50.290000915527344,48.5,48.79999923706055,38.429107666015625,15000900,LLY
2013-10-04,48.86000061035156,48.86000061035156,48.0099983215332,48.380001068115234,38.09833908081055,10750400,LLY
2013-10-07,48.16999816894531,48.209999084472656,47.560001373291016,47.650001525878906,37.52348709106445,7826100,LLY
2013-10-08,47.75,48.36000061035156,47.529998779296875,48.04999923706055,37.838470458984375,10496100,LLY
2013-10-09,48.09000015258789,48.2599983215332,47.529998779296875,47.959999084472656,37.76761245727539,6925000,LLY
2013-10-10,48.81999969482422,49.15999984741211,48.5099983215332,49.150001525878906,38.704708099365234,6285000,LLY
2013-10-11,48.630001068115234,49.09000015258789,48.5099983215332,48.880001068115234,38.4920768737793,6571900,LLY
2013-10-14,48.630001068115234,49.04999923706055,48.470001220703125,49.029998779296875,38.610225677490234,5516000,LLY
2013-10-15,48.79999923706055,49.08000183105469,48.599998474121094,48.810001373291016,38.436973571777344,4968700,LLY
2013-10-16,48.939998626708984,49.0099983215332,48.5099983215332,48.90999984741211,38.51571273803711,7249600,LLY
2013-10-17,48.90999984741211,49.7599983215332,48.90999984741211,49.70000076293945,39.137821197509766,5555800,LLY
2013-10-18,49.970001220703125,50.0099983215332,49.279998779296875,49.560001373291016,39.0275764465332,7022700,LLY
2013-10-21,49.56999969482422,49.720001220703125,49.38999938964844,49.650001525878906,39.09846115112305,4469200,LLY
2013-10-22,49.720001220703125,50.369998931884766,49.529998779296875,50.150001525878906,39.4921875,5792100,LLY
2013-10-23,50.52000045776367,51.0,49.939998626708984,50.310001373291016,39.61820602416992,5754500,LLY
2013-10-24,50.81999969482422,51.0,50.36000061035156,50.54999923706055,39.80717849731445,5580400,LLY
2013-10-25,50.47999954223633,51.0,50.310001373291016,50.65999984741211,39.89380645751953,4546700,LLY
2013-10-28,50.70000076293945,51.13999938964844,50.599998474121094,50.880001068115234,40.067054748535156,4474700,LLY
2013-10-29,50.959999084472656,50.97999954223633,50.130001068115234,50.20000076293945,39.53156280517578,6986400,LLY
2013-10-30,50.2400016784668,50.27000045776367,48.970001220703125,49.209999084472656,38.7519645690918,8599400,LLY
2013-10-31,49.27000045776367,50.209999084472656,49.220001220703125,49.81999969482422,39.232330322265625,6757500,LLY
2013-11-01,49.90999984741211,50.43000030517578,49.810001373291016,50.380001068115234,39.673309326171875,5045400,LLY
2013-11-04,50.38999938964844,50.54999923706055,50.099998474121094,50.40999984741211,39.696937561035156,4322800,LLY
2013-11-05,50.279998779296875,50.689998626708984,50.209999084472656,50.369998931884766,39.665428161621094,3692700,LLY
2013-11-06,50.560001373291016,50.560001373291016,50.2599983215332,50.4900016784668,39.75994110107422,5477800,LLY
2013-11-07,50.54999923706055,50.619998931884766,49.970001220703125,50.0099983215332,39.38194274902344,18678300,LLY
2013-11-08,49.95000076293945,50.66999816894531,49.880001068115234,50.630001068115234,39.87017822265625,18998600,LLY
2013-11-11,49.72999954223633,50.31999969482422,49.5099983215332,50.279998779296875,39.594566345214844,8162900,LLY
2013-11-12,50.08000183105469,50.279998779296875,49.970001220703125,50.060001373291016,39.42130661010742,27846900,LLY
2013-11-13,49.279998779296875,50.66999816894531,49.27000045776367,50.54999923706055,40.2006721496582,8956300,LLY
2013-11-14,50.5,51.13999938964844,50.4900016784668,51.029998779296875,40.5824089050293,5480100,LLY
2013-11-15,50.869998931884766,51.130001068115234,50.84000015258789,51.0099983215332,40.56650161743164,5759000,LLY
2013-11-18,51.099998474121094,51.099998474121094,50.77000045776367,51.029998779296875,40.5824089050293,4024500,LLY
2013-11-19,50.939998626708984,51.09000015258789,50.779998779296875,50.939998626708984,40.510833740234375,3724800,LLY
2013-11-20,50.88999938964844,51.0,50.47999954223633,50.66999816894531,40.29611587524414,3711400,LLY
2013-11-21,50.709999084472656,50.81999969482422,50.290000915527344,50.4900016784668,40.15296936035156,4749300,LLY
2013-11-22,50.52000045776367,51.2400016784668,50.400001525878906,51.22999954223633,40.741458892822266,5165100,LLY
2013-11-25,51.38999938964844,51.619998931884766,51.220001220703125,51.34000015258789,40.82894515991211,4338300,LLY
2013-11-26,51.400001525878906,51.45000076293945,50.540000915527344,50.540000915527344,40.19272994995117,5851200,LLY
2013-11-27,50.310001373291016,50.650001525878906,50.20000076293945,50.36000061035156,40.049583435058594,3287300,LLY
2013-11-29,50.630001068115234,50.77000045776367,50.099998474121094,50.220001220703125,39.9382438659668,2142800,LLY
2013-12-02,50.29999923706055,50.4900016784668,49.869998931884766,50.2400016784668,39.95413589477539,3588300,LLY
2013-12-03,50.15999984741211,50.290000915527344,49.650001525878906,49.779998779296875,39.58831024169922,5035800,LLY
2013-12-04,49.790000915527344,50.029998779296875,49.529998779296875,49.869998931884766,39.659881591796875,4106300,LLY
2013-12-05,49.83000183105469,50.18000030517578,49.72999954223633,49.959999084472656,39.73147201538086,3716500,LLY
2013-12-06,50.34000015258789,50.68000030517578,50.25,50.630001068115234,40.26430130004883,3854200,LLY
2013-12-09,50.58000183105469,51.04999923706055,50.4900016784668,50.790000915527344,40.391544342041016,3804800,LLY
2013-12-10,50.86000061035156,50.880001068115234,50.31999969482422,50.4900016784668,40.15296936035156,4385600,LLY
2013-12-11,50.599998474121094,50.63999938964844,49.869998931884766,49.97999954223633,39.747371673583984,4610500,LLY
2013-12-12,49.79999923706055,49.95000076293945,49.13999938964844,49.22999954223633,39.150936126708984,5274400,LLY
2013-12-13,49.279998779296875,49.66999816894531,49.08000183105469,49.38999938964844,39.27817153930664,4286900,LLY
2013-12-16,49.61000061035156,49.939998626708984,49.16999816894531,49.189998626708984,39.11912536621094,4906900,LLY
2013-12-17,49.310001373291016,49.310001373291016,48.880001068115234,49.220001220703125,39.14298629760742,4110200,LLY
2013-12-18,49.2400016784668,50.58000183105469,49.130001068115234,50.5099983215332,40.168861389160156,6207900,LLY
2013-12-19,50.189998626708984,50.5099983215332,49.88999938964844,50.13999938964844,39.87461471557617,5356300,LLY
2013-12-20,50.220001220703125,50.93000030517578,49.9900016784668,50.20000076293945,39.922332763671875,6367100,LLY
2013-12-23,50.47999954223633,50.900001525878906,50.279998779296875,50.54999923706055,40.2006721496582,4574300,LLY
2013-12-24,50.58000183105469,50.900001525878906,50.5099983215332,50.7400016784668,40.35177993774414,1359500,LLY
2013-12-26,50.7599983215332,51.25,50.619998931884766,50.9900016784668,40.550601959228516,2440000,LLY
2013-12-27,51.099998474121094,51.380001068115234,50.90999984741211,51.25,40.75737380981445,2265000,LLY
2013-12-30,51.150001525878906,51.220001220703125,50.630001068115234,51.16999816894531,40.69374465942383,3309200,LLY
2013-12-31,51.189998626708984,51.2599983215332,50.849998474121094,51.0,40.558555603027344,2928600,LLY
2014-01-02,50.970001220703125,51.09000015258789,50.560001373291016,50.72999954223633,40.34383010864258,3175900,LLY
2014-01-03,50.779998779296875,51.20000076293945,50.66999816894531,51.099998474121094,40.63808059692383,4006300,LLY
2014-01-06,51.18000030517578,51.939998626708984,51.16999816894531,51.529998779296875,40.980045318603516,7898300,LLY
2014-01-07,51.529998779296875,52.08000183105469,51.150001525878906,51.189998626708984,40.70964431762695,7359200,LLY
2014-01-08,50.83000183105469,51.150001525878906,50.52000045776367,51.11000061035156,40.646026611328125,7517100,LLY
2014-01-09,51.2400016784668,51.7400016784668,51.189998626708984,51.68000030517578,41.09932327270508,6351700,LLY
2014-01-10,51.4900016784668,52.11000061035156,51.25,51.93000030517578,41.29814529418945,5399100,LLY
2014-01-13,52.029998779296875,52.52000045776367,51.90999984741211,52.06999969482422,41.409481048583984,5406300,LLY
2014-01-14,52.13999938964844,52.54999923706055,51.869998931884766,52.439998626708984,41.7037239074707,4994500,LLY
2014-01-15,52.650001525878906,53.58000183105469,52.41999816894531,53.40999984741211,42.47514724731445,8427400,LLY
2014-01-16,53.59000015258789,55.63999938964844,53.59000015258789,55.29999923706055,43.97819900512695,12158200,LLY
2014-01-17,55.349998474121094,55.45000076293945,54.86000061035156,55.15999984741211,43.86684799194336,7850900,LLY
2014-01-21,55.349998474121094,55.790000915527344,54.88999938964844,55.59000015258789,44.20880889892578,5624400,LLY
2014-01-22,55.7400016784668,55.779998779296875,55.27000045776367,55.599998474121094,44.216766357421875,3342300,LLY
2014-01-23,55.380001068115234,55.380001068115234,54.619998931884766,55.150001525878906,43.858909606933594,5130300,LLY
2014-01-24,54.709999084472656,54.97999954223633,54.0,54.119998931884766,43.03977584838867,5943500,LLY
2014-01-27,54.220001220703125,54.66999816894531,53.810001373291016,54.130001068115234,43.047725677490234,6378300,LLY
2014-01-28,54.2599983215332,54.529998779296875,53.86000061035156,54.22999954223633,43.127254486083984,5771200,LLY
2014-01-29,54.189998626708984,54.220001220703125,53.56999969482422,53.90999984741211,42.87276077270508,7314000,LLY
2014-01-30,54.09000015258789,54.560001373291016,53.029998779296875,53.27000045776367,42.36381149291992,7277600,LLY
2014-01-31,53.119998931884766,54.060001373291016,52.869998931884766,54.0099983215332,42.952301025390625,8214700,LLY
2014-02-03,54.11000061035156,54.380001068115234,52.5099983215332,52.65999984741211,41.87868118286133,6997800,LLY
2014-02-04,52.849998474121094,53.20000076293945,52.400001525878906,53.099998474121094,42.22861099243164,6001900,LLY
2014-02-05,53.060001373291016,53.47999954223633,52.459999084472656,52.720001220703125,41.92641067504883,4467300,LLY
2014-02-06,52.91999816894531,52.97999954223633,52.45000076293945,52.720001220703125,41.92641067504883,4494400,LLY
2014-02-07,52.810001373291016,53.54999923706055,52.75,53.209999084472656,42.31608963012695,4488800,LLY
2014-02-10,52.75,53.9900016784668,52.290000915527344,53.970001220703125,42.92048645019531,4220500,LLY
2014-02-11,53.81999969482422,54.630001068115234,53.65999984741211,54.5099983215332,43.349937438964844,5869500,LLY
2014-02-12,54.150001525878906,54.150001525878906,53.119998931884766,53.31999969482422,42.78819274902344,6049500,LLY
2014-02-13,53.040000915527344,53.70000076293945,52.88999938964844,53.47999954223633,42.91659164428711,3769200,LLY
2014-02-14,53.40999984741211,54.369998931884766,53.33000183105469,54.20000076293945,43.49436569213867,3970200,LLY
2014-02-18,54.13999938964844,55.34000015258789,54.029998779296875,55.25,44.33698272705078,6844600,LLY
2014-02-19,57.29999923706055,58.20000076293945,56.54999923706055,58.09000015258789,46.616031646728516,16112300,LLY
2014-02-20,57.849998474121094,58.52000045776367,57.400001525878906,58.04999923706055,46.58392333984375,8991600,LLY
2014-02-21,58.099998474121094,58.7599983215332,57.77000045776367,57.959999084472656,46.51170349121094,6617300,LLY
2014-02-24,58.099998474121094,58.900001525878906,57.88999938964844,58.029998779296875,46.56786346435547,4142200,LLY
2014-02-25,57.9900016784668,58.84000015258789,57.93000030517578,58.47999954223633,46.92898941040039,5463600,LLY
2014-02-26,58.470001220703125,58.88999938964844,58.380001068115234,58.65999984741211,47.07343292236328,4598500,LLY
2014-02-27,58.54999923706055,59.650001525878906,58.45000076293945,59.540000915527344,47.77961349487305,5659200,LLY
2014-02-28,59.529998779296875,60.119998931884766,59.33000183105469,59.61000061035156,47.83578109741211,5882500,LLY
2014-03-03,58.95000076293945,59.5,58.810001373291016,59.029998779296875,47.37035369873047,4088000,LLY
2014-03-04,59.54999923706055,60.099998474121094,59.54999923706055,59.849998474121094,48.02838897705078,5599100,LLY
2014-03-05,59.939998626708984,59.970001220703125,59.220001220703125,59.43000030517578,47.69133758544922,3539300,LLY
2014-03-06,59.45000076293945,59.91999816894531,58.689998626708984,58.720001220703125,47.121578216552734,5075100,LLY
2014-03-07,58.88999938964844,59.08000183105469,58.150001525878906,58.59000015258789,47.01725387573242,4288600,LLY
2014-03-10,58.5099983215332,58.91999816894531,58.20000076293945,58.900001525878906,47.26603317260742,3978100,LLY
2014-03-11,58.91999816894531,59.02000045776367,58.31999969482422,58.43000030517578,46.888877868652344,3438800,LLY
2014-03-12,58.15999984741211,59.209999084472656,58.119998931884766,59.20000076293945,47.50675964355469,4546500,LLY
2014-03-13,59.2400016784668,59.33000183105469,58.22999954223633,58.34000015258789,46.81663131713867,4103700,LLY
2014-03-14,58.310001373291016,58.97999954223633,58.22999954223633,58.869998931884766,47.24195098876953,4201800,LLY
2014-03-17,59.119998931884766,59.290000915527344,58.650001525878906,58.869998931884766,47.24195098876953,3016200,LLY
2014-03-18,58.90999984741211,59.70000076293945,58.810001373291016,59.400001525878906,47.667274475097656,4082800,LLY
2014-03-19,59.349998474121094,59.7400016784668,58.630001068115234,59.04999923706055,47.38640594482422,2865900,LLY
2014-03-20,58.880001068115234,58.88999938964844,58.29999923706055,58.56999969482422,47.0012092590332,3546400,LLY
2014-03-21,58.880001068115234,59.75,57.7599983215332,57.779998779296875,46.367252349853516,7410400,LLY
2014-03-24,57.779998779296875,57.9900016784668,56.810001373291016,57.400001525878906,46.062313079833984,5910900,LLY
2014-03-25,57.45000076293945,57.84000015258789,56.939998626708984,57.209999084472656,45.90983200073242,6410000,LLY
2014-03-26,57.38999938964844,58.29999923706055,57.2400016784668,57.47999954223633,46.126502990722656,6628500,LLY
2014-03-27,57.5,58.119998931884766,57.16999816894531,57.529998779296875,46.16661834716797,5472500,LLY
2014-03-28,57.66999816894531,58.470001220703125,57.400001525878906,57.61000061035156,46.2308464050293,3117500,LLY
2014-03-31,57.939998626708984,59.130001068115234,57.810001373291016,58.86000061035156,47.23392868041992,5098900,LLY
2014-04-01,59.130001068115234,59.90999984741211,58.5099983215332,58.81999969482422,47.20183181762695,6344300,LLY
2014-04-02,59.16999816894531,59.279998779296875,58.75,59.150001525878906,47.466644287109375,3881400,LLY
2014-04-03,59.83000183105469,60.18000030517578,58.75,58.970001220703125,47.322200775146484,5446800,LLY
2014-04-04,59.220001220703125,59.959999084472656,58.93000030517578,59.0099983215332,47.35430145263672,5177900,LLY
2014-04-07,59.2599983215332,60.08000183105469,58.58000183105469,58.619998931884766,47.04132843017578,5522400,LLY
2014-04-08,58.0,58.93000030517578,57.599998474121094,58.58000183105469,47.00924301147461,6169800,LLY
2014-04-09,58.70000076293945,60.459999084472656,58.65999984741211,60.43000030517578,48.493812561035156,6638600,LLY
2014-04-10,60.400001525878906,60.400001525878906,58.529998779296875,58.65999984741211,47.07343292236328,5514500,LLY
2014-04-11,58.380001068115234,58.88999938964844,58.029998779296875,58.45000076293945,46.904911041259766,5351000,LLY
2014-04-14,58.91999816894531,59.650001525878906,58.29999923706055,58.95000076293945,47.30615234375,3675600,LLY
2014-04-15,59.189998626708984,59.689998626708984,58.279998779296875,59.41999816894531,47.68331527709961,4526200,LLY
2014-04-16,59.400001525878906,60.0,59.349998474121094,59.959999084472656,48.11665725708008,5321800,LLY
2014-04-17,59.72999954223633,60.45000076293945,59.619998931884766,60.43000030517578,48.493812561035156,4743000,LLY
2014-04-21,60.439998626708984,60.88999938964844,59.95000076293945,60.86000061035156,48.83888626098633,3343000,LLY
2014-04-22,60.970001220703125,61.150001525878906,59.970001220703125,60.029998779296875,48.17281723022461,6270800,LLY
2014-04-23,59.66999816894531,60.0099983215332,59.22999954223633,59.560001373291016,47.795650482177734,6555400,LLY
2014-04-24,58.310001373291016,59.18000030517578,57.349998474121094,58.68000030517578,47.0894889831543,7854500,LLY
2014-04-25,58.70000076293945,59.130001068115234,58.279998779296875,58.5,46.945037841796875,4260400,LLY
2014-04-28,59.66999816894531,59.66999816894531,58.15999984741211,58.970001220703125,47.322200775146484,4930700,LLY
2014-04-29,59.20000076293945,59.66999816894531,59.119998931884766,59.619998931884766,47.84381103515625,5110900,LLY
2014-04-30,59.5,59.58000183105469,58.65999984741211,59.099998474121094,47.426517486572266,5198100,LLY
2014-05-01,59.18000030517578,59.709999084472656,58.790000915527344,59.52000045776367,47.76356506347656,4173400,LLY
2014-05-02,59.36000061035156,59.630001068115234,58.75,59.08000183105469,47.410491943359375,4122500,LLY
2014-05-05,58.77000045776367,58.970001220703125,58.040000915527344,58.880001068115234,47.24998092651367,3805900,LLY
2014-05-06,58.7400016784668,59.599998474121094,58.45000076293945,58.560001373291016,46.99319839477539,4185900,LLY
2014-05-07,58.68000030517578,59.16999816894531,58.04999923706055,59.150001525878906,47.466644287109375,5453300,LLY
2014-05-08,59.08000183105469,59.5099983215332,58.790000915527344,59.5,47.747520446777344,11023900,LLY
2014-05-09,59.439998626708984,59.5,58.43000030517578,59.36000061035156,47.63516616821289,5098400,LLY
2014-05-12,59.959999084472656,60.04999923706055,59.060001373291016,59.41999816894531,47.68331527709961,4982700,LLY
2014-05-13,59.040000915527344,60.349998474121094,58.7599983215332,60.040000915527344,48.58148193359375,6843500,LLY
2014-05-14,60.04999923706055,60.4900016784668,60.0,60.099998474121094,48.63002395629883,4050200,LLY
2014-05-15,59.599998474121094,59.810001373291016,58.0099983215332,58.209999084472656,47.1007194519043,9782900,LLY
2014-05-16,57.97999954223633,58.5,57.810001373291016,58.34000015258789,47.20590591430664,8677100,LLY
2014-05-19,58.279998779296875,58.7599983215332,58.220001220703125,58.650001525878906,47.456764221191406,3564300,LLY
2014-05-20,58.650001525878906,58.869998931884766,58.34000015258789,58.65999984741211,47.46484375,3952800,LLY
2014-05-21,58.7599983215332,59.099998474121094,58.650001525878906,59.06999969482422,47.79661178588867,3020700,LLY
2014-05-22,59.130001068115234,59.86000061035156,58.70000076293945,59.720001220703125,48.32254409790039,3782400,LLY
2014-05-23,59.630001068115234,59.86000061035156,59.400001525878906,59.79999923706055,48.38726806640625,2624600,LLY
2014-05-27,60.0,60.0099983215332,59.439998626708984,59.72999954223633,48.33063507080078,4006600,LLY
2014-05-28,60.22999954223633,60.25,59.70000076293945,59.70000076293945,48.306358337402344,2604600,LLY
2014-05-29,59.90999984741211,60.0,59.36000061035156,59.470001220703125,48.120262145996094,3362100,LLY
2014-05-30,59.380001068115234,60.099998474121094,59.29999923706055,59.86000061035156,48.435813903808594,4803000,LLY
2014-06-02,59.75,59.86000061035156,58.849998474121094,59.4900016784668,48.136436462402344,3405700,LLY
2014-06-03,59.310001373291016,59.630001068115234,59.11000061035156,59.349998474121094,48.02314758300781,2798200,LLY
2014-06-04,59.18000030517578,59.45000076293945,58.9900016784668,59.220001220703125,47.917972564697266,2997400,LLY
2014-06-05,59.279998779296875,59.7599983215332,59.06999969482422,59.58000183105469,48.20927429199219,2753800,LLY
2014-06-06,59.849998474121094,59.849998474121094,59.380001068115234,59.630001068115234,48.249732971191406,2551300,LLY
2014-06-09,59.56999969482422,59.7599983215332,59.189998626708984,59.7400016784668,48.33872604370117,2570100,LLY
2014-06-10,59.81999969482422,59.81999969482422,59.09000015258789,59.75,48.34682083129883,2988000,LLY
2014-06-11,59.25,59.84000015258789,59.209999084472656,59.470001220703125,48.120262145996094,2977400,LLY
2014-06-12,59.27000045776367,59.5,58.709999084472656,58.880001068115234,47.642860412597656,3937400,LLY
2014-06-13,59.95000076293945,59.95000076293945,58.84000015258789,58.900001525878906,47.65904998779297,2881200,LLY
2014-06-16,58.939998626708984,59.16999816894531,58.5,58.83000183105469,47.60240936279297,3209200,LLY
2014-06-17,58.7599983215332,59.33000183105469,58.630001068115234,59.25,47.9422607421875,2805700,LLY
2014-06-18,59.369998931884766,60.0,59.060001373291016,59.9900016784668,48.54102325439453,3211600,LLY
2014-06-19,60.04999923706055,60.20000076293945,59.650001525878906,59.849998474121094,48.42774200439453,2431300,LLY
2014-06-20,60.66999816894531,62.13999938964844,60.290000915527344,62.029998779296875,50.191680908203125,11960600,LLY
2014-06-23,62.08000183105469,62.400001525878906,61.720001220703125,62.06999969482422,50.22404479980469,5103400,LLY
2014-06-24,61.9900016784668,62.400001525878906,61.59000015258789,61.88999938964844,50.07840347290039,3809500,LLY
2014-06-25,61.970001220703125,63.099998474121094,61.970001220703125,63.0,50.9765625,6416500,LLY
2014-06-26,62.84000015258789,63.099998474121094,62.439998626708984,63.040000915527344,51.008941650390625,3663000,LLY
2014-06-27,62.970001220703125,63.2599983215332,62.689998626708984,63.099998474121094,51.0574836730957,4643700,LLY
2014-06-30,63.34000015258789,63.380001068115234,62.060001373291016,62.16999816894531,50.304962158203125,4879100,LLY
2014-07-01,62.630001068115234,62.849998474121094,62.0,62.5,50.57198715209961,4109000,LLY
2014-07-02,62.45000076293945,63.08000183105469,62.119998931884766,62.70000076293945,50.73381805419922,3941000,LLY
2014-07-03,62.900001525878906,63.099998474121094,62.439998626708984,63.060001373291016,51.02511978149414,2709100,LLY
2014-07-07,62.83000183105469,63.22999954223633,62.31999969482422,62.61000061035156,50.66100311279297,2627300,LLY
2014-07-08,62.4900016784668,62.540000915527344,61.869998931884766,62.459999084472656,50.539634704589844,3449400,LLY
2014-07-09,62.529998779296875,62.709999084472656,62.27000045776367,62.619998931884766,50.66908645629883,2748600,LLY
2014-07-10,62.130001068115234,62.709999084472656,62.0,62.529998779296875,50.59626007080078,2619200,LLY
2014-07-11,62.439998626708984,62.95000076293945,62.27000045776367,62.84000015258789,50.84709548950195,2400700,LLY
2014-07-14,63.0,63.290000915527344,62.709999084472656,63.0099983215332,50.984657287597656,2436600,LLY
2014-07-15,63.0,63.119998931884766,62.72999954223633,62.86000061035156,50.863277435302734,3854400,LLY
2014-07-16,63.04999923706055,63.16999816894531,62.06999969482422,62.810001373291016,50.82283401489258,3885700,LLY
2014-07-17,62.36000061035156,62.869998931884766,62.13999938964844,62.2599983215332,50.377777099609375,3424700,LLY
2014-07-18,62.47999954223633,63.5,62.31999969482422,63.470001220703125,51.356868743896484,3281400,LLY
2014-07-21,63.0,63.689998626708984,62.75,63.63999938964844,51.494415283203125,3479400,LLY
2014-07-22,63.81999969482422,64.1500015258789,63.439998626708984,63.720001220703125,51.55916976928711,3101800,LLY
2014-07-23,63.93000030517578,64.44000244140625,63.79999923706055,64.25,51.988014221191406,5559900,LLY
2014-07-24,64.0999984741211,65.69999694824219,63.79999923706055,64.37000274658203,52.08510971069336,5090200,LLY
2014-07-25,64.0199966430664,64.0999984741211,63.4900016784668,63.779998779296875,51.607723236083984,2987400,LLY
2014-07-28,63.779998779296875,64.80000305175781,62.869998931884766,63.38999938964844,51.29212951660156,3956600,LLY
2014-07-29,63.70000076293945,63.810001373291016,62.61000061035156,62.77000045776367,50.79045867919922,5287400,LLY
2014-07-30,63.13999938964844,63.18000030517578,62.27000045776367,62.619998931884766,50.66908645629883,3974000,LLY
2014-07-31,61.970001220703125,62.45000076293945,60.939998626708984,61.060001373291016,49.406803131103516,5485600,LLY
2014-08-01,61.0099983215332,61.060001373291016,60.189998626708984,60.68000030517578,49.09933853149414,6884700,LLY
2014-08-04,61.0,61.689998626708984,60.75,61.630001068115234,49.868038177490234,4379100,LLY
2014-08-05,61.5,61.70000076293945,60.7400016784668,60.869998931884766,49.253074645996094,3389600,LLY
2014-08-06,60.90999984741211,61.41999816894531,60.709999084472656,61.11000061035156,49.447265625,2682800,LLY
2014-08-07,61.400001525878906,61.41999816894531,60.13999938964844,60.349998474121094,48.832313537597656,2352400,LLY
2014-08-08,60.47999954223633,61.040000915527344,60.34000015258789,60.97999954223633,49.342079162597656,2665400,LLY
2014-08-11,61.349998474121094,61.869998931884766,61.060001373291016,61.08000183105469,49.42299270629883,2850400,LLY
2014-08-12,61.06999969482422,61.459999084472656,61.0,61.369998931884766,49.657649993896484,3481500,LLY
2014-08-13,61.2400016784668,61.4900016784668,60.459999084472656,60.59000015258789,49.42110824584961,4136900,LLY
2014-08-14,60.779998779296875,61.220001220703125,60.779998779296875,61.189998626708984,49.91050338745117,1801600,LLY
2014-08-15,61.33000183105469,61.459999084472656,60.5,60.84000015258789,49.625022888183594,3075600,LLY
2014-08-18,61.18000030517578,61.45000076293945,61.06999969482422,61.349998474121094,50.041015625,2198300,LLY
2014-08-19,61.88999938964844,62.36000061035156,61.31999969482422,62.15999984741211,50.70170974731445,3523200,LLY
2014-08-20,61.939998626708984,62.2400016784668,61.66999816894531,62.0099983215332,50.57935333251953,2082200,LLY
2014-08-21,62.369998931884766,62.439998626708984,61.90999984741211,62.029998779296875,50.59564971923828,2846000,LLY
2014-08-22,62.0099983215332,62.810001373291016,61.900001525878906,62.31999969482422,50.83220672607422,3147200,LLY
2014-08-25,62.43000030517578,63.130001068115234,62.189998626708984,62.72999954223633,51.16661834716797,2078700,LLY
2014-08-26,62.709999084472656,63.02000045776367,62.619998931884766,62.810001373291016,51.231876373291016,1927700,LLY
2014-08-27,63.189998626708984,63.290000915527344,62.79999923706055,63.0,51.386863708496094,3082100,LLY
2014-08-28,62.810001373291016,63.27000045776367,62.540000915527344,63.11000061035156,51.47657012939453,2162000,LLY
2014-08-29,63.369998931884766,63.59000015258789,62.970001220703125,63.560001373291016,51.8436279296875,3388300,LLY
2014-09-02,63.599998474121094,63.869998931884766,63.47999954223633,63.68000030517578,51.941505432128906,3470600,LLY
2014-09-03,63.90999984741211,64.16000366210938,63.75,64.1500015258789,52.324867248535156,4701200,LLY
2014-09-04,64.12000274658203,64.37000274658203,64.0,64.22000122070312,52.381961822509766,5792000,LLY
2014-09-05,64.11000061035156,64.81999969482422,63.970001220703125,64.72000122070312,52.78980255126953,5457200,LLY
2014-09-08,64.62000274658203,65.25,64.58999633789062,65.0,53.018192291259766,4264100,LLY
2014-09-09,64.7300033569336,64.83000183105469,64.0999984741211,64.44000244140625,52.56141662597656,4745800,LLY
2014-09-10,64.83999633789062,64.95999908447266,64.33000183105469,64.77999877929688,52.8387451171875,3893000,LLY
2014-09-11,64.6500015258789,65.19000244140625,64.55999755859375,65.18000030517578,53.165008544921875,3577000,LLY
2014-09-12,65.25,65.54000091552734,65.0,65.2699966430664,53.23841094970703,5376800,LLY
2014-09-15,65.13999938964844,65.23999786376953,64.79000091552734,65.19000244140625,53.17317581176758,2720900,LLY
2014-09-16,65.25,65.91000366210938,64.9000015258789,65.80000305175781,53.670711517333984,2867100,LLY
2014-09-17,65.7699966430664,66.18000030517578,65.66000366210938,65.91000366210938,53.76045227050781,5096200,LLY
2014-09-18,66.08000183105469,66.66000366210938,66.04000091552734,66.58999633789062,54.31508255004883,4326900,LLY
2014-09-19,66.98999786376953,67.13999938964844,66.4000015258789,66.52999877929688,54.26614761352539,6504900,LLY
2014-09-22,66.31999969482422,66.36000061035156,65.75,66.08000183105469,53.89910888671875,3981700,LLY
2014-09-23,65.6500015258789,66.12000274658203,65.5,65.94999694824219,53.79306411743164,2718900,LLY
2014-09-24,66.31999969482422,66.55000305175781,66.08000183105469,66.19000244140625,53.98884201049805,3273600,LLY
2014-09-25,65.97000122070312,66.13999938964844,65.5,65.58000183105469,53.49126434326172,3122600,LLY
2014-09-26,65.80000305175781,65.80000305175781,64.98999786376953,65.4800033569336,53.40971755981445,2925400,LLY
2014-09-29,65.05999755859375,65.44999694824219,64.83000183105469,65.33999633789062,53.29550552368164,3520600,LLY
2014-09-30,65.43000030517578,65.56999969482422,64.83000183105469,64.8499984741211,52.89583206176758,4945700,LLY
2014-10-01,65.87999725341797,65.87999725341797,64.69999694824219,65.08000183105469,53.08344268798828,4246900,LLY
2014-10-02,65.08999633789062,65.1500015258789,64.37999725341797,64.83000183105469,52.87952423095703,4306900,LLY
2014-10-03,65.22000122070312,65.76000213623047,65.12000274658203,65.66999816894531,53.56467819213867,3609800,LLY
2014-10-06,65.93000030517578,65.97000122070312,65.38999938964844,65.62000274658203,53.523902893066406,3428800,LLY
2014-10-07,65.12999725341797,65.19000244140625,64.0999984741211,64.22000122070312,52.381961822509766,6157400,LLY
2014-10-08,63.849998474121094,65.26000213623047,63.400001525878906,65.23999786376953,53.21394348144531,3411200,LLY
2014-10-09,64.94000244140625,65.37999725341797,64.29000091552734,64.30000305175781,52.44721984863281,3632100,LLY
2014-10-10,64.0199966430664,65.11000061035156,63.83000183105469,64.1500015258789,52.324867248535156,3281200,LLY
2014-10-13,64.05999755859375,64.5199966430664,63.22999954223633,63.279998779296875,51.615230560302734,4030300,LLY
2014-10-14,63.75,63.939998626708984,62.77000045776367,63.13999938964844,51.50106430053711,4432900,LLY
2014-10-15,61.90999984741211,63.13999938964844,60.58000183105469,62.869998931884766,51.28082275390625,6814100,LLY
2014-10-16,62.02000045776367,62.54999923706055,61.099998474121094,61.900001525878906,50.48963165283203,5488400,LLY
2014-10-17,62.45000076293945,62.810001373291016,61.900001525878906,62.58000183105469,51.044281005859375,5329400,LLY
2014-10-20,62.630001068115234,63.099998474121094,62.400001525878906,63.099998474121094,51.468421936035156,2900700,LLY
2014-10-21,63.40999984741211,64.75,63.40999984741211,64.68000030517578,52.757171630859375,3478200,LLY
2014-10-22,64.58999633789062,65.30000305175781,64.58000183105469,64.68000030517578,52.757171630859375,4294500,LLY
2014-10-23,64.2699966430664,65.19999694824219,63.779998779296875,64.3499984741211,52.488006591796875,6343000,LLY
2014-10-24,64.58000183105469,66.23999786376953,64.4000015258789,66.05000305175781,53.87464141845703,4784700,LLY
2014-10-27,65.94000244140625,66.62000274658203,65.79000091552734,66.19999694824219,53.99697494506836,4112500,LLY
2014-10-28,66.0,66.0999984741211,63.7400016784668,64.83000183105469,52.87952423095703,8981000,LLY
2014-10-29,65.0,65.97000122070312,64.77999877929688,65.48999786376953,53.4178581237793,6196800,LLY
2014-10-30,65.4000015258789,66.9800033569336,65.30999755859375,66.80000305175781,54.48637390136719,4134900,LLY
2014-10-31,67.30000305175781,67.43000030517578,65.91000366210938,66.33000183105469,54.103031158447266,4471900,LLY
2014-11-03,66.05000305175781,66.66000366210938,66.02999877929688,66.54000091552734,54.27429962158203,3465400,LLY
2014-11-04,66.87999725341797,67.2300033569336,66.44999694824219,67.16999816894531,54.788169860839844,4057800,LLY
2014-11-05,67.41999816894531,67.61000061035156,66.76000213623047,66.98999786376953,54.641357421875,3073900,LLY
2014-11-06,67.02999877929688,67.2300033569336,66.6500015258789,66.95999908447266,54.616878509521484,3091800,LLY
2014-11-07,66.81999969482422,66.93000030517578,66.25,66.5999984741211,54.3232421875,3796800,LLY
2014-11-10,66.81999969482422,68.41999816894531,66.41999816894531,68.3499984741211,55.75066375732422,4438100,LLY
2014-11-11,68.3499984741211,68.66999816894531,67.80999755859375,67.8499984741211,55.34280776977539,5282300,LLY
2014-11-12,67.3499984741211,67.8499984741211,67.0199966430664,67.4000015258789,55.37568664550781,4499400,LLY
2014-11-13,67.68000030517578,68.16000366210938,67.41000366210938,67.68000030517578,55.605751037597656,3292700,LLY
2014-11-14,67.68000030517578,67.72000122070312,67.12000274658203,67.33000183105469,55.31818771362305,2333300,LLY
2014-11-17,67.06999969482422,67.3499984741211,66.94000244140625,67.29000091552734,55.28532028198242,3309300,LLY
2014-11-18,67.19000244140625,68.0,67.01000213623047,67.77999877929688,55.68791198730469,3705400,LLY
2014-11-19,67.66000366210938,67.66000366210938,66.91000366210938,67.20999908447266,55.219600677490234,3126000,LLY
2014-11-20,66.95999908447266,67.08000183105469,66.55999755859375,66.80000305175781,54.882728576660156,2467600,LLY
2014-11-21,67.44999694824219,67.5,67.02999877929688,67.36000061035156,55.34282302856445,5892000,LLY
2014-11-24,67.61000061035156,67.66999816894531,66.8499984741211,66.93000030517578,54.98954391479492,4574100,LLY
2014-11-25,66.86000061035156,67.22000122070312,66.75,66.8499984741211,54.9238166809082,4380000,LLY
2014-11-26,67.02999877929688,67.38999938964844,66.88999938964844,67.31999969482422,55.309974670410156,2372900,LLY
2014-11-28,67.7300033569336,68.55000305175781,67.5999984741211,68.12000274658203,55.96724319458008,2237800,LLY
2014-12-01,67.97000122070312,68.7699966430664,67.5999984741211,68.51000213623047,56.28766632080078,4669500,LLY
2014-12-02,68.62999725341797,70.7699966430664,68.58999633789062,70.37999725341797,57.82404708862305,8413400,LLY
2014-12-03,70.27999877929688,71.16000366210938,70.0,71.12999725341797,58.440269470214844,6423400,LLY
2014-12-04,70.9800033569336,72.44000244140625,70.83999633789062,72.37999725341797,59.467262268066406,6516600,LLY
2014-12-05,72.08999633789062,72.20999908447266,71.68000030517578,71.8499984741211,59.03179168701172,5787500,LLY
2014-12-08,71.97000122070312,72.86000061035156,71.81999969482422,72.83000183105469,59.83695983886719,4915100,LLY
2014-12-09,72.18000030517578,72.26000213623047,71.52999877929688,72.20999908447266,59.327579498291016,3794600,LLY
2014-12-10,71.9000015258789,72.19999694824219,71.0,71.05000305175781,58.37451934814453,4117600,LLY
2014-12-11,73.62999725341797,75.0999984741211,71.54000091552734,71.61000061035156,58.83462142944336,10901500,LLY
2014-12-12,71.45999908447266,71.6500015258789,69.47000122070312,69.55000305175781,57.142120361328125,7844400,LLY
2014-12-15,69.68000030517578,70.72000122070312,69.41999816894531,69.66999816894531,57.240726470947266,5718800,LLY
2014-12-16,69.38999938964844,71.3499984741211,69.02999877929688,69.26000213623047,56.90386199951172,4916700,LLY
2014-12-17,69.55999755859375,70.69999694824219,69.2300033569336,70.27999877929688,57.74189758300781,5506500,LLY
2014-12-18,71.19999694824219,72.4800033569336,70.91000366210938,72.44999694824219,59.524757385253906,5875600,LLY
2014-12-19,72.23999786376953,72.66000366210938,71.33000183105469,72.4000015258789,59.48367691040039,8311300,LLY
2014-12-22,70.94000244140625,71.58999633789062,70.25,71.41999816894531,58.678497314453125,4622900,LLY
2014-12-23,71.66999816894531,71.7300033569336,69.01000213623047,69.73999786376953,57.298221588134766,4768100,LLY
2014-12-24,70.04000091552734,70.70999908447266,70.04000091552734,70.16000366210938,57.64330291748047,1507000,LLY
2014-12-26,70.29000091552734,70.98999786376953,70.26000213623047,70.38999938964844,57.832271575927734,1438200,LLY
2014-12-29,69.91999816894531,70.38999938964844,69.88999938964844,70.0999984741211,57.59400939941406,1739600,LLY
2014-12-30,69.87999725341797,70.16000366210938,69.44000244140625,69.63999938964844,57.216064453125,2726100,LLY
2014-12-31,69.94000244140625,70.5,68.93000030517578,68.98999786376953,56.68202590942383,2491000,LLY
2015-01-02,69.7699966430664,70.81999969482422,69.72000122070312,70.05999755859375,57.56113815307617,3146200,LLY
2015-01-05,69.7300033569336,70.08999633789062,69.1500015258789,69.37000274658203,56.99423599243164,4845500,LLY
2015-01-06,69.91999816894531,70.91000366210938,69.19999694824219,69.72000122070312,57.28179931640625,5127400,LLY
2015-01-07,70.02999877929688,70.52999877929688,68.44999694824219,69.2300033569336,56.87921142578125,9043000,LLY
2015-01-08,70.0,71.48999786376953,69.66000366210938,70.87000274658203,58.226646423339844,7472200,LLY
2015-01-09,70.02999877929688,70.11000061035156,69.01000213623047,69.93000030517578,57.45433044433594,8141700,LLY
2015-01-12,70.22000122070312,70.61000061035156,69.27999877929688,69.41999816894531,57.03532409667969,5797600,LLY
2015-01-13,70.06999969482422,70.80000305175781,68.80999755859375,69.37999725341797,57.002464294433594,3364800,LLY
2015-01-14,68.7699966430664,69.87999725341797,68.70999908447266,69.76000213623047,57.31466293334961,3376100,LLY
2015-01-15,70.44000244140625,71.2699966430664,69.7300033569336,69.73999786376953,57.298221588134766,4055000,LLY
2015-01-16,69.58999633789062,70.87999725341797,69.44000244140625,70.68000030517578,58.070552825927734,4263300,LLY
2015-01-20,70.87000274658203,72.0999984741211,70.87000274658203,72.02999877929688,59.1796760559082,6163300,LLY
2015-01-21,71.62000274658203,72.5,71.11000061035156,72.23999786376953,59.35224914550781,5195900,LLY
2015-01-22,72.69000244140625,72.69000244140625,71.63999938964844,72.45999908447266,59.53297424316406,4582800,LLY
2015-01-23,72.45999908447266,72.86000061035156,72.05000305175781,72.12999725341797,59.261837005615234,2903200,LLY
2015-01-26,71.86000061035156,72.16999816894531,71.05999755859375,72.11000061035156,59.24543762207031,3466600,LLY
2015-01-27,71.76000213623047,72.13999938964844,71.44999694824219,71.7300033569336,58.933197021484375,3661600,LLY
2015-01-28,72.11000061035156,72.37999725341797,70.76000213623047,70.97000122070312,58.30880355834961,3105200,LLY
2015-01-29,70.97000122070312,72.16000366210938,70.41999816894531,72.11000061035156,59.24543762207031,4416600,LLY
2015-01-30,73.0199966430664,73.47000122070312,71.58000183105469,72.0,59.1550407409668,6720100,LLY
2015-02-02,71.87000274658203,72.0,70.2300033569336,71.69000244140625,58.90035629272461,6274500,LLY
2015-02-03,71.58999633789062,71.63999938964844,69.8499984741211,70.88999938964844,58.2430534362793,6811500,LLY
2015-02-04,70.2300033569336,70.48999786376953,69.7699966430664,70.22000122070312,57.69259262084961,5376400,LLY
2015-02-05,70.69999694824219,71.56999969482422,70.68000030517578,71.41000366210938,58.6702880859375,3847000,LLY
2015-02-06,71.16000366210938,71.38999938964844,70.23999786376953,70.36000061035156,57.8076286315918,3246000,LLY
2015-02-09,70.0,70.26000213623047,69.37999725341797,69.61000061035156,57.19142532348633,3771200,LLY
2015-02-10,70.11000061035156,70.55999755859375,69.88999938964844,70.5,57.92263412475586,6888000,LLY
2015-02-11,70.0,70.62000274658203,69.69999694824219,69.94999694824219,57.88127517700195,3456400,LLY
2015-02-12,70.19000244140625,70.55000305175781,69.83000183105469,70.52999877929688,58.361183166503906,3383500,LLY
2015-02-13,70.69000244140625,70.88999938964844,70.19000244140625,70.55999755859375,58.386009216308594,2691900,LLY
2015-02-17,70.41000366210938,71.62999725341797,70.30000305175781,71.55999755859375,59.2134895324707,3971600,LLY
2015-02-18,71.41000366210938,71.44999694824219,70.19999694824219,71.01000213623047,58.75840377807617,3800000,LLY
2015-02-19,70.83000183105469,71.29000091552734,70.7699966430664,71.12000274658203,58.84941864013672,2337000,LLY
2015-02-20,70.97000122070312,71.95999908447266,70.2699966430664,71.87999725341797,59.478267669677734,3461700,LLY
2015-02-23,71.80999755859375,71.91999816894531,70.70999908447266,71.08999633789062,58.82456588745117,3378600,LLY
2015-02-24,71.0,71.5,70.51000213623047,70.9000015258789,58.6673583984375,3158600,LLY
2015-02-25,70.87000274658203,70.87000274658203,70.05000305175781,70.36000061035156,58.22053909301758,3029500,LLY
2015-02-26,70.16999816894531,70.30999755859375,69.54000091552734,70.02999877929688,57.94746780395508,4544900,LLY
2015-02-27,69.94999694824219,70.5,69.91000366210938,70.16999816894531,58.06332015991211,3353200,LLY
2015-03-02,70.16999816894531,71.13999938964844,70.16000366210938,71.12000274658203,58.84941864013672,3815100,LLY
2015-03-03,71.12000274658203,71.1500015258789,70.08999633789062,70.37000274658203,58.22880935668945,4137300,LLY
2015-03-04,70.01000213623047,70.81999969482422,69.80999755859375,70.6500015258789,58.46051025390625,3005100,LLY
2015-03-05,70.73999786376953,71.08999633789062,70.4000015258789,70.58999633789062,58.410858154296875,3465900,LLY
2015-03-06,70.26000213623047,70.26000213623047,68.30999755859375,68.41000366210938,56.606956481933594,5880800,LLY
2015-03-09,68.73999786376953,69.73999786376953,68.41999816894531,69.58000183105469,57.57512664794922,5848000,LLY
2015-03-10,69.12000274658203,69.43000030517578,68.55000305175781,68.77999877929688,56.91314697265625,3664900,LLY
2015-03-11,68.88999938964844,69.33000183105469,68.41000366210938,68.45999908447266,56.64834976196289,3424500,LLY
2015-03-12,68.75,69.62999725341797,68.54000091552734,69.55999755859375,57.558555603027344,2724000,LLY
2015-03-13,69.41000366210938,70.05000305175781,69.13999938964844,69.88999938964844,57.831626892089844,3223800,LLY
2015-03-16,70.2699966430664,71.4000015258789,70.18000030517578,71.06999969482422,58.80804443359375,3922300,LLY
2015-03-17,70.70999908447266,71.26000213623047,70.33000183105469,70.83999633789062,58.617706298828125,2572500,LLY
2015-03-18,70.9000015258789,74.16999816894531,70.69000244140625,73.54000091552734,60.85187530517578,6436200,LLY
2015-03-19,73.26000213623047,74.58000183105469,72.58999633789062,74.22000122070312,61.41453552246094,7051200,LLY
2015-03-20,75.22000122070312,76.19999694824219,74.54000091552734,76.12000274658203,62.986751556396484,10713900,LLY
2015-03-23,76.0199966430664,77.45999908447266,75.94999694824219,76.36000061035156,63.185333251953125,6284400,LLY
2015-03-24,76.2699966430664,76.69999694824219,75.36000061035156,75.55999755859375,62.52336502075195,5111600,LLY
2015-03-25,75.66000366210938,76.4800033569336,74.36000061035156,74.36000061035156,61.53042221069336,5431600,LLY
2015-03-26,74.0,74.3499984741211,73.41999816894531,73.44000244140625,60.76912307739258,4023500,LLY
2015-03-27,73.62000274658203,73.98999786376953,73.19999694824219,73.58000183105469,60.88499069213867,4171600,LLY
2015-03-30,74.0,74.19999694824219,73.66999816894531,73.87000274658203,61.124942779541016,3370700,LLY
2015-03-31,73.3499984741211,73.9800033569336,72.6500015258789,72.6500015258789,60.11544418334961,4348000,LLY
2015-04-01,72.91999816894531,72.97000122070312,71.06999969482422,71.52999877929688,59.18867492675781,5875800,LLY
2015-04-02,71.45999908447266,71.77999877929688,70.52999877929688,71.23999786376953,58.94871520996094,3781800,LLY
2015-04-06,71.12999725341797,71.70999908447266,70.83999633789062,71.30999755859375,59.00661849975586,3936900,LLY
2015-04-07,71.25,72.08000183105469,71.18000030517578,71.69999694824219,59.32933807373047,3128100,LLY
2015-04-08,71.91999816894531,72.27999877929688,71.54000091552734,72.1500015258789,59.70169448852539,3215400,LLY
2015-04-09,72.22000122070312,72.55999755859375,71.9000015258789,72.36000061035156,59.875450134277344,2595800,LLY
2015-04-10,72.5,73.9800033569336,72.25,73.91999816894531,61.166297912597656,3956400,LLY
2015-04-13,73.27999877929688,73.63999938964844,73.11000061035156,73.5199966430664,60.83530807495117,4351500,LLY
2015-04-14,73.30000305175781,73.75,73.0999984741211,73.45999908447266,60.785682678222656,3950600,LLY
2015-04-15,73.54000091552734,74.0199966430664,73.30000305175781,73.70999908447266,60.99253463745117,4358700,LLY
2015-04-16,73.61000061035156,74.0,73.38999938964844,73.48999786376953,60.810516357421875,2880000,LLY
2015-04-17,73.01000213623047,73.19999694824219,71.95999908447266,72.47000122070312,59.96649169921875,4386700,LLY
2015-04-20,73.0,73.26000213623047,72.30000305175781,72.41000366210938,59.916831970214844,2540400,LLY
2015-04-21,72.9800033569336,73.12000274658203,72.05999755859375,72.20999908447266,59.7513427734375,4048400,LLY
2015-04-22,72.47000122070312,72.47000122070312,71.87999725341797,72.30000305175781,59.825809478759766,3506100,LLY
2015-04-23,72.87999725341797,72.94000244140625,71.06999969482422,72.4000015258789,59.9085578918457,5448700,LLY
2015-04-24,72.22000122070312,72.43000030517578,71.26000213623047,71.58000183105469,59.23004913330078,3816300,LLY
2015-04-27,71.93000030517578,72.16999816894531,70.62999725341797,70.88999938964844,58.65907669067383,5328400,LLY
2015-04-28,70.62000274658203,71.27999877929688,70.19999694824219,71.18000030517578,58.8990592956543,4557900,LLY
2015-04-29,71.86000061035156,72.81999969482422,71.83999633789062,72.27999877929688,59.80924987792969,6789600,LLY
2015-04-30,71.95999908447266,72.61000061035156,71.43000030517578,71.87000274658203,59.47000503540039,5479300,LLY
2015-05-01,72.26000213623047,73.33000183105469,71.25,73.12000274658203,60.504356384277344,6533400,LLY
2015-05-04,73.25,73.58999633789062,72.8499984741211,73.05000305175781,60.4464111328125,4040700,LLY
2015-05-05,72.83000183105469,72.97000122070312,71.81999969482422,71.91000366210938,59.503108978271484,3735900,LLY
2015-05-06,71.97000122070312,72.27999877929688,71.54000091552734,72.05000305175781,59.61893844604492,3567600,LLY
2015-05-07,71.75,72.29000091552734,71.72000122070312,71.81999969482422,59.42863464355469,3628100,LLY
2015-05-08,72.5,73.69999694824219,72.5,73.26000213623047,60.62020492553711,3713300,LLY
2015-05-11,73.26000213623047,73.98999786376953,73.19000244140625,73.47000122070312,60.793968200683594,2958600,LLY
2015-05-12,73.13999938964844,73.13999938964844,72.30999755859375,72.44000244140625,59.941654205322266,3152800,LLY
2015-05-13,72.76000213623047,73.2300033569336,72.48999786376953,72.80000305175781,60.239559173583984,2682100,LLY
2015-05-14,72.68000030517578,73.22000122070312,72.43000030517578,73.05999755859375,60.872779846191406,3364300,LLY
2015-05-15,73.2300033569336,73.41999816894531,72.58999633789062,72.9000015258789,60.73944091796875,3464400,LLY
2015-05-18,73.05000305175781,73.08999633789062,72.62000274658203,72.94000244140625,60.77279281616211,2162000,LLY
2015-05-19,72.81999969482422,73.58000183105469,72.62999725341797,73.44999694824219,61.19771194458008,3548000,LLY
2015-05-20,73.44999694824219,73.69000244140625,73.18000030517578,73.36000061035156,61.122745513916016,1980300,LLY
2015-05-21,73.33999633789062,74.3499984741211,73.18000030517578,74.2699966430664,61.88092041015625,3288200,LLY
2015-05-22,74.05000305175781,74.33000183105469,73.87000274658203,74.30000305175781,61.905921936035156,3023400,LLY
2015-05-26,73.95999908447266,74.37000274658203,73.81999969482422,74.30999755859375,61.91425704956055,4194600,LLY
2015-05-27,74.36000061035156,74.98999786376953,74.13999938964844,74.9000015258789,62.40583419799805,2901100,LLY
2015-05-28,74.80000305175781,76.4800033569336,74.73999786376953,76.41000366210938,63.66395950317383,4823600,LLY
2015-05-29,76.1500015258789,79.55000305175781,76.0199966430664,78.9000015258789,65.73858642578125,11917000,LLY
2015-06-01,78.91999816894531,79.8499984741211,78.77999877929688,79.0,65.82191467285156,4866500,LLY
2015-06-02,78.76000213623047,78.76000213623047,77.51000213623047,77.94999694824219,64.94706726074219,4467700,LLY
2015-06-03,78.0,78.16999816894531,77.27999877929688,77.83000183105469,64.84708404541016,3270800,LLY
2015-06-04,77.33999633789062,78.5999984741211,77.33000183105469,77.68000030517578,64.72209167480469,3786500,LLY
2015-06-05,77.55999755859375,78.26000213623047,76.98999786376953,78.12000274658203,65.08871459960938,2788900,LLY
2015-06-08,77.9800033569336,78.8499984741211,77.83000183105469,78.5199966430664,65.4219741821289,6065900,LLY
2015-06-09,78.37000274658203,82.88999938964844,78.01000213623047,82.7699966430664,68.96305084228516,10109100,LLY
2015-06-10,81.98999786376953,83.48999786376953,81.30999755859375,83.18000030517578,69.30464935302734,13169400,LLY
2015-06-11,83.11000061035156,87.23999786376953,83.08000183105469,86.58999633789062,72.14582061767578,16740800,LLY
2015-06-12,85.88999938964844,86.0,83.08999633789062,84.20999908447266,70.1628189086914,12630500,LLY
2015-06-15,83.56999969482422,84.61000061035156,83.08999633789062,84.08000183105469,70.05450439453125,5462700,LLY
2015-06-16,83.91000366210938,85.31999969482422,83.62999725341797,84.77999877929688,70.63772583007812,5694500,LLY
2015-06-17,84.68000030517578,84.68000030517578,83.01000213623047,83.52999877929688,69.59627532958984,5968200,LLY
2015-06-18,83.88999938964844,84.37000274658203,82.75,83.04000091552734,69.18800354003906,7251500,LLY
2015-06-19,82.47000122070312,83.20999908447266,82.31999969482422,82.62999725341797,68.84639739990234,6907000,LLY
2015-06-22,83.30000305175781,83.44000244140625,82.8499984741211,82.91999816894531,69.0880126953125,3537100,LLY
2015-06-23,83.75,83.75,82.44999694824219,82.66999816894531,68.87970733642578,3643500,LLY
2015-06-24,82.5,83.08000183105469,82.26000213623047,82.26000213623047,68.53810119628906,4212100,LLY
2015-06-25,84.16000366210938,86.9000015258789,84.08000183105469,84.80000305175781,70.65440368652344,9630100,LLY
2015-06-26,85.19000244140625,85.93000030517578,84.58000183105469,85.8499984741211,71.52924346923828,14369800,LLY
2015-06-29,85.3499984741211,85.58000183105469,83.7300033569336,83.77999877929688,69.80455017089844,4441900,LLY
2015-06-30,84.5,84.56999969482422,83.38999938964844,83.48999786376953,69.56295013427734,4261200,LLY
2015-07-01,83.80000305175781,84.95999908447266,83.5999984741211,84.8499984741211,70.69606018066406,3629100,LLY
2015-07-02,85.20999908447266,86.23999786376953,84.69000244140625,86.13999938964844,71.7708969116211,5128100,LLY
2015-07-06,85.30999755859375,86.44000244140625,85.25,86.3499984741211,71.94586944580078,5062900,LLY
2015-07-07,86.63999938964844,88.77999877929688,86.05999755859375,88.7300033569336,73.92884063720703,6912300,LLY
2015-07-08,88.2699966430664,88.5,87.16999816894531,87.25,72.69572448730469,5330000,LLY
2015-07-09,88.0,88.30999755859375,86.9000015258789,87.4800033569336,72.88734436035156,4767600,LLY
2015-07-10,88.30000305175781,88.45999908447266,87.69999694824219,88.29000091552734,73.56221771240234,4471200,LLY
2015-07-13,89.13999938964844,90.18000030517578,88.66999816894531,88.81999969482422,74.00383758544922,5940500,LLY
2015-07-14,89.05000305175781,89.0999984741211,87.8499984741211,88.76000213623047,73.9538345336914,6028700,LLY
2015-07-15,87.79000091552734,88.16999816894531,86.0999984741211,86.37999725341797,71.97084045410156,6615900,LLY
2015-07-16,86.80000305175781,87.45999908447266,86.58000183105469,87.16999816894531,72.6290512084961,5578000,LLY
2015-07-17,87.0,87.44000244140625,86.62000274658203,87.37000274658203,72.79569244384766,4430100,LLY
2015-07-20,87.69999694824219,87.91999816894531,87.2699966430664,87.87000274658203,73.21231842041016,4320500,LLY
2015-07-21,87.58000183105469,87.69000244140625,85.5199966430664,85.56999969482422,71.29596710205078,8065300,LLY
2015-07-22,83.31999969482422,86.80000305175781,81.5,86.37999725341797,71.97084045410156,12677800,LLY
2015-07-23,89.05999755859375,89.87000274658203,85.62000274658203,86.76000213623047,72.28743743896484,5258500,LLY
2015-07-24,86.0,86.20999908447266,84.16000366210938,84.72000122070312,70.58775329589844,3460300,LLY
2015-07-27,84.5,84.61000061035156,83.33999633789062,84.1500015258789,70.11284637451172,5420600,LLY
2015-07-28,84.70999908447266,85.69999694824219,84.5,85.68000030517578,71.38761138916016,3027800,LLY
2015-07-29,85.91000366210938,85.98999786376953,84.70999908447266,85.08999633789062,70.89603424072266,2711800,LLY
2015-07-30,84.26000213623047,84.97000122070312,83.9800033569336,84.54000091552734,70.43777465820312,3867800,LLY
2015-07-31,84.87999725341797,85.26000213623047,84.37999725341797,84.51000213623047,70.41278839111328,4113600,LLY
2015-08-03,84.80999755859375,85.0,83.52999877929688,84.13999938964844,70.1044921875,4815500,LLY
2015-08-04,84.48999786376953,84.98999786376953,83.8499984741211,84.05000305175781,70.029541015625,2848200,LLY
2015-08-05,84.68000030517578,85.08000183105469,83.97000122070312,84.7300033569336,70.59610748291016,3776800,LLY
2015-08-06,85.13999938964844,85.13999938964844,81.23999786376953,82.69999694824219,68.90471649169922,3866500,LLY
2015-08-07,82.5,82.69000244140625,80.6500015258789,82.2699966430664,68.54645538330078,4545300,LLY
2015-08-10,82.81999969482422,83.7699966430664,82.44000244140625,83.51000213623047,69.57959747314453,3211600,LLY
2015-08-11,82.80999755859375,83.75,82.7300033569336,83.54000091552734,69.60460662841797,3205600,LLY
2015-08-12,82.70999908447266,83.5,81.63999938964844,83.37999725341797,69.88957977294922,2826900,LLY
2015-08-13,83.19999694824219,83.75,82.88999938964844,83.02999877929688,69.59619903564453,2253900,LLY
2015-08-14,82.91000366210938,83.94999694824219,82.79000091552734,83.91000366210938,70.33384704589844,2280200,LLY
2015-08-17,83.26000213623047,83.77999877929688,82.93000030517578,83.47000122070312,69.96501922607422,2814700,LLY
2015-08-18,83.83000183105469,83.98999786376953,83.2300033569336,83.38999938964844,69.89799499511719,2241400,LLY
2015-08-19,83.13999938964844,84.52999877929688,82.56999969482422,83.7699966430664,70.21646881103516,2651300,LLY
2015-08-20,86.86000061035156,88.94999694824219,85.80999755859375,87.33000183105469,73.20048522949219,10887700,LLY
2015-08-21,86.9800033569336,87.69999694824219,84.52999877929688,84.52999877929688,70.85350799560547,8320000,LLY
2015-08-24,81.5999984741211,82.95999908447266,79.5,80.7300033569336,67.66834259033203,8620700,LLY
2015-08-25,82.19000244140625,82.5999984741211,77.86000061035156,78.26000213623047,65.59795379638672,6439000,LLY
2015-08-26,79.87999725341797,81.30000305175781,77.7699966430664,81.0999984741211,67.97846984863281,7217800,LLY
2015-08-27,81.79000091552734,84.04000091552734,81.70999908447266,83.73999786376953,70.19133758544922,4703400,LLY
2015-08-28,83.73999786376953,84.0,82.7699966430664,83.19000244140625,69.7303237915039,4860800,LLY
2015-08-31,83.41000366210938,84.41999816894531,82.05000305175781,82.3499984741211,69.0262451171875,3445300,LLY
2015-09-01,80.25,81.25,79.4000015258789,79.80000305175781,66.8887939453125,4300500,LLY
2015-09-02,80.70999908447266,81.83000183105469,80.30000305175781,81.80999755859375,68.57357788085938,3257900,LLY
2015-09-03,82.05000305175781,82.86000061035156,81.33999633789062,81.5999984741211,68.39755249023438,3227700,LLY
2015-09-04,80.63999938964844,81.11000061035156,79.68000030517578,80.31999969482422,67.3246841430664,3416400,LLY
2015-09-08,81.45999908447266,82.9800033569336,81.26000213623047,82.87999725341797,69.47046661376953,2643600,LLY
2015-09-09,83.44999694824219,83.5,80.88999938964844,81.08999633789062,67.9700698852539,2839600,LLY
2015-09-10,81.12000274658203,81.66999816894531,80.5,80.83999633789062,67.76054382324219,3667700,LLY
2015-09-11,80.6500015258789,81.8499984741211,78.73999786376953,81.80000305175781,68.5652084350586,3645900,LLY
2015-09-14,81.91999816894531,82.27999877929688,81.27999877929688,81.88999938964844,68.64066314697266,3197200,LLY
2015-09-15,82.43000030517578,83.36000061035156,82.11000061035156,82.95999908447266,69.53752899169922,3532600,LLY
2015-09-16,84.0999984741211,84.52999877929688,82.61000061035156,84.44999694824219,70.78644561767578,3845000,LLY
2015-09-17,84.47000122070312,92.8499984741211,84.27999877929688,89.9800033569336,75.4217529296875,16918100,LLY
2015-09-18,90.69999694824219,91.44999694824219,88.37999725341797,88.48999786376953,74.1728286743164,11578000,LLY
2015-09-21,89.0999984741211,89.80999755859375,87.11000061035156,87.58999633789062,73.4184341430664,6644100,LLY
2015-09-22,86.81999969482422,87.9800033569336,86.62000274658203,87.80000305175781,73.59443664550781,5059500,LLY
2015-09-23,88.0,88.41999816894531,86.58000183105469,86.69000244140625,72.6640396118164,4863300,LLY
2015-09-24,86.44999694824219,86.54000091552734,85.08000183105469,85.3499984741211,71.54084014892578,5693500,LLY
2015-09-25,86.23999786376953,86.43000030517578,83.2300033569336,84.05999755859375,70.45956420898438,5794900,LLY
2015-09-28,83.68000030517578,83.86000061035156,78.5,79.73999786376953,66.8385009765625,8295100,LLY
2015-09-29,80.37000274658203,82.19999694824219,79.19000244140625,80.27999877929688,67.2911376953125,7315200,LLY
2015-09-30,81.52999877929688,83.7699966430664,81.5,83.69000244140625,70.14944458007812,6780700,LLY
2015-10-01,83.5999984741211,85.31999969482422,83.4000015258789,85.18000030517578,71.39835357666016,5350400,LLY
2015-10-02,84.16000366210938,87.55000305175781,83.58999633789062,87.5199966430664,73.35975646972656,5616600,LLY
2015-10-05,88.08000183105469,88.4800033569336,85.5999984741211,86.56999969482422,72.56346893310547,5297400,LLY
2015-10-06,86.38999938964844,86.51000213623047,82.08000183105469,84.16999816894531,70.5517807006836,5521200,LLY
2015-10-07,84.30000305175781,84.8499984741211,82.4000015258789,83.98999786376953,70.40087127685547,5128000,LLY
2015-10-08,83.1500015258789,83.98999786376953,81.79000091552734,83.7699966430664,70.21646881103516,4595400,LLY
2015-10-09,85.33000183105469,86.56999969482422,85.0,86.13999938964844,72.2030258178711,5115100,LLY
2015-10-12,78.58000183105469,80.75,78.30000305175781,79.44000244140625,66.58706665039062,26477400,LLY
2015-10-13,79.79000091552734,81.25,79.54000091552734,79.62000274658203,66.7379379272461,10104700,LLY
2015-10-14,80.97000122070312,82.0,79.05000305175781,79.25,66.42778778076172,9495500,LLY
2015-10-15,79.33999633789062,80.08000183105469,78.80999755859375,79.86000061035156,66.93907165527344,6408600,LLY
2015-10-16,80.58000183105469,81.52999877929688,79.95999908447266,81.51000213623047,68.32213592529297,5519800,LLY
2015-10-19,81.12999725341797,81.30000305175781,79.47000122070312,80.25,67.26598358154297,5869900,LLY
2015-10-20,80.1500015258789,80.33999633789062,77.62999725341797,77.79000091552734,65.20399475097656,7458000,LLY
2015-10-21,78.2300033569336,78.37999725341797,75.91999816894531,77.01000213623047,64.55021667480469,8955200,LLY
2015-10-22,77.22000122070312,77.83999633789062,75.16000366210938,76.9800033569336,64.52508544921875,10075500,LLY
2015-10-23,77.55000305175781,79.08000183105469,77.2699966430664,78.30999755859375,65.63987731933594,5679200,LLY
2015-10-26,78.30999755859375,79.86000061035156,77.7699966430664,79.11000061035156,66.31043243408203,4755200,LLY
2015-10-27,79.5,80.94999694824219,79.5,80.91000366210938,67.81922149658203,4771600,LLY
2015-10-28,81.19999694824219,83.0999984741211,80.38999938964844,83.06999969482422,69.62970733642578,5710300,LLY
2015-10-29,82.30000305175781,83.56999969482422,81.29000091552734,82.0,68.73284912109375,5158600,LLY
2015-10-30,82.08000183105469,82.55000305175781,81.56999969482422,81.56999969482422,68.37242889404297,4044300,LLY
2015-11-02,81.13999938964844,82.18000030517578,80.80999755859375,82.04000091552734,68.76638793945312,3473900,LLY
2015-11-03,82.2300033569336,82.54000091552734,81.12999725341797,81.66999816894531,68.45624542236328,4826100,LLY
2015-11-04,82.1500015258789,82.1500015258789,80.93000030517578,81.05000305175781,67.93653869628906,3401900,LLY
2015-11-05,81.0,81.4000015258789,79.66000366210938,80.61000061035156,67.56774139404297,3787200,LLY
2015-11-06,80.30000305175781,80.58999633789062,78.44000244140625,80.45999908447266,67.44200897216797,6082600,LLY
2015-11-09,80.02999877929688,80.29000091552734,78.58000183105469,79.36000061035156,66.52000427246094,4160200,LLY
2015-11-10,78.70999908447266,80.31999969482422,78.70999908447266,80.05999755859375,67.5322036743164,3302600,LLY
2015-11-11,80.0999984741211,81.27999877929688,79.97000122070312,80.69999694824219,68.07207489013672,3323400,LLY
2015-11-12,80.55000305175781,80.76000213623047,79.80000305175781,79.86000061035156,67.36348724365234,3647800,LLY
2015-11-13,79.66000366210938,80.2699966430664,79.18000030517578,79.55000305175781,67.10200500488281,3638600,LLY
2015-11-16,80.0,81.26000213623047,79.9800033569336,81.2300033569336,68.51913452148438,3318900,LLY
2015-11-17,80.93000030517578,82.43000030517578,80.62999725341797,81.30000305175781,68.57817077636719,3012100,LLY
2015-11-18,81.48999786376953,83.76000213623047,81.38999938964844,83.6500015258789,70.56047821044922,3916600,LLY
2015-11-19,83.19999694824219,83.87999725341797,82.7300033569336,83.72000122070312,70.61949157714844,3156100,LLY
2015-11-20,84.30000305175781,85.5,84.11000061035156,84.47000122070312,71.25212860107422,4251500,LLY
2015-11-23,84.5,84.91999816894531,84.12000274658203,84.73999786376953,71.47988891601562,4033100,LLY
2015-11-24,83.55999755859375,84.31999969482422,83.05000305175781,83.87999725341797,70.75444793701172,3431100,LLY
2015-11-25,83.87999725341797,84.41999816894531,83.55000305175781,83.73999786376953,70.6363754272461,2529400,LLY
2015-11-27,83.7699966430664,84.25,83.5999984741211,83.6500015258789,70.56047821044922,1253800,LLY
2015-11-30,83.76000213623047,84.02999877929688,82.04000091552734,82.04000091552734,69.202392578125,6563300,LLY
2015-12-01,84.20999908447266,86.52999877929688,83.33999633789062,86.5,72.96449279785156,7368900,LLY
2015-12-02,86.26000213623047,86.7300033569336,84.41999816894531,84.55999755859375,71.32806396484375,4444800,LLY
2015-12-03,84.6500015258789,84.83999633789062,82.55999755859375,83.05999755859375,70.06277465820312,3669800,LLY
2015-12-04,83.47000122070312,87.27999877929688,83.43000030517578,86.62000274658203,73.06570434570312,6987600,LLY
2015-12-07,87.44999694824219,88.16000366210938,85.88999938964844,86.37999725341797,72.86324310302734,4379000,LLY
2015-12-08,85.62000274658203,87.66999816894531,85.56999969482422,86.41000366210938,72.8885726928711,4761000,LLY
2015-12-09,86.0199966430664,86.31999969482422,83.56999969482422,83.86000061035156,70.73758697509766,5479500,LLY
2015-12-10,84.2300033569336,85.51000213623047,83.36000061035156,84.91000366210938,71.62328338623047,3667200,LLY
2015-12-11,83.80000305175781,84.37999725341797,83.12000274658203,83.29000091552734,70.25677490234375,3738200,LLY
2015-12-14,83.36000061035156,84.70999908447266,82.97000122070312,84.68000030517578,71.42928314208984,5208700,LLY
2015-12-15,85.18000030517578,85.9800033569336,85.0199966430664,85.5199966430664,72.1378173828125,3975500,LLY
2015-12-16,86.0,86.58000183105469,84.05000305175781,86.29000091552734,72.78738403320312,2983600,LLY
2015-12-17,86.75,87.20999908447266,86.19999694824219,86.22000122070312,72.72828674316406,3928200,LLY
2015-12-18,85.56999969482422,85.9800033569336,84.7699966430664,84.7699966430664,71.50519561767578,5821300,LLY
2015-12-21,85.72000122070312,86.44999694824219,85.1500015258789,86.04000091552734,72.57645416259766,3742400,LLY
2015-12-22,86.2699966430664,86.47000122070312,85.2699966430664,85.91000366210938,72.46681213378906,2446100,LLY
2015-12-23,86.36000061035156,86.87000274658203,86.12999725341797,86.19999694824219,72.71143341064453,2804200,LLY
2015-12-24,85.9800033569336,86.1500015258789,85.47000122070312,85.8499984741211,72.41616821289062,1486900,LLY
2015-12-28,85.58000183105469,85.69999694824219,84.88999938964844,85.48999786376953,72.1125259399414,2031100,LLY
2015-12-29,85.83999633789062,86.87000274658203,85.5999984741211,86.25,72.7536392211914,2097700,LLY
2015-12-30,86.44999694824219,87.0999984741211,86.13999938964844,86.19999694824219,72.71143341064453,1969400,LLY
2015-12-31,85.72000122070312,85.75,84.08000183105469,84.26000213623047,71.07499694824219,3178500,LLY
2016-01-04,83.4000015258789,83.5999984741211,81.79000091552734,82.87000274658203,69.90249633789062,6907300,LLY
2016-01-05,82.9000015258789,85.4000015258789,82.87000274658203,84.11000061035156,70.94847106933594,7475300,LLY
2016-01-06,82.69000244140625,84.87999725341797,82.5,83.58000183105469,70.50140380859375,6628400,LLY
2016-01-07,81.62999725341797,82.80999755859375,80.83000183105469,81.41000366210938,68.67098999023438,5833200,LLY
2016-01-08,81.66999816894531,82.48999786376953,81.04000091552734,81.25,68.53598022460938,5880200,LLY
2016-01-11,81.30000305175781,81.91999816894531,78.83000183105469,80.2699966430664,67.7093505859375,4889300,LLY
2016-01-12,80.61000061035156,81.0,79.5199966430664,80.4000015258789,67.81901550292969,4329300,LLY
2016-01-13,80.73999786376953,80.81999969482422,79.08999633789062,79.30000305175781,66.8911361694336,4628400,LLY
2016-01-14,79.27999877929688,82.7300033569336,78.62000274658203,82.54000091552734,69.62417602539062,8253700,LLY
2016-01-15,80.69000244140625,81.58000183105469,80.08000183105469,81.23999786376953,68.52757263183594,6674300,LLY
2016-01-19,82.30999755859375,84.80000305175781,81.95999908447266,83.2300033569336,70.2061996459961,9162300,LLY
2016-01-20,81.8499984741211,83.47000122070312,80.41000366210938,82.62000274658203,69.6916275024414,8354400,LLY
2016-01-21,82.55999755859375,82.62000274658203,80.58999633789062,81.4000015258789,68.66254425048828,4930800,LLY
2016-01-22,82.4000015258789,83.16000366210938,81.91000366210938,82.4800033569336,69.57352447509766,3456300,LLY
2016-01-25,82.5,83.19999694824219,81.62000274658203,81.70999908447266,68.92403411865234,2632800,LLY
2016-01-26,81.75,82.16999816894531,80.91000366210938,81.95999908447266,69.13488006591797,4583400,LLY
2016-01-27,81.61000061035156,83.25,80.95999908447266,81.76000213623047,68.96620178222656,4341900,LLY
2016-01-28,81.87000274658203,82.48999786376953,76.54000091552734,76.80999755859375,64.79078674316406,10128700,LLY
2016-01-29,77.36000061035156,79.41999816894531,77.2300033569336,79.0999984741211,66.72245788574219,7042500,LLY
2016-02-01,78.20999908447266,79.16000366210938,77.27999877929688,78.4000015258789,66.1319580078125,4056000,LLY
2016-02-02,77.66000366210938,78.30000305175781,76.08999633789062,76.30000305175781,64.36058807373047,4804200,LLY
2016-02-03,76.45999908447266,77.55000305175781,74.18000030517578,76.08999633789062,64.18346405029297,6966400,LLY
2016-02-04,75.94999694824219,76.52999877929688,73.44000244140625,74.27999877929688,62.65667724609375,6339500,LLY
2016-02-05,74.16000366210938,75.81999969482422,73.55000305175781,74.31999969482422,62.690406799316406,6312800,LLY
2016-02-08,73.55000305175781,74.58000183105469,72.83000183105469,74.19000244140625,62.58075714111328,4348800,LLY
2016-02-09,73.43000030517578,74.95999908447266,72.72000122070312,73.73999786376953,62.2011604309082,5160000,LLY
2016-02-10,73.7300033569336,74.87000274658203,72.9800033569336,73.06999969482422,62.06524658203125,4748700,LLY
2016-02-11,72.19999694824219,72.62999725341797,70.83000183105469,71.41999816894531,60.66375732421875,5425400,LLY
2016-02-12,71.56999969482422,71.7300033569336,70.43000030517578,71.2699966430664,60.53634262084961,6332600,LLY
2016-02-16,71.94999694824219,73.41999816894531,71.93000030517578,73.33000183105469,62.28610610961914,4811300,LLY
2016-02-17,74.01000213623047,74.91999816894531,73.08999633789062,74.68000030517578,63.43279266357422,4000300,LLY
2016-02-18,73.41999816894531,74.55000305175781,73.16000366210938,73.47000122070312,62.405025482177734,5620000,LLY
2016-02-19,72.69000244140625,73.06999969482422,72.19999694824219,72.61000061035156,61.674556732177734,6650800,LLY
2016-02-22,72.91000366210938,73.63999938964844,72.0999984741211,73.01000213623047,62.0142936706543,5672600,LLY
2016-02-23,73.0999984741211,74.5,73.05999755859375,73.47000122070312,62.405025482177734,4411200,LLY
2016-02-24,73.33000183105469,74.27999877929688,72.63999938964844,74.0999984741211,62.94015121459961,3636100,LLY
2016-02-25,74.2699966430664,74.88999938964844,73.7699966430664,74.81999969482422,63.55171203613281,4306800,LLY
2016-02-26,75.41999816894531,75.79000091552734,73.41000366210938,73.5999984741211,62.51543426513672,4807700,LLY
2016-02-29,73.37000274658203,73.37000274658203,71.9800033569336,72.0,61.15639877319336,5730200,LLY
2016-03-01,72.62999725341797,72.80999755859375,71.86000061035156,72.73999786376953,61.78496551513672,4541700,LLY
2016-03-02,72.7300033569336,74.05000305175781,72.44000244140625,74.0199966430664,62.8721923828125,6738800,LLY
2016-03-03,73.80000305175781,73.88999938964844,72.58000183105469,73.25,62.21816635131836,4526500,LLY
2016-03-04,73.37000274658203,74.05999755859375,72.9000015258789,73.5999984741211,62.51543426513672,3481600,LLY
2016-03-07,73.16999816894531,73.95999908447266,72.80000305175781,73.4000015258789,62.34554672241211,3443100,LLY
2016-03-08,72.94000244140625,74.55000305175781,72.88999938964844,73.0,62.00580978393555,3278900,LLY
2016-03-09,73.51000213623047,73.94000244140625,73.0,73.54000091552734,62.464481353759766,2372000,LLY
2016-03-10,74.0,74.20999908447266,72.43000030517578,73.0199966430664,62.02280044555664,4419200,LLY
2016-03-11,73.47000122070312,74.94999694824219,73.19000244140625,74.6500015258789,63.407310485839844,3527200,LLY
2016-03-14,74.26000213623047,74.5999984741211,73.79000091552734,73.91000366210938,62.77875518798828,3201800,LLY
2016-03-15,71.6500015258789,72.0,69.5999984741211,71.23999786376953,60.51088333129883,13748200,LLY
2016-03-16,71.29000091552734,72.9000015258789,71.16999816894531,72.4800033569336,61.56412124633789,5287400,LLY
2016-03-17,72.2300033569336,72.3499984741211,67.87999725341797,69.05999755859375,58.65920639038086,15421600,LLY
2016-03-18,69.19999694824219,71.05000305175781,69.05999755859375,70.94999694824219,60.26455307006836,10131700,LLY
2016-03-21,70.80000305175781,71.05000305175781,69.83999633789062,70.25,59.66997528076172,5900100,LLY
2016-03-22,70.20999908447266,72.23999786376953,70.16000366210938,71.91999816894531,61.088462829589844,7655400,LLY
2016-03-23,72.16999816894531,72.2300033569336,70.91000366210938,71.16999816894531,60.45143127441406,3884400,LLY
2016-03-24,70.6500015258789,71.44000244140625,70.19999694824219,71.12000274658203,60.40895080566406,2892900,LLY
2016-03-28,71.3499984741211,71.47000122070312,70.37999725341797,70.62000274658203,59.9842529296875,2661900,LLY
2016-03-29,70.73999786376953,71.94000244140625,70.66000366210938,71.69999694824219,60.90160369873047,3814800,LLY
2016-03-30,71.9800033569336,72.33000183105469,71.06999969482422,71.77999877929688,60.96955108642578,3081000,LLY
2016-03-31,71.7699966430664,72.33000183105469,71.0999984741211,72.01000213623047,61.164913177490234,3680000,LLY
2016-04-01,71.5999984741211,73.69999694824219,71.52999877929688,73.41999816894531,62.36254119873047,4083600,LLY
2016-04-04,73.55999755859375,73.79000091552734,72.88999938964844,73.18000030517578,62.158714294433594,2796300,LLY
2016-04-05,72.77999877929688,73.6500015258789,72.4800033569336,73.04000091552734,62.03977966308594,3591800,LLY
2016-04-06,72.80000305175781,75.05999755859375,72.80000305175781,74.76000213623047,63.50074768066406,5669100,LLY
2016-04-07,74.51000213623047,75.16000366210938,73.8499984741211,74.58999633789062,63.3563346862793,3724100,LLY
2016-04-08,75.27999877929688,75.27999877929688,73.86000061035156,74.38999938964844,63.18647003173828,3224900,LLY
2016-04-11,74.4800033569336,74.73999786376953,73.80000305175781,73.94999694824219,62.81272888183594,3351100,LLY
2016-04-12,73.77999877929688,75.29000091552734,73.52999877929688,74.56999969482422,63.3393440246582,2849800,LLY
2016-04-13,74.7300033569336,75.23999786376953,74.08000183105469,75.16000366210938,63.84050750732422,2341600,LLY
2016-04-14,75.30000305175781,75.83000183105469,74.80000305175781,75.62999725341797,64.23974609375,3022100,LLY
2016-04-15,75.62000274658203,76.25,75.08999633789062,75.52999877929688,64.1547622680664,3007500,LLY
2016-04-18,75.58000183105469,77.26000213623047,75.19000244140625,77.22000122070312,65.59025573730469,4088400,LLY
2016-04-19,77.58000183105469,78.5,76.63999938964844,77.25,65.6157455444336,3819600,LLY
2016-04-20,77.27999877929688,77.7699966430664,76.58000183105469,77.08000183105469,65.4713134765625,4049400,LLY
2016-04-21,77.16999816894531,78.0999984741211,76.91000366210938,77.37000274658203,65.71768188476562,3286600,LLY
2016-04-22,77.0999984741211,77.94000244140625,76.93000030517578,77.83000183105469,66.10839080810547,2697200,LLY
2016-04-25,77.45999908447266,78.0,77.1500015258789,77.94000244140625,66.20182800292969,3767100,LLY
2016-04-26,76.62000274658203,78.30000305175781,76.08999633789062,76.2699966430664,64.78334045410156,5347300,LLY
2016-04-27,76.5199966430664,77.16000366210938,75.81999969482422,76.51000213623047,64.9871826171875,3690900,LLY
2016-04-28,76.12000274658203,76.66000366210938,75.66999816894531,76.45999908447266,64.94473266601562,4383000,LLY
2016-04-29,76.51000213623047,76.51000213623047,75.0999984741211,75.52999877929688,64.1547622680664,3386600,LLY
2016-05-02,75.94999694824219,77.08000183105469,75.80999755859375,76.75,65.1910400390625,3571900,LLY
2016-05-03,76.33999633789062,76.6500015258789,75.58999633789062,76.25,64.7663345336914,3270700,LLY
2016-05-04,75.16999816894531,75.62000274658203,74.62999725341797,74.87000274658203,63.59419250488281,4176800,LLY
2016-05-05,74.72000122070312,75.38999938964844,74.55000305175781,75.2699966430664,63.93391799926758,3446400,LLY
2016-05-06,74.72000122070312,74.94999694824219,73.33999633789062,74.5999984741211,63.36483383178711,4196900,LLY
2016-05-09,74.77999877929688,75.9000015258789,74.76000213623047,75.58999633789062,64.20574188232422,2963200,LLY
2016-05-10,76.29000091552734,77.12999725341797,76.05000305175781,76.87999725341797,65.30145263671875,4366000,LLY
2016-05-11,75.97000122070312,77.05999755859375,75.83999633789062,76.30999755859375,65.25013732910156,3716300,LLY
2016-05-12,76.72000122070312,76.94000244140625,75.36000061035156,75.95999908447266,64.95086669921875,4081900,LLY
2016-05-13,75.81999969482422,77.05000305175781,75.56999969482422,76.33000183105469,65.26727294921875,3629700,LLY
2016-05-16,75.9800033569336,78.47000122070312,75.83999633789062,78.29000091552734,66.94319152832031,4580100,LLY
2016-05-17,78.20999908447266,78.70999908447266,75.5199966430664,76.38999938964844,65.31855010986328,7153300,LLY
2016-05-18,76.4000015258789,76.8499984741211,75.61000061035156,76.33000183105469,65.26727294921875,4664900,LLY
2016-05-19,75.12000274658203,75.2300033569336,73.73999786376953,74.30999755859375,63.54004669189453,4848800,LLY
2016-05-20,74.79000091552734,75.54000091552734,74.68000030517578,74.80999755859375,63.96756362915039,4689200,LLY
2016-05-23,75.0,75.13999938964844,73.91999816894531,74.08000183105469,63.34334945678711,4440500,LLY
2016-05-24,74.55000305175781,75.19999694824219,74.36000061035156,74.98999786376953,64.12146759033203,3711800,LLY
2016-05-25,75.48999786376953,75.5,74.44999694824219,74.54000091552734,63.736690521240234,4621700,LLY
2016-05-26,74.5999984741211,75.5999984741211,74.2699966430664,75.5199966430664,64.57462310791016,2654600,LLY
2016-05-27,75.5199966430664,75.72000122070312,74.66999816894531,74.98999786376953,64.12146759033203,3247500,LLY
2016-05-31,75.01000213623047,75.62999725341797,74.70999908447266,75.02999877929688,64.15565490722656,4438800,LLY
2016-06-01,74.9000015258789,75.44000244140625,74.68000030517578,74.94000244140625,64.07870483398438,2450200,LLY
2016-06-02,75.22000122070312,75.68000030517578,74.9000015258789,75.45999908447266,64.52334594726562,3231000,LLY
2016-06-03,75.5,75.5999984741211,74.25,75.12000274658203,64.23262786865234,5319000,LLY
2016-06-06,75.11000061035156,75.5,74.19999694824219,74.83999633789062,63.993194580078125,3253800,LLY
2016-06-07,74.62000274658203,75.05000305175781,74.51000213623047,74.69999694824219,63.873504638671875,2902900,LLY
2016-06-08,74.66000366210938,75.08999633789062,74.4000015258789,74.91000366210938,64.05306243896484,3194900,LLY
2016-06-09,74.7699966430664,75.54000091552734,74.23999786376953,74.43000030517578,63.64262008666992,2760500,LLY
2016-06-10,74.08999633789062,74.19000244140625,73.16999816894531,73.94999694824219,63.23219299316406,4124200,LLY
2016-06-13,74.08000183105469,74.97000122070312,73.66999816894531,73.86000061035156,63.15525817871094,3767000,LLY
2016-06-14,73.54000091552734,74.37000274658203,73.05999755859375,74.31999969482422,63.548587799072266,3691900,LLY
2016-06-15,74.7300033569336,74.88999938964844,73.61000061035156,73.70999908447266,63.026954650878906,3408900,LLY
2016-06-16,73.47000122070312,74.47000122070312,72.94999694824219,74.25,63.48871994018555,4788700,LLY
2016-06-17,74.6500015258789,75.08000183105469,73.47000122070312,73.86000061035156,63.15525817871094,6604900,LLY
2016-06-20,74.44999694824219,74.69999694824219,73.22000122070312,73.27999877929688,62.659305572509766,3640100,LLY
2016-06-21,73.69999694824219,73.80000305175781,72.52999877929688,72.56999969482422,62.05219268798828,5999200,LLY
2016-06-22,72.5,73.91000366210938,72.5,73.06999969482422,62.479713439941406,4410800,LLY
2016-06-23,73.58999633789062,73.94000244140625,73.19999694824219,73.94000244140625,63.223628997802734,2989700,LLY
2016-06-24,72.44999694824219,75.12000274658203,71.87000274658203,74.33000183105469,63.55712127685547,10471300,LLY
2016-06-27,74.05999755859375,75.06999969482422,73.19999694824219,74.88999938964844,64.03596496582031,7657800,LLY
2016-06-28,75.12999725341797,76.25,73.75,75.1500015258789,64.25828552246094,8012300,LLY
2016-06-29,75.87999725341797,78.23999786376953,75.87000274658203,78.1500015258789,66.82347106933594,7123700,LLY
2016-06-30,78.19999694824219,78.80999755859375,77.45999908447266,78.75,67.33651733398438,4017200,LLY
2016-07-01,78.88999938964844,79.33000183105469,78.37000274658203,78.94999694824219,67.50753784179688,2909600,LLY
2016-07-05,78.80999755859375,79.9000015258789,78.75,79.63999938964844,68.09754943847656,3286600,LLY
2016-07-06,79.31999969482422,80.4000015258789,79.0999984741211,80.0199966430664,68.42243957519531,4669800,LLY
2016-07-07,79.83000183105469,80.05000305175781,78.6500015258789,79.31999969482422,67.82389831542969,3587300,LLY
2016-07-08,79.31999969482422,79.9000015258789,78.93000030517578,79.66000366210938,68.11463928222656,3134900,LLY
2016-07-11,79.54000091552734,79.7699966430664,78.94999694824219,79.13999938964844,67.66997528076172,3461400,LLY
2016-07-12,79.62999725341797,79.83999633789062,78.97000122070312,79.66999816894531,68.12316131591797,4430000,LLY
2016-07-13,79.91000366210938,80.02999877929688,79.33000183105469,79.36000061035156,67.85811614990234,2917200,LLY
2016-07-14,79.5,80.69000244140625,79.4000015258789,80.58999633789062,68.90982055664062,3823800,LLY
2016-07-15,80.9800033569336,81.0,79.94000244140625,80.22000122070312,68.59346771240234,4529100,LLY
2016-07-18,80.37000274658203,80.58999633789062,79.86000061035156,79.94999694824219,68.36261749267578,3087600,LLY
2016-07-19,79.8499984741211,80.25,79.58000183105469,79.97000122070312,68.37967681884766,3303700,LLY
2016-07-20,80.2699966430664,80.5199966430664,79.98999786376953,80.27999877929688,68.644775390625,2811100,LLY
2016-07-21,80.19999694824219,80.5999984741211,80.0199966430664,80.4000015258789,68.74736785888672,2685900,LLY
2016-07-22,80.4000015258789,81.70999908447266,80.27999877929688,81.58999633789062,69.76490020751953,4315900,LLY
2016-07-25,81.58999633789062,82.0,81.0,81.9800033569336,70.098388671875,4180100,LLY
2016-07-26,82.75,83.3499984741211,81.62999725341797,82.08999633789062,70.19242858886719,5134900,LLY
2016-07-27,82.25,83.58999633789062,82.1500015258789,83.4000015258789,71.31256866455078,4057200,LLY
2016-07-28,83.25,83.38999938964844,81.94999694824219,82.93000030517578,70.91069030761719,4862000,LLY
2016-07-29,83.06999969482422,83.44999694824219,82.63999938964844,82.88999938964844,70.87649536132812,3016200,LLY
2016-08-01,83.0199966430664,83.79000091552734,82.94000244140625,83.18000030517578,71.12446594238281,3131100,LLY
2016-08-02,83.13999938964844,83.69999694824219,82.56999969482422,83.31999969482422,71.24417877197266,3340100,LLY
2016-08-03,83.41999816894531,83.41999816894531,82.36000061035156,82.72000122070312,70.73112487792969,2940900,LLY
2016-08-04,83.0199966430664,83.0199966430664,82.37000274658203,82.41999816894531,70.474609375,2093800,LLY
2016-08-05,82.41999816894531,82.5199966430664,81.04000091552734,81.55999755859375,69.73925018310547,5886900,LLY
2016-08-08,81.44000244140625,81.8499984741211,80.45999908447266,81.5999984741211,69.77344512939453,4227300,LLY
2016-08-09,81.75,82.13999938964844,80.69999694824219,81.5,69.68795013427734,2242800,LLY
2016-08-10,80.12000274658203,81.16000366210938,79.66999816894531,80.55000305175781,68.87564086914062,4956700,LLY
2016-08-11,79.9800033569336,80.66999816894531,79.9800033569336,80.55999755859375,69.32308959960938,2408000,LLY
2016-08-12,80.19000244140625,80.72000122070312,79.9000015258789,80.22000122070312,69.030517578125,2525000,LLY
2016-08-15,80.33000183105469,80.62000274658203,80.06999969482422,80.26000213623047,69.0649642944336,2780400,LLY
2016-08-16,80.25,80.4000015258789,79.83999633789062,79.83999633789062,68.70352935791016,2158700,LLY
2016-08-17,80.16000366210938,80.3499984741211,79.58000183105469,80.11000061035156,68.93588256835938,2519500,LLY
2016-08-18,80.0999984741211,80.37999725341797,79.48999786376953,79.77999877929688,68.65190887451172,3037200,LLY
2016-08-19,79.55000305175781,79.79000091552734,78.77999877929688,79.05999755859375,68.03234100341797,3745500,LLY
2016-08-22,79.31999969482422,79.9000015258789,79.0199966430664,79.29000091552734,68.23026275634766,3157000,LLY
2016-08-23,79.68000030517578,79.97000122070312,79.44000244140625,79.56999969482422,68.47117614746094,3406900,LLY
2016-08-24,79.69999694824219,79.98999786376953,78.18000030517578,78.44000244140625,67.4988021850586,3423000,LLY
2016-08-25,78.44000244140625,79.16999816894531,77.80000305175781,78.01000213623047,67.12877655029297,2800500,LLY
2016-08-26,78.05000305175781,78.81999969482422,77.83999633789062,78.23999786376953,67.32669830322266,2602300,LLY
2016-08-29,78.33000183105469,78.73999786376953,78.05000305175781,78.5999984741211,67.63650512695312,2203300,LLY
2016-08-30,78.5999984741211,78.5999984741211,77.62999725341797,77.7699966430664,66.9222640991211,2025700,LLY
2016-08-31,77.88999938964844,78.08999633789062,77.52999877929688,77.75,66.90505981445312,2182600,LLY
2016-09-01,77.75,78.0,76.80000305175781,77.2300033569336,66.45759582519531,3544700,LLY
2016-09-02,77.5199966430664,77.62999725341797,76.44999694824219,76.8499984741211,66.13059997558594,3943400,LLY
2016-09-06,77.12000274658203,78.69999694824219,77.12000274658203,78.51000213623047,67.55904388427734,5528600,LLY
2016-09-07,78.48999786376953,78.88999938964844,78.26000213623047,78.58999633789062,67.62787628173828,2971400,LLY
2016-09-08,80.02999877929688,80.16999816894531,79.41000366210938,79.88999938964844,68.7465591430664,4405400,LLY
2016-09-09,79.62000274658203,79.62000274658203,78.19999694824219,78.23999786376953,67.32669830322266,4152500,LLY
2016-09-12,77.98999786376953,79.29000091552734,77.80999755859375,79.08000183105469,68.04953002929688,3288900,LLY
2016-09-13,78.87000274658203,78.87000274658203,77.98999786376953,78.4800033569336,67.53324127197266,3149000,LLY
2016-09-14,78.66999816894531,79.23999786376953,78.0199966430664,78.29000091552734,67.3697280883789,2660900,LLY
2016-09-15,78.12000274658203,79.05999755859375,77.7699966430664,78.81999969482422,67.8258056640625,2652300,LLY
2016-09-16,78.69999694824219,78.91000366210938,78.16999816894531,78.80000305175781,67.80860137939453,4255100,LLY
2016-09-19,78.79000091552734,79.37000274658203,78.48999786376953,79.16000366210938,68.11839294433594,3321500,LLY
2016-09-20,79.62999725341797,80.3499984741211,79.29000091552734,79.87999725341797,68.73794555664062,3629400,LLY
2016-09-21,79.80000305175781,81.0,79.68000030517578,80.87000274658203,69.58990478515625,3147600,LLY
2016-09-22,81.05000305175781,81.45999908447266,80.7300033569336,81.29000091552734,69.95130157470703,2639800,LLY
2016-09-23,80.97000122070312,81.45999908447266,80.7699966430664,81.16000366210938,69.83939361572266,2197700,LLY
2016-09-26,81.0,81.1500015258789,79.5,79.5199966430664,68.42813110351562,4332800,LLY
2016-09-27,80.62000274658203,80.93000030517578,79.61000061035156,80.87999725341797,69.59847259521484,6888900,LLY
2016-09-28,80.83999633789062,81.16999816894531,80.0199966430664,80.70999908447266,69.45217895507812,2467800,LLY
2016-09-29,80.3499984741211,80.47000122070312,79.2300033569336,79.73999786376953,68.61747741699219,3269200,LLY
2016-09-30,80.0999984741211,80.6500015258789,80.02999877929688,80.26000213623047,69.0649642944336,3623000,LLY
2016-10-03,80.0,81.06999969482422,79.69000244140625,81.0,69.70174407958984,3983500,LLY
2016-10-04,81.05999755859375,81.41000366210938,80.68000030517578,81.11000061035156,69.79637145996094,3184100,LLY
2016-10-05,81.3499984741211,82.08999633789062,81.2300033569336,81.75,70.34711456298828,3560400,LLY
2016-10-06,81.25,81.77999877929688,80.7300033569336,81.47000122070312,70.10619354248047,2994200,LLY
2016-10-07,81.56999969482422,82.30999755859375,81.30000305175781,82.08999633789062,70.63970184326172,4241400,LLY
2016-10-10,82.12999725341797,83.23999786376953,82.0999984741211,83.05999755859375,71.47439575195312,4608400,LLY
2016-10-11,82.5999984741211,82.8499984741211,81.25,81.80999755859375,70.39871215820312,4218200,LLY
2016-10-12,81.80999755859375,82.22000122070312,80.45999908447266,80.51000213623047,69.28006744384766,3629800,LLY
2016-10-13,79.93000030517578,80.48999786376953,79.5999984741211,80.0,68.84119415283203,3565000,LLY
2016-10-14,80.16999816894531,80.31999969482422,79.20999908447266,79.2699966430664,68.21302795410156,3143900,LLY
2016-10-17,79.52999877929688,79.52999877929688,78.01000213623047,78.52999877929688,67.57625579833984,3884700,LLY
2016-10-18,79.08999633789062,79.1500015258789,78.5,78.7699966430664,67.78279113769531,3218300,LLY
2016-10-19,78.95999908447266,79.33000183105469,78.52999877929688,78.55999755859375,67.60208129882812,2988500,LLY
2016-10-20,78.7300033569336,79.11000061035156,78.38999938964844,78.73999786376953,67.75697326660156,2661900,LLY
2016-10-21,78.54000091552734,78.77999877929688,78.08000183105469,78.25,67.33531951904297,3215000,LLY
2016-10-24,78.48999786376953,78.69000244140625,77.44000244140625,77.56999969482422,66.7501449584961,4363200,LLY
2016-10-25,76.87999725341797,78.27999877929688,75.5,77.75,66.90505981445312,8496000,LLY
2016-10-26,77.41999816894531,77.6500015258789,76.37000274658203,76.76000213623047,66.05313873291016,2988700,LLY
2016-10-27,77.36000061035156,77.41999816894531,76.12999725341797,76.16000366210938,65.5368423461914,3789900,LLY
2016-10-28,75.62000274658203,75.68000030517578,73.86000061035156,74.52999877929688,64.13419342041016,5651500,LLY
2016-10-31,74.62999725341797,74.73999786376953,73.80000305175781,73.83999633789062,63.540428161621094,3562100,LLY
2016-11-01,73.80999755859375,73.9800033569336,71.8499984741211,72.9800033569336,62.80039596557617,8190500,LLY
2016-11-02,73.1500015258789,73.48999786376953,72.63999938964844,72.6500015258789,62.51644515991211,4433900,LLY
2016-11-03,72.80999755859375,73.27999877929688,71.87999725341797,72.11000061035156,62.05175018310547,4843200,LLY
2016-11-04,72.12000274658203,73.02999877929688,71.66999816894531,72.48999786376953,62.37875747680664,3617200,LLY
2016-11-07,73.22000122070312,73.93000030517578,73.05000305175781,73.87999725341797,63.57487106323242,4969400,LLY
2016-11-08,73.56999969482422,74.47000122070312,73.36000061035156,74.0199966430664,63.695308685302734,2690800,LLY
2016-11-09,77.1500015258789,79.30000305175781,76.58000183105469,78.38999938964844,67.45577239990234,7332700,LLY
2016-11-10,78.95999908447266,79.69999694824219,78.0,78.33999633789062,67.85420989990234,6904800,LLY
2016-11-11,77.97000122070312,78.08999633789062,76.79000091552734,77.66999816894531,67.27388763427734,3072700,LLY
2016-11-14,78.01000213623047,78.23999786376953,76.69000244140625,77.0199966430664,66.71089172363281,3221700,LLY
2016-11-15,77.43000030517578,77.54000091552734,76.18000030517578,77.31999969482422,66.97073364257812,3097600,LLY
2016-11-16,77.5199966430664,77.5199966430664,76.81999969482422,76.94000244140625,66.64160919189453,1922300,LLY
2016-11-17,77.0,77.80999755859375,76.7300033569336,77.70999908447266,67.30853271484375,4519200,LLY
2016-11-18,77.58000183105469,77.91999816894531,76.5199966430664,76.66999816894531,66.40777587890625,4571600,LLY
2016-11-21,76.80000305175781,77.04000091552734,76.0999984741211,76.63999938964844,66.3817367553711,4060300,LLY
2016-11-22,77.80999755859375,77.80999755859375,75.5,75.98999786376953,65.81876373291016,5208800,LLY
2016-11-23,64.33999633789062,68.43000030517578,64.18000030517578,68.0,58.89822006225586,53877200,LLY
2016-11-25,68.52999877929688,69.13999938964844,67.77999877929688,69.12000274658203,59.868324279785156,8620700,LLY
2016-11-28,68.43000030517578,68.43000030517578,67.0999984741211,67.19999694824219,58.20528793334961,12507700,LLY
2016-11-29,67.56999969482422,67.63999938964844,66.4800033569336,67.1500015258789,58.1619987487793,8930000,LLY
2016-11-30,67.30000305175781,67.81999969482422,66.80999755859375,67.12000274658203,58.136016845703125,9085300,LLY
2016-12-01,67.29000091552734,67.30000305175781,65.66000366210938,65.97000122070312,57.139930725097656,7168100,LLY
2016-12-02,66.30000305175781,68.38999938964844,65.95999908447266,67.70999908447266,58.64702606201172,12272200,LLY
2016-12-05,68.16000366210938,68.30999755859375,66.73999786376953,67.26000213623047,58.25726318359375,7286000,LLY
2016-12-06,67.19999694824219,67.93000030517578,67.12999725341797,67.80000305175781,58.72499084472656,4617200,LLY
2016-12-07,67.25,67.37999725341797,66.55999755859375,67.37999725341797,58.361183166503906,5835900,LLY
2016-12-08,67.05000305175781,67.2699966430664,66.38999938964844,67.19000244140625,58.19664001464844,4811400,LLY
2016-12-09,67.37999725341797,68.16999816894531,67.22000122070312,67.8499984741211,58.76829147338867,4350800,LLY
2016-12-12,67.9800033569336,68.54000091552734,67.41999816894531,67.61000061035156,58.56041717529297,5273700,LLY
2016-12-13,67.98999786376953,68.88999938964844,67.98999786376953,68.63999938964844,59.452552795410156,6010900,LLY
2016-12-14,68.41999816894531,68.91999816894531,67.54000091552734,67.66999816894531,58.61240005493164,6140300,LLY
2016-12-15,70.37000274658203,71.58999633789062,69.66000366210938,71.37000274658203,61.817142486572266,14320800,LLY
2016-12-16,72.86000061035156,73.70999908447266,71.76000213623047,73.30999755859375,63.49747848510742,17584700,LLY
2016-12-19,73.4800033569336,74.48999786376953,73.30000305175781,73.41999816894531,63.592742919921875,6102400,LLY
2016-12-20,73.6500015258789,74.0999984741211,73.0,73.37999725341797,63.55809020996094,6001500,LLY
2016-12-21,73.33000183105469,73.88999938964844,73.0999984741211,73.25,63.44551467895508,5054100,LLY
2016-12-22,73.16000366210938,73.4800033569336,72.68000030517578,73.26000213623047,63.45417022705078,4827500,LLY
2016-12-23,73.4800033569336,74.0,73.26000213623047,73.79000091552734,63.91322708129883,2570100,LLY
2016-12-27,74.05999755859375,74.45999908447266,73.68000030517578,73.80999755859375,63.930572509765625,2786700,LLY
2016-12-28,73.66000366210938,73.77999877929688,72.97000122070312,73.05999755859375,63.28092956542969,3256800,LLY
2016-12-29,73.38999938964844,73.87000274658203,73.23999786376953,73.55999755859375,63.71403121948242,3031600,LLY
2016-12-30,73.47000122070312,73.75,73.2300033569336,73.55000305175781,63.705379486083984,2933900,LLY
2017-01-03,73.94000244140625,74.66999816894531,73.54000091552734,74.5999984741211,64.61479949951172,3622700,LLY
2017-01-04,74.94999694824219,75.0,74.37999725341797,74.72000122070312,64.71875762939453,3021600,LLY
2017-01-05,74.93000030517578,77.87000274658203,74.43000030517578,75.58999633789062,65.4722900390625,3310800,LLY
2017-01-06,75.45999908447266,76.06999969482422,75.02999877929688,75.66999816894531,65.54158782958984,2296500,LLY
2017-01-09,75.66999816894531,76.62000274658203,75.51000213623047,76.2699966430664,66.06127166748047,3204100,LLY
2017-01-10,76.44000244140625,76.55999755859375,75.80999755859375,76.2699966430664,66.06127166748047,3559400,LLY
2017-01-11,76.51000213623047,76.91999816894531,74.0,75.26000213623047,65.18648529052734,7701700,LLY
2017-01-12,74.8499984741211,77.5,74.76000213623047,77.1500015258789,66.823486328125,11900700,LLY
2017-01-13,76.91999816894531,78.12000274658203,76.37999725341797,77.4000015258789,67.04002380371094,5602600,LLY
2017-01-17,77.05999755859375,77.05999755859375,75.87000274658203,76.8499984741211,66.56365203857422,4913300,LLY
2017-01-18,77.31999969482422,77.70999908447266,76.87999725341797,77.52999877929688,67.15261840820312,3360300,LLY
2017-01-19,77.47000122070312,77.62000274658203,76.76000213623047,76.83999633789062,66.55500030517578,4439200,LLY
2017-01-20,77.0199966430664,77.41000366210938,76.47000122070312,76.80999755859375,66.52899169921875,4371200,LLY
2017-01-23,76.23999786376953,76.87999725341797,76.16000366210938,76.31999969482422,66.10456848144531,5055100,LLY
2017-01-24,76.19999694824219,76.43000030517578,74.16999816894531,74.8499984741211,64.83135223388672,6594300,LLY
2017-01-25,75.12000274658203,75.5999984741211,74.2699966430664,74.8499984741211,64.83135223388672,4830800,LLY
2017-01-26,74.9800033569336,75.3499984741211,74.54000091552734,74.58000183105469,64.59748840332031,3748000,LLY
2017-01-27,74.91999816894531,75.4000015258789,74.51000213623047,75.37999725341797,65.29039001464844,3132800,LLY
2017-01-30,75.08999633789062,75.18000030517578,74.25,74.69999694824219,64.70143127441406,5909600,LLY
2017-01-31,74.25,77.27999877929688,74.0,77.02999877929688,66.71956634521484,6964100,LLY
2017-02-01,77.88999938964844,78.56999969482422,76.91000366210938,77.5999984741211,67.21324920654297,4959200,LLY
2017-02-02,76.98999786376953,77.91000366210938,76.55000305175781,77.38999938964844,67.03136444091797,3830900,LLY
2017-02-03,77.47000122070312,77.87999725341797,76.70999908447266,77.2300033569336,66.89277648925781,3836300,LLY
2017-02-06,76.91999816894531,77.8499984741211,76.76000213623047,77.83000183105469,67.41246795654297,2835500,LLY
2017-02-07,77.68000030517578,78.01000213623047,77.31999969482422,77.69999694824219,67.29987335205078,3346800,LLY
2017-02-08,77.44000244140625,78.6500015258789,77.19000244140625,78.11000061035156,67.65499877929688,2820800,LLY
2017-02-09,78.11000061035156,78.58999633789062,77.69000244140625,77.69999694824219,67.29987335205078,2962600,LLY
2017-02-10,77.87000274658203,78.25,77.5999984741211,77.79000091552734,67.37781524658203,2598600,LLY
2017-02-13,77.56999969482422,78.05999755859375,77.52999877929688,77.7699966430664,67.81380462646484,2097500,LLY
2017-02-14,77.5,78.83000183105469,77.25,78.80999755859375,68.7206802368164,3311200,LLY
2017-02-15,78.33999633789062,80.54000091552734,78.05000305175781,80.25,69.9763412475586,4272800,LLY
2017-02-16,80.05000305175781,80.37999725341797,79.41000366210938,80.04000091552734,69.79322814941406,3629600,LLY
2017-02-17,80.13999938964844,81.0,80.06999969482422,80.38999938964844,70.09840393066406,3111100,LLY
2017-02-21,80.16999816894531,80.87000274658203,80.11000061035156,80.36000061035156,70.0722427368164,3178800,LLY
2017-02-22,80.41999816894531,81.20999908447266,80.33000183105469,81.06999969482422,70.69136810302734,3468800,LLY
2017-02-23,81.37999725341797,82.87999725341797,81.13999938964844,82.55000305175781,71.98188018798828,6193500,LLY
2017-02-24,82.41999816894531,83.23999786376953,82.23999786376953,82.87000274658203,72.26091766357422,4016000,LLY
2017-02-27,82.83000183105469,83.4000015258789,82.66000366210938,83.05999755859375,72.42658996582031,3104200,LLY
2017-02-28,82.81999969482422,83.4800033569336,82.58000183105469,82.80999755859375,72.20860290527344,3672000,LLY
2017-03-01,83.44000244140625,84.13999938964844,82.97000122070312,83.8499984741211,73.11546325683594,3420600,LLY
2017-03-02,83.87000274658203,83.94999694824219,82.83999633789062,82.91000366210938,72.29579162597656,3371600,LLY
2017-03-03,82.69999694824219,83.9000015258789,82.5999984741211,83.77999877929688,73.05442810058594,2649100,LLY
2017-03-06,83.25,84.27999877929688,82.94999694824219,83.83000183105469,73.09801483154297,3960100,LLY
2017-03-07,82.94999694824219,83.13999938964844,81.37000274658203,82.73999786376953,72.14755249023438,5570600,LLY
2017-03-08,82.73999786376953,83.98999786376953,82.66999816894531,83.41000366210938,72.73180389404297,4491800,LLY
2017-03-09,83.66999816894531,84.7699966430664,83.51000213623047,84.55000305175781,73.72586059570312,5861600,LLY
2017-03-10,84.5,84.55000305175781,83.9000015258789,84.36000061035156,73.5601577758789,3629400,LLY
2017-03-13,84.51000213623047,84.55000305175781,83.83000183105469,84.13999938964844,73.36833190917969,2248500,LLY
2017-03-14,84.0,84.55000305175781,83.91999816894531,84.45999908447266,73.64734649658203,2839100,LLY
2017-03-15,84.43000030517578,86.13999938964844,84.37000274658203,85.87999725341797,74.88555908203125,4883900,LLY
2017-03-16,85.54000091552734,85.54000091552734,83.80000305175781,84.98999786376953,74.10948944091797,4742800,LLY
2017-03-17,84.44000244140625,84.75,83.83000183105469,83.95999908447266,73.21138000488281,5786900,LLY
2017-03-20,84.5999984741211,84.86000061035156,83.97000122070312,84.05999755859375,73.29856872558594,3121900,LLY
2017-03-21,84.33999633789062,84.94999694824219,83.62999725341797,83.7300033569336,73.01081085205078,4066200,LLY
2017-03-22,84.08999633789062,84.55000305175781,83.47000122070312,84.36000061035156,73.5601577758789,2850300,LLY
2017-03-23,83.91999816894531,85.05000305175781,83.91999816894531,84.41999816894531,73.61247253417969,3021100,LLY
2017-03-24,84.30000305175781,84.9800033569336,83.86000061035156,84.18000030517578,73.4031982421875,2479100,LLY
2017-03-27,83.9000015258789,84.44000244140625,83.73999786376953,84.23999786376953,73.45550537109375,2340300,LLY
2017-03-28,84.2699966430664,85.0,84.04000091552734,84.75,73.90022277832031,2755000,LLY
2017-03-29,84.55000305175781,84.76000213623047,84.31999969482422,84.44000244140625,73.6299057006836,2066600,LLY
2017-03-30,84.56999969482422,84.94999694824219,84.08000183105469,84.76000213623047,73.9089584350586,3204100,LLY
2017-03-31,84.4000015258789,84.94000244140625,84.08000183105469,84.11000061035156,73.34219360351562,3151900,LLY
2017-04-03,84.12999725341797,84.80999755859375,84.06999969482422,84.44999694824219,73.63864135742188,2429900,LLY
2017-04-04,84.52999877929688,86.38999938964844,84.29000091552734,86.08999633789062,75.06867980957031,4624600,LLY
2017-04-05,85.91999816894531,86.72000122070312,85.56999969482422,85.62999725341797,74.66758728027344,4056300,LLY
2017-04-06,85.47000122070312,85.9000015258789,85.12000274658203,85.36000061035156,74.43213653564453,2684600,LLY
2017-04-07,85.33999633789062,85.66000366210938,84.91000366210938,85.31999969482422,74.3972396850586,2808500,LLY
2017-04-10,85.45999908447266,85.8499984741211,85.2300033569336,85.47000122070312,74.52806854248047,1994900,LLY
2017-04-11,85.47000122070312,86.13999938964844,85.31999969482422,85.93000030517578,74.92918395996094,2699200,LLY
2017-04-12,85.73999786376953,86.33999633789062,85.66999816894531,86.25,75.20819091796875,2545100,LLY
2017-04-13,86.02999877929688,86.31999969482422,85.77999877929688,85.87999725341797,74.88555908203125,2172500,LLY
2017-04-17,81.30000305175781,82.98999786376953,81.11000061035156,82.37999725341797,71.8336410522461,12424500,LLY
2017-04-18,81.91000366210938,82.0999984741211,80.88999938964844,81.19999694824219,70.80472564697266,8210800,LLY
2017-04-19,81.12000274658203,81.70999908447266,79.87999725341797,80.88999938964844,70.5344009399414,5504500,LLY
2017-04-20,81.19000244140625,82.19999694824219,80.75,81.94000244140625,71.45000457763672,3267200,LLY
2017-04-21,81.81999969482422,82.23999786376953,81.66999816894531,81.88999938964844,71.40638732910156,3204000,LLY
2017-04-24,82.81999969482422,83.7300033569336,82.72000122070312,83.41999816894531,72.74051666259766,4813600,LLY
2017-04-25,82.70999908447266,82.70999908447266,80.5,81.19999694824219,70.80472564697266,9221100,LLY
2017-04-26,81.33999633789062,81.70999908447266,80.93000030517578,80.95999908447266,70.59544372558594,4421700,LLY
2017-04-27,80.97000122070312,81.5999984741211,80.69000244140625,81.33000183105469,70.9180679321289,3219200,LLY
2017-04-28,81.37000274658203,82.25,81.19999694824219,82.05999755859375,71.55460357666016,3161800,LLY
2017-05-01,82.08999633789062,82.22000122070312,81.75,81.81999969482422,71.34534454345703,2397200,LLY
2017-05-02,81.9800033569336,81.9800033569336,81.5,81.69999694824219,71.2406997680664,3626500,LLY
2017-05-03,81.26000213623047,81.55999755859375,81.23999786376953,81.25,70.84832000732422,3373200,LLY
2017-05-04,81.3499984741211,83.0999984741211,81.29000091552734,83.04000091552734,72.40916442871094,3567100,LLY
2017-05-05,83.05999755859375,83.11000061035156,82.06999969482422,82.51000213623047,71.94699096679688,3135600,LLY
2017-05-08,82.36000061035156,82.41000366210938,80.36000061035156,80.66999816894531,70.34256744384766,4712900,LLY
2017-05-09,80.81999969482422,80.94000244140625,80.3499984741211,80.79000091552734,70.44719696044922,3988100,LLY
2017-05-10,80.83999633789062,81.11000061035156,80.19000244140625,81.05000305175781,70.67390441894531,4018500,LLY
2017-05-11,80.72000122070312,81.0,79.91000366210938,80.22000122070312,70.40184020996094,3920500,LLY
2017-05-12,80.33000183105469,80.61000061035156,79.73999786376953,80.19000244140625,70.37549591064453,2935200,LLY
2017-05-15,80.19000244140625,80.48999786376953,79.43000030517578,80.30000305175781,70.47206115722656,2559100,LLY
2017-05-16,80.2300033569336,80.30000305175781,78.4000015258789,78.98999786376953,69.32238006591797,7170100,LLY
2017-05-17,78.98999786376953,79.02999877929688,77.91999816894531,78.13999938964844,68.576416015625,4486000,LLY
2017-05-18,78.56999969482422,78.94000244140625,78.04000091552734,78.30000305175781,68.71684265136719,2928200,LLY
2017-05-19,78.5,78.70999908447266,77.7300033569336,77.80000305175781,68.27802276611328,5091800,LLY
2017-05-22,77.9000015258789,78.01000213623047,76.8499984741211,76.9800033569336,67.55838775634766,6936500,LLY
2017-05-23,77.19000244140625,78.36000061035156,77.0199966430664,77.98999786376953,68.44474792480469,5884800,LLY
2017-05-24,77.98999786376953,78.27999877929688,77.80000305175781,77.95999908447266,68.4184341430664,2253800,LLY
2017-05-25,78.30999755859375,78.45999908447266,77.76000213623047,78.33999633789062,68.75193786621094,1736700,LLY
2017-05-26,78.12000274658203,78.3499984741211,77.72000122070312,78.05000305175781,68.4974365234375,2238900,LLY
2017-05-30,77.94999694824219,78.66999816894531,77.75,78.3499984741211,68.76071166992188,3244900,LLY
2017-05-31,78.4800033569336,79.91000366210938,78.4800033569336,79.56999969482422,69.83139038085938,5163900,LLY
2017-06-01,79.5999984741211,80.2300033569336,79.37999725341797,79.98999786376953,70.19998931884766,3093100,LLY
2017-06-02,80.47000122070312,81.05999755859375,79.9000015258789,80.12999725341797,70.32286071777344,4005700,LLY
2017-06-05,80.0,80.06999969482422,78.9800033569336,79.3499984741211,69.63833618164062,2814800,LLY
2017-06-06,79.41000366210938,79.45999908447266,78.75,79.08999633789062,69.41016387939453,2688000,LLY
2017-06-07,79.16000366210938,79.54000091552734,79.08999633789062,79.38999938964844,69.67343139648438,2899900,LLY
2017-06-08,79.38999938964844,80.45999908447266,79.33999633789062,80.0999984741211,70.29653930664062,4610400,LLY
2017-06-09,80.0999984741211,81.19000244140625,79.69999694824219,81.04000091552734,71.12149810791016,4599300,LLY
2017-06-12,80.95999908447266,81.29000091552734,80.83999633789062,80.9000015258789,70.99861907958984,2842400,LLY
2017-06-13,81.20999908447266,81.29000091552734,80.23999786376953,81.25,71.3058090209961,4492900,LLY
2017-06-14,80.9000015258789,81.61000061035156,80.7699966430664,81.5999984741211,71.6129379272461,4025600,LLY
2017-06-15,81.38999938964844,82.1500015258789,80.95999908447266,82.05000305175781,72.00789642333984,3484800,LLY
2017-06-16,82.23999786376953,82.55999755859375,81.66000366210938,81.87999725341797,71.85868072509766,4903200,LLY
2017-06-19,82.0199966430664,82.76000213623047,81.87000274658203,82.33999633789062,72.26238250732422,2538000,LLY
2017-06-20,82.22000122070312,83.68000030517578,82.22000122070312,82.75,72.6221923828125,3694700,LLY
2017-06-21,83.0999984741211,83.41000366210938,82.37999725341797,82.63999938964844,72.52566528320312,3781400,LLY
2017-06-22,82.83999633789062,84.76000213623047,82.83999633789062,84.30999755859375,73.99127960205078,4891600,LLY
2017-06-23,84.12000274658203,84.33999633789062,83.70999908447266,83.88999938964844,73.62269592285156,3928000,LLY
2017-06-26,84.08999633789062,84.44999694824219,83.66000366210938,84.27999877929688,73.9649658203125,2952800,LLY
2017-06-27,84.18000030517578,84.33000183105469,83.04000091552734,83.04000091552734,72.87673950195312,2365800,LLY
2017-06-28,83.44999694824219,83.91999816894531,82.9000015258789,83.0999984741211,72.92938232421875,3035300,LLY
2017-06-29,83.08999633789062,83.22000122070312,82.30999755859375,82.69999694824219,72.57835388183594,2366800,LLY
2017-06-30,82.97000122070312,83.12999725341797,82.0,82.30000305175781,72.22726440429688,5713900,LLY
2017-07-03,82.41000366210938,82.91000366210938,82.31999969482422,82.69999694824219,72.57835388183594,1464700,LLY
2017-07-05,82.62999725341797,82.76000213623047,82.02999877929688,82.69999694824219,72.57835388183594,2263600,LLY
2017-07-06,82.31999969482422,82.56999969482422,81.37000274658203,81.5999984741211,71.6129379272461,3391000,LLY
2017-07-07,81.62000274658203,82.3499984741211,81.43000030517578,82.29000091552734,72.21849060058594,1803700,LLY
2017-07-10,82.33000183105469,82.56999969482422,81.88999938964844,82.27999877929688,72.20973205566406,2269700,LLY
2017-07-11,82.38999938964844,82.83999633789062,81.87999725341797,82.3499984741211,72.27116394042969,2708900,LLY
2017-07-12,82.7300033569336,84.0199966430664,82.61000061035156,83.5,73.28042602539062,3527000,LLY
2017-07-13,83.55999755859375,84.2300033569336,83.16000366210938,84.0199966430664,73.73676300048828,2944100,LLY
2017-07-14,84.11000061035156,84.58000183105469,83.80999755859375,84.3499984741211,74.02637481689453,2005700,LLY
2017-07-17,84.30999755859375,84.52999877929688,83.41999816894531,83.63999938964844,73.40328216552734,1989100,LLY
2017-07-18,83.51000213623047,83.7699966430664,83.22000122070312,83.69999694824219,73.45591735839844,1704500,LLY
2017-07-19,83.5199966430664,84.27999877929688,83.5199966430664,84.2300033569336,73.92107391357422,2297400,LLY
2017-07-20,84.52999877929688,85.12000274658203,84.41000366210938,84.75,74.37740325927734,2980600,LLY
2017-07-21,84.62000274658203,84.95999908447266,84.30999755859375,84.66000366210938,74.2984390258789,3064400,LLY
2017-07-24,84.66000366210938,85.52999877929688,84.51000213623047,84.73999786376953,74.36866760253906,3952200,LLY
2017-07-25,83.73999786376953,84.4000015258789,80.7699966430664,82.19000244140625,72.13072967529297,13319900,LLY
2017-07-26,81.56999969482422,81.87999725341797,81.04000091552734,81.83999633789062,71.82357025146484,7030500,LLY
2017-07-27,81.76000213623047,83.05000305175781,81.45999908447266,83.0199966430664,72.8591537475586,5577400,LLY
2017-07-28,82.87000274658203,83.22000122070312,82.5,83.0999984741211,72.92938232421875,3820100,LLY
2017-07-31,83.33999633789062,83.76000213623047,82.62999725341797,82.66000366210938,72.543212890625,4083000,LLY
2017-08-01,82.86000061035156,83.1500015258789,82.12000274658203,82.37000274658203,72.28872680664062,3439400,LLY
2017-08-02,82.05999755859375,82.16999816894531,81.06999969482422,81.81999969482422,71.8060302734375,4574400,LLY
2017-08-03,81.58000183105469,82.27999877929688,81.5,81.93000030517578,71.9025650024414,3688300,LLY
2017-08-04,81.9000015258789,82.31999969482422,81.76000213623047,82.30999755859375,72.23605346679688,2802600,LLY
2017-08-07,82.30999755859375,82.4000015258789,81.72000122070312,82.06999969482422,72.02542877197266,2769700,LLY
2017-08-08,81.87000274658203,82.72000122070312,81.62999725341797,81.97000122070312,71.93766784667969,3292600,LLY
2017-08-09,82.12999725341797,82.73999786376953,81.97000122070312,82.56999969482422,72.4642105102539,2392100,LLY
2017-08-10,82.54000091552734,82.54000091552734,81.66000366210938,82.05000305175781,72.00789642333984,3367500,LLY
2017-08-11,81.80000305175781,81.97000122070312,81.12000274658203,81.1500015258789,71.67227172851562,2446400,LLY
2017-08-14,81.33999633789062,81.68000030517578,81.18000030517578,81.48999786376953,71.97254180908203,1879600,LLY
2017-08-15,81.5,82.33999633789062,81.5,81.70999908447266,72.16686248779297,1949500,LLY
2017-08-16,82.13999938964844,82.19999694824219,80.0199966430664,80.69000244140625,71.26599884033203,3970500,LLY
2017-08-17,80.4000015258789,80.56999969482422,77.69999694824219,77.80000305175781,68.7135009765625,7318200,LLY
2017-08-18,77.69999694824219,77.69999694824219,76.94000244140625,77.06999969482422,68.06877136230469,4061300,LLY
2017-08-21,77.12000274658203,77.63999938964844,76.88999938964844,77.37999725341797,68.34257507324219,3638100,LLY
2017-08-22,77.52999877929688,78.6500015258789,77.52999877929688,78.26000213623047,69.11978149414062,2131900,LLY
2017-08-23,78.19999694824219,78.5199966430664,78.05000305175781,78.1500015258789,69.02262878417969,1801500,LLY
2017-08-24,78.33000183105469,79.23999786376953,78.26000213623047,78.86000061035156,69.64971160888672,4188400,LLY
2017-08-25,78.95999908447266,79.52999877929688,78.73999786376953,78.79000091552734,69.58787536621094,2171500,LLY
2017-08-28,79.0999984741211,79.43000030517578,78.62999725341797,78.83999633789062,69.6320571899414,1923200,LLY
2017-08-29,78.54000091552734,78.83999633789062,78.12000274658203,78.55000305175781,69.37590789794922,2154300,LLY
2017-08-30,79.0999984741211,80.7699966430664,78.75,80.48999786376953,71.0893325805664,5036900,LLY
2017-08-31,80.7699966430664,81.3499984741211,80.33999633789062,81.29000091552734,71.7959213256836,3939500,LLY
2017-09-01,81.54000091552734,81.70999908447266,79.43000030517578,80.08000183105469,70.72720336914062,4345000,LLY
2017-09-05,79.47000122070312,80.05000305175781,79.05000305175781,79.81999969482422,70.4975814819336,3384000,LLY
2017-09-06,80.20999908447266,80.66999816894531,79.86000061035156,80.51000213623047,71.10700988769531,2689200,LLY
2017-09-07,80.62000274658203,82.75,80.37000274658203,81.54000091552734,72.01670837402344,6249300,LLY
2017-09-08,81.61000061035156,83.12000274658203,81.54000091552734,82.91999816894531,73.23554992675781,3961300,LLY
2017-09-11,82.94000244140625,83.3499984741211,81.7699966430664,82.62999725341797,72.97938537597656,4389200,LLY
2017-09-12,82.5999984741211,82.7300033569336,81.93000030517578,82.16999816894531,72.57313537597656,2566400,LLY
2017-09-13,81.95999908447266,82.58000183105469,81.87999725341797,82.43000030517578,72.80274963378906,2454900,LLY
2017-09-14,82.33000183105469,83.98999786376953,82.12000274658203,83.06999969482422,73.36803436279297,3370300,LLY
2017-09-15,83.30000305175781,83.56999969482422,82.18000030517578,82.44000244140625,72.81160736083984,5374500,LLY
2017-09-18,82.55000305175781,82.66999816894531,82.06999969482422,82.5199966430664,72.88225555419922,2200000,LLY
2017-09-19,82.63999938964844,82.83999633789062,81.55000305175781,81.7300033569336,72.18453216552734,2259200,LLY
2017-09-20,82.05999755859375,82.41999816894531,81.38999938964844,82.0199966430664,72.4406509399414,2849900,LLY
2017-09-21,82.01000213623047,83.69999694824219,81.87999725341797,83.33000183105469,73.59764099121094,4426700,LLY
2017-09-22,83.33999633789062,84.02999877929688,82.73999786376953,83.91000366210938,74.10991668701172,3148700,LLY
2017-09-25,83.87000274658203,84.6500015258789,83.80000305175781,84.63999938964844,74.75465393066406,4223800,LLY
2017-09-26,84.43000030517578,85.12999725341797,84.01000213623047,84.22000122070312,74.38370513916016,2347200,LLY
2017-09-27,84.33999633789062,84.80000305175781,83.97000122070312,84.6500015258789,74.76349639892578,3085200,LLY
2017-09-28,84.58999633789062,85.58000183105469,84.1500015258789,85.0,75.07258605957031,2841000,LLY
2017-09-29,85.16999816894531,85.61000061035156,84.38999938964844,85.54000091552734,75.54955291748047,3506100,LLY
2017-10-02,85.77999877929688,86.68000030517578,85.73999786376953,86.3499984741211,76.26493072509766,3071100,LLY
2017-10-03,86.23999786376953,86.55999755859375,85.93000030517578,86.44999694824219,76.35323333740234,2128800,LLY
2017-10-04,86.5,87.16000366210938,86.27999877929688,86.95999908447266,76.80370330810547,2317700,LLY
2017-10-05,86.7699966430664,89.08999633789062,86.38999938964844,87.6500015258789,77.41310119628906,5221000,LLY
2017-10-06,87.30999755859375,87.48999786376953,86.63999938964844,87.08000183105469,76.90966033935547,2297200,LLY
2017-10-09,87.13999938964844,87.27999877929688,86.45999908447266,87.05000305175781,76.8831787109375,1701400,LLY
2017-10-10,85.37999725341797,86.69999694824219,85.25,86.16000366210938,76.0971450805664,4943700,LLY
2017-10-11,86.3499984741211,86.66000366210938,85.44999694824219,86.05999755859375,76.00879669189453,3433200,LLY
2017-10-12,86.0999984741211,86.44999694824219,85.91000366210938,86.43000030517578,76.3355941772461,1941100,LLY
2017-10-13,86.4000015258789,86.69999694824219,85.70999908447266,86.55000305175781,76.44157409667969,3026500,LLY
2017-10-16,86.4800033569336,86.73999786376953,85.77999877929688,85.94999694824219,75.91165924072266,3800700,LLY
2017-10-17,85.94000244140625,86.5,85.41999816894531,86.05999755859375,76.00879669189453,3643700,LLY
2017-10-18,86.33000183105469,86.55999755859375,85.5199966430664,85.7300033569336,75.71736145019531,4002200,LLY
2017-10-19,85.69000244140625,86.37999725341797,85.51000213623047,86.36000061035156,76.27377319335938,3233400,LLY
2017-10-20,86.5199966430664,87.37999725341797,86.33000183105469,87.2300033569336,77.04216766357422,3223200,LLY
2017-10-23,87.47000122070312,88.19000244140625,87.12000274658203,87.18000030517578,76.99799346923828,4909800,LLY
2017-10-24,87.41999816894531,88.33000183105469,83.75,85.16999816894531,75.22273254394531,8696100,LLY
2017-10-25,85.91000366210938,86.37000274658203,84.68000030517578,84.8499984741211,74.94012451171875,3916000,LLY
2017-10-26,84.66999816894531,85.11000061035156,83.83000183105469,84.16000366210938,74.33071899414062,3820700,LLY
2017-10-27,84.06999969482422,84.80999755859375,83.58999633789062,83.86000061035156,74.06571960449219,2892900,LLY
2017-10-30,83.76000213623047,83.76000213623047,82.43000030517578,82.6500015258789,72.99706268310547,4667200,LLY
2017-10-31,82.76000213623047,83.0999984741211,81.72000122070312,81.94000244140625,72.3699951171875,3853300,LLY
2017-11-01,82.16999816894531,83.81999969482422,82.0,82.88999938964844,73.20904541015625,3309300,LLY
2017-11-02,82.55000305175781,83.91999816894531,82.30999755859375,83.12999725341797,73.42101287841797,2716100,LLY
2017-11-03,82.70999908447266,83.58999633789062,82.66000366210938,83.51000213623047,73.75662994384766,1534800,LLY
2017-11-06,83.29000091552734,83.43000030517578,82.91999816894531,82.94000244140625,73.253173828125,1861700,LLY
2017-11-07,83.04000091552734,83.41999816894531,82.7699966430664,83.27999877929688,73.5534896850586,2851900,LLY
2017-11-08,83.0,84.38999938964844,83.0,84.01000213623047,74.19822692871094,2328700,LLY
2017-11-09,83.81999969482422,84.26000213623047,83.62999725341797,83.98999786376953,74.18055725097656,2098600,LLY
2017-11-10,83.66999816894531,83.87000274658203,82.56999969482422,83.29000091552734,73.56231689453125,2692500,LLY
2017-11-13,83.33000183105469,83.33000183105469,82.52999877929688,82.86000061035156,73.18254089355469,2478700,LLY
2017-11-14,82.69000244140625,83.11000061035156,82.20999908447266,82.48999786376953,73.31587219238281,2684800,LLY
2017-11-15,82.51000213623047,83.13999938964844,81.41999816894531,82.19000244140625,73.04922485351562,1838100,LLY
2017-11-16,82.41000366210938,83.62999725341797,81.83999633789062,83.44000244140625,74.16022491455078,2599700,LLY
2017-11-17,83.0,83.4800033569336,82.80000305175781,82.88999938964844,73.6713638305664,4097800,LLY
2017-11-20,83.08999633789062,83.31999969482422,82.81999969482422,83.18000030517578,73.92912292480469,2205900,LLY
2017-11-21,83.6500015258789,84.52999877929688,83.37000274658203,83.51000213623047,74.2224349975586,3529900,LLY
2017-11-22,83.66999816894531,84.26000213623047,83.4800033569336,83.68000030517578,74.37351989746094,2230900,LLY
2017-11-24,83.87000274658203,84.16999816894531,83.58000183105469,84.02999877929688,74.6845932006836,817600,LLY
2017-11-27,84.1500015258789,85.25,84.02999877929688,84.80999755859375,75.37784576416016,2980900,LLY
2017-11-28,85.06999969482422,85.36000061035156,84.73999786376953,85.05000305175781,75.59117126464844,2659400,LLY
2017-11-29,84.79000091552734,85.23999786376953,84.44999694824219,84.95999908447266,75.51115417480469,2316000,LLY
2017-11-30,85.25,85.4800033569336,84.31999969482422,84.63999938964844,75.22674560546875,5002100,LLY
2017-12-01,84.9800033569336,85.41000366210938,84.18000030517578,85.31999969482422,75.83113098144531,2736300,LLY
2017-12-04,85.48999786376953,86.77999877929688,85.36000061035156,85.58000183105469,76.06220245361328,4228300,LLY
2017-12-05,85.58999633789062,86.58000183105469,85.20999908447266,86.05999755859375,76.48881530761719,3876800,LLY
2017-12-06,86.04000091552734,86.38999938964844,84.52999877929688,85.31999969482422,75.83113098144531,3130900,LLY
2017-12-07,85.20999908447266,85.87000274658203,84.6500015258789,85.87000274658203,76.31996154785156,4344900,LLY
2017-12-08,85.66000366210938,86.45999908447266,85.47000122070312,86.44999694824219,76.83546447753906,3777100,LLY
2017-12-11,86.61000061035156,86.83999633789062,86.06999969482422,86.66999816894531,77.03096771240234,3336800,LLY
2017-12-12,86.48999786376953,86.9000015258789,85.98999786376953,86.70999908447266,77.0665283203125,4252500,LLY
2017-12-13,86.41000366210938,89.08999633789062,86.33999633789062,87.88999938964844,78.11526489257812,5786800,LLY
2017-12-14,88.22000122070312,88.33000183105469,86.12000274658203,86.5,76.87989044189453,4388400,LLY
2017-12-15,86.88999938964844,87.61000061035156,86.2699966430664,86.54000091552734,76.91545104980469,7346400,LLY
2017-12-18,86.76000213623047,87.44999694824219,85.98999786376953,86.08000183105469,76.5066146850586,3796000,LLY
2017-12-19,86.04000091552734,86.7699966430664,85.8499984741211,86.70999908447266,77.0665283203125,4027600,LLY
2017-12-20,86.68000030517578,86.94000244140625,85.63999938964844,85.73999786376953,76.20441436767578,3016900,LLY
2017-12-21,86.02999877929688,86.18000030517578,85.44000244140625,85.61000061035156,76.08885955810547,2024300,LLY
2017-12-22,85.5999984741211,85.77999877929688,84.75,85.06999969482422,75.6089096069336,1834800,LLY
2017-12-26,85.29000091552734,85.43000030517578,84.95999908447266,84.98999786376953,75.53783416748047,1099900,LLY
2017-12-27,85.19000244140625,85.45999908447266,84.9800033569336,85.13999938964844,75.67112731933594,1332800,LLY
2017-12-28,85.30000305175781,85.44000244140625,84.88999938964844,85.05000305175781,75.59117126464844,1731700,LLY
2017-12-29,85.12000274658203,85.44000244140625,84.45999908447266,84.45999908447266,75.06676483154297,2563800,LLY
2018-01-02,84.45999908447266,85.0,84.05999755859375,84.68000030517578,75.26231384277344,3456700,LLY
2018-01-03,84.73999786376953,85.41999816894531,84.2699966430664,85.13999938964844,75.67112731933594,3078400,LLY
2018-01-04,85.27999877929688,85.80000305175781,84.73999786376953,85.5199966430664,76.00886535644531,2462500,LLY
2018-01-05,86.08999633789062,86.75,85.93000030517578,86.56999969482422,76.94210052490234,2946300,LLY
2018-01-08,86.69000244140625,86.70999908447266,85.4000015258789,86.12999725341797,76.55104064941406,3251400,LLY
2018-01-09,86.19999694824219,86.41999816894531,85.73999786376953,86.05999755859375,76.48881530761719,2426000,LLY
2018-01-10,85.61000061035156,86.16999816894531,85.48999786376953,86.0999984741211,76.52438354492188,1674600,LLY
2018-01-11,86.16999816894531,86.58999633789062,85.87000274658203,86.38999938964844,76.7821273803711,2647500,LLY
2018-01-12,86.5199966430664,87.41000366210938,86.02999877929688,86.9800033569336,77.30651092529297,2728900,LLY
2018-01-16,85.93000030517578,86.58999633789062,85.1500015258789,85.29000091552734,75.80445861816406,4878300,LLY
2018-01-17,85.80000305175781,86.36000061035156,85.47000122070312,86.20999908447266,76.62215423583984,4083300,LLY
2018-01-18,86.04000091552734,86.13999938964844,85.2699966430664,85.81999969482422,76.27552795410156,4445800,LLY
2018-01-19,86.16999816894531,86.27999877929688,85.31999969482422,85.48999786376953,75.98222351074219,5826900,LLY
2018-01-22,83.25,85.56999969482422,82.4000015258789,85.44000244140625,75.93775939941406,6374000,LLY
2018-01-23,85.18000030517578,85.91999816894531,84.23999786376953,84.41999816894531,75.0312271118164,5728100,LLY
2018-01-24,84.86000061035156,85.16000366210938,84.27999877929688,84.30000305175781,74.924560546875,5977700,LLY
2018-01-25,84.80999755859375,85.4000015258789,84.55999755859375,85.01000213623047,75.55561065673828,5201600,LLY
2018-01-26,84.76000213623047,87.47000122070312,84.76000213623047,87.08000183105469,77.39537048339844,6394100,LLY
2018-01-29,86.7699966430664,88.33000183105469,86.6500015258789,87.5999984741211,77.85755157470703,5324500,LLY
2018-01-30,86.63999938964844,86.94000244140625,85.20999908447266,86.08999633789062,76.51548767089844,5388400,LLY
2018-01-31,86.5,86.7300033569336,81.2699966430664,81.44999694824219,72.39152526855469,10558500,LLY
2018-02-01,81.54000091552734,82.87000274658203,81.29000091552734,82.41000366210938,73.2447738647461,8410700,LLY
2018-02-02,81.87999725341797,83.02999877929688,81.12000274658203,81.18000030517578,72.15155029296875,5152500,LLY
2018-02-05,80.88999938964844,81.61000061035156,76.55000305175781,77.48999786376953,68.8719482421875,8145200,LLY
2018-02-06,76.55999755859375,79.11000061035156,75.70999908447266,77.98999786376953,69.31633758544922,10558800,LLY
2018-02-07,77.76000213623047,78.55999755859375,76.70999908447266,76.72000122070312,68.18756866455078,8240300,LLY
2018-02-08,77.19000244140625,77.6500015258789,74.19000244140625,74.20999908447266,65.95674133300781,8059600,LLY
2018-02-09,75.05999755859375,76.81999969482422,73.69000244140625,76.2300033569336,67.75205993652344,8939700,LLY
2018-02-12,76.68000030517578,77.0999984741211,75.19999694824219,76.25,67.76983642578125,6454200,LLY
2018-02-13,76.0199966430664,76.58999633789062,75.75,76.20999908447266,67.73429870605469,4041200,LLY
2018-02-14,75.41000366210938,77.19000244140625,75.33999633789062,77.02999877929688,68.97261810302734,4361100,LLY
2018-02-15,77.75,78.1500015258789,77.02999877929688,78.0199966430664,69.85909271240234,4810700,LLY
2018-02-16,77.94999694824219,79.6500015258789,77.91000366210938,78.97000122070312,70.70970153808594,4699600,LLY
2018-02-20,78.18000030517578,78.69999694824219,77.18000030517578,77.55000305175781,69.43824768066406,3195000,LLY
2018-02-21,77.58999633789062,78.75,77.55000305175781,77.55000305175781,69.43824768066406,3871100,LLY
2018-02-22,77.19000244140625,78.08999633789062,76.5199966430664,77.19000244140625,69.11589050292969,7687400,LLY
2018-02-23,77.7300033569336,78.86000061035156,77.63999938964844,78.75,70.51272583007812,5170300,LLY
2018-02-26,78.98999786376953,80.47000122070312,78.97000122070312,80.18000030517578,71.79313659667969,6015900,LLY
2018-02-27,80.1500015258789,80.20999908447266,78.69000244140625,78.69999694824219,70.46796417236328,4860400,LLY
2018-02-28,78.77999877929688,79.18000030517578,77.01000213623047,77.0199966430664,68.96368408203125,6123400,LLY
2018-03-01,77.05999755859375,77.37000274658203,75.52999877929688,76.5,68.4980697631836,6258400,LLY
2018-03-02,76.37999725341797,77.5999984741211,76.31999969482422,77.2300033569336,69.1517105102539,3216700,LLY
2018-03-05,76.9000015258789,78.08000183105469,76.70999908447266,77.69999694824219,69.57255554199219,3816600,LLY
2018-03-06,77.86000061035156,78.0,76.87999725341797,77.19000244140625,69.11589050292969,2962700,LLY
2018-03-07,76.58000183105469,77.61000061035156,76.54000091552734,77.44000244140625,69.3397445678711,2266500,LLY
2018-03-08,77.6500015258789,79.0199966430664,77.47000122070312,78.88999938964844,70.63805389404297,3497200,LLY
2018-03-09,79.27999877929688,79.95999908447266,78.87999725341797,79.61000061035156,71.28277587890625,4399500,LLY
2018-03-12,79.83000183105469,79.97000122070312,78.61000061035156,79.04000091552734,70.77236938476562,5059600,LLY
2018-03-13,79.08000183105469,79.87000274658203,78.7699966430664,79.1500015258789,70.87086486816406,4863200,LLY
2018-03-14,79.38999938964844,79.55999755859375,78.0199966430664,78.48999786376953,70.27989959716797,3167900,LLY
2018-03-15,78.58000183105469,79.86000061035156,78.45999908447266,78.75,70.51272583007812,3910100,LLY
2018-03-16,79.19999694824219,80.48999786376953,79.12000274658203,80.48999786376953,72.0707015991211,8326300,LLY
2018-03-19,80.12000274658203,80.19999694824219,78.16000366210938,78.7300033569336,70.49479675292969,5117000,LLY
2018-03-20,79.04000091552734,79.19999694824219,77.8499984741211,78.37000274658203,70.17245483398438,3943800,LLY
2018-03-21,78.45999908447266,79.0,78.02999877929688,78.23999786376953,70.05606842041016,4052000,LLY
2018-03-22,77.55999755859375,78.01000213623047,76.41000366210938,76.52999877929688,68.52495574951172,3816900,LLY
2018-03-23,76.7699966430664,76.80000305175781,74.51000213623047,74.76000213623047,66.94007110595703,4298100,LLY
2018-03-26,75.61000061035156,76.2300033569336,74.6500015258789,76.18000030517578,68.21154022216797,3488700,LLY
2018-03-27,76.08999633789062,76.5999984741211,75.13999938964844,75.66000366210938,67.74592590332031,4070600,LLY
2018-03-28,76.05999755859375,77.66000366210938,76.04000091552734,77.01000213623047,68.95470428466797,4257500,LLY
2018-03-29,77.45999908447266,77.80000305175781,76.61000061035156,77.37000274658203,69.27705383300781,3424000,LLY
2018-04-02,76.87999725341797,77.30999755859375,75.4000015258789,75.69999694824219,67.78174591064453,6282600,LLY
2018-04-03,76.25,77.5999984741211,75.86000061035156,77.54000091552734,69.42928314208984,3610600,LLY
2018-04-04,76.81999969482422,78.81999969482422,76.70999908447266,78.5999984741211,70.37841033935547,3022200,LLY
2018-04-05,78.5199966430664,78.8499984741211,78.08999633789062,78.62000274658203,70.39629364013672,2213100,LLY
2018-04-06,78.18000030517578,78.25,76.30000305175781,76.8499984741211,68.81145477294922,4012800,LLY
2018-04-09,77.2699966430664,78.3499984741211,76.33000183105469,77.33999633789062,69.25020599365234,5377500,LLY
2018-04-10,78.08999633789062,79.68000030517578,78.06999969482422,79.22000122070312,70.93356323242188,3657200,LLY
2018-04-11,78.3499984741211,78.9000015258789,78.12000274658203,78.7300033569336,70.49479675292969,2830000,LLY
2018-04-12,79.19000244140625,79.68000030517578,78.80999755859375,79.29000091552734,70.9962387084961,2121100,LLY
2018-04-13,79.87999725341797,80.44999694824219,79.23999786376953,79.72000122070312,71.38125610351562,2652400,LLY
2018-04-16,80.45999908447266,80.75,79.66999816894531,80.12000274658203,71.73941040039062,2743000,LLY
2018-04-17,80.56999969482422,80.63999938964844,79.48999786376953,79.91999816894531,71.5603256225586,3782400,LLY
2018-04-18,79.95999908447266,80.23999786376953,79.58999633789062,79.72000122070312,71.38125610351562,4261000,LLY
2018-04-19,78.95999908447266,79.75,78.55000305175781,79.75,71.40811920166016,4989400,LLY
2018-04-20,79.63999938964844,79.91000366210938,78.81999969482422,79.05999755859375,70.79029846191406,5424100,LLY
2018-04-23,79.43000030517578,80.29000091552734,79.16999816894531,80.19999694824219,71.81105041503906,4015900,LLY
2018-04-24,81.16999816894531,81.5,78.91999816894531,80.08999633789062,71.7125473022461,6394900,LLY
2018-04-25,80.2699966430664,82.31999969482422,80.01000213623047,81.13999938964844,72.6527099609375,5379000,LLY
2018-04-26,81.41999816894531,83.55999755859375,81.41999816894531,82.55000305175781,73.91524505615234,5058700,LLY
2018-04-27,82.5,83.23999786376953,82.37999725341797,82.7300033569336,74.07642364501953,3209600,LLY
2018-04-30,83.08999633789062,83.20999908447266,81.05999755859375,81.06999969482422,72.59004211425781,5483500,LLY
2018-05-01,80.68000030517578,80.93000030517578,78.69000244140625,79.06999969482422,70.79926300048828,6306100,LLY
2018-05-02,78.68000030517578,79.38999938964844,78.45999908447266,78.83000183105469,70.58434295654297,5166300,LLY
2018-05-03,78.6500015258789,78.69999694824219,77.44000244140625,78.04000091552734,69.8769760131836,4469300,LLY
2018-05-04,77.41999816894531,78.62000274658203,77.08999633789062,78.4000015258789,70.19931030273438,3367500,LLY
2018-05-07,78.41000366210938,79.26000213623047,78.2300033569336,78.62999725341797,70.40528106689453,3722600,LLY
2018-05-08,78.4800033569336,78.9000015258789,78.16999816894531,78.87999725341797,70.6291275024414,4591700,LLY
2018-05-09,78.95999908447266,79.6500015258789,78.44999694824219,79.2699966430664,70.97830963134766,3325200,LLY
2018-05-10,79.45999908447266,81.16999816894531,79.41000366210938,80.86000061035156,72.40199279785156,3718400,LLY
2018-05-11,81.1500015258789,82.44999694824219,81.0199966430664,82.44999694824219,73.8257064819336,4393800,LLY
2018-05-14,82.5999984741211,83.31999969482422,82.5,83.06999969482422,74.38084411621094,4739700,LLY
2018-05-15,82.72000122070312,82.94000244140625,81.83000183105469,82.20999908447266,73.61080932617188,3662700,LLY
2018-05-16,81.80000305175781,81.94999694824219,80.95999908447266,81.18000030517578,73.18976593017578,3614500,LLY
2018-05-17,81.04000091552734,81.83999633789062,81.02999877929688,81.66000366210938,73.62252044677734,2808400,LLY
2018-05-18,81.48999786376953,82.29000091552734,81.48999786376953,82.06999969482422,73.99217224121094,4002300,LLY
2018-05-21,82.29000091552734,82.54000091552734,81.66999816894531,81.83000183105469,73.7757797241211,2505900,LLY
2018-05-22,82.13999938964844,82.88999938964844,81.80999755859375,82.22000122070312,74.12738800048828,2620700,LLY
2018-05-23,81.70999908447266,82.91999816894531,81.61000061035156,82.68000030517578,74.54212951660156,2516900,LLY
2018-05-24,82.70999908447266,82.79000091552734,82.0999984741211,82.70999908447266,74.56916046142578,2481800,LLY
2018-05-25,82.79000091552734,83.47000122070312,82.58999633789062,82.7699966430664,74.62326049804688,2338100,LLY
2018-05-29,82.11000061035156,82.62000274658203,81.6500015258789,82.44000244140625,74.32575225830078,3459300,LLY
2018-05-30,82.91999816894531,84.0199966430664,82.91000366210938,83.86000061035156,75.60598754882812,3475400,LLY
2018-05-31,83.87999725341797,85.11000061035156,83.68000030517578,85.04000091552734,76.66984558105469,9526400,LLY
2018-06-01,85.19999694824219,85.68000030517578,84.55999755859375,84.8499984741211,76.49854278564453,4057700,LLY
2018-06-04,84.6500015258789,85.5199966430664,84.36000061035156,85.06999969482422,76.6968765258789,4263100,LLY
2018-06-05,85.25,85.69999694824219,84.54000091552734,84.81999969482422,76.47150421142578,3667600,LLY
2018-06-06,84.87999725341797,85.93000030517578,84.66000366210938,85.93000030517578,77.47223663330078,2720100,LLY
2018-06-07,86.19999694824219,86.31999969482422,85.31999969482422,85.87999725341797,77.42715454101562,3123600,LLY
2018-06-08,85.83000183105469,86.41999816894531,85.43000030517578,86.08000183105469,77.60748291015625,3172300,LLY
2018-06-11,86.30999755859375,86.77999877929688,85.80999755859375,85.86000061035156,77.40913391113281,3506900,LLY
2018-06-12,85.76000213623047,86.0199966430664,85.44999694824219,85.48999786376953,77.07554626464844,3016900,LLY
2018-06-13,85.76000213623047,86.37999725341797,85.5999984741211,85.72000122070312,77.28290557861328,3052100,LLY
2018-06-14,85.66999816894531,86.45999908447266,85.16999816894531,86.3499984741211,77.85092163085938,3115100,LLY
2018-06-15,86.12999725341797,87.2699966430664,86.0999984741211,86.87999725341797,78.32872009277344,5575200,LLY
2018-06-18,85.9800033569336,86.1500015258789,85.01000213623047,86.11000061035156,77.634521484375,2903900,LLY
2018-06-19,85.88999938964844,86.87000274658203,85.66999816894531,86.81999969482422,78.27464294433594,3044500,LLY
2018-06-20,86.73999786376953,87.16000366210938,86.19999694824219,86.27999877929688,77.78777313232422,4675500,LLY
2018-06-21,85.81999969482422,86.27999877929688,85.19000244140625,86.06999969482422,77.59845733642578,2856400,LLY
2018-06-22,86.0199966430664,86.4000015258789,85.80999755859375,85.91999816894531,77.4632339477539,3769500,LLY
2018-06-25,86.0,86.61000061035156,85.12000274658203,85.7699966430664,77.32797241210938,3414100,LLY
2018-06-26,85.54000091552734,86.0,84.95999908447266,85.11000061035156,76.73294830322266,2840600,LLY
2018-06-27,84.91000366210938,85.5999984741211,84.63999938964844,84.66999816894531,76.33625030517578,3005400,LLY
2018-06-28,84.8499984741211,85.95999908447266,84.80999755859375,85.48999786376953,77.07554626464844,2564600,LLY
2018-06-29,85.83999633789062,86.0999984741211,85.12999725341797,85.33000183105469,76.93128204345703,2964000,LLY
2018-07-02,85.05999755859375,85.93000030517578,84.70999908447266,85.86000061035156,77.40913391113281,2347000,LLY
2018-07-03,85.80999755859375,87.0199966430664,85.80999755859375,86.51000213623047,77.99516296386719,2163500,LLY
2018-07-05,86.91000366210938,87.19000244140625,86.12999725341797,86.55999755859375,78.04022216796875,2675500,LLY
2018-07-06,86.83000183105469,87.70999908447266,86.81999969482422,87.38999938964844,78.78852081298828,2290500,LLY
2018-07-09,87.5999984741211,88.33000183105469,87.5199966430664,87.87000274658203,79.2212905883789,2718300,LLY
2018-07-10,88.08000183105469,88.2300033569336,87.66999816894531,88.05000305175781,79.3835678100586,2227200,LLY
2018-07-11,87.7699966430664,88.06999969482422,87.19999694824219,87.55999755859375,78.94178771972656,2449500,LLY
2018-07-12,88.0999984741211,88.98999786376953,87.91999816894531,88.91000366210938,80.158935546875,2604500,LLY
2018-07-13,88.83000183105469,89.87000274658203,88.54000091552734,89.70999908447266,80.88018798828125,3335000,LLY
2018-07-16,89.62999725341797,89.83999633789062,88.83999633789062,89.06999969482422,80.30318450927734,3175200,LLY
2018-07-17,89.36000061035156,89.97000122070312,89.33999633789062,89.56999969482422,80.75395965576172,2179400,LLY
2018-07-18,89.5999984741211,90.12999725341797,89.06999969482422,90.02999877929688,81.16869354248047,3021400,LLY
2018-07-19,89.83000183105469,89.9800033569336,88.87000274658203,89.43000030517578,80.62773895263672,3171000,LLY
2018-07-20,89.0199966430664,89.37000274658203,88.26000213623047,88.47000122070312,79.76226043701172,3829800,LLY
2018-07-23,88.30000305175781,89.16000366210938,88.16999816894531,88.87999725341797,80.13187408447266,3145300,LLY
2018-07-24,91.05999755859375,93.76000213623047,90.0,93.3499984741211,84.16193389892578,9910000,LLY
2018-07-25,93.16000366210938,96.6500015258789,93.02999877929688,96.43000030517578,86.93878173828125,8476800,LLY
2018-07-26,96.63999938964844,96.95999908447266,94.83000183105469,95.18000030517578,85.81181335449219,4826100,LLY
2018-07-27,95.6500015258789,96.95999908447266,95.0199966430664,96.5999984741211,87.0920181274414,3975500,LLY
2018-07-30,96.37999725341797,98.12000274658203,96.25,98.0199966430664,88.37227630615234,5356000,LLY
2018-07-31,98.25,99.19999694824219,97.52999877929688,98.80999755859375,89.0844955444336,4957800,LLY
2018-08-01,98.73999786376953,99.3499984741211,98.44000244140625,98.69999694824219,88.9853286743164,4971800,LLY
2018-08-02,97.94999694824219,100.38999938964844,97.83999633789062,99.47000122070312,89.67955780029297,4321000,LLY
2018-08-03,99.18000030517578,100.69000244140625,98.87999725341797,100.58000183105469,90.68029022216797,4572100,LLY
2018-08-06,100.4000015258789,102.58999633789062,100.22000122070312,102.0,91.96051788330078,5090900,LLY
2018-08-07,101.79000091552734,103.80999755859375,101.68000030517578,101.94000244140625,91.90645599365234,5095100,LLY
2018-08-08,101.8499984741211,102.66999816894531,101.43000030517578,102.2699966430664,92.20396423339844,3901600,LLY
2018-08-09,102.05999755859375,102.72000122070312,101.91999816894531,102.19000244140625,92.1318130493164,3298100,LLY
2018-08-10,102.1500015258789,103.19000244140625,101.98999786376953,102.25,92.18592834472656,2783800,LLY
2018-08-13,102.44999694824219,102.68000030517578,102.12000274658203,102.44000244140625,92.35723114013672,2816400,LLY
2018-08-14,101.7699966430664,102.83999633789062,101.2699966430664,102.44000244140625,92.86760711669922,3283900,LLY
2018-08-15,102.27999877929688,103.44000244140625,102.08000183105469,103.33000183105469,93.6744384765625,3143200,LLY
2018-08-16,103.25,104.94000244140625,103.25,104.36000061035156,94.60822296142578,4427200,LLY
2018-08-17,104.43000030517578,105.91999816894531,103.95999908447266,105.55000305175781,95.68700408935547,3824300,LLY
2018-08-20,105.58000183105469,106.37999725341797,105.58000183105469,105.81999969482422,95.9317855834961,2765500,LLY
2018-08-21,106.0199966430664,106.12999725341797,104.72000122070312,105.06999969482422,95.25184631347656,2775500,LLY
2018-08-22,104.80000305175781,105.62999725341797,104.1500015258789,105.02999877929688,95.21560668945312,1964400,LLY
2018-08-23,104.98999786376953,105.25,104.38999938964844,104.81999969482422,95.02521514892578,2043400,LLY
2018-08-24,105.56999969482422,106.04000091552734,104.52999877929688,105.7699966430664,95.88644409179688,3089900,LLY
2018-08-27,106.1500015258789,106.48999786376953,104.94000244140625,105.11000061035156,95.28813171386719,2452500,LLY
2018-08-28,105.02999877929688,105.58999633789062,104.58999633789062,105.18000030517578,95.35157012939453,2516800,LLY
2018-08-29,104.4000015258789,105.58999633789062,104.27999877929688,105.33000183105469,95.48756408691406,2949500,LLY
2018-08-30,105.18000030517578,105.73999786376953,104.94000244140625,105.4800033569336,95.62353515625,2928600,LLY
2018-08-31,105.13999938964844,105.86000061035156,104.47000122070312,105.6500015258789,95.77765655517578,3278900,LLY
2018-09-04,105.30999755859375,105.69999694824219,104.37999725341797,104.62000274658203,94.84391784667969,3107000,LLY
2018-09-05,104.8499984741211,106.11000061035156,104.69999694824219,105.72000122070312,95.84112548828125,3366600,LLY
2018-09-06,105.66999816894531,105.75,103.66000366210938,105.37000274658203,95.52384185791016,3180700,LLY
2018-09-07,105.1500015258789,107.23999786376953,104.80000305175781,107.02999877929688,97.02870178222656,3822900,LLY
2018-09-10,107.5,107.83999633789062,106.38999938964844,106.41999816894531,96.47571563720703,2950800,LLY
2018-09-11,106.41000366210938,106.62000274658203,105.5199966430664,105.63999938964844,95.76858520507812,3516400,LLY
2018-09-12,105.80999755859375,106.48999786376953,105.51000213623047,105.97000122070312,96.06775665283203,3926000,LLY
2018-09-13,106.16000366210938,106.70999908447266,105.81999969482422,106.58000183105469,96.62076568603516,5167400,LLY
2018-09-14,106.56999969482422,106.69000244140625,105.4000015258789,105.7699966430664,95.88644409179688,3103100,LLY
2018-09-17,105.61000061035156,106.7699966430664,105.05000305175781,105.70999908447266,95.83203125,4972200,LLY
2018-09-18,105.87000274658203,107.19000244140625,105.11000061035156,106.87999725341797,96.89271545410156,3668800,LLY
2018-09-19,106.87999725341797,107.06999969482422,105.5,105.73999786376953,95.85924530029297,3270400,LLY
2018-09-20,105.72000122070312,106.11000061035156,104.22000122070312,106.06999969482422,96.15839385986328,3762000,LLY
2018-09-21,106.2300033569336,106.87000274658203,105.3499984741211,106.33000183105469,96.39413452148438,5333700,LLY
2018-09-24,105.94999694824219,106.66999816894531,105.58999633789062,105.58999633789062,95.72325897216797,3095500,LLY
2018-09-25,106.01000213623047,106.76000213623047,105.54000091552734,105.69999694824219,95.82298278808594,3775700,LLY
2018-09-26,106.05999755859375,107.37000274658203,106.01000213623047,106.30999755859375,96.37598419189453,3707300,LLY
2018-09-27,106.48999786376953,107.16999816894531,106.20999908447266,106.69000244140625,96.72047424316406,2093700,LLY
2018-09-28,106.7699966430664,107.73999786376953,106.30000305175781,107.30999755859375,97.28253936767578,2812300,LLY
2018-10-01,107.66999816894531,107.70999908447266,107.02999877929688,107.5999984741211,97.54544067382812,2707500,LLY
2018-10-02,107.5,108.13999938964844,107.19000244140625,107.95999908447266,97.87178802490234,3787900,LLY
2018-10-03,108.47000122070312,109.61000061035156,108.23999786376953,108.62000274658203,98.4701156616211,5097200,LLY
2018-10-04,113.62000274658203,115.68000030517578,111.04000091552734,112.98999786376953,102.43177795410156,10940700,LLY
2018-10-05,114.08999633789062,115.44999694824219,114.08999633789062,115.0199966430664,104.27210235595703,8330300,LLY
2018-10-08,114.8499984741211,116.61000061035156,114.7699966430664,115.45999908447266,104.67098999023438,6002300,LLY
2018-10-09,115.08999633789062,116.0,114.2300033569336,115.44999694824219,104.66191101074219,4716000,LLY
2018-10-10,114.95999908447266,115.37000274658203,113.25,113.33999633789062,102.74906921386719,5602900,LLY
2018-10-11,113.08999633789062,113.31999969482422,106.58000183105469,107.91000366210938,97.82645416259766,7226300,LLY
2018-10-12,109.0,111.0199966430664,108.43000030517578,110.4800033569336,100.15631866455078,4519100,LLY
2018-10-15,110.5,111.80999755859375,109.9800033569336,110.62000274658203,100.28323364257812,3884700,LLY
2018-10-16,110.83999633789062,111.22000122070312,109.93000030517578,111.02999877929688,100.65491485595703,4192800,LLY
2018-10-17,110.9800033569336,113.7699966430664,110.86000061035156,113.58999633789062,102.97571563720703,4402100,LLY
2018-10-18,113.93000030517578,114.25,112.41000366210938,113.30999755859375,102.72187805175781,3619600,LLY
2018-10-19,112.87999725341797,113.36000061035156,110.66000366210938,111.91999816894531,101.46177673339844,4224000,LLY
2018-10-22,112.0,112.72000122070312,111.37000274658203,112.02999877929688,101.5615005493164,2938300,LLY
2018-10-23,110.69999694824219,111.45999908447266,109.05999755859375,110.38999938964844,100.07473754882812,3757000,LLY
2018-10-24,110.22000122070312,111.1500015258789,106.19000244140625,106.31999969482422,96.38504791259766,6739400,LLY
2018-10-25,106.43000030517578,108.81999969482422,104.16999816894531,107.88999938964844,97.80834197998047,4114800,LLY
2018-10-26,107.05000305175781,107.47000122070312,105.05999755859375,106.38999938964844,96.4485092163086,4464500,LLY
2018-10-29,107.44999694824219,109.08000183105469,106.30000305175781,107.4000015258789,97.3641357421875,3587800,LLY
2018-10-30,107.2300033569336,108.51000213623047,107.08000183105469,108.33999633789062,98.2162857055664,3325900,LLY
2018-10-31,109.58999633789062,110.43000030517578,108.3499984741211,108.44000244140625,98.30695343017578,4349200,LLY
2018-11-01,108.73999786376953,109.2300033569336,107.33000183105469,107.86000061035156,97.7811508178711,3639400,LLY
2018-11-02,108.13999938964844,108.38999938964844,105.93000030517578,106.75,96.77489471435547,3577200,LLY
2018-11-05,110.43000030517578,112.08000183105469,109.76000213623047,110.13999938964844,99.84809875488281,7368600,LLY
2018-11-06,109.0,109.30000305175781,104.94999694824219,105.9000015258789,96.00428771972656,6803700,LLY
2018-11-07,106.8499984741211,110.77999877929688,106.72000122070312,109.72000122070312,99.46734619140625,5875400,LLY
2018-11-08,109.48999786376953,110.94000244140625,109.01000213623047,110.0999984741211,99.81182098388672,3666300,LLY
2018-11-09,110.41999816894531,112.54000091552734,109.69999694824219,112.20999908447266,101.72467041015625,5054400,LLY
2018-11-12,112.26000213623047,114.70999908447266,112.26000213623047,113.19999694824219,102.6221694946289,5078900,LLY
2018-11-13,114.25,114.25,111.83000183105469,112.38999938964844,101.88784790039062,4239700,LLY
2018-11-14,112.36000061035156,112.6500015258789,109.73999786376953,109.80999755859375,100.05011749267578,5392800,LLY
2018-11-15,109.18000030517578,112.2300033569336,108.54000091552734,112.19999694824219,102.2276840209961,4796800,LLY
2018-11-16,111.68000030517578,114.30000305175781,111.66999816894531,113.83000183105469,103.71282196044922,4766400,LLY
2018-11-19,113.0,116.0999984741211,113.0,115.80999755859375,105.51685333251953,4869800,LLY
2018-11-20,114.87999725341797,116.19999694824219,114.31999969482422,114.72000122070312,104.5237045288086,4877300,LLY
2018-11-21,114.27999877929688,114.27999877929688,112.12999725341797,112.2300033569336,102.25503540039062,3619700,LLY
2018-11-23,111.86000061035156,113.80999755859375,111.4000015258789,112.87000274658203,102.838134765625,1897000,LLY
2018-11-26,111.26000213623047,113.5999984741211,110.97000122070312,112.37999725341797,102.39170837402344,3296200,LLY
2018-11-27,112.27999877929688,114.25,111.70999908447266,114.22000122070312,104.06817626953125,3263200,LLY
2018-11-28,114.7300033569336,115.83000183105469,113.76000213623047,115.52999877929688,105.26171875,4814500,LLY
2018-11-29,115.30000305175781,117.93000030517578,114.97000122070312,117.0,106.60106658935547,4688300,LLY
2018-11-30,117.61000061035156,118.70999908447266,116.22000122070312,118.63999938964844,108.09530639648438,8965600,LLY
2018-12-03,118.63999938964844,118.69000244140625,117.54000091552734,118.5199966430664,107.98597717285156,4290100,LLY
2018-12-04,118.6500015258789,119.83999633789062,116.31999969482422,116.5199966430664,106.1637191772461,5676600,LLY
2018-12-06,115.31999969482422,115.98999786376953,112.9800033569336,115.83999633789062,105.54417419433594,5064400,LLY
2018-12-07,115.52999877929688,115.77999877929688,112.7699966430664,113.58000183105469,103.48504638671875,4128100,LLY
2018-12-10,113.5999984741211,114.6500015258789,111.0199966430664,114.08999633789062,103.94969940185547,3832600,LLY
2018-12-11,114.83999633789062,115.62000274658203,113.91999816894531,114.5,104.32329559326172,3806800,LLY
2018-12-12,115.4800033569336,115.73999786376953,114.2699966430664,114.33999633789062,104.17747497558594,3758800,LLY
2018-12-13,114.62000274658203,115.1500015258789,113.83999633789062,114.86000061035156,104.65127563476562,3609900,LLY
2018-12-14,114.29000091552734,114.58000183105469,111.23999786376953,111.93000030517578,101.98170471191406,5306100,LLY
2018-12-17,111.20999908447266,111.30000305175781,107.72000122070312,108.36000061035156,98.72900390625,6121700,LLY
2018-12-18,109.43000030517578,109.66000366210938,105.66999816894531,106.5,97.03430938720703,6864400,LLY
2018-12-19,111.54000091552734,111.54000091552734,107.69999694824219,109.11000061035156,99.41232299804688,8362800,LLY
2018-12-20,109.0999984741211,110.16000366210938,108.12000274658203,109.29000091552734,99.57633209228516,8362300,LLY
2018-12-21,109.29000091552734,111.51000213623047,108.68000030517578,109.41999816894531,99.69477081298828,13154500,LLY
2018-12-24,109.3499984741211,109.41000366210938,106.62999725341797,106.75,97.2621078491211,3284000,LLY
2018-12-26,106.76000213623047,111.08999633789062,106.43000030517578,111.08999633789062,101.21634674072266,3792400,LLY
2018-12-27,110.23999786376953,112.9000015258789,108.7300033569336,112.88999938964844,102.85636138916016,4101600,LLY
2018-12-28,113.4000015258789,115.08999633789062,112.58999633789062,114.19999694824219,104.04994201660156,3984000,LLY
2018-12-31,114.33999633789062,115.8499984741211,114.23999786376953,115.72000122070312,105.43482971191406,2731000,LLY
2019-01-02,114.79000091552734,115.43000030517578,112.75,114.87999725341797,104.66949462890625,4247100,LLY
2019-01-03,114.72000122070312,114.73999786376953,111.0999984741211,111.30999755859375,101.41680908203125,4203300,LLY
2019-01-04,112.20999908447266,114.83999633789062,111.73999786376953,114.66000366210938,104.46907043457031,5795200,LLY
2019-01-07,112.37000274658203,116.44000244140625,112.05000305175781,115.27999877929688,105.03395080566406,7749600,LLY
2019-01-08,115.69000244140625,116.41999816894531,114.5199966430664,116.33999633789062,105.9997329711914,3428900,LLY
2019-01-09,116.37000274658203,118.22000122070312,116.22000122070312,117.20999908447266,106.79240417480469,5820100,LLY
2019-01-10,117.08999633789062,117.22000122070312,114.97000122070312,115.94000244140625,105.6352767944336,4282300,LLY
2019-01-11,115.2699966430664,116.20999908447266,115.0999984741211,116.18000030517578,105.85395050048828,2648800,LLY
2019-01-14,115.19999694824219,115.25,114.33000183105469,114.68000030517578,104.48727416992188,4404600,LLY
2019-01-15,113.91000366210938,118.22000122070312,113.4000015258789,117.08999633789062,106.68306732177734,5097700,LLY
2019-01-16,116.98999786376953,118.06999969482422,116.4800033569336,116.80000305175781,106.41886138916016,2920600,LLY
2019-01-17,116.80999755859375,119.19999694824219,116.55000305175781,119.16000366210938,108.5691146850586,4401900,LLY
2019-01-18,115.58000183105469,116.9000015258789,115.0199966430664,116.58999633789062,106.22752380371094,8887000,LLY
2019-01-22,115.69000244140625,117.11000061035156,115.69000244140625,117.08999633789062,106.68306732177734,4377500,LLY
2019-01-23,117.11000061035156,118.9000015258789,116.91999816894531,118.79000091552734,108.23199462890625,4012100,LLY
2019-01-24,118.22000122070312,118.22000122070312,114.19999694824219,114.98999786376953,104.76972961425781,6946200,LLY
2019-01-25,115.33999633789062,115.3499984741211,114.04000091552734,114.97000122070312,104.75151824951172,4599100,LLY
2019-01-28,114.72000122070312,115.11000061035156,113.54000091552734,115.02999877929688,104.80615997314453,3590900,LLY
2019-01-29,114.38999938964844,115.94999694824219,113.91000366210938,115.70999908447266,105.42571258544922,3767400,LLY
2019-01-30,115.52999877929688,117.08000183105469,115.52999877929688,116.94000244140625,106.5464096069336,4362900,LLY
2019-01-31,116.94000244140625,120.13999938964844,116.7300033569336,119.86000061035156,109.20690155029297,5746100,LLY
2019-02-01,120.31999969482422,120.98999786376953,119.12999725341797,120.88999938964844,110.14534759521484,4171500,LLY
2019-02-04,121.20999908447266,121.83999633789062,118.69000244140625,120.16999816894531,109.48933410644531,4518400,LLY
2019-02-05,120.72000122070312,121.73999786376953,120.4000015258789,120.43000030517578,109.7262191772461,8832400,LLY
2019-02-06,118.66999816894531,120.81999969482422,117.73999786376953,119.2699966430664,108.66934204101562,7421000,LLY
2019-02-07,119.0,119.33000183105469,116.86000061035156,117.5,107.05663299560547,7935000,LLY
2019-02-08,117.7300033569336,121.43000030517578,117.44999694824219,119.5999984741211,108.9699935913086,16195100,LLY
2019-02-11,119.19999694824219,119.94000244140625,117.04000091552734,118.01000213623047,107.52130126953125,7203100,LLY
2019-02-12,117.76000213623047,119.9000015258789,117.5,119.48999786376953,108.8697738647461,6975500,LLY
2019-02-13,119.5999984741211,120.27999877929688,118.11000061035156,119.6500015258789,109.01554870605469,12738600,LLY
2019-02-14,118.94000244140625,121.25,118.80000305175781,120.75,110.61406707763672,17847000,LLY
2019-02-15,121.18000030517578,122.4800033569336,120.4000015258789,122.4800033569336,112.19882202148438,10366400,LLY
2019-02-19,121.30999755859375,123.33000183105469,121.30000305175781,122.12999725341797,111.87821197509766,17861300,LLY
2019-02-20,122.37999725341797,123.05000305175781,121.61000061035156,122.66000366210938,112.36373138427734,19880300,LLY
2019-02-21,122.05999755859375,123.76000213623047,121.80000305175781,122.72000122070312,112.41870880126953,20798700,LLY
2019-02-22,122.7300033569336,124.73999786376953,122.6500015258789,124.0,113.59125518798828,19574000,LLY
2019-02-25,124.0999984741211,124.66999816894531,123.47000122070312,123.88999938964844,113.49049377441406,13682400,LLY
2019-02-26,123.86000061035156,125.16000366210938,123.31999969482422,124.66999816894531,114.20500946044922,20790900,LLY
2019-02-27,124.48999786376953,126.4800033569336,124.08000183105469,125.68000030517578,115.13023376464844,32135600,LLY
2019-02-28,125.5199966430664,127.7699966430664,125.19999694824219,126.29000091552734,115.68901062011719,36023600,LLY
2019-03-01,127.25,129.4199981689453,126.58000183105469,128.83999633789062,118.02498626708984,43290900,LLY
2019-03-04,130.50999450683594,130.50999450683594,125.33999633789062,127.45999908447266,116.76080322265625,59468600,LLY
2019-03-05,128.39999389648438,128.8699951171875,126.72000122070312,128.49000549316406,117.70435333251953,53212600,LLY
2019-03-06,128.75,128.7899932861328,125.38999938964844,126.68000030517578,116.04629516601562,74822500,LLY
2019-03-07,126.41000366210938,127.19000244140625,125.12999725341797,126.33999633789062,115.73482513427734,60615600,LLY
2019-03-08,126.37000274658203,126.9800033569336,125.25,126.69999694824219,116.06460571289062,50169800,LLY
2019-03-11,122.80000305175781,124.91000366210938,122.51000213623047,123.5,113.13322448730469,61771200,LLY
2019-03-12,123.5,124.0199966430664,122.68000030517578,123.5,113.13322448730469,8077600,LLY
2019-03-13,124.5999984741211,130.75,123.16000366210938,124.30999755859375,113.87522888183594,68139300,LLY
2019-03-14,124.9800033569336,124.9800033569336,122.51000213623047,123.08000183105469,112.74848175048828,42768700,LLY
2019-03-15,123.0999984741211,124.16000366210938,121.95999908447266,123.94000244140625,113.53630065917969,47331000,LLY
2019-03-18,123.98999786376953,125.3499984741211,123.5,125.23999786376953,114.72716522216797,16052200,LLY
2019-03-19,125.26000213623047,126.6500015258789,125.13999938964844,126.58999633789062,115.96382904052734,13726300,LLY
2019-03-20,127.54000091552734,129.10000610351562,126.83000183105469,128.16000366210938,117.40204620361328,7520700,LLY
2019-03-21,126.87999725341797,128.97999572753906,126.63999938964844,128.30999755859375,117.5394515991211,5704300,LLY
2019-03-22,128.72999572753906,129.47999572753906,127.43000030517578,128.3000030517578,117.5302963256836,15332900,LLY
2019-03-25,128.61000061035156,130.5800018310547,128.41000366210938,129.8699951171875,118.96852111816406,5972800,LLY
2019-03-26,130.24000549316406,132.1300048828125,129.6999969482422,131.02000427246094,120.02200317382812,5872900,LLY
2019-03-27,130.9600067138672,131.55999755859375,128.52000427246094,128.77000427246094,117.9608383178711,7675100,LLY
2019-03-28,129.33999633789062,129.89999389648438,128.8699951171875,128.9499969482422,118.12574005126953,6112900,LLY
2019-03-29,129.00999450683594,129.94000244140625,128.97999572753906,129.75999450683594,118.86773681640625,5729100,LLY
2019-04-01,130.7100067138672,131.35000610351562,129.0500030517578,129.0500030517578,118.21736145019531,5132300,LLY
2019-04-02,129.0399932861328,129.57000732421875,128.24000549316406,129.32000732421875,118.46468353271484,3214600,LLY
2019-04-03,129.11000061035156,129.25,126.83999633789062,127.05000305175781,116.38522338867188,4425300,LLY
2019-04-04,127.33999633789062,127.3499984741211,124.61000061035156,125.61000061035156,115.06610107421875,5539800,LLY
2019-04-05,126.48999786376953,127.01000213623047,125.61000061035156,126.98999786376953,116.33026123046875,4656400,LLY
2019-04-08,126.5,127.27999877929688,126.08999633789062,127.16000366210938,116.48600769042969,3430900,LLY
2019-04-09,126.76000213623047,128.1199951171875,126.5999984741211,127.23999786376953,116.55928802490234,4215600,LLY
2019-04-10,127.55999755859375,127.97000122070312,126.93000030517578,127.19000244140625,116.51348114013672,4227100,LLY
2019-04-11,126.86000061035156,127.31999969482422,124.51000213623047,125.1500015258789,114.64470672607422,5520700,LLY
2019-04-12,125.23999786376953,125.23999786376953,123.0199966430664,123.05999755859375,112.73015594482422,5470400,LLY
2019-04-15,123.7699966430664,124.3499984741211,123.16000366210938,124.08000183105469,113.66455078125,4549100,LLY
2019-04-16,124.93000030517578,124.93000030517578,119.79000091552734,119.95999908447266,109.890380859375,6573400,LLY
2019-04-17,120.0,120.05999755859375,115.88999938964844,116.5,106.72080993652344,14842800,LLY
2019-04-18,116.2300033569336,116.6500015258789,114.13999938964844,115.19999694824219,105.5299301147461,9805800,LLY
2019-04-22,115.04000091552734,115.56999969482422,113.6500015258789,115.47000122070312,105.77728271484375,7519700,LLY
2019-04-23,116.04000091552734,117.88999938964844,115.43000030517578,117.48999786376953,107.62771606445312,5891500,LLY
2019-04-24,118.29000091552734,118.43000030517578,117.2300033569336,118.0,108.09490203857422,4254100,LLY
2019-04-25,117.75,118.68000030517578,116.75,118.2300033569336,108.30560302734375,3425000,LLY
2019-04-26,118.83000183105469,119.91999816894531,118.66999816894531,119.87000274658203,109.80793762207031,3372500,LLY
2019-04-29,119.9000015258789,120.01000213623047,119.25,119.5999984741211,109.56060791015625,4097200,LLY
2019-04-30,116.61000061035156,117.13999938964844,114.91000366210938,117.04000091552734,107.2154769897461,7548300,LLY
2019-05-01,117.05000305175781,119.52999877929688,116.55999755859375,118.18000030517578,108.25981903076172,5392100,LLY
2019-05-02,118.44000244140625,118.56999969482422,116.86000061035156,118.45999908447266,108.51630401611328,4168800,LLY
2019-05-03,118.44000244140625,118.44000244140625,116.54000091552734,116.91000366210938,107.09640502929688,5695500,LLY
2019-05-06,115.81999969482422,117.08000183105469,115.30000305175781,116.6500015258789,106.85823059082031,5952100,LLY
2019-05-07,116.30000305175781,116.48999786376953,114.45999908447266,114.94000244140625,105.29178619384766,5127200,LLY
2019-05-08,115.8499984741211,116.88999938964844,115.2300033569336,116.25,106.49180603027344,2992600,LLY
2019-05-09,115.86000061035156,116.1500015258789,114.77999877929688,115.80000305175781,106.07957458496094,5818900,LLY
2019-05-10,115.62999725341797,116.31999969482422,114.22000122070312,116.22000122070312,106.46432495117188,3660500,LLY
2019-05-13,114.86000061035156,115.19000244140625,113.87000274658203,114.37000274658203,104.76962280273438,4284600,LLY
2019-05-14,114.7300033569336,115.52999877929688,114.52999877929688,114.94000244140625,105.29178619384766,3668400,LLY
2019-05-15,115.25,115.83999633789062,114.31999969482422,115.62000274658203,105.91468811035156,3724400,LLY
2019-05-16,114.56999969482422,117.68000030517578,114.56999969482422,116.7300033569336,107.53140258789062,3914100,LLY
2019-05-17,115.69999694824219,116.6500015258789,115.22000122070312,116.01000213623047,106.8681411743164,3109800,LLY
2019-05-20,115.87000274658203,116.30000305175781,115.0,116.2300033569336,107.07080841064453,3042800,LLY
2019-05-21,117.04000091552734,117.79000091552734,116.52999877929688,116.58000183105469,107.39320373535156,2611100,LLY
2019-05-22,116.12000274658203,118.38999938964844,116.12000274658203,117.9800033569336,108.68289184570312,3934200,LLY
2019-05-23,117.76000213623047,117.95999908447266,116.4800033569336,116.80999755859375,107.60507202148438,3653500,LLY
2019-05-24,117.52999877929688,117.55000305175781,116.44999694824219,116.79000091552734,107.58666229248047,2086400,LLY
2019-05-28,117.08999633789062,118.41000366210938,115.69999694824219,115.76000213623047,106.63783264160156,5007200,LLY
2019-05-29,115.61000061035156,115.80000305175781,114.43000030517578,115.48999786376953,106.38910675048828,5915800,LLY
2019-05-30,115.48999786376953,116.30000305175781,114.95999908447266,115.9000015258789,106.76679992675781,2392800,LLY
2019-05-31,115.33999633789062,117.58000183105469,114.98999786376953,115.94000244140625,106.80362701416016,6098400,LLY
2019-06-03,116.52999877929688,117.72000122070312,116.04000091552734,116.7699966430664,107.56822967529297,4722000,LLY
2019-06-04,118.08000183105469,118.93000030517578,117.41000366210938,117.55999755859375,108.29598999023438,3122700,LLY
2019-06-05,118.02999877929688,118.37999725341797,116.52999877929688,117.0199966430664,107.79852294921875,4175800,LLY
2019-06-06,117.5199966430664,118.94000244140625,117.2699966430664,117.5,108.24069213867188,3882800,LLY
2019-06-07,118.19000244140625,118.94000244140625,117.88999938964844,118.3499984741211,109.02374267578125,2726300,LLY
2019-06-10,116.0,116.0,113.87999725341797,113.93000030517578,104.95207214355469,8172400,LLY
2019-06-11,114.77999877929688,115.58999633789062,111.8499984741211,112.20999908447266,103.36756134033203,5681200,LLY
2019-06-12,112.5,115.5,112.5,115.23999786376953,106.15878295898438,3793800,LLY
2019-06-13,115.4000015258789,115.4000015258789,110.61000061035156,111.81999969482422,103.00830078125,8477300,LLY
2019-06-14,112.12999725341797,112.25,111.01000213623047,111.73999786376953,102.9345932006836,3188100,LLY
2019-06-17,111.63999938964844,113.41999816894531,111.33999633789062,113.4000015258789,104.46380615234375,3032300,LLY
2019-06-18,113.6500015258789,114.83000183105469,113.22000122070312,114.6500015258789,105.61529541015625,2868700,LLY
2019-06-19,115.0199966430664,115.98999786376953,114.33999633789062,115.2300033569336,106.14958953857422,3320600,LLY
2019-06-20,116.3499984741211,117.06999969482422,115.26000213623047,115.55999755859375,106.45360565185547,2840100,LLY
2019-06-21,115.73999786376953,115.93000030517578,114.80999755859375,115.48999786376953,106.38910675048828,4024600,LLY
2019-06-24,115.08000183105469,116.1500015258789,114.70999908447266,115.62999725341797,106.51805877685547,2570500,LLY
2019-06-25,115.51000213623047,116.83000183105469,115.16999816894531,115.36000061035156,106.26936340332031,2110100,LLY
2019-06-26,114.80999755859375,114.94999694824219,110.62000274658203,111.33999633789062,102.56613159179688,4677500,LLY
2019-06-27,111.73999786376953,112.20999908447266,111.16000366210938,111.47000122070312,102.6858901977539,3615900,LLY
2019-06-28,111.80000305175781,111.83000183105469,110.0199966430664,110.79000091552734,102.05947875976562,8958700,LLY
2019-07-01,111.30999755859375,112.83999633789062,110.63999938964844,112.73999786376953,103.85580444335938,3236400,LLY
2019-07-02,112.81999969482422,114.20999908447266,112.4000015258789,114.19999694824219,105.20075225830078,2343400,LLY
2019-07-03,114.87000274658203,115.47000122070312,113.77999877929688,114.41999816894531,105.40340423583984,3707700,LLY
2019-07-05,114.05000305175781,114.37000274658203,112.55000305175781,112.81999969482422,103.92951202392578,2444000,LLY
2019-07-08,112.47000122070312,112.79000091552734,110.91000366210938,111.5199966430664,102.73193359375,2998700,LLY
2019-07-09,111.8499984741211,113.36000061035156,111.8499984741211,113.08000183105469,104.16899871826172,2717700,LLY
2019-07-10,113.2699966430664,114.6500015258789,112.66999816894531,114.52999877929688,105.5047378540039,3339100,LLY
2019-07-11,111.52999877929688,112.23999786376953,109.0999984741211,109.81999969482422,101.16593170166016,6589600,LLY
2019-07-12,109.47000122070312,109.47000122070312,105.1500015258789,108.29000091552734,99.7564697265625,7211100,LLY
2019-07-15,108.30000305175781,109.16000366210938,107.58999633789062,108.47000122070312,99.92230224609375,4405200,LLY
2019-07-16,109.0,109.19000244140625,107.97000122070312,108.81999969482422,100.2447280883789,2206500,LLY
2019-07-17,109.3499984741211,109.6500015258789,107.08000183105469,107.08999633789062,98.65104675292969,3507300,LLY
2019-07-18,107.83000183105469,108.4800033569336,107.23999786376953,108.33999633789062,99.80253601074219,3232900,LLY
2019-07-19,108.5,108.5199966430664,106.58000183105469,106.79000091552734,98.37468719482422,4820600,LLY
2019-07-22,106.91999816894531,107.36000061035156,105.87000274658203,107.2699966430664,98.81684112548828,2894400,LLY
2019-07-23,107.5,109.4000015258789,106.05999755859375,108.22000122070312,99.6919937133789,5098200,LLY
2019-07-24,108.3499984741211,109.66000366210938,107.16000366210938,108.5199966430664,99.96834564208984,3762700,LLY
2019-07-25,108.56999969482422,110.37999725341797,107.68000030517578,107.81999969482422,99.32351684570312,4596700,LLY
2019-07-26,107.91999816894531,109.2300033569336,107.54000091552734,108.2699966430664,99.7380599975586,3470700,LLY
2019-07-29,108.06999969482422,110.23999786376953,108.06999969482422,108.72000122070312,100.15259552001953,3192500,LLY
2019-07-30,108.30000305175781,110.0199966430664,107.0,108.69000244140625,100.12496185302734,4664200,LLY
2019-07-31,108.05999755859375,110.70999908447266,107.61000061035156,108.94999694824219,100.36446380615234,5535700,LLY
2019-08-01,109.0199966430664,110.73999786376953,108.30999755859375,110.51000213623047,101.80155181884766,3679000,LLY
2019-08-02,110.95999908447266,113.2699966430664,110.19000244140625,112.41999816894531,103.56102752685547,4477700,LLY
2019-08-05,111.37999725341797,112.48999786376953,107.44000244140625,108.70999908447266,100.14339447021484,4765800,LLY
2019-08-06,109.47000122070312,112.12000274658203,109.04000091552734,111.4000015258789,102.62140655517578,5490000,LLY
2019-08-07,110.37000274658203,111.37999725341797,108.52999877929688,111.12000274658203,102.36347198486328,4231700,LLY
2019-08-08,111.95999908447266,114.54000091552734,111.63999938964844,113.97000122070312,104.98888397216797,4815900,LLY
2019-08-09,113.23999786376953,114.55000305175781,112.3499984741211,113.7699966430664,104.80463409423828,2788100,LLY
2019-08-12,112.9000015258789,114.05999755859375,112.29000091552734,113.5999984741211,104.64803314208984,2318400,LLY
2019-08-13,113.52999877929688,116.13999938964844,113.43000030517578,115.69999694824219,106.58255004882812,5247200,LLY
2019-08-14,114.86000061035156,114.87000274658203,110.22000122070312,110.29000091552734,102.1684341430664,4937900,LLY
2019-08-15,110.41999816894531,111.30999755859375,109.20999908447266,110.2300033569336,102.11285400390625,3939900,LLY
2019-08-16,110.94000244140625,111.33000183105469,109.29000091552734,110.5199966430664,102.38151550292969,3497600,LLY
2019-08-19,111.05000305175781,112.94000244140625,110.79000091552734,112.52999877929688,104.24347686767578,2903500,LLY
2019-08-20,112.33000183105469,112.87999725341797,110.91000366210938,111.01000213623047,102.8354263305664,2074800,LLY
2019-08-21,112.0,112.44000244140625,110.0,111.45999908447266,103.25227355957031,2207300,LLY
2019-08-22,111.44000244140625,112.2699966430664,110.79000091552734,111.61000061035156,103.39125061035156,1840200,LLY
2019-08-23,111.45999908447266,112.55999755859375,108.87999725341797,109.51000213623047,101.44586181640625,3870100,LLY
2019-08-26,110.61000061035156,111.81999969482422,110.25,111.77999877929688,103.54871368408203,2565500,LLY
2019-08-27,112.30999755859375,112.87999725341797,110.7300033569336,110.7300033569336,102.5760498046875,2945200,LLY
2019-08-28,110.33000183105469,111.54000091552734,109.79000091552734,110.97000122070312,102.79837036132812,1744400,LLY
2019-08-29,111.80999755859375,112.37999725341797,110.5999984741211,112.25,103.98409271240234,2708600,LLY
2019-08-30,112.81999969482422,114.16999816894531,111.91999816894531,112.97000122070312,104.65109252929688,2870700,LLY
2019-09-03,112.54000091552734,114.0199966430664,112.19000244140625,113.95999908447266,105.56817626953125,3710300,LLY
2019-09-04,114.37999725341797,114.5,112.44999694824219,113.25,104.91046905517578,3756400,LLY
2019-09-05,113.95999908447266,115.44000244140625,113.26000213623047,114.5999984741211,106.16107940673828,4045900,LLY
2019-09-06,114.77999877929688,114.98999786376953,113.83999633789062,114.05000305175781,105.65155792236328,2904700,LLY
2019-09-09,114.5199966430664,114.5199966430664,110.3499984741211,111.06999969482422,102.8910140991211,4982300,LLY
2019-09-10,108.37000274658203,111.12999725341797,106.4000015258789,111.0999984741211,102.9188003540039,6589500,LLY
2019-09-11,111.77999877929688,112.0,110.29000091552734,111.69000244140625,103.46533966064453,3404100,LLY
2019-09-12,111.91999816894531,112.41999816894531,111.12000274658203,111.47000122070312,103.26155853271484,3578500,LLY
2019-09-13,111.73999786376953,112.1500015258789,110.23999786376953,110.88999938964844,102.72425842285156,2842600,LLY
2019-09-16,110.41999816894531,110.52999877929688,109.20999908447266,110.12999725341797,102.02022552490234,1728900,LLY
2019-09-17,110.33000183105469,111.19000244140625,109.62999725341797,111.12000274658203,102.93732452392578,2438100,LLY
2019-09-18,111.44000244140625,112.91000366210938,111.16999816894531,112.72000122070312,104.41949462890625,3132500,LLY
2019-09-19,112.86000061035156,115.11000061035156,112.38999938964844,114.3499984741211,105.92947387695312,3929800,LLY
2019-09-20,115.93000030517578,117.2300033569336,114.47000122070312,116.16000366210938,107.60621643066406,7517700,LLY
2019-09-23,116.0,116.54000091552734,113.97000122070312,114.18000030517578,105.77198028564453,2611300,LLY
2019-09-24,114.36000061035156,114.55000305175781,111.94000244140625,113.25,104.91046905517578,3480200,LLY
2019-09-25,112.87999725341797,113.8499984741211,111.30999755859375,111.38999938964844,103.18743896484375,3093400,LLY
2019-09-26,112.04000091552734,112.66000366210938,110.69000244140625,111.81999969482422,103.58576202392578,2266400,LLY
2019-09-27,112.3499984741211,113.37000274658203,111.37999725341797,112.37000274658203,104.09527587890625,1906300,LLY
2019-09-30,112.4000015258789,113.44999694824219,111.69000244140625,111.83000183105469,103.59503173828125,2516600,LLY
2019-10-01,111.94000244140625,112.44999694824219,110.41000366210938,110.95999908447266,102.7890853881836,2203400,LLY
2019-10-02,110.33000183105469,110.63999938964844,106.66000366210938,107.0,99.12071228027344,4483900,LLY
2019-10-03,107.08999633789062,108.0999984741211,106.20999908447266,107.29000091552734,99.38937377929688,2735000,LLY
2019-10-04,107.48999786376953,108.26000213623047,107.0,108.19999694824219,100.23234558105469,2865300,LLY
2019-10-07,108.30999755859375,108.6500015258789,107.56999969482422,107.83000183105469,99.88959503173828,1460800,LLY
2019-10-08,106.88999938964844,108.33000183105469,105.94999694824219,107.19000244140625,99.2967300415039,2802500,LLY
2019-10-09,107.55999755859375,108.1500015258789,106.87999725341797,107.30000305175781,99.39862060546875,1636600,LLY
2019-10-10,107.02999877929688,107.48999786376953,106.58000183105469,106.91999816894531,99.04661560058594,2736900,LLY
2019-10-11,107.75,109.13999938964844,107.58999633789062,108.36000061035156,100.38056945800781,2554900,LLY
2019-10-14,108.5199966430664,109.12999725341797,107.87999725341797,107.9000015258789,99.9544448852539,1341300,LLY
2019-10-15,108.3499984741211,110.0999984741211,108.22000122070312,109.69999694824219,101.62186431884766,1760000,LLY
2019-10-16,109.18000030517578,109.4800033569336,107.79000091552734,107.94999694824219,100.00074768066406,2314600,LLY
2019-10-17,109.22000122070312,109.45999908447266,108.26000213623047,108.45999908447266,100.47319030761719,2018900,LLY
2019-10-18,108.30999755859375,108.94000244140625,107.9000015258789,108.63999938964844,100.63993835449219,2207100,LLY
2019-10-21,108.87000274658203,109.0,107.7699966430664,107.91000366210938,99.96369934082031,3944900,LLY
2019-10-22,109.9800033569336,111.45999908447266,108.88999938964844,109.83999633789062,101.75157165527344,5708500,LLY
2019-10-23,106.0,107.75,101.36000061035156,107.4000015258789,99.49127197265625,9047500,LLY
2019-10-24,107.5,108.20999908447266,106.25,107.83999633789062,99.89887237548828,3304500,LLY
2019-10-25,108.08000183105469,110.58999633789062,107.54000091552734,110.19999694824219,102.08506774902344,4234600,LLY
2019-10-28,110.62000274658203,113.19000244140625,110.62000274658203,112.98999786376953,104.66960906982422,4168500,LLY
2019-10-29,112.5,112.80999755859375,111.5,111.66999816894531,103.44680786132812,2987800,LLY
2019-10-30,111.37000274658203,113.20999908447266,111.26000213623047,112.72000122070312,104.41949462890625,2424700,LLY
2019-10-31,112.36000061035156,114.66999816894531,112.0,113.94999694824219,105.55892181396484,4124400,LLY
2019-11-01,114.06999969482422,114.51000213623047,112.30999755859375,112.51000213623047,104.2249755859375,2629100,LLY
2019-11-04,113.23999786376953,114.33000183105469,112.87000274658203,113.11000061035156,104.78075408935547,3002100,LLY
2019-11-05,112.94999694824219,113.08000183105469,110.51000213623047,111.25,103.05774688720703,3357300,LLY
2019-11-06,111.56999969482422,114.29000091552734,111.51000213623047,113.81999969482422,105.43848419189453,3973700,LLY
2019-11-07,114.2300033569336,114.62999725341797,112.02999877929688,112.7699966430664,104.4657974243164,3076200,LLY
2019-11-08,112.6500015258789,113.56999969482422,112.0999984741211,113.52999877929688,105.16984558105469,2224100,LLY
2019-11-11,113.45999908447266,114.20999908447266,112.22000122070312,112.80000305175781,104.49361419677734,1770200,LLY
2019-11-12,112.7699966430664,114.04000091552734,112.44999694824219,113.16999816894531,104.83635711669922,2273200,LLY
2019-11-13,112.87000274658203,113.52999877929688,112.25,112.79000091552734,104.4843521118164,3250600,LLY
2019-11-14,112.19000244140625,112.36000061035156,111.0,111.38999938964844,103.78092193603516,2627100,LLY
2019-11-15,111.33000183105469,113.81999969482422,111.33000183105469,113.19000244140625,105.45796203613281,4857400,LLY
2019-11-18,113.0199966430664,114.12999725341797,112.86000061035156,114.06999969482422,106.27784729003906,3361600,LLY
2019-11-19,114.02999877929688,116.12000274658203,113.75,115.0999984741211,107.23748016357422,3781600,LLY
2019-11-20,114.95999908447266,115.91999816894531,114.05000305175781,114.61000061035156,106.78094482421875,3638200,LLY
2019-11-21,114.69999694824219,115.5199966430664,113.29000091552734,114.75,106.91139221191406,2909500,LLY
2019-11-22,115.08999633789062,116.68000030517578,114.70999908447266,116.19999694824219,108.26234436035156,3120100,LLY
2019-11-25,116.5999984741211,118.45999908447266,116.5999984741211,117.47000122070312,109.44561004638672,2939300,LLY
2019-11-26,117.47000122070312,118.11000061035156,117.0,117.08999633789062,109.0915756225586,4704900,LLY
2019-11-27,117.7300033569336,117.9000015258789,116.62000274658203,117.44000244140625,109.4176254272461,1798200,LLY
2019-11-29,117.2300033569336,118.04000091552734,117.16999816894531,117.3499984741211,109.33378601074219,1243900,LLY
2019-12-02,117.5199966430664,118.25,116.0999984741211,116.73999786376953,108.76546478271484,2199700,LLY
2019-12-03,116.4000015258789,117.91999816894531,115.91999816894531,117.61000061035156,109.57603454589844,2786000,LLY
2019-12-04,118.27999877929688,118.83999633789062,117.56999969482422,118.66999816894531,110.56362915039062,2597000,LLY
2019-12-05,118.4000015258789,119.91999816894531,117.54000091552734,119.7699966430664,111.58849334716797,3003200,LLY
2019-12-06,119.97000122070312,120.70999908447266,119.58000183105469,119.63999938964844,111.46736145019531,2462800,LLY
2019-12-09,119.52999877929688,120.83999633789062,118.94000244140625,120.23999786376953,112.0263671875,2335100,LLY
2019-12-10,120.55999755859375,121.1500015258789,120.11000061035156,120.6500015258789,112.40835571289062,3592600,LLY
2019-12-11,120.55999755859375,121.19999694824219,119.9800033569336,120.77999877929688,112.52950286865234,3438100,LLY
2019-12-12,120.55999755859375,121.93000030517578,120.55999755859375,121.69999694824219,113.38664245605469,2959400,LLY
2019-12-13,121.9800033569336,122.19000244140625,120.72000122070312,121.52999877929688,113.2282485961914,3343900,LLY
2019-12-16,123.06999969482422,124.26000213623047,122.05999755859375,122.8499984741211,114.45808410644531,3468400,LLY
2019-12-17,124.0,127.02999877929688,123.30999755859375,125.33000183105469,116.76866912841797,6718800,LLY
2019-12-18,127.87999725341797,129.97999572753906,127.69000244140625,129.47999572753906,120.63516998291016,8173000,LLY
2019-12-19,129.0800018310547,130.99000549316406,128.33999633789062,130.85000610351562,121.91162109375,4423400,LLY
2019-12-20,132.49000549316406,137.0,131.24000549316406,132.42999267578125,123.3836669921875,9229900,LLY
2019-12-23,132.38999938964844,132.5800018310547,131.02999877929688,131.14999389648438,122.19110870361328,2473400,LLY
2019-12-24,131.07000732421875,131.2100067138672,130.1300048828125,131.11000061035156,122.15380859375,1215800,LLY
2019-12-26,131.0,131.6999969482422,130.66000366210938,131.13999938964844,122.1817855834961,1272000,LLY
2019-12-27,131.57000732421875,131.77000427246094,130.83999633789062,131.52000427246094,122.53581237792969,2161300,LLY
2019-12-30,131.52000427246094,131.92999267578125,130.8699951171875,131.3000030517578,122.33085632324219,1856200,LLY
2019-12-31,131.17999267578125,131.52000427246094,130.5,131.42999267578125,122.45196533203125,1549800,LLY
2020-01-02,131.77000427246094,132.25999450683594,130.72999572753906,132.2100067138672,123.1786880493164,2204200,LLY
2020-01-03,130.3000030517578,132.47000122070312,130.22999572753906,131.77000427246094,122.76875305175781,1963500,LLY
2020-01-06,131.4199981689453,132.55999755859375,130.94000244140625,132.25999450683594,123.22527313232422,2102900,LLY
2020-01-07,131.6999969482422,132.92999267578125,131.6999969482422,132.50999450683594,123.45819091796875,2448300,LLY
2020-01-08,132.4600067138672,134.2100067138672,132.00999450683594,133.7100067138672,124.57627868652344,5188600,LLY
2020-01-09,134.5500030517578,136.36000061035156,134.00999450683594,135.9199981689453,126.6352767944336,4522800,LLY
2020-01-10,135.77999877929688,138.27000427246094,135.52999877929688,138.0,128.5731658935547,4177600,LLY
2020-01-13,138.1999969482422,139.99000549316406,137.88999938964844,138.94000244140625,129.448974609375,5117100,LLY
2020-01-14,138.99000549316406,140.89999389648438,138.1199951171875,140.64999389648438,131.04214477539062,4685200,LLY
2020-01-15,140.5800018310547,141.69000244140625,140.00999450683594,141.11000061035156,131.47071838378906,3676500,LLY
2020-01-16,141.8300018310547,141.97000122070312,139.85000610351562,141.42999267578125,131.7688751220703,3794800,LLY
2020-01-17,140.8800048828125,141.74000549316406,139.36000061035156,139.5800018310547,130.04527282714844,5393200,LLY
2020-01-21,139.5,141.57000732421875,138.42999267578125,140.91000366210938,131.28443908691406,4849500,LLY
2020-01-22,141.25,142.25,140.69000244140625,141.55999755859375,131.88998413085938,2742100,LLY
2020-01-23,141.25,141.74000549316406,139.8800048828125,141.2100067138672,131.5639190673828,3138700,LLY
2020-01-24,141.85000610351562,141.99000549316406,138.6999969482422,139.07000732421875,129.57008361816406,3183300,LLY
2020-01-27,137.33999633789062,139.10000610351562,137.33999633789062,138.30999755859375,128.86195373535156,2826400,LLY
2020-01-28,138.69000244140625,139.8800048828125,138.22999572753906,139.25999450683594,129.74713134765625,2649100,LLY
2020-01-29,139.50999450683594,141.13999938964844,138.97000122070312,139.9199981689453,130.36203002929688,2815500,LLY
2020-01-30,138.17999267578125,143.72000122070312,138.10000610351562,142.6699981689453,132.92416381835938,5243400,LLY
2020-01-31,142.85000610351562,142.85000610351562,139.47000122070312,139.63999938964844,130.10118103027344,3913500,LLY
2020-02-03,140.52999877929688,141.57000732421875,139.67999267578125,141.0,131.36822509765625,5137800,LLY
2020-02-04,142.3000030517578,144.07000732421875,141.77999877929688,143.44000244140625,133.64158630371094,3177500,LLY
2020-02-05,144.77999877929688,147.36000061035156,144.52999877929688,147.35000610351562,137.2844696044922,4060900,LLY
2020-02-06,147.74000549316406,147.8699951171875,146.80999755859375,147.3000030517578,137.23789978027344,3285000,LLY
2020-02-07,147.22000122070312,147.22000122070312,145.3800048828125,146.41000366210938,136.40869140625,2670400,LLY
2020-02-10,141.5,145.5500030517578,141.1199951171875,145.50999450683594,135.57015991210938,4892100,LLY
2020-02-11,145.72999572753906,145.86000061035156,143.17999267578125,144.25,134.396240234375,2976400,LLY
2020-02-12,144.6699981689453,144.89999389648438,143.49000549316406,143.50999450683594,133.70680236816406,3953200,LLY
2020-02-13,142.86000061035156,143.74000549316406,141.7899932861328,141.8000030517578,132.79835510253906,3455500,LLY
2020-02-14,142.25,142.32000732421875,140.57000732421875,141.1199951171875,132.16152954101562,2273700,LLY
2020-02-18,141.02000427246094,141.9600067138672,140.52999877929688,141.00999450683594,132.05850219726562,2858200,LLY
2020-02-19,141.6199951171875,141.83999633789062,140.36000061035156,140.8300018310547,131.8899383544922,3082800,LLY
2020-02-20,141.6300048828125,142.80999755859375,141.1999969482422,142.0,132.98562622070312,3417000,LLY
2020-02-21,141.33999633789062,142.64999389648438,140.3300018310547,142.0399932861328,133.0231475830078,2900900,LLY
2020-02-24,139.27999877929688,141.58999633789062,137.8699951171875,138.14999389648438,129.3800811767578,4727400,LLY
2020-02-25,138.94000244140625,139.22999572753906,134.6199951171875,135.41000366210938,126.81401824951172,3401600,LLY
2020-02-26,136.02999877929688,137.02000427246094,133.30999755859375,133.52999877929688,125.0533447265625,4659000,LLY
2020-02-27,133.3300018310547,134.6699981689453,129.0500030517578,129.19000244140625,120.98888397216797,4292800,LLY
2020-02-28,126.37999725341797,126.80000305175781,121.51000213623047,126.12999725341797,118.12312316894531,7898300,LLY
2020-03-02,127.73999786376953,133.0,126.20999908447266,132.83999633789062,124.40715026855469,7355700,LLY
2020-03-03,133.27999877929688,135.64999389648438,128.69000244140625,130.30999755859375,122.03779602050781,6936600,LLY
2020-03-04,133.02999877929688,140.86000061035156,133.0,140.3800048828125,131.46853637695312,5301900,LLY
2020-03-05,138.3800048828125,141.91000366210938,137.52999877929688,140.14999389648438,131.2530975341797,6882100,LLY
2020-03-06,136.1199951171875,142.36000061035156,135.5500030517578,141.4600067138672,132.47999572753906,8010700,LLY
2020-03-09,134.02000427246094,140.92999267578125,133.30999755859375,135.72000122070312,127.10433197021484,5351300,LLY
2020-03-10,139.22999572753906,141.92999267578125,134.72000122070312,141.19000244140625,132.2270965576172,5961200,LLY
2020-03-11,139.4600067138672,141.83999633789062,137.38999938964844,140.02000427246094,131.1313934326172,7211800,LLY
2020-03-12,130.7899932861328,136.5,125.93000030517578,126.0199966430664,118.0201187133789,7836300,LLY
2020-03-13,132.9499969482422,139.3699951171875,128.50999450683594,139.3699951171875,130.52264404296875,6841700,LLY
2020-03-16,131.0,138.67999267578125,128.25,129.3800048828125,121.16680908203125,6619700,LLY
2020-03-17,133.2100067138672,143.58999633789062,131.10000610351562,143.1999969482422,134.10952758789062,8909200,LLY
2020-03-18,136.33999633789062,144.0,134.0800018310547,143.08999633789062,134.0064697265625,6734600,LLY
2020-03-19,142.49000549316406,142.97999572753906,131.1199951171875,133.08999633789062,124.64128112792969,6554800,LLY
2020-03-20,132.16000366210938,132.25,120.2300033569336,122.4000015258789,114.62992095947266,9113500,LLY
2020-03-23,120.94999694824219,126.87999725341797,117.05999755859375,119.05000305175781,111.49256896972656,7299300,LLY
2020-03-24,123.23999786376953,124.5999984741211,117.41000366210938,122.88999938964844,115.08879852294922,6827300,LLY
2020-03-25,120.12000274658203,126.13999938964844,119.20999908447266,121.94000244140625,114.1991195678711,6472100,LLY
2020-03-26,123.29000091552734,135.74000549316406,121.94000244140625,134.35000610351562,125.82131958007812,6723600,LLY
2020-03-27,130.64999389648438,137.61000061035156,130.1999969482422,134.11000061035156,125.5965576171875,4717400,LLY
2020-03-30,133.8699951171875,141.77000427246094,133.50999450683594,138.44000244140625,129.6516876220703,5057400,LLY
2020-03-31,136.9600067138672,142.02000427246094,134.52000427246094,138.72000122070312,129.91392517089844,7560100,LLY
2020-04-01,134.0,137.19000244140625,132.97999572753906,136.4199981689453,127.75990295410156,3297900,LLY
2020-04-02,135.35000610351562,142.8000030517578,133.02999877929688,142.17999267578125,133.1542205810547,4725000,LLY
2020-04-03,140.9199981689453,144.60000610351562,138.4600067138672,139.66000366210938,130.79425048828125,4013200,LLY
2020-04-06,142.27000427246094,143.5,140.3000030517578,141.61000061035156,132.6204071044922,4159900,LLY
2020-04-07,143.1300048828125,144.8000030517578,140.0500030517578,141.8800048828125,132.873291015625,3900600,LLY
2020-04-08,142.0500030517578,147.25,140.5,146.22000122070312,136.9377899169922,4006600,LLY
2020-04-09,144.50999450683594,146.39999389648438,143.5500030517578,145.72999572753906,136.47891235351562,4415300,LLY
2020-04-13,144.97000122070312,146.58999633789062,142.8800048828125,144.4199981689453,135.2520751953125,2289000,LLY
2020-04-14,147.27999877929688,151.5500030517578,144.0500030517578,151.11000061035156,141.5173797607422,3809600,LLY
2020-04-15,148.94000244140625,153.39999389648438,148.50999450683594,151.17999267578125,141.58294677734375,3614400,LLY
2020-04-16,152.88999938964844,155.58999633789062,152.0,154.72999572753906,144.90753173828125,3512900,LLY
2020-04-17,155.4199981689453,157.6699981689453,153.02999877929688,157.2899932861328,147.3050537109375,3709900,LLY
2020-04-20,156.6300048828125,160.1999969482422,155.61000061035156,157.7899932861328,147.7733154296875,2562200,LLY
2020-04-21,155.41000366210938,155.8000030517578,151.41000366210938,152.6699981689453,142.97833251953125,4270200,LLY
2020-04-22,154.61000061035156,157.27999877929688,153.57000732421875,156.7100067138672,146.76187133789062,3278000,LLY
2020-04-23,157.17999267578125,162.55999755859375,154.0,159.92999267578125,149.77745056152344,5692900,LLY
2020-04-24,162.0,164.89999389648438,160.61000061035156,162.92999267578125,152.58700561523438,4414000,LLY
2020-04-27,164.0,164.5,160.72000122070312,161.2899932861328,151.05113220214844,3210300,LLY
2020-04-28,160.94000244140625,161.97999572753906,156.58999633789062,157.3000030517578,147.31442260742188,3270200,LLY
2020-04-29,157.75999450683594,158.02999877929688,154.6699981689453,155.16000366210938,145.31027221679688,3240700,LLY
2020-04-30,155.1999969482422,156.97999572753906,153.27999877929688,154.63999938964844,144.82325744628906,4175800,LLY
2020-05-01,153.72000122070312,154.60000610351562,151.57000732421875,153.6300048828125,143.87738037109375,2576400,LLY
2020-05-04,154.64999389648438,156.0,151.25999450683594,153.27999877929688,143.5496063232422,2228500,LLY
2020-05-05,153.8000030517578,159.22000122070312,152.75,157.88999938964844,147.86700439453125,2862600,LLY
2020-05-06,158.4600067138672,158.94000244140625,156.35000610351562,156.67999267578125,146.73377990722656,1964800,LLY
2020-05-07,157.5,157.69000244140625,152.72000122070312,152.97000122070312,143.25929260253906,2330600,LLY
2020-05-08,154.1999969482422,154.4199981689453,152.5500030517578,153.50999450683594,143.76495361328125,1966600,LLY
2020-05-11,153.47000122070312,159.47000122070312,153.0800018310547,158.5500030517578,148.48509216308594,3196200,LLY
2020-05-12,159.8699951171875,161.39999389648438,157.58999633789062,157.72000122070312,147.707763671875,2329400,LLY
2020-05-13,157.02999877929688,159.35000610351562,156.0399932861328,157.92999267578125,147.9044189453125,2650000,LLY
2020-05-14,155.94000244140625,158.9499969482422,153.80999755859375,158.3800048828125,149.02413940429688,2393900,LLY
2020-05-15,158.6300048828125,159.50999450683594,156.02999877929688,159.22999572753906,149.82391357421875,2824500,LLY
2020-05-18,161.33999633789062,162.3699951171875,157.11000061035156,157.9600067138672,148.62896728515625,2703700,LLY
2020-05-19,156.85000610351562,159.1300048828125,155.27999877929688,156.6999969482422,147.443359375,2339400,LLY
2020-05-20,155.27000427246094,157.42999267578125,151.61000061035156,153.1300048828125,144.08425903320312,3780800,LLY
2020-05-21,153.14999389648438,153.14999389648438,149.72000122070312,152.27999877929688,143.28448486328125,3049800,LLY
2020-05-22,152.22000122070312,152.55999755859375,150.1699981689453,151.16000366210938,142.23062133789062,2355000,LLY
2020-05-26,151.11000061035156,151.75999450683594,147.16000366210938,147.9600067138672,139.21966552734375,5013400,LLY
2020-05-27,148.1699981689453,148.1699981689453,143.6199951171875,145.6999969482422,137.0931396484375,5376100,LLY
2020-05-28,147.42999267578125,152.10000610351562,146.50999450683594,150.64999389648438,141.75074768066406,3982700,LLY
2020-05-29,151.66000366210938,153.63999938964844,149.94000244140625,152.9499969482422,143.9148712158203,9466300,LLY
2020-06-01,154.47000122070312,154.99000549316406,150.88999938964844,152.4499969482422,143.44439697265625,5233800,LLY
2020-06-02,152.0800018310547,154.0800018310547,151.0399932861328,153.86000061035156,144.77113342285156,3269400,LLY
2020-06-03,153.33999633789062,154.38999938964844,150.85000610351562,152.52999877929688,143.51971435546875,3190300,LLY
2020-06-04,152.2100067138672,153.5399932861328,149.7100067138672,150.7100067138672,141.8072052001953,3328700,LLY
2020-06-05,149.6999969482422,151.75999450683594,148.33999633789062,149.2100067138672,140.3958282470703,4578800,LLY
2020-06-08,146.75,149.25,146.52000427246094,149.2100067138672,140.3958282470703,4076400,LLY
2020-06-09,149.75,151.75,149.11000061035156,149.1300048828125,140.32057189941406,4302100,LLY
2020-06-10,149.9600067138672,152.39999389648438,149.83999633789062,151.0,142.08009338378906,4940200,LLY
2020-06-11,151.85000610351562,152.24000549316406,143.0500030517578,144.0800018310547,135.5688934326172,4547400,LLY
2020-06-12,145.5399932861328,146.3800048828125,141.47000122070312,143.5399932861328,135.06076049804688,3973200,LLY
2020-06-15,142.0,142.89999389648438,139.67999267578125,141.52000427246094,133.16009521484375,3709900,LLY
2020-06-16,156.32000732421875,167.42999267578125,155.0,163.7100067138672,154.03929138183594,15029300,LLY
2020-06-17,164.22999572753906,164.36000061035156,159.39999389648438,159.97000122070312,150.5202178955078,4711200,LLY
2020-06-18,159.1999969482422,162.97000122070312,158.1999969482422,161.07000732421875,151.5552215576172,3631600,LLY
2020-06-19,162.22999572753906,162.47999572753906,158.25999450683594,159.94000244140625,150.491943359375,6004900,LLY
2020-06-22,159.17999267578125,161.47999572753906,158.9199981689453,160.4499969482422,150.9718475341797,2647300,LLY
2020-06-23,160.88999938964844,162.8699951171875,158.9499969482422,159.33999633789062,149.9274139404297,2771500,LLY
2020-06-24,158.5500030517578,159.7899932861328,156.3300018310547,157.02999877929688,147.75387573242188,3096000,LLY
2020-06-25,157.63999938964844,163.38999938964844,156.7100067138672,162.86000061035156,153.23948669433594,3735400,LLY
2020-06-26,162.3300018310547,163.7899932861328,160.17999267578125,162.8300018310547,153.2112579345703,5290400,LLY
2020-06-29,163.85000610351562,164.2100067138672,161.02999877929688,162.72000122070312,153.1077880859375,2640300,LLY
2020-06-30,163.11000061035156,165.1699981689453,162.3000030517578,164.17999267578125,154.4814910888672,3296300,LLY
2020-07-01,164.32000732421875,165.47000122070312,162.52000427246094,163.3000030517578,153.65347290039062,2065100,LLY
2020-07-02,164.07000732421875,164.77000427246094,162.3699951171875,163.8699951171875,154.1898193359375,1960200,LLY
2020-07-06,164.4600067138672,168.9199981689453,164.00999450683594,166.88999938964844,157.03143310546875,2760100,LLY
2020-07-07,166.1199951171875,168.3800048828125,165.27000427246094,166.75,156.89968872070312,3273300,LLY
2020-07-08,166.83999633789062,169.82000732421875,166.83999633789062,169.1300048828125,159.13914489746094,2781800,LLY
2020-07-09,169.8800048828125,170.75,163.7100067138672,166.4499969482422,156.61740112304688,2955200,LLY
2020-07-10,166.13999938964844,166.13999938964844,162.74000549316406,163.36000061035156,153.70994567871094,2245100,LLY
2020-07-13,164.61000061035156,167.0,161.0399932861328,162.0800018310547,152.50555419921875,3455600,LLY
2020-07-14,162.8800048828125,164.77000427246094,161.52999877929688,163.8800048828125,154.19924926757812,2642900,LLY
2020-07-15,165.19000244140625,166.47999572753906,163.89999389648438,165.4499969482422,155.67648315429688,2346200,LLY
2020-07-16,164.9499969482422,165.44000244140625,162.60000610351562,165.0,155.25308227539062,1486800,LLY
2020-07-17,166.0399932861328,167.25999450683594,165.11000061035156,165.9600067138672,156.15635681152344,2935800,LLY
2020-07-20,166.49000549316406,167.7100067138672,165.72999572753906,167.0399932861328,157.17259216308594,1806200,LLY
2020-07-21,166.8699951171875,167.22999572753906,164.75999450683594,165.3000030517578,155.53533935546875,1540700,LLY
2020-07-22,165.5399932861328,165.85000610351562,162.3300018310547,164.83999633789062,155.1024932861328,1686500,LLY
2020-07-23,165.25999450683594,165.4600067138672,160.7899932861328,161.52000427246094,151.97865295410156,2408800,LLY
2020-07-24,161.47000122070312,161.47000122070312,158.4499969482422,159.5399932861328,150.11563110351562,2247900,LLY
2020-07-27,159.60000610351562,161.74000549316406,158.58999633789062,160.5,151.01890563964844,2709700,LLY
2020-07-28,161.6699981689453,165.41000366210938,161.35000610351562,162.64999389648438,153.04188537597656,3483100,LLY
2020-07-29,162.52999877929688,163.02999877929688,161.10000610351562,161.75,152.195068359375,3108900,LLY
2020-07-30,158.4499969482422,158.5,150.4499969482422,153.0,143.9619598388672,6638100,LLY
2020-07-31,153.1300048828125,153.33999633789062,148.74000549316406,150.2899932861328,141.41201782226562,5342700,LLY
2020-08-03,152.8000030517578,153.85000610351562,151.22000122070312,152.83999633789062,143.81137084960938,3615000,LLY
2020-08-04,153.3800048828125,156.0,153.08999633789062,154.85000610351562,145.70266723632812,3260000,LLY
2020-08-05,157.30999755859375,157.49000549316406,153.3000030517578,154.33999633789062,145.2227325439453,2386400,LLY
2020-08-06,153.85000610351562,155.5,151.0,152.8800048828125,143.8489990234375,2176200,LLY
2020-08-07,152.9600067138672,153.5,151.5800018310547,152.92999267578125,143.8960418701172,2017100,LLY
2020-08-10,152.92999267578125,153.49000549316406,151.52999877929688,153.0,143.9619598388672,1745200,LLY
2020-08-11,153.13999938964844,153.13999938964844,150.1999969482422,150.6300048828125,141.73196411132812,2103400,LLY
2020-08-12,150.7899932861328,153.1699981689453,150.60000610351562,152.5500030517578,143.53851318359375,2430400,LLY
2020-08-13,150.82000732421875,151.69000244140625,149.7899932861328,150.4600067138672,142.26206970214844,2077700,LLY
2020-08-14,149.8000030517578,151.69000244140625,149.14999389648438,150.08999633789062,141.91224670410156,1538000,LLY
2020-08-17,150.9199981689453,152.6999969482422,150.36000061035156,151.52999877929688,143.27377319335938,2704700,LLY
2020-08-18,152.14999389648438,153.14999389648438,151.14999389648438,153.11000061035156,144.76768493652344,1959700,LLY
2020-08-19,153.80999755859375,154.41000366210938,152.00999450683594,152.2899932861328,143.99234008789062,1938800,LLY
2020-08-20,152.5500030517578,152.85000610351562,150.85000610351562,151.33999633789062,143.09413146972656,1830200,LLY
2020-08-21,151.33999633789062,151.35000610351562,147.9499969482422,149.25999450683594,141.12747192382812,3112000,LLY
2020-08-24,150.0500030517578,150.39999389648438,148.25,149.52000427246094,141.37330627441406,2268400,LLY
2020-08-25,150.36000061035156,151.30999755859375,149.30999755859375,149.67999267578125,141.5245361328125,2216100,LLY
2020-08-26,149.19000244140625,149.4600067138672,147.41000366210938,149.25999450683594,141.12747192382812,3029700,LLY
2020-08-27,150.5800018310547,150.94000244140625,148.94000244140625,148.97000122070312,140.85325622558594,3146100,LLY
2020-08-28,148.83999633789062,149.14999389648438,146.97999572753906,147.33999633789062,139.31204223632812,2102600,LLY
2020-08-31,147.35000610351562,148.7899932861328,147.02999877929688,148.38999938964844,140.30484008789062,4430700,LLY
2020-09-01,148.61000061035156,149.1999969482422,146.64999389648438,147.3000030517578,139.2742462158203,2358700,LLY
2020-09-02,146.7899932861328,150.0,146.50999450683594,149.5500030517578,141.40170288085938,2406800,LLY
2020-09-03,152.19000244140625,153.3699951171875,147.4600067138672,149.02000427246094,140.90052795410156,4226100,LLY
2020-09-04,148.77000427246094,152.5800018310547,147.9499969482422,150.91000366210938,142.6875762939453,4361800,LLY
2020-09-08,150.9499969482422,151.30999755859375,148.5,149.30999755859375,141.1747589111328,4351200,LLY
2020-09-09,150.6199951171875,154.1199951171875,150.30999755859375,151.97000122070312,143.6898193359375,2328500,LLY
2020-09-10,149.8800048828125,150.60000610351562,145.72000122070312,146.22000122070312,138.25306701660156,3961300,LLY
2020-09-11,147.55999755859375,149.19000244140625,146.8800048828125,148.08999633789062,140.0211944580078,3001400,LLY
2020-09-14,149.08999633789062,150.50999450683594,147.47000122070312,149.0,140.88165283203125,3072500,LLY
2020-09-15,149.9600067138672,151.8699951171875,149.4199981689453,150.0800018310547,141.90283203125,2923500,LLY
2020-09-16,151.72000122070312,152.67999267578125,150.7899932861328,150.9600067138672,142.73483276367188,3618800,LLY
2020-09-17,150.1300048828125,152.67999267578125,149.4600067138672,152.47000122070312,144.16256713867188,3620700,LLY
2020-09-18,152.0399932861328,154.5,152.0399932861328,154.1699981689453,145.76995849609375,13209800,LLY
2020-09-21,153.1699981689453,153.66000366210938,149.05999755859375,151.17999267578125,142.94287109375,3501600,LLY
2020-09-22,150.91000366210938,151.57000732421875,149.14999389648438,149.86000061035156,141.6947479248047,2926400,LLY
2020-09-23,150.0500030517578,151.58999633789062,148.6999969482422,149.80999755859375,141.64749145507812,3545700,LLY
2020-09-24,149.25999450683594,149.66000366210938,147.3699951171875,148.80999755859375,140.70196533203125,3424200,LLY
2020-09-25,148.38999938964844,150.39999389648438,147.85000610351562,150.25999450683594,142.07296752929688,2440600,LLY
2020-09-28,151.0,151.5800018310547,147.89999389648438,148.10000610351562,140.03070068359375,2427100,LLY
2020-09-29,147.97999572753906,148.44000244140625,145.92999267578125,146.25999450683594,138.2908935546875,3308300,LLY
2020-09-30,146.39999389648438,148.4499969482422,145.05999755859375,148.02000427246094,139.95498657226562,5083900,LLY
2020-10-01,148.3300018310547,148.7100067138672,144.05999755859375,144.2899932861328,136.42825317382812,3809200,LLY
2020-10-02,143.6699981689453,146.94000244140625,143.27000427246094,145.2100067138672,137.29812622070312,3880000,LLY
2020-10-05,145.07000732421875,147.47000122070312,144.17999267578125,146.6300048828125,138.64076232910156,2790600,LLY
2020-10-06,146.92999267578125,147.8300018310547,143.92999267578125,144.1300048828125,136.2769775390625,2409200,LLY
2020-10-07,148.52000427246094,149.88999938964844,146.85000610351562,148.9600067138672,140.8437957763672,4602800,LLY
2020-10-08,152.39999389648438,153.94000244140625,150.5,153.5,145.1364288330078,4686100,LLY
2020-10-09,154.08999633789062,157.14999389648438,154.07000732421875,156.8800048828125,148.33229064941406,4590600,LLY
2020-10-12,156.8300018310547,157.14999389648438,154.4199981689453,154.49000549316406,146.07252502441406,3242700,LLY
2020-10-13,153.0,154.3300018310547,148.5500030517578,150.0800018310547,141.90283203125,5963900,LLY
2020-10-14,150.3800048828125,150.60000610351562,147.7100067138672,148.4600067138672,140.3710479736328,2710200,LLY
2020-10-15,146.50999450683594,146.91000366210938,145.3800048828125,146.77999877929688,138.78260803222656,3785900,LLY
2020-10-16,147.11000061035156,148.3800048828125,146.0,146.1199951171875,138.15855407714844,2918900,LLY
2020-10-19,147.0,147.41000366210938,142.2100067138672,142.8000030517578,135.0194549560547,3158900,LLY
2020-10-20,143.36000061035156,144.1199951171875,142.11000061035156,143.58999633789062,135.76638793945312,2188700,LLY
2020-10-21,142.2899932861328,143.3300018310547,141.2100067138672,141.30999755859375,133.61061096191406,1983700,LLY
2020-10-22,141.52999877929688,142.25999450683594,140.8000030517578,141.64999389648438,133.93206787109375,3056600,LLY
2020-10-23,142.24000549316406,144.6999969482422,141.72000122070312,142.3800048828125,134.62237548828125,2427200,LLY
2020-10-26,141.89999389648438,142.2899932861328,140.0500030517578,141.6999969482422,133.97938537597656,2947100,LLY
2020-10-27,133.02000427246094,136.0800018310547,131.8699951171875,131.89999389648438,124.71331787109375,11374600,LLY
2020-10-28,130.4600067138672,134.10000610351562,130.30999755859375,131.30999755859375,124.15548706054688,6188000,LLY
2020-10-29,132.0,133.1300048828125,130.3800048828125,132.5500030517578,125.32791900634766,4099900,LLY
2020-10-30,131.75999450683594,133.10000610351562,129.2100067138672,130.4600067138672,123.3517837524414,4335300,LLY
2020-11-02,132.5399932861328,133.9499969482422,129.99000549316406,131.6300048828125,124.45804595947266,3449500,LLY
2020-11-03,133.63999938964844,134.07000732421875,130.6999969482422,130.97999572753906,123.84342956542969,3628400,LLY
2020-11-04,134.91000366210938,151.97999572753906,134.91000366210938,148.58999633789062,140.4939727783203,12211700,LLY
2020-11-05,147.67999267578125,148.80999755859375,144.6999969482422,145.52000427246094,137.59124755859375,5731000,LLY
2020-11-06,145.0500030517578,147.38999938964844,139.10000610351562,142.74000549316406,134.9627227783203,6229800,LLY
2020-11-09,142.5399932861328,144.75,140.60000610351562,142.3300018310547,134.5750274658203,5493800,LLY
2020-11-10,147.60000610351562,149.1999969482422,143.7899932861328,146.55999755859375,138.57456970214844,5377000,LLY
2020-11-11,147.75999450683594,147.75999450683594,143.3699951171875,144.75999450683594,136.8726348876953,3046800,LLY
2020-11-12,142.92999267578125,143.4600067138672,139.86000061035156,141.02999877929688,134.03103637695312,3463400,LLY
2020-11-13,142.42999267578125,143.2100067138672,141.32000732421875,142.3800048828125,135.3140869140625,2142700,LLY
2020-11-16,143.05999755859375,144.3000030517578,140.0,140.58999633789062,133.61288452148438,4957600,LLY
2020-11-17,139.57000732421875,141.9600067138672,138.61000061035156,141.1999969482422,134.19259643554688,3619200,LLY
2020-11-18,141.89999389648438,142.4199981689453,140.1300048828125,140.1699981689453,133.21371459960938,2795100,LLY
2020-11-19,140.25,143.88999938964844,138.9199981689453,143.41000366210938,136.2929229736328,4626100,LLY
2020-11-20,142.83999633789062,147.08999633789062,142.83999633789062,145.49000549316406,138.26968383789062,5063800,LLY
2020-11-23,145.5399932861328,145.6199951171875,141.16000366210938,143.3800048828125,136.264404296875,3794200,LLY
2020-11-24,143.38999938964844,145.63999938964844,143.11000061035156,144.89999389648438,137.7089385986328,4127000,LLY
2020-11-25,144.89999389648438,145.33999633789062,142.61000061035156,144.75,137.56640625,3223700,LLY
2020-11-27,145.64999389648438,147.9199981689453,145.36000061035156,147.44000244140625,140.12289428710938,1754000,LLY
2020-11-30,146.33999633789062,148.1699981689453,144.89999389648438,145.64999389648438,138.42172241210938,5842200,LLY
2020-12-01,146.69000244140625,148.05999755859375,145.25999450683594,145.55999755859375,138.33624267578125,3954400,LLY
2020-12-02,145.36000061035156,147.08999633789062,144.3800048828125,145.16000366210938,137.9561004638672,3757400,LLY
2020-12-03,145.6999969482422,146.5,143.1300048828125,144.11000061035156,136.9582061767578,4059600,LLY
2020-12-04,144.07000732421875,148.72000122070312,144.0,148.4499969482422,141.08277893066406,3058600,LLY
2020-12-07,147.3000030517578,148.3300018310547,146.47999572753906,147.4199981689453,140.10389709472656,2637200,LLY
2020-12-08,146.97999572753906,150.13999938964844,146.91000366210938,149.3000030517578,141.89060974121094,2754400,LLY
2020-12-09,154.58999633789062,158.94000244140625,153.67999267578125,158.0,150.15884399414062,8364400,LLY
2020-12-10,159.8699951171875,162.0,158.17999267578125,161.0,153.00994873046875,6430600,LLY
2020-12-11,159.72000122070312,161.17999267578125,159.05999755859375,160.0399932861328,152.0976104736328,3441900,LLY
2020-12-14,160.69000244140625,162.2899932861328,157.8300018310547,157.91000366210938,150.0733642578125,4390100,LLY
2020-12-15,159.42999267578125,168.22999572753906,158.0500030517578,167.42999267578125,159.12086486816406,6974300,LLY
2020-12-16,169.69000244140625,173.19000244140625,166.75,172.0500030517578,163.5115509033203,6009900,LLY
2020-12-17,171.72999572753906,173.89999389648438,171.10000610351562,172.6300048828125,164.0628204345703,3521100,LLY
2020-12-18,172.52000427246094,172.88999938964844,169.0,171.39999389648438,162.89382934570312,7356400,LLY
2020-12-21,168.8800048828125,169.0,165.8000030517578,168.77999877929688,160.40386962890625,3655900,LLY
2020-12-22,167.7100067138672,168.38999938964844,165.8699951171875,166.72000122070312,158.44610595703125,2447900,LLY
2020-12-23,167.4499969482422,168.0,165.47000122070312,165.47999572753906,157.2676239013672,1697300,LLY
2020-12-24,165.85000610351562,167.94000244140625,165.85000610351562,166.66000366210938,158.38909912109375,627200,LLY
2020-12-28,167.2100067138672,167.60000610351562,165.2100067138672,166.5,158.23699951171875,1482000,LLY
2020-12-29,166.6300048828125,167.75,165.91000366210938,166.5800018310547,158.3130340576172,1712000,LLY
2020-12-30,167.44000244140625,168.38999938964844,166.67999267578125,167.00999450683594,158.7216796875,1413300,LLY
2020-12-31,167.07000732421875,169.13999938964844,166.2899932861328,168.83999633789062,160.46092224121094,1643600,LLY
2021-01-04,169.02000427246094,169.47999572753906,163.10000610351562,165.5,157.2866668701172,3164800,LLY
2021-01-05,165.19000244140625,166.66000366210938,163.1999969482422,166.32000732421875,158.0659637451172,2322600,LLY
2021-01-06,162.97999572753906,167.27999877929688,162.97000122070312,164.32000732421875,156.1652069091797,3619700,LLY
2021-01-07,164.17999267578125,167.1199951171875,161.77999877929688,165.8300018310547,157.6002197265625,3025500,LLY
2021-01-08,166.22000122070312,166.86000061035156,164.63999938964844,166.41000366210938,158.15150451660156,3438100,LLY
2021-01-11,185.0,189.3000030517578,182.02000427246094,185.94000244140625,176.71226501464844,11396500,LLY
2021-01-12,182.7899932861328,184.24000549316406,177.44000244140625,178.8000030517578,169.92660522460938,7179300,LLY
2021-01-13,179.8300018310547,187.6199951171875,179.33999633789062,185.5,176.29409790039062,7303900,LLY
2021-01-14,185.27000427246094,188.9600067138672,184.5800018310547,186.69000244140625,177.42506408691406,4413200,LLY
2021-01-15,186.8000030517578,191.77999877929688,186.8000030517578,190.77000427246094,181.30259704589844,6624600,LLY
2021-01-19,196.0,199.52000427246094,194.07000732421875,198.47999572753906,188.62991333007812,7729100,LLY
2021-01-20,198.77000427246094,201.77000427246094,198.67999267578125,201.25999450683594,191.27195739746094,5335800,LLY
2021-01-21,203.6999969482422,204.72000122070312,198.00999450683594,202.35000610351562,192.30787658691406,8698800,LLY
2021-01-22,202.0399932861328,206.5399932861328,200.55999755859375,206.13999938964844,195.90982055664062,6128800,LLY
2021-01-25,208.24000549316406,212.52999877929688,208.08999633789062,212.35000610351562,201.81161499023438,5959100,LLY
2021-01-26,212.5500030517578,213.22999572753906,210.60000610351562,212.72000122070312,202.16323852539062,6601500,LLY
2021-01-27,211.07000732421875,212.02000427246094,205.10000610351562,207.57000732421875,197.26882934570312,7358000,LLY
2021-01-28,208.0,211.83999633789062,207.57000732421875,210.1199951171875,199.69229125976562,5460400,LLY
2021-01-29,211.9600067138672,218.0,204.4600067138672,207.97000122070312,197.6490020751953,8401700,LLY
2021-02-01,209.4600067138672,209.88999938964844,203.10000610351562,203.13999938964844,193.0586700439453,5383800,LLY
2021-02-02,204.3800048828125,205.89999389648438,197.35000610351562,197.55999755859375,187.75558471679688,5314600,LLY
2021-02-03,197.80999755859375,200.58999633789062,196.88999938964844,196.9600067138672,187.18539428710938,3679000,LLY
2021-02-04,196.80999755859375,201.8800048828125,195.63999938964844,201.6199951171875,191.61407470703125,2924300,LLY
2021-02-05,201.6199951171875,202.9199981689453,200.85000610351562,201.77000427246094,191.75665283203125,2732200,LLY
2021-02-08,202.3800048828125,206.42999267578125,201.91000366210938,205.77000427246094,195.55816650390625,2909300,LLY
2021-02-09,203.75,204.9499969482422,200.32000732421875,201.7100067138672,191.69967651367188,2661300,LLY
2021-02-10,204.47000122070312,205.5500030517578,201.63999938964844,204.38999938964844,194.24667358398438,3062700,LLY
2021-02-11,202.8699951171875,204.17999267578125,201.6199951171875,202.5800018310547,193.3304901123047,3544700,LLY
2021-02-12,201.64999389648438,208.22000122070312,201.14999389648438,207.2899932861328,197.8253936767578,2611300,LLY
2021-02-16,205.97999572753906,207.49000549316406,203.61000061035156,205.75999450683594,196.3652801513672,2741900,LLY
2021-02-17,205.00999450683594,206.69000244140625,204.27000427246094,206.4600067138672,197.03334045410156,3329900,LLY
2021-02-18,205.3000030517578,205.4199981689453,200.9499969482422,201.1199951171875,191.9371337890625,3919400,LLY
2021-02-19,201.1300048828125,202.8800048828125,200.3300018310547,200.9199981689453,191.7462615966797,3434900,LLY
2021-02-22,199.17999267578125,201.61000061035156,197.9600067138672,200.67999267578125,191.51722717285156,2263600,LLY
2021-02-23,200.30999755859375,204.30999755859375,198.67999267578125,202.47999572753906,193.2350311279297,3287700,LLY
2021-02-24,201.6699981689453,206.4600067138672,201.6300048828125,204.52000427246094,195.18191528320312,2848800,LLY
2021-02-25,203.57000732421875,205.5500030517578,201.75,203.82000732421875,194.5138702392578,2386700,LLY
2021-02-26,206.6999969482422,206.99000549316406,202.05999755859375,204.88999938964844,195.53501892089844,3887900,LLY
2021-03-01,205.77999877929688,208.24000549316406,204.77999877929688,206.47000122070312,197.04283142089844,2797400,LLY
2021-03-02,208.88999938964844,209.9499969482422,204.10000610351562,204.13999938964844,194.81922912597656,3445300,LLY
2021-03-03,203.3699951171875,204.30999755859375,199.7100067138672,202.0,192.77696228027344,3660300,LLY
2021-03-04,203.7899932861328,204.74000549316406,198.61000061035156,200.5399932861328,191.3836212158203,4308400,LLY
2021-03-05,201.02000427246094,207.6699981689453,200.8800048828125,206.9199981689453,197.4723358154297,3875900,LLY
2021-03-08,207.0,210.88999938964844,206.32000732421875,207.02999877929688,197.57728576660156,3300300,LLY
2021-03-09,208.33999633789062,212.16000366210938,206.05999755859375,206.11000061035156,196.69931030273438,4227300,LLY
2021-03-10,206.88999938964844,208.0399932861328,204.38999938964844,205.4499969482422,196.06942749023438,3400200,LLY
2021-03-11,206.50999450683594,207.25,204.27000427246094,205.2100067138672,195.84042358398438,4037300,LLY
2021-03-12,204.88999938964844,208.4600067138672,202.27999877929688,208.0800018310547,198.57936096191406,4541400,LLY
2021-03-15,193.00999450683594,193.17999267578125,188.1999969482422,189.16000366210938,180.523193359375,12388500,LLY
2021-03-16,191.5399932861328,191.6199951171875,187.22999572753906,190.89999389648438,182.18373107910156,6194200,LLY
2021-03-17,189.72999572753906,189.8300018310547,186.55999755859375,186.72999572753906,178.2041778564453,5134200,LLY
2021-03-18,186.02000427246094,187.08999633789062,183.8000030517578,183.92999267578125,175.53201293945312,4240000,LLY
2021-03-19,184.6999969482422,185.8000030517578,183.8800048828125,184.2899932861328,175.8755645751953,6048600,LLY
2021-03-22,184.0500030517578,185.91000366210938,183.1999969482422,185.83999633789062,177.3548126220703,2666600,LLY
2021-03-23,185.35000610351562,186.66000366210938,183.25,183.67999267578125,175.29342651367188,3284700,LLY
2021-03-24,183.6999969482422,183.83999633789062,179.82000732421875,180.1699981689453,171.94371032714844,3931500,LLY
2021-03-25,181.0,183.63999938964844,180.22000122070312,183.08999633789062,174.73036193847656,2630500,LLY
2021-03-26,184.0500030517578,185.91000366210938,182.6300048828125,185.30999755859375,176.84901428222656,2868200,LLY
2021-03-29,184.66000366210938,187.6699981689453,183.50999450683594,186.33999633789062,177.8319549560547,3002600,LLY
2021-03-30,185.52999877929688,186.86000061035156,184.7100067138672,185.5,177.03028869628906,2523600,LLY
2021-03-31,185.57000732421875,187.94000244140625,185.25999450683594,186.82000732421875,178.29006958007812,3621300,LLY
2021-04-01,186.82000732421875,188.07000732421875,184.66000366210938,185.24000549316406,176.78216552734375,2340400,LLY
2021-04-05,185.58999633789062,185.89999389648438,183.10000610351562,184.88999938964844,176.4481658935547,2864800,LLY
2021-04-06,184.69000244140625,185.6300048828125,182.49000549316406,182.8000030517578,174.45361328125,2488400,LLY
2021-04-07,182.89999389648438,183.17999267578125,181.22000122070312,182.32000732421875,173.9955596923828,3406600,LLY
2021-04-08,182.9499969482422,183.97000122070312,182.47000122070312,182.61000061035156,174.2722930908203,2393200,LLY
2021-04-09,182.52999877929688,185.13999938964844,182.41000366210938,184.49000549316406,176.0664520263672,2611200,LLY
2021-04-12,183.42999267578125,183.94000244140625,180.8800048828125,181.82000732421875,173.51837158203125,2876100,LLY
2021-04-13,181.17999267578125,183.63999938964844,181.17999267578125,182.52999877929688,174.1959228515625,3089100,LLY
2021-04-14,182.58999633789062,184.47000122070312,182.0500030517578,183.0,174.64442443847656,2002100,LLY
2021-04-15,183.7899932861328,187.72000122070312,183.41000366210938,185.9199981689453,177.43112182617188,2586600,LLY
2021-04-16,187.3800048828125,190.3000030517578,186.8800048828125,189.25,180.60910034179688,3731800,LLY
2021-04-19,189.24000549316406,190.8800048828125,188.07000732421875,189.63999938964844,180.98129272460938,2966400,LLY
2021-04-20,190.41000366210938,193.5,190.1699981689453,190.61000061035156,181.90701293945312,2460900,LLY
2021-04-21,191.55999755859375,193.00999450683594,189.8000030517578,190.9499969482422,182.23147583007812,2219800,LLY
2021-04-22,190.0,191.27000427246094,186.75,187.0500030517578,178.5095672607422,2982600,LLY
2021-04-23,187.02999877929688,189.1300048828125,187.02999877929688,188.72000122070312,180.10330200195312,2482800,LLY
2021-04-26,188.57000732421875,188.64999389648438,186.05999755859375,187.22000122070312,178.6718292236328,2797500,LLY
2021-04-27,184.0,185.8699951171875,180.7899932861328,182.2100067138672,173.89053344726562,6838700,LLY
2021-04-28,181.4499969482422,182.0,178.5800018310547,180.5500030517578,172.30633544921875,4682800,LLY
2021-04-29,181.05999755859375,182.6300048828125,180.0,182.1999969482422,173.88101196289062,2432500,LLY
2021-04-30,181.83999633789062,183.9499969482422,181.19000244140625,182.77000427246094,174.42495727539062,3103900,LLY
2021-05-03,182.99000549316406,186.35000610351562,182.9199981689453,185.9199981689453,177.43112182617188,3197000,LLY
2021-05-04,187.52999877929688,190.0800018310547,186.77999877929688,188.1999969482422,179.60699462890625,3703500,LLY
2021-05-05,188.64999389648438,193.57000732421875,188.1699981689453,192.80999755859375,184.00656127929688,4274400,LLY
2021-05-06,191.5500030517578,194.10000610351562,189.32000732421875,193.88999938964844,185.03726196289062,3101600,LLY
2021-05-07,194.82000732421875,196.27000427246094,193.89999389648438,195.4199981689453,186.4973907470703,2526700,LLY
2021-05-10,196.1699981689453,196.61000061035156,193.5,194.75999450683594,185.8675079345703,2242000,LLY
2021-05-11,193.38999938964844,195.75,193.00999450683594,194.75,185.8579559326172,1850200,LLY
2021-05-12,194.75,195.64999389648438,192.72999572753906,193.1999969482422,184.37872314453125,2397400,LLY
2021-05-13,192.25,196.11000061035156,191.75,194.94000244140625,186.86143493652344,2174300,LLY
2021-05-14,195.7100067138672,197.27000427246094,194.9199981689453,196.2100067138672,188.07879638671875,1823700,LLY
2021-05-17,196.47999572753906,199.61000061035156,195.08999633789062,195.52999877929688,187.42694091796875,2466000,LLY
2021-05-18,195.0,196.35000610351562,193.5800018310547,194.6300048828125,186.56430053710938,2369400,LLY
2021-05-19,193.61000061035156,197.38999938964844,193.11000061035156,196.50999450683594,188.36636352539062,3070500,LLY
2021-05-20,197.16000366210938,201.0800018310547,196.1699981689453,199.52999877929688,191.26119995117188,3494400,LLY
2021-05-21,200.0,201.9199981689453,199.47000122070312,199.8800048828125,191.5967254638672,2579000,LLY
2021-05-24,201.0,203.6199951171875,200.0399932861328,201.02000427246094,192.68948364257812,2074900,LLY
2021-05-25,201.42999267578125,201.85000610351562,199.13999938964844,199.22000122070312,190.96405029296875,2919100,LLY
2021-05-26,199.22999572753906,202.44000244140625,198.25,200.99000549316406,192.66070556640625,2891300,LLY
2021-05-27,200.64999389648438,201.3800048828125,195.5,199.1999969482422,190.9448699951172,9340300,LLY
2021-05-28,199.1199951171875,202.27999877929688,198.52999877929688,199.74000549316406,191.46250915527344,2386000,LLY
2021-06-01,200.32000732421875,200.88999938964844,196.67999267578125,198.4199981689453,190.1972198486328,3070200,LLY
2021-06-02,199.00999450683594,200.9199981689453,198.25,199.1300048828125,190.87779235839844,2030300,LLY
2021-06-03,198.99000549316406,203.63999938964844,198.61000061035156,202.6999969482422,194.29981994628906,3066600,LLY
2021-06-04,202.7899932861328,204.4499969482422,201.2899932861328,202.02000427246094,193.6480255126953,2817700,LLY
2021-06-07,201.99000549316406,233.3300018310547,201.8300018310547,222.52000427246094,213.2984619140625,17231400,LLY
2021-06-08,221.7100067138672,222.27000427246094,217.3699951171875,220.6999969482422,211.55386352539062,4618500,LLY
2021-06-09,221.35000610351562,226.72999572753906,220.25999450683594,226.0,216.63427734375,4934900,LLY
2021-06-10,226.97000122070312,235.85000610351562,226.25,233.5399932861328,223.86178588867188,5598200,LLY
2021-06-11,227.02999877929688,229.58999633789062,221.55999755859375,224.08999633789062,214.80337524414062,5636000,LLY
2021-06-14,224.22999572753906,226.66000366210938,223.02000427246094,226.10000610351562,216.73008728027344,2720700,LLY
2021-06-15,226.10000610351562,226.66000366210938,222.8699951171875,223.52000427246094,214.25704956054688,2188900,LLY
2021-06-16,223.52999877929688,224.36000061035156,220.1999969482422,220.75999450683594,211.6114044189453,2548800,LLY
2021-06-17,220.27000427246094,223.10000610351562,220.27000427246094,222.2100067138672,213.0013427734375,1890700,LLY
2021-06-18,220.42999267578125,221.0500030517578,218.32000732421875,218.5500030517578,209.4929656982422,4016600,LLY
2021-06-21,219.10000610351562,223.77000427246094,218.0800018310547,222.6699981689453,213.4422149658203,3671300,LLY
2021-06-22,222.6300048828125,223.61000061035156,220.50999450683594,221.44000244140625,212.26327514648438,1658800,LLY
2021-06-23,222.19000244140625,222.24000549316406,217.0,217.10000610351562,208.1031036376953,2419600,LLY
2021-06-24,234.9199981689453,239.3699951171875,230.4199981689453,232.97000122070312,223.31539916992188,12290500,LLY
2021-06-25,233.1199951171875,233.49000549316406,229.38999938964844,230.22000122070312,220.6793670654297,6992200,LLY
2021-06-28,229.0,229.8800048828125,226.8800048828125,228.22000122070312,218.76223754882812,2507500,LLY
2021-06-29,228.25,231.39999389648438,227.85000610351562,229.3699951171875,219.86460876464844,1621200,LLY
2021-06-30,230.08999633789062,230.85000610351562,229.05999755859375,229.52000427246094,220.0083770751953,1786700,LLY
2021-07-01,229.50999450683594,231.5,228.66000366210938,231.1300048828125,221.55165100097656,1977300,LLY
2021-07-02,231.97000122070312,234.2100067138672,231.3300018310547,233.9600067138672,224.26437377929688,1994000,LLY
2021-07-06,233.6300048828125,235.5800018310547,233.22999572753906,235.4199981689453,225.6638641357422,3125400,LLY
2021-07-07,234.67999267578125,236.58999633789062,233.4600067138672,235.82000732421875,226.0472869873047,3141500,LLY
2021-07-08,233.8300018310547,237.27000427246094,232.10000610351562,237.1199951171875,227.29345703125,2431500,LLY
2021-07-09,237.1699981689453,238.47000122070312,232.75,234.99000549316406,225.25169372558594,4030100,LLY
2021-07-12,235.1699981689453,238.0,235.14999389648438,236.00999450683594,226.22946166992188,2928600,LLY
2021-07-13,235.97999572753906,236.64999389648438,234.02999877929688,235.3000030517578,225.54885864257812,1974000,LLY
2021-07-14,235.7899932861328,237.22999572753906,234.72999572753906,236.35000610351562,226.5553436279297,2103400,LLY
2021-07-15,235.00999450683594,235.99000549316406,230.69000244140625,231.47000122070312,221.87759399414062,3611200,LLY
2021-07-16,232.5,233.0399932861328,231.2100067138672,232.4600067138672,222.82656860351562,2229100,LLY
2021-07-19,231.8800048828125,234.3000030517578,230.57000732421875,234.13999938964844,224.43690490722656,2305600,LLY
2021-07-20,235.0,237.75,233.94000244140625,235.02000427246094,225.2804412841797,2297800,LLY
2021-07-21,236.3800048828125,237.3699951171875,233.58999633789062,237.2899932861328,227.45639038085938,1651500,LLY
2021-07-22,237.27999877929688,239.6999969482422,236.3699951171875,238.49000549316406,228.60667419433594,1703500,LLY
2021-07-23,239.27999877929688,244.5500030517578,238.55999755859375,244.14999389648438,234.0321044921875,2448100,LLY
2021-07-26,242.57000732421875,245.27999877929688,242.57000732421875,243.2100067138672,233.1310577392578,2678800,LLY
2021-07-27,243.7100067138672,244.05999755859375,242.66000366210938,243.5800018310547,233.48568725585938,2116500,LLY
2021-07-28,243.3699951171875,248.39999389648438,242.63999938964844,246.50999450683594,236.29428100585938,1688000,LLY
2021-07-29,247.5,248.24000549316406,242.24000549316406,245.3300018310547,235.16319274902344,1924100,LLY
2021-07-30,244.89999389648438,245.9499969482422,242.6300048828125,243.5,233.4090118408203,1905100,LLY
2021-08-02,245.72999572753906,247.88999938964844,244.25,246.60000610351562,236.3805389404297,1958900,LLY
2021-08-03,244.75,259.3699951171875,243.5,255.99000549316406,245.38145446777344,5406200,LLY
2021-08-04,256.0,270.6499938964844,255.4199981689453,262.4700012207031,251.59291076660156,3892400,LLY
2021-08-05,263.2799987792969,265.510009765625,261.3299865722656,264.19000244140625,253.24159240722656,2262400,LLY
2021-08-06,263.510009765625,264.2699890136719,260.739990234375,263.44000244140625,252.52272033691406,2155200,LLY
2021-08-09,264.5799865722656,273.0400085449219,264.5,267.1600036621094,256.08856201171875,3238500,LLY
2021-08-10,266.75,271.0799865722656,266.17999267578125,269.45001220703125,258.2835998535156,2060200,LLY
2021-08-11,269.5899963378906,270.94000244140625,262.6600036621094,264.1000061035156,253.15533447265625,2813300,LLY
2021-08-12,263.20001220703125,264.5400085449219,261.489990234375,263.4700012207031,253.36688232421875,2100900,LLY
2021-08-13,263.1499938964844,265.69000244140625,263.0199890136719,264.2099914550781,254.0785369873047,1482300,LLY
2021-08-16,264.8800048828125,270.260009765625,264.2699890136719,269.94000244140625,259.5888366699219,2623200,LLY
2021-08-17,271.1600036621094,275.8699951171875,267.17999267578125,272.7099914550781,262.25262451171875,2096100,LLY
2021-08-18,272.010009765625,274.760009765625,268.0299987792969,268.5199890136719,258.2232971191406,2527400,LLY
2021-08-19,266.1499938964844,271.8500061035156,265.42999267578125,270.3999938964844,260.03106689453125,1901000,LLY
2021-08-20,269.3800048828125,272.8699951171875,269.05999755859375,270.9100036621094,260.5216369628906,1536800,LLY
2021-08-23,272.29998779296875,272.9100036621094,267.70001220703125,267.82000732421875,257.5500793457031,2438800,LLY
2021-08-24,266.20001220703125,267.44000244140625,261.7799987792969,262.7699890136719,252.69374084472656,3736000,LLY
2021-08-25,262.7799987792969,264.5199890136719,261.2900085449219,263.8699951171875,253.75157165527344,2388500,LLY
2021-08-26,264.0,265.5899963378906,260.5799865722656,261.32000732421875,251.29933166503906,1732900,LLY
2021-08-27,262.5199890136719,263.1300048828125,258.5799865722656,259.75,249.78955078125,1839700,LLY
2021-08-30,261.0299987792969,264.07000732421875,259.6099853515625,262.30999755859375,252.2512969970703,1300700,LLY
2021-08-31,262.8399963378906,263.6400146484375,257.8599853515625,258.2900085449219,248.3855743408203,2733400,LLY
2021-09-01,258.5400085449219,258.7699890136719,254.49000549316406,257.3999938964844,247.5296630859375,2956800,LLY
2021-09-02,257.4100036621094,259.7300109863281,256.4700012207031,259.57000732421875,249.61643981933594,1469700,LLY
2021-09-03,260.8299865722656,260.989990234375,256.7799987792969,259.5299987792969,249.57797241210938,1124500,LLY
2021-09-07,259.0,260.82000732421875,254.41000366210938,254.8000030517578,245.02935791015625,2403700,LLY
2021-09-08,254.60000610351562,255.7100067138672,253.67999267578125,254.83999633789062,245.06785583496094,1542400,LLY
2021-09-09,253.2899932861328,254.02000427246094,239.6699981689453,240.0,230.79689025878906,4976600,LLY
2021-09-10,242.1999969482422,243.88999938964844,238.57000732421875,239.5,230.3160858154297,4633500,LLY
2021-09-13,240.0399932861328,241.14999389648438,235.14999389648438,237.9600067138672,228.83509826660156,2832800,LLY
2021-09-14,238.72000122070312,239.7899932861328,231.97999572753906,233.08999633789062,224.15184020996094,3826000,LLY
2021-09-15,233.5800018310547,239.3800048828125,233.05999755859375,233.72999572753906,224.76731872558594,2802500,LLY
2021-09-16,234.0800018310547,234.69000244140625,229.72999572753906,231.0399932861328,222.1804656982422,2958700,LLY
2021-09-17,229.7100067138672,230.8300018310547,228.22999572753906,230.10000610351562,221.27651977539062,4480000,LLY
2021-09-20,228.08999633789062,232.72999572753906,227.2899932861328,231.63999938964844,222.7574462890625,2803400,LLY
2021-09-21,232.05999755859375,233.72000122070312,229.74000549316406,230.1699981689453,221.34381103515625,2172800,LLY
2021-09-22,230.0,231.02999877929688,227.5800018310547,228.3000030517578,219.54554748535156,2529600,LLY
2021-09-23,229.3000030517578,234.1999969482422,229.00999450683594,232.17999267578125,223.27676391601562,1912300,LLY
2021-09-24,232.77000427246094,235.38999938964844,231.33999633789062,231.67999267578125,222.79592895507812,1642500,LLY
2021-09-27,229.97000122070312,231.05999755859375,225.61000061035156,226.39999389648438,217.71835327148438,2785900,LLY
2021-09-28,226.38999938964844,226.39999389648438,220.1999969482422,221.60000610351562,213.10247802734375,3583300,LLY
2021-09-29,225.41000366210938,231.44000244140625,224.55999755859375,230.36000061035156,221.52655029296875,3971000,LLY
2021-09-30,232.77999877929688,237.16000366210938,230.8000030517578,231.0500030517578,222.1901092529297,3786100,LLY
2021-10-01,231.0,231.67999267578125,225.4499969482422,229.58999633789062,220.7860565185547,2215700,LLY
2021-10-04,227.8000030517578,230.19000244140625,224.22000122070312,224.85000610351562,216.22787475585938,4784700,LLY
2021-10-05,226.44000244140625,232.55999755859375,226.1699981689453,230.92999267578125,222.07467651367188,2802000,LLY
2021-10-06,230.55999755859375,230.85000610351562,226.0500030517578,227.85000610351562,219.11282348632812,2462700,LLY
2021-10-07,229.1199951171875,234.11000061035156,229.0,233.17999267578125,224.23843383789062,2001800,LLY
2021-10-08,233.4199981689453,235.80999755859375,231.5500030517578,233.94000244140625,224.96923828125,2563000,LLY
2021-10-11,236.6999969482422,237.99000549316406,233.60000610351562,233.6699981689453,224.70962524414062,1892300,LLY
2021-10-12,234.6999969482422,235.07000732421875,231.97999572753906,232.77999877929688,223.85374450683594,1719200,LLY
2021-10-13,234.07000732421875,237.9199981689453,232.8000030517578,236.44000244140625,227.37338256835938,2105700,LLY
2021-10-14,237.00999450683594,238.44000244140625,234.11000061035156,236.69000244140625,227.6138153076172,1824700,LLY
2021-10-15,237.4199981689453,239.3000030517578,235.82000732421875,237.8800048828125,228.75820922851562,2598300,LLY
2021-10-18,237.9499969482422,242.66000366210938,236.6999969482422,238.97999572753906,229.8159942626953,2546000,LLY
2021-10-19,239.05999755859375,242.5500030517578,239.05999755859375,242.30999755859375,233.01828002929688,1573200,LLY
2021-10-20,243.72999572753906,245.89999389648438,243.0399932861328,243.72000122070312,234.3741912841797,1537500,LLY
2021-10-21,244.9499969482422,244.9499969482422,239.8300018310547,241.1699981689453,231.9219970703125,1717700,LLY
2021-10-22,240.9600067138672,244.0399932861328,239.55999755859375,243.75,234.403076171875,1960700,LLY
2021-10-25,244.66000366210938,246.27000427246094,240.52000427246094,245.0500030517578,235.65325927734375,2763100,LLY
2021-10-26,244.5,248.9199981689453,237.08999633789062,248.44000244140625,238.91323852539062,4533000,LLY
2021-10-27,248.61000061035156,254.4600067138672,248.32000732421875,250.1699981689453,240.57688903808594,3181300,LLY
2021-10-28,250.16000366210938,256.75,250.0800018310547,253.35000610351562,243.6349639892578,3386500,LLY
2021-10-29,253.77999877929688,256.4700012207031,251.77000427246094,254.75999450683594,244.99087524414062,3152000,LLY
2021-11-01,255.11000061035156,256.4800109863281,248.0500030517578,249.30999755859375,239.7498779296875,2735800,LLY
2021-11-02,251.25,259.29998779296875,249.39999389648438,256.8500061035156,247.00074768066406,3987800,LLY
2021-11-03,257.7699890136719,266.7900085449219,257.760009765625,266.260009765625,256.0498962402344,4382900,LLY
2021-11-04,265.4800109863281,271.1099853515625,265.2699890136719,271.0,260.608154296875,4133400,LLY
2021-11-05,268.989990234375,269.489990234375,258.55999755859375,265.0,254.83824157714844,3745700,LLY
2021-11-08,263.989990234375,266.9100036621094,259.1499938964844,260.5299987792969,250.53964233398438,2386100,LLY
2021-11-09,260.5299987792969,262.1600036621094,258.3900146484375,262.0199890136719,251.97250366210938,1963800,LLY
2021-11-10,262.0,266.0,261.6000061035156,264.6499938964844,254.50161743164062,2215100,LLY
2021-11-11,262.32000732421875,264.32000732421875,261.95001220703125,262.6300048828125,252.55908203125,1739400,LLY
2021-11-12,261.7799987792969,262.5199890136719,258.92999267578125,259.6499938964844,250.50418090820312,1964000,LLY
2021-11-15,259.3900146484375,259.6099853515625,257.1600036621094,258.42999267578125,249.32708740234375,1903200,LLY
2021-11-16,256.9599914550781,260.3500061035156,255.99000549316406,257.7200012207031,248.6421356201172,2565700,LLY
2021-11-17,256.80999755859375,264.54998779296875,256.07000732421875,261.17999267578125,251.98025512695312,2873600,LLY
2021-11-18,262.0,263.79998779296875,259.82000732421875,261.3299865722656,252.1249542236328,1689200,LLY
2021-11-19,266.42999267578125,270.79998779296875,260.29998779296875,260.70001220703125,251.5172119140625,2786800,LLY
2021-11-22,262.2200012207031,263.989990234375,259.1300048828125,260.44000244140625,251.2663116455078,1995400,LLY
2021-11-23,259.4700012207031,262.760009765625,259.25,261.9599914550781,252.73272705078125,1986200,LLY
2021-11-24,262.7699890136719,264.94000244140625,260.04998779296875,262.0,252.77134704589844,2518500,LLY
2021-11-26,261.79998779296875,265.8800048828125,259.0299987792969,260.3699951171875,251.1987762451172,1495500,LLY
2021-11-29,260.0199890136719,262.32000732421875,254.5,254.8300018310547,245.8538818359375,4041700,LLY
2021-11-30,253.27000427246094,254.0,246.47999572753906,248.0399932861328,239.30307006835938,8265900,LLY
2021-12-01,249.44000244140625,255.3000030517578,247.88999938964844,249.1300048828125,240.35467529296875,3241400,LLY
2021-12-02,246.52000427246094,249.97999572753906,245.1199951171875,247.8800048828125,239.1487274169922,3817700,LLY
2021-12-03,252.1300048828125,253.47999572753906,243.0800018310547,245.5800018310547,236.92974853515625,4169700,LLY
2021-12-06,245.9199981689453,246.94000244140625,241.52999877929688,246.3300018310547,237.65330505371094,3491200,LLY
2021-12-07,244.24000549316406,245.44000244140625,241.4499969482422,245.11000061035156,236.47630310058594,4035800,LLY
2021-12-08,246.61000061035156,248.17999267578125,239.47000122070312,244.32000732421875,235.714111328125,3636200,LLY
2021-12-09,244.49000549316406,245.91000366210938,242.75,242.89999389648438,234.3441162109375,2291100,LLY
2021-12-10,241.1999969482422,244.58999633789062,241.1999969482422,244.13999938964844,235.54043579101562,2380800,LLY
2021-12-13,245.50999450683594,250.6999969482422,245.4600067138672,248.52999877929688,239.77581787109375,3016700,LLY
2021-12-14,247.74000549316406,250.00999450683594,246.38999938964844,249.3800048828125,240.5958709716797,3424000,LLY
2021-12-15,262.07000732421875,275.5400085449219,257.2099914550781,275.2799987792969,265.5835266113281,10016700,LLY
2021-12-16,275.6700134277344,283.8999938964844,272.04998779296875,279.0400085449219,269.2111511230469,5546400,LLY
2021-12-17,276.6700134277344,276.6700134277344,265.3299865722656,267.4200134277344,258.0004577636719,7582900,LLY
2021-12-20,269.2300109863281,270.010009765625,260.3500061035156,263.4800109863281,254.19924926757812,3479400,LLY
2021-12-21,264.0,265.95001220703125,260.57000732421875,264.8800048828125,255.5498809814453,2702500,LLY
2021-12-22,264.739990234375,266.55999755859375,262.8500061035156,266.5,257.1128234863281,2721000,LLY
2021-12-23,269.04998779296875,275.2699890136719,266.67999267578125,273.1000061035156,263.48040771484375,2632200,LLY
2021-12-27,275.0400085449219,280.29998779296875,274.7200012207031,278.4100036621094,268.60333251953125,1677100,LLY
2021-12-28,279.3399963378906,279.3999938964844,275.8900146484375,276.42999267578125,266.69305419921875,1033900,LLY
2021-12-29,275.82000732421875,279.3599853515625,275.739990234375,278.4200134277344,268.613037109375,1112300,LLY
2021-12-30,279.19000244140625,280.6499938964844,276.3699951171875,277.25,267.48419189453125,1181500,LLY
2021-12-31,277.4700012207031,278.7300109863281,276.010009765625,276.2200012207031,266.49053955078125,1315700,LLY
2022-01-03,274.4100036621094,274.4100036621094,267.05999755859375,271.7300109863281,262.1586608886719,2621300,LLY
2022-01-04,269.0,269.8800048828125,263.5799865722656,266.80999755859375,257.411865234375,2340500,LLY
2022-01-05,268.1600036621094,268.7699890136719,260.4200134277344,260.6499938964844,251.4689178466797,3004200,LLY
2022-01-06,260.1000061035156,261.29998779296875,255.4600067138672,259.3299865722656,250.19537353515625,2863200,LLY
2022-01-07,259.739990234375,261.25,256.7099914550781,259.5,250.35939025878906,2245100,LLY
2022-01-10,258.19000244140625,260.1600036621094,255.88999938964844,260.1099853515625,250.9478759765625,2576700,LLY
2022-01-11,261.5899963378906,262.4100036621094,257.05999755859375,262.32000732421875,253.08013916015625,2294000,LLY
2022-01-12,252.89999389648438,257.44000244140625,250.97000122070312,255.9199981689453,246.90548706054688,6562800,LLY
2022-01-13,254.07000732421875,255.5,248.5500030517578,249.6699981689453,240.8756866455078,3726500,LLY
2022-01-14,250.14999389648438,250.5399932861328,242.89999389648438,244.1199951171875,235.5211639404297,2894300,LLY
2022-01-18,242.75,248.52000427246094,242.08999633789062,247.07000732421875,238.36724853515625,3241200,LLY
2022-01-19,246.3300018310547,250.41000366210938,244.72999572753906,245.0500030517578,236.4183807373047,2487600,LLY
2022-01-20,245.5800018310547,247.9499969482422,242.5,243.1300048828125,234.56602478027344,2655400,LLY
2022-01-21,246.8800048828125,247.8800048828125,242.1199951171875,243.05999755859375,234.4984893798828,2788600,LLY
2022-01-24,242.5500030517578,243.75999450683594,232.67999267578125,240.4199981689453,231.9514923095703,3712800,LLY
2022-01-25,236.80999755859375,241.52999877929688,235.1199951171875,239.4600067138672,231.0253143310547,2525100,LLY
2022-01-26,239.6300048828125,242.42999267578125,235.91000366210938,237.86000061035156,229.48165893554688,2913200,LLY
2022-01-27,239.97999572753906,243.27000427246094,235.75999450683594,236.72000122070312,228.38180541992188,2178500,LLY
2022-01-28,237.49000549316406,245.22000122070312,235.0500030517578,245.10000610351562,236.46664428710938,3081100,LLY
2022-01-31,243.27000427246094,245.49000549316406,241.9199981689453,245.38999938964844,236.7464141845703,3237100,LLY
2022-02-01,247.0500030517578,248.83999633789062,243.25999450683594,248.27999877929688,239.53460693359375,2449400,LLY
2022-02-02,245.35000610351562,251.8800048828125,244.02999877929688,250.8300018310547,241.99481201171875,2586700,LLY
2022-02-03,247.5,248.1199951171875,241.10000610351562,244.80999755859375,236.18687438964844,3473600,LLY
2022-02-04,242.72000122070312,244.10000610351562,241.22000122070312,242.27000427246094,233.73634338378906,3569300,LLY
2022-02-07,242.41000366210938,244.02999877929688,240.3000030517578,243.5500030517578,234.97125244140625,3948300,LLY
2022-02-08,241.89999389648438,242.88999938964844,237.47000122070312,239.91000366210938,231.4594268798828,2615000,LLY
2022-02-09,241.25999450683594,244.4600067138672,241.05999755859375,243.27000427246094,234.7011260986328,1759900,LLY
2022-02-10,239.89999389648438,244.08999633789062,238.11000061035156,239.63999938964844,231.19895935058594,2283100,LLY
2022-02-11,239.22999572753906,240.6300048828125,234.85000610351562,235.74000549316406,227.43634033203125,2054300,LLY
2022-02-14,234.0,236.8800048828125,231.8699951171875,234.69000244140625,227.36851501464844,2572000,LLY
2022-02-15,236.64999389648438,244.7899932861328,236.64999389648438,243.83999633789062,236.2330780029297,3409600,LLY
2022-02-16,242.5800018310547,247.02000427246094,242.5800018310547,245.5800018310547,237.91880798339844,2459000,LLY
2022-02-17,245.5800018310547,245.58999633789062,240.41000366210938,240.97000122070312,233.45263671875,2059100,LLY
2022-02-18,238.02000427246094,242.42999267578125,238.02000427246094,240.30999755859375,232.81320190429688,2517900,LLY
2022-02-22,239.2100067138672,240.86000061035156,237.52000427246094,239.1300048828125,231.6699981689453,2936700,LLY
2022-02-23,240.5500030517578,242.67999267578125,238.02000427246094,238.30999755859375,230.87559509277344,2296300,LLY
2022-02-24,235.17999267578125,243.92999267578125,234.0,243.0800018310547,235.4967803955078,3272300,LLY
2022-02-25,243.83999633789062,252.89999389648438,243.72999572753906,250.85000610351562,243.02438354492188,2442200,LLY
2022-02-28,246.13999938964844,250.05999755859375,244.58999633789062,249.9499969482422,242.15245056152344,3188800,LLY
2022-03-01,247.55999755859375,250.33999633789062,245.44000244140625,249.5,241.7164764404297,2873200,LLY
2022-03-02,249.8800048828125,256.4800109863281,249.05999755859375,254.1699981689453,246.2407989501953,2452000,LLY
2022-03-03,254.8300018310547,259.5799865722656,254.38999938964844,258.6400146484375,250.5713348388672,3153700,LLY
2022-03-04,256.2099914550781,263.4599914550781,255.52000427246094,262.8699951171875,254.66940307617188,3497100,LLY
2022-03-07,259.8599853515625,263.6300048828125,257.8599853515625,261.6400146484375,253.47781372070312,3074800,LLY
2022-03-08,259.92999267578125,265.29998779296875,258.9100036621094,259.92999267578125,251.82113647460938,3482600,LLY
2022-03-09,263.29998779296875,267.7900085449219,262.07000732421875,262.7900085449219,254.59190368652344,2965900,LLY
2022-03-10,262.8399963378906,267.7300109863281,262.8399963378906,266.0199890136719,257.7210998535156,2797200,LLY
2022-03-11,265.07000732421875,271.7200012207031,265.07000732421875,266.29998779296875,257.992431640625,2469600,LLY
2022-03-14,268.989990234375,270.8999938964844,267.32000732421875,269.0,260.608154296875,2713800,LLY
2022-03-15,269.8699951171875,276.4800109863281,269.8699951171875,275.4599914550781,266.8666076660156,4396900,LLY
2022-03-16,277.8500061035156,278.6099853515625,273.010009765625,276.44000244140625,267.8160705566406,3148600,LLY
2022-03-17,277.010009765625,285.8900146484375,276.45001220703125,285.510009765625,276.6031188964844,3270100,LLY
2022-03-18,285.8399963378906,291.3500061035156,284.8599853515625,287.6400146484375,278.66668701171875,4557900,LLY
2022-03-21,287.760009765625,295.3299865722656,287.760009765625,289.6400146484375,280.6043395996094,3495700,LLY
2022-03-22,289.6700134277344,290.55999755859375,283.3900146484375,285.0199890136719,276.1284484863281,3791600,LLY
2022-03-23,284.4200134277344,288.17999267578125,283.3500061035156,284.19000244140625,275.32427978515625,3149200,LLY
2022-03-24,286.2900085449219,288.8500061035156,284.6600036621094,287.69000244140625,278.7151184082031,2412400,LLY
2022-03-25,288.5,291.6499938964844,286.5799865722656,289.0199890136719,280.003662109375,2399800,LLY
2022-03-28,291.3299865722656,292.45001220703125,288.30999755859375,291.6600036621094,282.5612487792969,2195000,LLY
2022-03-29,292.0299987792969,293.1400146484375,287.5799865722656,288.3900146484375,279.39324951171875,2798100,LLY
2022-03-30,290.5799865722656,292.2900085449219,287.989990234375,289.8900146484375,280.8464660644531,2220100,LLY
2022-03-31,289.3699951171875,291.79998779296875,285.9200134277344,286.3699951171875,277.4362487792969,3227600,LLY
2022-04-01,286.1499938964844,293.1400146484375,284.0,292.6700134277344,283.539794921875,3066200,LLY
2022-04-04,292.75,294.9800109863281,290.95001220703125,291.4200134277344,282.3287658691406,3014100,LLY
2022-04-05,291.7200012207031,295.8299865722656,289.1000061035156,292.489990234375,283.3653259277344,2324200,LLY
2022-04-06,296.0899963378906,306.55999755859375,294.7699890136719,305.8399963378906,296.2989196777344,4672900,LLY
2022-04-07,305.0,314.0,305.0,308.42999267578125,298.80810546875,4270800,LLY
2022-04-08,308.0,312.3800048828125,307.95001220703125,311.69000244140625,301.96636962890625,3024700,LLY
2022-04-11,313.0899963378906,313.760009765625,308.04998779296875,308.9599914550781,299.321533203125,2178100,LLY
2022-04-12,306.5799865722656,309.6099853515625,304.17999267578125,308.0799865722656,298.468994140625,2688100,LLY
2022-04-13,307.2799987792969,308.29998779296875,300.4100036621094,302.6700134277344,293.22784423828125,2528700,LLY
2022-04-14,303.75,304.4700012207031,300.19000244140625,301.8599853515625,292.44305419921875,1898100,LLY
2022-04-18,301.07000732421875,302.05999755859375,296.79998779296875,298.82000732421875,289.49786376953125,1581400,LLY
2022-04-19,298.4100036621094,299.69000244140625,293.79998779296875,297.010009765625,287.744384765625,2021700,LLY
2022-04-20,297.0199890136719,299.0,292.29998779296875,292.9200134277344,283.781982421875,2608600,LLY
2022-04-21,292.9200134277344,293.45001220703125,286.6600036621094,289.6099853515625,280.5751953125,2716800,LLY
2022-04-22,289.29998779296875,289.6199951171875,278.3999938964844,278.7300109863281,270.03460693359375,2772600,LLY
2022-04-25,278.75,285.95001220703125,276.8299865722656,285.20001220703125,276.3028564453125,2410200,LLY
2022-04-26,286.17999267578125,290.2099914550781,282.7900085449219,282.8299865722656,274.0066833496094,2166600,LLY
2022-04-27,283.1000061035156,288.1300048828125,280.5899963378906,285.0899963378906,276.1962585449219,2352100,LLY
2022-04-28,295.989990234375,300.510009765625,288.55999755859375,297.2699890136719,287.9962463378906,5886900,LLY
2022-04-29,295.7900085449219,297.30999755859375,289.1400146484375,292.1300048828125,283.01666259765625,3910900,LLY
2022-05-02,291.2300109863281,292.8399963378906,284.2799987792969,289.55999755859375,280.52679443359375,2789900,LLY
2022-05-03,288.6300048828125,289.80999755859375,284.1099853515625,288.07000732421875,279.0832214355469,2109500,LLY
2022-05-04,288.5,296.9800109863281,284.1199951171875,294.8999938964844,285.7001647949219,2743600,LLY
2022-05-05,293.4200134277344,294.989990234375,288.29998779296875,292.3699951171875,283.2491455078125,3120200,LLY
2022-05-06,290.1700134277344,298.25,288.5199890136719,296.8999938964844,287.6377868652344,2931200,LLY
2022-05-09,293.510009765625,294.92999267578125,286.6499938964844,289.2300109863281,280.20703125,3460500,LLY
2022-05-10,292.0,293.42999267578125,285.0,285.70001220703125,276.78717041015625,3140800,LLY
2022-05-11,283.6700134277344,294.5,283.0,286.69000244140625,277.746337890625,2625200,LLY
2022-05-12,283.3299865722656,291.989990234375,283.3299865722656,291.79998779296875,282.6969299316406,2370000,LLY
2022-05-13,292.6300048828125,292.79998779296875,286.510009765625,291.6300048828125,283.4842834472656,2337700,LLY
2022-05-16,292.1099853515625,309.44000244140625,291.6000061035156,299.3800048828125,291.017822265625,5118300,LLY
2022-05-17,300.0,303.3999938964844,293.3900146484375,301.3999938964844,292.9813537597656,2553000,LLY
2022-05-18,300.0,302.6000061035156,294.0299987792969,295.19000244140625,286.9448547363281,2161400,LLY
2022-05-19,293.5799865722656,293.5799865722656,284.3699951171875,286.2699890136719,278.2740173339844,3157400,LLY
2022-05-20,290.7300109863281,299.239990234375,288.9200134277344,298.8500061035156,290.5025939941406,3129100,LLY
2022-05-23,300.6000061035156,304.9200134277344,299.3500061035156,302.6000061035156,294.1479187011719,2873600,LLY
2022-05-24,303.7099914550781,307.6700134277344,299.79998779296875,305.9599914550781,297.41400146484375,2804900,LLY
2022-05-25,307.0,310.4200134277344,304.6400146484375,307.010009765625,298.4347229003906,3195700,LLY
2022-05-26,305.2300109863281,313.9100036621094,303.6099853515625,313.4599914550781,304.70452880859375,3284200,LLY
2022-05-27,312.6499938964844,324.0799865722656,311.260009765625,323.4800109863281,314.4446716308594,3694300,LLY
2022-05-31,316.6300048828125,318.4599914550781,309.0299987792969,313.44000244140625,304.6850891113281,6298900,LLY
2022-06-01,313.44000244140625,313.8999938964844,305.5899963378906,311.0799865722656,302.3909912109375,2731500,LLY
2022-06-02,310.57000732421875,310.6700134277344,298.1700134277344,302.42999267578125,293.98260498046875,3703300,LLY
2022-06-03,302.1600036621094,305.80999755859375,300.70001220703125,301.6499938964844,293.2244567871094,2490000,LLY
2022-06-06,315.1300048828125,315.1300048828125,303.0899963378906,303.3599853515625,294.8865966796875,3734400,LLY
2022-06-07,303.989990234375,312.1499938964844,303.0199890136719,312.1000061035156,303.3824768066406,3652800,LLY
2022-06-08,312.42999267578125,315.5,310.80999755859375,313.489990234375,304.73370361328125,2684500,LLY
2022-06-09,311.6000061035156,311.9200134277344,303.1099853515625,303.25,294.7796936035156,1963300,LLY
2022-06-10,299.2300109863281,301.6600036621094,296.8699951171875,297.010009765625,288.7140197753906,2469800,LLY
2022-06-13,290.42999267578125,293.1600036621094,288.510009765625,291.2799987792969,283.14404296875,2898800,LLY
2022-06-14,289.1700134277344,292.0,287.2900085449219,290.7900085449219,282.6676940917969,2422600,LLY
2022-06-15,291.6000061035156,296.3399963378906,288.5299987792969,292.989990234375,284.8062438964844,1970100,LLY
2022-06-16,290.20001220703125,290.20001220703125,283.1099853515625,288.07000732421875,280.023681640625,2628600,LLY
2022-06-17,290.010009765625,300.989990234375,289.67999267578125,290.8999938964844,282.7746276855469,6900000,LLY
2022-06-21,292.3800048828125,299.2799987792969,290.30999755859375,297.3399963378906,289.0347900390625,2821300,LLY
2022-06-22,296.9599914550781,309.6499938964844,296.42999267578125,306.69000244140625,298.1236267089844,4535700,LLY
2022-06-23,309.5,313.19000244140625,307.19000244140625,312.7200012207031,303.98516845703125,3729300,LLY
2022-06-24,319.54998779296875,325.82000732421875,319.010009765625,325.6199951171875,316.52490234375,5449900,LLY
2022-06-27,324.2300109863281,330.8500061035156,322.0,327.2699890136719,318.1287536621094,3218900,LLY
2022-06-28,326.5199890136719,329.07000732421875,316.760009765625,317.6199951171875,308.748291015625,2742900,LLY
2022-06-29,318.1600036621094,324.70001220703125,317.6499938964844,323.0,313.97802734375,2562500,LLY
2022-06-30,322.1300048828125,327.04998779296875,320.010009765625,324.2300109863281,315.1737365722656,2732900,LLY
2022-07-01,323.8800048828125,325.3999938964844,317.760009765625,324.7099914550781,315.6402587890625,1817800,LLY
2022-07-05,322.44000244140625,327.42999267578125,318.92999267578125,327.17999267578125,318.041259765625,2107700,LLY
2022-07-06,328.0,332.739990234375,326.75,330.1499938964844,320.92828369140625,2252500,LLY
2022-07-07,327.25,330.5,326.239990234375,327.95001220703125,318.7897644042969,2395000,LLY
2022-07-08,326.54998779296875,334.5199890136719,326.1600036621094,330.4700012207031,321.2394104003906,1898200,LLY
2022-07-11,330.6099853515625,332.67999267578125,329.42999267578125,331.07000732421875,321.8226623535156,1342600,LLY
2022-07-12,330.0,331.989990234375,323.3599853515625,323.5899963378906,314.5515441894531,2058200,LLY
2022-07-13,322.010009765625,324.67999267578125,320.8299865722656,322.4599914550781,313.4531555175781,2564200,LLY
2022-07-14,317.5400085449219,327.760009765625,315.510009765625,326.8900146484375,317.7593688964844,2615700,LLY
2022-07-15,331.9700012207031,335.3299865722656,328.1700134277344,331.6000061035156,322.3378601074219,3340300,LLY
2022-07-18,330.1199951171875,331.9700012207031,319.7099914550781,321.7699890136719,312.7824401855469,2116300,LLY
2022-07-19,324.0899963378906,327.3800048828125,321.8399963378906,326.20001220703125,317.08868408203125,1628100,LLY
2022-07-20,327.0899963378906,327.82000732421875,320.30999755859375,322.0299987792969,313.03509521484375,2051000,LLY
2022-07-21,321.45001220703125,328.04998779296875,319.7099914550781,326.9200134277344,317.78857421875,1692100,LLY
2022-07-22,326.95001220703125,329.2200012207031,325.8299865722656,328.75,319.5674133300781,1850800,LLY
2022-07-25,328.75,332.2699890136719,328.05999755859375,331.54998779296875,322.28924560546875,1741700,LLY
2022-07-26,330.989990234375,332.57000732421875,328.6099853515625,331.55999755859375,322.2989501953125,1812300,LLY
2022-07-27,328.9800109863281,330.8699951171875,325.19000244140625,328.94000244140625,319.75213623046875,1643000,LLY
2022-07-28,330.239990234375,333.5899963378906,321.739990234375,330.79998779296875,321.5601806640625,2350900,LLY
2022-07-29,331.05999755859375,331.05999755859375,326.82000732421875,329.69000244140625,320.48114013671875,3399900,LLY
2022-08-01,327.510009765625,330.42999267578125,323.4599914550781,324.1499938964844,315.09588623046875,2464300,LLY
2022-08-02,327.19000244140625,328.9800109863281,319.3599853515625,320.20001220703125,311.2562561035156,3405700,LLY
2022-08-03,320.6300048828125,320.9800109863281,310.2200012207031,313.8299865722656,305.064208984375,5152200,LLY
2022-08-04,310.20001220703125,310.25,302.239990234375,305.7900085449219,297.24871826171875,4696300,LLY
2022-08-05,302.4800109863281,305.32000732421875,300.30999755859375,301.32000732421875,292.90362548828125,2814300,LLY
2022-08-08,300.6499938964844,306.1199951171875,296.5299987792969,302.5,294.05059814453125,3218900,LLY
2022-08-09,305.0899963378906,306.70001220703125,301.29998779296875,303.0199890136719,294.55615234375,2122900,LLY
2022-08-10,304.5,307.1300048828125,302.5899963378906,304.6099853515625,296.1016540527344,2351000,LLY
2022-08-11,301.0299987792969,305.4200134277344,299.6300048828125,301.1700134277344,292.7578430175781,2198800,LLY
2022-08-12,302.9200134277344,308.489990234375,301.29998779296875,308.0799865722656,300.45245361328125,2305100,LLY
2022-08-15,309.2099914550781,314.6099853515625,307.30999755859375,313.94000244140625,306.16741943359375,2795800,LLY
2022-08-16,313.92999267578125,314.3699951171875,309.6300048828125,310.30999755859375,302.62725830078125,2248000,LLY
2022-08-17,310.010009765625,320.6000061035156,310.010009765625,316.82000732421875,308.9761047363281,2747200,LLY
2022-08-18,316.75,318.9599914550781,314.20001220703125,316.7200012207031,308.87860107421875,2261600,LLY
2022-08-19,317.510009765625,325.75,317.5,322.7699890136719,314.7787780761719,3393100,LLY
2022-08-22,322.2799987792969,325.7699890136719,320.3900146484375,323.1000061035156,315.1005859375,2488000,LLY
2022-08-23,321.239990234375,321.8399963378906,313.8699951171875,315.1000061035156,307.2986755371094,2962000,LLY
2022-08-24,316.4700012207031,320.8599853515625,315.2200012207031,318.8699951171875,310.9753112792969,1827000,LLY
2022-08-25,320.6000061035156,323.3699951171875,315.8299865722656,323.1400146484375,315.1396789550781,1977900,LLY
2022-08-26,323.5899963378906,324.5899963378906,315.2699890136719,315.55999755859375,307.747314453125,1858000,LLY
2022-08-29,313.3399963378906,314.8699951171875,309.67999267578125,310.1499938964844,302.4712219238281,1697000,LLY
2022-08-30,310.1400146484375,311.9700012207031,306.010009765625,307.0400085449219,299.43817138671875,1980300,LLY
2022-08-31,307.1400146484375,308.82000732421875,301.1099853515625,301.2300109863281,293.77203369140625,3183500,LLY
2022-09-01,301.0,309.4100036621094,300.5,309.1300048828125,301.47650146484375,2939200,LLY
2022-09-02,310.1099853515625,310.2200012207031,299.760009765625,301.3299865722656,293.8695983886719,2525400,LLY
2022-09-06,302.95001220703125,312.8299865722656,302.2300109863281,306.82000732421875,299.2236022949219,2322200,LLY
2022-09-07,308.7699890136719,312.3999938964844,304.8800048828125,311.6000061035156,303.8852844238281,2228100,LLY
2022-09-08,311.95001220703125,315.7300109863281,307.5899963378906,315.5,307.688720703125,2212500,LLY
2022-09-09,316.45001220703125,320.1700134277344,315.2200012207031,317.70001220703125,309.8343200683594,2177000,LLY
2022-09-12,318.8900146484375,320.45001220703125,314.8800048828125,315.2200012207031,307.4156799316406,2077400,LLY
2022-09-13,310.010009765625,312.30999755859375,304.989990234375,306.4800109863281,298.8921203613281,2272400,LLY
2022-09-14,307.2099914550781,311.80999755859375,305.8999938964844,309.6099853515625,301.944580078125,2002900,LLY
2022-09-15,309.7099914550781,312.2799987792969,305.75,309.4700012207031,301.8080749511719,2348100,LLY
2022-09-16,307.9700012207031,311.9599914550781,306.739990234375,308.8900146484375,301.242431640625,4380200,LLY
2022-09-19,306.4800109863281,306.5199890136719,297.6499938964844,305.0899963378906,297.5364990234375,2515300,LLY
2022-09-20,303.82000732421875,303.82000732421875,298.94000244140625,301.7300109863281,294.25970458984375,1816800,LLY
2022-09-21,301.0,304.5299987792969,296.32000732421875,296.4800109863281,289.13970947265625,2241200,LLY
2022-09-22,300.79998779296875,312.6099853515625,299.9599914550781,310.8699951171875,303.17340087890625,5918300,LLY
2022-09-23,311.8699951171875,315.17999267578125,305.1199951171875,311.4599914550781,303.748779296875,4572600,LLY
2022-09-26,308.79998779296875,311.7300109863281,304.8800048828125,307.5,299.8868103027344,3760000,LLY
2022-09-27,309.1499938964844,313.95001220703125,308.32000732421875,311.1000061035156,303.3976745605469,3019600,LLY
2022-09-28,333.5299987792969,341.70001220703125,328.1000061035156,334.3800048828125,326.101318359375,9436300,LLY
2022-09-29,333.9700012207031,334.67999267578125,327.2699890136719,330.010009765625,321.8395080566406,3743100,LLY
2022-09-30,327.1499938964844,329.510009765625,322.4200134277344,323.3500061035156,315.3443908691406,4474100,LLY
2022-10-03,325.989990234375,329.3500061035156,317.04998779296875,321.54998779296875,313.5889587402344,3340500,LLY
2022-10-04,322.17999267578125,330.1000061035156,321.7799987792969,329.8900146484375,321.72247314453125,2622500,LLY
2022-10-05,328.29998779296875,333.8500061035156,327.5199890136719,331.7799987792969,323.5657043457031,2186100,LLY
2022-10-06,327.94000244140625,339.260009765625,326.8699951171875,332.95001220703125,324.70672607421875,4299200,LLY
2022-10-07,332.9700012207031,333.07000732421875,324.8999938964844,326.6600036621094,318.5724792480469,2601600,LLY
2022-10-10,326.2300109863281,327.010009765625,320.239990234375,323.8900146484375,315.8710632324219,1956200,LLY
2022-10-11,320.0,329.0299987792969,319.42999267578125,327.6000061035156,319.4891357421875,2598900,LLY
2022-10-12,327.3800048828125,333.6499938964844,323.8800048828125,324.57000732421875,316.5341796875,1764700,LLY
2022-10-13,319.1199951171875,333.3699951171875,319.1000061035156,332.1000061035156,323.8778076171875,2657400,LLY
2022-10-14,331.55999755859375,335.2900085449219,328.2300109863281,331.3900146484375,323.1853332519531,2231400,LLY
2022-10-17,332.7900085449219,337.5799865722656,331.75,332.760009765625,324.52142333984375,2230000,LLY
2022-10-18,334.1400146484375,335.3299865722656,330.3699951171875,335.0299987792969,326.7351989746094,2087100,LLY
2022-10-19,335.25,335.6300048828125,325.9700012207031,329.2900085449219,321.1373291015625,2419000,LLY
2022-10-20,331.1499938964844,331.44000244140625,325.8999938964844,329.07000732421875,320.92279052734375,1761200,LLY
2022-10-21,329.07000732421875,342.42999267578125,326.7699890136719,340.7699890136719,332.3330993652344,3274700,LLY
2022-10-24,344.2200012207031,351.7699890136719,344.2200012207031,347.8999938964844,339.2865905761719,3375900,LLY
2022-10-25,346.5199890136719,352.3299865722656,343.04998779296875,351.30999755859375,342.6122131347656,2513100,LLY
2022-10-26,352.5,361.4800109863281,350.44000244140625,357.8599853515625,349.0000305175781,2373500,LLY
2022-10-27,358.989990234375,361.1199951171875,355.32000732421875,356.3299865722656,347.50787353515625,2347600,LLY
2022-10-28,360.32000732421875,362.0,357.0400085449219,359.8999938964844,350.989501953125,2942100,LLY
2022-10-31,358.6499938964844,363.9200134277344,350.4599914550781,362.0899963378906,353.1252746582031,4258200,LLY
2022-11-01,345.8299865722656,358.989990234375,340.75,352.5799865722656,343.8507080078125,7013000,LLY
2022-11-02,354.1600036621094,363.1499938964844,350.2099914550781,354.9599914550781,346.17181396484375,3774400,LLY
2022-11-03,354.05999755859375,362.8299865722656,351.510009765625,361.67999267578125,352.72540283203125,2602500,LLY
2022-11-04,365.20001220703125,365.8800048828125,353.3399963378906,357.4100036621094,348.5611267089844,3004600,LLY
2022-11-07,358.0,367.0,357.5,365.07000732421875,356.0314636230469,2560300,LLY
2022-11-08,365.1499938964844,368.75,361.92999267578125,366.6600036621094,357.58209228515625,3278600,LLY
2022-11-09,368.44000244140625,369.79998779296875,361.9100036621094,363.2699890136719,354.27606201171875,2323700,LLY
2022-11-10,367.239990234375,369.0,363.0,368.7200012207031,359.5911560058594,2994000,LLY
2022-11-11,366.1600036621094,367.8299865722656,344.5199890136719,352.29998779296875,343.57763671875,6646300,LLY
2022-11-14,359.07000732421875,360.79998779296875,340.1199951171875,356.05999755859375,348.2132263183594,4717400,LLY
2022-11-15,356.94000244140625,356.989990234375,346.3599853515625,349.95001220703125,342.23785400390625,4180700,LLY
2022-11-16,350.0,356.8800048828125,349.9599914550781,352.92999267578125,345.1521911621094,3563800,LLY
2022-11-17,352.9100036621094,362.29998779296875,352.7099914550781,360.7699890136719,352.8193664550781,2929700,LLY
2022-11-18,362.54998779296875,364.6700134277344,359.3500061035156,361.6700134277344,353.6995849609375,2420900,LLY
2022-11-21,360.3900146484375,363.760009765625,355.3699951171875,361.1700134277344,353.21063232421875,1999200,LLY
2022-11-22,362.0,362.79998779296875,357.29998779296875,360.8800048828125,352.927001953125,2460400,LLY
2022-11-23,361.3399963378906,362.4700012207031,358.6300048828125,361.7200012207031,353.7485046386719,1993000,LLY
2022-11-25,362.8999938964844,365.8299865722656,361.54998779296875,365.25,357.20068359375,1039100,LLY
2022-11-28,363.45001220703125,369.510009765625,361.0,365.7699890136719,357.70916748046875,2481300,LLY
2022-11-29,364.6199951171875,366.1099853515625,360.6400146484375,363.95001220703125,355.9292907714844,2207000,LLY
2022-11-30,365.07000732421875,372.3500061035156,361.79998779296875,371.0799865722656,362.9021911621094,5556400,LLY
2022-12-01,374.7900085449219,375.19000244140625,368.489990234375,370.3299865722656,362.1687316894531,2516100,LLY
2022-12-02,366.0799865722656,375.0400085449219,365.0,374.760009765625,366.50115966796875,1925600,LLY
2022-12-05,373.760009765625,375.25,368.2799987792969,369.2900085449219,361.1516418457031,2296500,LLY
2022-12-06,367.0,370.6400146484375,365.5199890136719,368.5400085449219,360.4181213378906,1971000,LLY
2022-12-07,369.32000732421875,375.239990234375,368.760009765625,371.9700012207031,363.7726135253906,1629100,LLY
2022-12-08,373.260009765625,373.260009765625,366.5,371.7900085449219,363.5965881347656,2090900,LLY
2022-12-09,373.0,374.0,360.80999755859375,360.989990234375,353.0345764160156,2787200,LLY
2022-12-12,362.92999267578125,367.8299865722656,362.5,367.25,359.1566162109375,2639200,LLY
2022-12-13,361.6300048828125,372.739990234375,358.32000732421875,358.6600036621094,350.75592041015625,5032600,LLY
2022-12-14,359.010009765625,369.42999267578125,357.05999755859375,363.5,355.4892272949219,5095500,LLY
2022-12-15,360.6600036621094,363.9700012207031,356.69000244140625,360.010009765625,352.07611083984375,3437100,LLY
2022-12-16,357.92999267578125,360.4800109863281,355.1700134277344,359.8699951171875,351.939208984375,6612200,LLY
2022-12-19,357.80999755859375,359.70001220703125,354.6099853515625,357.7799987792969,349.8952941894531,2658400,LLY
2022-12-20,358.5,361.45001220703125,356.3399963378906,359.6400146484375,351.71429443359375,2276000,LLY
2022-12-21,362.6300048828125,370.67999267578125,361.2099914550781,368.010009765625,359.8998718261719,2211200,LLY
2022-12-22,367.32000732421875,369.760009765625,362.2900085449219,365.30999755859375,357.2593688964844,1958100,LLY
2022-12-23,364.82000732421875,367.8999938964844,362.4700012207031,367.8999938964844,359.79229736328125,1030300,LLY
2022-12-27,369.5,369.7300109863281,364.3299865722656,364.8800048828125,356.8388366699219,1372100,LLY
2022-12-28,366.1700134277344,368.010009765625,363.94000244140625,365.2200012207031,357.1713562011719,996000,LLY
2022-12-29,368.1000061035156,370.95001220703125,366.4599914550781,367.0199890136719,358.9316711425781,1077900,LLY
2022-12-30,367.489990234375,367.95001220703125,362.1099853515625,365.8399963378906,357.7776794433594,1388000,LLY
2023-01-03,366.260009765625,369.0,361.4599914550781,364.989990234375,356.9464111328125,2006700,LLY
2023-01-04,364.6400146484375,367.1199951171875,360.3399963378906,363.1000061035156,355.0980529785156,1886200,LLY
2023-01-05,360.95001220703125,361.489990234375,352.9599914550781,358.9200134277344,351.0101623535156,2008500,LLY
2023-01-06,360.0,366.70001220703125,357.5799865722656,362.94000244140625,354.9416198730469,2131300,LLY
2023-01-09,364.0,364.9700012207031,348.7900085449219,349.8299865722656,342.1204528808594,2980600,LLY
2023-01-10,349.0,353.2099914550781,343.3399963378906,352.75,344.97613525390625,2465200,LLY
2023-01-11,354.3399963378906,361.760009765625,351.0,360.4100036621094,352.46734619140625,2602800,LLY
2023-01-12,359.25,360.5,353.0799865722656,359.1199951171875,351.2057800292969,2019700,LLY
2023-01-13,359.57000732421875,363.30999755859375,358.6400146484375,361.6199951171875,353.6506652832031,1690900,LLY
2023-01-17,361.6199951171875,362.0,356.54998779296875,357.739990234375,349.8561706542969,2435200,LLY
2023-01-18,356.32000732421875,359.0,351.5799865722656,352.010009765625,344.25244140625,2302300,LLY
2023-01-19,352.3699951171875,355.79998779296875,350.4200134277344,351.0799865722656,343.3429260253906,2658300,LLY
2023-01-20,347.0,349.07000732421875,341.5799865722656,346.07000732421875,338.44342041015625,5391900,LLY
2023-01-23,346.6099853515625,346.6099853515625,340.2200012207031,342.2099914550781,334.6684265136719,3403100,LLY
2023-01-24,346.0,346.6300048828125,341.3599853515625,346.3900146484375,338.75634765625,2242500,LLY
2023-01-25,345.54998779296875,349.7799987792969,345.1000061035156,349.7300109863281,342.02276611328125,2503300,LLY
2023-01-26,351.0,352.17999267578125,346.7300109863281,348.010009765625,340.3406066894531,2576200,LLY
2023-01-27,346.1099853515625,348.0899963378906,341.5299987792969,342.1000061035156,334.5609130859375,2363600,LLY
2023-01-30,344.3299865722656,347.79998779296875,339.4599914550781,340.5,332.9961242675781,2647700,LLY
2023-01-31,340.67999267578125,344.3999938964844,339.3800048828125,344.1499938964844,336.565673828125,2406700,LLY
2023-02-01,342.7900085449219,345.94000244140625,337.5199890136719,342.57000732421875,335.02056884765625,2990900,LLY
2023-02-02,334.0,335.29998779296875,317.0,330.70001220703125,323.4121398925781,13036600,LLY
2023-02-03,332.95001220703125,342.3299865722656,329.3699951171875,339.0799865722656,331.6073913574219,5670700,LLY
2023-02-06,341.9800109863281,343.4200134277344,334.6199951171875,337.6600036621094,330.21868896484375,3055700,LLY
2023-02-07,336.04998779296875,340.9599914550781,332.69000244140625,339.67999267578125,332.1941223144531,2464100,LLY
2023-02-08,338.55999755859375,342.8699951171875,337.82000732421875,340.7300109863281,333.2210693359375,2399400,LLY
2023-02-09,340.8900146484375,347.3500061035156,340.5,341.7900085449219,334.2576904296875,3072800,LLY
2023-02-10,343.2699890136719,348.42999267578125,342.7300109863281,345.1199951171875,337.5143127441406,1980000,LLY
2023-02-13,346.4700012207031,350.80999755859375,346.0,350.3999938964844,342.6778869628906,2291600,LLY
2023-02-14,350.5400085449219,353.82000732421875,347.2799987792969,347.55999755859375,341.0002746582031,2028900,LLY
2023-02-15,345.8500061035156,346.8699951171875,334.3500061035156,335.010009765625,328.6871337890625,3600700,LLY
2023-02-16,331.0,332.94000244140625,325.7200012207031,326.07000732421875,319.91583251953125,3654200,LLY
2023-02-17,323.1499938964844,331.5899963378906,320.5,328.3999938964844,322.2018127441406,3695600,LLY
2023-02-21,327.1499938964844,331.7200012207031,326.3299865722656,327.510009765625,321.32861328125,2515600,LLY
2023-02-22,328.7099914550781,332.6000061035156,326.3299865722656,329.07000732421875,322.8591613769531,2379800,LLY
2023-02-23,328.010009765625,332.8299865722656,325.69000244140625,327.5199890136719,321.33843994140625,2229500,LLY
2023-02-24,326.0,327.2300109863281,320.0899963378906,321.6400146484375,315.5694885253906,2594600,LLY
2023-02-27,322.6000061035156,323.3999938964844,315.8999938964844,316.6199951171875,310.6441345214844,3043500,LLY
2023-02-28,315.489990234375,315.489990234375,309.6400146484375,311.2200012207031,305.34613037109375,3966900,LLY
2023-03-01,310.0,316.9100036621094,309.20001220703125,314.1700134277344,308.24041748046875,3580800,LLY
2023-03-02,311.7900085449219,316.29998779296875,310.5299987792969,315.04998779296875,309.10382080078125,2885200,LLY
2023-03-03,316.3699951171875,320.1600036621094,315.239990234375,318.42999267578125,312.4200744628906,3002800,LLY
2023-03-06,316.94000244140625,320.239990234375,316.5,318.9599914550781,312.94000244140625,2673700,LLY
2023-03-07,319.0,320.3500061035156,309.6000061035156,310.6300048828125,304.7672424316406,2620800,LLY
2023-03-08,310.5,313.0299987792969,309.32000732421875,312.5400085449219,306.6412048339844,2313200,LLY
2023-03-09,312.30999755859375,318.7699890136719,312.30999755859375,316.8500061035156,310.8698425292969,3920300,LLY
2023-03-10,318.8500061035156,326.5299987792969,314.3399963378906,315.0199890136719,309.0743713378906,4597300,LLY
2023-03-13,317.239990234375,331.79998779296875,317.239990234375,324.489990234375,318.3656311035156,5275600,LLY
2023-03-14,324.04998779296875,327.2799987792969,321.44000244140625,327.07000732421875,320.89691162109375,4214300,LLY
2023-03-15,326.0,331.3599853515625,324.5,329.4700012207031,323.2516784667969,4743500,LLY
2023-03-16,327.6400146484375,331.70001220703125,325.0400085449219,329.5299987792969,323.310546875,3498200,LLY
2023-03-17,331.5,334.95001220703125,328.1000061035156,329.17999267578125,322.96710205078125,8679800,LLY
2023-03-20,329.17999267578125,333.94000244140625,329.010009765625,333.6000061035156,327.3037109375,3540900,LLY
2023-03-21,334.3900146484375,334.44000244140625,328.0799865722656,331.0799865722656,324.83123779296875,3240400,LLY
2023-03-22,331.7699890136719,335.6000061035156,330.6499938964844,330.9700012207031,324.7233581542969,2472200,LLY
2023-03-23,330.8900146484375,335.3399963378906,330.2099914550781,332.6400146484375,326.36181640625,2703400,LLY
2023-03-24,332.989990234375,336.92999267578125,328.7699890136719,336.1300048828125,329.78594970703125,2791900,LLY
2023-03-27,327.79998779296875,336.2200012207031,323.260009765625,334.6000061035156,328.2848205566406,3102300,LLY
2023-03-28,335.79998779296875,338.8299865722656,334.7200012207031,337.6499938964844,331.27728271484375,2433200,LLY
2023-03-29,339.0,339.7699890136719,334.5799865722656,335.8699951171875,329.5308837890625,2743800,LLY
2023-03-30,336.07000732421875,341.30999755859375,336.07000732421875,340.69000244140625,334.2598876953125,2146900,LLY
2023-03-31,342.0,343.6499938964844,340.69000244140625,343.4200134277344,336.9383544921875,2933600,LLY
2023-04-03,343.239990234375,351.5400085449219,342.29998779296875,350.739990234375,344.12017822265625,3039600,LLY
2023-04-04,352.07000732421875,359.0,351.2699890136719,354.6199951171875,347.927001953125,3585900,LLY
2023-04-05,358.0799865722656,364.8500061035156,357.92999267578125,362.239990234375,355.4031066894531,3442700,LLY
2023-04-06,364.8500061035156,369.5,364.25,368.2900085449219,361.3389587402344,3531700,LLY
2023-04-10,368.17999267578125,368.3500061035156,363.0400085449219,367.0,360.07330322265625,1868000,LLY
2023-04-11,367.760009765625,368.79998779296875,363.5899963378906,364.0400085449219,357.1692199707031,2027000,LLY
2023-04-12,364.0199890136719,372.44000244140625,363.3299865722656,369.04998779296875,362.0845947265625,2672600,LLY
2023-04-13,372.6199951171875,375.55999755859375,370.30999755859375,375.1499938964844,368.0694885253906,2839900,LLY
2023-04-14,374.239990234375,376.30999755859375,372.510009765625,374.7300109863281,367.6574401855469,2287900,LLY
2023-04-17,375.0,375.8999938964844,371.1600036621094,372.3500061035156,365.32232666015625,2059700,LLY
2023-04-18,373.0,374.260009765625,369.6600036621094,369.9100036621094,362.92840576171875,1925300,LLY
2023-04-19,370.54998779296875,371.2799987792969,367.3500061035156,370.4700012207031,363.477783203125,2173000,LLY
2023-04-20,371.3900146484375,376.05999755859375,369.760009765625,374.80999755859375,367.7358703613281,2766500,LLY
2023-04-21,378.010009765625,386.2699890136719,378.0,385.239990234375,377.9690246582031,3682500,LLY
2023-04-24,385.239990234375,387.04998779296875,381.6300048828125,383.3500061035156,376.1147155761719,2059700,LLY
2023-04-25,385.04998779296875,390.4800109863281,384.0,384.8399963378906,377.57659912109375,2648600,LLY
2023-04-26,381.1199951171875,381.5,370.67999267578125,376.2699890136719,369.1683349609375,3161200,LLY
2023-04-27,391.260009765625,398.5299987792969,380.7699890136719,390.3500061035156,382.98260498046875,4981300,LLY
2023-04-28,398.0,404.30999755859375,392.510009765625,395.8599853515625,388.38861083984375,5350100,LLY
2023-05-01,397.260009765625,407.3500061035156,392.260009765625,405.80999755859375,398.15081787109375,4091100,LLY
2023-05-02,407.0,411.5400085449219,399.260009765625,404.20001220703125,396.5711975097656,3884600,LLY
2023-05-03,415.0299987792969,434.20001220703125,414.30999755859375,431.19000244140625,423.05181884765625,10129800,LLY
2023-05-04,431.45001220703125,432.70001220703125,425.2200012207031,428.44000244140625,420.3537292480469,4070700,LLY
2023-05-05,428.1000061035156,431.2699890136719,424.55999755859375,427.80999755859375,419.7356262207031,2753400,LLY
2023-05-08,426.20001220703125,435.0,423.0,432.7200012207031,424.55291748046875,2478600,LLY
2023-05-09,431.7699890136719,435.6000061035156,428.04998779296875,428.3800048828125,420.2948303222656,2601600,LLY
2023-05-10,426.05999755859375,438.3900146484375,426.05999755859375,435.9200134277344,427.69256591796875,2766300,LLY
2023-05-11,436.70001220703125,436.8500061035156,431.1199951171875,435.54998779296875,427.3294982910156,2595900,LLY
2023-05-12,440.1600036621094,445.5400085449219,434.4200134277344,434.42999267578125,427.3393859863281,3939200,LLY
2023-05-15,435.3699951171875,436.0,430.6700134277344,434.510009765625,427.4180603027344,2234800,LLY
2023-05-16,434.20001220703125,438.4800109863281,430.6600036621094,436.6499938964844,429.5231018066406,2128800,LLY
2023-05-17,438.79998779296875,438.95001220703125,432.7300109863281,437.4700012207031,430.3297424316406,2274200,LLY
2023-05-18,436.510009765625,439.5199890136719,433.5899963378906,437.8900146484375,430.742919921875,2268100,LLY
2023-05-19,439.0,447.510009765625,439.0,442.3800048828125,435.1595458984375,3442800,LLY
2023-05-22,444.30999755859375,454.95001220703125,432.3900146484375,433.989990234375,426.9065246582031,4398000,LLY
2023-05-23,432.9200134277344,435.8900146484375,421.510009765625,423.2099914550781,416.3024597167969,4492100,LLY
2023-05-24,424.0,428.9599914550781,420.260009765625,425.7699890136719,418.82061767578125,3133000,LLY
2023-05-25,426.3800048828125,428.20001220703125,419.79998779296875,427.30999755859375,420.3356018066406,2882200,LLY
2023-05-26,424.8999938964844,431.6700134277344,423.6700134277344,425.7900085449219,418.8403625488281,2338400,LLY
2023-05-30,423.7900085449219,428.7300109863281,422.05999755859375,427.239990234375,420.2666931152344,2595700,LLY
2023-05-31,427.0,430.55999755859375,424.010009765625,429.4599914550781,422.4504699707031,3950900,LLY
2023-06-01,430.2699890136719,436.7900085449219,428.1300048828125,436.489990234375,429.36572265625,2914400,LLY
2023-06-02,439.9599914550781,444.70001220703125,436.7799987792969,442.3299865722656,435.1103820800781,2499000,LLY
2023-06-05,443.0,447.79998779296875,441.7099914550781,444.260009765625,437.0089416503906,2113800,LLY
2023-06-06,447.8299865722656,448.8699951171875,440.0199890136719,443.07000732421875,435.83831787109375,1495300,LLY
2023-06-07,440.20001220703125,446.69000244140625,435.67999267578125,436.3699951171875,429.2476806640625,2458300,LLY
2023-06-08,435.8800048828125,447.4700012207031,432.3399963378906,445.6600036621094,438.3861083984375,2040300,LLY
2023-06-09,449.29998779296875,449.29998779296875,442.6000061035156,446.0400085449219,438.75982666015625,2082000,LLY
2023-06-12,446.1499938964844,446.989990234375,438.67999267578125,445.30999755859375,438.04180908203125,2566600,LLY
2023-06-13,443.6700134277344,447.3999938964844,442.25,445.7200012207031,438.44500732421875,1766300,LLY
2023-06-14,444.2900085449219,448.7799987792969,443.5400085449219,447.7200012207031,440.4124450683594,2163300,LLY
2023-06-15,448.0,456.5799865722656,447.69000244140625,453.92999267578125,446.5210266113281,2287100,LLY
2023-06-16,455.79998779296875,456.9800109863281,447.5,447.7099914550781,440.402587890625,4295700,LLY
2023-06-20,445.8599853515625,454.8800048828125,445.1099853515625,451.95001220703125,444.57342529296875,2506300,LLY
2023-06-21,454.5,455.3399963378906,450.2099914550781,453.0,445.60626220703125,2347500,LLY
2023-06-22,455.0,462.260009765625,453.82000732421875,457.67999267578125,450.2098083496094,2912500,LLY
2023-06-23,457.0,460.010009765625,452.32000732421875,458.8399963378906,451.3509216308594,4832100,LLY
2023-06-26,465.260009765625,465.260009765625,448.9200134277344,452.760009765625,445.37017822265625,3214700,LLY
2023-06-27,462.5,467.9800109863281,451.70001220703125,464.5,456.9185485839844,4138700,LLY
2023-06-28,468.510009765625,468.5299987792969,457.32000732421875,458.70001220703125,451.2132568359375,2854700,LLY
2023-06-29,459.05999755859375,465.8299865722656,457.510009765625,464.489990234375,456.90869140625,2112400,LLY
2023-06-30,464.6499938964844,469.8699951171875,464.0,468.9800109863281,461.325439453125,3173200,LLY
2023-07-03,466.260009765625,466.260009765625,457.3699951171875,461.4200134277344,453.8887939453125,2113200,LLY
2023-07-05,462.1000061035156,467.25,460.0,465.70001220703125,458.0989685058594,2130200,LLY
2023-07-06,463.1199951171875,467.6000061035156,461.6199951171875,463.2099914550781,455.6496276855469,2191700,LLY
2023-07-07,462.3299865722656,463.6099853515625,451.239990234375,452.0799865722656,444.7012634277344,2914700,LLY
2023-07-10,452.9599914550781,454.6700134277344,449.7099914550781,453.1600036621094,445.76361083984375,2011400,LLY
2023-07-11,450.0,450.55999755859375,437.6099853515625,439.3900146484375,432.2184143066406,3570900,LLY
2023-07-12,438.4700012207031,444.29998779296875,435.010009765625,440.6000061035156,433.4086608886719,3107800,LLY
2023-07-13,440.2300109863281,442.239990234375,434.3399963378906,434.70001220703125,427.60498046875,2865100,LLY
2023-07-14,441.1000061035156,450.45001220703125,440.8699951171875,449.4599914550781,442.1239929199219,2955000,LLY
2023-07-17,449.45001220703125,450.6199951171875,443.260009765625,447.1400146484375,439.8418884277344,2347900,LLY
2023-07-18,446.95001220703125,453.32000732421875,445.0400085449219,451.20001220703125,443.8356628417969,2237000,LLY
2023-07-19,451.3999938964844,455.0,448.55999755859375,453.55999755859375,446.1571044921875,2212800,LLY
2023-07-20,455.1499938964844,465.2200012207031,455.0,463.82000732421875,456.2496337890625,2624200,LLY
2023-07-21,465.4100036621094,467.0400085449219,461.9700012207031,462.0400085449219,454.4986877441406,2226700,LLY
2023-07-24,462.0,465.6400146484375,457.6700134277344,459.32000732421875,451.82305908203125,2190700,LLY
2023-07-25,457.760009765625,460.9200134277344,456.6000061035156,457.5400085449219,450.0721435546875,1737800,LLY
2023-07-26,455.0,455.0,446.55999755859375,453.5899963378906,446.1866149902344,1959800,LLY
2023-07-27,453.32000732421875,458.67999267578125,452.25,454.989990234375,447.5637512207031,1883500,LLY
2023-07-28,455.1300048828125,459.57000732421875,451.7799987792969,458.4800109863281,450.9967956542969,1437600,LLY
2023-07-31,459.0199890136719,459.0199890136719,450.79998779296875,454.54998779296875,447.1309509277344,2110200,LLY
2023-08-01,455.3500061035156,457.3699951171875,451.45001220703125,453.0899963378906,445.69476318359375,1738200,LLY
2023-08-02,455.2300109863281,461.6400146484375,451.32000732421875,454.4800109863281,447.0621032714844,2366600,LLY
2023-08-03,450.7799987792969,454.1000061035156,448.260009765625,449.1600036621094,441.82891845703125,2414100,LLY
2023-08-04,449.239990234375,452.4700012207031,446.8900146484375,449.489990234375,442.15350341796875,1870400,LLY
2023-08-07,453.25,455.0,450.5799865722656,454.0799865722656,446.6686096191406,2446400,LLY
2023-08-08,506.0,538.0,502.7099914550781,521.5999755859375,513.0865478515625,15094500,LLY
2023-08-09,520.3699951171875,532.530029296875,516.8900146484375,526.22998046875,517.6409912109375,5376600,LLY
2023-08-10,523.469970703125,528.739990234375,519.989990234375,521.3400268554688,512.830810546875,4108500,LLY
2023-08-11,523.719970703125,531.8099975585938,520.0,528.280029296875,519.6575927734375,2524300,LLY
2023-08-14,531.280029296875,542.2999877929688,529.25,538.0,530.3533935546875,3981100,LLY
2023-08-15,537.72998046875,547.2899780273438,533.780029296875,546.6199951171875,538.850830078125,2826800,LLY
2023-08-16,547.4000244140625,552.8699951171875,542.5,546.239990234375,538.4761962890625,2597100,LLY
2023-08-17,543.2100219726562,548.7999877929688,537.3900146484375,537.6599731445312,530.0181884765625,2549900,LLY
2023-08-18,535.030029296875,547.77001953125,533.9000244140625,546.4299926757812,538.6635131835938,2958600,LLY
2023-08-21,546.989990234375,553.5,545.75,550.0499877929688,542.2320556640625,2305400,LLY
2023-08-22,549.530029296875,556.0999755859375,547.280029296875,553.6599731445312,545.790771484375,1936600,LLY
2023-08-23,556.719970703125,557.4000244140625,548.2100219726562,553.3599853515625,545.4949340820312,2121300,LLY
2023-08-24,552.7000122070312,556.97998046875,547.2999877929688,548.0,540.211181640625,1776700,LLY
2023-08-25,549.6300048828125,556.0999755859375,547.0800170898438,553.6500244140625,545.781005859375,1847600,LLY
2023-08-28,550.1300048828125,556.22998046875,550.1199951171875,553.9199829101562,546.047119140625,1373700,LLY
2023-08-29,553.4500122070312,556.3499755859375,549.8599853515625,553.9000244140625,546.02734375,1701200,LLY
2023-08-30,555.010009765625,557.75,547.0399780273438,547.989990234375,540.2013549804688,2191100,LLY
2023-08-31,547.02001953125,557.4099731445312,543.0,554.2000122070312,546.3230590820312,3043400,LLY
2023-09-01,556.3200073242188,559.2100219726562,553.510009765625,557.1099853515625,549.1917114257812,2030800,LLY
2023-09-05,559.22998046875,561.9299926757812,556.7100219726562,558.1900024414062,550.25634765625,2257200,LLY
2023-09-06,561.02001953125,561.5900268554688,552.7000122070312,559.9500122070312,551.9913940429688,2424300,LLY
2023-09-07,564.1900024414062,576.3099975585938,562.6199951171875,573.22998046875,565.08251953125,3707100,LLY
2023-09-08,572.3300170898438,587.5499877929688,571.219970703125,586.4600219726562,578.1246337890625,4308300,LLY
2023-09-11,587.1500244140625,598.1599731445312,584.47998046875,595.5599975585938,587.09521484375,3876500,LLY
2023-09-12,590.969970703125,601.1300048828125,587.8499755859375,599.2999877929688,590.7820434570312,3212100,LLY
2023-09-13,594.6599731445312,600.75,591.7000122070312,598.8800048828125,590.3680419921875,3126600,LLY
2023-09-14,599.239990234375,601.8400268554688,590.010009765625,591.6099853515625,583.2013549804688,3244800,LLY
2023-09-15,592.0,594.0599975585938,575.0599975585938,575.6599731445312,567.47802734375,5941200,LLY
2023-09-18,578.0,578.0,564.4099731445312,571.280029296875,563.1603393554688,2723600,LLY
2023-09-19,571.6199951171875,578.4099731445312,570.6300048828125,574.9600219726562,566.7880859375,2185100,LLY
2023-09-20,573.4199829101562,575.25,569.1900024414062,569.6400146484375,561.5435791015625,1869900,LLY
2023-09-21,567.1900024414062,568.0,542.5,550.1300048828125,542.3109130859375,4049900,LLY
2023-09-22,548.8099975585938,555.489990234375,547.6300048828125,550.5399780273438,542.7151489257812,2353800,LLY
2023-09-25,550.0999755859375,552.6599731445312,545.75,552.2899780273438,544.4402465820312,1686500,LLY
2023-09-26,550.7000122070312,554.1300048828125,548.0,550.010009765625,542.192626953125,1864300,LLY
2023-09-27,549.8900146484375,551.6900024414062,543.6699829101562,549.760009765625,541.9461669921875,2004200,LLY
2023-09-28,551.3200073242188,551.6799926757812,541.4000244140625,544.4500122070312,536.711669921875,2178800,LLY
2023-09-29,545.489990234375,546.0900268554688,532.2000122070312,537.1300048828125,529.4957275390625,2967700,LLY
2023-10-02,536.010009765625,540.6400146484375,526.8099975585938,538.2899780273438,530.6392211914062,2810100,LLY
2023-10-03,536.0,537.3400268554688,516.5700073242188,525.1900024414062,517.7254028320312,3266100,LLY
2023-10-04,525.5599975585938,536.1699829101562,523.6300048828125,531.4600219726562,523.9063110351562,2220400,LLY
2023-10-05,533.5399780273438,542.5,531.6099853515625,541.47998046875,533.7838745117188,2950700,LLY
2023-10-06,544.0,566.3599853515625,542.7100219726562,565.219970703125,557.1864624023438,4745200,LLY
2023-10-09,564.02001953125,579.7899780273438,563.5800170898438,571.760009765625,563.633544921875,4208100,LLY
2023-10-10,570.0,585.9500122070312,569.72998046875,579.3099975585938,571.0762329101562,3526700,LLY
2023-10-11,596.2000122070312,608.7899780273438,585.010009765625,605.280029296875,596.6770629882812,5850600,LLY
2023-10-12,605.4600219726562,613.0,602.2000122070312,610.5,601.8228759765625,4063500,LLY
2023-10-13,617.8900146484375,629.969970703125,602.5599975585938,609.2000122070312,600.5414428710938,3963800,LLY
2023-10-16,610.989990234375,621.97998046875,608.4299926757812,616.6400146484375,607.8756713867188,2941500,LLY
2023-10-17,619.0,620.4000244140625,602.530029296875,608.3099975585938,599.6640014648438,2911700,LLY
2023-10-18,607.239990234375,615.8800048828125,603.239990234375,607.239990234375,598.6093139648438,2049100,LLY
2023-10-19,605.0,605.0,578.3400268554688,590.7999877929688,582.4029541015625,3493700,LLY
2023-10-20,590.0,596.9199829101562,580.8800048828125,584.6400146484375,576.3304443359375,3666900,LLY
2023-10-23,586.0599975585938,588.3400268554688,576.1400146484375,576.6500244140625,568.4539794921875,2781900,LLY
2023-10-24,580.0,594.52001953125,579.1099853515625,592.4299926757812,584.009765625,2633000,LLY
2023-10-25,596.9400024414062,599.7000122070312,585.8699951171875,586.4600219726562,578.1246337890625,2283300,LLY
2023-10-26,580.0,581.0,566.1599731445312,568.0999755859375,560.0255126953125,2846500,LLY
2023-10-27,563.010009765625,570.8099975585938,556.6400146484375,560.22998046875,552.267333984375,2717400,LLY
2023-10-30,571.2100219726562,573.2100219726562,562.5499877929688,565.7100219726562,557.6695556640625,2290900,LLY
2023-10-31,568.969970703125,569.6099853515625,547.6099853515625,553.9299926757812,546.0568237304688,3661400,LLY
2023-11-01,555.0,558.4299926757812,551.260009765625,554.4600219726562,546.5794067382812,2935900,LLY
2023-11-02,578.3300170898438,597.4400024414062,571.989990234375,580.2899780273438,572.042236328125,5181300,LLY
2023-11-03,578.4299926757812,583.0,567.1799926757812,567.8099975585938,559.7396240234375,3056500,LLY
2023-11-06,571.0999755859375,597.7100219726562,571.010009765625,595.1900024414062,586.73046875,3978500,LLY
2023-11-07,597.0,601.9400024414062,590.1300048828125,599.9299926757812,591.4031372070312,3168200,LLY
2023-11-08,607.6599731445312,625.8699951171875,592.1799926757812,619.1300048828125,610.330322265625,7776400,LLY
2023-11-09,614.760009765625,615.6500244140625,583.4299926757812,591.3200073242188,582.9155883789062,6279800,LLY
2023-11-10,595.0,598.8599853515625,586.0,597.7100219726562,589.2147216796875,3645900,LLY
2023-11-13,594.3499755859375,618.75,578.1500244140625,612.7100219726562,604.00146484375,5744800,LLY
2023-11-14,608.219970703125,616.0399780273438,602.6699829101562,610.8200073242188,603.2509155273438,3827600,LLY
2023-11-15,610.8800048828125,612.9099731445312,584.4199829101562,588.5399780273438,581.2469482421875,4287000,LLY
2023-11-16,591.5,595.0900268554688,581.75,588.75,581.454345703125,3030500,LLY
2023-11-17,592.4500122070312,596.1799926757812,587.2100219726562,591.7100219726562,584.3777465820312,2628200,LLY
2023-11-20,591.4400024414062,604.8599853515625,590.6900024414062,597.5999755859375,590.1947021484375,2827200,LLY
2023-11-21,598.4400024414062,601.5599975585938,591.77001953125,592.5999755859375,585.2566528320312,1851600,LLY
2023-11-22,595.4000244140625,599.1799926757812,586.75,595.0900268554688,587.7158203125,2052200,LLY
2023-11-24,598.3599853515625,603.5,596.97998046875,601.0999755859375,593.6513061523438,1341700,LLY
2023-11-27,601.1699829101562,603.6900024414062,591.1400146484375,591.530029296875,584.2000122070312,2630700,LLY
2023-11-28,592.0,595.3800048828125,589.3599853515625,591.5999755859375,584.26904296875,1793900,LLY
2023-11-29,592.2000122070312,594.5399780273438,584.4400024414062,591.8599853515625,584.5258178710938,1908600,LLY
2023-11-30,591.4600219726562,596.22998046875,586.2100219726562,591.0399780273438,583.7159423828125,5658400,LLY
2023-12-01,591.7000122070312,601.969970703125,583.0,584.0399780273438,576.802734375,3638600,LLY
2023-12-04,582.1300048828125,587.0900268554688,574.3300170898438,585.6799926757812,578.4224243164062,2577100,LLY
2023-12-05,583.280029296875,591.7999877929688,579.3699951171875,588.1500244140625,580.86181640625,2157300,LLY
2023-12-06,590.739990234375,593.9000244140625,584.4000244140625,589.25,581.9481201171875,2093100,LLY
2023-12-07,588.280029296875,588.8699951171875,577.6099853515625,588.27001953125,580.9803466796875,2095000,LLY
2023-12-08,589.0,598.2999877929688,584.77001953125,598.0499877929688,590.6392211914062,2446800,LLY
2023-12-11,598.6599731445312,601.1900024414062,567.4099731445312,584.0399780273438,576.802734375,5614100,LLY
2023-12-12,582.0,585.8499755859375,578.1699829101562,584.760009765625,577.513916015625,2846100,LLY
2023-12-13,583.260009765625,598.6699829101562,582.3099975585938,597.5,590.0960083007812,3112500,LLY
2023-12-14,594.5,594.5,568.6900024414062,573.6699829101562,566.561279296875,5275900,LLY
2023-12-15,572.0999755859375,573.7100219726562,561.6500244140625,572.0399780273438,564.951416015625,5317000,LLY
2023-12-18,576.469970703125,583.0499877929688,575.7000122070312,579.760009765625,572.575927734375,3033900,LLY
2023-12-19,580.25,585.1099853515625,577.25,579.8099975585938,572.6251831054688,2192700,LLY
2023-12-20,576.47998046875,579.8599853515625,570.030029296875,570.2100219726562,563.1441040039062,2647100,LLY
2023-12-21,571.4099731445312,575.0,567.02001953125,572.0,564.911865234375,1786500,LLY
2023-12-22,573.02001953125,575.9000244140625,567.4199829101562,570.3900146484375,563.3218994140625,2226100,LLY
2023-12-26,569.5,572.77001953125,567.6400146484375,570.6699829101562,563.5985107421875,1678700,LLY
2023-12-27,570.5,583.6799926757812,570.5,581.510009765625,574.3041381835938,2163400,LLY
2023-12-28,581.97998046875,586.6900024414062,580.0,580.8499755859375,573.6522216796875,1973500,LLY
2023-12-29,582.8499755859375,586.1699829101562,579.469970703125,582.9199829101562,575.6965942382812,2000100,LLY
2024-01-02,580.4099731445312,592.719970703125,579.0499877929688,592.2000122070312,584.8617553710938,3226700,LLY
2024-01-03,600.0,619.8400268554688,598.7999877929688,617.7000122070312,610.0457763671875,5130300,LLY
2024-01-04,625.260009765625,636.4099731445312,613.27001953125,614.5,606.8853759765625,6272500,LLY
2024-01-05,614.0,619.9400024414062,610.1900024414062,618.5499877929688,610.8850708007812,2404000,LLY
2024-01-08,622.4299926757812,626.0599975585938,609.5900268554688,626.030029296875,618.2723999023438,2453900,LLY
2024-01-09,630.1099853515625,634.4199829101562,623.719970703125,625.47998046875,617.729248046875,2918900,LLY
2024-01-10,628.489990234375,637.0499877929688,625.760009765625,630.1900024414062,622.3809204101562,2679100,LLY
2024-01-11,634.3900146484375,639.760009765625,628.1400146484375,635.719970703125,627.8424072265625,2690300,LLY
2024-01-12,638.2000122070312,644.0,633.010009765625,642.9199829101562,634.953125,2067800,LLY
2024-01-16,643.9099731445312,647.72998046875,633.6699829101562,634.5700073242188,626.7066040039062,2413600,LLY
2024-01-17,639.4500122070312,640.52001953125,625.1900024414062,628.9099731445312,621.11669921875,2124100,LLY
2024-01-18,621.280029296875,623.8800048828125,612.7000122070312,623.3499755859375,615.6256713867188,3385000,LLY
2024-01-19,622.3900146484375,629.5900268554688,620.0,628.5800170898438,620.7908935546875,3125000,LLY
2024-01-22,630.0,632.6400146484375,625.0,630.8800048828125,623.0623168945312,2030200,LLY
2024-01-23,627.6900024414062,630.0,614.8200073242188,629.6799926757812,621.8772583007812,2525000,LLY
2024-01-24,633.52001953125,643.1699829101562,632.0,633.7000122070312,625.847412109375,2276900,LLY
2024-01-25,627.3699951171875,632.6099853515625,624.6799926757812,627.6199951171875,619.8427734375,2407900,LLY
2024-01-26,637.3499755859375,639.5999755859375,630.5,639.25,631.32861328125,2410300,LLY
2024-01-29,641.5,645.6500244140625,639.77001953125,645.0,637.0073852539062,2718500,LLY
2024-01-30,645.7000122070312,646.7999877929688,641.0,644.97998046875,636.9876708984375,2006100,LLY
2024-01-31,650.3800048828125,663.5499877929688,637.0,645.6099853515625,637.6096801757812,4719000,LLY
2024-02-01,647.3300170898438,660.52001953125,643.1699829101562,660.4299926757812,652.2461547851562,2494300,LLY
2024-02-02,662.3800048828125,672.6199951171875,659.739990234375,667.6500244140625,659.376708984375,3019200,LLY
2024-02-05,691.02001953125,711.8800048828125,682.530029296875,706.2000122070312,697.448974609375,7602400,LLY
2024-02-06,742.0,742.0,691.0999755859375,705.030029296875,696.29345703125,8187300,LLY
2024-02-07,710.3800048828125,740.989990234375,707.02001953125,725.3800048828125,716.391357421875,5798000,LLY
2024-02-08,728.3200073242188,741.0,725.75,735.6799926757812,726.5636596679688,4636900,LLY
2024-02-09,735.5,745.7000122070312,733.6099853515625,740.1599731445312,730.9881591796875,2833900,LLY
2024-02-12,740.7999877929688,740.7999877929688,726.4500122070312,737.260009765625,728.1241455078125,2932300,LLY
2024-02-13,730.1799926757812,742.97998046875,730.1799926757812,742.969970703125,733.7633056640625,2860300,LLY
2024-02-14,745.8200073242188,764.0499877929688,745.0,757.3099975585938,749.236572265625,3394300,LLY
2024-02-15,755.7999877929688,762.989990234375,750.010009765625,757.780029296875,749.7017822265625,2507000,LLY
2024-02-16,771.030029296875,794.469970703125,763.5,782.0599975585938,773.7227783203125,5009400,LLY
2024-02-20,790.0,793.3800048828125,753.2000122070312,755.6599731445312,747.6041870117188,4701100,LLY
2024-02-21,738.0800170898438,749.5,733.239990234375,745.9099731445312,737.9581909179688,3541800,LLY
2024-02-22,763.5800170898438,775.1199951171875,756.27001953125,769.6400146484375,761.4352416992188,3167400,LLY
2024-02-23,774.0,777.6500244140625,762.260009765625,769.5399780273438,761.336181640625,2394800,LLY
2024-02-26,771.2999877929688,780.219970703125,769.1199951171875,771.9199829101562,763.6908569335938,2243800,LLY
2024-02-27,754.9000244140625,772.9500122070312,745.4400024414062,765.0,756.8446655273438,2716700,LLY
2024-02-28,762.25,763.0,751.6599731445312,757.6400146484375,749.5630493164062,2716300,LLY
2024-02-29,753.0800170898438,756.4600219726562,744.030029296875,753.6799926757812,745.6453247070312,3905400,LLY
2024-03-01,769.02001953125,784.0800170898438,764.1300048828125,782.1199951171875,773.7821044921875,4247500,LLY
2024-03-04,796.4400024414062,800.780029296875,786.1599731445312,792.280029296875,783.8338012695312,3855600,LLY
2024-03-05,785.3099975585938,788.530029296875,769.280029296875,777.5900268554688,769.3004760742188,3168700,LLY
2024-03-06,784.2899780273438,787.8499755859375,774.0,779.77001953125,771.4572143554688,2518600,LLY
2024-03-07,771.8400268554688,792.989990234375,761.1199951171875,780.1599731445312,771.843017578125,3977400,LLY
2024-03-08,780.0,780.0,755.0,762.1400146484375,754.0151977539062,4054900,LLY
2024-03-11,752.2100219726562,756.7999877929688,727.6199951171875,734.3699951171875,726.5411987304688,3968900,LLY
2024-03-12,740.9600219726562,755.969970703125,738.010009765625,754.9500122070312,746.90185546875,2701700,LLY
2024-03-13,757.0,760.77001953125,745.7100219726562,757.8400268554688,749.7610473632812,2357500,LLY
2024-03-14,764.9500122070312,768.0,749.4000244140625,760.72998046875,752.6201782226562,2647500,LLY
2024-03-15,755.3800048828125,760.8900146484375,747.7100219726562,754.1699829101562,746.130126953125,3730100,LLY
2024-03-18,762.280029296875,769.6799926757812,758.25,762.6599731445312,754.5296020507812,2521400,LLY
2024-03-19,758.4400024414062,773.8499755859375,755.0,772.780029296875,764.541748046875,2557100,LLY
2024-03-20,770.1099853515625,773.1599731445312,756.6400146484375,772.8599853515625,764.6209106445312,2038000,LLY
2024-03-21,774.0,780.5399780273438,758.8800048828125,770.260009765625,762.0486450195312,3013200,LLY
2024-03-22,770.0,777.0,767.280029296875,770.6099853515625,762.3948364257812,1981000,LLY
2024-03-25,771.0999755859375,778.489990234375,768.1500244140625,773.1400146484375,764.8978881835938,1806600,LLY
2024-03-26,774.2000122070312,778.3300170898438,769.0,774.9000244140625,766.63916015625,2099000,LLY
2024-03-27,778.7100219726562,785.260009765625,767.3800048828125,778.1799926757812,769.8842163085938,2297700,LLY
2024-03-28,780.3200073242188,793.6699829101562,776.4400024414062,777.9600219726562,769.6665649414062,3209400,LLY
2024-04-01,776.0,777.5,753.8200073242188,760.5499877929688,752.442138671875,2921300,LLY
2024-04-02,755.0700073242188,765.0700073242188,753.5,763.9600219726562,755.8157958984375,2596800,LLY
2024-04-03,765.6900024414062,787.25,765.4099731445312,775.989990234375,767.7174682617188,3044900,LLY
2024-04-04,781.5399780273438,787.9000244140625,767.8200073242188,768.0800170898438,759.891845703125,2354000,LLY
2024-04-05,765.469970703125,786.7100219726562,763.0900268554688,784.2100219726562,775.8499145507812,2113400,LLY
2024-04-08,785.02001953125,785.2000122070312,773.3499755859375,777.2899780273438,769.003662109375,1664200,LLY
2024-04-09,777.6400146484375,777.8200073242188,750.6500244140625,757.239990234375,749.1673583984375,2464100,LLY
2024-04-10,751.280029296875,765.260009765625,746.8300170898438,761.97998046875,753.8568115234375,1700300,LLY
2024-04-11,759.780029296875,763.3300170898438,750.6699829101562,759.5900268554688,751.492431640625,1594800,LLY
2024-04-12,759.5700073242188,763.5,749.7899780273438,751.6400146484375,743.6271362304688,2495000,LLY
2024-04-15,760.0700073242188,768.0,749.52001953125,750.77001953125,742.766357421875,2358600,LLY
2024-04-16,751.6799926757812,753.1400146484375,743.0,746.739990234375,738.7793579101562,2569800,LLY
2024-04-17,759.2000122070312,771.8300170898438,744.8800048828125,750.77001953125,742.766357421875,3069400,LLY
2024-04-18,749.4199829101562,752.2000122070312,743.77001953125,745.9500122070312,737.997802734375,1717300,LLY
2024-04-19,749.1599731445312,750.010009765625,722.0700073242188,726.3099975585938,718.567138671875,3505500,LLY
2024-04-22,729.739990234375,737.8800048828125,725.4199829101562,731.3300170898438,723.5336303710938,2354100,LLY
2024-04-23,741.2000122070312,746.1599731445312,731.4400024414062,745.6900024414062,737.7406616210938,2042000,LLY
2024-04-24,752.6400146484375,752.6400146484375,728.7899780273438,732.2000122070312,724.3942260742188,2133400,LLY
2024-04-25,725.0,727.989990234375,718.2999877929688,724.8699951171875,717.1424560546875,2608800,LLY
2024-04-26,723.47998046875,737.4500122070312,721.0,733.510009765625,725.6904296875,2009200,LLY
2024-04-29,735.75,740.5800170898438,729.6099853515625,737.2000122070312,729.3410034179688,2665600,LLY
2024-04-30,775.0,795.5,767.6599731445312,781.0999755859375,772.7730102539062,7437100,LLY
2024-05-01,774.760009765625,782.6099853515625,768.25,776.75,768.4693603515625,2802100,LLY
2024-05-02,777.3400268554688,777.3400268554688,754.2899780273438,755.9099731445312,747.8515014648438,3205600,LLY
2024-05-03,743.0,745.0,730.3400268554688,734.969970703125,727.1348266601562,4595100,LLY
2024-05-06,738.0399780273438,766.989990234375,736.0,766.6799926757812,758.5067749023438,3398300,LLY
2024-05-07,768.9000244140625,779.0900268554688,762.1099853515625,777.77001953125,769.478515625,2879400,LLY
2024-05-08,779.0999755859375,781.3499755859375,772.2000122070312,775.0,766.738037109375,2089800,LLY
2024-05-09,777.0,784.0,769.2000122070312,771.5499877929688,763.3248291015625,2522100,LLY
2024-05-10,774.02001953125,777.4199829101562,760.0,760.0,751.8978271484375,2082300,LLY
2024-05-13,763.5,763.5499877929688,750.530029296875,757.7000122070312,749.6224975585938,1848900,LLY
2024-05-14,751.52001953125,764.5,751.52001953125,763.97998046875,755.83544921875,1956200,LLY
2024-05-15,764.1500244140625,787.6599731445312,763.0999755859375,787.02001953125,779.9570922851562,3038300,LLY
2024-05-16,784.7100219726562,786.47998046875,770.1400146484375,771.1199951171875,764.1997680664062,2299700,LLY
2024-05-17,772.8900146484375,774.8699951171875,767.0999755859375,770.0,763.08984375,1670300,LLY
2024-05-20,766.9000244140625,784.3300170898438,766.1199951171875,783.1799926757812,776.1514892578125,2188800,LLY
2024-05-21,792.4600219726562,816.6099853515625,791.3900146484375,803.1699829101562,795.9620971679688,4334500,LLY
2024-05-22,801.0,804.8800048828125,795.25,802.9099731445312,795.7044677734375,1767500,LLY
2024-05-23,810.0,820.6099853515625,802.1599731445312,808.4500122070312,801.19482421875,3025800,LLY
2024-05-24,808.0,810.1199951171875,804.1500244140625,807.4299926757812,800.1838989257812,1778100,LLY
2024-05-28,809.0,809.0,788.25,807.8599853515625,800.6100463867188,2483500,LLY
2024-05-29,803.0,815.6099853515625,802.0900268554688,811.530029296875,804.2470703125,2380000,LLY
2024-05-30,812.7899780273438,819.989990234375,806.1099853515625,815.0599975585938,807.7454833984375,1984600,LLY
2024-05-31,818.7999877929688,826.2100219726562,811.0999755859375,820.3400268554688,812.9780883789062,4472100,LLY
2024-06-03,823.8300170898438,838.280029296875,818.5,831.260009765625,823.800048828125,2537200,LLY
2024-06-04,834.0,835.469970703125,825.3099975585938,832.5900268554688,825.1181640625,1748300,LLY
2024-06-05,830.489990234375,838.4500122070312,817.6199951171875,831.760009765625,824.2955932617188,2169000,LLY
2024-06-06,834.8800048828125,846.969970703125,831.8800048828125,837.2899780273438,829.7759399414062,2109000,LLY
2024-06-07,837.760009765625,856.8099975585938,837.010009765625,849.989990234375,842.3619384765625,2468800,LLY
2024-06-10,853.97998046875,871.6300048828125,849.3900146484375,865.0,857.2372436523438,3417500,LLY
2024-06-11,882.1400146484375,882.1400146484375,852.22998046875,865.8200073242188,858.0499267578125,4109100,LLY
2024-06-12,872.0,872.0,853.8499755859375,867.2999877929688,859.5166015625,2594600,LLY
2024-06-13,869.030029296875,885.0599975585938,861.5,883.3300170898438,875.4027709960938,2243400,LLY
2024-06-14,882.3300170898438,884.6099853515625,876.0,878.4500122070312,870.5665893554688,2023300,LLY
2024-06-17,878.0,892.2000122070312,876.8599853515625,885.010009765625,877.0676879882812,2532200,LLY
2024-06-18,887.0,894.8699951171875,884.0,891.4600219726562,883.4598388671875,2437000,LLY
2024-06-20,893.0,905.4500122070312,870.1300048828125,885.989990234375,878.0388793945312,3360000,LLY
2024-06-21,885.6599731445312,891.969970703125,879.7999877929688,883.8800048828125,875.9478149414062,3445900,LLY
2024-06-24,889.97998046875,903.5800170898438,882.9400024414062,890.1099853515625,882.1218872070312,2878200,LLY
2024-06-25,891.77001953125,909.4199829101562,891.5,904.6099853515625,896.4917602539062,2830100,LLY
2024-06-26,904.0,906.3499755859375,897.8400268554688,901.260009765625,893.171875,2232100,LLY
2024-06-27,903.530029296875,909.5700073242188,899.719970703125,909.0399780273438,900.882080078125,1948100,LLY
2024-06-28,911.3099975585938,915.5399780273438,905.3800048828125,905.3800048828125,897.2549438476562,3375400,LLY
2024-07-01,911.77001953125,916.8300170898438,904.3099975585938,914.3699951171875,906.1641845703125,2546100,LLY
2024-07-02,902.7100219726562,912.0,878.5,906.7100219726562,898.572998046875,4584600,LLY
2024-07-03,911.0,918.5,884.0,898.0999755859375,890.0402221679688,3078400,LLY
2024-07-05,898.4299926757812,916.4600219726562,896.9000244140625,914.5700073242188,906.3624267578125,2880900,LLY
2024-07-08,917.8900146484375,928.6099853515625,912.0,918.0,909.7615966796875,2364600,LLY
2024-07-09,929.0499877929688,935.0,920.780029296875,932.5,924.1315307617188,2416000,LLY
2024-07-10,936.5700073242188,945.6900024414062,933.0,939.780029296875,931.3462524414062,2683300,LLY
2024-07-11,934.0900268554688,942.8800048828125,918.6199951171875,934.1400146484375,925.7567749023438,2855100,LLY
2024-07-12,937.0,950.7899780273438,936.030029296875,948.4000244140625,939.8888549804688,2315100,LLY
2024-07-15,956.2000122070312,966.0999755859375,948.0900268554688,950.4600219726562,941.9303588867188,2358700,LLY
2024-07-16,955.75,956.3900146484375,938.3800048828125,941.5999755859375,933.14990234375,2111800,LLY
2024-07-17,910.010009765625,925.0,902.6400146484375,905.5900268554688,897.4630126953125,4200600,LLY
2024-07-18,907.030029296875,909.8699951171875,836.6599731445312,848.9000244140625,841.2817993164062,7649600,LLY
2024-07-19,867.6599731445312,880.2100219726562,853.0,857.469970703125,849.7748413085938,3782200,LLY
2024-07-22,864.7999877929688,874.4199829101562,856.8200073242188,865.969970703125,858.1986083984375,2904500,LLY
2024-07-23,870.0,887.719970703125,864.0800170898438,878.2899780273438,870.4078979492188,2087700,LLY
2024-07-24,872.5,878.3400268554688,854.27001953125,859.8800048828125,852.1631469726562,2726100,LLY
2024-07-25,847.0,851.6199951171875,806.3800048828125,821.1900024414062,813.8204345703125,5468000,LLY
2024-07-26,811.8699951171875,822.010009765625,801.2999877929688,804.6199951171875,797.3991088867188,4173900,LLY
2024-07-29,814.010009765625,824.77001953125,804.0,807.7899780273438,800.5407104492188,2473700,LLY
2024-07-30,815.1799926757812,821.9000244140625,775.8099975585938,790.2100219726562,783.1184692382812,3848600,LLY
2024-07-31,800.1699829101562,811.1400146484375,792.0900268554688,804.27001953125,797.0523071289062,2961700,LLY
2024-08-01,833.6199951171875,840.8900146484375,820.1799926757812,832.4400024414062,824.9694213867188,4060700,LLY
2024-08-02,816.6699829101562,820.1900024414062,787.02001953125,804.4600219726562,797.2406005859375,3515900,LLY
2024-08-05,758.0,792.9400024414062,747.5499877929688,775.260009765625,768.3026733398438,4661800,LLY
2024-08-06,789.1400146484375,806.27001953125,785.0,793.1799926757812,786.0618286132812,3437600,LLY
2024-08-07,778.2999877929688,786.5800170898438,763.02001953125,772.1400146484375,765.210693359375,4407700,LLY
2024-08-08,875.0,877.780029296875,825.239990234375,845.3099975585938,837.7239990234375,9434900,LLY
2024-08-09,860.0,908.489990234375,860.0,891.6799926757812,883.6778564453125,6587600,LLY
2024-08-12,904.2100219726562,904.719970703125,883.0,884.3800048828125,876.4434204101562,4206100,LLY
2024-08-13,894.0800170898438,914.6900024414062,890.3300170898438,908.0499877929688,899.90087890625,3506800,LLY
2024-08-14,910.0,934.3800048828125,903.7899780273438,931.6799926757812,923.31884765625,3562900,LLY
2024-08-15,936.0,937.9600219726562,920.0,931.5800170898438,924.5098266601562,3080000,LLY
2024-08-16,928.3900146484375,936.2999877929688,919.3900146484375,922.1199951171875,915.1216430664062,2364900,LLY
2024-08-19,922.1199951171875,926.0,916.5,921.8099975585938,914.8139038085938,2374600,LLY
2024-08-20,932.0999755859375,967.0,930.510009765625,949.969970703125,942.7601318359375,4961500,LLY
2024-08-21,955.6199951171875,956.5,939.1699829101562,951.969970703125,944.7449951171875,2617000,LLY
2024-08-22,951.97998046875,972.530029296875,948.1400146484375,954.1699829101562,946.9283447265625,3183700,LLY
2024-08-23,955.4400024414062,960.5,943.1099853515625,952.739990234375,945.5091552734375,2063300,LLY
2024-08-26,949.2000122070312,955.0,942.77001953125,950.530029296875,943.3159790039062,2166000,LLY
2024-08-27,952.5,972.47998046875,949.9500122070312,954.47998046875,947.2359619140625,2912900,LLY
2024-08-28,954.1500244140625,958.3400268554688,943.260009765625,948.9400024414062,941.7379760742188,1701800,LLY
2024-08-29,955.0,957.52001953125,936.0,940.2000122070312,933.0643920898438,1762800,LLY
2024-08-30,945.0,961.0,940.510009765625,960.02001953125,952.7339477539062,2555100,LLY
2024-09-03,957.77001953125,969.6500244140625,951.5800170898438,956.530029296875,949.2704467773438,2529400,LLY
2024-09-04,949.75,954.0,938.010009765625,946.3099975585938,939.1279907226562,1891700,LLY
2024-09-05,941.1599731445312,943.0,906.1699829101562,912.75,905.8226928710938,3201100,LLY
2024-09-06,917.760009765625,927.9000244140625,893.0,902.7100219726562,895.8589477539062,3440000,LLY
2024-09-09,912.5700073242188,915.4299926757812,895.9199829101562,908.27001953125,901.376708984375,2405900,LLY
2024-09-10,914.1099853515625,915.1099853515625,895.0,901.25,894.409912109375,1930400,LLY
2024-09-11,902.1500244140625,921.5399780273438,897.2000122070312,920.8900146484375,913.9009399414062,2721100,LLY
2024-09-12,924.3099975585938,937.6199951171875,918.6300048828125,935.02001953125,927.9236450195312,2510800,LLY
2024-09-13,937.010009765625,942.3499755859375,922.0999755859375,923.7100219726562,916.6995239257812,2045400,LLY
2024-09-16,931.1300048828125,932.6099853515625,920.4299926757812,923.5399780273438,916.53076171875,1760300,LLY
2024-09-17,921.5,921.5,902.2999877929688,906.1799926757812,899.3025512695312,2248000,LLY
2024-09-18,906.3099975585938,915.5,903.4600219726562,904.969970703125,898.1016845703125,1777000,LLY
2024-09-19,912.8499755859375,916.8099975585938,903.8599853515625,915.0399780273438,908.0952758789062,2446500,LLY
2024-09-20,921.989990234375,939.8599853515625,913.2000122070312,921.489990234375,914.496337890625,9921800,LLY
2024-09-23,921.0,922.0,909.4500122070312,918.52001953125,911.5488891601562,2292000,LLY
2024-09-24,922.1199951171875,925.6799926757812,909.2000122070312,924.4299926757812,917.4140014648438,2767400,LLY
2024-09-25,931.7899780273438,939.2999877929688,921.1900024414062,924.5599975585938,917.5430297851562,1805100,LLY
2024-09-26,920.260009765625,921.8499755859375,905.2999877929688,909.3200073242188,902.4187622070312,2693000,LLY
2024-09-27,893.6199951171875,901.2100219726562,875.6099853515625,877.7899780273438,871.1279907226562,4377300,LLY
2024-09-30,864.52001953125,887.4299926757812,858.8099975585938,885.9400024414062,879.2161865234375,3244600,LLY
2024-10-01,888.8300170898438,891.27001953125,878.8699951171875,884.47998046875,877.7672119140625,2455200,LLY
2024-10-02,880.0,893.3499755859375,878.7000122070312,891.0700073242188,884.3071899414062,1751600,LLY
2024-10-03,889.5399780273438,892.0,880.8800048828125,885.5499877929688,878.8291015625,1974700,LLY
2024-10-04,885.9099731445312,888.969970703125,876.8900146484375,887.1599731445312,880.4268188476562,1970500,LLY
2024-10-07,890.510009765625,905.280029296875,889.5700073242188,898.4000244140625,891.58154296875,2915700,LLY
2024-10-08,903.0,921.969970703125,902.22998046875,913.719970703125,906.7852783203125,2200000,LLY
2024-10-09,916.2899780273438,921.3499755859375,912.0,919.739990234375,912.7595825195312,1820100,LLY
2024-10-10,920.0,922.0,905.1500244140625,910.6900024414062,903.7783203125,1682100,LLY
2024-10-11,916.0399780273438,932.239990234375,911.1799926757812,932.0599975585938,924.9861450195312,2293900,LLY
2024-10-14,936.0,937.0,926.0,929.510009765625,922.4555053710938,1550400,LLY
2024-10-15,924.4400024414062,926.52001953125,907.7999877929688,913.3200073242188,906.3883056640625,2284200,LLY
2024-10-16,910.030029296875,917.8099975585938,897.8400268554688,916.4199829101562,909.4647827148438,1645400,LLY
2024-10-17,921.0,930.510009765625,916.0399780273438,917.1199951171875,910.1594848632812,2191200,LLY
2024-10-18,917.1799926757812,920.9199829101562,905.6199951171875,917.969970703125,911.0029907226562,2286900,LLY
2024-10-21,917.97998046875,918.8599853515625,904.5599975585938,906.1300048828125,899.2529907226562,1592200,LLY
2024-10-22,901.6799926757812,911.1199951171875,900.2000122070312,909.1500244140625,902.2500610351562,1391800,LLY
2024-10-23,905.6199951171875,907.9500122070312,891.72998046875,903.25,896.394775390625,2646600,LLY
2024-10-24,898.3300170898438,900.0,888.280029296875,891.3200073242188,884.5552978515625,1797100,LLY
2024-10-25,899.72998046875,900.9600219726562,889.4500122070312,892.7000122070312,885.9248657226562,2228300,LLY
2024-10-28,894.8699951171875,898.2100219726562,890.780029296875,895.5900268554688,888.79296875,2084100,LLY
2024-10-29,898.2100219726562,907.97998046875,898.2100219726562,903.5800170898438,896.7222900390625,3187500,LLY
2024-10-30,798.5,860.5,769.0,846.8300170898438,840.4030151367188,18257200,LLY
2024-10-31,836.510009765625,853.5,825.239990234375,829.739990234375,823.442626953125,6582800,LLY
2024-11-01,828.0,833.0,816.72998046875,818.9299926757812,812.7146606445312,5266300,LLY
2024-11-04,805.0,820.1900024414062,803.6799926757812,806.1400146484375,800.0218505859375,3918100,LLY
2024-11-05,803.8300170898438,809.2100219726562,797.489990234375,806.0599975585938,799.9424438476562,3733300,LLY
2024-11-06,817.3300170898438,820.72998046875,767.6099853515625,776.3800048828125,770.4876708984375,8257900,LLY
2024-11-07,784.6500244140625,802.5499877929688,778.1900024414062,797.4500122070312,791.3977661132812,4557600,LLY
2024-11-08,803.5,847.27001953125,801.260009765625,831.5399780273438,825.22900390625,7212900,LLY
2024-11-11,831.2999877929688,844.0,824.6300048828125,832.4400024414062,826.1221923828125,3342800,LLY
2024-11-12,830.2000122070312,833.989990234375,810.719970703125,818.8599853515625,812.645263671875,3378600,LLY
2024-11-13,820.3200073242188,829.1099853515625,811.2899780273438,811.8099975585938,805.6487426757812,3059300,LLY
2024-11-14,809.1900024414062,809.1900024414062,783.510009765625,786.22998046875,780.2628784179688,3998800,LLY
2024-11-15,775.1900024414062,777.97998046875,744.2000122070312,746.2000122070312,741.76318359375,7334600,LLY
2024-11-18,733.1900024414062,734.0,711.4000244140625,727.2000122070312,722.8761596679688,9148100,LLY
2024-11-19,716.3099975585938,730.0,712.4199829101562,729.72998046875,725.3910522460938,5832500,LLY
2024-11-20,735.7899780273438,757.3699951171875,735.4600219726562,753.4099731445312,748.9302368164062,5158900,LLY
2024-11-21,746.1199951171875,753.0,735.0,749.9199829101562,745.4610595703125,4143200,LLY
2024-11-22,757.0499877929688,761.280029296875,745.0800170898438,748.010009765625,743.5624389648438,4015500,LLY
2024-11-25,750.0,755.0,740.010009765625,755.0,750.5108642578125,5690500,LLY
2024-11-26,785.2000122070312,807.0,773.9500122070312,789.3200073242188,784.6267700195312,6622600,LLY
2024-11-27,788.1199951171875,794.8300170898438,780.2999877929688,788.1900024414062,783.5034790039062,2714700,LLY
2024-11-29,791.3300170898438,800.3300170898438,789.3300170898438,795.3499755859375,790.6209106445312,2206900,LLY
2024-12-02,798.1099853515625,805.3499755859375,795.219970703125,799.7999877929688,795.04443359375,2895600,LLY
2024-12-03,802.9299926757812,817.1300048828125,801.6099853515625,813.3300170898438,808.4940795898438,2782100,LLY
2024-12-04,828.0999755859375,846.4600219726562,820.5,829.8400268554688,824.9058837890625,3871100,LLY
2024-12-05,827.780029296875,831.1300048828125,817.4600219726562,825.6199951171875,820.7109985351562,2423400,LLY
2024-12-06,827.6799926757812,841.0,825.6900024414062,826.7100219726562,821.7944946289062,3047100,LLY
2024-12-09,823.7000122070312,823.7000122070312,801.280029296875,803.5800170898438,798.802001953125,3176000,LLY
2024-12-10,809.27001953125,814.0,797.0,799.5800170898438,794.8257446289062,2695200,LLY
2024-12-11,795.25,799.5,786.3699951171875,796.030029296875,791.296875,3510900,LLY
2024-12-12,796.72998046875,801.8400268554688,778.3900146484375,782.3499755859375,777.6981811523438,2823800,LLY
2024-12-13,777.1300048828125,794.25,772.989990234375,789.1199951171875,784.427978515625,3059400,LLY
2024-12-16,792.0,799.780029296875,775.25,779.0,774.3681030273438,3426200,LLY
2024-12-17,777.8599853515625,788.0,772.4299926757812,778.6199951171875,773.9904174804688,3924800,LLY
2024-12-18,775.0,779.0,762.5,764.7100219726562,760.1631469726562,3354200,LLY
2024-12-19,765.0999755859375,772.969970703125,752.4000244140625,757.5399780273438,753.03564453125,4032600,LLY
2024-12-20,811.3499755859375,811.3499755859375,766.6099853515625,767.760009765625,763.1950073242188,9942300,LLY
2024-12-23,785.1699829101562,799.3599853515625,773.0700073242188,796.280029296875,791.54541015625,3622300,LLY
2024-12-24,791.3699951171875,797.75,787.0999755859375,795.6699829101562,790.93896484375,1165400,LLY
2024-12-26,794.1199951171875,803.9099731445312,791.5,794.1400146484375,789.4181518554688,1274200,LLY
2024-12-27,790.0,793.2999877929688,779.219970703125,783.1699829101562,778.5133056640625,2096500,LLY
2024-12-30,777.9199829101562,779.760009765625,771.0,773.8400268554688,769.2388305664062,1719100,LLY
2024-12-31,771.0,773.9099731445312,764.2999877929688,772.0,767.4097900390625,2327000,LLY
2025-01-02,780.5900268554688,787.0,771.77001953125,778.0700073242188,773.4436645507812,1938900,LLY
2025-01-03,778.1699829101562,785.8400268554688,775.530029296875,781.97998046875,777.3303833007812,1799100,LLY
2025-01-06,783.719970703125,784.77001953125,763.3499755859375,765.0999755859375,760.55078125,3991100,LLY
2025-01-07,764.9000244140625,783.9600219726562,761.6199951171875,773.2899780273438,768.6920166015625,3576100,LLY
2025-01-08,773.8300170898438,792.5599975585938,770.6699829101562,787.219970703125,782.5392456054688,3478400,LLY
2025-01-10,791.9299926757812,800.0,784.8599853515625,799.9000244140625,795.1439208984375,3973100,LLY
2025-01-13,794.4000244140625,805.3400268554688,783.6099853515625,797.47998046875,792.7382202148438,3683800,LLY
2025-01-14,784.22998046875,784.22998046875,729.0,744.9099731445312,740.4808349609375,10373000,LLY
2025-01-15,749.0,754.5999755859375,735.27001953125,746.739990234375,742.2999267578125,5736900,LLY
2025-01-16,747.5,765.510009765625,746.4000244140625,757.5999755859375,753.0953369140625,3070300,LLY
2025-01-17,747.8300170898438,755.280029296875,725.010009765625,725.719970703125,721.4049682617188,5560100,LLY
2025-01-21,731.27001953125,743.280029296875,726.530029296875,742.3499755859375,737.93603515625,5122800,LLY
2025-01-22,745.5800170898438,760.3699951171875,739.0499877929688,753.97998046875,749.4968872070312,3737800,LLY
2025-01-23,747.6599731445312,766.5999755859375,744.25,766.5999755859375,762.0418701171875,3127200,LLY
2025-01-24,761.9500122070312,789.2899780273438,760.489990234375,785.4099731445312,780.739990234375,4170600,LLY
2025-01-27,778.7100219726562,809.25,778.7100219726562,808.1699829101562,803.3646240234375,3915200,LLY
2025-01-28,807.239990234375,816.1500244140625,800.1099853515625,804.989990234375,800.20361328125,2808800,LLY
2025-01-29,806.989990234375,809.1199951171875,799.0,804.0800170898438,799.299072265625,1827600,LLY
2025-01-30,808.4099731445312,824.6199951171875,805.0,823.22998046875,818.335205078125,2643000,LLY
2025-01-31,823.0,827.3499755859375,811.030029296875,811.0800170898438,806.2574462890625,2561600,LLY
2025-02-03,804.27001953125,817.9600219726562,801.75,810.4299926757812,805.6112670898438,2808800,LLY
2025-02-04,811.0499877929688,829.0399780273438,805.9400024414062,826.0700073242188,821.1583251953125,4299700,LLY
2025-02-05,835.1500244140625,846.9000244140625,831.0599975585938,842.1799926757812,837.1725463867188,4578900,LLY
2025-02-06,839.52001953125,887.739990234375,835.6099853515625,870.3699951171875,865.19482421875,7138500,LLY
2025-02-07,876.530029296875,889.3599853515625,869.6199951171875,878.3099975585938,873.0877075195312,4426100,LLY
2025-02-10,877.72998046875,880.0,859.3699951171875,868.8800048828125,863.7137451171875,3065600,LLY
2025-02-11,867.030029296875,874.1900024414062,860.5,865.0,859.8568115234375,1944200,LLY
2025-02-12,856.9299926757812,877.780029296875,856.1099853515625,872.969970703125,867.7793579101562,2533400,LLY
2025-02-13,877.0700073242188,883.5,867.7999877929688,871.8599853515625,866.676025390625,2472900,LLY
2025-02-14,869.0999755859375,873.5,841.489990234375,844.27001953125,840.696533203125,3222300,LLY
2025-02-18,856.4199829101562,862.72998046875,851.3599853515625,857.2000122070312,853.5717163085938,4289400,LLY
2025-02-19,857.1799926757812,881.3300170898438,857.1799926757812,867.0499877929688,863.3800048828125,3205500,LLY
2025-02-20,866.8400268554688,880.3200073242188,864.0,873.1199951171875,869.4243774414062,2990300,LLY
2025-02-21,880.6199951171875,894.4000244140625,873.4299926757812,873.6799926757812,869.9819946289062,3940400,LLY
2025-02-24,879.2899780273438,893.1099853515625,870.02001953125,881.4000244140625,877.6693115234375,3017100,LLY
2025-02-25,890.739990234375,912.0,890.739990234375,901.7999877929688,897.98291015625,5111300,LLY
2025-02-26,898.3699951171875,922.4299926757812,896.5999755859375,915.010009765625,911.1370849609375,3032800,LLY
2025-02-27,915.719970703125,925.5,904.0599975585938,905.1599731445312,901.3287353515625,3085400,LLY
2025-02-28,901.8400268554688,921.219970703125,892.6099853515625,920.6300048828125,916.7332153320312,4071100,LLY
2025-03-03,912.7999877929688,935.6300048828125,910.0,929.719970703125,925.7847900390625,3979800,LLY
2025-03-04,922.239990234375,929.1599731445312,902.7899780273438,911.0599975585938,907.2037353515625,3343500,LLY
2025-03-05,904.7999877929688,930.489990234375,901.6400146484375,929.719970703125,925.7847900390625,3109500,LLY
2025-03-06,920.4199829101562,931.3800048828125,898.280029296875,912.760009765625,908.8965454101562,3273100,LLY
2025-03-07,905.3900146484375,908.0,861.3900146484375,869.5800170898438,865.8993530273438,4818100,LLY
2025-03-10,853.9099731445312,863.1900024414062,825.780029296875,829.760009765625,826.2479248046875,5962900,LLY
2025-03-11,827.2000122070312,832.3499755859375,811.6400146484375,824.0599975585938,820.572021484375,3796500,LLY
2025-03-12,814.9500122070312,834.6500244140625,813.260009765625,821.8599853515625,818.38134765625,3014800,LLY
2025-03-13,818.239990234375,821.1099853515625,795.3800048828125,801.6500244140625,798.2568969726562,3566300,LLY
2025-03-14,803.1099853515625,815.2100219726562,800.0,813.47998046875,810.0368041992188,3102300,LLY
2025-03-17,816.9500122070312,829.0,814.5700073242188,824.760009765625,821.26904296875,2546600,LLY
2025-03-18,833.4199829101562,836.2899780273438,812.6199951171875,822.510009765625,819.028564453125,2354900,LLY
2025-03-19,821.719970703125,842.1300048828125,819.5,837.010009765625,833.4672241210938,3790500,LLY
2025-03-20,839.030029296875,854.3900146484375,832.4600219726562,842.5700073242188,839.0037231445312,4402700,LLY
2025-03-21,837.7999877929688,850.4299926757812,825.3200073242188,837.5700073242188,834.0248413085938,5963800,LLY
2025-03-24,845.3200073242188,866.8699951171875,837.760009765625,864.9000244140625,861.2391357421875,3102400,LLY
2025-03-25,869.5499877929688,874.9199829101562,847.9199829101562,852.3499755859375,848.7422485351562,2670600,LLY
2025-03-26,845.6900024414062,851.4099731445312,826.4000244140625,826.760009765625,823.2605590820312,2562100,LLY
2025-03-27,822.8200073242188,826.77001953125,815.2899780273438,821.6699829101562,818.1920776367188,2128200,LLY
2025-03-28,820.0,829.780029296875,817.4299926757812,822.510009765625,819.028564453125,2124700,LLY
2025-03-31,808.97998046875,828.010009765625,789.4000244140625,825.9099731445312,822.4141845703125,3737000,LLY
2025-04-01,818.5999755859375,820.6599731445312,797.0,805.22998046875,801.8217163085938,2987700,LLY
2025-04-02,795.0399780273438,819.8499755859375,795.0399780273438,818.219970703125,814.7567138671875,2683800,LLY
2025-04-03,810.510009765625,818.7899780273438,787.0599975585938,789.0900268554688,785.7500610351562,2675100,LLY
2025-04-04,762.1099853515625,768.27001953125,734.7000122070312,738.2100219726562,735.0853881835938,5299400,LLY
2025-04-07,697.9299926757812,748.0,677.0900268554688,723.72998046875,720.6666259765625,6274400,LLY
2025-04-08,754.97998046875,763.5,713.280029296875,726.239990234375,723.166015625,4115200,LLY
2025-04-09,704.4000244140625,754.8300170898438,689.0,753.7100219726562,750.5198364257812,6619000,LLY
2025-04-10,738.9000244140625,741.9500122070312,691.77001953125,720.9099731445312,717.8585815429688,4182700,LLY
2025-04-11,722.8900146484375,735.8400268554688,711.97998046875,732.4099731445312,729.3099365234375,3603400,LLY
2025-04-14,750.4500122070312,759.5599975585938,734.52001953125,754.3499755859375,751.1570434570312,3461200,LLY
2025-04-15,755.5700073242188,765.3099975585938,751.489990234375,757.1799926757812,753.9750366210938,2458100,LLY
2025-04-16,755.6400146484375,756.2999877929688,730.3400268554688,734.9000244140625,731.7894287109375,3302600,LLY
2025-04-17,840.7999877929688,858.0,821.8400268554688,839.9600219726562,836.4047241210938,10853400,LLY
2025-04-21,841.510009765625,843.9099731445312,807.0,818.02001953125,814.5575561523438,3326600,LLY
2025-04-22,821.8800048828125,832.0,814.0,827.5399780273438,824.0372314453125,3086500,LLY
2025-04-23,836.9600219726562,846.010009765625,818.6400146484375,829.4199829101562,825.9093017578125,2714600,LLY
2025-04-24,836.0,862.25,829.2100219726562,859.72998046875,856.0910034179688,2939500,LLY
2025-04-25,859.6599731445312,885.5800170898438,851.0700073242188,884.5399780273438,880.7960205078125,3398900,LLY
2025-04-28,870.4400024414062,882.25,864.4099731445312,877.2899780273438,873.57666015625,3457600,LLY
2025-04-29,877.7000122070312,892.469970703125,874.030029296875,885.2000122070312,881.4532470703125,2454400,LLY
2025-04-30,888.2000122070312,902.5,882.1199951171875,898.9500122070312,895.14501953125,4374100,LLY
2025-05-01,844.0,850.9299926757812,792.0700073242188,794.0999755859375,790.73876953125,12601100,LLY
2025-05-02,825.1199951171875,831.530029296875,807.5900268554688,823.6199951171875,820.1339111328125,6059400,LLY
2025-05-05,817.0,829.6400146484375,812.030029296875,821.4600219726562,817.9830322265625,2889600,LLY
2025-05-06,816.8900146484375,818.4199829101562,770.3499755859375,775.1199951171875,771.8391723632812,5982000,LLY
2025-05-07,780.5,784.3400268554688,772.260009765625,776.719970703125,773.432373046875,3807800,LLY
2025-05-08,765.0,769.97998046875,739.0800170898438,751.4500122070312,748.2693481445312,6162000,LLY
2025-05-09,752.010009765625,762.010009765625,733.0,734.5700073242188,731.4608154296875,4072600,LLY
2025-05-12,727.8699951171875,765.3300170898438,722.1799926757812,755.5700073242188,752.3718872070312,9176100,LLY
2025-05-13,755.5499877929688,759.5,740.8499755859375,746.0599975585938,742.9021606445312,4523900,LLY
2025-05-14,749.239990234375,759.5,714.030029296875,715.5599975585938,712.53125,7558500,LLY
2025-05-15,725.7000122070312,738.6799926757812,712.2100219726562,733.2899780273438,730.1861572265625,5212900,LLY
2025-05-16,740.0,758.8699951171875,738.0,757.3900146484375,755.7301025390625,4645100,LLY
2025-05-19,753.0,758.719970703125,747.5599975585938,755.1099853515625,753.455078125,4062700,LLY
2025-05-20,756.0,763.5,743.0,747.010009765625,745.3728637695312,3873500,LLY
2025-05-21,747.0499877929688,750.52001953125,723.969970703125,724.9500122070312,723.3612060546875,4060000,LLY
2025-05-22,717.0999755859375,722.1900024414062,711.5499877929688,715.2000122070312,713.632568359375,4249900,LLY
2025-05-23,710.0,719.6400146484375,709.0,713.7100219726562,712.1458740234375,2635700,LLY
2025-05-27,717.030029296875,731.3099975585938,714.3300170898438,725.219970703125,723.6305541992188,3792700,LLY
2025-05-28,725.219970703125,729.989990234375,714.739990234375,719.3900146484375,717.8134155273438,2948800,LLY
2025-05-29,719.22998046875,727.3300170898438,716.9600219726562,722.5700073242188,720.9864501953125,2785500,LLY
2025-05-30,725.0,745.9000244140625,717.1099853515625,737.6699829101562,736.0532836914062,6106200,LLY
2025-06-02,732.5,747.3699951171875,730.7000122070312,747.1199951171875,745.4826049804688,2946900,LLY
2025-06-03,746.25,757.0,741.4600219726562,750.780029296875,749.1346435546875,3056500,LLY
2025-06-04,756.3900146484375,772.6199951171875,756.0,765.8400268554688,764.16162109375,3135900,LLY
2025-06-05,769.5,770.0,753.0499877929688,765.6799926757812,764.001953125,3636400,LLY
2025-06-06,768.47998046875,772.5999755859375,765.2000122070312,769.8800048828125,768.1927490234375,2069900,LLY
2025-06-09,771.9500122070312,779.2899780273438,767.5900268554688,773.7100219726562,772.0143432617188,2262200,LLY
2025-06-10,777.0900268554688,808.6300048828125,777.0,807.1900024414062,805.4209594726562,4744400,LLY
2025-06-11,809.6500244140625,820.719970703125,805.030029296875,808.6099853515625,806.8378295898438,3125400,LLY
2025-06-12,810.3300170898438,818.5599975585938,806.3499755859375,812.030029296875,810.2503662109375,2271100,LLY
2025-06-13,810.3400268554688,825.0,808.0999755859375,819.3599853515625,817.5642700195312,2754600,LLY
2025-06-16,821.6799926757812,825.0,805.760009765625,807.5800170898438,805.8101196289062,2821800,LLY
2025-06-17,805.1599731445312,805.1599731445312,788.9400024414062,791.239990234375,789.5059204101562,2875600,LLY
2025-06-18,789.9500122070312,790.6300048828125,779.4400024414062,785.030029296875,783.3095703125,2442900,LLY
2025-06-20,786.0,786.0,755.5599975585938,762.72998046875,761.058349609375,6210600,LLY
2025-06-23,770.530029296875,793.2100219726562,763.8300170898438,770.6400146484375,768.9510498046875,3951500,LLY
2025-06-24,772.8900146484375,784.4400024414062,763.02001953125,778.0800170898438,776.374755859375,2788500,LLY
2025-06-25,779.0,798.9500122070312,773.5999755859375,792.2999877929688,790.5635986328125,3023100,LLY
2025-06-26,793.9500122070312,798.7999877929688,788.25,795.1199951171875,793.3773803710938,3118200,LLY
2025-06-27,795.7999877929688,802.5,774.6400146484375,775.4500122070312,773.7505493164062,4115100,LLY
2025-06-30,778.5399780273438,785.0,774.0,779.530029296875,777.8215942382812,3041500,LLY
2025-07-01,779.530029296875,790.0,773.0,775.9000244140625,774.1995849609375,2734000,LLY
2025-07-02,776.5,779.8400268554688,768.0,779.280029296875,777.5721435546875,1978300,LLY
2025-07-03,780.4600219726562,783.5499877929688,773.0,780.6699829101562,778.9590454101562,1450800,LLY
2025-07-07,780.6799926757812,781.1500244140625,762.030029296875,772.8699951171875,771.1761474609375,2576900,LLY
2025-07-08,774.8499755859375,792.6900024414062,768.7999877929688,777.6599731445312,775.9556274414062,3301800,LLY
2025-07-09,783.7999877929688,794.0,781.989990234375,786.9199829101562,785.1953735351562,2703100,LLY
2025-07-10,789.6699829101562,799.489990234375,786.4299926757812,790.6500244140625,788.917236328125,3130400,LLY
2025-07-11,786.3499755859375,795.72998046875,777.2000122070312,793.010009765625,791.2720336914062,2852500,LLY
2025-07-14,790.0,800.8800048828125,787.3599853515625,799.3400268554688,797.5881958007812,2401400,LLY
2025-07-15,801.6699829101562,805.4199829101562,764.3800048828125,771.75,770.0586547851562,4174100,LLY
2025-07-16,773.5,796.0399780273438,772.1599731445312,789.7999877929688,788.0690307617188,3255400,LLY
2025-07-17,786.7899780273438,790.0,760.02001953125,761.5,759.8311157226562,4107300,LLY
2025-07-18,763.8599853515625,775.9600219726562,760.5,771.7100219726562,770.0187377929688,3357700,LLY
2025-07-21,768.1699829101562,772.0,760.5,762.1799926757812,760.5095825195312,3058000,LLY
2025-07-22,763.3400268554688,778.2899780273438,762.5,776.4400024414062,774.7383422851562,2496600,LLY
2025-07-23,780.0,800.0900268554688,777.0800170898438,798.8900146484375,797.13916015625,2683600,LLY
2025-07-24,801.3599853515625,810.1400146484375,797.6500244140625,805.4299926757812,803.664794921875,2786400,LLY
2025-07-25,809.0,815.1900024414062,802.3699951171875,812.6900024414062,810.908935546875,2976900,LLY
2025-07-28,812.6500244140625,820.219970703125,802.5,808.1099853515625,806.3389282226562,2587700,LLY
2025-07-29,774.5,779.489990234375,755.1799926757812,762.9500122070312,761.2779541015625,7100700,LLY
2025-07-30,774.0,778.0999755859375,758.4099731445312,760.0800170898438,758.4142456054688,4338700,LLY
2025-07-31,747.2999877929688,766.4500122070312,735.4400024414062,740.0700073242188,738.4480590820312,5810300,LLY
2025-08-01,746.8200073242188,768.0,745.989990234375,762.3300170898438,760.6593017578125,4859500,LLY
2025-08-04,759.969970703125,774.47998046875,752.5700073242188,769.0,767.3146362304688,3353400,LLY
2025-08-05,765.5700073242188,769.9400024414062,759.52001953125,765.9500122070312,764.2713623046875,3615200,LLY
2025-08-06,756.5599975585938,763.0,740.1900024414062,746.3699951171875,744.7342529296875,4752100,LLY
2025-08-07,675.6599731445312,678.2899780273438,633.2000122070312,640.8599853515625,639.4554443359375,26101600,LLY
2025-08-08,655.0,656.1799926757812,623.780029296875,625.6500244140625,624.2788696289062,14125100,LLY
2025-08-11,629.4199829101562,654.4400024414062,625.9000244140625,635.219970703125,633.8278198242188,11294200,LLY
2025-08-12,639.5,646.1799926757812,629.4000244140625,639.4299926757812,638.0286254882812,6897400,LLY
2025-08-13,650.4000244140625,661.75,644.5,660.489990234375,659.04248046875,6310000,LLY
2025-08-14,662.0,685.47998046875,655.0999755859375,684.4299926757812,682.9299926757812,8395900,LLY
2025-08-15,694.2000122070312,706.7899780273438,685.7999877929688,701.22998046875,701.22998046875,8224600,LLY
2025-08-18,695.02001953125,707.75,693.5,698.0499877929688,698.0499877929688,4997300,LLY
2025-08-19,706.6099853515625,714.27001953125,698.5499877929688,703.2100219726562,703.2100219726562,5941000,LLY
2025-08-20,701.52001953125,705.7999877929688,685.1500244140625,705.4400024414062,705.4400024414062,4139400,LLY
2025-08-21,705.2000122070312,718.4000244140625,705.2000122070312,709.8200073242188,709.8200073242188,3617300,LLY
2025-08-22,715.0399780273438,719.4600219726562,709.4299926757812,711.6799926757812,711.6799926757812,3222700,LLY
2025-08-25,711.0,713.5,694.22998046875,695.3300170898438,695.3300170898438,2898100,LLY
2025-08-26,716.239990234375,736.1799926757812,713.0999755859375,736.030029296875,736.030029296875,7695600,LLY
2025-08-27,736.9600219726562,746.5900268554688,731.5499877929688,734.1699829101562,734.1699829101562,4326200,LLY
2025-08-28,735.7999877929688,738.5900268554688,726.3400268554688,731.9600219726562,731.9600219726562,3117000,LLY
2025-08-29,732.3200073242188,737.4199829101562,728.5,732.5800170898438,732.5800170898438,2551200,LLY
2025-09-02,727.989990234375,737.1400146484375,723.6400146484375,735.1900024414062,735.1900024414062,3222500,LLY
2025-09-03,732.02001953125,737.8300170898438,729.02001953125,737.8300170898438,737.8300170898438,2222500,LLY
2025-09-04,736.3200073242188,747.0,735.3300170898438,742.9099731445312,742.9099731445312,2423400,LLY
2025-09-05,744.7000122070312,744.7000122070312,722.5700073242188,727.2100219726562,727.2100219726562,3958200,LLY
2025-09-08,729.7100219726562,742.7000122070312,719.219970703125,738.6400146484375,738.6400146484375,4534600,LLY
2025-09-09,734.1799926757812,752.8400268554688,733.8699951171875,750.6099853515625,750.6099853515625,2986900,LLY
2025-09-10,748.0900268554688,755.7999877929688,742.489990234375,754.6199951171875,754.6199951171875,2477400,LLY
2025-09-11,752.47998046875,761.1300048828125,750.3699951171875,756.280029296875,756.280029296875,2197500,LLY
2025-09-12,760.1699829101562,761.5999755859375,748.0,755.3900146484375,755.3900146484375,2198300,LLY
2025-09-15,753.0700073242188,756.3400268554688,742.1099853515625,748.1900024414062,748.1900024414062,2790900,LLY
2025-09-16,745.4099731445312,770.3800048828125,744.5399780273438,764.7100219726562,764.7100219726562,3881300,LLY
2025-09-17,761.489990234375,776.9600219726562,756.3400268554688,760.1300048828125,760.1300048828125,3471200,LLY
2025-09-18,761.3800048828125,772.5399780273438,759.010009765625,762.9299926757812,762.9299926757812,3464000,LLY
2025-09-19,765.0,765.0,749.2000122070312,751.989990234375,751.989990234375,7349500,LLY
2025-09-22,748.5599975585938,762.0399780273438,746.27001953125,754.9500122070312,754.9500122070312,2527400,LLY
2025-09-23,750.5700073242188,753.0,743.1699829101562,746.97998046875,746.97998046875,2910100,LLY
2025-09-24,745.989990234375,746.9400024414062,736.1599731445312,741.8499755859375,741.8499755859375,2243000,LLY
2025-09-25,737.6699829101562,740.0,712.0499877929688,714.5900268554688,714.5900268554688,5136400,LLY
2025-09-26,724.1199951171875,729.0,717.0800170898438,724.5399780273438,724.5399780273438,3559700,LLY
2025-09-29,725.5499877929688,727.8599853515625,716.0800170898438,726.510009765625,726.510009765625,3309200,LLY
2025-09-30,726.9600219726562,766.3499755859375,725.3099975585938,763.0,763.0,6234300,LLY
2025-10-01,763.2999877929688,833.2999877929688,763.2999877929688,825.4199829101562,825.4199829101562,10124500,LLY
2025-10-02,814.3599853515625,834.4600219726562,812.8099975585938,819.8499755859375,819.8499755859375,4291800,LLY
2025-10-03,824.9400024414062,848.1300048828125,816.0999755859375,839.8699951171875,839.8699951171875,5088500,LLY
2025-10-06,839.9500122070312,856.5700073242188,838.6599731445312,845.0499877929688,845.0499877929688,3651400,LLY
2025-10-07,845.0,848.5399780273438,836.5800170898438,843.6300048828125,843.6300048828125,2610800,LLY
2025-10-08,850.0,856.0,844.989990234375,845.719970703125,845.719970703125,2180900,LLY
2025-10-09,851.6900024414062,860.25,845.7000122070312,855.3499755859375,855.3499755859375,3071700,LLY
2025-10-10,858.0,864.3499755859375,830.1099853515625,833.489990234375,833.489990234375,3431000,LLY
2025-10-13,832.6799926757812,835.3200073242188,817.3499755859375,819.4000244140625,819.4000244140625,2167500,LLY
2025-10-14,822.0900268554688,822.0900268554688,806.0,812.3499755859375,812.3499755859375,1928400,LLY
2025-10-15,812.5,830.1900024414062,808.5800170898438,826.5700073242188,826.5700073242188,2355800,LLY
2025-10-16,825.0700073242188,834.7000122070312,815.3699951171875,819.3800048828125,819.3800048828125,2272900,LLY
2025-10-17,788.9600219726562,804.4400024414062,783.8499755859375,802.8300170898438,802.8300170898438,3983000,LLY
2025-10-20,805.5999755859375,809.4099731445312,799.77001953125,808.9600219726562,808.9600219726562,2279700,LLY
2025-10-21,806.9299926757812,812.989990234375,798.7100219726562,799.5700073242188,799.5700073242188,2099500,LLY
2025-10-22,798.4000244140625,815.9400024414062,793.8200073242188,812.4299926757812,812.4299926757812,2930600,LLY
2025-10-23,806.4000244140625,824.7000122070312,806.02001953125,821.0399780273438,821.0399780273438,2628700,LLY
