Date,Open,High,Low,Close,Adj Close,Volume,Ticker
2000-01-03,58.6875,59.3125,56.0,58.28125,35.6680908203125,53228400,MSFT
2000-01-04,56.78125,58.5625,56.125,56.3125,34.46320724487305,54119000,MSFT
2000-01-05,55.5625,58.1875,54.6875,56.90625,34.826595306396484,64059600,MSFT
2000-01-06,56.09375,56.9375,54.1875,55.0,33.65995788574219,54976600,MSFT
2000-01-07,54.3125,56.125,53.65625,55.71875,34.09983825683594,62013600,MSFT
2000-01-10,56.71875,56.84375,55.6875,56.125,34.348472595214844,44963600,MSFT
2000-01-11,55.75,57.125,54.34375,54.6875,33.46870422363281,46743600,MSFT
2000-01-12,54.25,54.4375,52.21875,52.90625,32.378578186035156,66532400,MSFT
2000-01-13,52.1875,54.3125,50.75,53.90625,32.99058532714844,83144000,MSFT
2000-01-14,53.59375,56.96875,52.875,56.125,34.348472595214844,73416400,MSFT
2000-01-18,55.90625,58.25,55.875,57.65625,35.28559875488281,81483600,MSFT
2000-01-19,55.25,55.75,53.0,53.5,32.74195098876953,97568200,MSFT
2000-01-20,53.53125,54.84375,52.9375,53.0,32.43595504760742,56349800,MSFT
2000-01-21,53.5,53.625,51.625,51.875,31.747468948364258,68416200,MSFT
2000-01-24,51.8984375,52.84375,50.40625,50.625,30.98247718811035,63597600,MSFT
2000-01-25,50.5,51.9375,49.78125,51.40625,31.460603713989258,59823200,MSFT
2000-01-26,51.21875,51.75,49.5625,49.6875,30.40871238708496,49365000,MSFT
2000-01-27,49.9453125,50.59375,48.625,49.375,30.217479705810547,63654800,MSFT
2000-01-28,49.0625,50.125,48.625,49.125,30.06446647644043,58225400,MSFT
2000-01-31,48.8125,49.09375,47.4375,48.9375,29.949710845947266,73194200,MSFT
2000-02-01,49.25,51.625,48.84375,51.46875,31.498838424682617,70196600,MSFT
2000-02-02,51.21875,51.96875,50.25,50.40625,30.848583221435547,49915600,MSFT
2000-02-03,51.03125,52.09375,50.0625,51.8125,31.709192276000977,49186000,MSFT
2000-02-04,52.1875,54.0,52.0703125,53.28125,32.60807418823242,55365400,MSFT
2000-02-07,53.40625,53.4375,52.125,53.3125,32.627197265625,40005800,MSFT
2000-02-08,53.21875,55.0,53.21875,54.96875,33.64082717895508,56229000,MSFT
2000-02-09,54.71875,54.71875,51.9375,52.0,31.823978424072266,55090000,MSFT
2000-02-10,51.9453125,53.28125,51.25,53.0,32.43595504760742,54527800,MSFT
2000-02-11,52.4375,52.4375,49.5625,49.96875,30.580821990966797,115559000,MSFT
2000-02-14,50.6171875,50.875,49.53125,49.8125,30.485214233398438,81028600,MSFT
2000-02-15,49.875,50.0,49.0625,49.28125,30.160085678100586,71027600,MSFT
2000-02-16,49.625,50.09375,48.5625,48.8125,29.873226165771484,65202600,MSFT
2000-02-17,49.25,49.84375,48.5703125,49.8125,30.485214233398438,80343400,MSFT
2000-02-18,50.0,50.03125,47.4375,47.53125,29.089092254638672,79063000,MSFT
2000-02-22,47.5625,48.5625,46.40625,46.90625,28.706605911254883,66296200,MSFT
2000-02-23,46.75,47.875,46.03125,47.125,28.8404598236084,75847200,MSFT
2000-02-24,47.125,47.9375,46.0,47.375,28.99346923828125,69733200,MSFT
2000-02-25,47.34375,47.3515625,45.25,45.65625,27.94160270690918,65301400,MSFT
2000-02-28,45.125,46.0625,44.0625,45.78125,28.018091201782227,76131800,MSFT
2000-02-29,45.875,45.875,44.4375,44.6875,27.348726272583008,58437400,MSFT
2000-03-01,44.8125,47.046875,44.46875,45.40625,27.788599014282227,106889800,MSFT
2000-03-02,45.90625,47.6875,45.5625,46.6875,28.572710037231445,106932600,MSFT
2000-03-03,47.375,49.4375,46.9375,48.0625,29.414222717285156,101435200,MSFT
2000-03-06,48.0,48.6875,45.0625,45.3125,27.731220245361328,93609400,MSFT
2000-03-07,48.0625,48.75,45.96875,46.4375,28.419696807861328,135061000,MSFT
2000-03-08,46.90625,48.09375,45.5,47.78125,29.242097854614258,94290000,MSFT
2000-03-09,47.65625,50.0,47.5,50.0,30.599958419799805,88198800,MSFT
2000-03-10,49.78125,51.25,49.75,50.5,30.90595817565918,85589000,MSFT
2000-03-13,48.8125,50.125,48.75,49.0,29.987974166870117,61831800,MSFT
2000-03-14,49.3125,49.625,47.5625,47.5625,29.10822296142578,73489200,MSFT
2000-03-15,47.28125,48.3125,46.84375,47.6875,29.184720993041992,53208000,MSFT
2000-03-16,47.96875,48.34375,46.625,47.6875,29.184720993041992,77300800,MSFT
2000-03-17,47.625,49.75,47.25,49.6875,30.40871238708496,81161600,MSFT
2000-03-20,49.375,49.875,48.25,48.6875,29.79671287536621,47773000,MSFT
2000-03-21,48.375,51.5625,48.25,51.375,31.441486358642578,81648800,MSFT
2000-03-22,51.40625,52.8125,50.5625,51.625,31.59446907043457,93975800,MSFT
2000-03-23,53.40625,56.4375,53.3125,55.9375,34.233707427978516,148224000,MSFT
2000-03-24,56.3125,57.5,54.78125,55.84375,34.17633819580078,112196800,MSFT
2000-03-27,53.8828125,54.125,51.96875,52.03125,31.84308624267578,111434000,MSFT
2000-03-28,51.8125,53.71875,51.1875,52.15625,31.919591903686523,81114400,MSFT
2000-03-29,52.59375,54.46875,52.5625,53.59375,32.799339294433594,64363800,MSFT
2000-03-30,53.09375,54.3125,51.25,51.6875,31.632692337036133,64178400,MSFT
2000-03-31,53.0,54.125,52.0625,53.125,32.512451171875,64281400,MSFT
2000-04-03,47.21875,48.25,45.0,45.4375,27.807710647583008,260118200,MSFT
2000-04-04,45.78125,46.0,42.46875,44.28125,27.1000919342041,181244400,MSFT
2000-04-05,44.125,44.25,42.9375,43.1875,26.430721282958984,82887600,MSFT
2000-04-06,43.9375,44.0,42.6328125,43.0,26.315967559814453,66421400,MSFT
2000-04-07,43.5,44.6875,42.5,44.53125,27.25307846069336,82613600,MSFT
2000-04-10,44.3125,44.3125,43.0,43.03125,26.335094451904297,60685400,MSFT
2000-04-11,42.5625,43.03125,41.75,41.9375,25.66572380065918,71961800,MSFT
2000-04-12,41.0625,41.125,39.375,39.6875,24.288721084594727,153003800,MSFT
2000-04-13,40.4375,41.125,39.5,39.625,24.250465393066406,94316200,MSFT
2000-04-14,39.5625,39.75,36.625,37.0625,22.68221664428711,151217800,MSFT
2000-04-17,37.125,38.0,36.5,37.9375,23.21771812438965,119772200,MSFT
2000-04-18,38.25,40.96875,37.9375,40.28125,24.652099609375,91794600,MSFT
2000-04-19,40.71875,40.75,39.0625,39.34375,24.078344345092773,53715400,MSFT
2000-04-20,39.3125,39.9375,38.75,39.46875,24.154842376708984,52387400,MSFT
2000-04-24,33.625,34.0,32.5,33.3125,20.387226104736328,313645800,MSFT
2000-04-25,34.375,34.75,33.8125,34.6875,21.22871971130371,159517400,MSFT
2000-04-26,35.0,35.5625,33.6875,34.0,20.807979583740234,107091200,MSFT
2000-04-27,33.71875,34.96875,33.6875,34.90625,21.362606048583984,77669800,MSFT
2000-04-28,35.375,35.5,34.125,34.875,21.343475341796875,78082600,MSFT
2000-05-01,36.4375,37.0,35.84375,36.71875,22.471851348876953,107811000,MSFT
2000-05-02,36.40625,36.75,34.75,34.9375,21.381729125976562,97716200,MSFT
2000-05-03,35.1875,35.40625,34.40625,35.28125,21.59210968017578,55354800,MSFT
2000-05-04,35.15625,35.625,34.65625,35.21875,21.55384063720703,43317200,MSFT
2000-05-05,35.125,35.90625,34.9375,35.5625,21.764225006103516,36402200,MSFT
2000-05-08,35.46875,35.6875,34.84375,34.90625,21.362606048583984,36187600,MSFT
2000-05-09,35.09375,35.21875,33.75,33.90625,20.750606536865234,60778400,MSFT
2000-05-10,33.875,33.9375,32.875,33.09375,20.25335121154785,67740000,MSFT
2000-05-11,33.3125,34.0625,32.875,33.9375,20.769725799560547,58390800,MSFT
2000-05-12,34.21875,34.875,34.125,34.40625,21.056602478027344,37886000,MSFT
2000-05-15,34.5,34.71875,34.0,34.6875,21.22871971130371,33899600,MSFT
2000-05-16,34.78125,35.3125,34.53125,34.75,21.266977310180664,48410600,MSFT
2000-05-17,34.4375,34.5625,33.625,33.84375,20.71234893798828,53242000,MSFT
2000-05-18,34.03125,34.03125,32.9375,33.09375,20.25335121154785,53640400,MSFT
2000-05-19,32.6875,32.96875,32.25,32.53125,19.909107208251953,66578000,MSFT
2000-05-22,32.5625,32.625,31.21875,32.09375,19.64134979248047,69955000,MSFT
2000-05-23,31.9375,32.78125,31.53125,31.59375,19.335351943969727,57963200,MSFT
2000-05-24,31.5625,33.28125,31.5,32.78125,20.062097549438477,85482400,MSFT
2000-05-25,32.28125,32.375,30.5625,30.75,18.818981170654297,94348800,MSFT
2000-05-26,31.03125,31.3125,30.1875,30.71875,18.79985237121582,55822000,MSFT
2000-05-30,31.21875,32.0625,31.0,31.6875,19.392732620239258,68536400,MSFT
2000-05-31,31.8203125,31.8515625,31.03125,31.28125,19.144102096557617,54968200,MSFT
2000-06-01,32.1875,33.0,31.90625,32.28125,19.756101608276367,94507200,MSFT
2000-06-02,33.0,33.375,32.5,33.15625,20.291597366333008,80463200,MSFT
2000-06-05,33.0078125,34.1875,33.0,33.4375,20.463729858398438,64400000,MSFT
2000-06-06,34.09375,34.9375,33.90625,34.8125,21.30522346496582,99019000,MSFT
2000-06-07,34.625,35.375,33.5625,35.25,21.572978973388672,76310600,MSFT
2000-06-08,35.78125,36.0625,34.125,34.40625,21.056602478027344,94765600,MSFT
2000-06-09,34.8125,34.84375,34.15625,34.40625,21.056602478027344,35710200,MSFT
2000-06-12,34.5,34.5,33.1875,33.4375,20.463729858398438,49260600,MSFT
2000-06-13,33.375,34.0,33.0625,33.9375,20.769725799560547,44289200,MSFT
2000-06-14,34.90625,35.5,34.75,35.25,21.572978973388672,79992400,MSFT
2000-06-15,35.40625,36.34375,35.3125,36.1875,22.1467227935791,65592600,MSFT
2000-06-16,36.3125,36.5625,35.75,36.28125,22.2041015625,68710600,MSFT
2000-06-19,36.28125,36.90625,36.0,36.84375,22.54833984375,46604800,MSFT
2000-06-20,36.9375,37.625,36.875,37.46875,22.930845260620117,62275000,MSFT
2000-06-21,38.5,41.09375,38.46875,40.34375,24.690353393554688,160399600,MSFT
2000-06-22,40.6875,41.0,39.65625,39.9375,24.441726684570312,87315200,MSFT
2000-06-23,39.96875,40.03125,38.5,38.84375,23.772350311279297,49811600,MSFT
2000-06-26,38.75,40.0625,38.75,39.75,24.32696533203125,48287000,MSFT
2000-06-27,39.625,40.0625,39.1875,39.40625,24.116594314575195,31071200,MSFT
2000-06-28,39.5,40.03125,39.3125,39.46875,24.154842376708984,37459200,MSFT
2000-06-29,39.125,39.46875,38.53125,38.59375,23.619352340698242,38449000,MSFT
2000-06-30,38.53125,40.0,38.34375,40.0,24.479982376098633,52356400,MSFT
2000-07-03,39.84375,40.03125,39.6875,40.0,24.479982376098633,15734800,MSFT
2000-07-05,39.9375,39.9375,39.125,39.25,24.020984649658203,34824400,MSFT
2000-07-06,39.4375,40.84375,39.25,40.46875,24.766849517822266,47873200,MSFT
2000-07-07,40.6328125,41.4375,40.28125,41.0,25.091957092285156,54153200,MSFT
2000-07-10,40.34375,40.65625,39.6875,39.71875,24.307851791381836,52689800,MSFT
2000-07-11,39.40625,40.25,39.25,39.5625,24.212236404418945,37164800,MSFT
2000-07-12,39.125,40.5,38.59375,40.15625,24.57559585571289,58370200,MSFT
2000-07-13,39.40625,40.0,38.6875,39.96875,24.46084976196289,80843200,MSFT
2000-07-14,39.75,39.875,39.21875,39.46875,24.154842376708984,51180600,MSFT
2000-07-17,39.125,39.78125,38.75,39.09375,23.925338745117188,53992800,MSFT
2000-07-18,38.8125,39.75,38.71875,39.25,24.020984649658203,70617200,MSFT
2000-07-19,38.03125,38.75,36.40625,36.5625,22.37622833251953,139924600,MSFT
2000-07-20,36.71875,37.625,36.5625,37.40625,22.89259147644043,54690600,MSFT
2000-07-21,37.375,37.5,35.9375,36.15625,22.12759017944336,56100600,MSFT
2000-07-24,36.03125,36.0625,35.0,35.28125,21.59210968017578,56165600,MSFT
2000-07-25,35.40625,35.5,34.1875,34.5,21.113971710205078,64188600,MSFT
2000-07-26,34.53125,34.75,33.625,33.90625,20.750606536865234,85404600,MSFT
2000-07-27,33.9375,35.0625,33.75,34.6875,21.22871971130371,74337600,MSFT
2000-07-28,35.46875,35.90625,34.8125,34.84375,21.32435417175293,75645600,MSFT
2000-07-31,35.09375,35.5625,34.625,34.90625,21.362606048583984,70283800,MSFT
2000-08-01,34.96875,35.03125,34.09375,34.34375,21.01835060119629,47163600,MSFT
2000-08-02,34.28125,35.21875,34.25,34.6875,21.22871971130371,48269200,MSFT
2000-08-03,34.09375,35.1875,34.0625,35.125,21.496471405029297,54543400,MSFT
2000-08-04,34.71875,34.9375,34.09375,34.5625,21.1522274017334,38107400,MSFT
2000-08-07,35.09375,35.5625,34.875,35.0,21.41997528076172,52741800,MSFT
2000-08-08,35.03125,37.34375,35.0,37.0625,22.68221664428711,138038800,MSFT
2000-08-09,36.875,37.4375,36.5625,37.125,22.720474243164062,63945600,MSFT
2000-08-10,36.90625,37.03125,35.875,36.3125,22.22321891784668,48986000,MSFT
2000-08-11,36.21875,36.34375,35.8125,36.21875,22.16583824157715,35629600,MSFT
2000-08-14,36.15625,36.6875,35.6875,36.09375,22.089353561401367,53427000,MSFT
2000-08-15,36.0,36.5,35.75,35.8125,21.917224884033203,40714200,MSFT
2000-08-16,35.9375,36.125,35.28125,35.5,21.725975036621094,44976200,MSFT
2000-08-17,35.5625,36.0,35.28125,35.78125,21.898099899291992,36112800,MSFT
2000-08-18,35.5625,35.71875,35.0,35.5,21.725975036621094,54438800,MSFT
2000-08-21,35.34375,35.40625,35.03125,35.3125,21.61121940612793,34119600,MSFT
2000-08-22,35.40625,36.21875,35.109375,35.625,21.802480697631836,54428200,MSFT
2000-08-23,35.40625,35.5625,35.1875,35.375,21.649473190307617,36726800,MSFT
2000-08-24,35.3125,35.59375,34.96875,35.5625,21.764225006103516,42405400,MSFT
2000-08-25,35.34375,35.84375,35.28125,35.3125,21.61121940612793,52729400,MSFT
2000-08-28,35.09375,36.0625,35.0625,35.65625,21.821596145629883,56421600,MSFT
2000-08-29,35.59375,36.375,35.4375,35.46875,21.706850051879883,59400200,MSFT
2000-08-30,35.34375,35.46875,34.84375,35.0,21.41997528076172,53498800,MSFT
2000-08-31,35.4375,36.0,34.84375,34.90625,21.362606048583984,72575400,MSFT
2000-09-01,35.0,35.3125,34.84375,35.09375,21.477357864379883,37629800,MSFT
2000-09-05,35.0,35.34375,34.90625,35.0625,21.458223342895508,50755200,MSFT
2000-09-06,35.03125,35.34375,34.65625,34.71875,21.24785041809082,62960800,MSFT
2000-09-07,35.0,36.03125,34.71875,35.03125,21.43910789489746,111711200,MSFT
2000-09-08,35.1875,35.4375,34.59375,34.65625,21.209604263305664,56709600,MSFT
2000-09-11,34.5625,34.84375,34.03125,34.40625,21.056602478027344,48495200,MSFT
2000-09-12,34.375,34.65625,33.8125,34.0625,20.846223831176758,46781200,MSFT
2000-09-13,33.78125,34.375,33.59375,34.125,20.884477615356445,40744800,MSFT
2000-09-14,34.34375,34.375,32.84375,32.90625,20.138593673706055,78503000,MSFT
2000-09-15,32.71875,32.8125,31.65625,32.09375,19.64134979248047,99915200,MSFT
2000-09-18,32.125,32.3125,31.09375,31.5,19.27797508239746,69037800,MSFT
2000-09-19,31.8125,32.875,31.6875,32.5,19.88998031616211,79311200,MSFT
2000-09-20,32.4375,32.5,31.59375,32.125,19.660478591918945,67791400,MSFT
2000-09-21,32.0,32.5625,31.78125,32.09375,19.64134979248047,48952200,MSFT
2000-09-22,30.5625,31.75,30.5,31.625,19.354475021362305,84476600,MSFT
2000-09-25,31.625,31.75,30.21875,30.625,18.74247932434082,53484200,MSFT
2000-09-26,30.46875,32.9375,30.21875,31.34375,19.182348251342773,155704800,MSFT
2000-09-27,31.71875,31.78125,29.90625,30.3125,18.551227569580078,106155600,MSFT
2000-09-28,30.40625,30.9375,30.3125,30.65625,18.76160430908203,52360400,MSFT
2000-09-29,30.5,30.65625,29.3125,30.15625,18.455617904663086,74053600,MSFT
2000-10-02,30.25,30.40625,29.125,29.5625,18.09222984313965,58562400,MSFT
2000-10-03,29.78125,29.90625,28.25,28.28125,17.308103561401367,85374000,MSFT
2000-10-04,28.1875,28.28125,27.25,27.71875,16.96385383605957,136453400,MSFT
2000-10-05,27.75,28.625,27.625,27.6875,16.944740295410156,81099400,MSFT
2000-10-06,27.90625,28.375,27.375,27.78125,17.002103805541992,61794000,MSFT
2000-10-09,27.8125,27.875,26.5,27.09375,16.581357955932617,58323600,MSFT
2000-10-10,26.96875,27.78125,26.90625,27.28125,16.69611167907715,62066200,MSFT
2000-10-11,27.0,28.46875,27.0,27.875,17.05948257446289,101205800,MSFT
2000-10-12,28.15625,28.4375,26.90625,27.1875,16.63872718811035,90219600,MSFT
2000-10-13,26.9375,27.4375,26.0625,26.875,16.447473526000977,104521200,MSFT
2000-10-16,26.75,26.90625,24.78125,25.1875,15.414731979370117,119759000,MSFT
2000-10-17,25.9375,26.21875,25.125,25.21875,15.433866500854492,81276600,MSFT
2000-10-18,24.8125,26.625,24.21875,25.875,15.835489273071289,110536400,MSFT
2000-10-19,29.21875,31.09375,29.0,30.9375,18.93372344970703,256993200,MSFT
2000-10-20,30.65625,33.0625,30.5625,32.59375,19.94734764099121,160378600,MSFT
2000-10-23,32.3125,33.125,30.34375,31.0625,19.010229110717773,185170400,MSFT
2000-10-24,31.3125,31.46875,30.09375,30.75,18.818981170654297,94427400,MSFT
2000-10-25,30.96875,31.71875,30.21875,30.625,18.74247932434082,167603800,MSFT
2000-10-26,30.5,32.53125,30.40625,32.21875,19.717851638793945,114826600,MSFT
2000-10-27,32.34375,34.59375,32.3125,33.84375,20.71234893798828,124292400,MSFT
2000-10-30,33.75,35.0625,33.6875,34.53125,21.13309669494629,110057600,MSFT
2000-10-31,34.5,34.75,34.0,34.4375,21.075733184814453,104474000,MSFT
2000-11-01,34.25,35.03125,34.21875,34.8125,21.30522346496582,81309400,MSFT
2000-11-02,35.1875,35.421875,34.8125,35.15625,21.515596389770508,77985200,MSFT
2000-11-03,34.625,34.8125,34.03125,34.125,20.884477615356445,68711000,MSFT
2000-11-06,34.34375,35.0625,34.125,34.75,21.266977310180664,74851400,MSFT
2000-11-07,34.875,35.9375,34.75,35.25,21.572978973388672,104331200,MSFT
2000-11-08,35.5625,36.1875,34.0,34.71875,21.24785041809082,206149400,MSFT
2000-11-09,34.25,35.65625,34.21875,35.4375,21.687725067138672,91058600,MSFT
2000-11-10,34.96875,35.15625,33.40625,33.6875,20.616718292236328,93744400,MSFT
2000-11-13,33.34375,34.0625,32.203125,33.21875,20.329856872558594,83364800,MSFT
2000-11-14,34.0,34.90625,33.65625,34.40625,21.056602478027344,84218600,MSFT
2000-11-15,34.53125,35.4375,34.34375,35.03125,21.43910789489746,60422200,MSFT
2000-11-16,34.71875,35.75,34.46875,34.46875,21.094860076904297,92128600,MSFT
2000-11-17,34.71875,35.0,33.8984375,34.53125,21.13309669494629,106525600,MSFT
2000-11-20,34.0625,34.25,32.78125,33.59375,20.55935287475586,80157200,MSFT
2000-11-21,33.6875,34.625,33.6875,33.875,20.731477737426758,59487600,MSFT
2000-11-22,33.03125,34.75,33.0,34.125,20.884477615356445,76343200,MSFT
2000-11-24,34.5,35.21875,34.25,34.96875,21.40085220336914,34439200,MSFT
2000-11-27,35.71875,36.125,35.3125,35.34375,21.630353927612305,85307600,MSFT
2000-11-28,34.6875,34.875,33.40625,33.5,20.50197410583496,127446200,MSFT
2000-11-29,33.40625,33.5625,31.625,32.53125,19.909107208251953,98280400,MSFT
2000-11-30,31.0,31.03125,28.5,28.6875,17.556726455688477,197200800,MSFT
2000-12-01,29.03125,30.3125,28.03125,28.3125,17.327228546142578,109809800,MSFT
2000-12-04,28.625,29.5,27.59375,28.21875,17.26984977722168,80407200,MSFT
2000-12-05,29.59375,30.25,29.125,29.9375,18.321735382080078,101734400,MSFT
2000-12-06,30.0,30.03125,28.03125,28.34375,17.346357345581055,90560800,MSFT
2000-12-07,26.71875,27.0,26.125,26.5625,16.2562255859375,145308400,MSFT
2000-12-08,27.3125,27.9375,26.71875,27.21875,16.657855987548828,120939800,MSFT
2000-12-11,27.75,29.375,27.5,29.03125,17.76711082458496,95576200,MSFT
2000-12-12,28.90625,30.0,28.375,29.1875,17.862735748291016,63106000,MSFT
2000-12-13,30.25,30.25,28.40625,28.625,17.518478393554688,98360400,MSFT
2000-12-14,28.96875,29.3671875,27.6875,27.75,16.98297691345215,71201400,MSFT
2000-12-15,25.5234375,26.0,23.875,24.59375,15.05135440826416,116899800,MSFT
2000-12-18,24.5,25.0,23.5,23.90625,14.630614280700684,107187400,MSFT
2000-12-19,23.71875,24.0,22.25,22.40625,13.712610244750977,120271800,MSFT
2000-12-20,21.40625,22.0,20.6875,20.75,12.69898796081543,149037800,MSFT
2000-12-21,20.375,22.5625,20.15625,21.71875,13.291862487792969,163173000,MSFT
2000-12-22,22.375,23.5625,22.375,23.21875,14.209848403930664,109551800,MSFT
2000-12-26,23.4375,24.28125,22.9375,23.4375,14.343733787536621,66941600,MSFT
2000-12-27,23.0625,23.40625,22.5,23.21875,14.209848403930664,69003800,MSFT
2000-12-28,22.5625,23.125,21.9375,22.28125,13.63611125946045,77619200,MSFT
2000-12-29,21.96875,22.90625,21.5,21.6875,13.272730827331543,99977600,MSFT
2001-01-02,22.0625,22.5,21.4375,21.6875,13.272730827331543,82413200,MSFT
2001-01-03,21.59375,24.4375,21.5625,23.96875,14.668858528137207,135962200,MSFT
2001-01-04,23.90625,25.25,23.4375,24.21875,14.821856498718262,112397000,MSFT
2001-01-05,24.25,24.9375,23.78125,24.5625,15.032233238220215,93414600,MSFT
2001-01-08,24.46875,24.875,23.34375,24.46875,14.974855422973633,79817600,MSFT
2001-01-09,25.0,26.3125,24.875,25.90625,15.854596138000488,114965400,MSFT
2001-01-10,25.5,26.90625,25.375,26.4375,16.17972755432129,90230200,MSFT
2001-01-11,26.5,27.875,26.15625,27.5,16.829978942871094,101854800,MSFT
2001-01-12,27.4375,27.5,26.25,26.75,16.370975494384766,73712000,MSFT
2001-01-16,26.6875,26.75,25.5625,26.28125,16.0841064453125,68462400,MSFT
2001-01-17,26.8125,27.4375,26.28125,26.46875,16.198856353759766,72844200,MSFT
2001-01-18,26.84375,28.09375,26.3125,27.75,16.98297691345215,109788800,MSFT
2001-01-19,30.0,30.71875,29.4375,30.5,18.665977478027344,209348800,MSFT
2001-01-22,30.375,30.5,29.5,30.0625,18.398225784301758,76673000,MSFT
2001-01-23,29.875,30.46875,29.46875,30.28125,18.532106399536133,70295200,MSFT
2001-01-24,30.5,31.71875,30.375,31.46875,19.258861541748047,110455000,MSFT
2001-01-25,31.375,32.0,30.78125,30.90625,18.91460418701172,85657400,MSFT
2001-01-26,30.5,32.15625,30.5,32.0,19.5839786529541,93080000,MSFT
2001-01-29,31.78125,32.3125,31.75,32.25,19.736976623535156,84983800,MSFT
2001-01-30,32.25,32.375,31.4375,31.6875,19.392732620239258,57276800,MSFT
2001-01-31,31.5,31.875,30.5,30.53125,18.685104370117188,81898800,MSFT
2001-02-01,30.40625,31.3125,30.1875,31.1875,19.086721420288086,71792800,MSFT
2001-02-02,31.25,31.6875,30.375,30.40625,18.608604431152344,71100000,MSFT
2001-02-05,30.375,31.03125,30.125,30.96875,18.952844619750977,51399200,MSFT
2001-02-06,31.03125,31.90625,30.84375,31.28125,19.144102096557617,96442000,MSFT
2001-02-07,31.0,32.53125,30.90625,32.34375,19.794347763061523,126061800,MSFT
2001-02-08,31.875,32.25,31.0,31.125,19.048480987548828,88041200,MSFT
2001-02-09,30.65625,30.78125,29.25,29.5625,18.09222984313965,100575200,MSFT
2001-02-12,29.40625,29.71875,28.59375,29.375,17.977487564086914,71289400,MSFT
2001-02-13,29.8125,30.53125,29.0625,29.09375,17.80535125732422,76070600,MSFT
2001-02-14,28.8125,29.5,28.1875,29.1875,17.862735748291016,61728400,MSFT
2001-02-15,29.5,30.09375,28.9375,29.40625,17.996591567993164,65627800,MSFT
2001-02-16,28.5,29.125,28.0625,28.65625,17.53760528564453,66958400,MSFT
2001-02-20,28.6875,29.125,27.6875,27.9375,17.09773063659668,60730800,MSFT
2001-02-21,27.625,29.03125,27.59375,28.125,17.212488174438477,63947200,MSFT
2001-02-22,28.15625,28.40625,26.9375,27.59375,16.887357711791992,100816400,MSFT
2001-02-23,27.21875,28.75,27.15625,28.375,17.365482330322266,92620600,MSFT
2001-02-26,28.8125,29.96875,28.6875,29.78125,18.226106643676758,87936800,MSFT
2001-02-27,29.6875,30.59375,29.3359375,29.6875,18.168737411499023,99148600,MSFT
2001-02-28,29.78125,30.0390625,29.09375,29.5,18.053983688354492,84608400,MSFT
2001-03-01,29.28125,29.75,28.125,29.6796875,18.163944244384766,81781600,MSFT
2001-03-02,28.75,29.0625,28.21875,28.34375,17.346357345581055,79800800,MSFT
2001-03-05,28.625,29.3125,28.28125,28.71875,17.575864791870117,49383600,MSFT
2001-03-06,29.3125,30.0,29.1875,29.71875,18.18785285949707,66781800,MSFT
2001-03-07,29.9375,30.5625,29.65625,30.34375,18.570358276367188,59743600,MSFT
2001-03-08,30.15625,30.296875,29.21875,29.625,18.130481719970703,54626000,MSFT
2001-03-09,28.96875,29.09375,27.4375,28.34375,17.346357345581055,103794400,MSFT
2001-03-12,27.34375,27.5,25.8125,25.96875,15.892860412597656,114376000,MSFT
2001-03-13,26.09375,27.375,26.0,27.09375,16.581357955932617,91035600,MSFT
2001-03-14,26.25,27.625,26.09375,27.0,16.52398681640625,90686200,MSFT
2001-03-15,27.65625,28.0390625,26.75,26.84375,16.42835235595703,71638400,MSFT
2001-03-16,26.25,27.5625,26.2421875,27.28125,16.69611167907715,112848800,MSFT
2001-03-19,27.25,27.75,26.5625,27.15625,16.619600296020508,61036400,MSFT
2001-03-20,27.28125,28.0625,26.3125,26.34375,16.122360229492188,91822800,MSFT
2001-03-21,26.125,26.625,24.875,25.03125,15.319109916687012,124988600,MSFT
2001-03-22,25.28125,27.03125,25.25,27.0,16.52398681640625,126363200,MSFT
2001-03-23,27.46875,28.5,27.1875,28.28125,17.308103561401367,99519600,MSFT
2001-03-26,28.5625,28.75,27.78125,28.03125,17.15510368347168,63118600,MSFT
2001-03-27,28.03125,29.28125,27.9375,29.125,17.82447624206543,95135600,MSFT
2001-03-28,28.6875,28.96875,27.6875,27.78125,17.002103805541992,78681600,MSFT
2001-03-29,27.6875,28.59375,27.28125,27.6875,16.944740295410156,86985000,MSFT
2001-03-30,27.875,28.09375,26.9375,27.34375,16.734352111816406,91201600,MSFT
2001-04-02,27.40625,28.46875,27.3125,27.90625,17.078609466552734,75924000,MSFT
2001-04-03,27.65625,27.65625,26.375,26.6875,16.332727432250977,94187600,MSFT
2001-04-04,26.6875,27.5,25.53125,25.96875,15.892860412597656,104046600,MSFT
2001-04-05,26.875,28.6875,26.75,28.375,17.365482330322266,113364000,MSFT
2001-04-06,28.1875,28.59375,27.53125,28.09375,17.193349838256836,92622000,MSFT
2001-04-09,28.28499984741211,28.709999084472656,27.829999923706055,28.575000762939453,17.487876892089844,56295600,MSFT
2001-04-10,28.975000381469727,30.045000076293945,28.889999389648438,29.84000015258789,18.26206398010254,109199400,MSFT
2001-04-11,30.325000762939453,30.75,29.850000381469727,30.020000457763672,18.372224807739258,109879600,MSFT
2001-04-12,29.780000686645508,31.155000686645508,29.674999237060547,31.09000015258789,19.027057647705078,87520000,MSFT
2001-04-16,30.700000762939453,30.790000915527344,30.059999465942383,30.395000457763672,18.60172462463379,65857400,MSFT
2001-04-17,30.260000228881836,31.05500030517578,30.020000457763672,30.739999771118164,18.81285858154297,85149200,MSFT
2001-04-18,31.69499969482422,33.154998779296875,31.5,32.71500015258789,20.021547317504883,156696400,MSFT
2001-04-19,32.904998779296875,34.5,32.875,34.02000045776367,20.82021141052246,159375600,MSFT
2001-04-20,35.150001525878906,35.54999923706055,34.25,34.5,21.113971710205078,192919600,MSFT
2001-04-23,34.05500030517578,34.23500061035156,33.45000076293945,34.125,20.884477615356445,92171200,MSFT
2001-04-24,34.099998474121094,34.96500015258789,33.56999969482422,33.775001525878906,20.67027473449707,89176600,MSFT
2001-04-25,33.78499984741211,34.89500045776367,33.625,34.845001220703125,21.325115203857422,76744000,MSFT
2001-04-26,35.03499984741211,35.5,34.125,34.564998626708984,21.153751373291016,118737600,MSFT
2001-04-27,34.76499938964844,34.84000015258789,33.10499954223633,33.560001373291016,20.538705825805664,121572400,MSFT
2001-04-30,34.26499938964844,34.529998779296875,33.84000015258789,33.875,20.731477737426758,74368200,MSFT
2001-05-01,33.83000183105469,35.150001525878906,33.79999923706055,35.084999084472656,21.471988677978516,83702800,MSFT
2001-05-02,35.5,35.57500076293945,34.67499923706055,34.880001068115234,21.346542358398438,92864400,MSFT
2001-05-03,34.625,35.09000015258789,34.06999969482422,34.26499938964844,20.97015953063965,66273400,MSFT
2001-05-04,34.0,35.525001525878906,33.97999954223633,35.375,21.649473190307617,119538400,MSFT
2001-05-07,35.415000915527344,36.07500076293945,35.349998474121094,35.689998626708984,21.842266082763672,109356200,MSFT
2001-05-08,35.875,36.04999923706055,35.375,36.029998779296875,22.050338745117188,75084000,MSFT
2001-05-09,35.619998931884766,35.650001525878906,34.93000030517578,35.20000076293945,21.542369842529297,76676600,MSFT
2001-05-10,35.564998626708984,35.619998931884766,34.97999954223633,35.0,21.41997528076172,64334600,MSFT
2001-05-11,34.97999954223633,35.0,34.32500076293945,34.70000076293945,21.23638153076172,51128800,MSFT
2001-05-14,34.564998626708984,34.599998474121094,34.150001525878906,34.36000061035156,21.02829933166504,44968000,MSFT
2001-05-15,34.369998931884766,34.650001525878906,34.0,34.1349983215332,20.890592575073242,61385600,MSFT
2001-05-16,33.849998474121094,34.939998626708984,33.665000915527344,34.58000183105469,21.162935256958008,91893800,MSFT
2001-05-17,34.54999923706055,35.06999969482422,33.775001525878906,34.084999084472656,20.859994888305664,106984800,MSFT
2001-05-18,33.845001220703125,34.599998474121094,33.625,34.04499816894531,20.835519790649414,90605400,MSFT
2001-05-21,34.025001525878906,34.994998931884766,33.875,34.39500045776367,21.04971694946289,103491600,MSFT
2001-05-22,34.724998474121094,35.17499923706055,34.59000015258789,35.154998779296875,21.514835357666016,83455600,MSFT
2001-05-23,35.19499969482422,35.79999923706055,34.755001068115234,34.849998474121094,21.328174591064453,93637400,MSFT
2001-05-24,34.970001220703125,35.88999938964844,34.6349983215332,35.86000061035156,21.94629669189453,80781600,MSFT
2001-05-25,35.83000183105469,35.95000076293945,35.18000030517578,35.45500183105469,21.698436737060547,52747600,MSFT
2001-05-29,35.400001525878906,35.875,35.025001525878906,35.16999816894531,21.524015426635742,71210800,MSFT
2001-05-30,34.779998779296875,35.290000915527344,34.32500076293945,34.595001220703125,21.172117233276367,86501800,MSFT
2001-05-31,34.744998931884766,35.189998626708984,34.20000076293945,34.59000015258789,21.169057846069336,70682600,MSFT
2001-06-01,34.79999923706055,35.349998474121094,34.349998474121094,35.16999816894531,21.524015426635742,57587600,MSFT
2001-06-04,35.275001525878906,35.5099983215332,34.900001525878906,35.38999938964844,21.658649444580078,43736600,MSFT
2001-06-05,35.380001068115234,36.540000915527344,35.25,36.29999923706055,22.215574264526367,89454200,MSFT
2001-06-06,36.44499969482422,36.7400016784668,35.775001525878906,36.18000030517578,22.142139434814453,80022800,MSFT
2001-06-07,36.060001373291016,36.8650016784668,36.040000915527344,36.84000015258789,22.546056747436523,66960000,MSFT
2001-06-08,36.849998474121094,36.875,36.025001525878906,36.595001220703125,22.396114349365234,51867000,MSFT
2001-06-11,36.42499923706055,36.42499923706055,35.755001068115234,36.060001373291016,22.068687438964844,47345600,MSFT
2001-06-12,35.5099983215332,36.20500183105469,35.404998779296875,36.040000915527344,22.056459426879883,66714600,MSFT
2001-06-13,36.025001525878906,36.150001525878906,35.31999969482422,35.345001220703125,21.63111114501953,55302400,MSFT
2001-06-14,35.11000061035156,35.275001525878906,34.20000076293945,34.45000076293945,21.0833797454834,71972400,MSFT
2001-06-15,33.755001068115234,34.150001525878906,33.20000076293945,34.0099983215332,20.814090728759766,108354400,MSFT
2001-06-18,33.974998474121094,33.97999954223633,33.005001068115234,33.439998626708984,20.465255737304688,56846800,MSFT
2001-06-19,34.10499954223633,34.42499923706055,33.42499923706055,33.65999984741211,20.599899291992188,63457400,MSFT
2001-06-20,33.56999969482422,34.79499816894531,33.54999923706055,34.70500183105469,21.239437103271484,64108400,MSFT
2001-06-21,34.57500076293945,35.275001525878906,34.459999084472656,34.91999816894531,21.371002197265625,69603800,MSFT
2001-06-22,35.0,35.30500030517578,34.290000915527344,34.415000915527344,21.061962127685547,51092000,MSFT
2001-06-25,34.54999923706055,34.904998779296875,33.8849983215332,34.42499923706055,21.068084716796875,49215600,MSFT
2001-06-26,33.90999984741211,35.10499954223633,33.849998474121094,35.06999969482422,21.462814331054688,63077000,MSFT
2001-06-27,34.93000030517578,35.76499938964844,34.68000030517578,35.56999969482422,21.768817901611328,69199800,MSFT
2001-06-28,35.775001525878906,38.07500076293945,35.26499938964844,36.369998931884766,22.258411407470703,128975600,MSFT
2001-06-29,36.29999923706055,36.70500183105469,35.70000076293945,36.5,22.337984085083008,94283800,MSFT
2001-07-02,36.025001525878906,36.57500076293945,35.07500076293945,35.29999923706055,21.603578567504883,72810200,MSFT
2001-07-03,35.150001525878906,35.400001525878906,34.96500015258789,35.23500061035156,21.563791275024414,28037400,MSFT
2001-07-05,35.11000061035156,35.36000061035156,34.220001220703125,34.255001068115234,20.964027404785156,49242600,MSFT
2001-07-06,34.150001525878906,34.20000076293945,32.834999084472656,33.029998779296875,20.214330673217773,67467800,MSFT
2001-07-09,33.099998474121094,33.45500183105469,32.52000045776367,32.845001220703125,20.101123809814453,66476600,MSFT
2001-07-10,32.95000076293945,33.125,32.17499923706055,32.2400016784668,19.730859756469727,66562600,MSFT
2001-07-11,32.10499954223633,33.375,32.099998474121094,33.25,20.348979949951172,73822600,MSFT
2001-07-12,35.349998474121094,36.025001525878906,35.165000915527344,35.79999923706055,21.909574508666992,128078000,MSFT
2001-07-13,35.70000076293945,36.0,35.470001220703125,35.66999816894531,21.830013275146484,58934600,MSFT
2001-07-16,35.724998474121094,36.08000183105469,35.07500076293945,35.59000015258789,21.781057357788086,55990800,MSFT
2001-07-17,35.33000183105469,36.005001068115234,35.06999969482422,35.90999984741211,21.97689437866211,63241000,MSFT
2001-07-18,35.29999923706055,35.75,34.935001373291016,35.28499984741211,21.594383239746094,57590800,MSFT
2001-07-19,35.61000061035156,36.5,35.61000061035156,36.28499984741211,22.206396102905273,76549400,MSFT
2001-07-20,34.01499938964844,34.70000076293945,33.970001220703125,34.59000015258789,21.169057846069336,124203600,MSFT
2001-07-23,34.619998931884766,34.619998931884766,33.17499923706055,33.54499816894531,20.529512405395508,79999400,MSFT
2001-07-24,33.5,33.994998931884766,32.849998474121094,33.15999984741211,20.293903350830078,67530200,MSFT
2001-07-25,33.130001068115234,33.7599983215332,32.80500030517578,33.7400016784668,20.648853302001953,74065400,MSFT
2001-07-26,33.560001373291016,33.65999984741211,32.75,33.29499816894531,20.37651824951172,77974000,MSFT
2001-07-27,33.025001525878906,33.125,32.525001525878906,32.73500061035156,20.033802032470703,65396000,MSFT
2001-07-30,32.82500076293945,33.439998626708984,32.77000045776367,32.900001525878906,20.13477897644043,42196400,MSFT
2001-07-31,33.005001068115234,33.69499969482422,32.92499923706055,33.095001220703125,20.254121780395508,59031600,MSFT
2001-08-01,33.400001525878906,33.404998779296875,32.880001068115234,33.23500061035156,20.339792251586914,55679000,MSFT
2001-08-02,33.60499954223633,33.77000045776367,33.130001068115234,33.724998474121094,20.639677047729492,54198400,MSFT
2001-08-03,33.650001525878906,33.68000030517578,33.0,33.44499969482422,20.468318939208984,43260400,MSFT
2001-08-06,33.26499938964844,33.560001373291016,32.84000015258789,33.064998626708984,20.235748291015625,27831600,MSFT
2001-08-07,33.02000045776367,33.525001525878906,32.994998931884766,33.17499923706055,20.303077697753906,31347800,MSFT
2001-08-08,33.255001068115234,33.619998931884766,32.244998931884766,32.43000030517578,19.84714126586914,54996400,MSFT
2001-08-09,32.4900016784668,32.775001525878906,32.150001525878906,32.505001068115234,19.893043518066406,45536200,MSFT
2001-08-10,32.3849983215332,32.93000030517578,31.450000762939453,32.7599983215332,20.04909324645996,51756400,MSFT
2001-08-13,32.619998931884766,32.994998931884766,32.375,32.915000915527344,20.14396095275879,32675400,MSFT
2001-08-14,32.875,33.04499816894531,32.224998474121094,32.345001220703125,19.795120239257812,36481200,MSFT
2001-08-15,32.35499954223633,32.525001525878906,31.600000381469727,31.600000381469727,19.339176177978516,39503000,MSFT
2001-08-16,31.420000076293945,32.35499954223633,31.350000381469727,32.310001373291016,19.773700714111328,43905600,MSFT
2001-08-17,31.889999389648438,32.064998626708984,30.75,30.940000534057617,18.935258865356445,52234200,MSFT
2001-08-20,30.829999923706055,31.375,30.549999237060547,31.350000381469727,19.186172485351562,48371200,MSFT
2001-08-21,31.350000381469727,31.600000381469727,30.354999542236328,30.389999389648438,18.598661422729492,47111800,MSFT
2001-08-22,30.565000534057617,30.575000762939453,29.540000915527344,30.329999923706055,18.561931610107422,78107200,MSFT
2001-08-23,30.334999084472656,30.764999389648438,29.5,29.559999465942383,18.0907039642334,51813200,MSFT
2001-08-24,29.799999237060547,31.139999389648438,29.614999771118164,31.024999618530273,18.98727798461914,63399000,MSFT
2001-08-27,30.950000762939453,31.68000030517578,30.78499984741211,31.155000686645508,19.06683349609375,44562800,MSFT
2001-08-28,31.170000076293945,31.475000381469727,30.290000915527344,30.3700008392334,18.58641815185547,47422800,MSFT
2001-08-29,30.524999618530273,30.649999618530273,29.770000457763672,30.125,18.43648338317871,48170000,MSFT
2001-08-30,29.520000457763672,29.829999923706055,28.260000228881836,28.469999313354492,17.423614501953125,97632000,MSFT
2001-08-31,28.424999237060547,29.030000686645508,28.149999618530273,28.524999618530273,17.457284927368164,57900800,MSFT
2001-09-04,28.594999313354492,29.540000915527344,28.03499984741211,28.049999237060547,17.16657257080078,67189200,MSFT
2001-09-05,28.09000015258789,29.19499969482422,27.69499969482422,28.8700008392334,17.668415069580078,89470600,MSFT
2001-09-06,28.280000686645508,29.19499969482422,27.950000762939453,28.010000228881836,17.142093658447266,112356800,MSFT
2001-09-07,28.05500030517578,28.68000030517578,27.655000686645508,27.700000762939453,16.952377319335938,89863800,MSFT
2001-09-10,27.459999084472656,28.975000381469727,27.350000381469727,28.790000915527344,17.619461059570312,84471800,MSFT
2001-09-17,27.010000228881836,27.549999237060547,26.399999618530273,26.454999923706055,16.190446853637695,127502000,MSFT
2001-09-18,26.704999923706055,27.5,26.584999084472656,27.15999984741211,16.62190055847168,83182600,MSFT
2001-09-19,27.229999542236328,27.350000381469727,25.299999237060547,26.934999465942383,16.484195709228516,126950200,MSFT
2001-09-20,26.174999237060547,26.30500030517578,25.334999084472656,25.3799991607666,15.532546043395996,117983200,MSFT
2001-09-21,23.959999084472656,25.299999237060547,23.75,24.854999542236328,15.211237907409668,184976600,MSFT
2001-09-24,25.325000762939453,26.225000381469727,24.934999465942383,26.0049991607666,15.915048599243164,85580200,MSFT
2001-09-25,26.135000228881836,26.5,25.079999923706055,25.649999618530273,15.697779655456543,84940600,MSFT
2001-09-26,25.7549991607666,25.899999618530273,24.774999618530273,25.135000228881836,15.382597923278809,58524400,MSFT
2001-09-27,25.049999237060547,25.34000015258789,24.0,24.979999542236328,15.287742614746094,81191200,MSFT
2001-09-28,24.809999465942383,25.795000076293945,24.489999771118164,25.584999084472656,15.658001899719238,116641200,MSFT
2001-10-01,25.469999313354492,26.25,25.204999923706055,25.895000457763672,15.847719192504883,69999600,MSFT
2001-10-02,25.815000534057617,26.774999618530273,25.780000686645508,26.524999618530273,16.233278274536133,80860800,MSFT
2001-10-03,26.239999771118164,28.46500015258789,26.200000762939453,28.114999771118164,17.20635986328125,97199200,MSFT
2001-10-04,28.459999084472656,29.200000762939453,28.104999542236328,28.219999313354492,17.27062225341797,101778000,MSFT
2001-10-05,28.079999923706055,29.0,27.469999313354492,28.860000610351562,17.66230010986328,80844400,MSFT
2001-10-08,28.399999618530273,29.325000762939453,28.3700008392334,29.020000457763672,17.76021957397461,60605800,MSFT
2001-10-09,28.75,28.78499984741211,27.094999313354492,27.280000686645508,16.695341110229492,99477600,MSFT
2001-10-10,26.799999237060547,27.875,26.5,27.7549991607666,16.986040115356445,86349200,MSFT
2001-10-11,27.8799991607666,28.420000076293945,27.295000076293945,28.15999984741211,17.233896255493164,83742600,MSFT
2001-10-12,27.850000381469727,28.31999969482422,27.274999618530273,28.190000534057617,17.252260208129883,63307000,MSFT
2001-10-15,27.950000762939453,29.25,27.924999237060547,29.030000686645508,17.766340255737305,68437000,MSFT
2001-10-16,28.934999465942383,29.454999923706055,28.604999542236328,29.225000381469727,17.885684967041016,66169000,MSFT
2001-10-17,29.559999465942383,29.649999618530273,27.989999771118164,28.014999389648438,17.145166397094727,73710600,MSFT
2001-10-18,28.170000076293945,28.790000915527344,27.75,28.375,17.365482330322266,78348000,MSFT
2001-10-19,28.700000762939453,29.0049991607666,27.815000534057617,28.950000762939453,17.717370986938477,91219600,MSFT
2001-10-22,28.950000762939453,30.09000015258789,28.735000610351562,30.079999923706055,18.408939361572266,72323600,MSFT
2001-10-23,30.235000610351562,30.719999313354492,29.700000762939453,30.21500015258789,18.49156379699707,80325000,MSFT
2001-10-24,30.25,30.809999465942383,29.809999465942383,30.65999984741211,18.763900756835938,79141400,MSFT
2001-10-25,30.30500030517578,31.299999237060547,29.78499984741211,31.280000686645508,19.143335342407227,75318200,MSFT
2001-10-26,31.15999984741211,31.815000534057617,31.040000915527344,31.100000381469727,19.033170700073242,64509400,MSFT
2001-10-29,31.049999237060547,31.100000381469727,29.770000457763672,29.81999969482422,18.249814987182617,55129400,MSFT
2001-10-30,29.459999084472656,29.770000457763672,29.094999313354492,29.440000534057617,18.01726722717285,57395600,MSFT
2001-10-31,29.649999618530273,30.364999771118164,29.049999237060547,29.075000762939453,17.79387855529785,64700000,MSFT
2001-11-01,30.040000915527344,31.125,29.799999237060547,30.920000076293945,18.923019409179688,109671200,MSFT
2001-11-02,30.96500015258789,31.510000228881836,30.2549991607666,30.700000762939453,18.788379669189453,83360000,MSFT
2001-11-05,30.93000030517578,32.01499938964844,30.875,31.635000228881836,19.360597610473633,66401600,MSFT
2001-11-06,31.350000381469727,32.470001220703125,31.079999923706055,32.38999938964844,19.822654724121094,68612000,MSFT
2001-11-07,32.11000061035156,32.525001525878906,32.01499938964844,32.125,19.660478591918945,58899000,MSFT
2001-11-08,32.22999954223633,33.029998779296875,31.829999923706055,32.209999084472656,19.712495803833008,74227800,MSFT
2001-11-09,32.16999816894531,32.82500076293945,31.954999923706055,32.60499954223633,19.95423126220703,48013600,MSFT
2001-11-12,32.349998474121094,33.220001220703125,31.825000762939453,32.89500045776367,20.131717681884766,57752800,MSFT
2001-11-13,33.400001525878906,33.974998474121094,33.29999923706055,33.95000076293945,20.777376174926758,60159600,MSFT
2001-11-14,34.1150016784668,34.16999816894531,32.89500045776367,32.974998474121094,20.180675506591797,88625600,MSFT
2001-11-15,33.04999923706055,33.525001525878906,32.724998474121094,33.060001373291016,20.232696533203125,77922000,MSFT
2001-11-16,33.18000030517578,33.30500030517578,32.474998474121094,32.875,20.119470596313477,59249000,MSFT
2001-11-19,33.125,33.48500061035156,32.849998474121094,33.27000045776367,20.361215591430664,56005000,MSFT
2001-11-20,33.224998474121094,33.900001525878906,32.51499938964844,32.70000076293945,20.01238250732422,65921800,MSFT
2001-11-21,32.18000030517578,32.29999923706055,31.739999771118164,32.025001525878906,19.599273681640625,50785200,MSFT
2001-11-23,32.189998626708984,32.404998779296875,31.809999465942383,32.35499954223633,19.801250457763672,15754600,MSFT
2001-11-26,32.494998931884766,32.85499954223633,32.20000076293945,32.56999969482422,19.932815551757812,41983600,MSFT
2001-11-27,32.39500045776367,32.53499984741211,31.375,31.8700008392334,19.504425048828125,90819000,MSFT
2001-11-28,31.584999084472656,32.060001373291016,31.364999771118164,31.399999618530273,19.21678352355957,54536600,MSFT
2001-11-29,31.559999465942383,32.45000076293945,31.475000381469727,32.41999816894531,19.841018676757812,54034400,MSFT
2001-11-30,32.33000183105469,32.540000915527344,31.96500015258789,32.10499954223633,19.64824104309082,48234200,MSFT
2001-12-03,31.915000915527344,32.6150016784668,31.899999618530273,32.3849983215332,19.819595336914062,47211800,MSFT
2001-12-04,32.5,33.040000915527344,32.04999923706055,33.0,20.195972442626953,51005800,MSFT
2001-12-05,33.244998931884766,34.084999084472656,32.599998474121094,34.04999923706055,20.83857536315918,74243000,MSFT
2001-12-06,33.9900016784668,34.5,33.775001525878906,34.32500076293945,21.00687599182129,56026200,MSFT
2001-12-07,34.125,34.41999816894531,33.275001525878906,33.915000915527344,20.755949020385742,42334800,MSFT
2001-12-10,33.7599983215332,34.224998474121094,33.43000030517578,33.529998779296875,20.520336151123047,38367400,MSFT
2001-12-11,33.83000183105469,34.064998626708984,33.53499984741211,33.65999984741211,20.599899291992188,54334000,MSFT
2001-12-12,33.58000183105469,33.9900016784668,33.125,33.974998474121094,20.792675018310547,47884200,MSFT
2001-12-13,33.564998626708984,34.119998931884766,33.03499984741211,33.1349983215332,20.278594970703125,53227800,MSFT
2001-12-14,33.0099983215332,33.974998474121094,32.96500015258789,33.720001220703125,20.636615753173828,43000600,MSFT
2001-12-17,33.584999084472656,34.55500030517578,33.58000183105469,34.4900016784668,21.10785675048828,57079800,MSFT
2001-12-18,34.459999084472656,34.70000076293945,34.29999923706055,34.6349983215332,21.196590423583984,47255200,MSFT
2001-12-19,34.310001373291016,34.94499969482422,34.224998474121094,34.744998931884766,21.2639102935791,56996200,MSFT
2001-12-20,34.57500076293945,34.625,33.310001373291016,33.380001068115234,20.428537368774414,78585000,MSFT
2001-12-21,34.005001068115234,34.0099983215332,33.5,33.77000045776367,20.667221069335938,84307600,MSFT
2001-12-24,33.86000061035156,34.01499938964844,33.599998474121094,33.6349983215332,20.58458709716797,11701600,MSFT
2001-12-26,33.709999084472656,34.53499984741211,33.69499969482422,33.84000015258789,20.710054397583008,29328000,MSFT
2001-12-27,33.9900016784668,34.35499954223633,33.630001068115234,33.92499923706055,20.76207733154297,32406600,MSFT
2001-12-28,34.1150016784668,34.42499923706055,33.849998474121094,33.935001373291016,20.768203735351562,28787200,MSFT
2001-12-31,33.91999816894531,34.2400016784668,33.125,33.125,20.27247428894043,43006200,MSFT
2002-01-02,33.32500076293945,33.55500030517578,32.755001068115234,33.52000045776367,20.514219284057617,48124000,MSFT
2002-01-03,33.55500030517578,34.625,33.54499816894531,34.6150016784668,21.18435287475586,67590800,MSFT
2002-01-04,34.625,34.95500183105469,34.334999084472656,34.45000076293945,21.0833797454834,52731400,MSFT
2002-01-07,34.875,35.0099983215332,34.17499923706055,34.279998779296875,20.97933578491211,58508800,MSFT
2002-01-08,34.345001220703125,34.93000030517578,34.0,34.689998626708984,21.23024559020996,47736400,MSFT
2002-01-09,34.86000061035156,35.310001373291016,34.275001525878906,34.35499954223633,21.025239944458008,76304000,MSFT
2002-01-10,34.2400016784668,34.900001525878906,34.064998626708984,34.63999938964844,21.199655532836914,50296600,MSFT
2002-01-11,34.7599983215332,35.15999984741211,34.04999923706055,34.30500030517578,20.994638442993164,72993200,MSFT
2002-01-14,34.150001525878906,34.52000045776367,33.869998931884766,34.23500061035156,20.951799392700195,50997800,MSFT
2002-01-15,34.33000183105469,34.810001373291016,34.25,34.775001525878906,21.282270431518555,60717400,MSFT
2002-01-16,34.42499923706055,34.91999816894531,33.92499923706055,33.935001373291016,20.768203735351562,61955400,MSFT
2002-01-17,34.26499938964844,35.0,34.20000076293945,34.93000030517578,21.377138137817383,78958000,MSFT
2002-01-18,33.54999923706055,33.92499923706055,32.709999084472656,33.04999923706055,20.22657585144043,107140400,MSFT
2002-01-22,33.30500030517578,33.314998626708984,32.125,32.22999954223633,19.724740982055664,76837200,MSFT
2002-01-23,32.025001525878906,32.35499954223633,31.6200008392334,31.8700008392334,19.504425048828125,80403000,MSFT
2002-01-24,32.04999923706055,32.59000015258789,31.899999618530273,32.29999923706055,19.767576217651367,83886000,MSFT
2002-01-25,32.095001220703125,32.42499923706055,31.7549991607666,31.899999618530273,19.52277946472168,48981200,MSFT
2002-01-28,32.1150016784668,32.20000076293945,31.454999923706055,31.90999984741211,19.52889633178711,41622000,MSFT
2002-01-29,31.950000762939453,32.25,30.9950008392334,31.15999984741211,19.06989288330078,58666000,MSFT
2002-01-30,31.225000381469727,31.450000762939453,30.665000915527344,31.424999237060547,19.232084274291992,66100000,MSFT
2002-01-31,31.530000686645508,31.905000686645508,31.059999465942383,31.854999542236328,19.495241165161133,69566200,MSFT
2002-02-01,32.07500076293945,32.25,31.235000610351562,31.329999923706055,19.173933029174805,63462200,MSFT
2002-02-04,31.200000762939453,31.344999313354492,30.375,30.559999465942383,18.70269012451172,70308400,MSFT
2002-02-05,30.399999618530273,31.114999771118164,30.25,30.575000762939453,18.71187400817871,66772600,MSFT
2002-02-06,30.80500030517578,30.94499969482422,30.125,30.200000762939453,18.482379913330078,66103000,MSFT
2002-02-07,30.149999618530273,30.80500030517578,29.875,29.899999618530273,18.298768997192383,63314000,MSFT
2002-02-08,30.059999465942383,30.329999923706055,29.415000915527344,30.325000762939453,18.558879852294922,61283000,MSFT
2002-02-11,30.0049991607666,30.6200008392334,29.795000076293945,30.565000534057617,18.70575714111328,50899600,MSFT
2002-02-12,30.2450008392334,30.424999237060547,30.010000228881836,30.06999969482422,18.402814865112305,44973800,MSFT
2002-02-13,30.1299991607666,30.940000534057617,29.975000381469727,30.90999984741211,18.91689682006836,54168600,MSFT
2002-02-14,31.0,31.4950008392334,30.65999984741211,30.84000015258789,18.87405776977539,57267000,MSFT
2002-02-15,30.850000381469727,31.030000686645508,30.100000381469727,30.114999771118164,18.430362701416016,50179800,MSFT
2002-02-19,29.954999923706055,30.06999969482422,29.299999237060547,29.46500015258789,18.032560348510742,52262600,MSFT
2002-02-20,29.700000762939453,30.18000030517578,29.399999618530273,29.950000762939453,18.329381942749023,50492000,MSFT
2002-02-21,29.860000610351562,30.135000228881836,29.0049991607666,29.024999618530273,17.763275146484375,59398400,MSFT
2002-02-22,29.024999618530273,29.375,28.575000762939453,28.9950008392334,17.744915008544922,71347800,MSFT
2002-02-25,28.969999313354492,29.94499969482422,28.94499969482422,29.540000915527344,18.07845687866211,51832200,MSFT
2002-02-26,29.549999237060547,30.0,28.950000762939453,29.274999618530273,17.91628074645996,63276200,MSFT
2002-02-27,29.53499984741211,30.075000762939453,28.9950008392334,29.19499969482422,17.867321014404297,65750000,MSFT
2002-02-28,29.389999389648438,29.850000381469727,29.06999969482422,29.170000076293945,17.852022171020508,68068000,MSFT
2002-03-01,29.524999618530273,30.709999084472656,29.424999237060547,30.684999465942383,18.779193878173828,62115600,MSFT
2002-03-04,30.6200008392334,31.75,30.434999465942383,31.649999618530273,19.369775772094727,74464200,MSFT
2002-03-05,31.5,31.940000534057617,31.170000076293945,31.540000915527344,19.302465438842773,55926400,MSFT
2002-03-06,31.454999923706055,31.850000381469727,31.094999313354492,31.815000534057617,19.47075653076172,49835400,MSFT
2002-03-07,31.834999084472656,31.940000534057617,30.93000030517578,31.360000610351562,19.192298889160156,58079200,MSFT
2002-03-08,31.815000534057617,32.349998474121094,31.584999084472656,31.975000381469727,19.568674087524414,57701800,MSFT
2002-03-11,31.7549991607666,32.5,31.5,32.16999816894531,19.68801498413086,43718200,MSFT
2002-03-12,31.260000228881836,31.399999618530273,30.834999084472656,31.270000457763672,19.137218475341797,66407200,MSFT
2002-03-13,31.040000915527344,31.510000228881836,30.975000381469727,31.049999237060547,19.00257682800293,44387400,MSFT
2002-03-14,31.06999969482422,31.1200008392334,30.524999618530273,30.610000610351562,18.733295440673828,51819600,MSFT
2002-03-15,30.5,31.2549991607666,30.485000610351562,31.2450008392334,19.121915817260742,69086800,MSFT
2002-03-18,31.3700008392334,31.4950008392334,30.600000381469727,31.06999969482422,19.014816284179688,52296800,MSFT
2002-03-19,31.09000015258789,31.5,30.75,31.114999771118164,19.0423583984375,36376400,MSFT
2002-03-20,30.700000762939453,31.010000228881836,30.049999237060547,30.049999237060547,18.390579223632812,55235200,MSFT
2002-03-21,30.104999542236328,30.795000076293945,29.915000915527344,30.68000030517578,18.776134490966797,46123400,MSFT
2002-03-22,30.524999618530273,30.56999969482422,30.110000610351562,30.225000381469727,18.497690200805664,41341400,MSFT
2002-03-25,30.239999771118164,30.389999389648438,29.575000762939453,29.614999771118164,18.12435531616211,47752400,MSFT
2002-03-26,29.549999237060547,30.459999084472656,29.155000686645508,29.540000915527344,18.07845687866211,69357200,MSFT
2002-03-27,29.399999618530273,29.940000534057617,29.295000076293945,29.719999313354492,18.18861961364746,47318400,MSFT
2002-03-28,29.975000381469727,30.325000762939453,29.829999923706055,30.155000686645508,18.454851150512695,43901200,MSFT
2002-04-01,29.915000915527344,30.200000762939453,29.600000381469727,30.190000534057617,18.476255416870117,47010000,MSFT
2002-04-02,29.450000762939453,29.545000076293945,28.55500030517578,28.639999389648438,17.52765464782715,76509400,MSFT
2002-04-03,28.719999313354492,28.80500030517578,27.75,28.165000915527344,17.236955642700195,76931400,MSFT
2002-04-04,27.989999771118164,28.485000610351562,27.709999084472656,28.225000381469727,17.273677825927734,61763800,MSFT
2002-04-05,28.44499969482422,28.649999618530273,27.920000076293945,27.934999465942383,17.096202850341797,50166000,MSFT
2002-04-08,27.149999618530273,28.655000686645508,27.1299991607666,28.610000610351562,17.509302139282227,73389600,MSFT
2002-04-09,28.665000915527344,28.71500015258789,27.399999618530273,27.434999465942383,16.790199279785156,63413000,MSFT
2002-04-10,27.559999465942383,28.55500030517578,27.530000686645508,28.149999618530273,17.2277774810791,75636400,MSFT
2002-04-11,27.94499969482422,28.225000381469727,27.25,27.395000457763672,16.765722274780273,58165800,MSFT
2002-04-12,27.575000762939453,28.1299991607666,27.43000030517578,27.96500015258789,17.114564895629883,52297600,MSFT
2002-04-15,28.0,28.375,27.700000762939453,27.844999313354492,17.041122436523438,47388800,MSFT
2002-04-16,28.200000762939453,29.049999237060547,28.18000030517578,28.905000686645508,17.68983268737793,51921600,MSFT
2002-04-17,28.975000381469727,29.139999389648438,28.209999084472656,28.315000534057617,17.328763961791992,55158600,MSFT
2002-04-18,28.395000457763672,28.655000686645508,26.34000015258789,28.184999465942383,17.249204635620117,74794800,MSFT
2002-04-19,28.719999313354492,28.989999771118164,28.43000030517578,28.600000381469727,17.503173828125,104268600,MSFT
2002-04-22,28.260000228881836,28.350000381469727,27.5,27.795000076293945,17.010522842407227,51465200,MSFT
2002-04-23,27.850000381469727,27.90999984741211,26.649999618530273,26.9950008392334,16.520912170410156,68281400,MSFT
2002-04-24,26.924999237060547,27.21500015258789,26.5,26.510000228881836,16.22410011291504,61220400,MSFT
2002-04-25,26.450000762939453,27.225000381469727,26.440000534057617,26.864999771118164,16.44136619567871,57290400,MSFT
2002-04-26,27.03499984741211,27.225000381469727,25.729999542236328,25.75,15.758986473083496,62776600,MSFT
2002-04-29,25.735000610351562,26.454999923706055,25.719999313354492,26.1200008392334,15.985414505004883,70246000,MSFT
2002-04-30,26.049999237060547,26.649999618530273,25.959999084472656,26.1299991607666,15.99153995513916,77384000,MSFT
2002-05-01,26.079999923706055,26.594999313354492,25.329999923706055,26.375,16.1414794921875,76413000,MSFT
2002-05-02,26.31999969482422,27.03499984741211,25.575000762939453,25.604999542236328,15.670244216918945,79009200,MSFT
2002-05-03,25.6299991607666,25.84000015258789,24.7549991607666,24.780000686645508,15.165339469909668,71628000,MSFT
2002-05-06,24.719999313354492,25.270000457763672,24.184999465942383,24.309999465942383,14.87769889831543,66299400,MSFT
2002-05-07,24.59000015258789,25.145000457763672,24.174999237060547,24.735000610351562,15.137802124023438,88385400,MSFT
2002-05-08,25.635000228881836,27.485000610351562,25.610000610351562,27.485000610351562,16.820804595947266,101242000,MSFT
2002-05-09,27.200000762939453,27.5,25.950000762939453,26.059999465942383,15.948700904846191,83288200,MSFT
2002-05-10,26.264999389648438,26.334999084472656,24.9950008392334,25.024999618530273,15.315278053283691,64408800,MSFT
2002-05-13,25.225000381469727,26.454999923706055,24.875,26.344999313354492,16.12311363220215,64819000,MSFT
2002-05-14,27.200000762939453,27.549999237060547,26.989999771118164,27.440000534057617,16.79326820373535,64832400,MSFT
2002-05-15,27.2450008392334,28.219999313354492,26.93000030517578,27.375,16.753475189208984,70412000,MSFT
2002-05-16,27.354999542236328,28.014999389648438,27.325000762939453,27.8700008392334,17.056419372558594,53406400,MSFT
2002-05-17,28.104999542236328,28.200000762939453,27.635000228881836,28.014999389648438,17.145166397094727,54646200,MSFT
2002-05-20,27.75,27.774999618530273,26.75,27.0049991607666,16.527034759521484,52115800,MSFT
2002-05-21,26.975000381469727,27.299999237060547,26.065000534057617,26.094999313354492,15.970128059387207,63120000,MSFT
2002-05-22,25.934999465942383,26.860000610351562,25.924999237060547,26.844999313354492,16.429128646850586,54169400,MSFT
2002-05-23,26.850000381469727,27.420000076293945,26.5049991607666,27.40999984741211,16.774900436401367,51412800,MSFT
2002-05-24,27.06999969482422,27.260000228881836,26.520000457763672,26.6299991607666,16.297542572021484,35982000,MSFT
2002-05-28,26.795000076293945,26.844999313354492,25.875,26.15999984741211,16.009902954101562,49602000,MSFT
2002-05-29,25.825000762939453,26.360000610351562,25.774999618530273,26.024999618530273,15.927275657653809,45393200,MSFT
2002-05-30,25.81999969482422,26.68000030517578,25.71500015258789,26.31999969482422,16.10782241821289,63213000,MSFT
2002-05-31,26.450000762939453,26.709999084472656,25.440000534057617,25.454999923706055,15.578442573547363,66468000,MSFT
2002-06-03,25.4950008392334,25.81999969482422,24.584999084472656,24.709999084472656,15.122502326965332,88439000,MSFT
2002-06-04,24.75,25.614999771118164,24.6200008392334,24.989999771118164,15.293859481811523,88008400,MSFT
2002-06-05,25.21500015258789,25.875,25.165000915527344,25.829999923706055,15.807944297790527,66969400,MSFT
2002-06-06,25.75,26.06999969482422,25.0,25.950000762939453,15.88138484954834,78703400,MSFT
2002-06-07,24.94499969482422,26.299999237060547,24.93000030517578,25.989999771118164,15.905861854553223,97834400,MSFT
2002-06-10,25.825000762939453,26.649999618530273,25.729999542236328,26.40999984741211,16.16290283203125,71825400,MSFT
2002-06-11,26.6200008392334,27.09000015258789,26.209999084472656,26.28499984741211,16.086397171020508,74368200,MSFT
2002-06-12,26.290000915527344,27.889999389648438,26.25,27.770000457763672,16.995220184326172,136198600,MSFT
2002-06-13,27.420000076293945,27.739999771118164,27.100000381469727,27.110000610351562,16.5913028717041,79771600,MSFT
2002-06-14,26.575000762939453,27.774999618530273,26.5,27.625,16.906482696533203,109433600,MSFT
2002-06-17,27.829999923706055,28.219999313354492,27.684999465942383,27.84000015258789,17.038063049316406,94486600,MSFT
2002-06-18,27.764999389648438,28.145000457763672,27.674999237060547,27.9950008392334,17.132919311523438,77518400,MSFT
2002-06-19,27.735000610351562,27.969999313354492,27.15999984741211,27.18000030517578,16.63414192199707,81247000,MSFT
2002-06-20,27.184999465942383,27.549999237060547,26.950000762939453,27.049999237060547,16.554584503173828,86401200,MSFT
2002-06-21,26.700000762939453,27.274999618530273,26.139999389648438,26.139999389648438,15.997668266296387,116820000,MSFT
2002-06-24,26.045000076293945,27.31999969482422,25.924999237060547,27.079999923706055,16.572933197021484,104523200,MSFT
2002-06-25,27.350000381469727,27.5,26.399999618530273,26.475000381469727,16.20268440246582,84025200,MSFT
2002-06-26,25.524999618530273,27.19499969482422,25.524999618530273,27.065000534057617,16.563756942749023,112131400,MSFT
2002-06-27,27.299999237060547,27.469999313354492,26.43000030517578,27.459999084472656,16.805496215820312,95812400,MSFT
2002-06-28,27.274999618530273,27.895000457763672,27.0,27.350000381469727,16.73818016052246,89555600,MSFT
2002-07-01,27.059999465942383,27.19499969482422,26.290000915527344,26.329999923706055,16.11394691467285,66473800,MSFT
2002-07-02,26.190000534057617,26.459999084472656,25.665000915527344,25.719999313354492,15.740618705749512,82814200,MSFT
2002-07-03,25.6200008392334,26.260000228881836,25.225000381469727,25.920000076293945,15.863018035888672,80936600,MSFT
2002-07-05,26.545000076293945,27.450000762939453,26.524999618530273,27.424999237060547,16.784080505371094,35673600,MSFT
2002-07-08,27.204999923706055,27.46500015258789,26.290000915527344,26.459999084472656,16.193500518798828,63199400,MSFT
2002-07-09,26.655000686645508,27.364999771118164,26.485000610351562,26.604999542236328,16.282238006591797,85277200,MSFT
2002-07-10,26.844999313354492,27.100000381469727,26.065000534057617,26.1200008392334,15.985414505004883,90673400,MSFT
2002-07-11,26.020000457763672,26.53499984741211,25.625,26.454999923706055,16.190446853637695,129550600,MSFT
2002-07-12,26.684999465942383,26.864999771118164,25.739999771118164,25.93000030517578,15.869139671325684,95733800,MSFT
2002-07-15,25.69499969482422,25.93000030517578,24.0,25.899999618530273,15.850777626037598,136965600,MSFT
2002-07-16,25.655000686645508,26.399999618530273,25.31999969482422,25.625,15.682478904724121,97154600,MSFT
2002-07-17,26.260000228881836,26.649999618530273,25.584999084472656,26.0,15.911989212036133,98034800,MSFT
2002-07-18,26.030000686645508,26.3700008392334,25.329999923706055,25.55500030517578,15.63965129852295,91053600,MSFT
2002-07-19,24.934999465942383,25.44499969482422,24.405000686645508,24.780000686645508,15.165339469909668,112543400,MSFT
2002-07-22,24.475000381469727,24.9950008392334,22.950000762939453,23.7549991607666,14.538042068481445,180069800,MSFT
2002-07-23,23.2450008392334,23.399999618530273,21.485000610351562,21.5049991607666,13.161042213439941,168061600,MSFT
2002-07-24,20.875,23.18000030517578,20.704999923706055,23.114999771118164,14.146361351013184,202307800,MSFT
2002-07-25,22.725000381469727,22.854999542236328,21.219999313354492,21.415000915527344,13.105964660644531,163411400,MSFT
2002-07-26,21.8700008392334,22.704999923706055,21.84000015258789,22.674999237060547,13.877084732055664,123538000,MSFT
2002-07-29,23.424999237060547,24.149999618530273,23.274999618530273,24.125,14.76448917388916,112148600,MSFT
2002-07-30,23.774999618530273,24.415000915527344,23.665000915527344,24.049999237060547,14.718588829040527,122690600,MSFT
2002-07-31,23.80500030517578,24.0,23.18000030517578,23.989999771118164,14.681865692138672,93875600,MSFT
2002-08-01,23.790000915527344,24.045000076293945,22.75,22.875,13.999486923217773,92002800,MSFT
2002-08-02,22.7549991607666,22.924999237060547,21.899999618530273,22.204999923706055,13.589444160461426,85947600,MSFT
2002-08-05,22.145000457763672,22.584999084472656,21.905000686645508,21.9950008392334,13.460929870605469,78941600,MSFT
2002-08-06,22.450000762939453,23.625,22.420000076293945,22.834999084472656,13.97500228881836,88715800,MSFT
2002-08-07,23.5,23.649999618530273,22.579999923706055,23.545000076293945,14.409525871276855,86349400,MSFT
2002-08-08,23.55500030517578,24.5,23.204999923706055,24.454999923706055,14.966443061828613,88748000,MSFT
2002-08-09,24.075000762939453,24.575000762939453,23.829999923706055,24.059999465942383,14.724705696105957,69049400,MSFT
2002-08-12,23.80500030517578,24.375,23.799999237060547,24.235000610351562,14.831804275512695,56866600,MSFT
2002-08-13,23.9950008392334,24.850000381469727,23.459999084472656,23.530000686645508,14.400345802307129,100122800,MSFT
2002-08-14,23.625,24.864999771118164,23.604999542236328,24.854999542236328,15.211237907409668,96706000,MSFT
2002-08-15,24.979999542236328,25.3700008392334,24.375,24.885000228881836,15.22960376739502,98745600,MSFT
2002-08-16,24.71500015258789,25.114999771118164,24.459999084472656,25.0,15.299979209899902,69334000,MSFT
2002-08-19,25.020000457763672,26.024999618530273,24.924999237060547,26.0,15.911989212036133,79848200,MSFT
2002-08-20,25.690000534057617,25.850000381469727,25.375,25.520000457763672,15.6182279586792,70317600,MSFT
2002-08-21,25.780000686645508,26.190000534057617,25.575000762939453,26.139999389648438,15.997668266296387,81203400,MSFT
2002-08-22,26.424999237060547,26.725000381469727,26.299999237060547,26.614999771118164,16.28835678100586,72517600,MSFT
2002-08-23,26.329999923706055,26.424999237060547,25.920000076293945,26.110000610351562,15.979299545288086,57929200,MSFT
2002-08-26,26.25,26.325000762939453,25.59000015258789,26.049999237060547,15.942584991455078,55652400,MSFT
2002-08-27,26.165000915527344,26.225000381469727,25.325000762939453,25.420000076293945,15.557023048400879,65470200,MSFT
2002-08-28,25.239999771118164,25.329999923706055,24.649999618530273,24.690000534057617,15.110264778137207,68875000,MSFT
2002-08-29,24.44499969482422,25.5,24.260000228881836,25.290000915527344,15.477458953857422,94275600,MSFT
2002-08-30,25.06999969482422,25.239999771118164,24.5,24.540000915527344,15.018458366394043,58138400,MSFT
2002-09-03,24.260000228881836,24.260000228881836,23.5,23.510000228881836,14.388101577758789,74452600,MSFT
2002-09-04,23.725000381469727,24.299999237060547,23.575000762939453,24.104999542236328,14.75224781036377,80232000,MSFT
2002-09-05,23.75,23.760000228881836,22.940000534057617,22.954999923706055,14.048446655273438,90438800,MSFT
2002-09-06,23.875,24.135000228881836,23.735000610351562,23.90999984741211,14.632905960083008,69918400,MSFT
2002-09-09,23.625,24.475000381469727,23.315000534057617,24.350000381469727,14.902190208435059,81653200,MSFT
2002-09-10,24.270000457763672,24.90999984741211,24.174999237060547,24.895000457763672,15.235729217529297,83950000,MSFT
2002-09-11,25.114999771118164,25.549999237060547,24.264999389648438,24.290000915527344,14.865470886230469,77443200,MSFT
2002-09-12,24.075000762939453,24.149999618530273,23.510000228881836,23.575000762939453,14.427889823913574,63726800,MSFT
2002-09-13,23.450000762939453,24.1299991607666,23.424999237060547,23.954999923706055,14.660446166992188,59549200,MSFT
2002-09-16,23.799999237060547,24.065000534057617,23.524999618530273,23.889999389648438,14.620661735534668,50166200,MSFT
2002-09-17,24.334999084472656,24.450000762939453,23.604999542236328,23.645000457763672,14.470722198486328,73343400,MSFT
2002-09-18,23.360000610351562,24.1200008392334,23.329999923706055,23.875,14.61147689819336,83951800,MSFT
2002-09-19,23.34000015258789,23.90999984741211,23.295000076293945,23.600000381469727,14.443181991577148,77777600,MSFT
2002-09-20,23.854999542236328,24.0,23.649999618530273,23.729999542236328,14.522745132446289,130619200,MSFT
2002-09-23,23.299999237060547,23.354999542236328,22.405000686645508,22.614999771118164,13.840364456176758,89783800,MSFT
2002-09-24,22.415000915527344,23.239999771118164,22.315000534057617,22.81999969482422,13.965826988220215,104142200,MSFT
2002-09-25,23.200000762939453,23.479999542236328,22.524999618530273,23.2549991607666,14.232047080993652,107116600,MSFT
2002-09-26,23.55500030517578,23.75,22.975000381469727,23.100000381469727,14.137176513671875,100852200,MSFT
2002-09-27,23.020000457763672,23.549999237060547,22.594999313354492,22.625,13.846478462219238,81011600,MSFT
2002-09-30,22.434999465942383,22.520000457763672,21.55500030517578,21.8700008392334,13.38442611694336,115577000,MSFT
2002-10-01,22.15999984741211,23.125,21.594999313354492,23.114999771118164,14.146361351013184,110636600,MSFT
2002-10-02,23.049999237060547,23.405000686645508,22.579999923706055,22.80500030517578,13.956642150878906,103488600,MSFT
2002-10-03,22.649999618530273,23.295000076293945,22.299999237060547,22.399999618530273,13.708778381347656,105221400,MSFT
2002-10-04,22.69499969482422,22.78499984741211,21.844999313354492,21.885000228881836,13.393609046936035,107120400,MSFT
2002-10-07,21.905000686645508,22.530000686645508,21.844999313354492,22.024999618530273,13.479280471801758,89790000,MSFT
2002-10-08,22.375,22.989999771118164,22.065000534057617,22.4950008392334,13.766919136047363,115667600,MSFT
2002-10-09,22.114999771118164,22.725000381469727,21.905000686645508,21.9950008392334,13.460929870605469,123142600,MSFT
2002-10-10,22.0,23.309999465942383,21.625,23.190000534057617,14.19226360321045,118515000,MSFT
2002-10-11,23.68000030517578,24.450000762939453,23.5049991607666,24.434999465942383,14.954207420349121,108828800,MSFT
2002-10-14,24.125,24.665000915527344,23.920000076293945,24.645000457763672,15.082719802856445,76216200,MSFT
2002-10-15,25.6299991607666,26.184999465942383,25.325000762939453,26.145000457763672,16.000728607177734,133374200,MSFT
2002-10-16,25.19499969482422,25.6299991607666,25.139999389648438,25.204999923706055,15.425445556640625,95437400,MSFT
2002-10-17,26.139999389648438,26.25,25.024999618530273,25.385000228881836,15.535598754882812,182602400,MSFT
2002-10-18,26.299999237060547,26.600000381469727,25.56999969482422,26.575000762939453,16.263877868652344,152817200,MSFT
2002-10-21,25.985000610351562,26.4950008392334,25.68000030517578,26.2549991607666,16.068042755126953,112378600,MSFT
2002-10-22,25.71500015258789,25.96500015258789,25.514999389648438,25.834999084472656,15.811006546020508,87159000,MSFT
2002-10-23,25.71500015258789,26.6299991607666,25.71500015258789,26.600000381469727,16.279178619384766,110866600,MSFT
2002-10-24,26.68000030517578,26.684999465942383,25.450000762939453,25.614999771118164,15.676361083984375,95833400,MSFT
2002-10-25,25.625,26.399999618530273,25.579999923706055,26.34000015258789,16.12006187438965,75425800,MSFT
2002-10-28,26.700000762939453,26.75,25.7549991607666,25.975000381469727,15.896682739257812,79906600,MSFT
2002-10-29,26.075000762939453,26.2450008392334,25.424999237060547,26.03499984741211,15.933395385742188,90517200,MSFT
2002-10-30,26.100000381469727,26.69499969482422,25.815000534057617,26.55500030517578,16.25164222717285,94451200,MSFT
2002-10-31,26.594999313354492,27.03499984741211,26.424999237060547,26.735000610351562,16.361806869506836,105973800,MSFT
2002-11-01,26.21500015258789,26.6200008392334,25.950000762939453,26.5,16.21797752380371,105097800,MSFT
2002-11-04,28.375,28.625,27.760000228881836,28.049999237060547,17.16657257080078,139964200,MSFT
2002-11-05,27.889999389648438,28.399999618530273,27.790000915527344,28.34000015258789,17.344057083129883,76658200,MSFT
2002-11-06,28.4950008392334,28.549999237060547,27.764999389648438,28.514999389648438,17.451156616210938,115407000,MSFT
2002-11-07,28.100000381469727,28.309999465942383,27.75,28.0049991607666,17.139036178588867,73699600,MSFT
2002-11-08,28.0,28.274999618530273,27.5049991607666,27.549999237060547,16.860584259033203,64522200,MSFT
2002-11-11,27.53499984741211,27.549999237060547,26.90999984741211,26.93000030517578,16.48114776611328,58341200,MSFT
2002-11-12,27.049999237060547,27.71500015258789,26.950000762939453,27.2549991607666,16.680044174194336,81398600,MSFT
2002-11-13,27.1200008392334,27.96500015258789,27.05500030517578,27.68000030517578,16.940141677856445,107370200,MSFT
2002-11-14,27.9950008392334,28.5,27.934999465942383,28.4950008392334,17.438915252685547,78337000,MSFT
2002-11-15,28.299999237060547,28.459999084472656,27.834999084472656,28.344999313354492,17.347122192382812,77533600,MSFT
2002-11-18,28.475000381469727,28.514999389648438,27.8700008392334,27.924999237060547,17.090072631835938,58086400,MSFT
2002-11-19,27.774999618530273,27.899999618530273,27.155000686645508,27.43000030517578,16.787141799926758,76403400,MSFT
2002-11-20,27.5049991607666,28.450000762939453,27.46500015258789,28.309999465942383,17.325695037841797,76435400,MSFT
2002-11-21,28.489999771118164,29.0,28.389999389648438,28.920000076293945,17.699026107788086,82922200,MSFT
2002-11-22,28.725000381469727,29.149999618530273,28.524999618530273,29.110000610351562,17.81529426574707,70002000,MSFT
2002-11-25,29.030000686645508,29.31999969482422,28.78499984741211,29.114999771118164,17.818357467651367,61583000,MSFT
2002-11-26,28.81999969482422,29.125,28.389999389648438,28.450000762939453,17.411380767822266,68650400,MSFT
2002-11-27,28.799999237060547,29.30500030517578,28.700000762939453,29.040000915527344,17.7724609375,55191800,MSFT
2002-11-29,29.21500015258789,29.315000534057617,28.84000015258789,28.84000015258789,17.650062561035156,28393000,MSFT
2002-12-02,29.325000762939453,29.479999542236328,28.5049991607666,28.844999313354492,17.65312385559082,63735000,MSFT
2002-12-03,28.639999389648438,28.674999237060547,28.204999923706055,28.354999542236328,17.353235244750977,58457400,MSFT
2002-12-04,28.065000534057617,28.719999313354492,27.90999984741211,28.270000457763672,17.301223754882812,83892000,MSFT
2002-12-05,28.475000381469727,28.545000076293945,27.649999618530273,27.670000076293945,16.93402099609375,68435800,MSFT
2002-12-06,27.434999465942383,27.8700008392334,27.110000610351562,27.735000610351562,16.973793029785156,71670200,MSFT
2002-12-09,27.5,27.610000610351562,26.7549991607666,26.764999389648438,16.380155563354492,63862800,MSFT
2002-12-10,26.780000686645508,27.239999771118164,26.739999771118164,27.0049991607666,16.527034759521484,63730200,MSFT
2002-12-11,26.924999237060547,27.5049991607666,26.790000915527344,27.329999923706055,16.725934982299805,69186200,MSFT
2002-12-12,27.5,27.530000686645508,26.844999313354492,27.084999084472656,16.57599639892578,55242000,MSFT
2002-12-13,26.84000015258789,26.875,26.2450008392334,26.25,16.064983367919922,65245400,MSFT
2002-12-16,26.5,27.274999618530273,26.334999084472656,27.239999771118164,16.670862197875977,60140400,MSFT
2002-12-17,27.209999084472656,27.4950008392334,26.889999389648438,27.18000030517578,16.63414192199707,49549800,MSFT
2002-12-18,26.920000076293945,27.200000762939453,26.395000457763672,26.764999389648438,16.380155563354492,62709400,MSFT
2002-12-19,26.625,27.375,26.440000534057617,26.55500030517578,16.25164222717285,82686600,MSFT
2002-12-20,26.7450008392334,26.860000610351562,26.475000381469727,26.520000457763672,16.2302188873291,98294600,MSFT
2002-12-23,26.524999618530273,27.139999389648438,26.450000762939453,27.0,16.52398681640625,48798400,MSFT
2002-12-24,26.770000457763672,27.114999771118164,26.760000228881836,26.90999984741211,16.468900680541992,18386000,MSFT
2002-12-26,27.014999389648438,27.344999313354492,26.584999084472656,26.69499969482422,16.33732032775879,37228000,MSFT
2002-12-27,26.639999389648438,27.0,26.450000762939453,26.485000610351562,16.208799362182617,40891600,MSFT
2002-12-30,26.5049991607666,26.6200008392334,26.135000228881836,26.375,16.1414794921875,48019600,MSFT
2002-12-31,26.3700008392334,26.4950008392334,25.6299991607666,25.850000381469727,15.820181846618652,58208800,MSFT
2003-01-02,26.149999618530273,26.875,25.854999542236328,26.860000610351562,16.438304901123047,67025200,MSFT
2003-01-03,26.795000076293945,26.899999618530273,26.440000534057617,26.895000457763672,16.459718704223633,55546800,MSFT
2003-01-06,27.010000228881836,27.614999771118164,26.899999618530273,27.385000228881836,16.759601593017578,59456200,MSFT
2003-01-07,27.459999084472656,28.0049991607666,27.34000015258789,27.899999618530273,17.074787139892578,80517400,MSFT
2003-01-08,27.684999465942383,27.774999618530273,27.05500030517578,27.1200008392334,16.597427368164062,64566000,MSFT
2003-01-09,27.360000610351562,27.959999084472656,27.264999389648438,27.905000686645508,17.07784652709961,61808000,MSFT
2003-01-10,27.549999237060547,28.149999618530273,27.450000762939453,27.959999084472656,17.11149787902832,67730200,MSFT
2003-01-13,28.260000228881836,28.375,27.885000228881836,28.19499969482422,17.255327224731445,60817800,MSFT
2003-01-14,28.165000915527344,28.5,28.094999313354492,28.485000610351562,17.43279457092285,54206400,MSFT
2003-01-15,28.5,28.65999984741211,28.094999313354492,28.135000228881836,17.218603134155273,59622600,MSFT
2003-01-16,28.15999984741211,28.325000762939453,27.55500030517578,27.674999237060547,16.937082290649414,81371000,MSFT
2003-01-17,26.469999313354492,26.5,25.655000686645508,25.729999542236328,15.746742248535156,155876000,MSFT
2003-01-21,25.934999465942383,26.075000762939453,25.645000457763672,25.665000915527344,15.706962585449219,86159200,MSFT
2003-01-22,25.795000076293945,26.200000762939453,25.454999923706055,25.5,15.605985641479492,86948000,MSFT
2003-01-23,25.975000381469727,26.270000457763672,25.729999542236328,26.139999389648438,15.997668266296387,71374800,MSFT
2003-01-24,26.014999389648438,26.024999618530273,24.850000381469727,24.924999237060547,15.254081726074219,103027000,MSFT
2003-01-27,24.65999984741211,25.299999237060547,24.204999923706055,24.584999084472656,15.045995712280273,114838600,MSFT
2003-01-28,24.844999313354492,24.850000381469727,24.280000686645508,24.40999984741211,14.938901901245117,86151200,MSFT
2003-01-29,24.364999771118164,25.020000457763672,23.96500015258789,24.954999923706055,15.272442817687988,106884000,MSFT
2003-01-30,25.079999923706055,25.084999084472656,24.094999313354492,24.1200008392334,14.761423110961914,87877400,MSFT
2003-01-31,23.725000381469727,24.174999237060547,23.514999389648438,23.729999542236328,14.522745132446289,106858400,MSFT
2003-02-03,23.96500015258789,24.549999237060547,23.729999542236328,24.280000686645508,14.859344482421875,80129800,MSFT
2003-02-04,23.899999618530273,23.969999313354492,23.440000534057617,23.65999984741211,14.479901313781738,81854800,MSFT
2003-02-05,23.915000915527344,24.264999389648438,23.364999771118164,23.479999542236328,14.369745254516602,101072000,MSFT
2003-02-06,23.43000030517578,23.809999465942383,23.280000686645508,23.709999084472656,14.510498046875,83312000,MSFT
2003-02-07,23.940000534057617,23.975000381469727,23.204999923706055,23.290000915527344,14.253457069396973,75208000,MSFT
2003-02-10,23.399999618530273,23.760000228881836,23.270000457763672,23.690000534057617,14.498270034790039,74081400,MSFT
2003-02-11,23.649999618530273,23.834999084472656,23.0,23.219999313354492,14.210623741149902,84292000,MSFT
2003-02-12,23.274999618530273,23.549999237060547,23.1299991607666,23.219999313354492,14.210623741149902,71315200,MSFT
2003-02-13,23.204999923706055,23.559999465942383,23.065000534057617,23.4950008392334,14.378924369812012,73558200,MSFT
2003-02-14,23.625,24.25,23.385000228881836,24.149999618530273,14.779773712158203,90446400,MSFT
2003-02-18,24.6200008392334,24.989999771118164,24.399999618530273,24.959999084472656,15.275510787963867,57415500,MSFT
2003-02-19,24.81999969482422,24.8799991607666,24.170000076293945,24.530000686645508,15.060613632202148,46902700,MSFT
2003-02-20,24.770000457763672,24.8700008392334,24.100000381469727,24.139999389648438,14.82116413116455,50897200,MSFT
2003-02-21,24.290000915527344,24.799999237060547,23.700000762939453,24.6299991607666,15.122014045715332,56853200,MSFT
2003-02-24,24.440000534057617,24.5,23.84000015258789,24.06999969482422,14.778182029724121,62403700,MSFT
2003-02-25,23.540000915527344,24.270000457763672,23.3799991607666,24.190000534057617,14.8518648147583,68113000,MSFT
2003-02-26,24.06999969482422,24.469999313354492,23.579999923706055,23.610000610351562,14.495765686035156,57096000,MSFT
2003-02-27,23.899999618530273,24.209999084472656,23.299999237060547,23.579999923706055,14.477351188659668,75434300,MSFT
2003-02-28,23.739999771118164,24.06999969482422,23.549999237060547,23.700000762939453,14.551016807556152,56585400,MSFT
2003-03-03,24.020000457763672,24.1200008392334,23.399999618530273,23.540000915527344,14.452781677246094,50653500,MSFT
2003-03-04,23.579999923706055,23.65999984741211,23.059999465942383,23.06999969482422,14.16421890258789,56605700,MSFT
2003-03-05,23.06999969482422,23.549999237060547,23.049999237060547,23.440000534057617,14.391398429870605,55415900,MSFT
2003-03-06,23.170000076293945,23.5,23.1299991607666,23.270000457763672,14.28701114654541,54607600,MSFT
2003-03-07,22.950000762939453,23.790000915527344,22.899999618530273,23.559999465942383,14.465070724487305,66167600,MSFT
2003-03-10,23.309999465942383,23.459999084472656,22.889999389648438,22.950000762939453,14.090546607971191,48413600,MSFT
2003-03-11,23.059999465942383,23.260000228881836,22.760000228881836,22.799999237060547,13.998444557189941,53990700,MSFT
2003-03-12,22.809999465942383,23.440000534057617,22.549999237060547,23.389999389648438,14.360699653625488,72379500,MSFT
2003-03-13,23.719999313354492,24.739999771118164,23.440000534057617,24.670000076293945,15.146575927734375,80701300,MSFT
2003-03-14,24.68000030517578,24.959999084472656,24.260000228881836,24.860000610351562,15.263230323791504,75451400,MSFT
2003-03-17,24.520000457763672,25.950000762939453,24.329999923706055,25.93000030517578,15.920172691345215,100983800,MSFT
2003-03-18,25.889999389648438,26.040000915527344,25.5,26.040000915527344,15.987707138061523,78108800,MSFT
2003-03-19,25.979999542236328,26.43000030517578,25.739999771118164,26.31999969482422,16.159618377685547,73652100,MSFT
2003-03-20,26.020000457763672,26.520000457763672,25.670000076293945,26.25,16.116636276245117,71798500,MSFT
2003-03-21,26.75,26.799999237060547,26.030000686645508,26.56999969482422,16.313106536865234,85586800,MSFT
2003-03-24,25.549999237060547,25.93000030517578,25.18000030517578,25.290000915527344,15.527231216430664,61105200,MSFT
2003-03-25,25.600000381469727,25.75,25.030000686645508,25.489999771118164,15.650017738342285,63595100,MSFT
2003-03-26,25.459999084472656,25.6200008392334,25.239999771118164,25.25,15.502677917480469,51673600,MSFT
2003-03-27,24.940000534057617,25.260000228881836,24.59000015258789,25.040000915527344,15.373736381530762,60043300,MSFT
2003-03-28,24.670000076293945,25.100000381469727,24.600000381469727,24.670000076293945,15.146575927734375,39584600,MSFT
2003-03-31,24.25,24.709999084472656,24.010000228881836,24.209999084472656,14.864143371582031,71384000,MSFT
2003-04-01,24.459999084472656,24.700000762939453,24.25,24.350000381469727,14.950096130371094,49803200,MSFT
2003-04-02,25.100000381469727,26.0,25.100000381469727,25.719999313354492,15.791236877441406,68282500,MSFT
2003-04-03,25.989999771118164,26.09000015258789,25.600000381469727,25.729999542236328,15.797365188598633,57394300,MSFT
2003-04-04,25.760000228881836,25.799999237060547,24.93000030517578,25.09000015258789,15.404434204101562,55740600,MSFT
2003-04-07,26.229999542236328,26.43000030517578,25.170000076293945,25.170000076293945,15.4535493850708,65627100,MSFT
2003-04-08,25.309999465942383,25.829999923706055,25.200000762939453,25.579999923706055,15.705275535583496,54132100,MSFT
2003-04-09,25.610000610351562,25.670000076293945,24.540000915527344,24.56999969482422,15.085163116455078,76875800,MSFT
2003-04-10,24.709999084472656,24.790000915527344,24.280000686645508,24.59000015258789,15.097451210021973,51608900,MSFT
2003-04-11,24.889999389648438,25.18000030517578,23.950000762939453,24.200000762939453,14.85800552368164,71565500,MSFT
2003-04-14,24.270000457763672,24.8799991607666,24.0,24.760000228881836,15.201820373535156,51599600,MSFT
2003-04-15,24.68000030517578,24.790000915527344,24.100000381469727,24.600000381469727,15.10358715057373,63399000,MSFT
2003-04-16,25.600000381469727,25.739999771118164,24.600000381469727,24.920000076293945,15.300063133239746,86178700,MSFT
2003-04-17,24.770000457763672,25.540000915527344,24.739999771118164,25.5,15.656163215637207,58356600,MSFT
2003-04-21,25.610000610351562,25.610000610351562,25.079999923706055,25.209999084472656,15.47811222076416,41557800,MSFT
2003-04-22,25.059999465942383,25.799999237060547,25.030000686645508,25.760000228881836,15.81579303741455,58844000,MSFT
2003-04-23,25.75,25.989999771118164,25.469999313354492,25.719999313354492,15.791236877441406,55559300,MSFT
2003-04-24,25.479999542236328,25.719999313354492,25.31999969482422,25.489999771118164,15.650017738342285,51703600,MSFT
2003-04-25,25.329999923706055,25.639999389648438,25.170000076293945,25.219999313354492,15.484245300292969,53657400,MSFT
2003-04-28,25.389999389648438,25.940000534057617,25.31999969482422,25.739999771118164,15.803515434265137,56287600,MSFT
2003-04-29,25.950000762939453,26.25,25.68000030517578,25.799999237060547,15.840352058410645,65877300,MSFT
2003-04-30,25.729999542236328,25.8799991607666,25.25,25.56999969482422,15.699141502380371,55566800,MSFT
2003-05-01,25.540000915527344,25.950000762939453,25.34000015258789,25.719999313354492,15.791236877441406,42085800,MSFT
2003-05-02,25.649999618530273,26.290000915527344,25.559999465942383,26.100000381469727,16.024539947509766,52695400,MSFT
2003-05-05,26.25,26.389999389648438,25.84000015258789,25.860000610351562,15.877185821533203,50391500,MSFT
2003-05-06,25.860000610351562,26.5,25.81999969482422,26.3700008392334,16.19031524658203,54299500,MSFT
2003-05-07,26.110000610351562,26.350000381469727,25.84000015258789,25.989999771118164,15.957005500793457,49120000,MSFT
2003-05-08,25.75,26.139999389648438,25.709999084472656,25.739999771118164,15.803515434265137,46401400,MSFT
2003-05-09,25.899999618530273,26.5,25.889999389648438,26.360000610351562,16.184175491333008,58913600,MSFT
2003-05-12,26.149999618530273,26.469999313354492,26.059999465942383,26.200000762939453,16.085941314697266,53900800,MSFT
2003-05-13,26.040000915527344,26.200000762939453,25.889999389648438,25.989999771118164,15.957005500793457,44501900,MSFT
2003-05-14,26.079999923706055,26.18000030517578,25.540000915527344,25.6200008392334,15.729838371276855,45021000,MSFT
2003-05-15,25.850000381469727,26.010000228881836,25.56999969482422,25.790000915527344,15.834210395812988,45450200,MSFT
2003-05-16,25.8799991607666,26.049999237060547,25.40999984741211,25.56999969482422,15.699141502380371,60620900,MSFT
2003-05-19,25.399999618530273,25.540000915527344,24.739999771118164,24.760000228881836,15.201820373535156,55336300,MSFT
2003-05-20,24.860000610351562,25.0,24.5,24.6299991607666,15.122014045715332,52677600,MSFT
2003-05-21,24.6299991607666,24.709999084472656,23.889999389648438,24.030000686645508,14.75363540649414,108960900,MSFT
2003-05-22,24.200000762939453,24.270000457763672,24.040000915527344,24.15999984741211,14.83344841003418,93157100,MSFT
2003-05-23,24.200000762939453,24.540000915527344,24.030000686645508,24.219999313354492,14.870280265808105,76968000,MSFT
2003-05-27,24.25,24.889999389648438,24.219999313354492,24.790000915527344,15.220245361328125,68486800,MSFT
2003-05-28,24.780000686645508,24.8700008392334,24.299999237060547,24.40999984741211,14.986930847167969,91467000,MSFT
2003-05-29,24.469999313354492,24.670000076293945,24.229999542236328,24.399999618530273,14.980790138244629,75451300,MSFT
2003-05-30,24.729999542236328,24.90999984741211,24.510000228881836,24.610000610351562,15.109726905822754,85096700,MSFT
2003-06-02,24.979999542236328,25.030000686645508,24.56999969482422,24.639999389648438,15.128143310546875,66310800,MSFT
2003-06-03,24.75,24.920000076293945,24.56999969482422,24.8799991607666,15.275510787963867,61058200,MSFT
2003-06-04,24.989999771118164,25.219999313354492,24.739999771118164,24.8700008392334,15.269367218017578,83484600,MSFT
2003-06-05,24.469999313354492,24.520000457763672,24.010000228881836,24.09000015258789,14.790464401245117,115877900,MSFT
2003-06-06,24.440000534057617,24.559999465942383,23.649999618530273,23.670000076293945,14.532600402832031,119629400,MSFT
2003-06-09,23.719999313354492,23.979999542236328,23.600000381469727,23.75,14.581717491149902,73610000,MSFT
2003-06-10,23.940000534057617,24.75,23.850000381469727,24.68000030517578,15.152701377868652,80655300,MSFT
2003-06-11,24.670000076293945,24.959999084472656,24.420000076293945,24.8799991607666,15.275510787963867,75768600,MSFT
2003-06-12,24.969999313354492,25.139999389648438,24.739999771118164,24.989999771118164,15.343039512634277,66177700,MSFT
2003-06-13,25.200000762939453,25.25,24.489999771118164,24.649999618530273,15.13429069519043,55157500,MSFT
2003-06-16,24.799999237060547,25.420000076293945,24.670000076293945,25.389999389648438,15.588622093200684,69658600,MSFT
2003-06-17,25.639999389648438,26.139999389648438,25.530000686645508,25.959999084472656,15.93858528137207,122213900,MSFT
2003-06-18,25.979999542236328,26.43000030517578,25.709999084472656,26.06999969482422,16.006132125854492,89957700,MSFT
2003-06-19,26.09000015258789,26.389999389648438,26.010000228881836,26.06999969482422,16.006132125854492,63626900,MSFT
2003-06-20,26.34000015258789,26.3799991607666,26.010000228881836,26.329999923706055,16.165752410888672,86048900,MSFT
2003-06-23,26.139999389648438,26.239999771118164,25.489999771118164,25.780000686645508,15.828069686889648,52584500,MSFT
2003-06-24,25.649999618530273,26.040000915527344,25.520000457763672,25.700000762939453,15.778958320617676,51820300,MSFT
2003-06-25,25.639999389648438,25.989999771118164,25.139999389648438,25.260000228881836,15.508807182312012,60483500,MSFT
2003-06-26,25.389999389648438,26.510000228881836,25.209999084472656,25.75,15.809657096862793,51758100,MSFT
2003-06-27,25.950000762939453,26.34000015258789,25.530000686645508,25.6299991607666,15.735978126525879,76040300,MSFT
2003-06-30,25.940000534057617,26.1200008392334,25.5,25.639999389648438,15.742118835449219,48073100,MSFT
2003-07-01,25.59000015258789,26.200000762939453,25.389999389648438,26.149999618530273,16.055246353149414,60926000,MSFT
2003-07-02,26.5,26.93000030517578,26.450000762939453,26.8799991607666,16.503433227539062,94069300,MSFT
2003-07-03,26.690000534057617,26.950000762939453,26.40999984741211,26.5,16.270132064819336,39440900,MSFT
2003-07-07,27.020000457763672,27.549999237060547,26.950000762939453,27.420000076293945,16.834978103637695,88960800,MSFT
2003-07-08,27.260000228881836,27.799999237060547,27.25,27.700000762939453,17.006887435913086,61896800,MSFT
2003-07-09,27.559999465942383,27.700000762939453,27.25,27.469999313354492,16.865678787231445,62300700,MSFT
2003-07-10,27.25,27.420000076293945,26.59000015258789,26.90999984741211,16.5218505859375,55350800,MSFT
2003-07-11,26.950000762939453,27.450000762939453,26.889999389648438,27.309999465942383,16.767440795898438,50377300,MSFT
2003-07-14,27.6299991607666,27.809999465942383,27.049999237060547,27.399999618530273,16.82269287109375,60464400,MSFT
2003-07-15,27.469999313354492,27.530000686645508,27.100000381469727,27.270000457763672,16.74289321899414,53567600,MSFT
2003-07-16,27.559999465942383,27.6200008392334,27.200000762939453,27.520000457763672,16.89637565612793,49838900,MSFT
2003-07-17,27.139999389648438,27.270000457763672,26.540000915527344,26.690000534057617,16.38678741455078,72805000,MSFT
2003-07-18,27.110000610351562,27.229999542236328,26.75,26.889999389648438,16.50958251953125,63388400,MSFT
2003-07-21,26.8700008392334,26.90999984741211,26.0,26.040000915527344,15.987707138061523,48480800,MSFT
2003-07-22,26.280000686645508,26.559999465942383,26.1299991607666,26.3799991607666,16.19644546508789,51791000,MSFT
2003-07-23,26.420000076293945,26.649999618530273,26.139999389648438,26.450000762939453,16.23943328857422,49828200,MSFT
2003-07-24,26.780000686645508,26.920000076293945,25.979999542236328,26.0,15.963140487670898,53556600,MSFT
2003-07-25,26.280000686645508,26.950000762939453,26.06999969482422,26.889999389648438,16.50958251953125,54173000,MSFT
2003-07-28,26.940000534057617,27.0,26.489999771118164,26.610000610351562,16.337663650512695,52658300,MSFT
2003-07-29,26.8799991607666,26.899999618530273,26.239999771118164,26.469999313354492,16.25172233581543,62391100,MSFT
2003-07-30,26.459999084472656,26.56999969482422,26.170000076293945,26.229999542236328,16.10436248779297,41240300,MSFT
2003-07-31,26.600000381469727,26.989999771118164,26.309999465942383,26.40999984741211,16.214876174926758,64504800,MSFT
2003-08-01,26.329999923706055,26.510000228881836,26.1200008392334,26.170000076293945,16.067516326904297,42649700,MSFT
2003-08-04,26.149999618530273,26.40999984741211,25.75,26.18000030517578,16.073659896850586,51825600,MSFT
2003-08-05,26.309999465942383,26.540000915527344,25.600000381469727,25.65999984741211,15.754390716552734,58825800,MSFT
2003-08-06,25.540000915527344,26.190000534057617,25.43000030517578,25.649999618530273,15.748263359069824,56294900,MSFT
2003-08-07,25.719999313354492,25.809999465942383,25.450000762939453,25.709999084472656,15.785094261169434,44258500,MSFT
2003-08-08,25.8799991607666,25.979999542236328,25.5,25.579999923706055,15.705275535583496,33241400,MSFT
2003-08-11,25.610000610351562,25.989999771118164,25.540000915527344,25.610000610351562,15.723694801330566,36433900,MSFT
2003-08-12,25.709999084472656,25.770000457763672,25.450000762939453,25.729999542236328,15.797365188598633,38208400,MSFT
2003-08-13,25.790000915527344,25.889999389648438,25.5,25.600000381469727,15.71755313873291,39636900,MSFT
2003-08-14,25.65999984741211,25.709999084472656,25.520000457763672,25.6299991607666,15.735978126525879,37338300,MSFT
2003-08-15,25.610000610351562,25.65999984741211,25.43000030517578,25.540000915527344,15.680720329284668,27607900,MSFT
2003-08-18,25.559999465942383,25.829999923706055,25.459999084472656,25.700000762939453,15.778958320617676,45817400,MSFT
2003-08-19,25.850000381469727,26.649999618530273,25.770000457763672,26.6200008392334,16.34381675720215,72952900,MSFT
2003-08-20,26.299999237060547,26.530000686645508,26.0,26.450000762939453,16.23943328857422,56739300,MSFT
2003-08-21,26.649999618530273,26.729999542236328,26.1299991607666,26.239999771118164,16.110496520996094,63802700,MSFT
2003-08-22,26.780000686645508,26.950000762939453,26.209999084472656,26.219999313354492,16.098224639892578,65846300,MSFT
2003-08-25,26.309999465942383,26.540000915527344,26.229999542236328,26.5,16.270132064819336,36132900,MSFT
2003-08-26,26.309999465942383,26.670000076293945,25.959999084472656,26.56999969482422,16.313106536865234,47546000,MSFT
2003-08-27,26.510000228881836,26.579999923706055,26.299999237060547,26.420000076293945,16.221010208129883,30633900,MSFT
2003-08-28,26.5,26.579999923706055,26.239999771118164,26.510000228881836,16.276277542114258,46211200,MSFT
2003-08-29,26.459999084472656,26.549999237060547,26.350000381469727,26.520000457763672,16.282407760620117,34503000,MSFT
2003-09-02,26.700000762939453,27.299999237060547,26.469999313354492,27.260000228881836,16.736745834350586,74168900,MSFT
2003-09-03,27.420000076293945,28.399999618530273,27.3799991607666,28.299999237060547,17.37526512145996,109437800,MSFT
2003-09-04,28.100000381469727,28.469999313354492,27.989999771118164,28.43000030517578,17.45508575439453,59840800,MSFT
2003-09-05,28.229999542236328,28.75,28.170000076293945,28.3799991607666,17.42438507080078,64024500,MSFT
2003-09-08,28.389999389648438,28.920000076293945,28.34000015258789,28.84000015258789,17.70681381225586,46105300,MSFT
2003-09-09,28.649999618530273,28.709999084472656,28.309999465942383,28.3700008392334,17.418249130249023,44315200,MSFT
2003-09-10,28.030000686645508,28.18000030517578,27.479999542236328,27.549999237060547,16.91480255126953,54763500,MSFT
2003-09-11,27.65999984741211,28.110000610351562,27.59000015258789,27.84000015258789,17.092849731445312,37813300,MSFT
2003-09-12,27.479999542236328,28.399999618530273,27.450000762939453,28.34000015258789,17.39982795715332,55777200,MSFT
2003-09-15,28.3700008392334,28.610000610351562,28.329999923706055,28.360000610351562,17.412105560302734,41432300,MSFT
2003-09-16,28.40999984741211,28.950000762939453,28.31999969482422,28.899999618530273,17.74365234375,52060600,MSFT
2003-09-17,28.760000228881836,28.950000762939453,28.469999313354492,28.5,17.498065948486328,47221600,MSFT
2003-09-18,28.489999771118164,29.510000228881836,28.420000076293945,29.5,18.112028121948242,67268100,MSFT
2003-09-19,29.760000228881836,29.969999313354492,29.520000457763672,29.959999084472656,18.394460678100586,92433800,MSFT
2003-09-22,29.389999389648438,30.0,28.809999465942383,29.06999969482422,17.848031997680664,65678700,MSFT
2003-09-23,29.1200008392334,29.709999084472656,28.8799991607666,29.600000381469727,18.173431396484375,57827800,MSFT
2003-09-24,29.610000610351562,29.700000762939453,28.420000076293945,28.459999084472656,17.473501205444336,66336500,MSFT
2003-09-25,28.469999313354492,28.959999084472656,28.219999313354492,28.239999771118164,17.338430404663086,56224500,MSFT
2003-09-26,28.270000457763672,28.780000686645508,28.139999389648438,28.190000534057617,17.30773162841797,49864700,MSFT
2003-09-29,28.40999984741211,28.90999984741211,28.100000381469727,28.829999923706055,17.70068359375,47380300,MSFT
2003-09-30,28.59000015258789,28.610000610351562,27.75,27.799999237060547,17.06828498840332,63333700,MSFT
2003-10-01,28.030000686645508,28.6299991607666,27.809999465942383,28.520000457763672,17.51034164428711,58375900,MSFT
2003-10-02,28.450000762939453,28.75,28.190000534057617,28.5,17.498065948486328,38143600,MSFT
2003-10-03,29.15999984741211,29.459999084472656,28.93000030517578,29.079999923706055,17.854158401489258,57303000,MSFT
2003-10-06,29.149999618530273,29.299999237060547,28.90999984741211,29.190000534057617,17.92169952392578,34047600,MSFT
2003-10-07,29.010000228881836,29.3700008392334,28.920000076293945,29.139999389648438,17.891002655029297,52356800,MSFT
2003-10-08,29.360000610351562,29.360000610351562,28.68000030517578,28.81999969482422,17.694538116455078,46989100,MSFT
2003-10-09,29.219999313354492,29.350000381469727,28.799999237060547,28.940000534057617,17.768207550048828,62653300,MSFT
2003-10-10,28.90999984741211,29.200000762939453,28.670000076293945,28.90999984741211,17.749786376953125,37604700,MSFT
2003-10-13,28.979999542236328,29.100000381469727,28.5,28.780000686645508,17.669973373413086,39320300,MSFT
2003-10-14,28.65999984741211,28.770000457763672,28.479999542236328,28.68000030517578,17.608572006225586,34851300,MSFT
2003-10-15,29.200000762939453,29.260000228881836,28.700000762939453,29.06999969482422,17.94816017150879,57242100,MSFT
2003-10-16,28.90999984741211,29.309999465942383,28.799999237060547,29.229999542236328,18.046937942504883,42232500,MSFT
2003-10-17,29.280000686645508,29.290000915527344,28.799999237060547,28.93000030517578,17.86171531677246,49960000,MSFT
2003-10-20,28.950000762939453,29.3700008392334,28.799999237060547,29.350000381469727,18.121028900146484,38794500,MSFT
2003-10-21,29.350000381469727,29.43000030517578,29.170000076293945,29.350000381469727,18.121028900146484,44166800,MSFT
2003-10-22,29.030000686645508,29.209999084472656,28.799999237060547,28.889999389648438,17.837018966674805,48798500,MSFT
2003-10-23,28.719999313354492,29.079999923706055,28.100000381469727,28.90999984741211,17.8493709564209,67357900,MSFT
2003-10-24,27.270000457763672,27.399999618530273,26.420000076293945,26.610000610351562,16.429319381713867,210558300,MSFT
2003-10-27,26.90999984741211,27.100000381469727,26.81999969482422,26.90999984741211,16.614540100097656,65619100,MSFT
2003-10-28,27.09000015258789,27.219999313354492,26.8799991607666,27.200000762939453,16.793588638305664,71752600,MSFT
2003-10-29,27.15999984741211,27.25,26.65999984741211,26.739999771118164,16.50958824157715,73551500,MSFT
2003-10-30,27.010000228881836,27.040000915527344,25.90999984741211,26.1200008392334,16.126785278320312,98729400,MSFT
2003-10-31,26.3700008392334,26.440000534057617,26.110000610351562,26.139999389648438,16.139148712158203,69623700,MSFT
2003-11-03,26.350000381469727,26.75,26.290000915527344,26.68000030517578,16.472543716430664,57772300,MSFT
2003-11-04,26.59000015258789,26.6200008392334,26.010000228881836,26.06999969482422,16.095924377441406,84026100,MSFT
2003-11-05,26.149999618530273,26.31999969482422,26.0,26.100000381469727,16.114442825317383,61514400,MSFT
2003-11-06,26.260000228881836,26.299999237060547,26.0,26.229999542236328,16.194704055786133,68189800,MSFT
2003-11-07,26.3799991607666,26.489999771118164,26.030000686645508,26.100000381469727,16.114442825317383,57822100,MSFT
2003-11-10,26.1200008392334,26.229999542236328,26.0,26.0,16.052696228027344,54579100,MSFT
2003-11-11,26.010000228881836,26.079999923706055,25.670000076293945,25.799999237060547,15.929219245910645,64990700,MSFT
2003-11-12,25.850000381469727,26.139999389648438,25.600000381469727,25.979999542236328,16.040355682373047,75877300,MSFT
2003-11-13,25.860000610351562,25.93000030517578,25.450000762939453,25.690000534057617,15.861303329467773,78949500,MSFT
2003-11-14,25.700000762939453,26.020000457763672,25.440000534057617,25.5,15.743992805480957,83146400,MSFT
2003-11-17,25.389999389648438,25.440000534057617,24.84000015258789,25.149999618530273,15.527909278869629,103900200,MSFT
2003-11-18,25.329999923706055,25.84000015258789,25.1200008392334,25.149999618530273,15.527909278869629,106868300,MSFT
2003-11-19,25.290000915527344,25.540000915527344,25.170000076293945,25.350000381469727,15.651382446289062,78853300,MSFT
2003-11-20,25.170000076293945,25.6299991607666,25.079999923706055,25.100000381469727,15.497029304504395,106845700,MSFT
2003-11-21,25.329999923706055,25.3799991607666,25.079999923706055,25.110000610351562,15.503203392028809,70712900,MSFT
2003-11-24,25.329999923706055,25.809999465942383,25.280000686645508,25.729999542236328,15.885991096496582,99463800,MSFT
2003-11-25,25.8700008392334,25.950000762939453,25.3799991607666,25.399999618530273,15.682246208190918,85663800,MSFT
2003-11-26,25.610000610351562,25.6299991607666,25.31999969482422,25.450000762939453,15.713126182556152,69758400,MSFT
2003-11-28,25.5,25.75,25.399999618530273,25.709999084472656,15.873648643493652,33402600,MSFT
2003-12-01,25.899999618530273,26.209999084472656,25.5,25.84000015258789,15.953917503356934,101914600,MSFT
2003-12-02,25.950000762939453,26.09000015258789,25.610000610351562,25.65999984741211,15.842771530151367,85121700,MSFT
2003-12-03,25.81999969482422,26.06999969482422,25.6200008392334,25.670000076293945,15.848957061767578,93121600,MSFT
2003-12-04,25.719999313354492,26.229999542236328,25.65999984741211,26.200000762939453,16.17618179321289,87202400,MSFT
2003-12-05,25.959999084472656,26.479999542236328,25.920000076293945,25.979999542236328,16.040355682373047,96610900,MSFT
2003-12-08,26.1200008392334,26.34000015258789,25.809999465942383,26.239999771118164,16.20088005065918,90504000,MSFT
2003-12-09,26.440000534057617,26.610000610351562,26.25,26.3799991607666,16.28731346130371,103547100,MSFT
2003-12-10,26.450000762939453,26.6299991607666,26.3799991607666,26.59000015258789,16.416969299316406,82853700,MSFT
2003-12-11,26.59000015258789,26.770000457763672,26.280000686645508,26.610000610351562,16.429319381713867,79309000,MSFT
2003-12-12,26.690000534057617,26.809999465942383,26.5,26.649999618530273,16.45401382446289,69154100,MSFT
2003-12-15,27.049999237060547,27.100000381469727,26.68000030517578,26.739999771118164,16.50958824157715,88860600,MSFT
2003-12-16,26.829999923706055,27.15999984741211,26.770000457763672,27.059999465942383,16.707155227661133,73978000,MSFT
2003-12-17,27.040000915527344,27.079999923706055,26.850000381469727,27.040000915527344,16.694812774658203,53712300,MSFT
2003-12-18,27.100000381469727,27.450000762939453,27.049999237060547,27.399999618530273,16.917076110839844,61177800,MSFT
2003-12-19,27.489999771118164,27.549999237060547,27.190000534057617,27.360000610351562,16.89238166809082,76856400,MSFT
2003-12-22,27.15999984741211,27.43000030517578,26.969999313354492,27.18000030517578,16.781253814697266,43894800,MSFT
2003-12-23,27.170000076293945,27.34000015258789,27.010000228881836,27.149999618530273,16.76271629333496,39609000,MSFT
2003-12-24,27.139999389648438,27.15999984741211,27.0,27.040000915527344,16.694812774658203,19924200,MSFT
2003-12-26,27.049999237060547,27.25,27.0,27.209999084472656,16.79976463317871,12076900,MSFT
2003-12-29,27.209999084472656,27.530000686645508,27.15999984741211,27.459999084472656,16.954118728637695,40426700,MSFT
2003-12-30,27.40999984741211,27.549999237060547,27.399999618530273,27.520000457763672,16.991165161132812,34406600,MSFT
2003-12-31,27.420000076293945,27.549999237060547,27.229999542236328,27.3700008392334,16.898557662963867,42198900,MSFT
2004-01-02,27.579999923706055,27.770000457763672,27.329999923706055,27.450000762939453,16.94794464111328,44487700,MSFT
2004-01-05,27.729999542236328,28.18000030517578,27.719999313354492,28.139999389648438,17.373964309692383,67333700,MSFT
2004-01-06,28.190000534057617,28.280000686645508,28.06999969482422,28.239999771118164,17.43569564819336,46950800,MSFT
2004-01-07,28.170000076293945,28.309999465942383,28.010000228881836,28.209999084472656,17.417177200317383,54298200,MSFT
2004-01-08,28.389999389648438,28.479999542236328,28.0,28.15999984741211,17.38630485534668,58810800,MSFT
2004-01-09,28.030000686645508,28.059999465942383,27.59000015258789,27.65999984741211,17.077604293823242,67079900,MSFT
2004-01-12,27.670000076293945,27.729999542236328,27.350000381469727,27.56999969482422,17.02203369140625,55845200,MSFT
2004-01-13,27.549999237060547,27.639999389648438,27.260000228881836,27.43000030517578,16.93560028076172,51555900,MSFT
2004-01-14,27.520000457763672,27.729999542236328,27.469999313354492,27.700000762939453,17.102298736572266,43907000,MSFT
2004-01-15,27.549999237060547,27.719999313354492,27.420000076293945,27.540000915527344,17.003517150878906,58504100,MSFT
2004-01-16,27.709999084472656,27.8799991607666,27.530000686645508,27.809999465942383,17.17021369934082,63983400,MSFT
2004-01-20,27.979999542236328,28.200000762939453,27.93000030517578,28.100000381469727,17.349266052246094,63068500,MSFT
2004-01-21,28.1299991607666,28.299999237060547,27.850000381469727,28.299999237060547,17.472740173339844,53570600,MSFT
2004-01-22,28.360000610351562,28.440000534057617,27.940000534057617,28.010000228881836,17.293701171875,78425200,MSFT
2004-01-23,28.280000686645508,28.760000228881836,28.219999313354492,28.479999542236328,17.58388328552246,127259100,MSFT
2004-01-26,28.489999771118164,28.829999923706055,28.31999969482422,28.799999237060547,17.781452178955078,58299600,MSFT
2004-01-27,28.639999389648438,28.719999313354492,28.219999313354492,28.25,17.44187355041504,63196200,MSFT
2004-01-28,28.299999237060547,28.440000534057617,27.469999313354492,27.709999084472656,17.108474731445312,71336000,MSFT
2004-01-29,27.809999465942383,27.950000762939453,27.56999969482422,27.90999984741211,17.23195457458496,63748400,MSFT
2004-01-30,27.84000015258789,27.899999618530273,27.549999237060547,27.649999618530273,17.071439743041992,40528700,MSFT
2004-02-02,27.610000610351562,27.799999237060547,27.239999771118164,27.399999618530273,16.917076110839844,62891800,MSFT
2004-02-03,27.399999618530273,27.549999237060547,27.18000030517578,27.290000915527344,16.84916114807129,47993800,MSFT
2004-02-04,27.219999313354492,27.43000030517578,27.010000228881836,27.010000228881836,16.676288604736328,60648000,MSFT
2004-02-05,27.059999465942383,27.170000076293945,26.829999923706055,26.959999084472656,16.645416259765625,55527500,MSFT
2004-02-06,27.030000686645508,27.190000534057617,26.93000030517578,27.079999923706055,16.719514846801758,47209600,MSFT
2004-02-09,27.190000534057617,27.229999542236328,26.850000381469727,26.899999618530273,16.60836410522461,48108500,MSFT
2004-02-10,26.8700008392334,27.149999618530273,26.81999969482422,27.020000457763672,16.682458877563477,37790600,MSFT
2004-02-11,26.969999313354492,27.229999542236328,26.850000381469727,27.149999618530273,16.76271629333496,51515300,MSFT
2004-02-12,27.09000015258789,27.149999618530273,26.93000030517578,26.950000762939453,16.639244079589844,44537000,MSFT
2004-02-13,26.979999542236328,27.059999465942383,26.5,26.59000015258789,16.416969299316406,67541100,MSFT
2004-02-17,26.719999313354492,27.100000381469727,26.59000015258789,26.989999771118164,16.663938522338867,43477000,MSFT
2004-02-18,26.899999618530273,27.110000610351562,26.739999771118164,26.770000457763672,16.52811050415039,50334700,MSFT
2004-02-19,26.920000076293945,26.979999542236328,26.43000030517578,26.459999084472656,16.336708068847656,61840600,MSFT
2004-02-20,26.65999984741211,26.799999237060547,26.5,26.56999969482422,16.404626846313477,57821900,MSFT
2004-02-23,26.729999542236328,26.760000228881836,26.479999542236328,26.610000610351562,16.429319381713867,50256800,MSFT
2004-02-24,26.610000610351562,26.950000762939453,26.549999237060547,26.8799991607666,16.596023559570312,55426500,MSFT
2004-02-25,26.899999618530273,26.989999771118164,26.610000610351562,26.700000762939453,16.484901428222656,64275700,MSFT
2004-02-26,26.59000015258789,26.649999618530273,26.40999984741211,26.5,16.361406326293945,66602700,MSFT
2004-02-27,26.469999313354492,26.6200008392334,26.350000381469727,26.530000686645508,16.379932403564453,58266500,MSFT
2004-03-01,26.6299991607666,26.719999313354492,26.5,26.700000762939453,16.484901428222656,51912300,MSFT
2004-03-02,26.610000610351562,26.690000534057617,26.350000381469727,26.389999389648438,16.293489456176758,66331000,MSFT
2004-03-03,26.350000381469727,26.549999237060547,26.219999313354492,26.3700008392334,16.281143188476562,54998700,MSFT
2004-03-04,26.329999923706055,26.420000076293945,26.209999084472656,26.3700008392334,16.281143188476562,44023200,MSFT
2004-03-05,26.229999542236328,26.600000381469727,26.200000762939453,26.350000381469727,16.268787384033203,59849800,MSFT
2004-03-08,26.309999465942383,26.350000381469727,25.809999465942383,25.829999923706055,15.947739601135254,69367800,MSFT
2004-03-09,25.799999237060547,25.969999313354492,25.540000915527344,25.719999313354492,15.879826545715332,81111700,MSFT
2004-03-10,25.649999618530273,25.799999237060547,25.350000381469727,25.3700008392334,15.663729667663574,75155800,MSFT
2004-03-11,25.18000030517578,25.780000686645508,25.06999969482422,25.09000015258789,15.490854263305664,90536300,MSFT
2004-03-12,25.3799991607666,25.510000228881836,25.229999542236328,25.3799991607666,15.669906616210938,64137100,MSFT
2004-03-15,25.299999237060547,25.43000030517578,25.059999465942383,25.15999984741211,15.534078598022461,68835300,MSFT
2004-03-16,25.260000228881836,25.3700008392334,25.100000381469727,25.18000030517578,15.546424865722656,65453800,MSFT
2004-03-17,25.25,25.459999084472656,25.110000610351562,25.1299991607666,15.515551567077637,56241400,MSFT
2004-03-18,24.959999084472656,25.030000686645508,24.579999923706055,24.889999389648438,15.3673677444458,123231000,MSFT
2004-03-19,24.770000457763672,24.940000534057617,24.559999465942383,24.6299991607666,15.206851959228516,86281600,MSFT
2004-03-22,24.479999542236328,24.84000015258789,24.010000228881836,24.5,15.126585006713867,127605200,MSFT
2004-03-23,24.649999618530273,24.65999984741211,24.110000610351562,24.149999618530273,14.910484313964844,91696300,MSFT
2004-03-24,24.3799991607666,24.579999923706055,24.18000030517578,24.40999984741211,15.07101058959961,97584700,MSFT
2004-03-25,24.600000381469727,25.239999771118164,24.579999923706055,25.190000534057617,15.552596092224121,85677900,MSFT
2004-03-26,25.110000610351562,25.510000228881836,25.0,25.030000686645508,15.45380687713623,61584900,MSFT
2004-03-29,25.25,25.399999618530273,25.0,25.309999465942383,15.626689910888672,51881600,MSFT
2004-03-30,25.209999084472656,25.329999923706055,25.030000686645508,25.200000762939453,15.558767318725586,59010400,MSFT
2004-03-31,25.200000762939453,25.200000762939453,24.8700008392334,24.93000030517578,15.392068862915039,70533200,MSFT
2004-04-01,24.950000762939453,25.110000610351562,24.850000381469727,25.079999923706055,15.48468017578125,69051900,MSFT
2004-04-02,25.479999542236328,25.899999618530273,25.440000534057617,25.850000381469727,15.9600830078125,98043800,MSFT
2004-04-05,25.809999465942383,25.979999542236328,25.729999542236328,25.950000762939453,16.021827697753906,53800300,MSFT
2004-04-06,25.770000457763672,25.899999618530273,25.65999984741211,25.799999237060547,15.929219245910645,48992000,MSFT
2004-04-07,25.739999771118164,25.780000686645508,25.350000381469727,25.59000015258789,15.799558639526367,63268900,MSFT
2004-04-08,25.81999969482422,25.850000381469727,25.360000610351562,25.479999542236328,15.731649398803711,45294600,MSFT
2004-04-12,25.479999542236328,25.739999771118164,25.43000030517578,25.610000610351562,15.811909675598145,38786800,MSFT
2004-04-13,25.68000030517578,25.770000457763672,25.40999984741211,25.450000762939453,15.713126182556152,56971500,MSFT
2004-04-14,25.389999389648438,25.68000030517578,25.3799991607666,25.510000228881836,15.750165939331055,61079600,MSFT
2004-04-15,25.530000686645508,25.729999542236328,25.100000381469727,25.219999313354492,15.571114540100098,73756900,MSFT
2004-04-16,25.329999923706055,25.399999618530273,25.110000610351562,25.15999984741211,15.534078598022461,51768600,MSFT
2004-04-19,25.079999923706055,25.600000381469727,25.059999465942383,25.530000686645508,15.762514114379883,44592100,MSFT
2004-04-20,25.649999618530273,25.8799991607666,25.280000686645508,25.329999923706055,15.639036178588867,59902600,MSFT
2004-04-21,25.360000610351562,25.489999771118164,25.200000762939453,25.450000762939453,15.713126182556152,49252000,MSFT
2004-04-22,25.510000228881836,25.989999771118164,25.469999313354492,25.950000762939453,16.021827697753906,99207700,MSFT
2004-04-23,27.399999618530273,27.719999313354492,27.34000015258789,27.540000915527344,17.003517150878906,258269000,MSFT
2004-04-26,27.450000762939453,27.549999237060547,27.100000381469727,27.239999771118164,16.818279266357422,89391000,MSFT
2004-04-27,27.15999984741211,27.3700008392334,27.1299991607666,27.219999313354492,16.805944442749023,80716800,MSFT
2004-04-28,27.010000228881836,27.049999237060547,26.469999313354492,26.559999465942383,16.398452758789062,72842200,MSFT
2004-04-29,26.510000228881836,26.940000534057617,26.309999465942383,26.479999542236328,16.34905242919922,77787300,MSFT
2004-04-30,26.59000015258789,26.75,25.959999084472656,26.1299991607666,16.132963180541992,66172200,MSFT
2004-05-03,26.190000534057617,26.520000457763672,26.190000534057617,26.350000381469727,16.268787384033203,65916200,MSFT
2004-05-04,26.350000381469727,26.540000915527344,26.020000457763672,26.329999923706055,16.25644302368164,55496400,MSFT
2004-05-05,26.31999969482422,26.600000381469727,26.25,26.299999237060547,16.237926483154297,51841700,MSFT
2004-05-06,26.15999984741211,26.34000015258789,26.030000686645508,26.1200008392334,16.126785278320312,62693900,MSFT
2004-05-07,26.030000686645508,26.3799991607666,25.75,25.780000686645508,15.9168701171875,68290200,MSFT
2004-05-10,25.6299991607666,26.049999237060547,25.6200008392334,25.93000030517578,16.00948143005371,64621400,MSFT
2004-05-11,26.09000015258789,26.110000610351562,25.790000915527344,25.940000534057617,16.015657424926758,57917200,MSFT
2004-05-12,25.8700008392334,26.0,25.43000030517578,25.940000534057617,16.015657424926758,64145600,MSFT
2004-05-13,25.81999969482422,26.190000534057617,25.790000915527344,26.100000381469727,16.114442825317383,63861500,MSFT
2004-05-14,26.0,26.170000076293945,25.639999389648438,25.860000610351562,15.966262817382812,43775300,MSFT
2004-05-17,25.469999313354492,25.790000915527344,25.420000076293945,25.540000915527344,15.768692016601562,55149600,MSFT
2004-05-18,25.700000762939453,25.969999313354492,25.639999389648438,25.829999923706055,15.947739601135254,58158600,MSFT
2004-05-19,26.030000686645508,26.270000457763672,25.6200008392334,25.6200008392334,15.81808853149414,60052800,MSFT
2004-05-20,25.75,25.8700008392334,25.59000015258789,25.729999542236328,15.885991096496582,52089900,MSFT
2004-05-21,25.969999313354492,26.200000762939453,25.780000686645508,25.889999389648438,15.984784126281738,57809300,MSFT
2004-05-24,26.049999237060547,26.170000076293945,25.739999771118164,25.760000228881836,15.904523849487305,56250500,MSFT
2004-05-25,25.709999084472656,26.190000534057617,25.600000381469727,26.100000381469727,16.114442825317383,66615000,MSFT
2004-05-26,25.989999771118164,26.149999618530273,25.850000381469727,26.139999389648438,16.139148712158203,50306900,MSFT
2004-05-27,26.15999984741211,26.190000534057617,25.920000076293945,26.190000534057617,16.170007705688477,49071900,MSFT
2004-05-28,26.139999389648438,26.350000381469727,26.020000457763672,26.229999542236328,16.194704055786133,37393000,MSFT
2004-06-01,26.1299991607666,26.270000457763672,25.8700008392334,26.110000610351562,16.120620727539062,48369500,MSFT
2004-06-02,26.1200008392334,26.280000686645508,26.010000228881836,26.1299991607666,16.132963180541992,54020000,MSFT
2004-06-03,26.049999237060547,26.1299991607666,25.860000610351562,25.889999389648438,15.984784126281738,45933100,MSFT
2004-06-04,26.030000686645508,26.239999771118164,25.940000534057617,25.950000762939453,16.021827697753906,48815300,MSFT
2004-06-07,26.020000457763672,26.43000030517578,25.969999313354492,26.43000030517578,16.318195343017578,65218600,MSFT
2004-06-08,26.280000686645508,26.649999618530273,26.239999771118164,26.600000381469727,16.42315101623535,58447700,MSFT
2004-06-09,26.399999618530273,26.649999618530273,26.399999618530273,26.469999313354492,16.342897415161133,50385500,MSFT
2004-06-10,26.3799991607666,26.790000915527344,26.3799991607666,26.770000457763672,16.52811050415039,48109200,MSFT
2004-06-14,26.549999237060547,26.899999618530273,26.530000686645508,26.899999618530273,16.60836410522461,67377500,MSFT
2004-06-15,26.989999771118164,27.600000381469727,26.969999313354492,27.40999984741211,16.923250198364258,114183400,MSFT
2004-06-16,27.34000015258789,27.5,27.149999618530273,27.31999969482422,16.8676815032959,67431100,MSFT
2004-06-17,27.309999465942383,27.920000076293945,27.290000915527344,27.770000457763672,17.14551544189453,105427500,MSFT
2004-06-18,27.770000457763672,28.5,27.700000762939453,28.350000381469727,17.503616333007812,134218700,MSFT
2004-06-21,28.219999313354492,28.65999984741211,28.1200008392334,28.350000381469727,17.503616333007812,116881700,MSFT
2004-06-22,28.149999618530273,28.350000381469727,27.809999465942383,28.290000915527344,17.46657371520996,98932000,MSFT
2004-06-23,28.200000762939453,28.3799991607666,28.0,28.299999237060547,17.472740173339844,58558400,MSFT
2004-06-24,28.479999542236328,28.649999618530273,28.360000610351562,28.389999389648438,17.5283145904541,65503800,MSFT
2004-06-25,28.479999542236328,28.6299991607666,28.25,28.56999969482422,17.639455795288086,71136500,MSFT
2004-06-28,28.600000381469727,28.75,28.170000076293945,28.280000686645508,17.46039390563965,77024100,MSFT
2004-06-29,28.18000030517578,28.579999923706055,28.18000030517578,28.5,17.596233367919922,55371700,MSFT
2004-06-30,28.56999969482422,28.799999237060547,28.389999389648438,28.559999465942383,17.633270263671875,83544400,MSFT
2004-07-01,28.700000762939453,28.84000015258789,28.260000228881836,28.6299991607666,17.676498413085938,78441400,MSFT
2004-07-02,28.6200008392334,28.68000030517578,28.399999618530273,28.56999969482422,17.639455795288086,36690100,MSFT
2004-07-06,28.31999969482422,28.329999923706055,27.940000534057617,28.020000457763672,17.299880981445312,69158900,MSFT
2004-07-07,27.670000076293945,28.31999969482422,27.549999237060547,28.100000381469727,17.349266052246094,66255700,MSFT
2004-07-08,27.8799991607666,28.149999618530273,27.549999237060547,27.639999389648438,17.065258026123047,59125100,MSFT
2004-07-09,27.780000686645508,28.0,27.639999389648438,27.860000610351562,17.201086044311523,50249300,MSFT
2004-07-12,27.670000076293945,28.0,27.59000015258789,27.889999389648438,17.219608306884766,45757300,MSFT
2004-07-13,27.90999984741211,27.950000762939453,27.600000381469727,27.600000381469727,17.040557861328125,43274100,MSFT
2004-07-14,27.399999618530273,28.360000610351562,27.34000015258789,28.1299991607666,17.36779022216797,87656300,MSFT
2004-07-15,28.049999237060547,28.200000762939453,27.799999237060547,27.8700008392334,17.207263946533203,46759700,MSFT
2004-07-16,28.18000030517578,28.200000762939453,27.25,27.479999542236328,16.96647834777832,66406300,MSFT
2004-07-19,27.6200008392334,28.260000228881836,27.600000381469727,27.950000762939453,17.256643295288086,60354500,MSFT
2004-07-20,28.0,28.479999542236328,27.850000381469727,28.31999969482422,17.48509979248047,89010700,MSFT
2004-07-21,29.889999389648438,29.889999389648438,28.809999465942383,28.860000610351562,17.818496704101562,201518000,MSFT
2004-07-22,29.06999969482422,29.299999237060547,28.829999923706055,29.0,17.904930114746094,124640700,MSFT
2004-07-23,28.3799991607666,28.399999618530273,28.020000457763672,28.030000686645508,17.306062698364258,97372700,MSFT
2004-07-26,28.360000610351562,28.709999084472656,28.200000762939453,28.65999984741211,17.695018768310547,72387600,MSFT
2004-07-27,28.700000762939453,28.760000228881836,28.1299991607666,28.440000534057617,17.559181213378906,72968400,MSFT
2004-07-28,28.34000015258789,28.790000915527344,28.280000686645508,28.579999923706055,17.6456241607666,62718800,MSFT
2004-07-29,28.780000686645508,28.799999237060547,28.25,28.479999542236328,17.58388328552246,60148400,MSFT
2004-07-30,28.450000762939453,28.809999465942383,28.329999923706055,28.489999771118164,17.59004783630371,59552900,MSFT
2004-08-02,28.270000457763672,28.549999237060547,28.15999984741211,28.520000457763672,17.608572006225586,52267000,MSFT
2004-08-03,28.3799991607666,28.420000076293945,28.0,28.06999969482422,17.33074188232422,53990900,MSFT
2004-08-04,28.010000228881836,28.200000762939453,27.989999771118164,28.059999465942383,17.324569702148438,46217900,MSFT
2004-08-05,28.15999984741211,28.209999084472656,27.520000457763672,27.530000686645508,16.99734115600586,55591700,MSFT
2004-08-06,27.3799991607666,27.860000610351562,27.059999465942383,27.139999389648438,16.756542205810547,75628000,MSFT
2004-08-09,27.260000228881836,27.280000686645508,27.100000381469727,27.18000030517578,16.781253814697266,51877500,MSFT
2004-08-10,27.299999237060547,27.75,27.25,27.719999313354492,17.11465072631836,57632700,MSFT
2004-08-11,27.389999389648438,27.510000228881836,27.200000762939453,27.40999984741211,16.923250198364258,53097300,MSFT
2004-08-12,27.229999542236328,27.309999465942383,26.860000610351562,26.8799991607666,16.596023559570312,50279700,MSFT
2004-08-13,27.010000228881836,27.25,26.979999542236328,27.020000457763672,16.682458877563477,43333200,MSFT
2004-08-16,27.030000686645508,27.200000762939453,26.959999084472656,27.09000015258789,16.72568702697754,54347200,MSFT
2004-08-17,27.219999313354492,27.3799991607666,26.979999542236328,27.049999237060547,16.70098304748535,56879700,MSFT
2004-08-18,26.93000030517578,27.5,26.889999389648438,27.459999084472656,16.954118728637695,58844000,MSFT
2004-08-19,27.350000381469727,27.450000762939453,27.010000228881836,27.1200008392334,16.744205474853516,46293000,MSFT
2004-08-20,27.1299991607666,27.3700008392334,27.040000915527344,27.200000762939453,16.793588638305664,46494800,MSFT
2004-08-23,27.270000457763672,27.329999923706055,27.1200008392334,27.239999771118164,16.867904663085938,39572200,MSFT
2004-08-24,27.399999618530273,27.459999084472656,27.09000015258789,27.239999771118164,16.867904663085938,40835300,MSFT
2004-08-25,27.209999084472656,27.670000076293945,27.18000030517578,27.549999237060547,17.059873580932617,53512700,MSFT
2004-08-26,27.459999084472656,27.600000381469727,27.389999389648438,27.440000534057617,16.991744995117188,35465500,MSFT
2004-08-27,27.5,27.649999618530273,27.450000762939453,27.459999084472656,17.004131317138672,33248700,MSFT
2004-08-30,27.299999237060547,27.389999389648438,26.850000381469727,27.299999237060547,16.90505599975586,36679600,MSFT
2004-08-31,27.290000915527344,27.31999969482422,27.049999237060547,27.299999237060547,16.90505599975586,52106700,MSFT
2004-09-01,27.229999542236328,27.520000457763672,27.139999389648438,27.389999389648438,16.96078872680664,48507500,MSFT
2004-09-02,27.399999618530273,27.68000030517578,27.350000381469727,27.6200008392334,17.10321044921875,42161700,MSFT
2004-09-03,27.459999084472656,27.6200008392334,27.100000381469727,27.110000610351562,16.787410736083984,46174400,MSFT
2004-09-07,27.290000915527344,27.3799991607666,27.15999984741211,27.360000610351562,16.942214965820312,44893400,MSFT
2004-09-08,27.299999237060547,27.469999313354492,27.139999389648438,27.260000228881836,16.880290985107422,53278100,MSFT
2004-09-09,27.299999237060547,27.469999313354492,27.18000030517578,27.280000686645508,16.892669677734375,56904700,MSFT
2004-09-10,27.34000015258789,27.510000228881836,27.18000030517578,27.489999771118164,17.02271270751953,52664500,MSFT
2004-09-13,27.530000686645508,27.56999969482422,26.739999771118164,27.25,16.874099731445312,48239200,MSFT
2004-09-14,27.3700008392334,27.510000228881836,27.270000457763672,27.440000534057617,16.991744995117188,55920000,MSFT
2004-09-15,27.360000610351562,27.399999618530273,27.139999389648438,27.190000534057617,16.836946487426758,52605700,MSFT
2004-09-16,27.219999313354492,27.350000381469727,27.170000076293945,27.260000228881836,16.880290985107422,35951500,MSFT
2004-09-17,27.389999389648438,27.530000686645508,27.260000228881836,27.510000228881836,17.035097122192383,65283000,MSFT
2004-09-20,27.440000534057617,27.649999618530273,27.329999923706055,27.510000228881836,17.035097122192383,51513600,MSFT
2004-09-21,27.450000762939453,27.530000686645508,27.25,27.260000228881836,16.880290985107422,73874400,MSFT
2004-09-22,27.280000686645508,27.739999771118164,27.06999969482422,27.1200008392334,16.793594360351562,68409000,MSFT
2004-09-23,27.190000534057617,27.389999389648438,27.170000076293945,27.350000381469727,16.936025619506836,52155800,MSFT
2004-09-24,27.389999389648438,27.459999084472656,27.190000534057617,27.290000915527344,16.898855209350586,49859800,MSFT
2004-09-27,27.170000076293945,27.31999969482422,27.1299991607666,27.190000534057617,16.836946487426758,47813600,MSFT
2004-09-28,27.209999084472656,27.360000610351562,27.040000915527344,27.270000457763672,16.88648223876953,62055100,MSFT
2004-09-29,27.260000228881836,27.690000534057617,27.229999542236328,27.579999923706055,17.078433990478516,61529300,MSFT
2004-09-30,27.59000015258789,27.790000915527344,27.520000457763672,27.649999618530273,17.121793746948242,71218000,MSFT
2004-10-01,27.81999969482422,28.31999969482422,27.780000686645508,28.25,17.493330001831055,66302800,MSFT
2004-10-04,28.440000534057617,28.459999084472656,28.06999969482422,28.1200008392334,17.412826538085938,62016200,MSFT
2004-10-05,28.149999618530273,28.450000762939453,28.100000381469727,28.3799991607666,17.573827743530273,58017700,MSFT
2004-10-06,28.389999389648438,28.549999237060547,28.229999542236328,28.530000686645508,17.666717529296875,56999600,MSFT
2004-10-07,28.540000915527344,28.59000015258789,28.15999984741211,28.170000076293945,17.443784713745117,38401500,MSFT
2004-10-08,28.100000381469727,28.329999923706055,27.969999313354492,27.989999771118164,17.332326889038086,49556600,MSFT
2004-10-11,28.200000762939453,28.219999313354492,27.93000030517578,28.059999465942383,17.37567138671875,44691000,MSFT
2004-10-12,27.829999923706055,28.15999984741211,27.809999465942383,28.030000686645508,17.35710334777832,56412900,MSFT
2004-10-13,28.190000534057617,28.270000457763672,27.940000534057617,28.030000686645508,17.35710334777832,49500700,MSFT
2004-10-14,28.040000915527344,28.15999984741211,27.799999237060547,27.799999237060547,17.21466827392578,41548700,MSFT
2004-10-15,27.969999313354492,28.239999771118164,27.81999969482422,27.989999771118164,17.332326889038086,49828500,MSFT
2004-10-18,28.06999969482422,28.450000762939453,27.979999542236328,28.40999984741211,17.592397689819336,50350700,MSFT
2004-10-19,28.530000686645508,28.59000015258789,28.170000076293945,28.18000030517578,17.449981689453125,57026500,MSFT
2004-10-20,28.219999313354492,28.75,28.1200008392334,28.700000762939453,17.771984100341797,69078100,MSFT
2004-10-21,28.809999465942383,28.889999389648438,28.469999313354492,28.559999465942383,17.685283660888672,94988500,MSFT
2004-10-22,28.299999237060547,28.34000015258789,27.579999923706055,27.739999771118164,17.177520751953125,101912800,MSFT
2004-10-25,27.670000076293945,27.770000457763672,27.549999237060547,27.6299991607666,17.109405517578125,61529500,MSFT
2004-10-26,27.709999084472656,27.899999618530273,27.6299991607666,27.899999618530273,17.27659034729004,76966600,MSFT
2004-10-27,27.860000610351562,28.350000381469727,27.579999923706055,28.149999618530273,17.431398391723633,72392600,MSFT
2004-10-28,28.110000610351562,28.540000915527344,27.899999618530273,28.010000228881836,17.344703674316406,63059600,MSFT
2004-10-29,28.1200008392334,28.149999618530273,27.799999237060547,27.969999313354492,17.3199405670166,80010100,MSFT
2004-11-01,28.15999984741211,28.280000686645508,27.959999084472656,28.079999923706055,17.3880558013916,72930900,MSFT
2004-11-02,28.260000228881836,28.469999313354492,28.030000686645508,28.239999771118164,17.487131118774414,89417100,MSFT
2004-11-03,28.649999618530273,28.649999618530273,28.309999465942383,28.469999313354492,17.62956428527832,79666700,MSFT
2004-11-04,28.3799991607666,29.0,28.3799991607666,29.0,17.957754135131836,87867700,MSFT
2004-11-05,29.209999084472656,29.360000610351562,29.030000686645508,29.309999465942383,18.14971160888672,95337700,MSFT
2004-11-08,29.18000030517578,29.479999542236328,29.1299991607666,29.280000686645508,18.131134033203125,112802100,MSFT
2004-11-09,29.43000030517578,29.889999389648438,29.350000381469727,29.770000457763672,18.434566497802734,100401000,MSFT
2004-11-10,29.920000076293945,30.0,29.690000534057617,29.729999542236328,18.409786224365234,84097700,MSFT
2004-11-11,29.889999389648438,30.079999923706055,29.81999969482422,29.979999542236328,18.56459617614746,87358900,MSFT
2004-11-12,30.15999984741211,30.200000762939453,29.799999237060547,29.969999313354492,18.55840301513672,162269000,MSFT
2004-11-15,27.34000015258789,27.5,27.200000762939453,27.389999389648438,18.903488159179688,104468000,MSFT
2004-11-16,27.329999923706055,27.34000015258789,27.049999237060547,27.1200008392334,18.717144012451172,64522600,MSFT
2004-11-17,27.25,27.350000381469727,27.059999465942383,27.170000076293945,18.75165367126465,58830700,MSFT
2004-11-18,27.1299991607666,27.170000076293945,27.0,27.06999969482422,18.682634353637695,63249900,MSFT
2004-11-19,27.030000686645508,27.06999969482422,26.84000015258789,26.860000610351562,18.537700653076172,85808600,MSFT
2004-11-22,26.75,26.81999969482422,26.100000381469727,26.649999618530273,18.39276695251465,92410800,MSFT
2004-11-23,26.520000457763672,26.700000762939453,26.399999618530273,26.530000686645508,18.30994987487793,70459700,MSFT
2004-11-24,26.6200008392334,26.729999542236328,26.399999618530273,26.639999389648438,18.3858642578125,60069200,MSFT
2004-11-26,26.559999465942383,26.81999969482422,26.549999237060547,26.600000381469727,18.358259201049805,24398700,MSFT
2004-11-29,26.639999389648438,26.950000762939453,26.610000610351562,26.770000457763672,18.4755859375,67079900,MSFT
2004-11-30,26.75,27.010000228881836,26.700000762939453,26.809999465942383,18.503190994262695,75960400,MSFT
2004-12-01,26.950000762939453,27.280000686645508,26.809999465942383,27.25,18.80686378479004,99889000,MSFT
2004-12-02,27.270000457763672,27.399999618530273,26.920000076293945,27.09000015258789,18.69643783569336,96088300,MSFT
2004-12-03,27.15999984741211,27.440000534057617,27.139999389648438,27.229999542236328,18.793060302734375,76498400,MSFT
2004-12-06,27.100000381469727,27.440000534057617,27.06999969482422,27.329999923706055,18.862075805664062,55297400,MSFT
2004-12-07,27.260000228881836,27.3799991607666,27.0,27.06999969482422,18.682634353637695,111656000,MSFT
2004-12-08,27.010000228881836,27.360000610351562,26.90999984741211,27.360000610351562,18.882787704467773,95655000,MSFT
2004-12-09,27.1299991607666,27.360000610351562,26.940000534057617,27.229999542236328,18.793060302734375,83006000,MSFT
2004-12-10,27.079999923706055,27.18000030517578,27.040000915527344,27.079999923706055,18.689533233642578,70949200,MSFT
2004-12-13,27.100000381469727,27.280000686645508,26.90999984741211,27.25,18.80686378479004,93812500,MSFT
2004-12-14,27.049999237060547,27.329999923706055,27.040000915527344,27.229999542236328,18.793060302734375,127843200,MSFT
2004-12-15,27.219999313354492,27.399999618530273,27.06999969482422,27.110000610351562,18.710243225097656,106303900,MSFT
2004-12-16,27.149999618530273,27.280000686645508,27.010000228881836,27.15999984741211,18.744752883911133,88997500,MSFT
2004-12-17,27.0,27.31999969482422,26.799999237060547,26.959999084472656,18.606721878051758,126184400,MSFT
2004-12-20,27.010000228881836,27.149999618530273,26.889999389648438,26.950000762939453,18.599817276000977,85552800,MSFT
2004-12-21,27.0,27.170000076293945,26.940000534057617,27.06999969482422,18.682634353637695,94646100,MSFT
2004-12-22,26.84000015258789,27.149999618530273,26.780000686645508,26.969999313354492,18.613628387451172,63651900,MSFT
2004-12-23,26.8700008392334,27.149999618530273,26.829999923706055,27.010000228881836,18.641220092773438,65801900,MSFT
2004-12-27,27.010000228881836,27.100000381469727,26.81999969482422,26.850000381469727,18.530805587768555,55958500,MSFT
2004-12-28,26.850000381469727,27.030000686645508,26.799999237060547,26.950000762939453,18.599817276000977,55075900,MSFT
2004-12-29,26.850000381469727,27.0,26.81999969482422,26.899999618530273,18.565305709838867,47594900,MSFT
2004-12-30,26.889999389648438,26.940000534057617,26.75,26.760000228881836,18.468685150146484,48355400,MSFT
2004-12-31,26.75,26.899999618530273,26.68000030517578,26.719999313354492,18.44108009338379,54959500,MSFT
2005-01-03,26.799999237060547,26.950000762939453,26.649999618530273,26.739999771118164,18.45488739013672,65002900,MSFT
2005-01-04,26.8700008392334,27.100000381469727,26.65999984741211,26.84000015258789,18.523906707763672,109442100,MSFT
2005-01-05,26.84000015258789,27.100000381469727,26.760000228881836,26.780000686645508,18.482494354248047,72463500,MSFT
2005-01-06,26.850000381469727,27.059999465942383,26.639999389648438,26.75,18.461788177490234,76890500,MSFT
2005-01-07,26.81999969482422,26.889999389648438,26.6200008392334,26.670000076293945,18.40657615661621,68723300,MSFT
2005-01-10,26.600000381469727,26.860000610351562,26.540000915527344,26.799999237060547,18.496294021606445,70376600,MSFT
2005-01-11,26.690000534057617,26.81999969482422,26.610000610351562,26.729999542236328,18.447978973388672,64712000,MSFT
2005-01-12,26.770000457763672,26.850000381469727,26.6200008392334,26.780000686645508,18.482494354248047,72940600,MSFT
2005-01-13,26.68000030517578,26.799999237060547,26.15999984741211,26.270000457763672,18.130504608154297,89861600,MSFT
2005-01-14,26.399999618530273,26.450000762939453,26.040000915527344,26.1200008392334,18.026979446411133,92180800,MSFT
2005-01-18,26.030000686645508,26.350000381469727,25.84000015258789,26.31999969482422,18.16501808166504,69146400,MSFT
2005-01-19,26.209999084472656,26.260000228881836,25.920000076293945,25.979999542236328,17.930362701416016,58114100,MSFT
2005-01-20,25.84000015258789,26.100000381469727,25.739999771118164,25.860000610351562,17.847545623779297,58380100,MSFT
2005-01-21,25.950000762939453,26.1299991607666,25.639999389648438,25.649999618530273,17.702606201171875,76501000,MSFT
2005-01-24,25.760000228881836,26.0,25.639999389648438,25.670000076293945,17.716413497924805,69010900,MSFT
2005-01-25,25.760000228881836,26.190000534057617,25.75,26.020000457763672,17.95796775817871,67580700,MSFT
2005-01-26,26.06999969482422,26.170000076293945,25.899999618530273,26.010000228881836,17.951066970825195,64974500,MSFT
2005-01-27,25.950000762939453,26.15999984741211,25.850000381469727,26.110000610351562,18.020084381103516,93204100,MSFT
2005-01-28,26.540000915527344,26.649999618530273,25.959999084472656,26.18000030517578,18.068397521972656,110466500,MSFT
2005-01-31,26.350000381469727,26.520000457763672,26.15999984741211,26.280000686645508,18.137413024902344,71442100,MSFT
2005-02-01,26.25,26.43000030517578,26.219999313354492,26.389999389648438,18.213329315185547,57981700,MSFT
2005-02-02,26.420000076293945,26.5,26.280000686645508,26.459999084472656,18.26163673400879,79329500,MSFT
2005-02-03,26.3700008392334,26.399999618530273,26.100000381469727,26.18000030517578,18.068397521972656,62545400,MSFT
2005-02-04,26.170000076293945,26.3700008392334,26.139999389648438,26.31999969482422,18.16501808166504,61246500,MSFT
2005-02-07,26.270000457763672,26.299999237060547,26.059999465942383,26.15999984741211,18.054595947265625,57763400,MSFT
2005-02-08,26.190000534057617,26.34000015258789,26.15999984741211,26.239999771118164,18.10980796813965,61343700,MSFT
2005-02-09,26.25,26.309999465942383,26.040000915527344,26.06999969482422,17.992475509643555,77874800,MSFT
2005-02-10,26.100000381469727,26.1299991607666,26.0,26.059999465942383,17.985584259033203,71796400,MSFT
2005-02-11,26.030000686645508,26.1200008392334,25.809999465942383,25.969999313354492,17.9234676361084,83835900,MSFT
2005-02-14,25.93000030517578,26.1200008392334,25.90999984741211,26.010000228881836,17.951066970825195,58694000,MSFT
2005-02-15,26.0,26.079999923706055,25.860000610351562,25.93000030517578,17.951065063476562,76551600,MSFT
2005-02-16,25.8700008392334,25.93000030517578,25.670000076293945,25.790000915527344,17.854141235351562,57506600,MSFT
2005-02-17,25.709999084472656,25.860000610351562,25.600000381469727,25.649999618530273,17.757225036621094,67024800,MSFT
2005-02-18,25.639999389648438,25.649999618530273,25.399999618530273,25.479999542236328,17.63954734802246,77091100,MSFT
2005-02-22,25.25,25.489999771118164,25.200000762939453,25.229999542236328,17.466466903686523,96419200,MSFT
2005-02-23,25.239999771118164,25.350000381469727,25.170000076293945,25.200000762939453,17.445701599121094,83689400,MSFT
2005-02-24,25.18000030517578,25.440000534057617,25.149999618530273,25.3700008392334,17.563386917114258,85236300,MSFT
2005-02-25,25.329999923706055,25.3799991607666,25.149999618530273,25.25,17.480310440063477,62467700,MSFT
2005-02-28,25.219999313354492,25.3700008392334,25.1299991607666,25.15999984741211,17.417997360229492,82728000,MSFT
2005-03-01,25.190000534057617,25.40999984741211,25.1299991607666,25.280000686645508,17.501079559326172,56394800,MSFT
2005-03-02,25.190000534057617,25.479999542236328,25.15999984741211,25.260000228881836,17.487232208251953,67739000,MSFT
2005-03-03,25.299999237060547,25.309999465942383,25.139999389648438,25.170000076293945,17.424924850463867,52183600,MSFT
2005-03-04,25.209999084472656,25.299999237060547,25.1299991607666,25.170000076293945,17.424924850463867,63058200,MSFT
2005-03-07,25.170000076293945,25.790000915527344,25.15999984741211,25.469999313354492,17.632614135742188,80407400,MSFT
2005-03-08,25.399999618530273,25.6200008392334,25.34000015258789,25.399999618530273,17.584157943725586,52871800,MSFT
2005-03-09,25.389999389648438,25.56999969482422,25.280000686645508,25.309999465942383,17.521852493286133,62991800,MSFT
2005-03-10,25.43000030517578,25.479999542236328,25.25,25.43000030517578,17.604921340942383,59132900,MSFT
2005-03-11,25.450000762939453,25.479999542236328,25.059999465942383,25.09000015258789,17.369544982910156,60617900,MSFT
2005-03-14,25.079999923706055,25.149999618530273,24.959999084472656,25.110000610351562,17.383390426635742,65550500,MSFT
2005-03-15,25.100000381469727,25.239999771118164,24.889999389648438,24.90999984741211,17.244937896728516,71469400,MSFT
2005-03-16,24.81999969482422,24.969999313354492,24.559999465942383,24.6299991607666,17.05109405517578,74841400,MSFT
2005-03-17,24.639999389648438,24.68000030517578,24.530000686645508,24.540000915527344,16.98878288269043,60573200,MSFT
2005-03-18,24.530000686645508,24.90999984741211,24.280000686645508,24.309999465942383,16.829551696777344,135904000,MSFT
2005-03-21,24.350000381469727,24.360000610351562,24.149999618530273,24.200000762939453,16.753402709960938,71446200,MSFT
2005-03-22,24.190000534057617,24.270000457763672,23.959999084472656,23.989999771118164,16.608022689819336,102113300,MSFT
2005-03-23,23.989999771118164,24.389999389648438,23.959999084472656,24.18000030517578,16.739559173583984,79293300,MSFT
2005-03-24,24.239999771118164,24.469999313354492,24.200000762939453,24.280000686645508,16.80879020690918,78820900,MSFT
2005-03-28,24.399999618530273,24.469999313354492,24.18000030517578,24.200000762939453,16.753402709960938,49802000,MSFT
2005-03-29,24.139999389648438,24.239999771118164,23.81999969482422,23.920000076293945,16.559558868408203,74231700,MSFT
2005-03-30,24.040000915527344,24.190000534057617,24.0,24.15999984741211,16.725717544555664,59585700,MSFT
2005-03-31,24.25,24.309999465942383,24.1200008392334,24.170000076293945,16.732641220092773,62382300,MSFT
2005-04-01,24.239999771118164,24.350000381469727,24.100000381469727,24.1200008392334,16.698020935058594,64619600,MSFT
2005-04-04,24.110000610351562,24.260000228881836,23.940000534057617,24.229999542236328,16.77417755126953,62196400,MSFT
2005-04-05,24.219999313354492,24.5,24.1200008392334,24.469999313354492,16.940319061279297,73549600,MSFT
2005-04-06,24.469999313354492,24.940000534057617,24.450000762939453,24.670000076293945,17.078781127929688,78020200,MSFT
2005-04-07,24.65999984741211,25.1299991607666,24.6299991607666,25.100000381469727,17.376468658447266,77451500,MSFT
2005-04-08,25.06999969482422,25.25,24.90999984741211,24.940000534057617,17.265697479248047,47956300,MSFT
2005-04-11,25.030000686645508,25.110000610351562,24.860000610351562,24.969999313354492,17.28646469116211,47791800,MSFT
2005-04-12,24.920000076293945,25.350000381469727,24.799999237060547,25.31999969482422,17.528770446777344,67517800,MSFT
2005-04-13,25.229999542236328,25.450000762939453,24.989999771118164,25.040000915527344,17.334928512573242,60929300,MSFT
2005-04-14,25.010000228881836,25.139999389648438,24.829999923706055,24.84000015258789,17.196468353271484,66754400,MSFT
2005-04-15,24.579999923706055,24.899999618530273,24.40999984741211,24.459999084472656,16.93340492248535,100251600,MSFT
2005-04-18,24.450000762939453,24.84000015258789,24.399999618530273,24.649999618530273,17.064926147460938,75766400,MSFT
2005-04-19,24.709999084472656,24.799999237060547,24.450000762939453,24.6299991607666,17.05109405517578,65956200,MSFT
2005-04-20,24.65999984741211,24.700000762939453,24.299999237060547,24.31999969482422,16.83647918701172,91923500,MSFT
2005-04-21,24.479999542236328,25.389999389648438,24.469999313354492,25.280000686645508,17.501079559326172,93562300,MSFT
2005-04-22,25.049999237060547,25.25,24.780000686645508,24.979999542236328,17.293397903442383,80087500,MSFT
2005-04-25,25.06999969482422,25.280000686645508,24.860000610351562,24.989999771118164,17.3002986907959,75457900,MSFT
2005-04-26,24.950000762939453,25.25,24.739999771118164,24.760000228881836,17.14108657836914,60464300,MSFT
2005-04-27,24.65999984741211,25.149999618530273,24.6299991607666,24.989999771118164,17.3002986907959,47732800,MSFT
2005-04-28,24.81999969482422,24.920000076293945,24.440000534057617,24.450000762939453,16.926483154296875,83623100,MSFT
2005-04-29,24.8799991607666,25.299999237060547,24.790000915527344,25.299999237060547,17.514923095703125,98641200,MSFT
2005-05-02,25.229999542236328,25.360000610351562,24.950000762939453,25.229999542236328,17.466466903686523,54376700,MSFT
2005-05-03,25.1299991607666,25.399999618530273,25.09000015258789,25.360000610351562,17.556467056274414,67867800,MSFT
2005-05-04,25.34000015258789,25.399999618530273,25.110000610351562,25.209999084472656,17.45261573791504,86864200,MSFT
2005-05-05,25.200000762939453,25.329999923706055,25.079999923706055,25.229999542236328,17.466466903686523,59362300,MSFT
2005-05-06,25.329999923706055,25.479999542236328,25.190000534057617,25.219999313354492,17.45954132080078,64322600,MSFT
2005-05-09,25.229999542236328,25.329999923706055,25.049999237060547,25.110000610351562,17.383390426635742,61872400,MSFT
2005-05-10,25.040000915527344,25.079999923706055,24.81999969482422,24.899999618530273,17.238006591796875,62235100,MSFT
2005-05-11,24.889999389648438,24.969999313354492,24.639999389648438,24.90999984741211,17.244937896728516,59463300,MSFT
2005-05-12,24.84000015258789,25.110000610351562,24.829999923706055,25.0,17.307235717773438,74540700,MSFT
2005-05-13,25.030000686645508,25.3799991607666,24.989999771118164,25.299999237060547,17.514923095703125,77204300,MSFT
2005-05-16,25.229999542236328,25.5,25.190000534057617,25.489999771118164,17.70244026184082,50577300,MSFT
2005-05-17,25.309999465942383,25.5,25.25,25.459999084472656,17.681598663330078,39983200,MSFT
2005-05-18,25.5,25.84000015258789,25.420000076293945,25.700000762939453,17.848276138305664,71182400,MSFT
2005-05-19,25.75,26.049999237060547,25.700000762939453,25.920000076293945,18.00105094909668,52120800,MSFT
2005-05-20,25.8799991607666,25.920000076293945,25.729999542236328,25.739999771118164,17.876054763793945,64444500,MSFT
2005-05-23,25.739999771118164,26.06999969482422,25.739999771118164,25.850000381469727,17.952455520629883,75421100,MSFT
2005-05-24,25.799999237060547,25.8799991607666,25.719999313354492,25.75,17.88300132751465,61287700,MSFT
2005-05-25,25.68000030517578,25.770000457763672,25.5,25.709999084472656,17.855224609375,35749000,MSFT
2005-05-26,25.75,26.0,25.729999542236328,25.899999618530273,17.987173080444336,50579200,MSFT
2005-05-27,25.829999923706055,26.09000015258789,25.809999465942383,26.06999969482422,18.105234146118164,54978000,MSFT
2005-05-31,25.989999771118164,26.030000686645508,25.75,25.799999237060547,17.917724609375,46131100,MSFT
2005-06-01,25.729999542236328,26.0,25.610000610351562,25.809999465942383,17.924673080444336,54621000,MSFT
2005-06-02,25.709999084472656,25.860000610351562,25.639999389648438,25.790000915527344,17.910781860351562,27212500,MSFT
2005-06-03,25.700000762939453,25.809999465942383,25.34000015258789,25.43000030517578,17.6607666015625,79659500,MSFT
2005-06-06,25.3799991607666,25.5,25.309999465942383,25.3700008392334,17.61910057067871,40756900,MSFT
2005-06-07,25.329999923706055,25.829999923706055,25.309999465942383,25.510000228881836,17.716327667236328,54511400,MSFT
2005-06-08,25.549999237060547,25.6200008392334,25.34000015258789,25.399999618530273,17.639930725097656,45369700,MSFT
2005-06-09,25.399999618530273,25.610000610351562,25.350000381469727,25.510000228881836,17.716327667236328,52767900,MSFT
2005-06-10,25.489999771118164,25.520000457763672,25.34000015258789,25.43000030517578,17.6607666015625,39459800,MSFT
2005-06-13,25.360000610351562,25.489999771118164,25.260000228881836,25.309999465942383,17.577434539794922,49104100,MSFT
2005-06-14,25.309999465942383,25.440000534057617,25.239999771118164,25.360000610351562,17.612159729003906,44243300,MSFT
2005-06-15,25.399999618530273,25.40999984741211,25.110000610351562,25.260000228881836,17.542699813842773,50764800,MSFT
2005-06-16,25.219999313354492,25.229999542236328,24.950000762939453,25.040000915527344,17.389915466308594,65918800,MSFT
2005-06-17,25.270000457763672,25.290000915527344,24.920000076293945,25.040000915527344,17.389915466308594,90821300,MSFT
2005-06-20,24.979999542236328,25.280000686645508,24.93000030517578,25.110000610351562,17.43852996826172,50538900,MSFT
2005-06-21,25.079999923706055,25.190000534057617,25.040000915527344,25.149999618530273,17.466306686401367,81084000,MSFT
2005-06-22,25.110000610351562,25.260000228881836,25.030000686645508,25.06999969482422,17.41075325012207,60492700,MSFT
2005-06-23,25.170000076293945,25.6200008392334,25.149999618530273,25.309999465942383,17.577434539794922,105159800,MSFT
2005-06-24,25.219999313354492,25.399999618530273,25.040000915527344,25.040000915527344,17.389915466308594,57970700,MSFT
2005-06-27,25.06999969482422,25.25,25.030000686645508,25.049999237060547,17.3968563079834,61636200,MSFT
2005-06-28,25.09000015258789,25.200000762939453,25.030000686645508,25.06999969482422,17.41075325012207,53058100,MSFT
2005-06-29,25.219999313354492,25.31999969482422,25.0,25.09000015258789,17.42464256286621,55859900,MSFT
2005-06-30,25.059999465942383,25.139999389648438,24.81999969482422,24.84000015258789,17.251018524169922,82018200,MSFT
2005-07-01,24.850000381469727,24.989999771118164,24.670000076293945,24.709999084472656,17.160736083984375,69718400,MSFT
2005-07-05,24.65999984741211,25.190000534057617,24.6200008392334,24.979999542236328,17.348249435424805,61883500,MSFT
2005-07-06,24.969999313354492,25.079999923706055,24.690000534057617,24.700000762939453,17.153791427612305,64214600,MSFT
2005-07-07,24.579999923706055,24.709999084472656,24.5,24.649999618530273,17.119056701660156,80082900,MSFT
2005-07-08,24.639999389648438,25.1200008392334,24.6299991607666,25.09000015258789,17.42464256286621,56104000,MSFT
2005-07-11,25.149999618530273,25.3799991607666,25.110000610351562,25.290000915527344,17.563539505004883,61525400,MSFT
2005-07-12,25.239999771118164,25.6200008392334,25.200000762939453,25.610000610351562,17.785778045654297,63384800,MSFT
2005-07-13,25.530000686645508,25.75,25.479999542236328,25.65999984741211,17.820499420166016,44749200,MSFT
2005-07-14,25.790000915527344,26.100000381469727,25.790000915527344,25.969999313354492,18.03579330444336,69506800,MSFT
2005-07-15,26.040000915527344,26.100000381469727,25.75,25.790000915527344,17.910781860351562,56472800,MSFT
2005-07-18,25.709999084472656,25.790000915527344,25.549999237060547,25.549999237060547,17.744102478027344,39668000,MSFT
2005-07-19,25.790000915527344,26.25,25.75,26.15999984741211,18.167743682861328,113290100,MSFT
2005-07-20,26.0,26.229999542236328,25.8799991607666,26.190000534057617,18.188570022583008,71424800,MSFT
2005-07-21,26.299999237060547,26.479999542236328,26.0,26.440000534057617,18.36219024658203,112932100,MSFT
2005-07-22,25.989999771118164,26.34000015258789,25.6299991607666,25.68000030517578,17.83439064025879,97558900,MSFT
2005-07-25,25.690000534057617,25.899999618530273,25.649999618530273,25.690000534057617,17.841337203979492,45174600,MSFT
2005-07-26,25.719999313354492,25.739999771118164,25.530000686645508,25.540000915527344,17.73716163635254,51476400,MSFT
2005-07-27,25.610000610351562,25.799999237060547,25.530000686645508,25.719999313354492,17.862165451049805,57977300,MSFT
2005-07-28,25.75,25.850000381469727,25.65999984741211,25.75,17.88300132751465,44738700,MSFT
2005-07-29,25.780000686645508,26.0,25.59000015258789,25.610000610351562,17.785778045654297,59524400,MSFT
2005-08-01,25.809999465942383,26.049999237060547,25.760000228881836,25.920000076293945,18.00105094909668,61346800,MSFT
2005-08-02,25.899999618530273,26.899999618530273,25.8700008392334,26.809999465942383,18.61915397644043,137510100,MSFT
2005-08-03,26.760000228881836,27.43000030517578,26.729999542236328,27.25,18.924726486206055,139422400,MSFT
2005-08-04,27.15999984741211,27.5,27.049999237060547,27.31999969482422,18.973350524902344,91461400,MSFT
2005-08-05,27.290000915527344,27.940000534057617,27.25,27.760000228881836,19.278907775878906,82212400,MSFT
2005-08-08,27.799999237060547,27.84000015258789,27.079999923706055,27.1299991607666,18.841394424438477,77207200,MSFT
2005-08-09,27.219999313354492,27.510000228881836,27.010000228881836,27.350000381469727,18.994178771972656,64761800,MSFT
2005-08-10,27.40999984741211,27.5,26.850000381469727,26.950000762939453,18.71638298034668,62818800,MSFT
2005-08-11,26.979999542236328,27.299999237060547,26.889999389648438,27.270000457763672,18.93862533569336,48646800,MSFT
2005-08-12,27.079999923706055,27.139999389648438,26.899999618530273,27.049999237060547,18.785837173461914,52006500,MSFT
2005-08-15,26.979999542236328,27.299999237060547,26.690000534057617,27.1299991607666,18.897279739379883,45976600,MSFT
2005-08-16,27.030000686645508,27.139999389648438,26.700000762939453,26.739999771118164,18.62563133239746,46894600,MSFT
2005-08-17,26.81999969482422,27.149999618530273,26.65999984741211,26.950000762939453,18.771902084350586,52413100,MSFT
2005-08-18,26.889999389648438,27.079999923706055,26.799999237060547,26.81999969482422,18.68134880065918,40861900,MSFT
2005-08-19,26.850000381469727,26.90999984741211,26.700000762939453,26.719999313354492,18.6116943359375,36043500,MSFT
2005-08-22,26.790000915527344,27.170000076293945,26.770000457763672,26.90999984741211,18.744047164916992,41691700,MSFT
2005-08-23,26.84000015258789,27.06999969482422,26.739999771118164,26.8700008392334,18.716182708740234,48296700,MSFT
2005-08-24,26.84000015258789,27.15999984741211,26.780000686645508,26.809999465942383,18.67439079284668,63645000,MSFT
2005-08-25,26.899999618530273,27.09000015258789,26.850000381469727,27.030000686645508,18.827621459960938,39306300,MSFT
2005-08-26,27.059999465942383,27.079999923706055,26.8700008392334,26.969999313354492,18.785829544067383,36774600,MSFT
2005-08-29,26.809999465942383,27.229999542236328,26.809999465942383,27.149999618530273,18.911205291748047,52307700,MSFT
2005-08-30,27.059999465942383,27.229999542236328,26.959999084472656,27.18000030517578,18.93210792541504,55163200,MSFT
2005-08-31,27.170000076293945,27.440000534057617,27.040000915527344,27.3799991607666,19.0714168548584,65210200,MSFT
2005-09-01,27.3799991607666,27.389999389648438,27.149999618530273,27.200000762939453,18.94603729248047,75974500,MSFT
2005-09-02,27.209999084472656,27.270000457763672,26.969999313354492,27.020000457763672,18.820659637451172,52047500,MSFT
2005-09-06,27.059999465942383,27.290000915527344,26.979999542236328,27.0,18.80672836303711,46089000,MSFT
2005-09-07,26.940000534057617,27.110000610351562,26.81999969482422,26.850000381469727,18.702251434326172,44656100,MSFT
2005-09-08,26.799999237060547,26.8799991607666,26.520000457763672,26.610000610351562,18.535076141357422,52552300,MSFT
2005-09-09,26.6200008392334,26.81999969482422,26.530000686645508,26.579999923706055,18.514179229736328,41515800,MSFT
2005-09-12,26.6200008392334,26.75,26.520000457763672,26.610000610351562,18.535076141357422,40550500,MSFT
2005-09-13,26.540000915527344,26.760000228881836,26.3700008392334,26.479999542236328,18.444528579711914,63422900,MSFT
2005-09-14,26.520000457763672,26.639999389648438,26.299999237060547,26.309999465942383,18.326112747192383,54969600,MSFT
2005-09-15,26.3700008392334,26.43000030517578,26.219999313354492,26.270000457763672,18.298246383666992,60357200,MSFT
2005-09-16,26.34000015258789,26.399999618530273,25.969999313354492,26.06999969482422,18.1589412689209,187384300,MSFT
2005-09-19,26.09000015258789,26.270000457763672,25.860000610351562,26.0,18.11018943786621,61832300,MSFT
2005-09-20,26.06999969482422,26.219999313354492,25.690000534057617,25.84000015258789,17.99873924255371,61043400,MSFT
2005-09-21,25.799999237060547,25.899999618530273,25.43000030517578,25.489999771118164,17.75494384765625,68281800,MSFT
2005-09-22,25.489999771118164,25.600000381469727,25.149999618530273,25.34000015258789,17.650463104248047,71314900,MSFT
2005-09-23,25.309999465942383,25.540000915527344,25.1200008392334,25.270000457763672,17.601696014404297,66396800,MSFT
2005-09-26,25.399999618530273,25.489999771118164,25.209999084472656,25.270000457763672,17.601696014404297,56203700,MSFT
2005-09-27,25.3700008392334,25.450000762939453,25.299999237060547,25.34000015258789,17.650463104248047,48797900,MSFT
2005-09-28,25.389999389648438,25.8700008392334,25.3799991607666,25.670000076293945,17.88031578063965,71019400,MSFT
2005-09-29,25.610000610351562,26.0,25.5,25.940000534057617,18.068397521972656,66807100,MSFT
2005-09-30,25.90999984741211,25.950000762939453,25.610000610351562,25.729999542236328,17.92211151123047,57644500,MSFT
2005-10-03,25.709999084472656,25.729999542236328,25.440000534057617,25.5,17.76190185546875,55341300,MSFT
2005-10-04,25.360000610351562,25.389999389648438,24.75,24.979999542236328,17.399707794189453,151666300,MSFT
2005-10-05,25.040000915527344,25.049999237060547,24.670000076293945,24.670000076293945,17.18378257751465,73684700,MSFT
2005-10-06,24.65999984741211,24.950000762939453,24.530000686645508,24.729999542236328,17.225566864013672,81724600,MSFT
2005-10-07,24.770000457763672,24.84000015258789,24.520000457763672,24.59000015258789,17.1280460357666,50768700,MSFT
2005-10-10,24.670000076293945,24.68000030517578,24.350000381469727,24.459999084472656,17.03750228881836,48880900,MSFT
2005-10-11,24.510000228881836,24.549999237060547,24.25,24.40999984741211,17.002674102783203,76567300,MSFT
2005-10-12,24.489999771118164,24.700000762939453,24.270000457763672,24.299999237060547,16.926057815551758,71294400,MSFT
2005-10-13,24.309999465942383,24.729999542236328,24.270000457763672,24.59000015258789,17.1280460357666,70192000,MSFT
2005-10-14,24.709999084472656,24.729999542236328,24.5,24.670000076293945,17.18378257751465,53846700,MSFT
2005-10-17,24.68000030517578,24.690000534057617,24.440000534057617,24.530000686645508,17.086261749267578,46924400,MSFT
2005-10-18,24.489999771118164,24.829999923706055,24.450000762939453,24.56999969482422,17.114124298095703,69328200,MSFT
2005-10-19,24.559999465942383,25.09000015258789,24.5,25.09000015258789,17.476329803466797,66574500,MSFT
2005-10-20,25.049999237060547,25.1299991607666,24.739999771118164,24.790000915527344,17.267364501953125,58830600,MSFT
2005-10-21,24.90999984741211,25.0,24.56999969482422,24.780000686645508,17.26038932800293,69431200,MSFT
2005-10-24,24.889999389648438,25.100000381469727,24.68000030517578,25.100000381469727,17.483287811279297,51868000,MSFT
2005-10-25,24.950000762939453,25.1299991607666,24.829999923706055,25.030000686645508,17.434537887573242,41310500,MSFT
2005-10-26,24.969999313354492,25.329999923706055,24.93000030517578,25.110000610351562,17.490259170532227,58178100,MSFT
2005-10-27,25.219999313354492,25.270000457763672,24.850000381469727,24.850000381469727,17.309154510498047,61566100,MSFT
2005-10-28,25.100000381469727,25.600000381469727,25.100000381469727,25.530000686645508,17.78281593322754,106559300,MSFT
2005-10-31,25.610000610351562,25.799999237060547,25.5,25.700000762939453,17.901220321655273,75122100,MSFT
2005-11-01,25.610000610351562,26.100000381469727,25.610000610351562,25.959999084472656,18.082324981689453,71370400,MSFT
2005-11-02,25.93000030517578,26.5,25.93000030517578,26.459999084472656,18.43059539794922,75067100,MSFT
2005-11-03,26.600000381469727,26.639999389648438,26.25,26.440000534057617,18.416662216186523,73421600,MSFT
2005-11-04,26.530000686645508,26.709999084472656,26.450000762939453,26.65999984741211,18.569904327392578,57464000,MSFT
2005-11-07,26.719999313354492,27.079999923706055,26.700000762939453,27.010000228881836,18.813690185546875,77104800,MSFT
2005-11-08,26.940000534057617,27.18000030517578,26.770000457763672,27.049999237060547,18.841552734375,60091700,MSFT
2005-11-09,26.979999542236328,27.149999618530273,26.940000534057617,26.959999084472656,18.778865814208984,59562100,MSFT
2005-11-10,26.940000534057617,27.149999618530273,26.639999389648438,27.09000015258789,18.869422912597656,73314800,MSFT
2005-11-11,27.149999618530273,27.389999389648438,27.1299991607666,27.280000686645508,19.00176239013672,51945600,MSFT
2005-11-14,27.360000610351562,27.440000534057617,27.200000762939453,27.3700008392334,19.064451217651367,67152200,MSFT
2005-11-15,27.329999923706055,27.540000915527344,27.25,27.5,19.211156845092773,65081000,MSFT
2005-11-16,27.479999542236328,27.8799991607666,27.440000534057617,27.739999771118164,19.378816604614258,86277000,MSFT
2005-11-17,27.850000381469727,28.0,27.760000228881836,27.969999313354492,19.539487838745117,91351000,MSFT
2005-11-18,28.1200008392334,28.25,27.899999618530273,28.06999969482422,19.609350204467773,75431200,MSFT
2005-11-21,28.06999969482422,28.239999771118164,27.84000015258789,28.15999984741211,19.672224044799805,65794400,MSFT
2005-11-22,28.059999465942383,28.079999923706055,27.860000610351562,27.90999984741211,19.497570037841797,104253300,MSFT
2005-11-23,27.920000076293945,28.09000015258789,27.739999771118164,27.920000076293945,19.504562377929688,70541300,MSFT
2005-11-25,27.799999237060547,27.940000534057617,27.469999313354492,27.760000228881836,19.392789840698242,44082500,MSFT
2005-11-28,27.790000915527344,27.850000381469727,27.530000686645508,27.75,19.38579750061035,57517200,MSFT
2005-11-29,27.790000915527344,27.790000915527344,27.600000381469727,27.68000030517578,19.336898803710938,62220400,MSFT
2005-11-30,27.68000030517578,27.770000457763672,27.6299991607666,27.68000030517578,19.336898803710938,55904700,MSFT
2005-12-01,27.729999542236328,28.100000381469727,27.729999542236328,27.889999389648438,19.483596801757812,61006100,MSFT
2005-12-02,27.81999969482422,28.100000381469727,27.790000915527344,28.010000228881836,19.56743049621582,42319600,MSFT
2005-12-05,27.93000030517578,28.020000457763672,27.709999084472656,27.850000381469727,19.455652236938477,47517300,MSFT
2005-12-06,27.899999618530273,27.920000076293945,27.68000030517578,27.690000534057617,19.3438777923584,65980000,MSFT
2005-12-07,27.670000076293945,27.75,27.549999237060547,27.75,19.38579750061035,55583200,MSFT
2005-12-08,27.709999084472656,27.809999465942383,27.600000381469727,27.690000534057617,19.3438777923584,63931600,MSFT
2005-12-09,27.709999084472656,27.829999923706055,27.639999389648438,27.709999084472656,19.35785484313965,48467000,MSFT
2005-12-12,27.700000762939453,27.75,27.329999923706055,27.450000762939453,19.176219940185547,63757200,MSFT
2005-12-13,27.290000915527344,27.43000030517578,27.0,27.1299991607666,18.95267105102539,104285500,MSFT
2005-12-14,27.0,27.239999771118164,26.850000381469727,27.09000015258789,18.92473030090332,65076200,MSFT
2005-12-15,27.079999923706055,27.110000610351562,26.809999465942383,26.920000076293945,18.80597496032715,79018100,MSFT
2005-12-16,26.8799991607666,27.079999923706055,26.809999465942383,26.899999618530273,18.79199981689453,88542500,MSFT
2005-12-19,26.81999969482422,26.8700008392334,26.649999618530273,26.829999923706055,18.743106842041016,68680100,MSFT
2005-12-20,26.760000228881836,26.8799991607666,26.670000076293945,26.860000610351562,18.764053344726562,62960600,MSFT
2005-12-21,26.8700008392334,26.90999984741211,26.709999084472656,26.729999542236328,18.673242568969727,75800900,MSFT
2005-12-22,26.709999084472656,26.780000686645508,26.420000076293945,26.59000015258789,18.575435638427734,91276900,MSFT
2005-12-23,26.520000457763672,26.670000076293945,26.440000534057617,26.639999389648438,18.610363006591797,30689200,MSFT
2005-12-27,26.68000030517578,26.850000381469727,26.450000762939453,26.459999084472656,18.484617233276367,37819000,MSFT
2005-12-28,26.510000228881836,26.65999984741211,26.350000381469727,26.389999389648438,18.43572235107422,35444400,MSFT
2005-12-29,26.40999984741211,26.5,26.260000228881836,26.270000457763672,18.351886749267578,34495500,MSFT
2005-12-30,26.149999618530273,26.309999465942383,26.100000381469727,26.149999618530273,18.26806640625,49044600,MSFT
2006-01-03,26.25,27.0,26.100000381469727,26.84000015258789,18.750085830688477,79973000,MSFT
2006-01-04,26.770000457763672,27.079999923706055,26.770000457763672,26.969999313354492,18.840898513793945,57975600,MSFT
2006-01-05,26.959999084472656,27.1299991607666,26.90999984741211,26.989999771118164,18.854867935180664,48245500,MSFT
2006-01-06,26.889999389648438,27.0,26.489999771118164,26.90999984741211,18.798992156982422,100963000,MSFT
2006-01-09,26.93000030517578,27.06999969482422,26.760000228881836,26.860000610351562,18.764053344726562,55625000,MSFT
2006-01-10,26.649999618530273,27.020000457763672,26.59000015258789,27.0,18.861854553222656,64921900,MSFT
2006-01-11,27.010000228881836,27.389999389648438,26.899999618530273,27.290000915527344,19.064449310302734,70120700,MSFT
2006-01-12,27.25,27.260000228881836,26.969999313354492,27.139999389648438,18.95966148376465,45994800,MSFT
2006-01-13,27.030000686645508,27.25,27.010000228881836,27.190000534057617,18.994586944580078,41418000,MSFT
2006-01-17,26.899999618530273,27.190000534057617,26.899999618530273,26.989999771118164,18.854867935180664,58566600,MSFT
2006-01-18,26.739999771118164,26.979999542236328,26.700000762939453,26.829999923706055,18.743106842041016,52376200,MSFT
2006-01-19,26.8700008392334,27.239999771118164,26.850000381469727,27.020000457763672,18.875829696655273,60367600,MSFT
2006-01-20,27.010000228881836,27.010000228881836,26.260000228881836,26.40999984741211,18.449689865112305,79165900,MSFT
2006-01-23,26.40999984741211,26.530000686645508,26.299999237060547,26.350000381469727,18.407779693603516,47925600,MSFT
2006-01-24,26.34000015258789,26.450000762939453,26.219999313354492,26.280000686645508,18.35887336730957,63040700,MSFT
2006-01-25,26.40999984741211,26.56999969482422,26.229999542236328,26.399999618530273,18.442703247070312,59072100,MSFT
2006-01-26,26.559999465942383,26.719999313354492,26.309999465942383,26.5,18.51256561279297,69509300,MSFT
2006-01-27,27.229999542236328,27.950000762939453,27.190000534057617,27.790000915527344,19.413742065429688,134520700,MSFT
2006-01-30,27.81999969482422,28.18000030517578,27.780000686645508,28.0,19.56045150756836,103999200,MSFT
2006-01-31,27.90999984741211,28.3799991607666,27.8700008392334,28.149999618530273,19.665231704711914,94841300,MSFT
2006-02-01,27.959999084472656,28.06999969482422,27.760000228881836,28.040000915527344,19.588394165039062,68448800,MSFT
2006-02-02,27.969999313354492,27.989999771118164,27.549999237060547,27.68000030517578,19.336898803710938,55073400,MSFT
2006-02-03,27.479999542236328,27.700000762939453,27.34000015258789,27.540000915527344,19.239099502563477,75022700,MSFT
2006-02-06,27.510000228881836,27.540000915527344,27.09000015258789,27.170000076293945,18.980619430541992,60170500,MSFT
2006-02-07,26.950000762939453,27.149999618530273,26.809999465942383,26.940000534057617,18.819936752319336,72159500,MSFT
2006-02-08,27.010000228881836,27.079999923706055,26.709999084472656,26.90999984741211,18.798992156982422,51795200,MSFT
2006-02-09,26.959999084472656,27.030000686645508,26.649999618530273,26.65999984741211,18.624343872070312,52861700,MSFT
2006-02-10,26.6200008392334,26.889999389648438,26.510000228881836,26.690000534057617,18.645299911499023,52127000,MSFT
2006-02-13,26.6299991607666,26.700000762939453,26.34000015258789,26.389999389648438,18.43572235107422,46707000,MSFT
2006-02-14,26.40999984741211,26.68000030517578,26.350000381469727,26.649999618530273,18.617359161376953,58432900,MSFT
2006-02-15,26.600000381469727,26.93000030517578,26.5,26.8799991607666,18.841655731201172,62808900,MSFT
2006-02-16,26.850000381469727,26.899999618530273,26.56999969482422,26.809999465942383,18.7925968170166,48868500,MSFT
2006-02-17,26.670000076293945,26.809999465942383,26.559999465942383,26.700000762939453,18.715490341186523,41513200,MSFT
2006-02-21,26.719999313354492,26.719999313354492,26.34000015258789,26.540000915527344,18.603328704833984,50216100,MSFT
2006-02-22,26.530000686645508,26.860000610351562,26.469999313354492,26.719999313354492,18.729507446289062,43043100,MSFT
2006-02-23,26.729999542236328,26.889999389648438,26.540000915527344,26.65999984741211,18.687448501586914,47359100,MSFT
2006-02-24,26.59000015258789,26.739999771118164,26.520000457763672,26.6299991607666,18.666427612304688,44753800,MSFT
2006-02-27,26.75,27.260000228881836,26.670000076293945,27.049999237060547,18.960826873779297,51301500,MSFT
2006-02-28,26.950000762939453,27.299999237060547,26.8700008392334,26.8700008392334,18.834651947021484,65036100,MSFT
2006-03-01,26.979999542236328,27.200000762939453,26.950000762939453,27.139999389648438,19.023902893066406,53061200,MSFT
2006-03-02,27.020000457763672,27.100000381469727,26.899999618530273,26.969999313354492,18.904743194580078,41850300,MSFT
2006-03-03,26.809999465942383,27.15999984741211,26.739999771118164,26.93000030517578,18.87670135498047,45218800,MSFT
2006-03-06,26.920000076293945,27.149999618530273,26.829999923706055,26.90999984741211,18.862689971923828,53054100,MSFT
2006-03-07,26.899999618530273,27.100000381469727,26.809999465942383,27.059999465942383,18.967832565307617,51613900,MSFT
2006-03-08,26.989999771118164,27.5,26.969999313354492,27.25,19.101016998291016,57547400,MSFT
2006-03-09,27.270000457763672,27.420000076293945,27.0,27.0,18.925777435302734,45360700,MSFT
2006-03-10,27.059999465942383,27.219999313354492,26.8799991607666,27.170000076293945,19.044933319091797,41297200,MSFT
2006-03-13,27.18000030517578,27.290000915527344,26.940000534057617,27.110000610351562,19.002880096435547,40342600,MSFT
2006-03-14,27.040000915527344,27.3799991607666,26.989999771118164,27.229999542236328,19.086992263793945,39821800,MSFT
2006-03-15,27.200000762939453,27.450000762939453,27.010000228881836,27.360000610351562,19.17812728881836,57152000,MSFT
2006-03-16,27.34000015258789,27.479999542236328,27.219999313354492,27.270000457763672,19.115032196044922,73793700,MSFT
2006-03-17,27.350000381469727,27.65999984741211,27.270000457763672,27.5,19.276254653930664,120615000,MSFT
2006-03-20,27.700000762939453,27.989999771118164,27.670000076293945,27.889999389648438,19.549619674682617,67094100,MSFT
2006-03-21,27.739999771118164,28.219999313354492,27.68000030517578,27.739999771118164,19.444486618041992,73199600,MSFT
2006-03-22,27.079999923706055,27.5,26.799999237060547,27.149999618530273,19.030916213989258,145696100,MSFT
2006-03-23,27.079999923706055,27.100000381469727,26.65999984741211,26.850000381469727,18.820634841918945,73682900,MSFT
2006-03-24,26.709999084472656,27.209999084472656,26.6200008392334,27.010000228881836,18.932790756225586,69157600,MSFT
2006-03-27,27.010000228881836,27.299999237060547,27.0,27.010000228881836,18.932790756225586,59908600,MSFT
2006-03-28,27.010000228881836,27.209999084472656,26.809999465942383,26.899999618530273,18.855682373046875,58520500,MSFT
2006-03-29,26.950000762939453,27.200000762939453,26.920000076293945,27.020000457763672,18.93979263305664,53150300,MSFT
2006-03-30,27.030000686645508,27.389999389648438,27.0,27.229999542236328,19.086992263793945,54612000,MSFT
2006-03-31,27.299999237060547,27.540000915527344,27.209999084472656,27.209999084472656,19.072973251342773,62190500,MSFT
2006-04-03,27.670000076293945,27.729999542236328,27.440000534057617,27.559999465942383,19.31831169128418,57605300,MSFT
2006-04-04,27.600000381469727,27.799999237060547,27.469999313354492,27.639999389648438,19.374380111694336,45470000,MSFT
2006-04-05,27.8799991607666,27.940000534057617,27.639999389648438,27.739999771118164,19.444486618041992,41539300,MSFT
2006-04-06,27.65999984741211,27.719999313354492,27.3700008392334,27.559999465942383,19.31831169128418,51885500,MSFT
2006-04-07,27.610000610351562,27.719999313354492,27.229999542236328,27.25,19.101016998291016,47249400,MSFT
2006-04-10,27.229999542236328,27.440000534057617,27.200000762939453,27.290000915527344,19.129051208496094,39432000,MSFT
2006-04-11,27.290000915527344,27.31999969482422,27.0,27.1299991607666,19.016897201538086,42953400,MSFT
2006-04-12,27.100000381469727,27.200000762939453,26.969999313354492,27.200000762939453,19.065959930419922,32183000,MSFT
2006-04-13,27.079999923706055,27.200000762939453,27.0,27.06999969482422,18.974834442138672,28160000,MSFT
2006-04-17,27.030000686645508,27.049999237060547,26.729999542236328,26.84000015258789,18.813621520996094,35796200,MSFT
2006-04-18,26.940000534057617,27.5,26.81999969482422,27.219999313354492,19.079980850219727,56272700,MSFT
2006-04-19,27.110000610351562,27.190000534057617,26.959999084472656,27.030000686645508,18.946805953979492,45111100,MSFT
2006-04-20,27.049999237060547,27.190000534057617,26.700000762939453,27.030000686645508,18.946805953979492,45648300,MSFT
2006-04-21,27.049999237060547,27.389999389648438,27.0,27.149999618530273,19.030916213989258,58528000,MSFT
2006-04-24,27.06999969482422,27.25,26.979999542236328,27.110000610351562,19.002880096435547,42318400,MSFT
2006-04-25,27.09000015258789,27.209999084472656,27.020000457763672,27.110000610351562,19.002880096435547,49222500,MSFT
2006-04-26,27.079999923706055,27.229999542236328,27.0,27.100000381469727,18.995874404907227,39190000,MSFT
2006-04-27,26.969999313354492,27.6299991607666,26.940000534057617,27.25,19.101016998291016,96509600,MSFT
2006-04-28,24.229999542236328,24.5,24.0,24.149999618530273,16.928056716918945,591052200,MSFT
2006-05-01,24.31999969482422,25.0,24.09000015258789,24.290000915527344,17.026193618774414,174800900,MSFT
2006-05-02,24.489999771118164,25.0,23.899999618530273,24.010000228881836,16.829927444458008,190533500,MSFT
2006-05-03,23.989999771118164,24.020000457763672,23.149999618530273,23.170000076293945,16.241121292114258,211527100,MSFT
2006-05-04,23.350000381469727,23.670000076293945,23.139999389648438,23.440000534057617,16.430383682250977,171257400,MSFT
2006-05-05,23.65999984741211,23.950000762939453,23.520000457763672,23.799999237060547,16.682720184326172,131604300,MSFT
2006-05-08,23.850000381469727,25.0,23.510000228881836,23.729999542236328,16.63364601135254,80693500,MSFT
2006-05-09,23.75,24.0,23.489999771118164,23.6200008392334,16.556547164916992,75345900,MSFT
2006-05-10,23.670000076293945,23.790000915527344,23.59000015258789,23.770000457763672,16.661693572998047,76563300,MSFT
2006-05-11,23.709999084472656,23.790000915527344,23.149999618530273,23.219999313354492,16.27617073059082,92916700,MSFT
2006-05-12,23.139999389648438,23.3700008392334,23.049999237060547,23.170000076293945,16.241121292114258,83115900,MSFT
2006-05-15,23.100000381469727,23.229999542236328,23.030000686645508,23.149999618530273,16.29037857055664,67314800,MSFT
2006-05-16,23.15999984741211,24.0,22.90999984741211,23.010000228881836,16.191862106323242,82095100,MSFT
2006-05-17,22.889999389648438,23.079999923706055,22.729999542236328,22.729999542236328,15.994827270507812,98598300,MSFT
2006-05-18,22.84000015258789,23.139999389648438,22.760000228881836,22.829999923706055,16.06519889831543,95476400,MSFT
2006-05-19,22.790000915527344,22.899999618530273,22.520000457763672,22.559999465942383,15.875203132629395,100071200,MSFT
2006-05-22,22.479999542236328,23.020000457763672,22.450000762939453,22.8799991607666,16.100383758544922,87322300,MSFT
2006-05-23,23.110000610351562,23.3799991607666,22.770000457763672,22.790000915527344,16.037057876586914,79986300,MSFT
2006-05-24,22.989999771118164,23.540000915527344,22.979999542236328,23.5,16.53666877746582,107356700,MSFT
2006-05-25,23.56999969482422,23.920000076293945,23.540000915527344,23.739999771118164,16.70554542541504,83052700,MSFT
2006-05-26,23.770000457763672,23.8799991607666,23.559999465942383,23.719999313354492,16.691476821899414,46861600,MSFT
2006-05-30,23.549999237060547,23.760000228881836,23.139999389648438,23.149999618530273,16.29037857055664,52497500,MSFT
2006-05-31,23.260000228881836,23.350000381469727,22.649999618530273,22.649999618530273,15.938529014587402,120202000,MSFT
2006-06-01,22.739999771118164,22.84000015258789,22.6200008392334,22.81999969482422,16.05815887451172,80230800,MSFT
2006-06-02,22.8700008392334,22.989999771118164,22.670000076293945,22.760000228881836,16.015933990478516,73935600,MSFT
2006-06-05,22.719999313354492,22.729999542236328,22.489999771118164,22.5,15.832978248596191,63914100,MSFT
2006-06-06,22.549999237060547,22.559999465942383,21.979999542236328,22.1299991607666,15.57260799407959,126601300,MSFT
2006-06-07,22.149999618530273,22.389999389648438,22.010000228881836,22.040000915527344,15.509285926818848,73827500,MSFT
2006-06-08,22.030000686645508,22.209999084472656,21.969999313354492,22.110000610351562,15.558547019958496,104126900,MSFT
2006-06-09,22.149999618530273,22.190000534057617,21.889999389648438,21.920000076293945,15.424840927124023,52573800,MSFT
2006-06-12,21.959999084472656,22.100000381469727,21.700000762939453,21.709999084472656,15.277066230773926,74309700,MSFT
2006-06-13,21.729999542236328,22.030000686645508,21.459999084472656,21.510000228881836,15.136322021484375,113175300,MSFT
2006-06-14,21.59000015258789,21.940000534057617,21.549999237060547,21.8799991607666,15.396688461303711,86081500,MSFT
2006-06-15,22.010000228881836,22.1299991607666,21.799999237060547,22.06999969482422,15.530391693115234,121577300,MSFT
2006-06-16,21.969999313354492,22.280000686645508,21.790000915527344,22.100000381469727,15.551494598388672,147506500,MSFT
2006-06-19,22.139999389648438,22.600000381469727,22.1200008392334,22.549999237060547,15.86816120147705,129640900,MSFT
2006-06-20,22.540000915527344,22.760000228881836,22.5,22.559999465942383,15.875203132629395,90598500,MSFT
2006-06-21,22.610000610351562,23.149999618530273,22.530000686645508,23.079999923706055,16.24112319946289,91660300,MSFT
2006-06-22,23.059999465942383,23.170000076293945,22.780000686645508,22.8799991607666,16.100383758544922,76590600,MSFT
2006-06-23,22.850000381469727,22.8700008392334,22.5,22.5,15.832978248596191,60532600,MSFT
2006-06-26,22.649999618530273,22.889999389648438,22.6299991607666,22.81999969482422,16.05815887451172,53644100,MSFT
2006-06-27,22.889999389648438,23.15999984741211,22.84000015258789,22.860000610351562,16.0863037109375,84759100,MSFT
2006-06-28,22.959999084472656,23.25,22.90999984741211,23.15999984741211,16.29741096496582,71906500,MSFT
2006-06-29,23.31999969482422,23.6299991607666,23.219999313354492,23.469999313354492,16.515554428100586,121395500,MSFT
2006-06-30,23.540000915527344,23.649999618530273,23.299999237060547,23.299999237060547,16.395938873291016,73048800,MSFT
2006-07-03,23.530000686645508,23.719999313354492,23.450000762939453,23.700000762939453,16.677400588989258,25711400,MSFT
2006-07-05,23.479999542236328,23.520000457763672,23.299999237060547,23.350000381469727,16.431116104125977,53093500,MSFT
2006-07-06,23.450000762939453,23.610000610351562,23.420000076293945,23.479999542236328,16.522598266601562,44775200,MSFT
2006-07-07,23.389999389648438,23.549999237060547,23.299999237060547,23.299999237060547,16.395938873291016,63168800,MSFT
2006-07-10,23.43000030517578,23.65999984741211,23.3799991607666,23.5,16.53666877746582,50565100,MSFT
2006-07-11,23.3700008392334,23.3700008392334,22.739999771118164,23.100000381469727,16.25519561767578,88676300,MSFT
2006-07-12,22.790000915527344,22.8799991607666,22.6200008392334,22.639999389648438,15.93149185180664,77379300,MSFT
2006-07-13,22.3700008392334,22.610000610351562,22.25,22.260000228881836,15.664094924926758,73099500,MSFT
2006-07-14,22.280000686645508,22.549999237060547,22.229999542236328,22.290000915527344,15.685205459594727,67499400,MSFT
2006-07-17,22.290000915527344,22.610000610351562,22.260000228881836,22.479999542236328,15.818903923034668,37053500,MSFT
2006-07-18,22.59000015258789,22.760000228881836,22.479999542236328,22.739999771118164,16.00187110900879,65047300,MSFT
2006-07-19,22.81999969482422,23.459999084472656,22.719999313354492,23.399999618530273,16.466291427612305,82188200,MSFT
2006-07-20,23.440000534057617,23.450000762939453,22.780000686645508,22.850000381469727,16.07927131652832,76605200,MSFT
2006-07-21,24.079999923706055,24.149999618530273,23.0,23.8700008392334,16.79703712463379,175483800,MSFT
2006-07-24,24.010000228881836,24.110000610351562,23.790000915527344,24.0,16.888507843017578,59586700,MSFT
2006-07-25,24.0,24.290000915527344,23.899999618530273,24.219999313354492,17.043317794799805,60075800,MSFT
2006-07-26,24.1200008392334,24.530000686645508,24.100000381469727,24.3700008392334,17.148874282836914,54942100,MSFT
2006-07-27,24.579999923706055,24.600000381469727,23.770000457763672,23.8700008392334,16.79703712463379,85386800,MSFT
2006-07-28,24.079999923706055,24.280000686645508,24.059999465942383,24.25,17.06443214416504,51705800,MSFT
2006-07-31,24.06999969482422,24.420000076293945,24.010000228881836,24.059999465942383,16.930734634399414,40254400,MSFT
2006-08-01,24.020000457763672,24.200000762939453,23.850000381469727,23.989999771118164,16.8814697265625,49168700,MSFT
2006-08-02,24.1200008392334,24.399999618530273,24.030000686645508,24.299999237060547,17.0996150970459,46462000,MSFT
2006-08-03,24.190000534057617,24.479999542236328,24.149999618530273,24.209999084472656,17.036279678344727,43155300,MSFT
2006-08-04,24.399999618530273,24.489999771118164,24.149999618530273,24.290000915527344,17.09259033203125,45690400,MSFT
2006-08-07,24.280000686645508,24.479999542236328,24.190000534057617,24.219999313354492,17.043317794799805,36862400,MSFT
2006-08-08,24.389999389648438,24.520000457763672,24.200000762939453,24.34000015258789,17.127765655517578,58171300,MSFT
2006-08-09,24.489999771118164,24.639999389648438,24.34000015258789,24.440000534057617,17.19813346862793,44405700,MSFT
2006-08-10,24.3700008392334,24.600000381469727,24.34000015258789,24.459999084472656,17.212202072143555,31753400,MSFT
2006-08-11,24.43000030517578,24.450000762939453,24.200000762939453,24.43000030517578,17.191099166870117,30255500,MSFT
2006-08-14,24.520000457763672,24.600000381469727,24.350000381469727,24.530000686645508,17.2614688873291,47831900,MSFT
2006-08-15,24.549999237060547,24.649999618530273,24.440000534057617,24.6200008392334,17.388595581054688,48994500,MSFT
2006-08-16,24.610000610351562,24.729999542236328,24.469999313354492,24.700000762939453,17.44509506225586,52373600,MSFT
2006-08-17,24.700000762939453,24.75,24.610000610351562,24.700000762939453,17.44509506225586,45674800,MSFT
2006-08-18,25.049999237060547,25.799999237060547,24.979999542236328,25.790000915527344,18.214942932128906,128414800,MSFT
2006-08-21,25.65999984741211,26.1299991607666,25.559999465942383,26.1200008392334,18.448013305664062,88398300,MSFT
2006-08-22,26.010000228881836,26.25,25.6200008392334,25.6200008392334,18.09487533569336,89312400,MSFT
2006-08-23,25.649999618530273,25.950000762939453,25.520000457763672,25.670000076293945,18.13018798828125,44648500,MSFT
2006-08-24,25.81999969482422,25.860000610351562,25.5,25.739999771118164,18.179630279541016,35933300,MSFT
2006-08-25,25.709999084472656,26.0,25.690000534057617,25.850000381469727,18.257314682006836,33115900,MSFT
2006-08-28,25.84000015258789,26.0,25.690000534057617,25.950000762939453,18.327957153320312,34190900,MSFT
2006-08-29,25.920000076293945,25.979999542236328,25.6299991607666,25.84000015258789,18.250255584716797,42711200,MSFT
2006-08-30,25.850000381469727,25.889999389648438,25.639999389648438,25.799999237060547,18.222000122070312,30283100,MSFT
2006-08-31,25.8700008392334,25.979999542236328,25.68000030517578,25.700000762939453,18.151386260986328,26380500,MSFT
2006-09-01,25.889999389648438,25.969999313354492,25.639999389648438,25.84000015258789,18.250255584716797,31594600,MSFT
2006-09-05,25.690000534057617,25.959999084472656,25.559999465942383,25.610000610351562,18.08781623840332,44222400,MSFT
2006-09-06,25.510000228881836,25.719999313354492,25.510000228881836,25.610000610351562,18.08781623840332,50160400,MSFT
2006-09-07,25.479999542236328,25.700000762939453,25.389999389648438,25.43000030517578,17.96068572998047,51266900,MSFT
2006-09-08,25.530000686645508,25.790000915527344,25.459999084472656,25.600000381469727,18.080751419067383,36866800,MSFT
2006-09-11,25.43000030517578,25.950000762939453,25.420000076293945,25.90999984741211,18.299701690673828,55608200,MSFT
2006-09-12,25.899999618530273,25.979999542236328,25.719999313354492,25.93000030517578,18.313825607299805,52248800,MSFT
2006-09-13,25.81999969482422,26.100000381469727,25.81999969482422,25.979999542236328,18.34913444519043,37706700,MSFT
2006-09-14,25.989999771118164,26.5,25.979999542236328,26.329999923706055,18.596332550048828,74324500,MSFT
2006-09-15,26.579999923706055,26.940000534057617,26.489999771118164,26.850000381469727,18.963600158691406,126057700,MSFT
2006-09-18,26.739999771118164,27.040000915527344,26.670000076293945,26.790000915527344,18.921226501464844,49135000,MSFT
2006-09-19,26.739999771118164,26.940000534057617,26.719999313354492,26.860000610351562,18.970659255981445,43039100,MSFT
2006-09-20,27.010000228881836,27.229999542236328,26.989999771118164,27.18000030517578,19.196670532226562,71676400,MSFT
2006-09-21,27.239999771118164,27.25,26.850000381469727,26.899999618530273,18.99890899658203,58495100,MSFT
2006-09-22,26.829999923706055,26.850000381469727,26.479999542236328,26.65999984741211,18.829404830932617,47712500,MSFT
2006-09-25,26.809999465942383,27.190000534057617,26.790000915527344,26.950000762939453,19.03421974182129,67903900,MSFT
2006-09-26,26.90999984741211,27.31999969482422,26.8799991607666,27.200000762939453,19.210798263549805,54766500,MSFT
2006-09-27,27.18000030517578,27.469999313354492,27.1200008392334,27.440000534057617,19.38030433654785,66233900,MSFT
2006-09-28,27.469999313354492,27.520000457763672,27.260000228881836,27.399999618530273,19.352052688598633,44179700,MSFT
2006-09-29,27.350000381469727,27.420000076293945,27.209999084472656,27.350000381469727,19.316734313964844,34283500,MSFT
2006-10-02,27.31999969482422,27.489999771118164,27.149999618530273,27.360000610351562,19.323808670043945,52908100,MSFT
2006-10-03,27.3700008392334,27.479999542236328,27.209999084472656,27.3700008392334,19.330862045288086,39386200,MSFT
2006-10-04,27.389999389648438,27.959999084472656,27.3700008392334,27.940000534057617,19.733440399169922,82191200,MSFT
2006-10-05,27.920000076293945,28.110000610351562,27.780000686645508,27.920000076293945,19.719322204589844,81967200,MSFT
2006-10-06,27.760000228881836,28.0,27.649999618530273,27.8700008392334,19.684001922607422,36452200,MSFT
2006-10-09,27.799999237060547,27.93000030517578,27.6200008392334,27.719999313354492,19.57805824279785,33366300,MSFT
2006-10-10,27.690000534057617,27.75,27.440000534057617,27.690000534057617,19.55687141418457,34598500,MSFT
2006-10-11,27.459999084472656,27.670000076293945,27.420000076293945,27.540000915527344,19.450939178466797,37219600,MSFT
2006-10-12,27.579999923706055,28.290000915527344,27.540000915527344,28.219999313354492,19.931203842163086,120174900,MSFT
2006-10-13,28.34000015258789,28.690000534057617,28.309999465942383,28.3700008392334,20.037137985229492,129751900,MSFT
2006-10-16,28.479999542236328,28.600000381469727,28.329999923706055,28.450000762939453,20.09364891052246,49744800,MSFT
2006-10-17,28.239999771118164,28.510000228881836,28.170000076293945,28.440000534057617,20.08658218383789,40122600,MSFT
2006-10-18,28.5,28.700000762939453,28.260000228881836,28.520000457763672,20.143091201782227,40630800,MSFT
2006-10-19,28.350000381469727,28.450000762939453,28.1200008392334,28.290000915527344,19.980636596679688,44730800,MSFT
2006-10-20,28.479999542236328,28.489999771118164,28.170000076293945,28.43000030517578,20.079517364501953,48887800,MSFT
2006-10-23,28.299999237060547,28.690000534057617,28.18000030517578,28.450000762939453,20.09364891052246,48525000,MSFT
2006-10-24,28.43000030517578,28.43000030517578,28.1299991607666,28.280000686645508,19.973581314086914,61409600,MSFT
2006-10-25,28.280000686645508,28.459999084472656,28.139999389648438,28.309999465942383,19.994766235351562,40717100,MSFT
2006-10-26,28.329999923706055,28.40999984741211,28.040000915527344,28.350000381469727,20.02302360534668,69964200,MSFT
2006-10-27,28.489999771118164,28.790000915527344,28.25,28.34000015258789,20.01595687866211,89060100,MSFT
2006-10-30,28.350000381469727,28.84000015258789,28.31999969482422,28.530000686645508,20.150144577026367,47296800,MSFT
2006-10-31,28.65999984741211,28.850000381469727,28.559999465942383,28.709999084472656,20.277278900146484,61861700,MSFT
2006-11-01,28.780000686645508,28.989999771118164,28.700000762939453,28.809999465942383,20.347909927368164,75895900,MSFT
2006-11-02,28.709999084472656,28.860000610351562,28.579999923706055,28.770000457763672,20.319656372070312,58674400,MSFT
2006-11-03,28.850000381469727,28.93000030517578,28.610000610351562,28.729999542236328,20.291406631469727,41124500,MSFT
2006-11-06,28.770000457763672,29.049999237060547,28.760000228881836,28.84000015258789,20.369096755981445,60446200,MSFT
2006-11-07,28.860000610351562,29.06999969482422,28.799999237060547,28.950000762939453,20.4467830657959,56511200,MSFT
2006-11-08,28.780000686645508,29.229999542236328,28.65999984741211,28.979999542236328,20.46797752380371,77403300,MSFT
2006-11-09,29.110000610351562,29.399999618530273,29.0,29.260000228881836,20.665739059448242,89407500,MSFT
2006-11-10,29.170000076293945,29.290000915527344,29.149999618530273,29.239999771118164,20.6516056060791,37855100,MSFT
2006-11-13,29.190000534057617,29.459999084472656,29.15999984741211,29.350000381469727,20.729297637939453,47271800,MSFT
2006-11-14,29.280000686645508,29.420000076293945,29.06999969482422,29.229999542236328,20.71512794494629,63012500,MSFT
2006-11-15,29.1299991607666,29.360000610351562,29.110000610351562,29.1200008392334,20.637165069580078,63943200,MSFT
2006-11-16,29.139999389648438,29.639999389648438,29.1299991607666,29.469999313354492,20.885208129882812,64328500,MSFT
2006-11-17,29.309999465942383,29.540000915527344,29.280000686645508,29.399999618530273,20.835603713989258,49356700,MSFT
2006-11-20,29.520000457763672,30.0,29.5,29.889999389648438,21.182865142822266,85703800,MSFT
2006-11-21,29.90999984741211,30.0,29.790000915527344,29.920000076293945,21.204126358032227,66446600,MSFT
2006-11-22,29.969999313354492,30.0,29.81999969482422,29.920000076293945,21.204126358032227,43907200,MSFT
2006-11-24,29.65999984741211,29.84000015258789,29.639999389648438,29.760000228881836,21.09073257446289,20456700,MSFT
2006-11-27,29.690000534057617,29.739999771118164,29.329999923706055,29.479999542236328,20.892297744750977,72722100,MSFT
2006-11-28,29.34000015258789,29.420000076293945,29.1299991607666,29.389999389648438,20.828510284423828,52602300,MSFT
2006-11-29,29.440000534057617,29.780000686645508,29.43000030517578,29.56999969482422,20.956083297729492,58775100,MSFT
2006-11-30,29.420000076293945,29.56999969482422,29.329999923706055,29.360000610351562,20.807260513305664,53297400,MSFT
2006-12-01,29.229999542236328,29.299999237060547,28.899999618530273,29.1200008392334,20.637165069580078,72257000,MSFT
2006-12-04,29.229999542236328,29.520000457763672,29.170000076293945,29.329999923706055,20.785991668701172,55123400,MSFT
2006-12-05,29.360000610351562,29.399999618530273,29.030000686645508,29.1299991607666,20.644250869750977,45606000,MSFT
2006-12-06,29.100000381469727,29.1299991607666,28.8700008392334,28.989999771118164,20.545034408569336,48564100,MSFT
2006-12-07,28.959999084472656,29.06999969482422,28.809999465942383,28.850000381469727,20.445819854736328,46831100,MSFT
2006-12-08,28.81999969482422,29.399999618530273,28.799999237060547,29.399999618530273,20.835603713989258,108854900,MSFT
2006-12-11,29.190000534057617,29.75,29.110000610351562,29.540000915527344,20.9348201751709,107712000,MSFT
2006-12-12,29.559999465942383,29.6299991607666,29.219999313354492,29.43000030517578,20.85686492919922,68529400,MSFT
2006-12-13,29.600000381469727,29.600000381469727,29.31999969482422,29.549999237060547,20.941904067993164,46002500,MSFT
2006-12-14,29.540000915527344,30.079999923706055,29.520000457763672,30.06999969482422,21.310428619384766,85866500,MSFT
2006-12-15,30.139999389648438,30.229999542236328,30.030000686645508,30.190000534057617,21.39546775817871,102783700,MSFT
2006-12-18,30.190000534057617,30.260000228881836,29.780000686645508,29.889999389648438,21.182865142822266,56986800,MSFT
2006-12-19,29.709999084472656,30.170000076293945,29.530000686645508,29.989999771118164,21.25373649597168,53822100,MSFT
2006-12-20,29.989999771118164,30.239999771118164,29.969999313354492,30.09000015258789,21.324600219726562,31202100,MSFT
2006-12-21,30.1299991607666,30.139999389648438,29.889999389648438,29.979999542236328,21.24664878845215,32270500,MSFT
2006-12-22,29.829999923706055,29.860000610351562,29.6200008392334,29.639999389648438,21.00568962097168,37971700,MSFT
2006-12-26,29.530000686645508,30.0,29.399999618530273,29.989999771118164,21.25373649597168,37098300,MSFT
2006-12-27,29.989999771118164,30.1299991607666,29.90999984741211,30.020000457763672,21.274988174438477,31248400,MSFT
2006-12-28,29.860000610351562,30.030000686645508,29.809999465942383,29.979999542236328,21.24664878845215,26690600,MSFT
2006-12-29,29.860000610351562,30.149999618530273,29.829999923706055,29.860000610351562,21.161609649658203,41739800,MSFT
2007-01-03,29.90999984741211,30.25,29.399999618530273,29.860000610351562,21.161609649658203,76935100,MSFT
2007-01-04,29.700000762939453,29.969999313354492,29.440000534057617,29.809999465942383,21.12615966796875,45774500,MSFT
2007-01-05,29.6299991607666,29.75,29.450000762939453,29.639999389648438,21.00568962097168,44607200,MSFT
2007-01-08,29.649999618530273,30.100000381469727,29.530000686645508,29.93000030517578,21.211210250854492,50220200,MSFT
2007-01-09,30.0,30.18000030517578,29.729999542236328,29.959999084472656,21.232467651367188,44636600,MSFT
2007-01-10,29.799999237060547,29.889999389648438,29.43000030517578,29.65999984741211,21.01986312866211,55017400,MSFT
2007-01-11,29.760000228881836,30.75,29.649999618530273,30.700000762939453,21.756908416748047,99464300,MSFT
2007-01-12,30.649999618530273,31.389999389648438,30.639999389648438,31.209999084472656,22.118335723876953,103972500,MSFT
2007-01-16,31.260000228881836,31.450000762939453,31.030000686645508,31.15999984741211,22.082902908325195,62379600,MSFT
2007-01-17,31.260000228881836,31.440000534057617,31.010000228881836,31.100000381469727,22.040380477905273,58519600,MSFT
2007-01-18,31.149999618530273,31.3700008392334,30.799999237060547,31.0,21.969511032104492,56364300,MSFT
2007-01-19,30.729999542236328,31.110000610351562,30.690000534057617,31.110000610351562,22.047468185424805,75826900,MSFT
2007-01-22,31.059999465942383,31.1200008392334,30.510000228881836,30.719999313354492,21.771076202392578,56143900,MSFT
2007-01-23,30.6299991607666,30.959999084472656,30.520000457763672,30.739999771118164,21.78525733947754,49171200,MSFT
2007-01-24,30.780000686645508,31.299999237060547,30.649999618530273,31.09000015258789,22.033296585083008,58527800,MSFT
2007-01-25,31.079999923706055,31.479999542236328,30.450000762939453,30.450000762939453,21.579736709594727,97378700,MSFT
2007-01-26,31.219999313354492,31.229999542236328,30.600000381469727,30.600000381469727,21.6860294342041,96103700,MSFT
2007-01-29,30.649999618530273,30.780000686645508,30.34000015258789,30.530000686645508,21.636425018310547,57605900,MSFT
2007-01-30,30.56999969482422,30.639999389648438,30.139999389648438,30.479999542236328,21.60099220275879,61900400,MSFT
2007-01-31,30.40999984741211,31.100000381469727,30.350000381469727,30.860000610351562,21.870298385620117,73968400,MSFT
2007-02-01,30.84000015258789,30.940000534057617,30.3700008392334,30.559999465942383,21.65768051147461,55355800,MSFT
2007-02-02,30.81999969482422,30.84000015258789,30.1299991607666,30.190000534057617,21.39546775817871,60401700,MSFT
2007-02-05,29.969999313354492,30.020000457763672,29.40999984741211,29.610000610351562,20.98443031311035,99102100,MSFT
2007-02-06,29.59000015258789,29.75,29.219999313354492,29.510000228881836,20.913557052612305,79281100,MSFT
2007-02-07,29.639999389648438,29.700000762939453,29.25,29.3700008392334,20.814348220825195,65145500,MSFT
2007-02-08,29.239999771118164,29.799999237060547,29.200000762939453,29.260000228881836,20.736387252807617,48749000,MSFT
2007-02-09,29.350000381469727,29.399999618530273,28.93000030517578,28.979999542236328,20.537952423095703,69823100,MSFT
2007-02-12,28.889999389648438,29.09000015258789,28.829999923706055,28.940000534057617,20.509605407714844,52774400,MSFT
2007-02-13,29.040000915527344,29.200000762939453,28.959999084472656,29.010000228881836,20.6304988861084,50348100,MSFT
2007-02-14,29.170000076293945,29.690000534057617,29.149999618530273,29.399999618530273,20.907846450805664,55588600,MSFT
2007-02-15,29.579999923706055,29.649999618530273,29.219999313354492,29.459999084472656,20.95052146911621,63858100,MSFT
2007-02-16,28.90999984741211,28.940000534057617,28.649999618530273,28.739999771118164,20.43848419189453,109340300,MSFT
2007-02-20,28.6299991607666,28.860000610351562,28.469999313354492,28.829999923706055,20.502485275268555,53978200,MSFT
2007-02-21,28.75,29.389999389648438,28.739999771118164,29.350000381469727,20.872291564941406,68604900,MSFT
2007-02-22,29.309999465942383,29.540000915527344,29.15999984741211,29.389999389648438,20.900728225708008,57754400,MSFT
2007-02-23,29.219999313354492,29.280000686645508,28.889999389648438,28.899999618530273,20.55227279663086,63787100,MSFT
2007-02-26,28.959999084472656,29.09000015258789,28.81999969482422,29.06999969482422,20.673160552978516,63481900,MSFT
2007-02-27,28.709999084472656,28.969999313354492,27.790000915527344,27.8700008392334,19.81978988647461,87143300,MSFT
2007-02-28,27.950000762939453,28.25,27.920000076293945,28.170000076293945,20.033124923706055,86333300,MSFT
2007-03-01,27.81999969482422,28.329999923706055,27.729999542236328,28.09000015258789,19.976234436035156,80175700,MSFT
2007-03-02,28.020000457763672,28.15999984741211,27.760000228881836,27.760000228881836,19.741559982299805,63254700,MSFT
2007-03-05,27.489999771118164,27.90999984741211,27.40999984741211,27.549999237060547,19.59221649169922,56454300,MSFT
2007-03-06,27.799999237060547,27.940000534057617,27.649999618530273,27.829999923706055,19.791337966918945,49361800,MSFT
2007-03-07,27.760000228881836,27.899999618530273,27.549999237060547,27.610000610351562,19.634876251220703,52044700,MSFT
2007-03-08,27.719999313354492,27.850000381469727,26.600000381469727,27.31999969482422,19.428651809692383,72175200,MSFT
2007-03-09,27.420000076293945,27.479999542236328,27.030000686645508,27.290000915527344,19.407320022583008,80125000,MSFT
2007-03-12,27.18000030517578,27.479999542236328,27.1299991607666,27.440000534057617,19.51399040222168,36516400,MSFT
2007-03-13,27.25,27.399999618530273,26.709999084472656,26.719999313354492,19.0019588470459,75169500,MSFT
2007-03-14,26.81999969482422,27.399999618530273,26.729999542236328,27.399999618530273,19.485549926757812,75730300,MSFT
2007-03-15,27.31999969482422,27.469999313354492,27.200000762939453,27.280000686645508,19.40021324157715,51757100,MSFT
2007-03-16,27.350000381469727,27.479999542236328,27.200000762939453,27.329999923706055,19.435768127441406,65055300,MSFT
2007-03-19,27.34000015258789,27.829999923706055,27.200000762939453,27.829999923706055,19.791337966918945,49412000,MSFT
2007-03-20,27.93000030517578,28.15999984741211,27.760000228881836,27.84000015258789,19.79844856262207,47902400,MSFT
2007-03-21,27.899999618530273,28.520000457763672,27.559999465942383,28.520000457763672,20.28203582763672,72808200,MSFT
2007-03-22,28.520000457763672,28.549999237060547,28.010000228881836,28.270000457763672,20.104251861572266,47934900,MSFT
2007-03-23,28.219999313354492,28.270000457763672,27.799999237060547,28.020000457763672,19.926462173461914,50519800,MSFT
2007-03-26,27.940000534057617,28.219999313354492,27.700000762939453,28.219999313354492,20.068693161010742,47491500,MSFT
2007-03-27,28.040000915527344,28.15999984741211,27.649999618530273,27.719999313354492,19.713111877441406,58979800,MSFT
2007-03-28,27.579999923706055,28.0,27.399999618530273,27.639999389648438,19.656225204467773,46947000,MSFT
2007-03-29,27.84000015258789,27.850000381469727,27.489999771118164,27.75,19.73444366455078,42629900,MSFT
2007-03-30,27.75,27.950000762939453,27.5,27.8700008392334,19.81978988647461,47061000,MSFT
2007-04-02,27.889999389648438,27.93000030517578,27.559999465942383,27.739999771118164,19.727327346801758,41977600,MSFT
2007-04-03,27.860000610351562,28.059999465942383,27.75,27.8700008392334,19.81978988647461,39821300,MSFT
2007-04-04,28.010000228881836,28.780000686645508,27.899999618530273,28.5,20.26780891418457,63244200,MSFT
2007-04-05,28.31999969482422,28.649999618530273,28.299999237060547,28.549999237060547,20.303361892700195,30131200,MSFT
2007-04-09,28.579999923706055,28.719999313354492,28.389999389648438,28.56999969482422,20.31758689880371,31384600,MSFT
2007-04-10,28.5,28.639999389648438,28.219999313354492,28.399999618530273,20.196693420410156,38643100,MSFT
2007-04-11,28.299999237060547,28.56999969482422,27.989999771118164,28.110000610351562,19.990455627441406,44050200,MSFT
2007-04-12,28.059999465942383,28.6200008392334,28.040000915527344,28.540000915527344,20.296260833740234,43762100,MSFT
2007-04-13,28.43000030517578,28.700000762939453,28.100000381469727,28.610000610351562,20.346040725708008,36002900,MSFT
2007-04-16,28.600000381469727,28.75,28.209999084472656,28.729999542236328,20.43137550354004,30740100,MSFT
2007-04-17,28.6299991607666,28.889999389648438,28.559999465942383,28.850000381469727,20.516714096069336,33170200,MSFT
2007-04-18,28.610000610351562,28.670000076293945,28.360000610351562,28.600000381469727,20.33892250061035,41778400,MSFT
2007-04-19,28.34000015258789,28.889999389648438,28.260000228881836,28.690000534057617,20.40292739868164,43648800,MSFT
2007-04-20,28.979999542236328,29.100000381469727,28.700000762939453,29.020000457763672,20.637605667114258,60311500,MSFT
2007-04-23,28.959999084472656,28.989999771118164,28.670000076293945,28.780000686645508,20.46692657470703,41739100,MSFT
2007-04-24,28.790000915527344,28.959999084472656,28.59000015258789,28.790000915527344,20.474044799804688,34236700,MSFT
2007-04-25,28.860000610351562,29.0,28.690000534057617,28.989999771118164,20.61627769470215,39475000,MSFT
2007-04-26,29.09000015258789,29.350000381469727,28.90999984741211,29.100000381469727,20.69450569152832,68760300,MSFT
2007-04-27,30.170000076293945,30.739999771118164,30.0,30.1200008392334,21.419878005981445,128298800,MSFT
2007-04-30,30.1299991607666,30.3700008392334,29.940000534057617,29.940000534057617,21.2918643951416,67788800,MSFT
2007-05-01,29.940000534057617,30.420000076293945,29.899999618530273,30.399999618530273,21.618995666503906,73539300,MSFT
2007-05-02,30.389999389648438,30.690000534057617,30.299999237060547,30.610000610351562,21.768339157104492,80686700,MSFT
2007-05-03,30.600000381469727,31.0,30.530000686645508,30.969999313354492,22.024349212646484,82036800,MSFT
2007-05-04,30.68000030517578,30.700000762939453,30.290000915527344,30.559999465942383,21.73278045654297,104385900,MSFT
2007-05-07,30.520000457763672,30.760000228881836,30.479999542236328,30.709999084472656,21.839458465576172,59889100,MSFT
2007-05-08,30.68000030517578,30.940000534057617,30.579999923706055,30.75,21.867902755737305,60551700,MSFT
2007-05-09,30.700000762939453,30.93000030517578,30.56999969482422,30.780000686645508,21.88924217224121,51735000,MSFT
2007-05-10,30.68000030517578,30.93000030517578,30.530000686645508,30.579999923706055,21.74700164794922,55398600,MSFT
2007-05-11,30.56999969482422,30.979999542236328,30.549999237060547,30.889999389648438,21.967464447021484,43425300,MSFT
2007-05-14,30.84000015258789,30.989999771118164,30.809999465942383,30.969999313354492,22.024349212646484,70188500,MSFT
2007-05-15,30.899999618530273,31.09000015258789,30.84000015258789,30.899999618530273,22.045759201049805,75013900,MSFT
2007-05-16,31.0,31.09000015258789,30.809999465942383,31.06999969482422,22.16704559326172,45833600,MSFT
2007-05-17,31.030000686645508,31.139999389648438,30.959999084472656,30.979999542236328,22.102827072143555,41045600,MSFT
2007-05-18,30.969999313354492,30.989999771118164,30.579999923706055,30.829999923706055,21.995817184448242,58453000,MSFT
2007-05-21,30.729999542236328,31.15999984741211,30.729999542236328,31.049999237060547,22.15277671813965,41836400,MSFT
2007-05-22,30.899999618530273,30.93000030517578,30.65999984741211,30.690000534057617,21.89593505859375,39999500,MSFT
2007-05-23,30.84000015258789,30.84000015258789,30.56999969482422,30.579999923706055,21.81744956970215,46322500,MSFT
2007-05-24,30.540000915527344,30.799999237060547,29.959999084472656,30.170000076293945,21.524932861328125,64046400,MSFT
2007-05-25,30.280000686645508,30.65999984741211,30.18000030517578,30.479999542236328,21.746109008789062,47726500,MSFT
2007-05-29,30.489999771118164,30.829999923706055,30.389999389648438,30.790000915527344,21.9672794342041,42373100,MSFT
2007-05-30,30.549999237060547,31.1299991607666,30.510000228881836,31.110000610351562,22.195575714111328,57376800,MSFT
2007-05-31,31.1200008392334,31.15999984741211,30.610000610351562,30.690000534057617,21.89593505859375,85290500,MSFT
2007-06-01,30.790000915527344,30.899999618530273,30.549999237060547,30.59000015258789,21.8245849609375,39469400,MSFT
2007-06-04,30.420000076293945,30.760000228881836,30.399999618530273,30.719999313354492,21.917335510253906,41434500,MSFT
2007-06-05,30.6200008392334,30.6299991607666,30.329999923706055,30.579999923706055,21.81744956970215,44265000,MSFT
2007-06-06,30.3700008392334,30.530000686645508,30.25,30.290000915527344,21.610544204711914,38217500,MSFT
2007-06-07,30.020000457763672,30.290000915527344,29.59000015258789,29.6200008392334,21.13253402709961,71971400,MSFT
2007-06-08,29.579999923706055,30.059999465942383,29.40999984741211,30.049999237060547,21.439311981201172,61346200,MSFT
2007-06-11,29.940000534057617,30.25,29.93000030517578,30.020000457763672,21.41792106628418,48467400,MSFT
2007-06-12,29.959999084472656,30.239999771118164,29.770000457763672,29.850000381469727,21.296632766723633,56981800,MSFT
2007-06-13,29.969999313354492,30.40999984741211,29.850000381469727,30.389999389648438,21.681886672973633,64435600,MSFT
2007-06-14,30.350000381469727,30.709999084472656,30.299999237060547,30.520000457763672,21.774642944335938,59065700,MSFT
2007-06-15,30.860000610351562,30.8799991607666,30.43000030517578,30.489999771118164,21.753232955932617,100933000,MSFT
2007-06-18,30.690000534057617,30.719999313354492,30.420000076293945,30.510000228881836,21.76750946044922,45412600,MSFT
2007-06-19,30.479999542236328,30.65999984741211,30.3799991607666,30.459999084472656,21.73183822631836,46802600,MSFT
2007-06-20,30.440000534057617,30.510000228881836,29.959999084472656,30.010000228881836,21.410785675048828,46861600,MSFT
2007-06-21,29.979999542236328,30.299999237060547,29.90999984741211,30.219999313354492,21.56060791015625,56564800,MSFT
2007-06-22,30.0,30.100000381469727,29.450000762939453,29.489999771118164,21.03978157043457,86219900,MSFT
2007-06-25,29.469999313354492,29.770000457763672,29.3799991607666,29.489999771118164,21.03978157043457,53905800,MSFT
2007-06-26,29.549999237060547,29.799999237060547,29.5,29.520000457763672,21.061185836791992,48340300,MSFT
2007-06-27,29.360000610351562,29.950000762939453,29.360000610351562,29.8700008392334,21.310890197753906,53468600,MSFT
2007-06-28,29.860000610351562,29.969999313354492,29.68000030517578,29.829999923706055,21.28236198425293,46055200,MSFT
2007-06-29,29.8700008392334,29.93000030517578,29.040000915527344,29.469999313354492,21.025514602661133,71193900,MSFT
2007-07-02,29.670000076293945,29.799999237060547,29.489999771118164,29.739999771118164,21.2181453704834,47316000,MSFT
2007-07-03,29.790000915527344,30.219999313354492,29.780000686645508,30.020000457763672,21.41792106628418,35202600,MSFT
2007-07-05,30.049999237060547,30.219999313354492,29.829999923706055,29.989999771118164,21.396514892578125,47838500,MSFT
2007-07-06,29.90999984741211,30.040000915527344,29.65999984741211,29.969999313354492,21.382240295410156,57541000,MSFT
2007-07-09,29.860000610351562,29.950000762939453,29.809999465942383,29.8700008392334,21.310890197753906,33831400,MSFT
2007-07-10,29.700000762939453,29.989999771118164,29.18000030517578,29.329999923706055,20.925636291503906,66013500,MSFT
2007-07-11,29.239999771118164,29.649999618530273,29.209999084472656,29.489999771118164,21.03978157043457,48017000,MSFT
2007-07-12,29.559999465942383,30.110000610351562,29.440000534057617,30.06999969482422,21.45359230041504,54302400,MSFT
2007-07-13,29.940000534057617,30.020000457763672,29.65999984741211,29.81999969482422,21.275222778320312,42173000,MSFT
2007-07-16,29.760000228881836,30.239999771118164,29.719999313354492,30.030000686645508,21.4250545501709,48023200,MSFT
2007-07-17,30.020000457763672,30.8799991607666,30.010000228881836,30.780000686645508,21.960145950317383,77539600,MSFT
2007-07-18,30.510000228881836,30.969999313354492,30.5,30.920000076293945,22.06002426147461,64414400,MSFT
2007-07-19,31.049999237060547,31.84000015258789,30.93000030517578,31.510000228881836,22.4809627532959,121159300,MSFT
2007-07-20,31.149999618530273,31.200000762939453,30.790000915527344,31.15999984741211,22.231266021728516,98292600,MSFT
2007-07-23,31.360000610351562,31.520000457763672,31.1200008392334,31.190000534057617,22.252660751342773,48910600,MSFT
2007-07-24,31.010000228881836,31.479999542236328,30.709999084472656,30.799999237060547,21.97440528869629,59729300,MSFT
2007-07-25,30.989999771118164,31.299999237060547,30.3700008392334,30.709999084472656,21.91019630432129,54950100,MSFT
2007-07-26,30.239999771118164,30.530000686645508,29.510000228881836,29.979999542236328,21.38937759399414,87025300,MSFT
2007-07-27,29.93000030517578,30.0,29.360000610351562,29.389999389648438,20.968442916870117,69214600,MSFT
2007-07-30,29.40999984741211,29.489999771118164,28.950000762939453,29.399999618530273,20.97557258605957,67499600,MSFT
2007-07-31,29.709999084472656,29.719999313354492,28.979999542236328,28.989999771118164,20.683063507080078,66554000,MSFT
2007-08-01,28.950000762939453,29.549999237060547,28.81999969482422,29.299999237060547,20.90422821044922,80006300,MSFT
2007-08-02,29.190000534057617,29.790000915527344,29.020000457763672,29.520000457763672,21.061185836791992,47938300,MSFT
2007-08-03,29.450000762939453,29.780000686645508,28.899999618530273,28.959999084472656,20.66165542602539,61535500,MSFT
2007-08-06,29.049999237060547,29.540000915527344,28.75,29.540000915527344,21.075458526611328,59530500,MSFT
2007-08-07,29.329999923706055,29.790000915527344,29.049999237060547,29.549999237060547,21.082592010498047,49163000,MSFT
2007-08-08,29.719999313354492,30.010000228881836,29.209999084472656,30.0,21.403644561767578,52898600,MSFT
2007-08-09,29.639999389648438,30.100000381469727,28.920000076293945,29.299999237060547,20.90422821044922,72964500,MSFT
2007-08-10,28.899999618530273,29.049999237060547,28.260000228881836,28.709999084472656,20.483291625976562,76576200,MSFT
2007-08-13,28.940000534057617,28.989999771118164,28.440000534057617,28.6299991607666,20.42621421813965,55492300,MSFT
2007-08-14,28.770000457763672,28.889999389648438,28.200000762939453,28.270000457763672,20.240070343017578,42944100,MSFT
2007-08-15,28.239999771118164,28.989999771118164,28.049999237060547,28.100000381469727,20.118349075317383,48117700,MSFT
2007-08-16,27.8799991607666,28.350000381469727,27.510000228881836,27.809999465942383,19.910736083984375,81447400,MSFT
2007-08-17,28.09000015258789,28.25,27.81999969482422,28.25,20.225744247436523,76747700,MSFT
2007-08-20,28.18000030517578,28.489999771118164,28.079999923706055,28.260000228881836,20.2329044342041,49952000,MSFT
2007-08-21,28.100000381469727,28.31999969482422,27.8700008392334,28.06999969482422,20.096872329711914,50786200,MSFT
2007-08-22,28.270000457763672,28.31999969482422,28.010000228881836,28.219999313354492,20.20427131652832,44763500,MSFT
2007-08-23,28.280000686645508,28.329999923706055,28.100000381469727,28.299999237060547,20.261539459228516,33886600,MSFT
2007-08-24,28.209999084472656,28.84000015258789,28.06999969482422,28.809999465942383,20.62668228149414,45158900,MSFT
2007-08-27,28.610000610351562,28.770000457763672,28.399999618530273,28.489999771118164,20.39757537841797,32789500,MSFT
2007-08-28,28.299999237060547,28.489999771118164,27.90999984741211,27.93000030517578,19.99664306640625,43924400,MSFT
2007-08-29,28.1299991607666,28.610000610351562,27.81999969482422,28.59000015258789,20.469167709350586,45753700,MSFT
2007-08-30,28.420000076293945,28.93000030517578,28.31999969482422,28.450000762939453,20.36894416809082,33690700,MSFT
2007-08-31,28.700000762939453,28.920000076293945,28.360000610351562,28.729999542236328,20.56940269470215,42511900,MSFT
2007-09-04,28.5,29.100000381469727,28.479999542236328,28.809999465942383,20.62668228149414,45689600,MSFT
2007-09-05,28.649999618530273,28.729999542236328,28.420000076293945,28.479999542236328,20.390409469604492,47669800,MSFT
2007-09-06,28.559999465942383,29.010000228881836,28.549999237060547,28.90999984741211,20.698278427124023,45430800,MSFT
2007-09-07,28.6200008392334,28.829999923706055,28.31999969482422,28.440000534057617,20.361780166625977,52160900,MSFT
2007-09-10,28.670000076293945,28.75,28.40999984741211,28.479999542236328,20.390409469604492,37247600,MSFT
2007-09-11,28.6299991607666,28.950000762939453,28.579999923706055,28.93000030517578,20.712589263916016,34380800,MSFT
2007-09-12,28.809999465942383,29.170000076293945,28.799999237060547,28.93000030517578,20.712589263916016,42364700,MSFT
2007-09-13,29.1200008392334,29.260000228881836,28.959999084472656,29.15999984741211,20.87726593017578,35288600,MSFT
2007-09-14,28.979999542236328,29.110000610351562,28.8799991607666,29.040000915527344,20.791357040405273,33496600,MSFT
2007-09-17,28.790000915527344,28.8799991607666,28.6200008392334,28.729999542236328,20.56940269470215,39536500,MSFT
2007-09-18,28.700000762939453,28.969999313354492,28.270000457763672,28.93000030517578,20.712589263916016,77462400,MSFT
2007-09-19,28.8700008392334,28.90999984741211,28.299999237060547,28.670000076293945,20.526445388793945,94242200,MSFT
2007-09-20,28.479999542236328,28.579999923706055,28.34000015258789,28.420000076293945,20.347450256347656,67168900,MSFT
2007-09-21,28.690000534057617,28.809999465942383,28.440000534057617,28.649999618530273,20.51212501525879,135636100,MSFT
2007-09-24,28.809999465942383,29.610000610351562,28.799999237060547,29.079999923706055,20.819990158081055,104459800,MSFT
2007-09-25,29.139999389648438,29.559999465942383,29.110000610351562,29.559999465942383,21.163652420043945,75621000,MSFT
2007-09-26,29.68000030517578,29.850000381469727,29.479999542236328,29.5,21.120681762695312,60337000,MSFT
2007-09-27,29.700000762939453,29.719999313354492,29.440000534057617,29.489999771118164,21.113527297973633,43407100,MSFT
2007-09-28,29.489999771118164,29.690000534057617,29.229999542236328,29.459999084472656,21.09205436706543,45819100,MSFT
2007-10-01,29.459999084472656,29.790000915527344,29.40999984741211,29.770000457763672,21.314002990722656,43875100,MSFT
2007-10-02,29.700000762939453,29.850000381469727,29.56999969482422,29.700000762939453,21.263872146606445,33700900,MSFT
2007-10-03,29.709999084472656,29.850000381469727,29.290000915527344,29.450000762939453,21.08489990234375,37633900,MSFT
2007-10-04,29.559999465942383,29.770000457763672,29.440000534057617,29.709999084472656,21.271045684814453,37868000,MSFT
2007-10-05,29.889999389648438,29.989999771118164,29.729999542236328,29.84000015258789,21.364112854003906,45012300,MSFT
2007-10-08,29.65999984741211,29.850000381469727,29.600000381469727,29.84000015258789,21.364112854003906,30265400,MSFT
2007-10-09,30.030000686645508,30.389999389648438,30.0,30.100000381469727,21.550260543823242,63603100,MSFT
2007-10-10,30.040000915527344,30.3700008392334,30.030000686645508,30.229999542236328,21.643342971801758,32251500,MSFT
2007-10-11,30.299999237060547,30.6299991607666,29.790000915527344,29.90999984741211,21.414234161376953,50788400,MSFT
2007-10-12,30.030000686645508,30.399999618530273,29.950000762939453,30.170000076293945,21.600378036499023,31121100,MSFT
2007-10-15,30.100000381469727,30.329999923706055,30.0,30.040000915527344,21.507307052612305,47150500,MSFT
2007-10-16,30.239999771118164,30.579999923706055,30.229999542236328,30.31999969482422,21.707773208618164,56286200,MSFT
2007-10-17,30.75,31.229999542236328,30.649999618530273,31.079999923706055,22.25189781188965,86092400,MSFT
2007-10-18,31.219999313354492,31.229999542236328,30.6299991607666,31.15999984741211,22.309181213378906,49208600,MSFT
2007-10-19,31.09000015258789,31.09000015258789,30.110000610351562,30.170000076293945,21.600378036499023,75200200,MSFT
2007-10-22,30.1200008392334,30.700000762939453,30.1200008392334,30.510000228881836,21.843801498413086,58785100,MSFT
2007-10-23,30.709999084472656,31.1200008392334,30.709999084472656,30.899999618530273,22.123027801513672,49956200,MSFT
2007-10-24,30.850000381469727,31.299999237060547,30.5,31.25,22.37361717224121,77979200,MSFT
2007-10-25,31.56999969482422,32.220001220703125,31.489999771118164,31.989999771118164,22.90342140197754,169588700,MSFT
2007-10-26,36.0099983215332,36.029998779296875,34.560001373291016,35.029998779296875,25.079919815063477,288121200,MSFT
2007-10-29,34.849998474121094,35.290000915527344,34.45000076293945,34.56999969482422,24.750579833984375,114655600,MSFT
2007-10-30,34.369998931884766,35.59000015258789,34.349998474121094,35.56999969482422,25.466550827026367,107297300,MSFT
2007-10-31,35.52000045776367,37.0,35.5099983215332,36.810001373291016,26.35432243347168,185635800,MSFT
2007-11-01,36.529998779296875,37.4900016784668,36.36000061035156,37.060001373291016,26.533313751220703,152078800,MSFT
2007-11-02,37.220001220703125,37.5,36.41999816894531,37.060001373291016,26.533313751220703,96389800,MSFT
2007-11-05,36.7599983215332,37.099998474121094,36.630001068115234,36.72999954223633,26.29705047607422,75485400,MSFT
2007-11-06,36.59000015258789,36.65999984741211,35.869998931884766,36.40999984741211,26.06793785095215,100966700,MSFT
2007-11-07,36.040000915527344,36.15999984741211,35.45000076293945,35.52000045776367,25.430742263793945,74897800,MSFT
2007-11-08,35.599998474121094,35.900001525878906,34.400001525878906,34.7400016784668,24.872304916381836,133742400,MSFT
2007-11-09,34.18000030517578,34.540000915527344,33.650001525878906,33.72999954223633,24.149179458618164,125136900,MSFT
2007-11-12,33.31999969482422,33.709999084472656,33.02000045776367,33.380001068115234,23.898595809936523,84865200,MSFT
2007-11-13,33.540000915527344,34.66999816894531,33.380001068115234,34.459999084472656,24.75339698791504,104311500,MSFT
2007-11-14,34.619998931884766,34.75,33.75,33.93000030517578,24.372690200805664,84063100,MSFT
2007-11-15,33.7599983215332,34.099998474121094,33.54999923706055,33.7599983215332,24.25057029724121,64014100,MSFT
2007-11-16,33.86000061035156,34.2599983215332,33.709999084472656,34.09000015258789,24.48763084411621,71113800,MSFT
2007-11-19,33.959999084472656,34.2400016784668,33.869998931884766,33.959999084472656,24.39423942565918,63026200,MSFT
2007-11-20,34.22999954223633,34.970001220703125,34.099998474121094,34.58000183105469,24.839601516723633,100009400,MSFT
2007-11-21,34.400001525878906,34.72999954223633,34.18000030517578,34.22999954223633,24.58818817138672,89518700,MSFT
2007-11-23,34.36000061035156,34.439998626708984,33.709999084472656,34.11000061035156,24.50200080871582,33467200,MSFT
2007-11-26,34.09000015258789,34.369998931884766,32.93000030517578,32.970001220703125,23.683101654052734,80335000,MSFT
2007-11-27,33.27000045776367,33.599998474121094,32.68000030517578,33.060001373291016,23.747751235961914,84178400,MSFT
2007-11-28,33.380001068115234,33.88999938964844,32.900001525878906,33.70000076293945,24.20747947692871,88585000,MSFT
2007-11-29,33.58000183105469,33.93000030517578,33.310001373291016,33.59000015258789,24.128463745117188,53633600,MSFT
2007-11-30,33.91999816894531,34.119998931884766,33.189998626708984,33.599998474121094,24.13564109802246,71027800,MSFT
2007-12-03,33.5,33.63999938964844,32.68000030517578,32.91999816894531,23.647188186645508,61770600,MSFT
2007-12-04,32.7400016784668,33.2400016784668,32.630001068115234,32.77000045776367,23.5394344329834,54801500,MSFT
2007-12-05,33.13999938964844,34.52000045776367,33.029998779296875,34.150001525878906,24.530725479125977,84894700,MSFT
2007-12-06,34.2599983215332,34.61000061035156,33.869998931884766,34.54999923706055,24.818056106567383,49209700,MSFT
2007-12-07,34.61000061035156,34.70000076293945,34.220001220703125,34.529998779296875,24.803693771362305,40771000,MSFT
2007-12-10,34.63999938964844,34.95000076293945,34.470001220703125,34.7599983215332,24.968896865844727,36083500,MSFT
2007-12-11,34.72999954223633,34.9900016784668,33.93000030517578,34.099998474121094,24.49480438232422,55070700,MSFT
2007-12-12,34.61000061035156,35.09000015258789,33.93000030517578,34.470001220703125,24.760589599609375,63345400,MSFT
2007-12-13,34.47999954223633,35.45000076293945,34.279998779296875,35.220001220703125,25.29932975769043,73913200,MSFT
2007-12-14,35.04999923706055,35.84000015258789,35.0099983215332,35.310001373291016,25.36397933959961,71126200,MSFT
2007-12-17,35.029998779296875,35.130001068115234,34.36000061035156,34.38999938964844,24.7031192779541,58121200,MSFT
2007-12-18,34.63999938964844,35.0,34.209999084472656,34.7400016784668,24.954538345336914,52791800,MSFT
2007-12-19,34.689998626708984,35.13999938964844,34.380001068115234,34.790000915527344,24.990453720092773,58469100,MSFT
2007-12-20,35.290000915527344,35.790000915527344,35.08000183105469,35.52000045776367,25.51482391357422,59345000,MSFT
2007-12-21,35.900001525878906,36.060001373291016,35.75,36.060001373291016,25.902713775634766,83240500,MSFT
2007-12-24,36.130001068115234,36.720001220703125,36.04999923706055,36.58000183105469,26.276241302490234,29622600,MSFT
2007-12-26,36.40999984741211,36.63999938964844,36.2599983215332,36.61000061035156,26.297779083251953,30252400,MSFT
2007-12-27,36.349998474121094,36.54999923706055,35.939998626708984,35.970001220703125,25.838071823120117,33311100,MSFT
2007-12-28,36.099998474121094,36.22999954223633,35.66999816894531,36.119998931884766,25.94581413269043,33447200,MSFT
2007-12-31,35.900001525878906,35.9900016784668,35.52000045776367,35.599998474121094,25.5722713470459,35229700,MSFT
2008-01-02,35.790000915527344,35.959999084472656,35.0,35.220001220703125,25.29932975769043,63004200,MSFT
2008-01-03,35.220001220703125,35.650001525878906,34.86000061035156,35.369998931884766,25.407068252563477,49599600,MSFT
2008-01-04,35.189998626708984,35.20000076293945,34.09000015258789,34.380001068115234,24.695940017700195,72090800,MSFT
2008-01-07,34.54999923706055,34.79999923706055,34.25,34.61000061035156,24.861160278320312,80164300,MSFT
2008-01-08,34.709999084472656,34.709999084472656,33.400001525878906,33.45000076293945,24.027894973754883,79148300,MSFT
2008-01-09,33.36000061035156,34.540000915527344,33.349998474121094,34.439998626708984,24.739030838012695,74305500,MSFT
2008-01-10,34.349998474121094,34.5,33.779998779296875,34.33000183105469,24.660017013549805,72446000,MSFT
2008-01-11,34.13999938964844,34.2400016784668,33.720001220703125,33.90999984741211,24.35832977294922,55187900,MSFT
2008-01-14,34.459999084472656,34.56999969482422,34.08000183105469,34.38999938964844,24.7031192779541,52792200,MSFT
2008-01-15,34.029998779296875,34.380001068115234,34.0,34.0,24.4229679107666,61606200,MSFT
2008-01-16,33.41999816894531,33.650001525878906,32.5099983215332,33.22999954223633,23.869871139526367,120778500,MSFT
2008-01-17,33.540000915527344,33.79999923706055,32.970001220703125,33.11000061035156,23.78367042541504,94247800,MSFT
2008-01-18,33.15999984741211,34.0,32.970001220703125,33.0099983215332,23.711824417114258,117062000,MSFT
2008-01-22,31.540000915527344,32.529998779296875,31.5,31.959999084472656,22.957599639892578,108521400,MSFT
2008-01-23,31.479999542236328,32.04999923706055,31.040000915527344,31.93000030517578,22.936044692993164,137597400,MSFT
2008-01-24,32.349998474121094,33.36000061035156,32.119998931884766,33.25,23.884241104125977,155640400,MSFT
2008-01-25,34.900001525878906,35.0,32.869998931884766,32.939998626708984,23.661544799804688,196992300,MSFT
2008-01-28,33.02000045776367,33.099998474121094,32.41999816894531,32.720001220703125,23.503511428833008,81019000,MSFT
2008-01-29,32.849998474121094,32.88999938964844,32.349998474121094,32.599998474121094,23.417314529418945,68023000,MSFT
2008-01-30,32.560001373291016,32.79999923706055,32.04999923706055,32.20000076293945,23.12999725341797,106432600,MSFT
2008-01-31,31.90999984741211,32.7400016784668,31.719999313354492,32.599998474121094,23.417314529418945,103642200,MSFT
2008-02-01,31.059999465942383,33.25,30.25,30.450000762939453,21.872936248779297,291138900,MSFT
2008-02-04,30.489999771118164,30.719999313354492,30.110000610351562,30.190000534057617,21.6861629486084,119998600,MSFT
2008-02-05,29.90999984741211,29.940000534057617,28.889999389648438,29.06999969482422,20.881643295288086,137534100,MSFT
2008-02-06,29.280000686645508,29.350000381469727,28.290000915527344,28.520000457763672,20.486568450927734,138315600,MSFT
2008-02-07,28.34000015258789,28.780000686645508,27.899999618530273,28.1200008392334,20.19923210144043,164964900,MSFT
2008-02-08,28.290000915527344,29.079999923706055,28.239999771118164,28.559999465942383,20.51529312133789,124872000,MSFT
2008-02-11,28.520000457763672,28.610000610351562,27.90999984741211,28.209999084472656,20.26388168334961,156814100,MSFT
2008-02-12,28.43000030517578,28.6200008392334,28.110000610351562,28.34000015258789,20.35727310180664,84365900,MSFT
2008-02-13,28.6200008392334,29.049999237060547,28.530000686645508,28.959999084472656,20.802627563476562,88986200,MSFT
2008-02-14,28.8799991607666,29.040000915527344,28.459999084472656,28.5,20.47220230102539,69113500,MSFT
2008-02-15,28.309999465942383,28.639999389648438,28.25,28.420000076293945,20.414731979370117,68166100,MSFT
2008-02-19,28.799999237060547,28.84000015258789,28.06999969482422,28.170000076293945,20.313779830932617,68261200,MSFT
2008-02-20,28.149999618530273,28.260000228881836,27.920000076293945,28.219999313354492,20.34983253479004,93056200,MSFT
2008-02-21,28.6200008392334,28.959999084472656,27.959999084472656,28.100000381469727,20.263294219970703,98776500,MSFT
2008-02-22,28.239999771118164,28.389999389648438,27.200000762939453,27.68000030517578,19.960432052612305,125705400,MSFT
2008-02-25,27.649999618530273,28.239999771118164,27.479999542236328,27.84000015258789,20.075803756713867,109974300,MSFT
2008-02-26,27.739999771118164,28.860000610351562,27.670000076293945,28.3799991607666,20.4652042388916,108923500,MSFT
2008-02-27,28.190000534057617,28.68000030517578,28.100000381469727,28.260000228881836,20.378677368164062,75199500,MSFT
2008-02-28,28.020000457763672,28.270000457763672,27.799999237060547,27.93000030517578,20.140718460083008,83002900,MSFT
2008-02-29,27.690000534057617,27.829999923706055,27.020000457763672,27.200000762939453,19.614299774169922,117411400,MSFT
2008-03-03,27.239999771118164,27.389999389648438,26.8700008392334,26.989999771118164,19.462858200073242,76544300,MSFT
2008-03-04,27.020000457763672,27.6299991607666,26.959999084472656,27.59000015258789,19.895530700683594,86925600,MSFT
2008-03-05,27.75,28.40999984741211,27.700000762939453,28.1200008392334,20.27771759033203,106489800,MSFT
2008-03-06,28.059999465942383,28.170000076293945,27.5,27.56999969482422,19.881107330322266,91127700,MSFT
2008-03-07,27.34000015258789,28.06999969482422,27.31999969482422,27.8700008392334,20.097440719604492,77597600,MSFT
2008-03-10,27.829999923706055,28.260000228881836,27.75,28.049999237060547,20.22724151611328,72175100,MSFT
2008-03-11,28.399999618530273,29.34000015258789,28.3799991607666,29.280000686645508,21.114208221435547,98740700,MSFT
2008-03-12,29.43000030517578,29.489999771118164,28.540000915527344,28.6299991607666,20.64548683166504,75993800,MSFT
2008-03-13,28.540000915527344,28.989999771118164,28.15999984741211,28.6200008392334,20.638273239135742,84552200,MSFT
2008-03-14,28.719999313354492,29.010000228881836,27.639999389648438,27.959999084472656,20.162342071533203,105214900,MSFT
2008-03-17,27.299999237060547,28.729999542236328,27.280000686645508,28.299999237060547,20.407522201538086,84490100,MSFT
2008-03-18,28.670000076293945,29.479999542236328,28.670000076293945,29.420000076293945,21.215173721313477,83695300,MSFT
2008-03-19,29.3799991607666,29.59000015258789,28.6200008392334,28.6200008392334,20.638273239135742,61442100,MSFT
2008-03-20,28.739999771118164,29.219999313354492,28.59000015258789,29.18000030517578,21.042102813720703,60170200,MSFT
2008-03-24,29.329999923706055,29.399999618530273,29.059999465942383,29.170000076293945,21.034883499145508,48294700,MSFT
2008-03-25,29.329999923706055,29.3700008392334,28.940000534057617,29.139999389648438,21.01325225830078,49149000,MSFT
2008-03-26,29.030000686645508,29.06999969482422,28.3799991607666,28.559999465942383,20.595008850097656,45868100,MSFT
2008-03-27,28.479999542236328,28.489999771118164,28.0,28.049999237060547,20.22724151611328,47894400,MSFT
2008-03-28,28.229999542236328,28.43000030517578,27.829999923706055,27.90999984741211,20.126285552978516,49244000,MSFT
2008-03-31,27.8799991607666,28.59000015258789,27.84000015258789,28.3799991607666,20.4652042388916,46780600,MSFT
2008-04-01,28.829999923706055,29.540000915527344,28.6299991607666,29.5,21.272855758666992,65796200,MSFT
2008-04-02,29.56999969482422,29.579999923706055,29.0,29.15999984741211,21.02767562866211,49499400,MSFT
2008-04-03,29.0,29.31999969482422,28.799999237060547,29.0,20.91229820251465,38961400,MSFT
2008-04-04,29.1299991607666,29.260000228881836,28.739999771118164,29.15999984741211,21.02767562866211,43860800,MSFT
2008-04-07,29.549999237060547,29.59000015258789,29.030000686645508,29.15999984741211,21.02767562866211,44428600,MSFT
2008-04-08,28.940000534057617,29.0,28.540000915527344,28.75,20.732019424438477,44733500,MSFT
2008-04-09,28.719999313354492,29.040000915527344,28.540000915527344,28.889999389648438,20.83297348022461,45839300,MSFT
2008-04-10,28.829999923706055,29.399999618530273,28.799999237060547,29.110000610351562,20.991622924804688,65591600,MSFT
2008-04-11,28.8700008392334,29.010000228881836,28.209999084472656,28.280000686645508,20.393095016479492,54373700,MSFT
2008-04-14,28.239999771118164,28.309999465942383,27.93000030517578,28.059999465942383,20.234445571899414,43418100,MSFT
2008-04-15,28.1200008392334,28.479999542236328,28.030000686645508,28.25,20.371461868286133,34310000,MSFT
2008-04-16,28.56999969482422,29.049999237060547,28.3799991607666,28.950000762939453,20.87625503540039,54107400,MSFT
2008-04-17,29.1200008392334,29.34000015258789,28.899999618530273,29.219999313354492,21.070945739746094,48743300,MSFT
2008-04-18,30.010000228881836,30.100000381469727,29.610000610351562,30.0,21.633413314819336,73658900,MSFT
2008-04-21,30.190000534057617,30.600000381469727,30.1200008392334,30.420000076293945,21.936277389526367,54411700,MSFT
2008-04-22,30.639999389648438,30.700000762939453,29.969999313354492,30.25,21.81369400024414,67387500,MSFT
2008-04-23,30.450000762939453,31.459999084472656,30.299999237060547,31.450000762939453,22.679027557373047,98351500,MSFT
2008-04-24,31.6299991607666,32.099998474121094,31.15999984741211,31.799999237060547,22.931411743164062,115416700,MSFT
2008-04-25,30.049999237060547,30.389999389648438,29.600000381469727,29.829999923706055,21.510822296142578,145194900,MSFT
2008-04-28,29.799999237060547,29.84000015258789,28.81999969482422,28.989999771118164,20.90508460998535,97473000,MSFT
2008-04-29,28.799999237060547,28.899999618530273,28.450000762939453,28.639999389648438,20.652698516845703,84428900,MSFT
2008-04-30,28.739999771118164,29.209999084472656,28.510000228881836,28.520000457763672,20.566160202026367,74733600,MSFT
2008-05-01,28.5,29.489999771118164,28.479999542236328,29.399999618530273,21.200740814208984,71699400,MSFT
2008-05-02,29.59000015258789,29.6200008392334,28.860000610351562,29.239999771118164,21.085378646850586,66024200,MSFT
2008-05-05,29.93000030517578,30.229999542236328,28.989999771118164,29.079999923706055,20.969985961914062,119687700,MSFT
2008-05-06,29.0,29.860000610351562,28.93000030517578,29.700000762939453,21.417078018188477,93582000,MSFT
2008-05-07,29.690000534057617,30.139999389648438,29.079999923706055,29.209999084472656,21.06374168395996,88775000,MSFT
2008-05-08,29.280000686645508,29.389999389648438,29.0,29.270000457763672,21.107004165649414,69589900,MSFT
2008-05-09,29.209999084472656,29.549999237060547,28.950000762939453,29.389999389648438,21.19353485107422,51621200,MSFT
2008-05-12,29.399999618530273,30.059999465942383,29.350000381469727,29.989999771118164,21.626203536987305,64278800,MSFT
2008-05-13,30.0,30.1299991607666,29.530000686645508,29.780000686645508,21.553831100463867,70934700,MSFT
2008-05-14,29.889999389648438,30.260000228881836,29.729999542236328,29.93000030517578,21.662385940551758,66730400,MSFT
2008-05-15,29.979999542236328,30.530000686645508,29.940000534057617,30.450000762939453,22.03875160217285,53355800,MSFT
2008-05-16,30.469999313354492,30.479999542236328,29.920000076293945,29.989999771118164,21.7058162689209,81538200,MSFT
2008-05-19,29.8700008392334,29.889999389648438,29.309999465942383,29.459999084472656,21.322221755981445,59615000,MSFT
2008-05-20,29.299999237060547,29.309999465942383,28.6299991607666,28.760000228881836,20.815584182739258,75767600,MSFT
2008-05-21,28.809999465942383,29.049999237060547,28.190000534057617,28.25,20.446456909179688,60125100,MSFT
2008-05-22,28.280000686645508,28.700000762939453,28.18000030517578,28.469999313354492,20.60568618774414,52203100,MSFT
2008-05-23,28.260000228881836,28.329999923706055,27.950000762939453,28.049999237060547,20.301706314086914,48890700,MSFT
2008-05-27,28.110000610351562,28.5,28.049999237060547,28.440000534057617,20.583980560302734,47334500,MSFT
2008-05-28,28.559999465942383,28.56999969482422,28.040000915527344,28.18000030517578,20.395801544189453,52318500,MSFT
2008-05-29,28.209999084472656,28.68000030517578,28.139999389648438,28.309999465942383,20.489885330200195,47699200,MSFT
2008-05-30,28.3799991607666,28.700000762939453,28.200000762939453,28.31999969482422,20.49712371826172,63399200,MSFT
2008-06-02,28.239999771118164,28.360000610351562,27.549999237060547,27.799999237060547,20.120765686035156,77028400,MSFT
2008-06-03,27.90999984741211,28.309999465942383,27.270000457763672,27.309999465942383,19.7661190032959,86616700,MSFT
2008-06-04,27.280000686645508,27.639999389648438,27.200000762939453,27.540000915527344,19.93258285522461,79567400,MSFT
2008-06-05,27.719999313354492,28.299999237060547,27.600000381469727,28.299999237060547,20.482650756835938,76063400,MSFT
2008-06-06,27.989999771118164,28.170000076293945,27.489999771118164,27.489999771118164,19.896400451660156,78500800,MSFT
2008-06-09,27.649999618530273,27.90999984741211,27.299999237060547,27.709999084472656,20.055627822875977,66787100,MSFT
2008-06-10,27.360000610351562,28.290000915527344,27.31999969482422,27.889999389648438,20.185903549194336,77433900,MSFT
2008-06-11,27.850000381469727,27.940000534057617,27.110000610351562,27.1200008392334,19.62860107421875,59330800,MSFT
2008-06-12,27.399999618530273,28.549999237060547,27.190000534057617,28.239999771118164,20.439226150512695,113996300,MSFT
2008-06-13,28.6299991607666,29.56999969482422,28.5,29.06999969482422,21.039949417114258,131969100,MSFT
2008-06-16,29.020000457763672,29.110000610351562,28.639999389648438,28.93000030517578,20.93861198425293,74718900,MSFT
2008-06-17,29.040000915527344,29.1200008392334,28.790000915527344,28.799999237060547,20.84453010559082,44256700,MSFT
2008-06-18,28.549999237060547,28.860000610351562,28.459999084472656,28.459999084472656,20.59844970703125,49677800,MSFT
2008-06-19,28.549999237060547,29.190000534057617,28.329999923706055,28.93000030517578,20.93861198425293,62037800,MSFT
2008-06-20,28.899999618530273,28.920000076293945,28.100000381469727,28.229999542236328,20.431983947753906,97480400,MSFT
2008-06-23,28.299999237060547,28.40999984741211,27.790000915527344,27.969999313354492,20.243804931640625,57145300,MSFT
2008-06-24,27.920000076293945,28.010000228881836,27.510000228881836,27.729999542236328,20.070104598999023,65218300,MSFT
2008-06-25,27.809999465942383,28.670000076293945,27.760000228881836,28.350000381469727,20.51883888244629,64280200,MSFT
2008-06-26,28.030000686645508,28.200000762939453,27.75,27.75,20.084579467773438,67049100,MSFT
2008-06-27,27.68000030517578,27.90999984741211,27.459999084472656,27.6299991607666,19.99772834777832,73450200,MSFT
2008-06-30,27.729999542236328,27.979999542236328,27.489999771118164,27.510000228881836,19.910877227783203,57830500,MSFT
2008-07-01,27.270000457763672,27.3799991607666,26.440000534057617,26.8700008392334,19.447660446166992,100327800,MSFT
2008-07-02,26.899999618530273,27.0,25.8799991607666,25.8799991607666,18.73112678527832,84669000,MSFT
2008-07-03,25.969999313354492,26.100000381469727,25.600000381469727,25.979999542236328,18.80350112915039,37074500,MSFT
2008-07-07,26.110000610351562,26.389999389648438,25.450000762939453,26.030000686645508,18.83969497680664,71527600,MSFT
2008-07-08,25.93000030517578,26.200000762939453,25.510000228881836,25.850000381469727,18.709413528442383,65553200,MSFT
2008-07-09,25.790000915527344,25.850000381469727,25.18000030517578,25.229999542236328,18.260677337646484,54255800,MSFT
2008-07-10,25.200000762939453,25.670000076293945,24.979999542236328,25.450000762939453,18.419910430908203,57830600,MSFT
2008-07-11,25.15999984741211,25.639999389648438,24.8700008392334,25.25,18.27515411376953,69532600,MSFT
2008-07-14,25.479999542236328,25.809999465942383,25.06999969482422,25.149999618530273,18.202781677246094,51216200,MSFT
2008-07-15,24.93000030517578,26.639999389648438,24.93000030517578,26.149999618530273,18.926544189453125,92719300,MSFT
2008-07-16,26.1299991607666,27.290000915527344,25.920000076293945,27.260000228881836,19.729934692382812,82060400,MSFT
2008-07-17,27.579999923706055,27.90999984741211,27.110000610351562,27.520000457763672,19.918113708496094,96526100,MSFT
2008-07-18,26.360000610351562,26.469999313354492,25.110000610351562,25.860000610351562,18.716663360595703,150277000,MSFT
2008-07-21,25.65999984741211,26.170000076293945,25.530000686645508,25.639999389648438,18.557424545288086,77575600,MSFT
2008-07-22,25.540000915527344,25.940000534057617,25.479999542236328,25.799999237060547,18.673233032226562,88657200,MSFT
2008-07-23,25.860000610351562,26.84000015258789,25.850000381469727,26.43000030517578,19.12920379638672,79408800,MSFT
2008-07-24,26.09000015258789,26.170000076293945,25.440000534057617,25.440000534057617,18.412673950195312,81092600,MSFT
2008-07-25,25.639999389648438,26.219999313354492,25.5,26.15999984741211,18.93378448486328,58682300,MSFT
2008-07-28,26.059999465942383,26.110000610351562,25.34000015258789,25.5,18.456100463867188,59707800,MSFT
2008-07-29,25.520000457763672,26.190000534057617,25.399999618530273,26.110000610351562,18.897600173950195,66368200,MSFT
2008-07-30,26.200000762939453,26.489999771118164,25.899999618530273,26.229999542236328,18.984447479248047,51977700,MSFT
2008-07-31,25.850000381469727,26.280000686645508,25.709999084472656,25.719999313354492,18.615324020385742,60461000,MSFT
2008-08-01,25.920000076293945,25.950000762939453,25.06999969482422,25.440000534057617,18.412673950195312,82720200,MSFT
2008-08-04,25.389999389648438,25.549999237060547,25.110000610351562,25.280000686645508,18.296865463256836,60588300,MSFT
2008-08-05,25.639999389648438,26.280000686645508,25.5,26.209999084472656,18.969972610473633,84297600,MSFT
2008-08-06,26.729999542236328,27.15999984741211,26.3799991607666,27.020000457763672,19.556228637695312,95550000,MSFT
2008-08-07,26.899999618530273,27.75,26.729999542236328,27.389999389648438,19.824020385742188,82565800,MSFT
2008-08-08,27.350000381469727,28.229999542236328,27.190000534057617,28.1299991607666,20.35961151123047,80814100,MSFT
2008-08-11,27.860000610351562,28.399999618530273,27.65999984741211,27.899999618530273,20.193140029907227,68743800,MSFT
2008-08-12,27.780000686645508,28.360000610351562,27.579999923706055,28.1200008392334,20.352367401123047,62813000,MSFT
2008-08-13,28.06999969482422,28.5,27.760000228881836,27.90999984741211,20.20037841796875,51165200,MSFT
2008-08-14,27.81999969482422,28.280000686645508,27.559999465942383,27.90999984741211,20.20037841796875,49732300,MSFT
2008-08-15,27.979999542236328,28.149999618530273,27.579999923706055,27.809999465942383,20.128000259399414,47267400,MSFT
2008-08-18,27.780000686645508,28.049999237060547,27.549999237060547,27.690000534057617,20.041156768798828,38078200,MSFT
2008-08-19,27.540000915527344,27.75,27.270000457763672,27.31999969482422,19.852216720581055,40332900,MSFT
2008-08-20,27.540000915527344,27.579999923706055,27.170000076293945,27.290000915527344,19.830415725708008,41497200,MSFT
2008-08-21,27.100000381469727,27.229999542236328,26.860000610351562,27.18000030517578,19.750484466552734,43614200,MSFT
2008-08-22,27.229999542236328,27.8799991607666,27.219999313354492,27.84000015258789,20.230077743530273,47930400,MSFT
2008-08-25,27.610000610351562,27.84000015258789,27.459999084472656,27.65999984741211,20.099281311035156,51381300,MSFT
2008-08-26,27.579999923706055,27.719999313354492,27.170000076293945,27.270000457763672,19.815885543823242,44774400,MSFT
2008-08-27,27.34000015258789,27.790000915527344,27.1299991607666,27.559999465942383,20.026611328125,33975300,MSFT
2008-08-28,27.610000610351562,28.010000228881836,27.600000381469727,27.940000534057617,20.302749633789062,48372600,MSFT
2008-08-29,27.68000030517578,27.780000686645508,27.290000915527344,27.290000915527344,19.830415725708008,50735500,MSFT
2008-09-02,27.670000076293945,27.760000228881836,27.059999465942383,27.100000381469727,19.692359924316406,66079200,MSFT
2008-09-03,27.0,27.18000030517578,26.84000015258789,26.899999618530273,19.54703140258789,57127700,MSFT
2008-09-04,26.739999771118164,26.889999389648438,26.350000381469727,26.350000381469727,19.147367477416992,66141900,MSFT
2008-09-05,26.030000686645508,26.219999313354492,25.6299991607666,25.649999618530273,18.63869857788086,82305200,MSFT
2008-09-08,26.209999084472656,26.329999923706055,25.670000076293945,26.1200008392334,18.980239868164062,62110800,MSFT
2008-09-09,26.200000762939453,26.600000381469727,26.049999237060547,26.100000381469727,18.9656925201416,85735700,MSFT
2008-09-10,26.520000457763672,26.860000610351562,26.25,26.440000534057617,19.212766647338867,75064900,MSFT
2008-09-11,26.100000381469727,27.459999084472656,26.030000686645508,27.34000015258789,19.866758346557617,72913300,MSFT
2008-09-12,27.139999389648438,27.739999771118164,26.940000534057617,27.6200008392334,20.070220947265625,75628500,MSFT
2008-09-15,26.920000076293945,27.489999771118164,26.729999542236328,26.81999969482422,19.488895416259766,82349400,MSFT
2008-09-16,26.09000015258789,26.489999771118164,25.520000457763672,25.989999771118164,18.885772705078125,111729700,MSFT
2008-09-17,25.729999542236328,25.8700008392334,24.5,24.56999969482422,17.85391616821289,106972100,MSFT
2008-09-18,24.799999237060547,25.350000381469727,24.010000228881836,25.260000228881836,18.355310440063477,132291300,MSFT
2008-09-19,26.3700008392334,26.399999618530273,23.5,25.15999984741211,18.28264045715332,134926100,MSFT
2008-09-22,26.219999313354492,26.31999969482422,25.31999969482422,25.399999618530273,18.457046508789062,105207700,MSFT
2008-09-23,25.65999984741211,26.170000076293945,25.34000015258789,25.440000534057617,18.48611068725586,92181300,MSFT
2008-09-24,25.579999923706055,26.09000015258789,25.459999084472656,25.719999313354492,18.6895694732666,80250300,MSFT
2008-09-25,25.81999969482422,26.8799991607666,25.739999771118164,26.610000610351562,19.336292266845703,96203500,MSFT
2008-09-26,26.170000076293945,27.559999465942383,26.139999389648438,27.399999618530273,19.910350799560547,100744300,MSFT
2008-09-29,26.940000534057617,27.65999984741211,25.010000228881836,25.010000228881836,18.173646926879883,134383100,MSFT
2008-09-30,25.770000457763672,26.690000534057617,25.540000915527344,26.690000534057617,19.39442253112793,107192700,MSFT
2008-10-01,26.3799991607666,26.989999771118164,26.280000686645508,26.479999542236328,19.241825103759766,88957000,MSFT
2008-10-02,26.18000030517578,26.530000686645508,25.700000762939453,26.25,19.074697494506836,93819800,MSFT
2008-10-03,26.3700008392334,27.469999313354492,26.239999771118164,26.31999969482422,19.125560760498047,114289400,MSFT
2008-10-06,25.6299991607666,25.989999771118164,24.139999389648438,24.90999984741211,18.100980758666992,146374600,MSFT
2008-10-07,24.979999542236328,25.209999084472656,23.139999389648438,23.229999542236328,16.88019371032715,145941200,MSFT
2008-10-08,22.899999618530273,24.299999237060547,22.5,23.010000228881836,16.720338821411133,171598600,MSFT
2008-10-09,23.770000457763672,23.90999984741211,22.06999969482422,22.299999237060547,16.204410552978516,131948700,MSFT
2008-10-10,21.790000915527344,22.350000381469727,20.649999618530273,21.5,15.623085021972656,228467500,MSFT
2008-10-13,22.860000610351562,25.5,22.6299991607666,25.5,18.529706954956055,144935400,MSFT
2008-10-14,25.639999389648438,25.729999542236328,23.600000381469727,24.100000381469727,17.512392044067383,165674900,MSFT
2008-10-15,23.780000686645508,24.25,22.479999542236328,22.65999984741211,16.46599769592285,113280200,MSFT
2008-10-16,22.940000534057617,24.190000534057617,21.309999465942383,24.190000534057617,17.577787399291992,161147800,MSFT
2008-10-17,23.56999969482422,25.110000610351562,23.309999465942383,23.93000030517578,17.388853073120117,133673100,MSFT
2008-10-20,24.200000762939453,24.75,23.010000228881836,24.719999313354492,17.96291160583496,93484300,MSFT
2008-10-21,24.299999237060547,25.010000228881836,23.270000457763672,23.360000610351562,16.974668502807617,100385600,MSFT
2008-10-22,23.040000915527344,23.059999465942383,20.899999618530273,21.530000686645508,15.644888877868652,150054800,MSFT
2008-10-23,21.549999237060547,22.59000015258789,20.889999389648438,22.31999969482422,16.21894645690918,154774100,MSFT
2008-10-24,21.059999465942383,22.860000610351562,20.950000762939453,21.959999084472656,15.95734691619873,153919700,MSFT
2008-10-27,21.670000076293945,21.959999084472656,21.020000457763672,21.18000030517578,15.390551567077637,117683900,MSFT
2008-10-28,21.639999389648438,23.209999084472656,21.34000015258789,23.100000381469727,16.785734176635742,134088800,MSFT
2008-10-29,23.1299991607666,23.969999313354492,22.700000762939453,23.0,16.713069915771484,111701800,MSFT
2008-10-30,23.690000534057617,23.8799991607666,22.389999389648438,22.6299991607666,16.44420623779297,95323000,MSFT
2008-10-31,22.530000686645508,22.90999984741211,22.1200008392334,22.329999923706055,16.226215362548828,93055200,MSFT
2008-11-03,22.479999542236328,22.90999984741211,22.209999084472656,22.6200008392334,16.436941146850586,61923500,MSFT
2008-11-04,23.1299991607666,23.65999984741211,22.8700008392334,23.530000686645508,17.09819793701172,72123000,MSFT
2008-11-05,23.329999923706055,23.34000015258789,22.049999237060547,22.079999923706055,16.044546127319336,81179700,MSFT
2008-11-06,21.8700008392334,22.079999923706055,20.860000610351562,20.8799991607666,15.172557830810547,95509700,MSFT
2008-11-07,21.31999969482422,21.540000915527344,21.0,21.5,15.623085021972656,71256300,MSFT
2008-11-10,21.850000381469727,21.969999313354492,21.190000534057617,21.299999237060547,15.477755546569824,67106800,MSFT
2008-11-11,21.290000915527344,21.299999237060547,20.790000915527344,21.200000762939453,15.405085563659668,78014500,MSFT
2008-11-12,20.889999389648438,21.0,20.280000686645508,20.299999237060547,14.751094818115234,90162300,MSFT
2008-11-13,20.149999618530273,21.25,18.739999771118164,21.25,15.441420555114746,148413700,MSFT
2008-11-14,20.559999465942383,21.34000015258789,19.649999618530273,20.059999465942383,14.576700210571289,96624500,MSFT
2008-11-17,19.739999771118164,20.239999771118164,19.149999618530273,19.31999969482422,14.038979530334473,97289000,MSFT
2008-11-18,19.5,19.65999984741211,18.75,19.6200008392334,14.353557586669922,108966500,MSFT
2008-11-19,19.6299991607666,19.950000762939453,18.25,18.290000915527344,13.380561828613281,103010500,MSFT
2008-11-20,18.1200008392334,18.84000015258789,17.5,17.530000686645508,12.824563026428223,139532800,MSFT
2008-11-21,18.020000457763672,19.700000762939453,17.979999542236328,19.68000030517578,14.39745044708252,157231900,MSFT
2008-11-24,19.889999389648438,20.940000534057617,19.8700008392334,20.690000534057617,15.136346817016602,125289900,MSFT
2008-11-25,20.860000610351562,20.93000030517578,19.549999237060547,19.989999771118164,14.624236106872559,92948100,MSFT
2008-11-26,19.729999542236328,20.68000030517578,19.729999542236328,20.489999771118164,14.990025520324707,79678300,MSFT
2008-11-28,20.229999542236328,20.309999465942383,20.020000457763672,20.219999313354492,14.792498588562012,28650800,MSFT
2008-12-01,19.8799991607666,19.950000762939453,18.600000381469727,18.610000610351562,13.614660263061523,79639900,MSFT
2008-12-02,18.989999771118164,19.309999465942383,18.559999465942383,19.149999618530273,14.009719848632812,79689800,MSFT
2008-12-03,18.649999618530273,19.899999618530273,18.600000381469727,19.8700008392334,14.536453247070312,80961500,MSFT
2008-12-04,19.399999618530273,19.920000076293945,18.790000915527344,19.110000610351562,13.980450630187988,78719200,MSFT
2008-12-05,18.90999984741211,19.979999542236328,18.469999313354492,19.8700008392334,14.536453247070312,91996200,MSFT
2008-12-08,20.350000381469727,21.25,20.139999389648438,21.010000228881836,15.370448112487793,107225000,MSFT
2008-12-09,20.6200008392334,21.25,20.459999084472656,20.600000381469727,15.070500373840332,80484900,MSFT
2008-12-10,20.81999969482422,20.959999084472656,20.299999237060547,20.610000610351562,15.077820777893066,61499000,MSFT
2008-12-11,20.110000610351562,20.1200008392334,19.309999465942383,19.450000762939453,14.229192733764648,83564300,MSFT
2008-12-12,19.149999618530273,19.850000381469727,18.700000762939453,19.360000610351562,14.163348197937012,78112600,MSFT
2008-12-15,19.34000015258789,19.440000534057617,18.889999389648438,19.040000915527344,13.929244041442871,59925900,MSFT
2008-12-16,19.209999084472656,20.18000030517578,19.0,20.110000610351562,14.712030410766602,97688700,MSFT
2008-12-17,19.809999465942383,20.049999237060547,19.5,19.65999984741211,14.38281536102295,78922700,MSFT
2008-12-18,19.860000610351562,20.020000457763672,18.989999771118164,19.299999237060547,14.119454383850098,80759200,MSFT
2008-12-19,19.420000076293945,19.799999237060547,19.110000610351562,19.1200008392334,13.987765312194824,113530400,MSFT
2008-12-22,19.239999771118164,19.290000915527344,18.889999389648438,19.18000030517578,14.031659126281738,58575400,MSFT
2008-12-23,19.280000686645508,19.56999969482422,19.010000228881836,19.280000686645508,14.104818344116211,47511400,MSFT
2008-12-24,19.260000228881836,19.450000762939453,19.100000381469727,19.170000076293945,14.024348258972168,16880400,MSFT
2008-12-26,19.200000762939453,19.329999923706055,19.09000015258789,19.1299991607666,13.995080947875977,23101000,MSFT
2008-12-29,19.149999618530273,19.209999084472656,18.639999389648438,18.959999084472656,13.87071418762207,58512800,MSFT
2008-12-30,19.010000228881836,19.489999771118164,19.0,19.34000015258789,14.148713111877441,43224100,MSFT
2008-12-31,19.309999465942383,19.68000030517578,19.270000457763672,19.440000534057617,14.221869468688965,46419000,MSFT
2009-01-02,19.530000686645508,20.399999618530273,19.3700008392334,20.329999923706055,14.872976303100586,50084000,MSFT
2009-01-05,20.200000762939453,20.670000076293945,20.059999465942383,20.520000457763672,15.011981010437012,61475200,MSFT
2009-01-06,20.75,21.0,20.610000610351562,20.760000228881836,15.187551498413086,58083400,MSFT
2009-01-07,20.190000534057617,20.290000915527344,19.479999542236328,19.510000228881836,14.273080825805664,72709900,MSFT
2009-01-08,19.6299991607666,20.190000534057617,19.549999237060547,20.1200008392334,14.719346046447754,70255400,MSFT
2009-01-09,20.170000076293945,20.299999237060547,19.40999984741211,19.520000457763672,14.280401229858398,49815300,MSFT
2009-01-12,19.709999084472656,19.790000915527344,19.299999237060547,19.469999313354492,14.243814468383789,52163500,MSFT
2009-01-13,19.520000457763672,19.989999771118164,19.520000457763672,19.81999969482422,14.499870300292969,65843500,MSFT
2009-01-14,19.530000686645508,19.68000030517578,19.010000228881836,19.09000015258789,13.965819358825684,80257500,MSFT
2009-01-15,19.06999969482422,19.299999237060547,18.520000457763672,19.239999771118164,14.075559616088867,96169800,MSFT
2009-01-16,19.6299991607666,19.90999984741211,19.149999618530273,19.709999084472656,14.419400215148926,79634100,MSFT
2009-01-20,19.459999084472656,19.6200008392334,18.3700008392334,18.479999542236328,13.519559860229492,89873000,MSFT
2009-01-21,18.8700008392334,19.450000762939453,18.459999084472656,19.3799991607666,14.177979469299316,68340900,MSFT
2009-01-22,18.049999237060547,18.18000030517578,17.06999969482422,17.110000610351562,12.51729679107666,222436600,MSFT
2009-01-23,16.969999313354492,17.489999771118164,16.75,17.200000762939453,12.583139419555664,117020600,MSFT
2009-01-26,17.290000915527344,17.809999465942383,17.229999542236328,17.6299991607666,12.897720336914062,92476500,MSFT
2009-01-27,17.780000686645508,17.969999313354492,17.43000030517578,17.65999984741211,12.919661521911621,61695000,MSFT
2009-01-28,17.799999237060547,18.309999465942383,17.760000228881836,18.040000915527344,13.197665214538574,64145500,MSFT
2009-01-29,17.780000686645508,17.959999084472656,17.559999465942383,17.59000015258789,12.868451118469238,49192800,MSFT
2009-01-30,17.739999771118164,17.790000915527344,17.100000381469727,17.100000381469727,12.509981155395508,62370900,MSFT
2009-02-02,17.030000686645508,18.1299991607666,17.0,17.829999923706055,13.044034957885742,88871700,MSFT
2009-02-03,17.850000381469727,18.610000610351562,17.600000381469727,18.5,13.53419017791748,86865100,MSFT
2009-02-04,18.540000915527344,19.0,18.5,18.6299991607666,13.629298210144043,75618000,MSFT
2009-02-05,18.510000228881836,19.139999389648438,18.25,19.040000915527344,13.929244041442871,75195200,MSFT
2009-02-06,19.15999984741211,19.93000030517578,19.059999465942383,19.65999984741211,14.38281536102295,86746000,MSFT
2009-02-09,19.639999389648438,19.770000457763672,19.260000228881836,19.440000534057617,14.221869468688965,52196400,MSFT
2009-02-10,19.25,19.799999237060547,18.700000762939453,18.799999237060547,13.75366497039795,83953200,MSFT
2009-02-11,18.940000534057617,19.489999771118164,18.920000076293945,19.209999084472656,14.053606033325195,58599000,MSFT
2009-02-12,18.969999313354492,19.31999969482422,18.540000915527344,19.260000228881836,14.090185165405273,75323200,MSFT
2009-02-13,19.270000457763672,19.469999313354492,19.040000915527344,19.09000015258789,13.965819358825684,47416000,MSFT
2009-02-17,18.489999771118164,18.5,17.889999389648438,18.09000015258789,13.32498550415039,75853300,MSFT
2009-02-18,18.219999313354492,18.450000762939453,18.0,18.1200008392334,13.34708023071289,54946900,MSFT
2009-02-19,18.299999237060547,18.3799991607666,17.809999465942383,17.90999984741211,13.192398071289062,49195600,MSFT
2009-02-20,17.770000457763672,18.190000534057617,17.65999984741211,18.0,13.258686065673828,69413800,MSFT
2009-02-23,18.020000457763672,18.149999618530273,17.15999984741211,17.209999084472656,12.676778793334961,70803400,MSFT
2009-02-24,17.030000686645508,17.350000381469727,16.360000610351562,17.170000076293945,12.64731502532959,122674500,MSFT
2009-02-25,17.010000228881836,17.239999771118164,16.459999084472656,16.959999084472656,12.492631912231445,105894600,MSFT
2009-02-26,17.049999237060547,17.079999923706055,16.420000076293945,16.420000076293945,12.094874382019043,83219500,MSFT
2009-02-27,16.290000915527344,16.520000457763672,16.100000381469727,16.149999618530273,11.89599323272705,93428000,MSFT
2009-03-02,15.960000038146973,16.25,15.720000267028809,15.789999961853027,11.63082218170166,80602100,MSFT
2009-03-03,16.030000686645508,16.239999771118164,15.640000343322754,15.880000114440918,11.69710922241211,80476600,MSFT
2009-03-04,16.1200008392334,16.399999618530273,15.890000343322754,16.1200008392334,11.87389087677002,69285100,MSFT
2009-03-05,15.859999656677246,15.880000114440918,15.270000457763672,15.270000457763672,11.247790336608887,89708500,MSFT
2009-03-06,15.350000381469727,15.619999885559082,14.869999885559082,15.279999732971191,11.25515365600586,92821400,MSFT
2009-03-09,15.199999809265137,15.739999771118164,15.100000381469727,15.149999618530273,11.159398078918457,66479100,MSFT
2009-03-10,15.369999885559082,16.6200008392334,15.25,16.479999542236328,12.139069557189941,95184200,MSFT
2009-03-11,16.6299991607666,17.200000762939453,16.43000030517578,17.110000610351562,12.603123664855957,84522200,MSFT
2009-03-12,17.010000228881836,17.040000915527344,16.479999542236328,17.010000228881836,12.529462814331055,93694100,MSFT
2009-03-13,16.979999542236328,17.049999237060547,16.18000030517578,16.649999618530273,12.264287948608398,82965800,MSFT
2009-03-16,16.81999969482422,16.959999084472656,16.239999771118164,16.25,11.969649314880371,67028900,MSFT
2009-03-17,16.31999969482422,16.899999618530273,16.260000228881836,16.899999618530273,12.448437690734863,62481000,MSFT
2009-03-18,17.030000686645508,17.219999313354492,16.600000381469727,16.959999084472656,12.492631912231445,70710700,MSFT
2009-03-19,17.3700008392334,17.450000762939453,16.920000076293945,17.139999389648438,12.625223159790039,58994600,MSFT
2009-03-20,17.31999969482422,17.649999618530273,16.8799991607666,17.059999465942383,12.566292762756348,81725500,MSFT
2009-03-23,17.3700008392334,18.59000015258789,17.309999465942383,18.329999923706055,13.501765251159668,71600000,MSFT
2009-03-24,18.040000915527344,18.209999084472656,17.84000015258789,17.93000030517578,13.207127571105957,50044100,MSFT
2009-03-25,17.979999542236328,18.309999465942383,17.520000457763672,17.8799991607666,13.170300483703613,73927100,MSFT
2009-03-26,18.170000076293945,18.8799991607666,18.1200008392334,18.829999923706055,13.870065689086914,63775100,MSFT
2009-03-27,18.540000915527344,18.6200008392334,18.049999237060547,18.1299991607666,13.354447364807129,47670400,MSFT
2009-03-30,17.739999771118164,17.760000228881836,17.270000457763672,17.479999542236328,12.87565803527832,49633000,MSFT
2009-03-31,17.829999923706055,18.790000915527344,17.780000686645508,18.3700008392334,13.531231880187988,92423300,MSFT
2009-04-01,18.229999542236328,19.360000610351562,18.18000030517578,19.309999465942383,14.223624229431152,96438900,MSFT
2009-04-02,19.5,19.889999389648438,19.0,19.290000915527344,14.208893775939941,99082300,MSFT
2009-04-03,19.1299991607666,19.149999618530273,18.43000030517578,18.75,13.811135292053223,81858400,MSFT
2009-04-06,18.540000915527344,18.760000228881836,18.270000457763672,18.760000228881836,13.818498611450195,47476100,MSFT
2009-04-07,18.760000228881836,19.139999389648438,18.6299991607666,18.760000228881836,13.818498611450195,65815200,MSFT
2009-04-08,18.969999313354492,19.6200008392334,18.959999084472656,19.190000534057617,14.135238647460938,56408900,MSFT
2009-04-09,19.450000762939453,19.700000762939453,19.219999313354492,19.670000076293945,14.488801002502441,55759600,MSFT
2009-04-13,19.690000534057617,19.850000381469727,19.3700008392334,19.59000015258789,14.429875373840332,44444700,MSFT
2009-04-14,19.440000534057617,19.549999237060547,19.0,19.350000381469727,14.253090858459473,63796300,MSFT
2009-04-15,19.209999084472656,19.25,18.510000228881836,18.829999923706055,13.870065689086914,72725500,MSFT
2009-04-16,19.15999984741211,19.780000686645508,18.989999771118164,19.760000228881836,14.555097579956055,67688700,MSFT
2009-04-17,19.690000534057617,19.690000534057617,19.0,19.200000762939453,14.142600059509277,61398500,MSFT
2009-04-20,18.889999389648438,18.950000762939453,18.56999969482422,18.610000610351562,13.708011627197266,62937200,MSFT
2009-04-21,18.59000015258789,19.079999923706055,18.56999969482422,18.969999313354492,13.973189353942871,60928300,MSFT
2009-04-22,18.760000228881836,19.190000534057617,18.700000762939453,18.780000686645508,13.833230018615723,59401000,MSFT
2009-04-23,18.920000076293945,18.940000534057617,18.469999313354492,18.920000076293945,13.936355590820312,86116300,MSFT
2009-04-24,19.81999969482422,21.200000762939453,19.5,20.90999984741211,15.402182579040527,168478500,MSFT
2009-04-27,20.549999237060547,20.81999969482422,20.280000686645508,20.399999618530273,15.02651309967041,68219600,MSFT
2009-04-28,20.25,20.270000457763672,19.790000915527344,19.93000030517578,14.680316925048828,76685200,MSFT
2009-04-29,20.110000610351562,20.889999389648438,20.059999465942383,20.25,14.916031837463379,79301600,MSFT
2009-04-30,20.600000381469727,21.100000381469727,20.010000228881836,20.260000228881836,14.923394203186035,87439900,MSFT
2009-05-01,20.190000534057617,20.350000381469727,19.860000610351562,20.239999771118164,14.908662796020508,63224500,MSFT
2009-05-04,20.3700008392334,20.399999618530273,19.979999542236328,20.190000534057617,14.871828079223633,54313400,MSFT
2009-05-05,20.139999389648438,20.239999771118164,19.639999389648438,19.790000915527344,14.57719612121582,66835500,MSFT
2009-05-06,20.059999465942383,20.06999969482422,19.610000610351562,19.790000915527344,14.57719612121582,59639100,MSFT
2009-05-07,19.959999084472656,19.989999771118164,19.139999389648438,19.31999969482422,14.230995178222656,68727200,MSFT
2009-05-08,19.459999084472656,19.639999389648438,19.139999389648438,19.420000076293945,14.304655075073242,67597600,MSFT
2009-05-11,19.200000762939453,19.729999542236328,19.010000228881836,19.31999969482422,14.230995178222656,63762600,MSFT
2009-05-12,19.510000228881836,20.059999465942383,19.469999313354492,19.889999389648438,14.650843620300293,71966800,MSFT
2009-05-13,19.920000076293945,20.0,19.670000076293945,19.75,14.547731399536133,49281700,MSFT
2009-05-14,19.829999923706055,20.229999542236328,19.799999237060547,20.059999465942383,14.776068687438965,54539500,MSFT
2009-05-15,20.1299991607666,20.5,19.979999542236328,20.219999313354492,14.893926620483398,61289900,MSFT
2009-05-18,20.360000610351562,20.600000381469727,20.239999771118164,20.600000381469727,15.173833847045898,46073800,MSFT
2009-05-19,20.510000228881836,20.739999771118164,20.25,20.309999465942383,15.055222511291504,51368300,MSFT
2009-05-20,20.40999984741211,20.690000534057617,20.219999313354492,20.3799991607666,15.10711669921875,47450700,MSFT
2009-05-21,20.139999389648438,20.229999542236328,19.510000228881836,19.81999969482422,14.692010879516602,58232800,MSFT
2009-05-22,19.93000030517578,20.170000076293945,19.469999313354492,19.75,14.640120506286621,37318700,MSFT
2009-05-26,19.540000915527344,20.450000762939453,19.450000762939453,20.34000015258789,15.077474594116211,44991700,MSFT
2009-05-27,20.25,20.600000381469727,20.06999969482422,20.1299991607666,14.921806335449219,42892900,MSFT
2009-05-28,20.31999969482422,20.6299991607666,20.049999237060547,20.450000762939453,15.159010887145996,45480800,MSFT
2009-05-29,20.559999465942383,20.940000534057617,20.299999237060547,20.889999389648438,15.4851713180542,46134900,MSFT
2009-06-01,21.0,21.5,20.860000610351562,21.399999618530273,15.863214492797852,57317100,MSFT
2009-06-02,21.360000610351562,21.979999542236328,21.200000762939453,21.399999618530273,15.863214492797852,48935700,MSFT
2009-06-03,21.309999465942383,21.760000228881836,21.290000915527344,21.729999542236328,16.10783576965332,56039600,MSFT
2009-06-04,21.770000457763672,21.899999618530273,21.579999923706055,21.829999923706055,16.181964874267578,42330000,MSFT
2009-06-05,21.959999084472656,22.309999465942383,21.809999465942383,22.139999389648438,16.411758422851562,59579200,MSFT
2009-06-08,21.979999542236328,22.31999969482422,21.6299991607666,22.049999237060547,16.345046997070312,49000600,MSFT
2009-06-09,22.059999465942383,22.31999969482422,21.8799991607666,22.079999923706055,16.36728286743164,50887700,MSFT
2009-06-10,22.170000076293945,22.6200008392334,22.1200008392334,22.549999237060547,16.715679168701172,61297200,MSFT
2009-06-11,22.59000015258789,23.260000228881836,22.56999969482422,22.829999923706055,16.923229217529297,65124600,MSFT
2009-06-12,22.899999618530273,23.3799991607666,22.739999771118164,23.329999923706055,17.293865203857422,50963500,MSFT
2009-06-15,23.229999542236328,23.540000915527344,23.020000457763672,23.420000076293945,17.360586166381836,69089600,MSFT
2009-06-16,23.469999313354492,24.110000610351562,23.440000534057617,23.450000762939453,17.38282585144043,105295600,MSFT
2009-06-17,23.5,23.81999969482422,23.170000076293945,23.68000030517578,17.55331039428711,86483100,MSFT
2009-06-18,23.6200008392334,23.690000534057617,23.299999237060547,23.5,17.41988754272461,58852200,MSFT
2009-06-19,24.040000915527344,24.34000015258789,23.75,24.06999969482422,17.842416763305664,115459000,MSFT
2009-06-22,23.950000762939453,23.950000762939453,23.25,23.280000686645508,17.256811141967773,71291600,MSFT
2009-06-23,23.3799991607666,23.65999984741211,23.209999084472656,23.34000015258789,17.301279067993164,56752700,MSFT
2009-06-24,23.450000762939453,23.75,23.360000610351562,23.469999313354492,17.397647857666016,54287700,MSFT
2009-06-25,23.43000030517578,23.920000076293945,23.200000762939453,23.790000915527344,17.634859085083008,57724300,MSFT
2009-06-26,23.56999969482422,23.690000534057617,23.31999969482422,23.350000381469727,17.308700561523438,65126400,MSFT
2009-06-29,23.600000381469727,24.030000686645508,23.549999237060547,23.860000610351562,17.686750411987305,62854900,MSFT
2009-06-30,23.969999313354492,24.239999771118164,23.6299991607666,23.770000457763672,17.620033264160156,66452400,MSFT
2009-07-01,24.049999237060547,24.299999237060547,23.959999084472656,24.040000915527344,17.820173263549805,54908400,MSFT
2009-07-02,23.760000228881836,24.040000915527344,23.209999084472656,23.3700008392334,17.323528289794922,65422200,MSFT
2009-07-06,23.209999084472656,23.280000686645508,22.8700008392334,23.200000762939453,17.197507858276367,49207700,MSFT
2009-07-07,23.079999923706055,23.139999389648438,22.459999084472656,22.530000686645508,16.700851440429688,52842500,MSFT
2009-07-08,22.309999465942383,22.690000534057617,22.0,22.559999465942383,16.723093032836914,73023400,MSFT
2009-07-09,22.649999618530273,22.809999465942383,22.3700008392334,22.440000534057617,16.634138107299805,46981200,MSFT
2009-07-10,22.190000534057617,22.540000915527344,22.149999618530273,22.389999389648438,16.597078323364258,43229200,MSFT
2009-07-13,22.420000076293945,23.290000915527344,22.139999389648438,23.229999542236328,17.21973991394043,67584000,MSFT
2009-07-14,23.200000762939453,23.219999313354492,22.860000610351562,23.110000610351562,17.13079261779785,45448700,MSFT
2009-07-15,23.75,24.1200008392334,23.559999465942383,24.1200008392334,17.879480361938477,67238700,MSFT
2009-07-16,23.93000030517578,24.440000534057617,23.860000610351562,24.440000534057617,18.116682052612305,64555100,MSFT
2009-07-17,24.399999618530273,24.450000762939453,24.100000381469727,24.290000915527344,18.0054931640625,52860100,MSFT
2009-07-20,24.440000534057617,24.530000686645508,24.149999618530273,24.530000686645508,18.183399200439453,47798000,MSFT
2009-07-21,24.690000534057617,24.829999923706055,24.3700008392334,24.829999923706055,18.40577507019043,52028400,MSFT
2009-07-22,24.700000762939453,24.899999618530273,24.510000228881836,24.799999237060547,18.383541107177734,66192500,MSFT
2009-07-23,24.93000030517578,25.719999313354492,24.84000015258789,25.559999465942383,18.94691276550293,106060500,MSFT
2009-07-24,23.610000610351562,23.889999389648438,22.809999465942383,23.450000762939453,17.38282585144043,215135700,MSFT
2009-07-27,23.440000534057617,23.450000762939453,22.899999618530273,23.110000610351562,17.13079261779785,80950000,MSFT
2009-07-28,22.989999771118164,23.549999237060547,22.899999618530273,23.469999313354492,17.397647857666016,70288400,MSFT
2009-07-29,23.729999542236328,23.90999984741211,23.34000015258789,23.799999237060547,17.64226722717285,73626900,MSFT
2009-07-30,24.200000762939453,24.43000030517578,23.709999084472656,23.809999465942383,17.64968490600586,67820000,MSFT
2009-07-31,23.770000457763672,24.06999969482422,23.5,23.520000457763672,17.434715270996094,54258200,MSFT
2009-08-03,23.81999969482422,23.860000610351562,23.5,23.829999923706055,17.66451072692871,46902900,MSFT
2009-08-04,23.68000030517578,23.790000915527344,23.530000686645508,23.770000457763672,17.620033264160156,49218300,MSFT
2009-08-05,23.84000015258789,24.25,23.790000915527344,23.809999465942383,17.64968490600586,53310300,MSFT
2009-08-06,23.93000030517578,23.979999542236328,23.270000457763672,23.459999084472656,17.390239715576172,59686000,MSFT
2009-08-07,23.75,23.81999969482422,23.5,23.559999465942383,17.46436309814453,46169700,MSFT
2009-08-10,23.459999084472656,23.549999237060547,23.299999237060547,23.420000076293945,17.360586166381836,35261900,MSFT
2009-08-11,23.31999969482422,23.399999618530273,23.049999237060547,23.1299991607666,17.145620346069336,33615800,MSFT
2009-08-12,23.1299991607666,23.899999618530273,23.030000686645508,23.530000686645508,17.442129135131836,61972300,MSFT
2009-08-13,23.6299991607666,23.850000381469727,23.399999618530273,23.6200008392334,17.508834838867188,38954500,MSFT
2009-08-14,23.6200008392334,23.799999237060547,23.510000228881836,23.690000534057617,17.56073570251465,46330200,MSFT
2009-08-17,23.31999969482422,23.600000381469727,23.229999542236328,23.25,17.234569549560547,42474400,MSFT
2009-08-18,23.290000915527344,23.649999618530273,23.270000457763672,23.579999923706055,17.57748031616211,38878900,MSFT
2009-08-19,23.25,23.719999313354492,23.25,23.649999618530273,17.629648208618164,41821300,MSFT
2009-08-20,23.600000381469727,23.8700008392334,23.540000915527344,23.670000076293945,17.644559860229492,39505900,MSFT
2009-08-21,23.93000030517578,24.420000076293945,23.770000457763672,24.40999984741211,18.196189880371094,69011400,MSFT
2009-08-24,24.40999984741211,24.729999542236328,24.280000686645508,24.639999389648438,18.36763572692871,54180900,MSFT
2009-08-25,24.600000381469727,24.81999969482422,24.459999084472656,24.639999389648438,18.36763572692871,43980300,MSFT
2009-08-26,24.59000015258789,24.75,24.420000076293945,24.549999237060547,18.30055046081543,41079000,MSFT
2009-08-27,24.40999984741211,24.780000686645508,24.299999237060547,24.690000534057617,18.4049072265625,45495600,MSFT
2009-08-28,25.06999969482422,25.489999771118164,24.610000610351562,24.68000030517578,18.39744758605957,55808000,MSFT
2009-08-31,24.56999969482422,24.850000381469727,24.290000915527344,24.649999618530273,18.375091552734375,49592800,MSFT
2009-09-01,24.350000381469727,24.739999771118164,23.899999618530273,24.0,17.890554428100586,62608500,MSFT
2009-09-02,23.81999969482422,24.139999389648438,23.780000686645508,23.860000610351562,17.786197662353516,40771300,MSFT
2009-09-03,23.90999984741211,24.139999389648438,23.760000228881836,24.110000610351562,17.97255516052246,34120000,MSFT
2009-09-04,24.09000015258789,24.799999237060547,24.079999923706055,24.6200008392334,18.352724075317383,44999700,MSFT
2009-09-08,24.6200008392334,24.84000015258789,24.40999984741211,24.81999969482422,18.501819610595703,53737100,MSFT
2009-09-09,24.739999771118164,24.950000762939453,24.670000076293945,24.780000686645508,18.472003936767578,49900300,MSFT
2009-09-10,24.799999237060547,25.049999237060547,24.649999618530273,25.0,18.63599395751953,46256000,MSFT
2009-09-11,24.93000030517578,25.170000076293945,24.809999465942383,24.860000610351562,18.531635284423828,54303500,MSFT
2009-09-14,24.649999618530273,25.09000015258789,24.639999389648438,25.0,18.63599395751953,42806800,MSFT
2009-09-15,24.969999313354492,25.270000457763672,24.860000610351562,25.200000762939453,18.78508758544922,44716600,MSFT
2009-09-16,25.25,25.350000381469727,24.950000762939453,25.200000762939453,18.78508758544922,50055800,MSFT
2009-09-17,25.059999465942383,25.3799991607666,25.059999465942383,25.299999237060547,18.859622955322266,42428800,MSFT
2009-09-18,25.459999084472656,25.479999542236328,25.100000381469727,25.260000228881836,18.829816818237305,68016500,MSFT
2009-09-21,25.110000610351562,25.3700008392334,25.100000381469727,25.299999237060547,18.859622955322266,28878700,MSFT
2009-09-22,25.399999618530273,25.81999969482422,25.290000915527344,25.770000457763672,19.209983825683594,61376700,MSFT
2009-09-23,25.920000076293945,26.25,25.639999389648438,25.709999084472656,19.165254592895508,60599900,MSFT
2009-09-24,25.920000076293945,26.110000610351562,25.65999984741211,25.940000534057617,19.336711883544922,56302900,MSFT
2009-09-25,25.690000534057617,25.81999969482422,25.520000457763672,25.549999237060547,19.045982360839844,50158900,MSFT
2009-09-28,25.600000381469727,26.15999984741211,25.600000381469727,25.829999923706055,19.254709243774414,44358000,MSFT
2009-09-29,25.90999984741211,25.959999084472656,25.690000534057617,25.75,19.19507598876953,39050300,MSFT
2009-09-30,25.760000228881836,25.989999771118164,25.3799991607666,25.719999313354492,19.172710418701172,63533400,MSFT
2009-10-01,25.40999984741211,25.469999313354492,24.799999237060547,24.8799991607666,18.546539306640625,75958100,MSFT
2009-10-02,24.459999084472656,25.09000015258789,24.43000030517578,24.959999084472656,18.606178283691406,51219700,MSFT
2009-10-05,24.979999542236328,25.059999465942383,24.520000457763672,24.639999389648438,18.36763572692871,60804900,MSFT
2009-10-06,24.68000030517578,25.209999084472656,24.65999984741211,25.110000610351562,18.71800422668457,48795300,MSFT
2009-10-07,24.989999771118164,25.18000030517578,24.8799991607666,25.100000381469727,18.71053695678711,38472700,MSFT
2009-10-08,25.440000534057617,25.899999618530273,25.219999313354492,25.670000076293945,19.135440826416016,60521300,MSFT
2009-10-09,25.56999969482422,25.790000915527344,25.459999084472656,25.549999237060547,19.045982360839844,39520000,MSFT
2009-10-12,25.65999984741211,25.889999389648438,25.549999237060547,25.719999313354492,19.172710418701172,29145800,MSFT
2009-10-13,25.59000015258789,25.940000534057617,25.520000457763672,25.809999465942383,19.239803314208984,37749000,MSFT
2009-10-14,26.139999389648438,26.200000762939453,25.81999969482422,25.959999084472656,19.351612091064453,45365500,MSFT
2009-10-15,25.899999618530273,26.709999084472656,25.899999618530273,26.709999084472656,19.910701751708984,65620100,MSFT
2009-10-16,26.450000762939453,26.6299991607666,26.100000381469727,26.5,19.754154205322266,56500900,MSFT
2009-10-19,26.489999771118164,26.579999923706055,26.25,26.360000610351562,19.649791717529297,48143200,MSFT
2009-10-20,26.420000076293945,26.510000228881836,25.940000534057617,26.3700008392334,19.657258987426758,54604700,MSFT
2009-10-21,26.459999084472656,26.75,26.389999389648438,26.579999923706055,19.813796997070312,61672700,MSFT
2009-10-22,26.559999465942383,26.719999313354492,26.1299991607666,26.59000015258789,19.821247100830078,61600000,MSFT
2009-10-23,29.200000762939453,29.350000381469727,27.8799991607666,28.020000457763672,20.887229919433594,281761000,MSFT
2009-10-26,28.1299991607666,29.020000457763672,28.110000610351562,28.68000030517578,21.379215240478516,124149700,MSFT
2009-10-27,28.729999542236328,28.8799991607666,28.440000534057617,28.59000015258789,21.31212615966797,69685800,MSFT
2009-10-28,28.239999771118164,28.770000457763672,27.950000762939453,28.020000457763672,20.887229919433594,73542400,MSFT
2009-10-29,28.06999969482422,28.40999984741211,27.850000381469727,28.219999313354492,21.036314010620117,65225500,MSFT
2009-10-30,28.030000686645508,28.399999618530273,27.65999984741211,27.729999542236328,20.67104148864746,73371800,MSFT
2009-11-02,27.700000762939453,28.049999237060547,27.40999984741211,27.8799991607666,20.78286361694336,62428900,MSFT
2009-11-03,27.639999389648438,27.739999771118164,27.43000030517578,27.530000686645508,20.52195167541504,50294800,MSFT
2009-11-04,27.690000534057617,28.389999389648438,27.6200008392334,28.059999465942383,20.91704559326172,63898400,MSFT
2009-11-05,28.520000457763672,28.739999771118164,28.280000686645508,28.469999313354492,21.22267723083496,52681700,MSFT
2009-11-06,28.3799991607666,28.6299991607666,28.200000762939453,28.520000457763672,21.259944915771484,38908500,MSFT
2009-11-09,28.6200008392334,29.0,28.530000686645508,28.989999771118164,21.61030387878418,57518000,MSFT
2009-11-10,28.899999618530273,29.280000686645508,28.809999465942383,29.010000228881836,21.625205993652344,65881100,MSFT
2009-11-11,29.079999923706055,29.299999237060547,29.020000457763672,29.1200008392334,21.70721435546875,49693400,MSFT
2009-11-12,29.010000228881836,29.489999771118164,29.0,29.360000610351562,21.886119842529297,55352400,MSFT
2009-11-13,29.469999313354492,29.790000915527344,29.3700008392334,29.6299991607666,22.087383270263672,53037600,MSFT
2009-11-16,29.610000610351562,29.799999237060547,29.3700008392334,29.540000915527344,22.02029037475586,54129500,MSFT
2009-11-17,29.5,30.0,29.469999313354492,30.0,22.462053298950195,75648900,MSFT
2009-11-18,30.0,30.139999389648438,29.809999465942383,30.110000610351562,22.544404983520508,59431200,MSFT
2009-11-19,29.989999771118164,30.0,29.700000762939453,29.780000686645508,22.29732322692871,51967700,MSFT
2009-11-20,29.65999984741211,29.770000457763672,29.43000030517578,29.6200008392334,22.177526473999023,42647100,MSFT
2009-11-23,29.84000015258789,30.010000228881836,29.700000762939453,29.940000534057617,22.417125701904297,41832700,MSFT
2009-11-24,29.950000762939453,29.989999771118164,29.75,29.90999984741211,22.394657135009766,37341400,MSFT
2009-11-25,29.809999465942383,29.860000610351562,29.579999923706055,29.790000915527344,22.304811477661133,32033500,MSFT
2009-11-27,29.110000610351562,29.389999389648438,28.75,29.219999313354492,21.87803077697754,29357900,MSFT
2009-11-30,29.149999618530273,29.450000762939453,29.0,29.40999984741211,22.020292282104492,44172000,MSFT
2009-12-01,29.520000457763672,30.049999237060547,29.40999984741211,30.010000228881836,22.46953582763672,49904200,MSFT
2009-12-02,29.899999618530273,29.989999771118164,29.649999618530273,29.780000686645508,22.29732322692871,36308600,MSFT
2009-12-03,29.84000015258789,30.200000762939453,29.760000228881836,29.829999923706055,22.334762573242188,43095200,MSFT
2009-12-04,30.049999237060547,30.3700008392334,29.829999923706055,29.979999542236328,22.44707679748535,58810700,MSFT
2009-12-07,29.780000686645508,30.079999923706055,29.68000030517578,29.790000915527344,22.304811477661133,38082700,MSFT
2009-12-08,29.520000457763672,29.739999771118164,29.3799991607666,29.56999969482422,22.14008331298828,37402200,MSFT
2009-12-09,29.469999313354492,29.809999465942383,29.25,29.709999084472656,22.244916915893555,44713300,MSFT
2009-12-10,29.709999084472656,29.959999084472656,29.65999984741211,29.8700008392334,22.364709854125977,45940200,MSFT
2009-12-11,29.969999313354492,30.0,29.790000915527344,29.850000381469727,22.349735260009766,43744200,MSFT
2009-12-14,29.90999984741211,30.15999984741211,29.899999618530273,30.110000610351562,22.544404983520508,34651200,MSFT
2009-12-15,29.889999389648438,30.209999084472656,29.8799991607666,30.020000457763672,22.477020263671875,49473200,MSFT
2009-12-16,30.06999969482422,30.40999984741211,30.040000915527344,30.100000381469727,22.53691864013672,55737800,MSFT
2009-12-17,29.950000762939453,29.959999084472656,29.56999969482422,29.600000381469727,22.162553787231445,43691200,MSFT
2009-12-18,29.84000015258789,30.450000762939453,29.799999237060547,30.360000610351562,22.731595993041992,94118000,MSFT
2009-12-21,30.399999618530273,30.84000015258789,30.3700008392334,30.520000457763672,22.851396560668945,40129100,MSFT
2009-12-22,30.600000381469727,30.93000030517578,30.540000915527344,30.81999969482422,23.076004028320312,36321000,MSFT
2009-12-23,30.709999084472656,30.950000762939453,30.690000534057617,30.920000076293945,23.150880813598633,28362700,MSFT
2009-12-24,30.8799991607666,31.0,30.760000228881836,31.0,23.210777282714844,11083900,MSFT
2009-12-28,31.0,31.18000030517578,30.889999389648438,31.170000076293945,23.338058471679688,25384000,MSFT
2009-12-29,31.350000381469727,31.5,31.229999542236328,31.389999389648438,23.502782821655273,29716200,MSFT
2009-12-30,31.149999618530273,31.290000915527344,30.799999237060547,30.959999084472656,23.18083381652832,42006200,MSFT
2009-12-31,30.979999542236328,30.989999771118164,30.479999542236328,30.479999542236328,22.821441650390625,31929700,MSFT
2010-01-04,30.6200008392334,31.100000381469727,30.59000015258789,30.950000762939453,23.173341751098633,38409100,MSFT
2010-01-05,30.850000381469727,31.100000381469727,30.639999389648438,30.959999084472656,23.18083381652832,49749600,MSFT
2010-01-06,30.8799991607666,31.079999923706055,30.520000457763672,30.770000457763672,23.03857421875,58182400,MSFT
2010-01-07,30.6299991607666,30.700000762939453,30.190000534057617,30.450000762939453,22.798982620239258,50559700,MSFT
2010-01-08,30.280000686645508,30.8799991607666,30.239999771118164,30.65999984741211,22.956214904785156,51197400,MSFT
2010-01-11,30.709999084472656,30.760000228881836,30.1200008392334,30.270000457763672,22.66420555114746,68754700,MSFT
2010-01-12,30.149999618530273,30.399999618530273,29.90999984741211,30.06999969482422,22.51445198059082,65912100,MSFT
2010-01-13,30.260000228881836,30.520000457763672,30.010000228881836,30.350000381469727,22.724105834960938,51863500,MSFT
2010-01-14,30.309999465942383,31.100000381469727,30.260000228881836,30.959999084472656,23.18083381652832,63228100,MSFT
2010-01-15,31.079999923706055,31.239999771118164,30.709999084472656,30.860000610351562,23.105960845947266,79913200,MSFT
2010-01-19,30.75,31.239999771118164,30.68000030517578,31.100000381469727,23.285655975341797,46575700,MSFT
2010-01-20,30.809999465942383,30.940000534057617,30.309999465942383,30.59000015258789,22.903799057006836,54849500,MSFT
2010-01-21,30.610000610351562,30.719999313354492,30.0,30.010000228881836,22.46953582763672,73086700,MSFT
2010-01-22,30.0,30.200000762939453,28.84000015258789,28.959999084472656,21.683364868164062,102004600,MSFT
2010-01-25,29.239999771118164,29.65999984741211,29.100000381469727,29.31999969482422,21.952909469604492,63373000,MSFT
2010-01-26,29.200000762939453,29.850000381469727,29.09000015258789,29.5,22.087678909301758,66639900,MSFT
2010-01-27,29.350000381469727,29.81999969482422,29.020000457763672,29.670000076293945,22.2149600982666,63949500,MSFT
2010-01-28,29.84000015258789,29.8700008392334,28.889999389648438,29.15999984741211,21.833106994628906,117513700,MSFT
2010-01-29,29.899999618530273,29.920000076293945,27.65999984741211,28.18000030517578,21.09935760498047,193888500,MSFT
2010-02-01,28.389999389648438,28.479999542236328,27.920000076293945,28.40999984741211,21.271556854248047,85931100,MSFT
2010-02-02,28.3700008392334,28.5,28.139999389648438,28.459999084472656,21.308996200561523,54413700,MSFT
2010-02-03,28.260000228881836,28.790000915527344,28.1200008392334,28.6299991607666,21.436283111572266,61397900,MSFT
2010-02-04,28.3799991607666,28.5,27.809999465942383,27.84000015258789,20.84478187561035,77850000,MSFT
2010-02-05,28.0,28.280000686645508,27.56999969482422,28.020000457763672,20.97955894470215,80960100,MSFT
2010-02-08,28.010000228881836,28.079999923706055,27.56999969482422,27.719999313354492,20.75493049621582,52820600,MSFT
2010-02-09,27.969999313354492,28.34000015258789,27.75,28.010000228881836,20.972061157226562,59195800,MSFT
2010-02-10,28.030000686645508,28.239999771118164,27.84000015258789,27.989999771118164,20.957088470458984,48591300,MSFT
2010-02-11,27.93000030517578,28.399999618530273,27.700000762939453,28.1200008392334,21.054428100585938,65993700,MSFT
2010-02-12,27.809999465942383,28.059999465942383,27.579999923706055,27.93000030517578,20.912168502807617,81117200,MSFT
2010-02-16,28.1299991607666,28.3700008392334,28.020000457763672,28.350000381469727,21.325899124145508,51935600,MSFT
2010-02-17,28.530000686645508,28.649999618530273,28.360000610351562,28.59000015258789,21.50642967224121,45882900,MSFT
2010-02-18,28.59000015258789,29.030000686645508,28.510000228881836,28.969999313354492,21.792280197143555,42856500,MSFT
2010-02-19,28.790000915527344,28.920000076293945,28.690000534057617,28.770000457763672,21.641834259033203,44451800,MSFT
2010-02-22,28.84000015258789,28.940000534057617,28.649999618530273,28.729999542236328,21.611740112304688,36707100,MSFT
2010-02-23,28.68000030517578,28.829999923706055,28.09000015258789,28.329999923706055,21.310848236083984,52266200,MSFT
2010-02-24,28.520000457763672,28.790000915527344,28.3799991607666,28.6299991607666,21.53652572631836,43165900,MSFT
2010-02-25,28.270000457763672,28.649999618530273,28.020000457763672,28.600000381469727,21.513952255249023,48735300,MSFT
2010-02-26,28.649999618530273,28.850000381469727,28.510000228881836,28.670000076293945,21.566612243652344,40370600,MSFT
2010-03-01,28.770000457763672,29.049999237060547,28.530000686645508,29.020000457763672,21.82989501953125,43805400,MSFT
2010-03-02,29.079999923706055,29.299999237060547,28.239999771118164,28.459999084472656,21.40863609313965,93123900,MSFT
2010-03-03,28.510000228881836,28.610000610351562,28.350000381469727,28.459999084472656,21.40863609313965,48442100,MSFT
2010-03-04,28.459999084472656,28.649999618530273,28.270000457763672,28.6299991607666,21.53652572631836,42890600,MSFT
2010-03-05,28.65999984741211,28.68000030517578,28.420000076293945,28.59000015258789,21.50642967224121,56001800,MSFT
2010-03-08,28.520000457763672,28.93000030517578,28.5,28.6299991607666,21.53652572631836,39414500,MSFT
2010-03-09,28.559999465942383,29.110000610351562,28.549999237060547,28.799999237060547,21.664409637451172,50271600,MSFT
2010-03-10,28.860000610351562,29.110000610351562,28.799999237060547,28.969999313354492,21.792280197143555,44891400,MSFT
2010-03-11,28.889999389648438,29.190000534057617,28.850000381469727,29.18000030517578,21.950252532958984,35349700,MSFT
2010-03-12,29.31999969482422,29.3799991607666,29.040000915527344,29.270000457763672,22.017959594726562,31700200,MSFT
2010-03-15,29.18000030517578,29.3700008392334,29.010000228881836,29.290000915527344,22.03299331665039,37512000,MSFT
2010-03-16,29.420000076293945,29.489999771118164,29.200000762939453,29.3700008392334,22.093177795410156,36723500,MSFT
2010-03-17,29.5,29.8700008392334,29.399999618530273,29.6299991607666,22.288753509521484,50385700,MSFT
2010-03-18,29.6299991607666,29.719999313354492,29.5,29.610000610351562,22.273712158203125,43845200,MSFT
2010-03-19,29.760000228881836,29.899999618530273,29.350000381469727,29.59000015258789,22.2586669921875,81332100,MSFT
2010-03-22,29.5,29.700000762939453,29.389999389648438,29.600000381469727,22.266189575195312,37718200,MSFT
2010-03-23,29.59000015258789,29.899999618530273,29.40999984741211,29.8799991607666,22.47681999206543,42026600,MSFT
2010-03-24,29.719999313354492,29.850000381469727,29.600000381469727,29.649999618530273,22.303802490234375,33987700,MSFT
2010-03-25,29.829999923706055,30.56999969482422,29.799999237060547,30.010000228881836,22.574607849121094,73168700,MSFT
2010-03-26,30.09000015258789,30.200000762939453,29.59000015258789,29.65999984741211,22.311330795288086,55595500,MSFT
2010-03-29,29.709999084472656,29.81999969482422,29.549999237060547,29.59000015258789,22.2586669921875,33336000,MSFT
2010-03-30,29.6299991607666,29.860000610351562,29.5,29.770000457763672,22.394065856933594,34954800,MSFT
2010-03-31,29.639999389648438,29.719999313354492,29.170000076293945,29.290000915527344,22.03299331665039,63760000,MSFT
2010-04-01,29.350000381469727,29.540000915527344,28.6200008392334,29.15999984741211,21.935197830200195,74768100,MSFT
2010-04-05,29.1299991607666,29.43000030517578,29.030000686645508,29.270000457763672,22.017959594726562,34331200,MSFT
2010-04-06,29.149999618530273,29.579999923706055,28.979999542236328,29.31999969482422,22.055561065673828,47366800,MSFT
2010-04-07,29.15999984741211,29.559999465942383,29.139999389648438,29.350000381469727,22.07813262939453,58318800,MSFT
2010-04-08,29.31999969482422,29.979999542236328,29.299999237060547,29.920000076293945,22.50691032409668,63713800,MSFT
2010-04-09,29.950000762939453,30.40999984741211,29.899999618530273,30.34000015258789,22.822845458984375,54752500,MSFT
2010-04-12,30.25,30.489999771118164,30.209999084472656,30.31999969482422,22.807802200317383,37068800,MSFT
2010-04-13,30.149999618530273,30.5,30.1299991607666,30.450000762939453,22.90559196472168,41374600,MSFT
2010-04-14,30.790000915527344,31.0,30.65999984741211,30.81999969482422,23.183923721313477,68941200,MSFT
2010-04-15,30.81999969482422,30.950000762939453,30.709999084472656,30.8700008392334,23.221532821655273,52745400,MSFT
2010-04-16,30.790000915527344,30.979999542236328,30.600000381469727,30.670000076293945,23.071077346801758,88703100,MSFT
2010-04-19,30.770000457763672,31.25,30.760000228881836,31.040000915527344,23.349409103393555,64970300,MSFT
2010-04-20,31.219999313354492,31.440000534057617,31.1299991607666,31.360000610351562,23.590116500854492,52199500,MSFT
2010-04-21,31.329999923706055,31.5,31.229999542236328,31.329999923706055,23.56755828857422,55343100,MSFT
2010-04-22,31.040000915527344,31.530000686645508,30.899999618530273,31.389999389648438,23.612693786621094,84847600,MSFT
2010-04-23,31.1200008392334,31.579999923706055,30.649999618530273,30.959999084472656,23.289226531982422,126766600,MSFT
2010-04-26,31.0,31.280000686645508,30.860000610351562,31.110000610351562,23.402069091796875,63649300,MSFT
2010-04-27,30.950000762939453,31.25,30.75,30.850000381469727,23.206491470336914,68730900,MSFT
2010-04-28,30.920000076293945,31.0,30.6200008392334,30.90999984741211,23.25162124633789,64557900,MSFT
2010-04-29,30.93000030517578,31.43000030517578,30.670000076293945,31.0,23.31932258605957,52665200,MSFT
2010-04-30,31.06999969482422,31.079999923706055,30.520000457763672,30.540000915527344,22.97329330444336,63214800,MSFT
2010-05-03,30.670000076293945,31.059999465942383,30.579999923706055,30.860000610351562,23.214008331298828,43989500,MSFT
2010-05-04,30.520000457763672,30.549999237060547,29.75,30.1299991607666,22.664871215820312,82085600,MSFT
2010-05-05,29.770000457763672,30.09000015258789,29.690000534057617,29.850000381469727,22.454248428344727,66833800,MSFT
2010-05-06,29.59000015258789,29.8799991607666,27.90999984741211,28.979999542236328,21.799802780151367,128613000,MSFT
2010-05-07,28.93000030517578,28.950000762939453,27.31999969482422,28.209999084472656,21.220577239990234,173718100,MSFT
2010-05-10,29.010000228881836,29.479999542236328,28.709999084472656,28.940000534057617,21.769712448120117,86653300,MSFT
2010-05-11,28.68000030517578,29.649999618530273,28.56999969482422,28.8799991607666,21.724576950073242,63789400,MSFT
2010-05-12,28.979999542236328,29.579999923706055,28.920000076293945,29.440000534057617,22.145837783813477,47146800,MSFT
2010-05-13,29.260000228881836,29.729999542236328,29.18000030517578,29.239999771118164,21.995391845703125,45188800,MSFT
2010-05-14,29.200000762939453,29.209999084472656,28.639999389648438,28.93000030517578,21.762197494506836,63334000,MSFT
2010-05-17,29.1200008392334,29.229999542236328,28.450000762939453,28.940000534057617,21.769712448120117,46053300,MSFT
2010-05-18,28.8700008392334,29.0,28.399999618530273,28.600000381469727,21.611034393310547,52690600,MSFT
2010-05-19,28.520000457763672,28.690000534057617,27.790000915527344,28.239999771118164,21.339000701904297,61746700,MSFT
2010-05-20,27.649999618530273,27.84000015258789,27.040000915527344,27.110000610351562,20.485137939453125,87991100,MSFT
2010-05-21,26.6299991607666,27.110000610351562,26.440000534057617,26.84000015258789,20.281126022338867,117596300,MSFT
2010-05-24,26.850000381469727,26.860000610351562,26.260000228881836,26.270000457763672,19.85041046142578,73711700,MSFT
2010-05-25,25.649999618530273,26.329999923706055,25.3799991607666,26.06999969482422,19.69928741455078,98373600,MSFT
2010-05-26,26.229999542236328,26.610000610351562,24.559999465942383,25.010000228881836,18.89832305908203,176684100,MSFT
2010-05-27,25.729999542236328,26.360000610351562,25.729999542236328,26.0,19.646387100219727,136433600,MSFT
2010-05-28,25.84000015258789,26.1200008392334,25.65999984741211,25.799999237060547,19.495269775390625,67496900,MSFT
2010-06-01,25.530000686645508,26.309999465942383,25.520000457763672,25.889999389648438,19.563274383544922,76152400,MSFT
2010-06-02,26.059999465942383,26.479999542236328,25.729999542236328,26.459999084472656,19.993976593017578,65718800,MSFT
2010-06-03,26.549999237060547,26.93000030517578,26.40999984741211,26.860000610351562,20.296239852905273,67837000,MSFT
2010-06-04,26.100000381469727,26.56999969482422,25.6200008392334,25.790000915527344,19.48771095275879,89832200,MSFT
2010-06-07,25.81999969482422,25.829999923706055,25.239999771118164,25.290000915527344,19.109895706176758,80456200,MSFT
2010-06-08,25.25,25.260000228881836,24.649999618530273,25.110000610351562,18.973880767822266,87355000,MSFT
2010-06-09,25.219999313354492,25.520000457763672,24.75,24.790000915527344,18.732072830200195,87794000,MSFT
2010-06-10,25.1299991607666,25.149999618530273,24.780000686645508,25.0,18.890764236450195,78930900,MSFT
2010-06-11,25.040000915527344,25.719999313354492,24.770000457763672,25.65999984741211,19.389476776123047,68057700,MSFT
2010-06-14,25.860000610351562,25.959999084472656,25.469999313354492,25.5,19.268579483032227,50972400,MSFT
2010-06-15,25.75,26.649999618530273,25.739999771118164,26.579999923706055,20.08466148376465,81641500,MSFT
2010-06-16,26.469999313354492,26.579999923706055,26.229999542236328,26.31999969482422,19.88819694519043,48698000,MSFT
2010-06-17,26.559999465942383,26.670000076293945,26.040000915527344,26.3700008392334,19.925979614257812,47995500,MSFT
2010-06-18,26.3700008392334,26.530000686645508,26.170000076293945,26.440000534057617,19.978870391845703,52075600,MSFT
2010-06-21,26.780000686645508,26.889999389648438,25.889999389648438,25.950000762939453,19.60860824584961,54625300,MSFT
2010-06-22,26.15999984741211,26.450000762939453,25.760000228881836,25.770000457763672,19.472599029541016,55985400,MSFT
2010-06-23,25.780000686645508,25.780000686645508,25.219999313354492,25.309999465942383,19.125011444091797,61466200,MSFT
2010-06-24,25.459999084472656,25.719999313354492,24.93000030517578,25.0,18.890764236450195,85243400,MSFT
2010-06-25,25.049999237060547,25.110000610351562,24.309999465942383,24.530000686645508,18.535615921020508,156256700,MSFT
2010-06-28,24.510000228881836,24.610000610351562,24.1200008392334,24.309999465942383,18.3693790435791,73784800,MSFT
2010-06-29,24.1299991607666,24.200000762939453,23.110000610351562,23.309999465942383,17.613750457763672,119882100,MSFT
2010-06-30,23.299999237060547,23.68000030517578,22.950000762939453,23.010000228881836,17.38705825805664,81050500,MSFT
2010-07-01,23.09000015258789,23.31999969482422,22.729999542236328,23.15999984741211,17.500404357910156,92239400,MSFT
2010-07-02,23.360000610351562,23.479999542236328,23.049999237060547,23.270000457763672,17.58351707458496,62485100,MSFT
2010-07-06,23.700000762939453,24.09000015258789,23.579999923706055,23.81999969482422,17.999114990234375,73592000,MSFT
2010-07-07,23.81999969482422,24.31999969482422,23.610000610351562,24.299999237060547,18.3618106842041,79965300,MSFT
2010-07-08,24.600000381469727,24.6200008392334,23.969999313354492,24.40999984741211,18.444942474365234,50758100,MSFT
2010-07-09,24.329999923706055,24.40999984741211,24.149999618530273,24.270000457763672,18.339147567749023,53806100,MSFT
2010-07-12,24.43000030517578,24.889999389648438,24.420000076293945,24.829999923706055,18.762296676635742,49854200,MSFT
2010-07-13,25.139999389648438,25.299999237060547,24.899999618530273,25.1299991607666,18.988996505737305,61928700,MSFT
2010-07-14,25.5,25.610000610351562,25.1200008392334,25.440000534057617,19.223247528076172,72808100,MSFT
2010-07-15,25.5,25.59000015258789,24.979999542236328,25.510000228881836,19.2761287689209,56934700,MSFT
2010-07-16,25.510000228881836,25.639999389648438,24.8799991607666,24.889999389648438,18.807647705078125,65064800,MSFT
2010-07-19,24.959999084472656,25.299999237060547,24.90999984741211,25.229999542236328,19.064559936523438,38181800,MSFT
2010-07-20,24.860000610351562,25.479999542236328,24.700000762939453,25.479999542236328,19.25347137451172,45530700,MSFT
2010-07-21,25.600000381469727,25.649999618530273,24.979999542236328,25.1200008392334,18.9814395904541,73297300,MSFT
2010-07-22,25.510000228881836,25.989999771118164,25.469999313354492,25.84000015258789,19.525489807128906,73016400,MSFT
2010-07-23,25.84000015258789,26.020000457763672,25.25,25.809999465942383,19.502826690673828,108520100,MSFT
2010-07-26,25.860000610351562,26.200000762939453,25.799999237060547,26.100000381469727,19.72195816040039,67249900,MSFT
2010-07-27,26.139999389648438,26.239999771118164,25.959999084472656,26.15999984741211,19.76729393005371,60672100,MSFT
2010-07-28,26.06999969482422,26.190000534057617,25.829999923706055,25.950000762939453,19.60860824584961,69704800,MSFT
2010-07-29,26.1299991607666,26.40999984741211,25.600000381469727,26.030000686645508,19.669065475463867,69446200,MSFT
2010-07-30,25.75,25.84000015258789,25.350000381469727,25.809999465942383,19.502826690673828,83534800,MSFT
2010-08-02,25.989999771118164,26.3799991607666,25.75,26.329999923706055,19.895755767822266,55044600,MSFT
2010-08-03,26.200000762939453,26.350000381469727,25.969999313354492,26.15999984741211,19.76729393005371,56877700,MSFT
2010-08-04,26.149999618530273,26.239999771118164,25.440000534057617,25.729999542236328,19.442363739013672,78531900,MSFT
2010-08-05,25.489999771118164,25.579999923706055,25.209999084472656,25.3700008392334,19.170345306396484,64922100,MSFT
2010-08-06,25.18000030517578,25.559999465942383,25.020000457763672,25.549999237060547,19.30635643005371,55982100,MSFT
2010-08-09,25.549999237060547,25.729999542236328,25.3700008392334,25.610000610351562,19.35170555114746,57096500,MSFT
2010-08-10,25.329999923706055,25.34000015258789,24.8799991607666,25.06999969482422,18.943649291992188,87257700,MSFT
2010-08-11,24.68000030517578,24.899999618530273,24.559999465942383,24.860000610351562,18.784971237182617,76746900,MSFT
2010-08-12,24.420000076293945,24.68000030517578,24.360000610351562,24.489999771118164,18.505390167236328,70240500,MSFT
2010-08-13,24.350000381469727,24.670000076293945,24.239999771118164,24.399999618530273,18.4373779296875,45263500,MSFT
2010-08-16,24.360000610351562,24.610000610351562,24.299999237060547,24.5,18.512948989868164,40909700,MSFT
2010-08-17,24.709999084472656,24.959999084472656,24.600000381469727,24.709999084472656,18.771230697631836,52912600,MSFT
2010-08-18,24.68000030517578,24.950000762939453,24.40999984741211,24.81999969482422,18.854793548583984,46818900,MSFT
2010-08-19,24.6200008392334,24.739999771118164,24.209999084472656,24.440000534057617,18.566123962402344,54064600,MSFT
2010-08-20,24.309999465942383,24.399999618530273,24.200000762939453,24.229999542236328,18.406593322753906,49560100,MSFT
2010-08-23,24.440000534057617,24.639999389648438,24.239999771118164,24.280000686645508,18.444580078125,51643000,MSFT
2010-08-24,24.09000015258789,24.350000381469727,24.0,24.040000915527344,18.26226234436035,66522500,MSFT
2010-08-25,24.0,24.219999313354492,23.8700008392334,24.100000381469727,18.307842254638672,47404800,MSFT
2010-08-26,24.09000015258789,24.190000534057617,23.790000915527344,23.81999969482422,18.09513282775879,49105300,MSFT
2010-08-27,23.8799991607666,24.020000457763672,23.510000228881836,23.93000030517578,18.178691864013672,60939400,MSFT
2010-08-30,23.739999771118164,23.81999969482422,23.600000381469727,23.639999389648438,17.958383560180664,45453100,MSFT
2010-08-31,23.600000381469727,23.729999542236328,23.31999969482422,23.469999313354492,17.82925033569336,66074600,MSFT
2010-09-01,23.670000076293945,23.950000762939453,23.540000915527344,23.899999618530273,18.15590476989746,65235900,MSFT
2010-09-02,23.8799991607666,23.950000762939453,23.709999084472656,23.940000534057617,18.186290740966797,48837100,MSFT
2010-09-03,24.239999771118164,24.450000762939453,24.200000762939453,24.290000915527344,18.452177047729492,64189100,MSFT
2010-09-07,24.100000381469727,24.299999237060547,23.920000076293945,23.959999084472656,18.20148468017578,51928700,MSFT
2010-09-08,24.06999969482422,24.200000762939453,23.739999771118164,23.93000030517578,18.178691864013672,65512400,MSFT
2010-09-09,24.190000534057617,24.209999084472656,23.989999771118164,24.010000228881836,18.239463806152344,46028900,MSFT
2010-09-10,23.979999542236328,24.030000686645508,23.790000915527344,23.850000381469727,18.117921829223633,58284300,MSFT
2010-09-13,24.200000762939453,25.290000915527344,24.09000015258789,25.110000610351562,19.07509422302246,114680400,MSFT
2010-09-14,25.040000915527344,25.350000381469727,24.889999389648438,25.030000686645508,19.014324188232422,87160400,MSFT
2010-09-15,25.100000381469727,25.219999313354492,24.920000076293945,25.1200008392334,19.082700729370117,56201900,MSFT
2010-09-16,25.059999465942383,25.3700008392334,25.049999237060547,25.329999923706055,19.242218017578125,44548300,MSFT
2010-09-17,25.399999618530273,25.530000686645508,25.079999923706055,25.219999313354492,19.158660888671875,70341600,MSFT
2010-09-20,25.280000686645508,25.520000457763672,25.110000610351562,25.43000030517578,19.318185806274414,49838700,MSFT
2010-09-21,25.420000076293945,25.420000076293945,25.079999923706055,25.149999618530273,19.105478286743164,52675700,MSFT
2010-09-22,24.889999389648438,24.969999313354492,24.360000610351562,24.610000610351562,18.69526481628418,94299400,MSFT
2010-09-23,24.510000228881836,24.59000015258789,24.360000610351562,24.43000030517578,18.55852508544922,46201800,MSFT
2010-09-24,24.639999389648438,24.799999237060547,24.579999923706055,24.780000686645508,18.82440948486328,51948800,MSFT
2010-09-27,24.850000381469727,24.989999771118164,24.59000015258789,24.729999542236328,18.78643035888672,43603300,MSFT
2010-09-28,24.799999237060547,24.899999618530273,24.350000381469727,24.68000030517578,18.748445510864258,56041200,MSFT
2010-09-29,24.6299991607666,24.65999984741211,24.399999618530273,24.5,18.611703872680664,44318900,MSFT
2010-09-30,24.610000610351562,24.829999923706055,24.360000610351562,24.489999771118164,18.60410499572754,61262700,MSFT
2010-10-01,24.770000457763672,24.81999969482422,24.299999237060547,24.3799991607666,18.52054214477539,62672300,MSFT
2010-10-04,23.959999084472656,23.989999771118164,23.780000686645508,23.90999984741211,18.163511276245117,98143400,MSFT
2010-10-05,24.059999465942383,24.450000762939453,23.90999984741211,24.350000381469727,18.497756958007812,78152900,MSFT
2010-10-06,24.31999969482422,24.540000915527344,24.1299991607666,24.43000030517578,18.55852508544922,50489700,MSFT
2010-10-07,24.6200008392334,24.75,24.280000686645508,24.530000686645508,18.634490966796875,50096100,MSFT
2010-10-08,24.6200008392334,24.649999618530273,24.3700008392334,24.56999969482422,18.664875030517578,41327800,MSFT
2010-10-11,24.739999771118164,24.739999771118164,24.5,24.59000015258789,18.680070877075195,27587800,MSFT
2010-10-12,24.649999618530273,24.93000030517578,24.43000030517578,24.829999923706055,18.862388610839844,50141500,MSFT
2010-10-13,25.020000457763672,25.540000915527344,24.889999389648438,25.34000015258789,19.249820709228516,75336500,MSFT
2010-10-14,25.290000915527344,25.34000015258789,25.0,25.229999542236328,19.166257858276367,51949100,MSFT
2010-10-15,25.360000610351562,25.549999237060547,25.229999542236328,25.540000915527344,19.40175437927246,68954800,MSFT
2010-10-18,25.59000015258789,25.950000762939453,25.450000762939453,25.81999969482422,19.614459991455078,48330500,MSFT
2010-10-19,25.270000457763672,25.3700008392334,24.950000762939453,25.100000381469727,19.067502975463867,66150900,MSFT
2010-10-20,25.260000228881836,25.399999618530273,25.100000381469727,25.309999465942383,19.227035522460938,56283600,MSFT
2010-10-21,25.399999618530273,25.540000915527344,25.049999237060547,25.420000076293945,19.31058692932129,50032400,MSFT
2010-10-22,25.520000457763672,25.540000915527344,25.270000457763672,25.3799991607666,19.280197143554688,25837900,MSFT
2010-10-25,25.239999771118164,25.350000381469727,25.170000076293945,25.190000534057617,19.135866165161133,50912400,MSFT
2010-10-26,25.1200008392334,25.969999313354492,25.059999465942383,25.899999618530273,19.675228118896484,69304200,MSFT
2010-10-27,25.790000915527344,26.110000610351562,25.6200008392334,26.049999237060547,19.78917694091797,64805500,MSFT
2010-10-28,26.209999084472656,26.3799991607666,25.920000076293945,26.280000686645508,19.963905334472656,80730300,MSFT
2010-10-29,27.149999618530273,27.200000762939453,26.479999542236328,26.670000076293945,20.260169982910156,114193200,MSFT
2010-11-01,26.8799991607666,27.219999313354492,26.700000762939453,26.950000762939453,20.472875595092773,61912100,MSFT
2010-11-02,27.059999465942383,27.420000076293945,27.020000457763672,27.389999389648438,20.8071231842041,54402100,MSFT
2010-11-03,27.459999084472656,27.489999771118164,26.959999084472656,27.030000686645508,20.533639907836914,110255300,MSFT
2010-11-04,27.40999984741211,27.43000030517578,27.010000228881836,27.139999389648438,20.617206573486328,93599300,MSFT
2010-11-05,27.170000076293945,27.190000534057617,26.530000686645508,26.850000381469727,20.39689826965332,110953700,MSFT
2010-11-08,26.68000030517578,28.8700008392334,26.579999923706055,26.809999465942383,20.36652374267578,71670800,MSFT
2010-11-09,26.809999465942383,27.110000610351562,26.709999084472656,26.950000762939453,20.472875595092773,58538600,MSFT
2010-11-10,27.010000228881836,27.079999923706055,26.809999465942383,26.940000534057617,20.46527671813965,52277300,MSFT
2010-11-11,26.68000030517578,26.719999313354492,26.280000686645508,26.68000030517578,20.267763137817383,62073100,MSFT
2010-11-12,26.469999313354492,26.520000457763672,26.100000381469727,26.270000457763672,19.956300735473633,64962200,MSFT
2010-11-15,26.329999923706055,26.5,26.170000076293945,26.200000762939453,19.90313148498535,51794600,MSFT
2010-11-16,26.040000915527344,26.040000915527344,25.649999618530273,25.809999465942383,19.727333068847656,65339200,MSFT
2010-11-17,25.899999618530273,25.90999984741211,25.549999237060547,25.56999969482422,19.54389762878418,58299700,MSFT
2010-11-18,25.709999084472656,26.079999923706055,25.610000610351562,25.84000015258789,19.750261306762695,59514000,MSFT
2010-11-19,25.799999237060547,25.829999923706055,25.600000381469727,25.690000534057617,19.635608673095703,52423200,MSFT
2010-11-22,25.649999618530273,25.739999771118164,25.440000534057617,25.729999542236328,19.66617774963379,53350500,MSFT
2010-11-23,25.56999969482422,25.600000381469727,25.09000015258789,25.1200008392334,19.199951171875,69742500,MSFT
2010-11-24,25.200000762939453,25.459999084472656,25.15999984741211,25.3700008392334,19.391029357910156,56825900,MSFT
2010-11-26,25.209999084472656,25.40999984741211,25.170000076293945,25.25,19.299306869506836,21356500,MSFT
2010-11-29,25.190000534057617,25.420000076293945,24.93000030517578,25.309999465942383,19.345172882080078,56603600,MSFT
2010-11-30,25.049999237060547,25.469999313354492,25.0,25.260000228881836,19.306961059570312,75282100,MSFT
2010-12-01,25.56999969482422,26.25,25.559999465942383,26.040000915527344,19.903125762939453,74123500,MSFT
2010-12-02,26.239999771118164,26.979999542236328,26.200000762939453,26.889999389648438,20.552810668945312,91759200,MSFT
2010-12-03,26.809999465942383,27.059999465942383,26.780000686645508,27.020000457763672,20.65217399597168,52622000,MSFT
2010-12-06,26.93000030517578,26.979999542236328,26.760000228881836,26.84000015258789,20.51459312438965,36264200,MSFT
2010-12-07,27.079999923706055,27.1299991607666,26.850000381469727,26.8700008392334,20.537521362304688,57860500,MSFT
2010-12-08,26.829999923706055,27.239999771118164,26.799999237060547,27.229999542236328,20.812679290771484,41666800,MSFT
2010-12-09,27.280000686645508,27.34000015258789,27.010000228881836,27.079999923706055,20.698026657104492,47148300,MSFT
2010-12-10,27.190000534057617,27.399999618530273,27.110000610351562,27.34000015258789,20.896751403808594,37625800,MSFT
2010-12-13,27.270000457763672,27.450000762939453,27.170000076293945,27.25,20.827964782714844,47943900,MSFT
2010-12-14,27.309999465942383,27.75,27.260000228881836,27.6200008392334,21.11076545715332,64070500,MSFT
2010-12-15,27.530000686645508,27.989999771118164,27.530000686645508,27.850000381469727,21.286556243896484,69634200,MSFT
2010-12-16,27.760000228881836,27.989999771118164,27.65999984741211,27.989999771118164,21.393569946289062,57680200,MSFT
2010-12-17,27.920000076293945,28.09000015258789,27.75,27.899999618530273,21.324787139892578,87456500,MSFT
2010-12-20,27.950000762939453,27.989999771118164,27.68000030517578,27.809999465942383,21.2559871673584,52811000,MSFT
2010-12-21,27.850000381469727,28.139999389648438,27.760000228881836,28.06999969482422,21.4547061920166,38153000,MSFT
2010-12-22,28.010000228881836,28.399999618530273,27.979999542236328,28.190000534057617,21.546436309814453,42252300,MSFT
2010-12-23,27.969999313354492,28.31999969482422,27.959999084472656,28.299999237060547,21.630512237548828,24902500,MSFT
2010-12-27,28.1200008392334,28.200000762939453,27.8799991607666,28.06999969482422,21.4547061920166,21652800,MSFT
2010-12-28,27.969999313354492,28.170000076293945,27.959999084472656,28.010000228881836,21.408855438232422,23042200,MSFT
2010-12-29,27.940000534057617,28.1200008392334,27.8799991607666,27.969999313354492,21.378278732299805,19502500,MSFT
2010-12-30,27.920000076293945,28.0,27.780000686645508,27.850000381469727,21.286556243896484,20786100,MSFT
2010-12-31,27.799999237060547,27.920000076293945,27.6299991607666,27.90999984741211,21.332416534423828,24752000,MSFT
2011-01-03,28.049999237060547,28.18000030517578,27.920000076293945,27.979999542236328,21.385923385620117,53443800,MSFT
2011-01-04,27.940000534057617,28.170000076293945,27.850000381469727,28.09000015258789,21.470006942749023,54405600,MSFT
2011-01-05,27.899999618530273,28.010000228881836,27.770000457763672,28.0,21.401212692260742,58998700,MSFT
2011-01-06,28.040000915527344,28.850000381469727,27.860000610351562,28.81999969482422,22.027957916259766,88026300,MSFT
2011-01-07,28.639999389648438,28.739999771118164,28.25,28.600000381469727,21.859806060791016,73762000,MSFT
2011-01-10,28.260000228881836,28.399999618530273,28.040000915527344,28.219999313354492,21.569360733032227,57573600,MSFT
2011-01-11,28.200000762939453,28.25,28.049999237060547,28.110000610351562,21.485288619995117,50298900,MSFT
2011-01-12,28.1200008392334,28.59000015258789,28.06999969482422,28.549999237060547,21.821592330932617,52631100,MSFT
2011-01-13,28.329999923706055,28.389999389648438,28.010000228881836,28.190000534057617,21.546436309814453,67077600,MSFT
2011-01-14,28.079999923706055,28.3799991607666,27.90999984741211,28.299999237060547,21.630512237548828,62688400,MSFT
2011-01-18,28.15999984741211,28.739999771118164,28.139999389648438,28.65999984741211,21.90567398071289,53322700,MSFT
2011-01-19,28.459999084472656,28.68000030517578,28.270000457763672,28.469999313354492,21.760446548461914,50005900,MSFT
2011-01-20,28.5,28.549999237060547,28.1299991607666,28.350000381469727,21.668725967407227,58613600,MSFT
2011-01-21,28.399999618530273,28.43000030517578,28.020000457763672,28.020000457763672,21.4164981842041,58080300,MSFT
2011-01-24,28.020000457763672,28.559999465942383,27.989999771118164,28.3799991607666,21.6916561126709,52047800,MSFT
2011-01-25,28.139999389648438,28.450000762939453,28.1200008392334,28.450000762939453,21.745162963867188,42436600,MSFT
2011-01-26,28.510000228881836,28.989999771118164,28.5,28.780000686645508,21.997386932373047,74628800,MSFT
2011-01-27,28.75,29.459999084472656,28.489999771118164,28.8700008392334,22.06617546081543,146938600,MSFT
2011-01-28,28.899999618530273,28.93000030517578,27.450000762939453,27.75,21.210124969482422,141249400,MSFT
2011-01-31,27.770000457763672,27.899999618530273,27.420000076293945,27.729999542236328,21.194847106933594,65029000,MSFT
2011-02-01,27.799999237060547,28.059999465942383,27.610000610351562,27.989999771118164,21.393569946289062,62810700,MSFT
2011-02-02,27.93000030517578,28.110000610351562,27.8799991607666,27.940000534057617,21.355348587036133,45824000,MSFT
2011-02-03,27.969999313354492,27.969999313354492,27.540000915527344,27.649999618530273,21.13369369506836,60340100,MSFT
2011-02-04,27.700000762939453,27.84000015258789,27.510000228881836,27.770000457763672,21.225412368774414,40412200,MSFT
2011-02-07,27.799999237060547,28.34000015258789,27.790000915527344,28.200000762939453,21.554079055786133,68980900,MSFT
2011-02-08,28.100000381469727,28.34000015258789,28.049999237060547,28.280000686645508,21.61522674560547,34904200,MSFT
2011-02-09,28.190000534057617,28.260000228881836,27.90999984741211,27.969999313354492,21.378278732299805,52905100,MSFT
2011-02-10,27.93000030517578,27.940000534057617,27.290000915527344,27.5,21.01905059814453,76672400,MSFT
2011-02-11,27.760000228881836,27.809999465942383,27.06999969482422,27.25,20.827964782714844,83939700,MSFT
2011-02-14,27.209999084472656,27.270000457763672,26.950000762939453,27.229999542236328,20.812679290771484,56766200,MSFT
2011-02-15,27.040000915527344,27.329999923706055,26.950000762939453,26.959999084472656,20.728103637695312,44116500,MSFT
2011-02-16,27.049999237060547,27.06999969482422,26.600000381469727,27.020000457763672,20.77423667907715,70817900,MSFT
2011-02-17,26.969999313354492,27.3700008392334,26.90999984741211,27.209999084472656,20.920316696166992,57207300,MSFT
2011-02-18,27.1299991607666,27.209999084472656,26.989999771118164,27.059999465942383,20.80498695373535,68667800,MSFT
2011-02-22,26.780000686645508,27.100000381469727,26.520000457763672,26.59000015258789,20.443634033203125,60889000,MSFT
2011-02-23,26.530000686645508,26.860000610351562,26.43000030517578,26.59000015258789,20.443634033203125,60234100,MSFT
2011-02-24,26.639999389648438,27.059999465942383,26.5,26.770000457763672,20.58202362060547,64494200,MSFT
2011-02-25,26.90999984741211,26.950000762939453,26.5,26.549999237060547,20.412878036499023,53006300,MSFT
2011-02-28,26.690000534057617,26.860000610351562,26.510000228881836,26.579999923706055,20.435945510864258,51379900,MSFT
2011-03-01,26.600000381469727,26.780000686645508,26.149999618530273,26.15999984741211,20.11302947998047,60055000,MSFT
2011-03-02,26.110000610351562,26.3700008392334,26.040000915527344,26.079999923706055,20.051517486572266,48658200,MSFT
2011-03-03,26.260000228881836,26.399999618530273,26.18000030517578,26.200000762939453,20.143787384033203,68271500,MSFT
2011-03-04,26.219999313354492,26.239999771118164,25.799999237060547,25.950000762939453,19.951576232910156,70437200,MSFT
2011-03-07,26.1299991607666,26.270000457763672,25.549999237060547,25.719999313354492,19.774734497070312,64980400,MSFT
2011-03-08,25.770000457763672,26.020000457763672,25.649999618530273,25.90999984741211,19.92081642150879,50549800,MSFT
2011-03-09,25.809999465942383,25.979999542236328,25.65999984741211,25.889999389648438,19.905439376831055,39789100,MSFT
2011-03-10,25.6200008392334,25.709999084472656,25.350000381469727,25.40999984741211,19.53639030456543,66549500,MSFT
2011-03-11,25.40999984741211,25.850000381469727,25.360000610351562,25.68000030517578,19.743986129760742,49905800,MSFT
2011-03-14,25.489999771118164,25.760000228881836,25.350000381469727,25.690000534057617,19.751665115356445,54473400,MSFT
2011-03-15,25.079999923706055,25.469999313354492,25.0,25.389999389648438,19.521013259887695,76067300,MSFT
2011-03-16,25.219999313354492,25.280000686645508,24.68000030517578,24.790000915527344,19.059703826904297,100725400,MSFT
2011-03-17,25.059999465942383,25.219999313354492,24.75,24.780000686645508,19.052013397216797,62497000,MSFT
2011-03-18,25.059999465942383,25.18000030517578,24.799999237060547,24.799999237060547,19.067394256591797,85486700,MSFT
2011-03-21,25.18000030517578,25.579999923706055,25.149999618530273,25.329999923706055,19.47488021850586,46878100,MSFT
2011-03-22,25.299999237060547,25.459999084472656,25.229999542236328,25.299999237060547,19.451824188232422,30895600,MSFT
2011-03-23,25.229999542236328,25.610000610351562,25.18000030517578,25.540000915527344,19.636348724365234,43969000,MSFT
2011-03-24,25.600000381469727,25.8700008392334,25.5,25.809999465942383,19.84392547607422,38696700,MSFT
2011-03-25,25.93000030517578,25.950000762939453,25.59000015258789,25.6200008392334,19.69785499572754,57029800,MSFT
2011-03-28,25.65999984741211,25.719999313354492,25.3799991607666,25.40999984741211,19.53639030456543,48973200,MSFT
2011-03-29,25.34000015258789,25.520000457763672,25.299999237060547,25.489999771118164,19.597902297973633,40763500,MSFT
2011-03-30,25.600000381469727,25.719999313354492,25.5,25.610000610351562,19.69017219543457,41999300,MSFT
2011-03-31,25.600000381469727,25.68000030517578,25.34000015258789,25.389999389648438,19.521013259887695,63233700,MSFT
2011-04-01,25.530000686645508,25.530000686645508,25.309999465942383,25.479999542236328,19.590219497680664,63114200,MSFT
2011-04-04,25.450000762939453,25.65999984741211,25.40999984741211,25.549999237060547,19.644031524658203,35433700,MSFT
2011-04-05,25.81999969482422,26.18000030517578,25.739999771118164,25.780000686645508,19.820873260498047,73651100,MSFT
2011-04-06,25.979999542236328,26.309999465942383,25.860000610351562,26.149999618530273,20.1053409576416,65581400,MSFT
2011-04-07,26.190000534057617,26.260000228881836,25.969999313354492,26.200000762939453,20.143787384033203,46134700,MSFT
2011-04-08,26.170000076293945,26.280000686645508,25.959999084472656,26.06999969482422,20.043838500976562,39887600,MSFT
2011-04-11,26.190000534057617,26.25,25.799999237060547,25.979999542236328,19.97463607788086,34286300,MSFT
2011-04-12,25.829999923706055,25.850000381469727,25.549999237060547,25.639999389648438,19.713233947753906,36920400,MSFT
2011-04-13,25.649999618530273,25.8700008392334,25.559999465942383,25.6299991607666,19.705543518066406,38144700,MSFT
2011-04-14,25.420000076293945,25.440000534057617,25.09000015258789,25.420000076293945,19.544076919555664,55239900,MSFT
2011-04-15,25.459999084472656,25.559999465942383,25.18000030517578,25.3700008392334,19.505634307861328,65080400,MSFT
2011-04-18,25.100000381469727,25.280000686645508,24.719999313354492,25.079999923706055,19.282676696777344,58045100,MSFT
2011-04-19,25.0,25.170000076293945,24.8700008392334,25.149999618530273,19.336496353149414,38892400,MSFT
2011-04-20,25.540000915527344,26.0,25.510000228881836,25.760000228881836,19.805492401123047,61608600,MSFT
2011-04-21,25.790000915527344,25.889999389648438,25.360000610351562,25.520000457763672,19.620973587036133,46892300,MSFT
2011-04-25,25.559999465942383,25.6200008392334,25.34000015258789,25.610000610351562,19.69017219543457,33525100,MSFT
2011-04-26,25.739999771118164,26.440000534057617,25.670000076293945,26.190000534057617,20.136093139648438,69200000,MSFT
2011-04-27,26.299999237060547,26.389999389648438,26.1299991607666,26.3799991607666,20.28217887878418,52689000,MSFT
2011-04-28,26.459999084472656,26.8700008392334,26.399999618530273,26.709999084472656,20.535898208618164,80200000,MSFT
2011-04-29,26.549999237060547,26.639999389648438,25.360000610351562,25.920000076293945,19.92850112915039,319317900,MSFT
2011-05-02,25.940000534057617,26.0,25.479999542236328,25.65999984741211,19.72860336303711,89825600,MSFT
2011-05-03,25.600000381469727,25.850000381469727,25.489999771118164,25.809999465942383,19.84392547607422,71892900,MSFT
2011-05-04,25.850000381469727,26.25,25.790000915527344,26.059999465942383,20.03614616394043,73292300,MSFT
2011-05-05,26.049999237060547,26.079999923706055,25.68000030517578,25.790000915527344,19.82855987548828,55600000,MSFT
2011-05-06,26.06999969482422,26.219999313354492,25.75,25.8700008392334,19.890052795410156,55993000,MSFT
2011-05-09,25.799999237060547,25.959999084472656,25.670000076293945,25.829999923706055,19.85930633544922,38696400,MSFT
2011-05-10,25.3799991607666,25.850000381469727,25.25,25.670000076293945,19.73628807067871,120798700,MSFT
2011-05-11,25.649999618530273,25.65999984741211,25.209999084472656,25.360000610351562,19.497953414916992,78600000,MSFT
2011-05-12,25.350000381469727,25.389999389648438,25.100000381469727,25.31999969482422,19.467201232910156,77400000,MSFT
2011-05-13,25.280000686645508,25.31999969482422,24.950000762939453,25.030000686645508,19.24422836303711,66812300,MSFT
2011-05-16,24.959999084472656,25.06999969482422,24.5,24.56999969482422,18.890562057495117,91350900,MSFT
2011-05-17,24.399999618530273,24.700000762939453,24.270000457763672,24.520000457763672,18.975692749023438,82882100,MSFT
2011-05-18,24.530000686645508,24.739999771118164,24.25,24.690000534057617,19.107250213623047,53931100,MSFT
2011-05-19,24.850000381469727,24.8799991607666,24.5,24.719999313354492,19.130455017089844,37783600,MSFT
2011-05-20,24.719999313354492,24.8700008392334,24.440000534057617,24.489999771118164,18.952472686767578,45451500,MSFT
2011-05-23,24.209999084472656,24.25,24.030000686645508,24.170000076293945,18.7048282623291,52692500,MSFT
2011-05-24,24.200000762939453,24.290000915527344,24.040000915527344,24.149999618530273,18.689355850219727,47691800,MSFT
2011-05-25,24.170000076293945,24.309999465942383,24.15999984741211,24.190000534057617,18.720306396484375,34904200,MSFT
2011-05-26,24.350000381469727,25.030000686645508,24.31999969482422,24.670000076293945,19.091777801513672,78016600,MSFT
2011-05-27,24.68000030517578,24.899999618530273,24.649999618530273,24.760000228881836,19.161426544189453,50251000,MSFT
2011-05-31,24.959999084472656,25.059999465942383,24.700000762939453,25.010000228881836,19.354896545410156,60196300,MSFT
2011-06-01,24.989999771118164,25.100000381469727,24.3700008392334,24.43000030517578,18.90604019165039,74033500,MSFT
2011-06-02,24.489999771118164,24.649999618530273,24.18000030517578,24.219999313354492,18.74352264404297,51487800,MSFT
2011-06-03,24.049999237060547,24.139999389648438,23.84000015258789,23.90999984741211,18.503616333007812,60697700,MSFT
2011-06-06,23.889999389648438,24.25,23.770000457763672,24.010000228881836,18.581008911132812,54778700,MSFT
2011-06-07,24.09000015258789,24.170000076293945,23.899999618530273,24.059999465942383,18.61969757080078,41112600,MSFT
2011-06-08,23.899999618530273,24.020000457763672,23.860000610351562,23.940000534057617,18.526832580566406,42205000,MSFT
2011-06-09,24.010000228881836,24.040000915527344,23.81999969482422,23.959999084472656,18.54231071472168,42878700,MSFT
2011-06-10,24.020000457763672,24.020000457763672,23.690000534057617,23.709999084472656,18.348838806152344,49327200,MSFT
2011-06-13,23.790000915527344,24.190000534057617,23.700000762939453,24.040000915527344,18.604223251342773,47572500,MSFT
2011-06-14,24.299999237060547,24.450000762939453,24.190000534057617,24.219999313354492,18.74352264404297,42894500,MSFT
2011-06-15,24.0,24.010000228881836,23.670000076293945,23.739999771118164,18.37205696105957,49410200,MSFT
2011-06-16,23.75,24.100000381469727,23.649999618530273,24.0,18.573266983032227,57184100,MSFT
2011-06-17,24.219999313354492,24.299999237060547,23.979999542236328,24.260000228881836,18.774473190307617,83320400,MSFT
2011-06-20,24.170000076293945,24.65999984741211,24.15999984741211,24.469999313354492,18.93699073791504,54338400,MSFT
2011-06-21,24.520000457763672,24.860000610351562,24.399999618530273,24.760000228881836,19.161426544189453,49708700,MSFT
2011-06-22,24.600000381469727,24.809999465942383,24.59000015258789,24.649999618530273,19.0762882232666,44287300,MSFT
2011-06-23,24.440000534057617,24.649999618530273,24.200000762939453,24.6299991607666,19.060813903808594,59470400,MSFT
2011-06-24,24.510000228881836,24.540000915527344,24.190000534057617,24.299999237060547,18.805431365966797,101387200,MSFT
2011-06-27,24.229999542236328,25.459999084472656,24.229999542236328,25.200000762939453,19.50193214416504,92044200,MSFT
2011-06-28,25.299999237060547,25.920000076293945,25.15999984741211,25.799999237060547,19.966266632080078,81032100,MSFT
2011-06-29,25.709999084472656,25.709999084472656,25.360000610351562,25.6200008392334,19.826961517333984,66051000,MSFT
2011-06-30,25.739999771118164,26.0,25.65999984741211,26.0,20.12103843688965,52535400,MSFT
2011-07-01,25.93000030517578,26.170000076293945,25.84000015258789,26.020000457763672,20.13652229309082,52906200,MSFT
2011-07-05,26.100000381469727,26.149999618530273,25.899999618530273,26.030000686645508,20.144256591796875,37805300,MSFT
2011-07-06,25.969999313354492,26.3700008392334,25.959999084472656,26.329999923706055,20.376420974731445,48744200,MSFT
2011-07-07,26.489999771118164,26.8799991607666,26.360000610351562,26.770000457763672,20.716930389404297,51946500,MSFT
2011-07-08,26.540000915527344,26.979999542236328,26.510000228881836,26.920000076293945,20.833017349243164,58320700,MSFT
2011-07-11,26.6200008392334,26.799999237060547,26.489999771118164,26.6299991607666,20.608585357666016,43999800,MSFT
2011-07-12,26.549999237060547,26.790000915527344,26.34000015258789,26.540000915527344,20.5389404296875,47319300,MSFT
2011-07-13,26.600000381469727,26.959999084472656,26.510000228881836,26.6299991607666,20.608585357666016,40861800,MSFT
2011-07-14,26.6200008392334,27.010000228881836,26.360000610351562,26.469999313354492,20.484764099121094,46382300,MSFT
2011-07-15,26.469999313354492,26.93000030517578,26.469999313354492,26.780000686645508,20.724674224853516,49132400,MSFT
2011-07-18,26.6299991607666,26.899999618530273,26.260000228881836,26.59000015258789,20.57763671875,44501900,MSFT
2011-07-19,26.809999465942383,27.639999389648438,26.780000686645508,27.540000915527344,21.312824249267578,86730600,MSFT
2011-07-20,27.280000686645508,27.350000381469727,26.979999542236328,27.059999465942383,20.94135284423828,49795400,MSFT
2011-07-21,27.040000915527344,27.309999465942383,26.649999618530273,27.100000381469727,20.97231101989746,81737400,MSFT
2011-07-22,26.860000610351562,27.549999237060547,26.68000030517578,27.530000686645508,21.305091857910156,76380600,MSFT
2011-07-25,27.260000228881836,28.09000015258789,27.190000534057617,27.90999984741211,21.59916114807129,108482400,MSFT
2011-07-26,27.81999969482422,28.149999618530273,27.780000686645508,28.079999923706055,21.730716705322266,74636500,MSFT
2011-07-27,27.8799991607666,27.989999771118164,27.200000762939453,27.329999923706055,21.15031623840332,71488700,MSFT
2011-07-28,27.290000915527344,28.06999969482422,27.209999084472656,27.719999313354492,21.452117919921875,83761400,MSFT
2011-07-29,27.520000457763672,27.709999084472656,27.260000228881836,27.399999618530273,21.204479217529297,104394800,MSFT
2011-08-01,27.510000228881836,27.690000534057617,26.75,27.270000457763672,21.103872299194336,61838400,MSFT
2011-08-02,26.979999542236328,27.450000762939453,26.760000228881836,26.799999237060547,20.740154266357422,63883100,MSFT
2011-08-03,26.829999923706055,27.0,26.479999542236328,26.920000076293945,20.833017349243164,64581200,MSFT
2011-08-04,26.530000686645508,26.8700008392334,25.93000030517578,25.940000534057617,20.07460594177246,92949500,MSFT
2011-08-05,25.969999313354492,26.100000381469727,25.229999542236328,25.68000030517578,19.87339973449707,112071700,MSFT
2011-08-08,25.020000457763672,25.600000381469727,24.389999389648438,24.479999542236328,18.944734573364258,134257200,MSFT
2011-08-09,24.709999084472656,25.6200008392334,24.030000686645508,25.579999923706055,19.7960147857666,126268900,MSFT
2011-08-10,24.950000762939453,25.09000015258789,24.100000381469727,24.200000762939453,18.728046417236328,127819900,MSFT
2011-08-11,24.5,25.3799991607666,24.399999618530273,25.190000534057617,19.49419593811035,90690100,MSFT
2011-08-12,25.1299991607666,25.34000015258789,24.649999618530273,25.100000381469727,19.424541473388672,64787100,MSFT
2011-08-15,25.239999771118164,25.579999923706055,25.149999618530273,25.510000228881836,19.741840362548828,56529400,MSFT
2011-08-16,25.219999313354492,25.59000015258789,25.049999237060547,25.350000381469727,19.741840362548828,54251500,MSFT
2011-08-17,25.25,25.700000762939453,24.93000030517578,25.25,19.663963317871094,50923700,MSFT
2011-08-18,24.56999969482422,25.09000015258789,24.030000686645508,24.670000076293945,19.212268829345703,105714200,MSFT
2011-08-19,24.40999984741211,24.6200008392334,23.90999984741211,24.049999237060547,18.729429244995117,77397900,MSFT
2011-08-22,24.420000076293945,24.489999771118164,23.790000915527344,23.979999542236328,18.6749210357666,54721000,MSFT
2011-08-23,24.030000686645508,24.75,24.030000686645508,24.719999313354492,19.25121307373047,59670600,MSFT
2011-08-24,24.649999618530273,24.93000030517578,24.420000076293945,24.899999618530273,19.391387939453125,45329700,MSFT
2011-08-25,25.079999923706055,25.15999984741211,24.5,24.56999969482422,19.134395599365234,48192000,MSFT
2011-08-26,24.510000228881836,25.34000015258789,24.420000076293945,25.25,19.663963317871094,71957000,MSFT
2011-08-29,25.530000686645508,25.860000610351562,25.3700008392334,25.84000015258789,20.123432159423828,38863200,MSFT
2011-08-30,25.729999542236328,26.43000030517578,25.700000762939453,26.229999542236328,20.427156448364258,57341400,MSFT
2011-08-31,26.290000915527344,26.709999084472656,26.260000228881836,26.600000381469727,20.715293884277344,59300800,MSFT
2011-09-01,26.459999084472656,26.860000610351562,26.209999084472656,26.209999084472656,20.411575317382812,60510800,MSFT
2011-09-02,25.780000686645508,26.0,25.65999984741211,25.799999237060547,20.09228515625,43894400,MSFT
2011-09-06,25.200000762939453,25.59000015258789,25.110000610351562,25.510000228881836,19.866439819335938,54929300,MSFT
2011-09-07,25.690000534057617,26.0,25.56999969482422,26.0,20.2480411529541,41961000,MSFT
2011-09-08,26.0,26.65999984741211,25.950000762939453,26.219999313354492,20.419370651245117,65811900,MSFT
2011-09-09,26.0,26.18000030517578,25.5,25.739999771118164,20.045557022094727,64529200,MSFT
2011-09-12,25.440000534057617,25.93000030517578,25.270000457763672,25.889999389648438,20.162364959716797,55046100,MSFT
2011-09-13,25.920000076293945,26.190000534057617,25.809999465942383,26.040000915527344,20.279193878173828,48792300,MSFT
2011-09-14,26.170000076293945,26.799999237060547,25.889999389648438,26.5,20.637428283691406,66739200,MSFT
2011-09-15,26.729999542236328,27.030000686645508,26.309999465942383,26.989999771118164,21.019023895263672,67808300,MSFT
2011-09-16,27.049999237060547,27.270000457763672,26.829999923706055,27.1200008392334,21.120264053344727,89681500,MSFT
2011-09-19,26.799999237060547,27.309999465942383,26.600000381469727,27.209999084472656,21.19034767150879,52324900,MSFT
2011-09-20,27.309999465942383,27.5,26.93000030517578,26.979999542236328,21.011234283447266,49211900,MSFT
2011-09-21,27.049999237060547,27.059999465942383,25.969999313354492,25.989999771118164,20.240257263183594,72750700,MSFT
2011-09-22,25.299999237060547,25.649999618530273,24.600000381469727,25.059999465942383,19.515987396240234,96278300,MSFT
2011-09-23,24.899999618530273,25.149999618530273,24.690000534057617,25.059999465942383,19.515987396240234,64768100,MSFT
2011-09-26,25.190000534057617,25.520000457763672,24.729999542236328,25.440000534057617,19.811931610107422,51057600,MSFT
2011-09-27,25.65999984741211,25.920000076293945,25.450000762939453,25.670000076293945,19.99104118347168,55620700,MSFT
2011-09-28,25.93000030517578,26.3700008392334,25.510000228881836,25.579999923706055,19.920948028564453,60736200,MSFT
2011-09-29,25.979999542236328,26.170000076293945,25.09000015258789,25.450000762939453,19.81971549987793,63407300,MSFT
2011-09-30,25.200000762939453,25.5,24.8799991607666,24.889999389648438,19.383602142333984,54060500,MSFT
2011-10-03,24.719999313354492,25.34000015258789,24.520000457763672,24.530000686645508,19.103248596191406,64592500,MSFT
2011-10-04,24.299999237060547,25.389999389648438,24.260000228881836,25.34000015258789,19.734058380126953,83485400,MSFT
2011-10-05,25.420000076293945,26.15999984741211,25.15999984741211,25.889999389648438,20.162364959716797,94061300,MSFT
2011-10-06,25.899999618530273,26.399999618530273,25.700000762939453,26.34000015258789,20.5128116607666,55111400,MSFT
2011-10-07,26.34000015258789,26.510000228881836,26.200000762939453,26.25,20.442729949951172,52741600,MSFT
2011-10-10,26.579999923706055,26.969999313354492,26.469999313354492,26.940000534057617,20.980085372924805,41815300,MSFT
2011-10-11,26.860000610351562,27.06999969482422,26.719999313354492,27.0,21.02680778503418,38826200,MSFT
2011-10-12,27.18000030517578,27.309999465942383,26.899999618530273,26.959999084472656,20.99565315246582,52489800,MSFT
2011-10-13,26.760000228881836,27.200000762939453,26.6200008392334,27.18000030517578,21.166996002197266,43823500,MSFT
2011-10-14,27.309999465942383,27.5,27.020000457763672,27.270000457763672,21.237079620361328,50947700,MSFT
2011-10-17,27.110000610351562,27.420000076293945,26.850000381469727,26.979999542236328,21.011234283447266,39453300,MSFT
2011-10-18,26.940000534057617,27.399999618530273,26.799999237060547,27.309999465942383,21.26822280883789,52487900,MSFT
2011-10-19,27.3700008392334,27.469999313354492,27.010000228881836,27.1299991607666,21.128047943115234,42880000,MSFT
2011-10-20,27.260000228881836,27.34000015258789,26.399999618530273,27.040000915527344,21.057960510253906,76300200,MSFT
2011-10-21,27.149999618530273,27.190000534057617,26.799999237060547,27.15999984741211,21.15141487121582,76620600,MSFT
2011-10-24,27.059999465942383,27.399999618530273,27.040000915527344,27.190000534057617,21.174772262573242,56897800,MSFT
2011-10-25,27.079999923706055,27.229999542236328,26.719999313354492,26.809999465942383,20.878841400146484,53554600,MSFT
2011-10-26,27.030000686645508,27.059999465942383,26.100000381469727,26.59000015258789,20.7075138092041,63029900,MSFT
2011-10-27,27.1299991607666,27.399999618530273,26.649999618530273,27.25,21.22150230407715,74512400,MSFT
2011-10-28,27.139999389648438,27.190000534057617,26.790000915527344,26.979999542236328,21.011234283447266,57712100,MSFT
2011-10-31,26.760000228881836,27.0,26.6200008392334,26.6299991607666,20.738666534423828,46799000,MSFT
2011-11-01,26.190000534057617,26.31999969482422,25.860000610351562,25.989999771118164,20.240257263183594,61182600,MSFT
2011-11-02,26.100000381469727,26.200000762939453,25.700000762939453,26.010000228881836,20.255821228027344,53533100,MSFT
2011-11-03,26.239999771118164,26.59000015258789,25.979999542236328,26.530000686645508,20.660791397094727,65836100,MSFT
2011-11-04,26.3799991607666,26.399999618530273,26.0,26.25,20.442729949951172,36549200,MSFT
2011-11-07,26.209999084472656,26.81999969482422,26.1299991607666,26.799999237060547,20.87105369567871,42589700,MSFT
2011-11-08,27.010000228881836,27.200000762939453,26.690000534057617,27.15999984741211,21.15141487121582,47822500,MSFT
2011-11-09,26.59000015258789,26.75,26.059999465942383,26.200000762939453,20.403797149658203,62950900,MSFT
2011-11-10,26.469999313354492,26.5,26.1200008392334,26.280000686645508,20.466087341308594,32514400,MSFT
2011-11-11,26.579999923706055,27.079999923706055,26.56999969482422,26.90999984741211,20.95671844482422,37903000,MSFT
2011-11-14,26.8799991607666,27.0,26.649999618530273,26.760000228881836,20.83990478515625,34199200,MSFT
2011-11-15,26.559999465942383,26.940000534057617,26.399999618530273,26.739999771118164,20.981143951416016,43874200,MSFT
2011-11-16,26.469999313354492,26.510000228881836,26.040000915527344,26.06999969482422,20.45543098449707,53262800,MSFT
2011-11-17,26.010000228881836,26.040000915527344,25.440000534057617,25.540000915527344,20.039575576782227,70977500,MSFT
2011-11-18,25.479999542236328,25.5,25.149999618530273,25.299999237060547,19.851261138916016,47626200,MSFT
2011-11-21,25.239999771118164,25.25,24.899999618530273,25.0,19.615880966186523,61882500,MSFT
2011-11-22,24.889999389648438,24.959999084472656,24.649999618530273,24.790000915527344,19.451095581054688,49204500,MSFT
2011-11-23,24.610000610351562,24.790000915527344,24.469999313354492,24.469999313354492,19.200016021728516,49099700,MSFT
2011-11-25,24.3799991607666,24.670000076293945,24.299999237060547,24.299999237060547,19.066633224487305,26164600,MSFT
2011-11-28,24.940000534057617,24.969999313354492,24.690000534057617,24.8700008392334,19.513870239257812,46766700,MSFT
2011-11-29,24.81999969482422,25.040000915527344,24.75,24.84000015258789,19.490337371826172,40917100,MSFT
2011-11-30,25.3700008392334,25.59000015258789,25.139999389648438,25.579999923706055,20.070953369140625,81350900,MSFT
2011-12-01,25.559999465942383,25.6299991607666,25.200000762939453,25.280000686645508,19.835567474365234,48545400,MSFT
2011-12-02,25.59000015258789,25.6200008392334,25.15999984741211,25.219999313354492,19.788488388061523,52293800,MSFT
2011-12-05,25.780000686645508,25.799999237060547,25.5,25.700000762939453,20.165117263793945,56818400,MSFT
2011-12-06,25.809999465942383,25.8700008392334,25.610000610351562,25.65999984741211,20.133724212646484,46175300,MSFT
2011-12-07,25.670000076293945,25.760000228881836,25.34000015258789,25.600000381469727,20.086650848388672,62667000,MSFT
2011-12-08,25.479999542236328,25.719999313354492,25.3700008392334,25.399999618530273,19.92972755432129,60522200,MSFT
2011-12-09,25.520000457763672,25.8700008392334,25.5,25.700000762939453,20.165117263793945,53788500,MSFT
2011-12-12,25.40999984741211,25.56999969482422,25.290000915527344,25.510000228881836,20.016040802001953,38945900,MSFT
2011-12-13,25.75,26.100000381469727,25.649999618530273,25.760000228881836,20.212194442749023,54581100,MSFT
2011-12-14,25.719999313354492,25.860000610351562,25.56999969482422,25.59000015258789,20.078805923461914,47926400,MSFT
2011-12-15,25.719999313354492,25.8799991607666,25.540000915527344,25.559999465942383,20.055267333984375,46213900,MSFT
2011-12-16,25.670000076293945,26.170000076293945,25.6299991607666,26.0,20.4005126953125,101408100,MSFT
2011-12-19,26.020000457763672,26.1200008392334,25.459999084472656,25.530000686645508,20.031728744506836,52258300,MSFT
2011-12-20,25.860000610351562,26.100000381469727,25.809999465942383,26.030000686645508,20.42404556274414,60767600,MSFT
2011-12-21,26.010000228881836,26.190000534057617,25.440000534057617,25.760000228881836,20.212194442749023,64132500,MSFT
2011-12-22,25.81999969482422,25.860000610351562,25.479999542236328,25.809999465942383,20.25143051147461,35794100,MSFT
2011-12-23,25.90999984741211,26.040000915527344,25.729999542236328,26.030000686645508,20.42404556274414,23205800,MSFT
2011-12-27,25.959999084472656,26.139999389648438,25.93000030517578,26.040000915527344,20.431894302368164,21287200,MSFT
2011-12-28,26.110000610351562,26.149999618530273,25.760000228881836,25.81999969482422,20.25927734375,29822500,MSFT
2011-12-29,25.950000762939453,26.049999237060547,25.860000610351562,26.020000457763672,20.416196823120117,22616900,MSFT
2011-12-30,26.0,26.1200008392334,25.90999984741211,25.959999084472656,20.369121551513672,27395700,MSFT
2012-01-03,26.549999237060547,26.959999084472656,26.389999389648438,26.770000457763672,21.004682540893555,64731500,MSFT
2012-01-04,26.81999969482422,27.469999313354492,26.780000686645508,27.399999618530273,21.498992919921875,80516100,MSFT
2012-01-05,27.3799991607666,27.729999542236328,27.290000915527344,27.68000030517578,21.718698501586914,56081400,MSFT
2012-01-06,27.530000686645508,28.190000534057617,27.530000686645508,28.110000610351562,22.05608367919922,99455500,MSFT
2012-01-09,28.049999237060547,28.100000381469727,27.719999313354492,27.739999771118164,21.765775680541992,59706800,MSFT
2012-01-10,27.93000030517578,28.149999618530273,27.75,27.84000015258789,21.844234466552734,60014400,MSFT
2012-01-11,27.43000030517578,27.979999542236328,27.3700008392334,27.719999313354492,21.750078201293945,65582400,MSFT
2012-01-12,27.8700008392334,28.020000457763672,27.649999618530273,28.0,21.969770431518555,49370800,MSFT
2012-01-13,27.93000030517578,28.25,27.790000915527344,28.25,22.165935516357422,60196100,MSFT
2012-01-17,28.399999618530273,28.649999618530273,28.170000076293945,28.260000228881836,22.173789978027344,72395300,MSFT
2012-01-18,28.309999465942383,28.399999618530273,27.969999313354492,28.229999542236328,22.150243759155273,64860600,MSFT
2012-01-19,28.15999984741211,28.440000534057617,28.030000686645508,28.1200008392334,22.063936233520508,74053500,MSFT
2012-01-20,28.81999969482422,29.739999771118164,28.75,29.709999084472656,23.311504364013672,165902900,MSFT
2012-01-23,29.549999237060547,29.950000762939453,29.350000381469727,29.729999542236328,23.327192306518555,76078100,MSFT
2012-01-24,29.469999313354492,29.56999969482422,29.18000030517578,29.34000015258789,23.021188735961914,51703300,MSFT
2012-01-25,29.06999969482422,29.649999618530273,29.06999969482422,29.559999465942383,23.193811416625977,59231700,MSFT
2012-01-26,29.610000610351562,29.700000762939453,29.399999618530273,29.5,23.146732330322266,49102800,MSFT
2012-01-27,29.450000762939453,29.530000686645508,29.170000076293945,29.229999542236328,22.934877395629883,44187700,MSFT
2012-01-30,28.969999313354492,29.6200008392334,28.829999923706055,29.610000610351562,23.233043670654297,51114800,MSFT
2012-01-31,29.65999984741211,29.700000762939453,29.229999542236328,29.530000686645508,23.170269012451172,50572400,MSFT
2012-02-01,29.790000915527344,30.049999237060547,29.760000228881836,29.889999389648438,23.45273780822754,67409900,MSFT
2012-02-02,29.899999618530273,30.170000076293945,29.709999084472656,29.950000762939453,23.49981689453125,52223300,MSFT
2012-02-03,30.139999389648438,30.399999618530273,30.09000015258789,30.239999771118164,23.72735023498535,41838500,MSFT
2012-02-06,30.040000915527344,30.219999313354492,29.969999313354492,30.200000762939453,23.69597625732422,28039700,MSFT
2012-02-07,30.149999618530273,30.489999771118164,30.049999237060547,30.350000381469727,23.81366729736328,39242400,MSFT
2012-02-08,30.260000228881836,30.670000076293945,30.219999313354492,30.65999984741211,24.056901931762695,49659100,MSFT
2012-02-09,30.68000030517578,30.799999237060547,30.479999542236328,30.770000457763672,24.143217086791992,50481600,MSFT
2012-02-10,30.639999389648438,30.799999237060547,30.360000610351562,30.5,23.931367874145508,44605300,MSFT
2012-02-13,30.6299991607666,30.770000457763672,30.43000030517578,30.579999923706055,23.9941349029541,33319800,MSFT
2012-02-14,30.329999923706055,30.459999084472656,29.850000381469727,30.25,23.89145851135254,59644000,MSFT
2012-02-15,30.329999923706055,30.389999389648438,30.030000686645508,30.049999237060547,23.73349952697754,43311300,MSFT
2012-02-16,30.309999465942383,31.549999237060547,30.299999237060547,31.290000915527344,24.712858200073242,94705100,MSFT
2012-02-17,31.200000762939453,31.31999969482422,30.950000762939453,31.25,24.681262969970703,70036500,MSFT
2012-02-21,31.18000030517578,31.610000610351562,31.149999618530273,31.440000534057617,24.831329345703125,50829900,MSFT
2012-02-22,31.450000762939453,31.68000030517578,31.18000030517578,31.270000457763672,24.697059631347656,49253200,MSFT
2012-02-23,31.200000762939453,31.59000015258789,31.0,31.3700008392334,24.77604103088379,35034700,MSFT
2012-02-24,31.479999542236328,31.5,31.239999771118164,31.479999542236328,24.862916946411133,35575400,MSFT
2012-02-27,31.239999771118164,31.5,31.100000381469727,31.350000381469727,24.76024627685547,34568400,MSFT
2012-02-28,31.40999984741211,31.93000030517578,31.3799991607666,31.8700008392334,25.17093849182129,45230600,MSFT
2012-02-29,31.889999389648438,32.0,31.610000610351562,31.739999771118164,25.06826400756836,59323600,MSFT
2012-03-01,31.93000030517578,32.38999938964844,31.850000381469727,32.290000915527344,25.502656936645508,77344100,MSFT
2012-03-02,32.310001373291016,32.439998626708984,32.0,32.08000183105469,25.336795806884766,47314200,MSFT
2012-03-05,32.0099983215332,32.04999923706055,31.6200008392334,31.799999237060547,25.115650177001953,45240000,MSFT
2012-03-06,31.540000915527344,31.979999542236328,31.489999771118164,31.559999465942383,24.926103591918945,51932900,MSFT
2012-03-07,31.670000076293945,31.920000076293945,31.530000686645508,31.84000015258789,25.14724349975586,34340400,MSFT
2012-03-08,32.040000915527344,32.209999084472656,31.899999618530273,32.0099983215332,25.281505584716797,36747400,MSFT
2012-03-09,32.099998474121094,32.15999984741211,31.920000076293945,31.989999771118164,25.265714645385742,34628400,MSFT
2012-03-12,31.969999313354492,32.20000076293945,31.81999969482422,32.040000915527344,25.30521011352539,34073600,MSFT
2012-03-13,32.2400016784668,32.689998626708984,32.150001525878906,32.66999816894531,25.802772521972656,48951700,MSFT
2012-03-14,32.529998779296875,32.880001068115234,32.4900016784668,32.77000045776367,25.881755828857422,41986900,MSFT
2012-03-15,32.790000915527344,32.939998626708984,32.58000183105469,32.849998474121094,25.944936752319336,49068300,MSFT
2012-03-16,32.90999984741211,32.95000076293945,32.5,32.599998474121094,25.747493743896484,65626400,MSFT
2012-03-19,32.540000915527344,32.61000061035156,32.150001525878906,32.20000076293945,25.43157386779785,44789200,MSFT
2012-03-20,32.099998474121094,32.150001525878906,31.739999771118164,31.989999771118164,25.265714645385742,41566800,MSFT
2012-03-21,31.959999084472656,32.150001525878906,31.81999969482422,31.90999984741211,25.202529907226562,37928600,MSFT
2012-03-22,31.809999465942383,32.09000015258789,31.790000915527344,32.0,25.27361488342285,31749500,MSFT
2012-03-23,32.099998474121094,32.11000061035156,31.719999313354492,32.0099983215332,25.281505584716797,35912200,MSFT
2012-03-26,32.189998626708984,32.61000061035156,32.150001525878906,32.59000015258789,25.739595413208008,36758300,MSFT
2012-03-27,32.650001525878906,32.70000076293945,32.400001525878906,32.52000045776367,25.68431282043457,36274900,MSFT
2012-03-28,32.52000045776367,32.70000076293945,32.040000915527344,32.189998626708984,25.423673629760742,41344800,MSFT
2012-03-29,32.060001373291016,32.189998626708984,31.809999465942383,32.119998931884766,25.36838722229004,37038500,MSFT
2012-03-30,32.400001525878906,32.40999984741211,32.040000915527344,32.2599983215332,25.478961944580078,31749400,MSFT
2012-04-02,32.220001220703125,32.459999084472656,31.950000762939453,32.290000915527344,25.502656936645508,35853600,MSFT
2012-04-03,32.15999984741211,32.189998626708984,31.65999984741211,31.940000534057617,25.226226806640625,42752100,MSFT
2012-04-04,31.65999984741211,31.690000534057617,31.049999237060547,31.209999084472656,24.649675369262695,49455900,MSFT
2012-04-05,31.149999618530273,31.6299991607666,31.049999237060547,31.520000457763672,24.894506454467773,50368600,MSFT
2012-04-09,31.219999313354492,31.399999618530273,30.969999313354492,31.100000381469727,24.562801361083984,31056400,MSFT
2012-04-10,31.059999465942383,31.190000534057617,30.299999237060547,30.469999313354492,24.065214157104492,54131300,MSFT
2012-04-11,30.43000030517578,30.530000686645508,30.229999542236328,30.350000381469727,23.970441818237305,43014000,MSFT
2012-04-12,30.479999542236328,31.040000915527344,30.420000076293945,30.979999542236328,24.468017578125,38304000,MSFT
2012-04-13,30.889999389648438,31.15999984741211,30.719999313354492,30.809999465942383,24.333749771118164,39749200,MSFT
2012-04-16,30.989999771118164,31.190000534057617,30.770000457763672,31.079999923706055,24.546995162963867,38124800,MSFT
2012-04-17,31.270000457763672,31.610000610351562,31.200000762939453,31.440000534057617,24.831329345703125,34361500,MSFT
2012-04-18,31.280000686645508,31.309999465942383,31.040000915527344,31.139999389648438,24.594385147094727,40552900,MSFT
2012-04-19,31.1299991607666,31.68000030517578,30.940000534057617,31.010000228881836,24.491708755493164,54781200,MSFT
2012-04-20,32.150001525878906,32.88999938964844,32.04999923706055,32.41999816894531,25.605323791503906,106045000,MSFT
2012-04-23,32.310001373291016,32.5,32.029998779296875,32.119998931884766,25.36838722229004,61398200,MSFT
2012-04-24,32.209999084472656,32.52000045776367,31.829999923706055,31.920000076293945,25.210426330566406,40871100,MSFT
2012-04-25,31.920000076293945,32.31999969482422,31.8700008392334,32.20000076293945,25.43157386779785,62495500,MSFT
2012-04-26,32.119998931884766,32.22999954223633,31.920000076293945,32.11000061035156,25.360488891601562,40308100,MSFT
2012-04-27,32.119998931884766,32.220001220703125,31.8799991607666,31.979999542236328,25.2578182220459,41419100,MSFT
2012-04-30,31.979999542236328,32.11000061035156,31.920000076293945,32.02000045776367,25.289413452148438,35697200,MSFT
2012-05-01,32.04999923706055,32.34000015258789,31.950000762939453,32.0099983215332,25.281505584716797,43832300,MSFT
2012-05-02,31.850000381469727,31.93000030517578,31.639999389648438,31.799999237060547,25.115650177001953,37385300,MSFT
2012-05-03,31.8799991607666,31.899999618530273,31.610000610351562,31.760000228881836,25.084056854248047,31501300,MSFT
2012-05-04,31.450000762939453,31.56999969482422,30.920000076293945,30.979999542236328,24.468017578125,57927200,MSFT
2012-05-07,30.700000762939453,30.860000610351562,30.56999969482422,30.649999618530273,24.207386016845703,48641400,MSFT
2012-05-08,30.479999542236328,30.780000686645508,30.170000076293945,30.5,24.088912963867188,46328300,MSFT
2012-05-09,30.190000534057617,30.829999923706055,30.100000381469727,30.760000228881836,24.294254302978516,50309300,MSFT
2012-05-10,30.860000610351562,31.020000457763672,30.450000762939453,30.739999771118164,24.27846908569336,43839200,MSFT
2012-05-11,30.690000534057617,31.540000915527344,30.690000534057617,31.15999984741211,24.61017608642578,43459300,MSFT
2012-05-14,30.81999969482422,31.040000915527344,30.639999389648438,30.68000030517578,24.2310791015625,40528900,MSFT
2012-05-15,30.639999389648438,30.799999237060547,30.149999618530273,30.209999084472656,24.016420364379883,61822800,MSFT
2012-05-16,30.309999465942383,30.31999969482422,29.739999771118164,29.899999618530273,23.76999282836914,60083700,MSFT
2012-05-17,29.989999771118164,30.209999084472656,29.709999084472656,29.719999313354492,23.626888275146484,48484000,MSFT
2012-05-18,29.790000915527344,29.809999465942383,29.170000076293945,29.270000457763672,23.26914405822754,56205300,MSFT
2012-05-21,29.100000381469727,29.790000915527344,29.059999465942383,29.75,23.650741577148438,38787900,MSFT
2012-05-22,29.690000534057617,29.8799991607666,29.5,29.760000228881836,23.658695220947266,39504900,MSFT
2012-05-23,29.350000381469727,29.399999618530273,28.639999389648438,29.110000610351562,23.141956329345703,65171000,MSFT
2012-05-24,29.15999984741211,29.299999237060547,28.760000228881836,29.06999969482422,23.11015510559082,52575000,MSFT
2012-05-25,29.200000762939453,29.360000610351562,29.010000228881836,29.059999465942383,23.102191925048828,29507200,MSFT
2012-05-29,29.3799991607666,29.719999313354492,29.219999313354492,29.559999465942383,23.499698638916016,37758800,MSFT
2012-05-30,29.350000381469727,29.479999542236328,29.1200008392334,29.34000015258789,23.324790954589844,41585500,MSFT
2012-05-31,29.299999237060547,29.420000076293945,28.940000534057617,29.190000534057617,23.205547332763672,39134000,MSFT
2012-06-01,28.760000228881836,28.959999084472656,28.440000534057617,28.450000762939453,22.61726188659668,56634300,MSFT
2012-06-04,28.6200008392334,28.780000686645508,28.31999969482422,28.549999237060547,22.69675636291504,47926300,MSFT
2012-06-05,28.510000228881836,28.75,28.389999389648438,28.510000228881836,22.664960861206055,45715400,MSFT
2012-06-06,28.8799991607666,29.3700008392334,28.809999465942383,29.350000381469727,23.332740783691406,46860500,MSFT
2012-06-07,29.639999389648438,29.700000762939453,29.170000076293945,29.229999542236328,23.23735237121582,37792800,MSFT
2012-06-08,29.209999084472656,29.68000030517578,29.049999237060547,29.649999618530273,23.571237564086914,42551100,MSFT
2012-06-11,29.729999542236328,29.809999465942383,28.81999969482422,28.899999618530273,22.975000381469727,46361900,MSFT
2012-06-12,29.100000381469727,29.299999237060547,28.84000015258789,29.290000915527344,23.28504753112793,35337900,MSFT
2012-06-13,29.219999313354492,29.440000534057617,29.049999237060547,29.1299991607666,23.157846450805664,32984600,MSFT
2012-06-14,29.329999923706055,29.459999084472656,28.8799991607666,29.34000015258789,23.324790954589844,39458900,MSFT
2012-06-15,29.59000015258789,30.079999923706055,29.489999771118164,30.020000457763672,23.865385055541992,62314400,MSFT
2012-06-18,29.989999771118164,30.030000686645508,29.709999084472656,29.84000015258789,23.7222843170166,58679900,MSFT
2012-06-19,30.190000534057617,31.110000610351562,30.049999237060547,30.700000762939453,24.405975341796875,75725800,MSFT
2012-06-20,30.93000030517578,31.049999237060547,30.639999389648438,30.93000030517578,24.588815689086914,36257100,MSFT
2012-06-21,30.959999084472656,31.139999389648438,30.059999465942383,30.139999389648438,23.96078109741211,48456600,MSFT
2012-06-22,30.299999237060547,30.729999542236328,30.030000686645508,30.700000762939453,24.405975341796875,45098100,MSFT
2012-06-25,30.299999237060547,30.31999969482422,29.6200008392334,29.8700008392334,23.746135711669922,42217200,MSFT
2012-06-26,30.0,30.270000457763672,29.940000534057617,30.020000457763672,23.865385055541992,38421300,MSFT
2012-06-27,30.190000534057617,30.5,30.030000686645508,30.170000076293945,23.984630584716797,33781700,MSFT
2012-06-28,29.979999542236328,30.049999237060547,29.420000076293945,29.90999984741211,23.777935028076172,45328400,MSFT
2012-06-29,30.450000762939453,30.690000534057617,30.139999389648438,30.59000015258789,24.31852149963379,55227200,MSFT
2012-07-02,30.6200008392334,30.6200008392334,30.209999084472656,30.559999465942383,24.294677734375,30589100,MSFT
2012-07-03,30.229999542236328,30.760000228881836,30.170000076293945,30.760000228881836,24.453670501708984,20938100,MSFT
2012-07-05,30.59000015258789,30.780000686645508,30.3799991607666,30.700000762939453,24.405975341796875,28801900,MSFT
2012-07-06,30.610000610351562,30.700000762939453,29.950000762939453,30.190000534057617,24.000534057617188,38294800,MSFT
2012-07-09,30.1200008392334,30.229999542236328,29.780000686645508,30.0,23.849483489990234,30680800,MSFT
2012-07-10,30.079999923706055,30.219999313354492,29.510000228881836,29.739999771118164,23.642786026000977,37534100,MSFT
2012-07-11,29.709999084472656,29.739999771118164,29.110000610351562,29.299999237060547,23.29299545288086,39184900,MSFT
2012-07-12,29.149999618530273,29.18000030517578,28.540000915527344,28.6299991607666,22.760358810424805,63523600,MSFT
2012-07-13,28.760000228881836,29.479999542236328,28.719999313354492,29.389999389648438,23.364545822143555,39085000,MSFT
2012-07-16,29.479999542236328,29.530000686645508,29.040000915527344,29.440000534057617,23.404293060302734,27900600,MSFT
2012-07-17,29.639999389648438,29.860000610351562,29.200000762939453,29.65999984741211,23.579179763793945,33771300,MSFT
2012-07-18,29.600000381469727,30.450000762939453,29.459999084472656,30.450000762939453,24.207231521606445,41090400,MSFT
2012-07-19,30.510000228881836,30.799999237060547,30.3799991607666,30.670000076293945,24.382125854492188,46663200,MSFT
2012-07-20,31.0,31.049999237060547,30.049999237060547,30.1200008392334,23.944881439208984,64021700,MSFT
2012-07-23,29.56999969482422,29.579999923706055,29.010000228881836,29.280000686645508,23.277101516723633,55151900,MSFT
2012-07-24,29.239999771118164,29.360000610351562,28.899999618530273,29.149999618530273,23.173748016357422,47723300,MSFT
2012-07-25,29.239999771118164,29.329999923706055,28.780000686645508,28.829999923706055,22.919349670410156,45579500,MSFT
2012-07-26,29.229999542236328,29.5,29.09000015258789,29.15999984741211,23.18170166015625,45301400,MSFT
2012-07-27,29.479999542236328,29.850000381469727,29.18000030517578,29.760000228881836,23.658695220947266,44242600,MSFT
2012-07-30,29.75,29.81999969482422,29.459999084472656,29.639999389648438,23.563289642333984,28905000,MSFT
2012-07-31,29.479999542236328,29.709999084472656,29.329999923706055,29.469999313354492,23.428142547607422,37620900,MSFT
2012-08-01,29.59000015258789,29.649999618530273,29.209999084472656,29.40999984741211,23.38043975830078,31721800,MSFT
2012-08-02,29.209999084472656,29.530000686645508,28.969999313354492,29.190000534057617,23.205547332763672,39520500,MSFT
2012-08-03,29.530000686645508,29.940000534057617,29.479999542236328,29.75,23.650741577148438,35859400,MSFT
2012-08-06,30.0,30.110000610351562,29.809999465942383,29.950000762939453,23.809734344482422,27471800,MSFT
2012-08-07,30.06999969482422,30.350000381469727,29.8700008392334,30.260000228881836,24.056180953979492,28002900,MSFT
2012-08-08,30.209999084472656,30.469999313354492,30.110000610351562,30.329999923706055,24.111825942993164,26257600,MSFT
2012-08-09,30.389999389648438,30.649999618530273,30.299999237060547,30.5,24.246976852416992,24920800,MSFT
2012-08-10,30.5,30.6200008392334,30.25,30.420000076293945,24.18338394165039,27810300,MSFT
2012-08-13,30.350000381469727,30.459999084472656,30.15999984741211,30.389999389648438,24.159526824951172,23049100,MSFT
2012-08-14,30.299999237060547,30.389999389648438,30.010000228881836,30.1299991607666,24.11150550842285,34551400,MSFT
2012-08-15,30.110000610351562,30.280000686645508,30.020000457763672,30.200000762939453,24.16753578186035,24351000,MSFT
2012-08-16,30.360000610351562,30.940000534057617,30.260000228881836,30.780000686645508,24.63167381286621,35787200,MSFT
2012-08-17,30.920000076293945,30.920000076293945,30.59000015258789,30.899999618530273,24.727706909179688,32589900,MSFT
2012-08-20,30.81999969482422,30.850000381469727,30.579999923706055,30.739999771118164,24.59966278076172,23737700,MSFT
2012-08-21,30.760000228881836,30.959999084472656,30.610000610351562,30.799999237060547,24.647680282592773,28822700,MSFT
2012-08-22,30.59000015258789,30.760000228881836,30.469999313354492,30.540000915527344,24.439617156982422,33437400,MSFT
2012-08-23,30.389999389648438,30.399999618530273,30.079999923706055,30.260000228881836,24.21554946899414,28355600,MSFT
2012-08-24,30.25,30.6299991607666,30.18000030517578,30.559999465942383,24.455623626708984,22943300,MSFT
2012-08-27,30.93000030517578,30.959999084472656,30.59000015258789,30.690000534057617,24.559654235839844,34691100,MSFT
2012-08-28,30.700000762939453,30.799999237060547,30.520000457763672,30.6299991607666,24.511638641357422,23947900,MSFT
2012-08-29,30.649999618530273,30.75,30.440000534057617,30.649999618530273,24.527639389038086,23346800,MSFT
2012-08-30,30.530000686645508,30.610000610351562,30.219999313354492,30.31999969482422,24.263551712036133,23982100,MSFT
2012-08-31,30.600000381469727,30.959999084472656,30.3799991607666,30.81999969482422,24.66368293762207,36590100,MSFT
2012-09-04,30.450000762939453,30.65999984741211,30.149999618530273,30.389999389648438,24.319578170776367,48556700,MSFT
2012-09-05,30.219999313354492,30.530000686645508,30.209999084472656,30.389999389648438,24.319578170776367,33650000,MSFT
2012-09-06,30.5,31.360000610351562,30.459999084472656,31.350000381469727,25.087814331054688,48371700,MSFT
2012-09-07,31.040000915527344,31.06999969482422,30.729999542236328,30.950000762939453,24.767711639404297,42649100,MSFT
2012-09-10,30.829999923706055,30.899999618530273,30.510000228881836,30.719999313354492,24.583656311035156,40524000,MSFT
2012-09-11,30.690000534057617,30.90999984741211,30.610000610351562,30.790000915527344,24.639680862426758,25191800,MSFT
2012-09-12,30.940000534057617,31.18000030517578,30.729999542236328,30.780000686645508,24.63167381286621,32775800,MSFT
2012-09-13,30.889999389648438,31.18000030517578,30.399999618530273,30.940000534057617,24.759716033935547,45047300,MSFT
2012-09-14,31.010000228881836,31.25,30.809999465942383,31.209999084472656,24.975784301757812,51422800,MSFT
2012-09-17,31.190000534057617,31.260000228881836,31.040000915527344,31.209999084472656,24.975784301757812,36488500,MSFT
2012-09-18,31.100000381469727,31.209999084472656,31.030000686645508,31.18000030517578,24.951778411865234,34542700,MSFT
2012-09-19,31.09000015258789,31.190000534057617,31.040000915527344,31.049999237060547,24.84773826599121,48871900,MSFT
2012-09-20,30.950000762939453,31.479999542236328,30.90999984741211,31.450000762939453,25.1678409576416,45543000,MSFT
2012-09-21,31.43000030517578,31.610000610351562,31.09000015258789,31.190000534057617,24.959774017333984,102348900,MSFT
2012-09-24,31.0,31.06999969482422,30.639999389648438,30.780000686645508,24.63167381286621,46825900,MSFT
2012-09-25,30.950000762939453,31.0,30.360000610351562,30.389999389648438,24.319578170776367,54266400,MSFT
2012-09-26,30.280000686645508,30.600000381469727,30.040000915527344,30.170000076293945,24.143522262573242,54672000,MSFT
2012-09-27,30.170000076293945,30.399999618530273,29.889999389648438,30.15999984741211,24.135520935058594,47129900,MSFT
2012-09-28,30.18000030517578,30.260000228881836,29.739999771118164,29.760000228881836,23.815425872802734,54229300,MSFT
2012-10-01,29.809999465942383,29.979999542236328,29.420000076293945,29.489999771118164,23.599349975585938,54042700,MSFT
2012-10-02,29.68000030517578,29.889999389648438,29.5,29.65999984741211,23.735393524169922,43338900,MSFT
2012-10-03,29.75,29.989999771118164,29.670000076293945,29.860000610351562,23.89544677734375,46655900,MSFT
2012-10-04,29.969999313354492,30.030000686645508,29.56999969482422,30.030000686645508,24.031490325927734,43634900,MSFT
2012-10-05,30.229999542236328,30.25,29.739999771118164,29.850000381469727,23.887453079223633,41133900,MSFT
2012-10-08,29.639999389648438,29.920000076293945,29.549999237060547,29.780000686645508,23.83142852783203,29752000,MSFT
2012-10-09,29.68000030517578,29.739999771118164,29.18000030517578,29.280000686645508,23.431303024291992,45121100,MSFT
2012-10-10,29.149999618530273,29.309999465942383,28.950000762939453,28.979999542236328,23.191226959228516,47227100,MSFT
2012-10-11,29.219999313354492,29.25,28.8700008392334,28.950000762939453,23.167221069335938,41488500,MSFT
2012-10-12,28.969999313354492,29.31999969482422,28.799999237060547,29.200000762939453,23.367286682128906,46464700,MSFT
2012-10-15,29.3700008392334,29.719999313354492,29.25,29.510000228881836,23.615358352661133,42440200,MSFT
2012-10-16,29.450000762939453,29.739999771118164,29.31999969482422,29.489999771118164,23.599349975585938,47739400,MSFT
2012-10-17,29.299999237060547,29.639999389648438,29.09000015258789,29.59000015258789,23.67937469482422,44206100,MSFT
2012-10-18,29.649999618530273,29.729999542236328,29.260000228881836,29.5,23.607357025146484,59238500,MSFT
2012-10-19,29.049999237060547,29.079999923706055,28.5,28.639999389648438,22.919145584106445,90470800,MSFT
2012-10-22,28.729999542236328,28.829999923706055,27.829999923706055,28.0,22.406980514526367,83374000,MSFT
2012-10-23,27.770000457763672,28.200000762939453,27.760000228881836,28.049999237060547,22.446990966796875,64414800,MSFT
2012-10-24,28.15999984741211,28.200000762939453,27.8700008392334,27.899999618530273,22.326953887939453,53320400,MSFT
2012-10-25,28.190000534057617,28.200000762939453,27.860000610351562,27.8799991607666,22.310949325561523,54084300,MSFT
2012-10-26,27.860000610351562,28.34000015258789,27.84000015258789,28.209999084472656,22.575037002563477,57790000,MSFT
2012-10-31,28.549999237060547,28.8799991607666,28.5,28.540000915527344,22.839120864868164,69464100,MSFT
2012-11-01,28.84000015258789,29.559999465942383,28.81999969482422,29.520000457763672,23.62335777282715,72047900,MSFT
2012-11-02,29.59000015258789,29.770000457763672,29.329999923706055,29.5,23.607357025146484,57131600,MSFT
2012-11-05,29.6200008392334,29.739999771118164,29.329999923706055,29.6299991607666,23.711387634277344,38070800,MSFT
2012-11-06,29.81999969482422,30.200000762939453,29.610000610351562,29.860000610351562,23.89544677734375,43401500,MSFT
2012-11-07,29.530000686645508,29.829999923706055,29.049999237060547,29.079999923706055,23.271255493164062,57871800,MSFT
2012-11-08,29.1200008392334,29.3700008392334,28.799999237060547,28.809999465942383,23.0551815032959,49841800,MSFT
2012-11-09,28.8799991607666,29.190000534057617,28.809999465942383,28.829999923706055,23.071189880371094,43291200,MSFT
2012-11-12,28.940000534057617,29.010000228881836,28.209999084472656,28.219999313354492,22.583030700683594,61112300,MSFT
2012-11-13,27.020000457763672,27.299999237060547,26.75,27.09000015258789,21.856889724731445,131689200,MSFT
2012-11-14,27.239999771118164,27.290000915527344,26.799999237060547,26.84000015258789,21.655187606811523,76086100,MSFT
2012-11-15,26.8799991607666,26.969999313354492,26.6299991607666,26.65999984741211,21.509963989257812,50955600,MSFT
2012-11-16,26.670000076293945,26.700000762939453,26.34000015258789,26.520000457763672,21.397005081176758,64083300,MSFT
2012-11-19,26.799999237060547,26.799999237060547,26.469999313354492,26.729999542236328,21.566436767578125,57179300,MSFT
2012-11-20,26.760000228881836,26.799999237060547,26.459999084472656,26.709999084472656,21.550304412841797,47070400,MSFT
2012-11-21,26.709999084472656,27.170000076293945,26.670000076293945,26.950000762939453,21.74393653869629,66360300,MSFT
2012-11-23,27.229999542236328,27.770000457763672,27.200000762939453,27.700000762939453,22.349061965942383,57845700,MSFT
2012-11-26,27.540000915527344,27.579999923706055,27.170000076293945,27.389999389648438,22.098953247070312,85198700,MSFT
2012-11-27,27.360000610351562,27.3799991607666,27.040000915527344,27.079999923706055,21.848827362060547,45018600,MSFT
2012-11-28,27.010000228881836,27.389999389648438,26.770000457763672,27.360000610351562,22.07473373413086,53018400,MSFT
2012-11-29,27.110000610351562,27.360000610351562,26.860000610351562,26.950000762939453,21.74393653869629,69551400,MSFT
2012-11-30,27.049999237060547,27.1299991607666,26.489999771118164,26.6200008392334,21.477685928344727,83690200,MSFT
2012-12-03,26.780000686645508,26.81999969482422,26.399999618530273,26.43000030517578,21.324382781982422,53173800,MSFT
2012-12-04,26.5,26.6299991607666,26.34000015258789,26.3700008392334,21.27597999572754,49777500,MSFT
2012-12-05,26.3799991607666,26.93000030517578,26.260000228881836,26.670000076293945,21.518030166625977,68283800,MSFT
2012-12-06,26.809999465942383,26.979999542236328,26.610000610351562,26.729999542236328,21.566436767578125,39182300,MSFT
2012-12-07,26.81999969482422,26.81999969482422,26.3700008392334,26.459999084472656,21.34858512878418,46162100,MSFT
2012-12-10,26.559999465942383,26.969999313354492,26.520000457763672,26.940000534057617,21.73586654663086,47031100,MSFT
2012-12-11,27.049999237060547,27.489999771118164,27.049999237060547,27.31999969482422,22.042465209960938,52282800,MSFT
2012-12-12,27.530000686645508,27.6200008392334,27.079999923706055,27.239999771118164,21.97791862487793,43966300,MSFT
2012-12-13,27.31999969482422,27.520000457763672,26.950000762939453,27.110000610351562,21.873027801513672,45080100,MSFT
2012-12-14,27.110000610351562,27.1299991607666,26.700000762939453,26.809999465942383,21.630983352661133,42077500,MSFT
2012-12-17,26.790000915527344,27.219999313354492,26.68000030517578,27.100000381469727,21.864959716796875,42046100,MSFT
2012-12-18,27.25,27.6299991607666,27.139999389648438,27.559999465942383,22.236103057861328,50486900,MSFT
2012-12-19,27.690000534057617,27.729999542236328,27.25,27.309999465942383,22.034391403198242,53519900,MSFT
2012-12-20,27.360000610351562,27.68000030517578,27.149999618530273,27.68000030517578,22.332921981811523,52607300,MSFT
2012-12-21,27.450000762939453,27.489999771118164,27.0,27.450000762939453,22.14735221862793,98776500,MSFT
2012-12-24,27.200000762939453,27.25,27.0,27.059999465942383,21.832687377929688,20842400,MSFT
2012-12-26,27.030000686645508,27.200000762939453,26.700000762939453,26.860000610351562,21.671323776245117,31631100,MSFT
2012-12-27,26.889999389648438,27.09000015258789,26.56999969482422,26.959999084472656,21.752004623413086,39394000,MSFT
2012-12-28,26.709999084472656,26.899999618530273,26.549999237060547,26.549999237060547,21.421213150024414,28239900,MSFT
2012-12-31,26.59000015258789,26.770000457763672,26.3700008392334,26.709999084472656,21.550304412841797,42749500,MSFT
2013-01-02,27.25,27.729999542236328,27.149999618530273,27.6200008392334,22.284507751464844,52899300,MSFT
2013-01-03,27.6299991607666,27.649999618530273,27.15999984741211,27.25,21.985986709594727,48294400,MSFT
2013-01-04,27.270000457763672,27.34000015258789,26.729999542236328,26.739999771118164,21.57450294494629,52521100,MSFT
2013-01-07,26.770000457763672,26.8799991607666,26.639999389648438,26.690000534057617,21.534164428710938,37110400,MSFT
2013-01-08,26.75,26.790000915527344,26.459999084472656,26.549999237060547,21.421213150024414,44703100,MSFT
2013-01-09,26.719999313354492,26.75,26.559999465942383,26.700000762939453,21.542234420776367,49047900,MSFT
2013-01-10,26.649999618530273,26.979999542236328,26.290000915527344,26.459999084472656,21.34858512878418,71431300,MSFT
2013-01-11,26.489999771118164,26.93000030517578,26.280000686645508,26.829999923706055,21.647113800048828,55512100,MSFT
2013-01-14,26.899999618530273,27.079999923706055,26.760000228881836,26.889999389648438,21.695531845092773,48324400,MSFT
2013-01-15,26.829999923706055,27.290000915527344,26.829999923706055,27.209999084472656,21.95370864868164,48244500,MSFT
2013-01-16,27.149999618530273,27.229999542236328,27.010000228881836,27.040000915527344,21.81654930114746,41077400,MSFT
2013-01-17,27.190000534057617,27.469999313354492,27.059999465942383,27.25,21.985986709594727,51685900,MSFT
2013-01-18,27.100000381469727,27.290000915527344,27.040000915527344,27.25,21.985986709594727,52167700,MSFT
2013-01-22,27.299999237060547,27.450000762939453,27.0,27.149999618530273,21.905302047729492,58650600,MSFT
2013-01-23,27.200000762939453,27.639999389648438,27.200000762939453,27.610000610351562,22.276443481445312,50387700,MSFT
2013-01-24,27.700000762939453,28.06999969482422,27.469999313354492,27.6299991607666,22.292572021484375,101739300,MSFT
2013-01-25,27.579999923706055,28.229999542236328,27.389999389648438,27.8799991607666,22.494281768798828,81847700,MSFT
2013-01-28,28.010000228881836,28.229999542236328,27.760000228881836,27.90999984741211,22.51848793029785,56056500,MSFT
2013-01-29,27.81999969482422,28.1299991607666,27.600000381469727,28.010000228881836,22.599170684814453,49242600,MSFT
2013-01-30,28.010000228881836,28.190000534057617,27.760000228881836,27.850000381469727,22.47007942199707,43580500,MSFT
2013-01-31,27.790000915527344,27.969999313354492,27.399999618530273,27.450000762939453,22.14735221862793,50530000,MSFT
2013-02-01,27.670000076293945,28.049999237060547,27.549999237060547,27.93000030517578,22.534626007080078,55565900,MSFT
2013-02-04,27.8700008392334,28.020000457763672,27.420000076293945,27.440000534057617,22.1392822265625,50540000,MSFT
2013-02-05,27.6200008392334,27.65999984741211,27.360000610351562,27.5,22.18769645690918,35410400,MSFT
2013-02-06,27.3799991607666,27.540000915527344,27.25,27.34000015258789,22.058597564697266,41889600,MSFT
2013-02-07,27.350000381469727,27.389999389648438,27.100000381469727,27.280000686645508,22.010189056396484,38028300,MSFT
2013-02-08,27.350000381469727,27.709999084472656,27.309999465942383,27.549999237060547,22.2280330657959,33318500,MSFT
2013-02-11,27.649999618530273,27.920000076293945,27.5,27.860000610351562,22.478151321411133,32247700,MSFT
2013-02-12,27.8799991607666,28.0,27.75,27.8799991607666,22.494281768798828,35990900,MSFT
2013-02-13,27.93000030517578,28.110000610351562,27.8799991607666,28.030000686645508,22.615312576293945,41715600,MSFT
2013-02-14,27.920000076293945,28.059999465942383,27.8700008392334,28.040000915527344,22.623371124267578,32663200,MSFT
2013-02-15,28.040000915527344,28.15999984741211,27.8799991607666,28.010000228881836,22.599170684814453,49650900,MSFT
2013-02-19,27.8799991607666,28.09000015258789,27.799999237060547,28.049999237060547,22.818817138671875,38781400,MSFT
2013-02-20,28.1299991607666,28.200000762939453,27.829999923706055,27.8700008392334,22.672386169433594,44110200,MSFT
2013-02-21,27.739999771118164,27.739999771118164,27.229999542236328,27.489999771118164,22.363256454467773,49078500,MSFT
2013-02-22,27.68000030517578,27.760000228881836,27.479999542236328,27.760000228881836,22.582902908325195,31425900,MSFT
2013-02-25,27.969999313354492,28.049999237060547,27.3700008392334,27.3700008392334,22.265636444091797,48011800,MSFT
2013-02-26,27.3799991607666,27.600000381469727,27.34000015258789,27.3700008392334,22.265636444091797,49923300,MSFT
2013-02-27,27.420000076293945,28.0,27.329999923706055,27.809999465942383,22.623577117919922,36394700,MSFT
2013-02-28,27.8799991607666,27.969999313354492,27.739999771118164,27.799999237060547,22.61543846130371,35840200,MSFT
2013-03-01,27.719999313354492,27.979999542236328,27.520000457763672,27.950000762939453,22.73747444152832,34849700,MSFT
2013-03-04,27.850000381469727,28.149999618530273,27.700000762939453,28.149999618530273,22.900163650512695,38157500,MSFT
2013-03-05,28.290000915527344,28.540000915527344,28.15999984741211,28.350000381469727,23.062868118286133,41432200,MSFT
2013-03-06,28.209999084472656,28.229999542236328,27.780000686645508,28.09000015258789,22.851362228393555,51448500,MSFT
2013-03-07,28.110000610351562,28.280000686645508,28.010000228881836,28.139999389648438,22.89203453063965,29196700,MSFT
2013-03-08,28.25,28.329999923706055,27.959999084472656,28.0,22.77814292907715,37667800,MSFT
2013-03-11,27.940000534057617,27.969999313354492,27.670000076293945,27.8700008392334,22.672386169433594,36627500,MSFT
2013-03-12,27.84000015258789,27.950000762939453,27.639999389648438,27.90999984741211,22.704923629760742,39255200,MSFT
2013-03-13,27.8700008392334,28.020000457763672,27.75,27.920000076293945,22.713062286376953,29093400,MSFT
2013-03-14,28.0,28.15999984741211,27.93000030517578,28.139999389648438,22.89203453063965,55914800,MSFT
2013-03-15,28.030000686645508,28.15999984741211,27.979999542236328,28.040000915527344,22.810680389404297,92710300,MSFT
2013-03-18,27.8799991607666,28.280000686645508,27.809999465942383,28.100000381469727,22.859500885009766,44809400,MSFT
2013-03-19,28.1200008392334,28.219999313354492,28.030000686645508,28.18000030517578,22.924575805664062,51901600,MSFT
2013-03-20,28.34000015258789,28.489999771118164,28.18000030517578,28.31999969482422,23.038463592529297,35447800,MSFT
2013-03-21,28.110000610351562,28.360000610351562,28.049999237060547,28.110000610351562,22.867630004882812,34233200,MSFT
2013-03-22,28.190000534057617,28.34000015258789,28.100000381469727,28.25,22.98151969909668,28720900,MSFT
2013-03-25,28.299999237060547,28.350000381469727,27.959999084472656,28.15999984741211,22.908308029174805,44154000,MSFT
2013-03-26,28.239999771118164,28.34000015258789,28.110000610351562,28.15999984741211,22.908308029174805,27824300,MSFT
2013-03-27,28.139999389648438,28.450000762939453,28.079999923706055,28.3700008392334,23.07914161682129,36047400,MSFT
2013-03-28,28.31999969482422,28.65999984741211,28.260000228881836,28.610000610351562,23.274383544921875,55453800,MSFT
2013-04-01,28.639999389648438,28.65999984741211,28.360000610351562,28.610000610351562,23.274383544921875,29201100,MSFT
2013-04-02,28.59000015258789,28.850000381469727,28.520000457763672,28.799999237060547,23.428945541381836,28456500,MSFT
2013-04-03,28.75,28.950000762939453,28.540000915527344,28.559999465942383,23.23370361328125,35062800,MSFT
2013-04-04,28.389999389648438,28.610000610351562,28.270000457763672,28.600000381469727,23.26624870300293,45263200,MSFT
2013-04-05,28.219999313354492,28.780000686645508,28.110000610351562,28.700000762939453,23.34759521484375,50927300,MSFT
2013-04-08,28.729999542236328,28.729999542236328,28.469999313354492,28.59000015258789,23.258108139038086,34759500,MSFT
2013-04-09,28.729999542236328,29.81999969482422,28.68000030517578,29.610000610351562,24.0878849029541,77733800,MSFT
2013-04-10,29.56999969482422,30.31999969482422,29.520000457763672,30.280000686645508,24.632938385009766,71116700,MSFT
2013-04-11,29.100000381469727,29.200000762939453,28.729999542236328,28.940000534057617,23.542844772338867,130923200,MSFT
2013-04-12,28.850000381469727,29.020000457763672,28.65999984741211,28.790000915527344,23.420812606811523,62886300,MSFT
2013-04-15,28.649999618530273,28.979999542236328,28.510000228881836,28.690000534057617,23.33945655822754,56332900,MSFT
2013-04-16,28.899999618530273,29.139999389648438,28.700000762939453,28.969999313354492,23.56724739074707,52797300,MSFT
2013-04-17,28.850000381469727,29.040000915527344,28.600000381469727,28.829999923706055,23.45336151123047,52840700,MSFT
2013-04-18,28.950000762939453,28.979999542236328,28.5,28.790000915527344,23.420812606811523,56906600,MSFT
2013-04-19,29.6200008392334,30.239999771118164,29.610000610351562,29.770000457763672,24.218046188354492,99790700,MSFT
2013-04-22,30.299999237060547,31.18000030517578,30.270000457763672,30.829999923706055,25.08036231994629,137904000,MSFT
2013-04-23,30.700000762939453,30.899999618530273,30.3799991607666,30.600000381469727,24.893264770507812,59126900,MSFT
2013-04-24,30.6200008392334,31.920000076293945,30.600000381469727,31.760000228881836,25.836915969848633,90946600,MSFT
2013-04-25,31.709999084472656,32.84000015258789,31.540000915527344,31.940000534057617,25.983356475830078,110700200,MSFT
2013-04-26,31.899999618530273,31.979999542236328,31.450000762939453,31.790000915527344,25.861330032348633,47799300,MSFT
2013-04-29,31.799999237060547,32.68000030517578,31.770000457763672,32.61000061035156,26.52840805053711,59116400,MSFT
2013-04-30,32.560001373291016,33.11000061035156,32.279998779296875,33.099998474121094,26.92702293395996,75165200,MSFT
2013-05-01,32.93000030517578,33.08000183105469,32.599998474121094,32.720001220703125,26.617895126342773,54330900,MSFT
2013-05-02,32.630001068115234,33.16999816894531,32.38999938964844,33.15999984741211,26.975830078125,46059500,MSFT
2013-05-03,33.22999954223633,33.52000045776367,33.08000183105469,33.4900016784668,27.244287490844727,46784600,MSFT
2013-05-06,33.41999816894531,33.90999984741211,33.25,33.75,27.455799102783203,40978300,MSFT
2013-05-07,33.650001525878906,33.790000915527344,33.2400016784668,33.310001373291016,27.097858428955078,43078300,MSFT
2013-05-08,33.06999969482422,33.2400016784668,32.650001525878906,32.9900016784668,26.837539672851562,51595700,MSFT
2013-05-09,32.849998474121094,33.0,32.59000015258789,32.65999984741211,26.569074630737305,46417800,MSFT
2013-05-10,32.66999816894531,32.720001220703125,32.31999969482422,32.689998626708984,26.593481063842773,36394900,MSFT
2013-05-13,32.61000061035156,33.06999969482422,32.54999923706055,33.029998779296875,26.870065689086914,36027600,MSFT
2013-05-14,32.86000061035156,33.529998779296875,32.79999923706055,33.529998779296875,27.468095779418945,56870100,MSFT
2013-05-15,33.45000076293945,33.900001525878906,33.43000030517578,33.849998474121094,27.730249404907227,46303900,MSFT
2013-05-16,33.63999938964844,34.150001525878906,33.54999923706055,34.08000183105469,27.918672561645508,59382900,MSFT
2013-05-17,34.130001068115234,34.869998931884766,34.099998474121094,34.869998931884766,28.565824508666992,60666700,MSFT
2013-05-20,34.72999954223633,35.099998474121094,34.68000030517578,35.08000183105469,28.737876892089844,54020800,MSFT
2013-05-21,35.099998474121094,35.27000045776367,34.720001220703125,34.849998474121094,28.54944610595703,48702400,MSFT
2013-05-22,34.790000915527344,34.84000015258789,34.36000061035156,34.61000061035156,28.352842330932617,66047500,MSFT
2013-05-23,34.22999954223633,34.54999923706055,33.900001525878906,34.150001525878906,27.976015090942383,51102700,MSFT
2013-05-24,33.91999816894531,34.279998779296875,33.900001525878906,34.27000045776367,28.07431411743164,33174400,MSFT
2013-05-28,34.41999816894531,35.18000030517578,34.40999984741211,35.02000045776367,28.688724517822266,48212100,MSFT
2013-05-29,34.7400016784668,35.02000045776367,34.56999969482422,34.880001068115234,28.574024200439453,38412200,MSFT
2013-05-30,34.849998474121094,35.25,34.810001373291016,35.029998779296875,28.6968994140625,51131000,MSFT
2013-05-31,34.81999969482422,35.279998779296875,34.790000915527344,34.900001525878906,28.590412139892578,56165700,MSFT
2013-06-03,34.91999816894531,35.630001068115234,34.83000183105469,35.59000015258789,29.155670166015625,51252600,MSFT
2013-06-04,35.619998931884766,35.7400016784668,34.77000045776367,34.9900016784668,28.664142608642578,65529500,MSFT
2013-06-05,34.599998474121094,34.88999938964844,34.43000030517578,34.779998779296875,28.49210548400879,46025100,MSFT
2013-06-06,34.84000015258789,35.11000061035156,34.4900016784668,34.959999084472656,28.639570236206055,37618500,MSFT
2013-06-07,35.25,35.779998779296875,35.060001373291016,35.66999816894531,29.221206665039062,40757300,MSFT
2013-06-10,35.5099983215332,35.650001525878906,35.13999938964844,35.470001220703125,29.057373046875,35994500,MSFT
2013-06-11,35.04999923706055,35.18000030517578,34.68000030517578,34.84000015258789,28.5412654876709,39435900,MSFT
2013-06-12,35.13999938964844,35.27000045776367,34.849998474121094,35.0,28.672340393066406,37372700,MSFT
2013-06-13,34.9900016784668,35.02000045776367,34.59000015258789,34.720001220703125,28.442956924438477,45654900,MSFT
2013-06-14,34.54999923706055,34.689998626708984,34.25,34.400001525878906,28.180805206298828,53192600,MSFT
2013-06-17,34.689998626708984,35.15999984741211,34.630001068115234,35.0,28.672340393066406,49670100,MSFT
2013-06-18,34.970001220703125,35.16999816894531,34.900001525878906,34.97999954223633,28.655954360961914,28616500,MSFT
2013-06-19,34.959999084472656,35.09000015258789,34.59000015258789,34.59000015258789,28.33645248413086,30816200,MSFT
2013-06-20,34.2599983215332,34.33000183105469,33.369998931884766,33.4900016784668,27.43532943725586,54493700,MSFT
2013-06-21,33.65999984741211,33.72999954223633,33.04999923706055,33.27000045776367,27.25510597229004,85338500,MSFT
2013-06-24,32.939998626708984,34.20000076293945,32.56999969482422,33.720001220703125,27.623756408691406,56109000,MSFT
2013-06-25,34.08000183105469,34.380001068115234,33.459999084472656,33.66999816894531,27.582786560058594,44073400,MSFT
2013-06-26,34.119998931884766,34.47999954223633,33.88999938964844,34.349998474121094,28.139842987060547,48665900,MSFT
2013-06-27,34.52000045776367,34.779998779296875,34.5,34.619998931884766,28.361032485961914,28993100,MSFT
2013-06-28,34.380001068115234,34.790000915527344,34.34000015258789,34.540000915527344,28.295495986938477,65545500,MSFT
2013-07-01,34.75,34.9900016784668,34.33000183105469,34.36000061035156,28.148029327392578,31055400,MSFT
2013-07-02,34.40999984741211,34.439998626708984,33.630001068115234,33.939998626708984,27.80397605895996,37630000,MSFT
2013-07-03,33.65999984741211,34.369998931884766,33.599998474121094,34.0099983215332,27.86132049560547,15994400,MSFT
2013-07-05,34.09000015258789,34.2400016784668,33.58000183105469,34.209999084472656,28.025156021118164,26085900,MSFT
2013-07-08,34.349998474121094,34.59000015258789,33.97999954223633,34.33000183105469,28.123472213745117,32396900,MSFT
2013-07-09,34.58000183105469,34.599998474121094,34.13999938964844,34.349998474121094,28.139842987060547,25318500,MSFT
2013-07-10,34.34000015258789,34.810001373291016,34.31999969482422,34.70000076293945,28.426572799682617,29658800,MSFT
2013-07-11,35.0,35.77000045776367,34.900001525878906,35.689998626708984,29.237586975097656,53638300,MSFT
2013-07-12,35.58000183105469,35.72999954223633,35.279998779296875,35.66999816894531,29.221206665039062,35501200,MSFT
2013-07-15,35.65999984741211,36.220001220703125,35.58000183105469,36.16999816894531,29.63079833984375,34142600,MSFT
2013-07-16,36.0099983215332,36.43000030517578,35.959999084472656,36.27000045776367,29.71273422241211,36378500,MSFT
2013-07-17,36.34000015258789,36.38999938964844,35.4900016784668,35.7400016784668,29.27855110168457,37285100,MSFT
2013-07-18,35.720001220703125,35.88999938964844,35.220001220703125,35.439998626708984,29.032787322998047,49547100,MSFT
2013-07-19,32.400001525878906,32.66999816894531,31.020000457763672,31.399999618530273,25.723176956176758,248428500,MSFT
2013-07-22,31.700000762939453,32.0099983215332,31.600000381469727,32.0099983215332,26.222890853881836,79040700,MSFT
2013-07-23,31.90999984741211,32.040000915527344,31.709999084472656,31.81999969482422,26.067245483398438,65810400,MSFT
2013-07-24,32.040000915527344,32.189998626708984,31.889999389648438,31.959999084472656,26.18193244934082,52803100,MSFT
2013-07-25,31.6200008392334,31.649999618530273,31.25,31.389999389648438,25.714984893798828,63213000,MSFT
2013-07-26,31.260000228881836,31.6200008392334,31.209999084472656,31.6200008392334,25.90340805053711,38633600,MSFT
2013-07-29,31.469999313354492,31.600000381469727,31.399999618530273,31.540000915527344,25.837875366210938,28870700,MSFT
2013-07-30,31.780000686645508,32.119998931884766,31.549999237060547,31.850000381469727,26.091825485229492,45799500,MSFT
2013-07-31,31.969999313354492,32.04999923706055,31.709999084472656,31.84000015258789,26.083633422851562,43898400,MSFT
2013-08-01,32.060001373291016,32.09000015258789,31.600000381469727,31.670000076293945,25.94437026977539,42557900,MSFT
2013-08-02,31.690000534057617,31.899999618530273,31.56999969482422,31.889999389648438,26.12458610534668,29199900,MSFT
2013-08-05,31.899999618530273,32.0,31.639999389648438,31.700000762939453,25.96894645690918,30984000,MSFT
2013-08-06,31.549999237060547,31.670000076293945,31.3799991607666,31.579999923706055,25.870641708374023,36331500,MSFT
2013-08-07,31.540000915527344,32.099998474121094,31.25,32.060001373291016,26.263856887817383,38078600,MSFT
2013-08-08,32.2400016784668,33.06999969482422,32.04999923706055,32.88999938964844,26.943805694580078,59034400,MSFT
2013-08-09,32.77000045776367,32.900001525878906,32.470001220703125,32.70000076293945,26.788156509399414,26800700,MSFT
2013-08-12,32.459999084472656,32.970001220703125,32.459999084472656,32.869998931884766,26.927427291870117,25493700,MSFT
2013-08-13,32.5099983215332,32.54999923706055,32.209999084472656,32.22999954223633,26.58918571472168,39464100,MSFT
2013-08-14,32.13999938964844,33.36000061035156,31.700000762939453,32.349998474121094,26.688169479370117,48519600,MSFT
2013-08-15,32.0,32.18000030517578,30.84000015258789,31.790000915527344,26.226192474365234,33338000,MSFT
2013-08-16,31.790000915527344,31.989999771118164,31.65999984741211,31.799999237060547,26.23443031311035,32866300,MSFT
2013-08-19,31.760000228881836,31.969999313354492,31.3799991607666,31.389999389648438,25.89619255065918,27902500,MSFT
2013-08-20,31.440000534057617,31.899999618530273,31.3700008392334,31.6200008392334,26.085935592651367,22979600,MSFT
2013-08-21,31.610000610351562,32.0099983215332,31.540000915527344,31.610000610351562,26.077682495117188,37409100,MSFT
2013-08-22,32.189998626708984,32.4900016784668,32.099998474121094,32.38999938964844,26.72116470336914,31169900,MSFT
2013-08-23,35.16999816894531,35.20000076293945,34.0,34.75,28.668136596679688,225493800,MSFT
2013-08-26,34.400001525878906,34.66999816894531,34.029998779296875,34.150001525878906,28.17315673828125,72786800,MSFT
2013-08-27,33.52000045776367,34.099998474121094,33.150001525878906,33.2599983215332,27.43890380859375,58522300,MSFT
2013-08-28,33.38999938964844,33.599998474121094,33.0,33.02000045776367,27.240909576416016,44257400,MSFT
2013-08-29,32.93000030517578,33.599998474121094,32.79999923706055,33.54999923706055,27.67815589904785,45284700,MSFT
2013-08-30,33.369998931884766,33.47999954223633,33.09000015258789,33.400001525878906,27.55440902709961,42790200,MSFT
2013-09-03,31.75,32.06999969482422,31.290000915527344,31.8799991607666,26.300432205200195,154507000,MSFT
2013-09-04,31.389999389648438,31.469999313354492,31.110000610351562,31.200000762939453,25.739442825317383,142320600,MSFT
2013-09-05,31.100000381469727,31.440000534057617,30.950000762939453,31.229999542236328,25.764198303222656,71644900,MSFT
2013-09-06,31.309999465942383,31.389999389648438,31.1299991607666,31.149999618530273,25.69819450378418,75434900,MSFT
2013-09-09,31.219999313354492,31.790000915527344,31.200000762939453,31.65999984741211,26.118940353393555,49628500,MSFT
2013-09-10,31.899999618530273,32.400001525878906,31.790000915527344,32.38999938964844,26.72116470336914,56881200,MSFT
2013-09-11,32.56999969482422,32.93000030517578,32.529998779296875,32.7400016784668,27.009920120239258,39087500,MSFT
2013-09-12,32.720001220703125,32.779998779296875,32.59000015258789,32.689998626708984,26.96867561340332,32860200,MSFT
2013-09-13,32.77000045776367,33.06999969482422,32.5099983215332,33.029998779296875,27.24915885925293,40899000,MSFT
2013-09-16,33.380001068115234,33.5,32.72999954223633,32.79999923706055,27.059412002563477,52839700,MSFT
2013-09-17,33.41999816894531,33.470001220703125,32.900001525878906,32.93000030517578,27.166667938232422,84716500,MSFT
2013-09-18,32.9900016784668,33.400001525878906,32.83000183105469,33.31999969482422,27.4884090423584,64099900,MSFT
2013-09-19,33.47999954223633,33.68000030517578,33.31999969482422,33.63999938964844,27.752389907836914,42026600,MSFT
2013-09-20,33.40999984741211,33.47999954223633,32.689998626708984,32.790000915527344,27.051172256469727,102904900,MSFT
2013-09-23,32.540000915527344,32.970001220703125,32.5,32.7400016784668,27.009920120239258,39826100,MSFT
2013-09-24,32.869998931884766,32.869998931884766,32.150001525878906,32.45000076293945,26.770675659179688,40685000,MSFT
2013-09-25,32.4900016784668,32.79999923706055,32.400001525878906,32.5099983215332,26.820173263549805,28907500,MSFT
2013-09-26,32.63999938964844,33.0,32.59000015258789,32.77000045776367,27.03466796875,28504000,MSFT
2013-09-27,32.880001068115234,33.75,32.869998931884766,33.27000045776367,27.447160720825195,55348000,MSFT
2013-09-30,33.0,33.310001373291016,32.70000076293945,33.279998779296875,27.455411911010742,39839500,MSFT
2013-10-01,33.349998474121094,33.61000061035156,33.29999923706055,33.58000183105469,27.70290184020996,36718700,MSFT
2013-10-02,33.36000061035156,34.029998779296875,33.290000915527344,33.91999816894531,27.9834041595459,46946800,MSFT
2013-10-03,33.880001068115234,34.0,33.41999816894531,33.86000061035156,27.933900833129883,38703800,MSFT
2013-10-04,33.689998626708984,33.9900016784668,33.619998931884766,33.880001068115234,27.950401306152344,33008100,MSFT
2013-10-07,33.599998474121094,33.709999084472656,33.20000076293945,33.29999923706055,27.47190284729004,35069300,MSFT
2013-10-08,33.310001373291016,33.33000183105469,32.79999923706055,33.0099983215332,27.232662200927734,41017600,MSFT
2013-10-09,33.06999969482422,33.349998474121094,32.959999084472656,33.06999969482422,27.282155990600586,35878600,MSFT
2013-10-10,33.310001373291016,33.88999938964844,33.2599983215332,33.7599983215332,27.851398468017578,42875100,MSFT
2013-10-11,33.68000030517578,34.13999938964844,33.68000030517578,34.130001068115234,28.15664291381836,30033300,MSFT
2013-10-14,33.900001525878906,34.5,33.779998779296875,34.45000076293945,28.420631408691406,27757900,MSFT
2013-10-15,34.66999816894531,34.9900016784668,34.470001220703125,34.4900016784668,28.453638076782227,47097800,MSFT
2013-10-16,34.599998474121094,34.900001525878906,34.560001373291016,34.63999938964844,28.57738494873047,35111600,MSFT
2013-10-17,34.45000076293945,34.9900016784668,34.369998931884766,34.91999816894531,28.808382034301758,31359200,MSFT
2013-10-18,34.81999969482422,34.9900016784668,34.33000183105469,34.959999084472656,28.841381072998047,41811700,MSFT
2013-10-21,34.97999954223633,35.20000076293945,34.90999984741211,34.9900016784668,28.866130828857422,27433500,MSFT
2013-10-22,35.02000045776367,35.099998474121094,34.52000045776367,34.58000183105469,28.527877807617188,40438500,MSFT
2013-10-23,34.349998474121094,34.4900016784668,33.66999816894531,33.7599983215332,27.851398468017578,58600500,MSFT
2013-10-24,33.81999969482422,34.099998474121094,33.56999969482422,33.720001220703125,27.81841278076172,53209700,MSFT
2013-10-25,35.880001068115234,36.290000915527344,35.470001220703125,35.72999954223633,29.47661590576172,113494000,MSFT
2013-10-28,35.61000061035156,35.72999954223633,35.27000045776367,35.56999969482422,29.344623565673828,38383600,MSFT
2013-10-29,35.630001068115234,35.720001220703125,35.2599983215332,35.52000045776367,29.30337142944336,31702200,MSFT
2013-10-30,35.529998779296875,35.790000915527344,35.43000030517578,35.540000915527344,29.319883346557617,36997700,MSFT
2013-10-31,35.65999984741211,35.689998626708984,35.34000015258789,35.40999984741211,29.21262550354004,41682300,MSFT
2013-11-01,35.66999816894531,35.689998626708984,35.38999938964844,35.529998779296875,29.311616897583008,40264600,MSFT
2013-11-04,35.59000015258789,35.97999954223633,35.54999923706055,35.939998626708984,29.64986228942871,28060700,MSFT
2013-11-05,35.790000915527344,36.709999084472656,35.77000045776367,36.63999938964844,30.227354049682617,51681900,MSFT
2013-11-06,37.2400016784668,38.220001220703125,37.060001373291016,38.18000030517578,31.497827529907227,88948800,MSFT
2013-11-07,37.959999084472656,38.0099983215332,37.43000030517578,37.5,30.93684196472168,60437400,MSFT
2013-11-08,37.66999816894531,37.779998779296875,37.34000015258789,37.779998779296875,31.167831420898438,36737800,MSFT
2013-11-11,37.689998626708984,37.779998779296875,37.349998474121094,37.59000015258789,31.011070251464844,26872500,MSFT
2013-11-12,37.380001068115234,37.599998474121094,37.20000076293945,37.36000061035156,30.82132911682129,31651600,MSFT
2013-11-13,36.97999954223633,38.15999984741211,36.900001525878906,38.15999984741211,31.4813175201416,44957600,MSFT
2013-11-14,37.869998931884766,38.130001068115234,37.720001220703125,38.02000045776367,31.365821838378906,46183700,MSFT
2013-11-15,37.95000076293945,38.02000045776367,37.720001220703125,37.84000015258789,31.217323303222656,50601300,MSFT
2013-11-18,37.349998474121094,37.58000183105469,37.06999969482422,37.20000076293945,30.689346313476562,53277500,MSFT
2013-11-19,36.849998474121094,37.22999954223633,36.66999816894531,36.7400016784668,30.539724349975586,44275000,MSFT
2013-11-20,36.91999816894531,37.40999984741211,36.86000061035156,37.08000183105469,30.822336196899414,32229900,MSFT
2013-11-21,37.27000045776367,37.529998779296875,37.2599983215332,37.400001525878906,31.08833885192871,23064700,MSFT
2013-11-22,37.529998779296875,37.68000030517578,37.33000183105469,37.56999969482422,31.22964859008789,27982000,MSFT
2013-11-25,37.93000030517578,37.95000076293945,37.56999969482422,37.63999938964844,31.28782844543457,30646800,MSFT
2013-11-26,37.56999969482422,37.650001525878906,37.349998474121094,37.349998474121094,31.046781539916992,34465300,MSFT
2013-11-27,37.56999969482422,37.7599983215332,37.4900016784668,37.599998474121094,31.25457191467285,26002100,MSFT
2013-11-29,37.81999969482422,38.290000915527344,37.81999969482422,38.130001068115234,31.695154190063477,22090400,MSFT
2013-12-02,38.09000015258789,38.779998779296875,38.060001373291016,38.45000076293945,31.961137771606445,42950400,MSFT
2013-12-03,38.13999938964844,38.4900016784668,38.08000183105469,38.310001373291016,31.844762802124023,52109800,MSFT
2013-12-04,38.209999084472656,38.97999954223633,38.119998931884766,38.939998626708984,32.368438720703125,51983600,MSFT
2013-12-05,38.849998474121094,38.880001068115234,37.18000030517578,38.0,31.587087631225586,116305000,MSFT
2013-12-06,38.41999816894531,38.54999923706055,37.9900016784668,38.36000061035156,31.886320114135742,36457300,MSFT
2013-12-09,38.560001373291016,38.869998931884766,38.369998931884766,38.709999084472656,32.17726135253906,30286000,MSFT
2013-12-10,38.61000061035156,38.900001525878906,38.02000045776367,38.11000061035156,31.67851448059082,37828600,MSFT
2013-12-11,38.060001373291016,38.29999923706055,37.38999938964844,37.61000061035156,31.262887954711914,39853400,MSFT
2013-12-12,37.63999938964844,37.63999938964844,37.18000030517578,37.220001220703125,30.938709259033203,36012800,MSFT
2013-12-13,37.41999816894531,37.45000076293945,36.619998931884766,36.689998626708984,30.498149871826172,40066100,MSFT
2013-12-16,36.72999954223633,37.0,36.540000915527344,36.88999938964844,30.664409637451172,31734200,MSFT
2013-12-17,36.939998626708984,37.11000061035156,36.33000183105469,36.52000045776367,30.35684585571289,45687700,MSFT
2013-12-18,36.36000061035156,36.599998474121094,35.529998779296875,36.58000183105469,30.406726837158203,63192100,MSFT
2013-12-19,36.5099983215332,36.54999923706055,36.08000183105469,36.25,30.132417678833008,34160100,MSFT
2013-12-20,36.20000076293945,36.93000030517578,36.189998626708984,36.79999923706055,30.589590072631836,62649100,MSFT
2013-12-23,36.810001373291016,36.88999938964844,36.54999923706055,36.619998931884766,30.439956665039062,25128700,MSFT
2013-12-24,36.720001220703125,37.16999816894531,36.63999938964844,37.08000183105469,30.822336196899414,14243000,MSFT
2013-12-26,37.20000076293945,37.4900016784668,37.16999816894531,37.439998626708984,31.121578216552734,17612800,MSFT
2013-12-27,37.58000183105469,37.619998931884766,37.16999816894531,37.290000915527344,30.996891021728516,14563000,MSFT
2013-12-30,37.220001220703125,37.380001068115234,36.900001525878906,37.290000915527344,30.996891021728516,16290500,MSFT
2013-12-31,37.400001525878906,37.58000183105469,37.220001220703125,37.40999984741211,31.096643447875977,17503500,MSFT
2014-01-02,37.349998474121094,37.400001525878906,37.099998474121094,37.15999984741211,30.888835906982422,30632200,MSFT
2014-01-03,37.20000076293945,37.220001220703125,36.599998474121094,36.90999984741211,30.681028366088867,31134800,MSFT
2014-01-06,36.849998474121094,36.88999938964844,36.11000061035156,36.130001068115234,30.032655715942383,43603700,MSFT
2014-01-07,36.33000183105469,36.4900016784668,36.209999084472656,36.40999984741211,30.265417098999023,35802800,MSFT
2014-01-08,36.0,36.13999938964844,35.58000183105469,35.7599983215332,29.725095748901367,59971700,MSFT
2014-01-09,35.880001068115234,35.90999984741211,35.400001525878906,35.529998779296875,29.533916473388672,36516300,MSFT
2014-01-10,35.900001525878906,36.150001525878906,35.75,36.040000915527344,29.95784568786621,40548800,MSFT
2014-01-13,35.9900016784668,36.02000045776367,34.83000183105469,34.97999954223633,29.076740264892578,45901900,MSFT
2014-01-14,34.72999954223633,35.880001068115234,34.630001068115234,35.779998779296875,29.74171257019043,41623300,MSFT
2014-01-15,35.900001525878906,36.790000915527344,35.849998474121094,36.7599983215332,30.55634307861328,44812600,MSFT
2014-01-16,36.689998626708984,37.0,36.310001373291016,36.88999938964844,30.664409637451172,38018700,MSFT
2014-01-17,36.83000183105469,36.83000183105469,36.150001525878906,36.380001068115234,30.2404727935791,46267500,MSFT
2014-01-21,36.81999969482422,36.81999969482422,36.060001373291016,36.16999816894531,30.065908432006836,31567300,MSFT
2014-01-22,36.2599983215332,36.31999969482422,35.75,35.93000030517578,29.866411209106445,21904300,MSFT
2014-01-23,36.09000015258789,36.130001068115234,35.52000045776367,36.060001373291016,29.974462509155273,43954000,MSFT
2014-01-24,37.45000076293945,37.54999923706055,36.529998779296875,36.810001373291016,30.5979061126709,76395500,MSFT
2014-01-27,36.869998931884766,36.88999938964844,35.97999954223633,36.029998779296875,29.94952964782715,44420800,MSFT
2014-01-28,36.119998931884766,36.38999938964844,35.75,36.27000045776367,30.149038314819336,36205500,MSFT
2014-01-29,35.97999954223633,36.880001068115234,35.900001525878906,36.65999984741211,30.47321319580078,52745900,MSFT
2014-01-30,36.790000915527344,36.880001068115234,36.22999954223633,36.86000061035156,30.63947105407715,35036300,MSFT
2014-01-31,36.95000076293945,37.88999938964844,36.560001373291016,37.84000015258789,31.454090118408203,93162300,MSFT
2014-02-03,37.7400016784668,37.9900016784668,36.43000030517578,36.47999954223633,30.323591232299805,64063100,MSFT
2014-02-04,36.970001220703125,37.189998626708984,36.25,36.349998474121094,30.215534210205078,54697900,MSFT
2014-02-05,36.290000915527344,36.470001220703125,35.79999923706055,35.81999969482422,29.774974822998047,55814400,MSFT
2014-02-06,35.79999923706055,36.25,35.689998626708984,36.18000030517578,30.0742244720459,35351800,MSFT
2014-02-07,36.31999969482422,36.59000015258789,36.0099983215332,36.560001373291016,30.390090942382812,33260500,MSFT
2014-02-10,36.630001068115234,36.79999923706055,36.290000915527344,36.79999923706055,30.589590072631836,26767000,MSFT
2014-02-11,36.880001068115234,37.2599983215332,36.86000061035156,37.16999816894531,30.89714813232422,32141400,MSFT
2014-02-12,37.349998474121094,37.599998474121094,37.29999923706055,37.470001220703125,31.14651870727539,27051800,MSFT
2014-02-13,37.33000183105469,37.86000061035156,37.33000183105469,37.61000061035156,31.262887954711914,37635500,MSFT
2014-02-14,37.38999938964844,37.779998779296875,37.33000183105469,37.619998931884766,31.271207809448242,31407500,MSFT
2014-02-18,37.630001068115234,37.779998779296875,37.40999984741211,37.41999816894531,31.338197708129883,32834000,MSFT
2014-02-19,37.220001220703125,37.75,37.209999084472656,37.5099983215332,31.41357421875,29750400,MSFT
2014-02-20,37.56999969482422,37.869998931884766,37.400001525878906,37.75,31.614566802978516,27526100,MSFT
2014-02-21,37.939998626708984,38.349998474121094,37.86000061035156,37.97999954223633,31.80718994140625,38021300,MSFT
2014-02-24,37.689998626708984,37.97999954223633,37.540000915527344,37.689998626708984,31.56432342529297,32085100,MSFT
2014-02-25,37.61000061035156,37.849998474121094,37.349998474121094,37.540000915527344,31.438705444335938,30736500,MSFT
2014-02-26,37.58000183105469,37.7400016784668,37.189998626708984,37.470001220703125,31.38007354736328,41041800,MSFT
2014-02-27,37.45000076293945,37.88999938964844,37.22999954223633,37.86000061035156,31.70669174194336,33903400,MSFT
2014-02-28,37.97999954223633,38.459999084472656,37.81999969482422,38.310001373291016,32.083560943603516,41215000,MSFT
2014-03-03,37.91999816894531,38.130001068115234,37.4900016784668,37.779998779296875,31.639690399169922,29717500,MSFT
2014-03-04,38.20000076293945,38.47999954223633,38.06999969482422,38.40999984741211,32.16731262207031,26802400,MSFT
2014-03-05,38.25,38.27000045776367,37.93000030517578,38.11000061035156,31.91606330871582,20520100,MSFT
2014-03-06,38.13999938964844,38.2400016784668,37.88999938964844,38.150001525878906,31.949569702148438,23582200,MSFT
2014-03-07,38.279998779296875,38.36000061035156,37.689998626708984,37.900001525878906,31.740188598632812,26591600,MSFT
2014-03-10,37.9900016784668,38.0099983215332,37.720001220703125,37.81999969482422,31.673189163208008,19006600,MSFT
2014-03-11,37.869998931884766,38.22999954223633,37.720001220703125,38.02000045776367,31.840686798095703,25216400,MSFT
2014-03-12,37.79999923706055,38.43000030517578,37.790000915527344,38.27000045776367,32.050052642822266,30494100,MSFT
2014-03-13,38.41999816894531,38.45000076293945,37.63999938964844,37.88999938964844,31.73181915283203,32169700,MSFT
2014-03-14,37.650001525878906,38.13999938964844,37.5099983215332,37.70000076293945,31.57269859313965,27195600,MSFT
2014-03-17,37.900001525878906,38.40999984741211,37.790000915527344,38.04999923706055,31.865819931030273,20479600,MSFT
2014-03-18,38.2599983215332,39.900001525878906,38.220001220703125,39.54999923706055,33.12200927734375,64063900,MSFT
2014-03-19,39.470001220703125,39.54999923706055,38.90999984741211,39.27000045776367,32.88752746582031,35597200,MSFT
2014-03-20,39.25,40.650001525878906,39.2400016784668,40.33000183105469,33.77524948120117,59269800,MSFT
2014-03-21,40.720001220703125,40.939998626708984,40.0099983215332,40.15999984741211,33.632877349853516,80721800,MSFT
2014-03-24,40.34000015258789,40.63999938964844,39.86000061035156,40.5,33.91761779785156,46098400,MSFT
2014-03-25,40.65999984741211,40.9900016784668,39.959999084472656,40.34000015258789,33.783626556396484,43193100,MSFT
2014-03-26,40.47999954223633,40.709999084472656,39.599998474121094,39.790000915527344,33.323001861572266,41977500,MSFT
2014-03-27,39.7400016784668,39.970001220703125,39.34000015258789,39.36000061035156,32.9629020690918,35369200,MSFT
2014-03-28,39.790000915527344,40.63999938964844,39.68000030517578,40.29999923706055,33.7501220703125,43472700,MSFT
2014-03-31,40.43000030517578,41.5,40.400001525878906,40.9900016784668,34.32798385620117,46886300,MSFT
2014-04-01,41.150001525878906,41.59000015258789,41.06999969482422,41.41999816894531,34.688087463378906,32605000,MSFT
2014-04-02,41.439998626708984,41.65999984741211,41.16999816894531,41.349998474121094,34.62946701049805,28666700,MSFT
2014-04-03,41.290000915527344,41.290000915527344,40.709999084472656,41.0099983215332,34.344730377197266,30139600,MSFT
2014-04-04,41.25,41.38999938964844,39.63999938964844,39.869998931884766,33.3900146484375,51409600,MSFT
2014-04-07,39.959999084472656,40.27000045776367,39.7400016784668,39.79999923706055,33.33138656616211,37559600,MSFT
2014-04-08,39.75,39.93000030517578,39.20000076293945,39.81999969482422,33.348140716552734,35918600,MSFT
2014-04-09,39.93000030517578,40.54999923706055,39.880001068115234,40.470001220703125,33.892494201660156,27398700,MSFT
2014-04-10,40.439998626708984,40.689998626708984,39.09000015258789,39.36000061035156,32.9629020690918,45960800,MSFT
2014-04-11,39.0,39.790000915527344,39.0,39.209999084472656,32.8372802734375,34330200,MSFT
2014-04-14,39.11000061035156,39.40999984741211,38.900001525878906,39.18000030517578,32.812156677246094,32006600,MSFT
2014-04-15,39.34000015258789,39.959999084472656,39.04999923706055,39.75,33.289512634277344,33968700,MSFT
2014-04-16,40.060001373291016,40.41999816894531,39.90999984741211,40.400001525878906,33.8338737487793,30615800,MSFT
2014-04-17,40.0099983215332,40.20000076293945,39.5099983215332,40.0099983215332,33.50725173950195,36688400,MSFT
2014-04-21,40.130001068115234,40.150001525878906,39.790000915527344,39.939998626708984,33.448631286621094,22221200,MSFT
2014-04-22,39.959999084472656,40.13999938964844,39.83000183105469,39.9900016784668,33.49050521850586,27056700,MSFT
2014-04-23,39.9900016784668,39.9900016784668,39.470001220703125,39.689998626708984,33.2392578125,24602800,MSFT
2014-04-24,39.7400016784668,39.970001220703125,39.29999923706055,39.86000061035156,33.38164520263672,42381600,MSFT
2014-04-25,40.290000915527344,40.68000030517578,39.75,39.90999984741211,33.42350387573242,56876800,MSFT
2014-04-28,40.13999938964844,41.290000915527344,40.09000015258789,40.869998931884766,34.227481842041016,50610200,MSFT
2014-04-29,41.099998474121094,41.189998626708984,40.38999938964844,40.5099983215332,33.926002502441406,29636200,MSFT
2014-04-30,40.400001525878906,40.5,40.16999816894531,40.400001525878906,33.8338737487793,35458700,MSFT
2014-05-01,40.2400016784668,40.36000061035156,39.95000076293945,40.0,33.498878479003906,28787400,MSFT
2014-05-02,40.310001373291016,40.34000015258789,39.65999984741211,39.689998626708984,33.2392578125,43416600,MSFT
2014-05-05,39.52000045776367,39.63999938964844,39.29999923706055,39.43000030517578,33.02151870727539,22460900,MSFT
2014-05-06,39.290000915527344,39.349998474121094,38.95000076293945,39.060001373291016,32.71165466308594,27112400,MSFT
2014-05-07,39.220001220703125,39.5099983215332,38.5099983215332,39.41999816894531,33.013145446777344,41744500,MSFT
2014-05-08,39.34000015258789,39.900001525878906,38.970001220703125,39.63999938964844,33.197383880615234,32120400,MSFT
2014-05-09,39.540000915527344,39.849998474121094,39.369998931884766,39.540000915527344,33.1136360168457,29647600,MSFT
2014-05-12,39.7400016784668,40.02000045776367,39.650001525878906,39.970001220703125,33.4737548828125,22782600,MSFT
2014-05-13,39.91999816894531,40.5,39.849998474121094,40.41999816894531,34.08941650390625,27004800,MSFT
2014-05-14,40.29999923706055,40.45000076293945,40.04999923706055,40.2400016784668,33.937625885009766,18818700,MSFT
2014-05-15,40.09000015258789,40.400001525878906,39.5099983215332,39.599998474121094,33.397857666015625,37793200,MSFT
2014-05-16,39.66999816894531,39.84000015258789,39.27000045776367,39.83000183105469,33.59184265136719,29867100,MSFT
2014-05-19,39.61000061035156,39.81999969482422,39.459999084472656,39.75,33.52436065673828,24537400,MSFT
2014-05-20,39.68000030517578,39.939998626708984,39.459999084472656,39.68000030517578,33.46533203125,21320900,MSFT
2014-05-21,39.79999923706055,40.349998474121094,39.7400016784668,40.349998474121094,34.0303840637207,22398700,MSFT
2014-05-22,40.290000915527344,40.349998474121094,39.849998474121094,40.099998474121094,33.81954574584961,20201800,MSFT
2014-05-23,40.369998931884766,40.369998931884766,40.0,40.119998931884766,33.836402893066406,18020000,MSFT
2014-05-27,40.2599983215332,40.2599983215332,39.810001373291016,40.189998626708984,33.895442962646484,26160600,MSFT
2014-05-28,40.13999938964844,40.189998626708984,39.81999969482422,40.0099983215332,33.74364471435547,25711500,MSFT
2014-05-29,40.150001525878906,40.349998474121094,39.90999984741211,40.34000015258789,34.02196502685547,19888200,MSFT
2014-05-30,40.45000076293945,40.970001220703125,40.25,40.939998626708984,34.52798080444336,34567600,MSFT
2014-06-02,40.95000076293945,41.09000015258789,40.68000030517578,40.790000915527344,34.40147399902344,18504300,MSFT
2014-06-03,40.599998474121094,40.68000030517578,40.25,40.290000915527344,33.97978210449219,18068900,MSFT
2014-06-04,40.209999084472656,40.369998931884766,39.86000061035156,40.31999969482422,34.005088806152344,23209000,MSFT
2014-06-05,40.59000015258789,41.25,40.400001525878906,41.209999084472656,34.755706787109375,31865200,MSFT
2014-06-06,41.47999954223633,41.65999984741211,41.2400016784668,41.47999954223633,34.98340606689453,24060500,MSFT
2014-06-09,41.38999938964844,41.47999954223633,41.02000045776367,41.27000045776367,34.80630111694336,15019200,MSFT
2014-06-10,41.029998779296875,41.15999984741211,40.86000061035156,41.11000061035156,34.67135238647461,15117700,MSFT
2014-06-11,40.93000030517578,41.06999969482422,40.77000045776367,40.86000061035156,34.46051788330078,18040000,MSFT
2014-06-12,40.810001373291016,40.880001068115234,40.290000915527344,40.58000183105469,34.22437286376953,29818900,MSFT
2014-06-13,41.099998474121094,41.56999969482422,40.86000061035156,41.22999954223633,34.772560119628906,26310000,MSFT
2014-06-16,41.040000915527344,41.61000061035156,41.040000915527344,41.5,35.000274658203125,24205300,MSFT
2014-06-17,41.290000915527344,41.90999984741211,40.34000015258789,41.68000030517578,35.15208053588867,22518600,MSFT
2014-06-18,41.61000061035156,41.7400016784668,41.18000030517578,41.650001525878906,35.12678527832031,27097000,MSFT
2014-06-19,41.56999969482422,41.77000045776367,41.33000183105469,41.5099983215332,35.00871276855469,19828200,MSFT
2014-06-20,41.45000076293945,41.83000183105469,41.380001068115234,41.68000030517578,35.15208053588867,47764900,MSFT
2014-06-23,41.72999954223633,42.0,41.689998626708984,41.9900016784668,35.41353225708008,18743900,MSFT
2014-06-24,41.83000183105469,41.939998626708984,41.560001373291016,41.75,35.21111297607422,26509100,MSFT
2014-06-25,41.70000076293945,42.04999923706055,41.459999084472656,42.029998779296875,35.44727325439453,20049100,MSFT
2014-06-26,41.93000030517578,41.939998626708984,41.43000030517578,41.720001220703125,35.18581008911133,23604400,MSFT
2014-06-27,41.61000061035156,42.290000915527344,41.5099983215332,42.25,35.6328125,74640000,MSFT
2014-06-30,42.16999816894531,42.209999084472656,41.70000076293945,41.70000076293945,35.16896057128906,30793100,MSFT
2014-07-01,41.86000061035156,42.150001525878906,41.689998626708984,41.869998931884766,35.31232452392578,26917000,MSFT
2014-07-02,41.72999954223633,41.900001525878906,41.529998779296875,41.900001525878906,35.3376350402832,20208100,MSFT
2014-07-03,41.90999984741211,41.9900016784668,41.560001373291016,41.79999923706055,35.253292083740234,15969300,MSFT
2014-07-07,41.75,42.119998931884766,41.709999084472656,41.9900016784668,35.41353225708008,21952400,MSFT
2014-07-08,41.869998931884766,42.0,41.61000061035156,41.779998779296875,35.23642349243164,31218200,MSFT
2014-07-09,41.97999954223633,41.9900016784668,41.529998779296875,41.66999816894531,35.143638610839844,18445900,MSFT
2014-07-10,41.369998931884766,42.0,41.04999923706055,41.689998626708984,35.16051483154297,21854700,MSFT
2014-07-11,41.70000076293945,42.09000015258789,41.47999954223633,42.09000015258789,35.49787902832031,24083000,MSFT
2014-07-14,42.220001220703125,42.45000076293945,42.040000915527344,42.13999938964844,35.54005813598633,21881100,MSFT
2014-07-15,42.33000183105469,42.470001220703125,42.029998779296875,42.45000076293945,35.801490783691406,28748700,MSFT
2014-07-16,42.5099983215332,44.310001373291016,42.47999954223633,44.08000183105469,37.17619705200195,63318000,MSFT
2014-07-17,45.45000076293945,45.709999084472656,44.25,44.529998779296875,37.55571365356445,82180300,MSFT
2014-07-18,44.650001525878906,44.84000015258789,44.25,44.689998626708984,37.69065475463867,43407500,MSFT
2014-07-21,44.560001373291016,45.15999984741211,44.220001220703125,44.84000015258789,37.817169189453125,37604400,MSFT
2014-07-22,45.0,45.150001525878906,44.59000015258789,44.83000183105469,37.80872344970703,43095800,MSFT
2014-07-23,45.45000076293945,45.45000076293945,44.619998931884766,44.869998931884766,37.84246826171875,52362900,MSFT
2014-07-24,44.93000030517578,45.0,44.31999969482422,44.400001525878906,37.44606399536133,30725300,MSFT
2014-07-25,44.29999923706055,44.65999984741211,44.29999923706055,44.5,37.53042221069336,26737700,MSFT
2014-07-28,44.36000061035156,44.5099983215332,43.93000030517578,43.970001220703125,37.08341979980469,29684200,MSFT
2014-07-29,43.90999984741211,44.09000015258789,43.63999938964844,43.88999938964844,37.015953063964844,27763100,MSFT
2014-07-30,44.06999969482422,44.099998474121094,43.290000915527344,43.58000183105469,36.7545051574707,31921400,MSFT
2014-07-31,43.380001068115234,43.689998626708984,43.08000183105469,43.15999984741211,36.40028762817383,31537500,MSFT
2014-08-01,43.209999084472656,43.25,42.599998474121094,42.86000061035156,36.147274017333984,31170300,MSFT
2014-08-04,42.970001220703125,43.470001220703125,42.810001373291016,43.369998931884766,36.5774040222168,34277400,MSFT
2014-08-05,43.310001373291016,43.459999084472656,42.83000183105469,43.08000183105469,36.33282470703125,26266400,MSFT
2014-08-06,42.7400016784668,43.16999816894531,42.209999084472656,42.7400016784668,36.04606246948242,24634000,MSFT
2014-08-07,42.84000015258789,43.45000076293945,42.650001525878906,43.22999954223633,36.459327697753906,30314900,MSFT
2014-08-08,43.22999954223633,43.31999969482422,42.90999984741211,43.20000076293945,36.43403244018555,28942700,MSFT
2014-08-11,43.2599983215332,43.45000076293945,43.02000045776367,43.20000076293945,36.43403244018555,20351600,MSFT
2014-08-12,43.040000915527344,43.59000015258789,43.0,43.52000045776367,36.70390319824219,21431100,MSFT
2014-08-13,43.68000030517578,44.18000030517578,43.52000045776367,44.08000183105469,37.17619705200195,22889500,MSFT
2014-08-14,44.08000183105469,44.41999816894531,44.0099983215332,44.27000045776367,37.3364372253418,19313200,MSFT
2014-08-15,44.58000183105469,44.900001525878906,44.400001525878906,44.790000915527344,37.775001525878906,41611300,MSFT
2014-08-18,44.939998626708984,45.11000061035156,44.68000030517578,45.11000061035156,38.04487609863281,26891100,MSFT
2014-08-19,44.970001220703125,45.34000015258789,44.83000183105469,45.33000183105469,38.469207763671875,28139500,MSFT
2014-08-20,45.34000015258789,45.400001525878906,44.900001525878906,44.95000076293945,38.146705627441406,24770500,MSFT
2014-08-21,44.84000015258789,45.25,44.83000183105469,45.220001220703125,38.3758659362793,22285500,MSFT
2014-08-22,45.349998474121094,45.470001220703125,45.06999969482422,45.150001525878906,38.316444396972656,18294500,MSFT
2014-08-25,45.400001525878906,45.439998626708984,45.040000915527344,45.16999816894531,38.33341979980469,16910000,MSFT
2014-08-26,45.310001373291016,45.400001525878906,44.939998626708984,45.0099983215332,38.197628021240234,14873100,MSFT
2014-08-27,44.900001525878906,45.0,44.7599983215332,44.869998931884766,38.07882308959961,21287900,MSFT
2014-08-28,44.75,44.97999954223633,44.61000061035156,44.880001068115234,38.08730697631836,17657600,MSFT
2014-08-29,45.09000015258789,45.439998626708984,44.86000061035156,45.43000030517578,38.554073333740234,21607600,MSFT
2014-09-02,45.43000030517578,45.459999084472656,44.849998474121094,45.09000015258789,38.26552200317383,22976800,MSFT
2014-09-03,44.529998779296875,45.11000061035156,44.529998779296875,44.959999084472656,38.15519714355469,33684500,MSFT
2014-09-04,44.7400016784668,45.27000045776367,44.720001220703125,45.2599983215332,38.40979766845703,26475500,MSFT
2014-09-05,45.11000061035156,45.93000030517578,45.11000061035156,45.90999984741211,38.9614372253418,36939400,MSFT
2014-09-08,46.02000045776367,46.79999923706055,45.9900016784668,46.470001220703125,39.43666458129883,45736700,MSFT
2014-09-09,46.470001220703125,46.970001220703125,46.41999816894531,46.7599983215332,39.682769775390625,40302400,MSFT
2014-09-10,46.81999969482422,46.939998626708984,46.279998779296875,46.84000015258789,39.75065231323242,27302400,MSFT
2014-09-11,46.7400016784668,47.0,46.470001220703125,47.0,39.88644790649414,29216400,MSFT
2014-09-12,46.90999984741211,47.02000045776367,46.599998474121094,46.70000076293945,39.63185119628906,38244700,MSFT
2014-09-15,46.540000915527344,46.709999084472656,46.099998474121094,46.2400016784668,39.24146270751953,37667600,MSFT
2014-09-16,46.38999938964844,46.849998474121094,46.290000915527344,46.7599983215332,39.682769775390625,27910600,MSFT
2014-09-17,46.2599983215332,46.689998626708984,46.22999954223633,46.52000045776367,39.47909164428711,38311900,MSFT
2014-09-18,46.59000015258789,46.83000183105469,46.459999084472656,46.68000030517578,39.61487579345703,35556600,MSFT
2014-09-19,46.810001373291016,47.56999969482422,46.599998474121094,47.52000045776367,40.32773971557617,202522400,MSFT
2014-09-22,47.29999923706055,47.380001068115234,46.97999954223633,47.060001373291016,39.93737030029297,38686100,MSFT
2014-09-23,46.849998474121094,46.97999954223633,46.470001220703125,46.560001373291016,39.51302719116211,33430300,MSFT
2014-09-24,46.630001068115234,47.11000061035156,46.34000015258789,47.08000183105469,39.95433044433594,26582700,MSFT
2014-09-25,46.880001068115234,47.09000015258789,46.029998779296875,46.040000915527344,39.07174301147461,33077400,MSFT
2014-09-26,45.93000030517578,46.619998931884766,45.7599983215332,46.40999984741211,39.3857421875,27078800,MSFT
2014-09-29,45.97999954223633,46.560001373291016,45.7599983215332,46.439998626708984,39.41120529174805,26091000,MSFT
2014-09-30,46.369998931884766,46.47999954223633,46.0099983215332,46.36000061035156,39.34331130981445,33033100,MSFT
2014-10-01,46.27000045776367,46.529998779296875,45.849998474121094,45.900001525878906,38.95294189453125,38088400,MSFT
2014-10-02,45.83000183105469,46.099998474121094,45.63999938964844,45.7599983215332,38.83412170410156,25119400,MSFT
2014-10-03,45.97999954223633,46.29999923706055,45.61000061035156,46.09000015258789,39.114173889160156,32453200,MSFT
2014-10-06,46.119998931884766,46.29999923706055,45.91999816894531,46.09000015258789,39.114173889160156,20604000,MSFT
2014-10-07,45.86000061035156,45.93000030517578,45.41999816894531,45.529998779296875,38.6389274597168,25723700,MSFT
2014-10-08,45.47999954223633,46.88999938964844,45.34000015258789,46.779998779296875,39.699737548828125,33031000,MSFT
2014-10-09,46.5,46.79999923706055,45.7400016784668,45.849998474121094,38.91048049926758,34422800,MSFT
2014-10-10,45.599998474121094,46.119998931884766,43.95000076293945,44.029998779296875,37.36594772338867,51978100,MSFT
2014-10-13,43.81999969482422,44.560001373291016,43.4900016784668,43.650001525878906,37.04347229003906,37100200,MSFT
2014-10-14,43.869998931884766,44.380001068115234,43.560001373291016,43.72999954223633,37.11137008666992,38115700,MSFT
2014-10-15,43.0,43.38999938964844,42.099998474121094,43.220001220703125,36.67855453491211,60218700,MSFT
2014-10-16,42.529998779296875,43.08000183105469,42.220001220703125,42.7400016784668,36.271209716796875,49040400,MSFT
2014-10-17,43.20000076293945,43.939998626708984,42.790000915527344,43.630001068115234,37.02649688720703,40683300,MSFT
2014-10-20,43.060001373291016,44.13999938964844,42.810001373291016,44.08000183105469,37.40839385986328,34527900,MSFT
2014-10-21,44.36000061035156,44.97999954223633,44.189998626708984,44.880001068115234,38.08730697631836,36433800,MSFT
2014-10-22,45.0,45.06999969482422,44.22999954223633,44.380001068115234,37.66299819946289,33570900,MSFT
2014-10-23,44.619998931884766,45.45000076293945,44.529998779296875,45.02000045776367,38.206138610839844,45451900,MSFT
2014-10-24,46.83000183105469,46.900001525878906,45.18000030517578,46.130001068115234,39.148101806640625,61076700,MSFT
2014-10-27,45.709999084472656,46.099998474121094,45.709999084472656,45.90999984741211,38.9614372253418,30371300,MSFT
2014-10-28,45.86000061035156,46.5,45.77000045776367,46.4900016784668,39.453643798828125,29049800,MSFT
2014-10-29,46.439998626708984,46.70000076293945,46.34000015258789,46.619998931884766,39.563968658447266,30276100,MSFT
2014-10-30,46.31999969482422,46.31999969482422,45.77000045776367,46.04999923706055,39.080230712890625,30073900,MSFT
2014-10-31,46.939998626708984,46.970001220703125,46.47999954223633,46.95000076293945,39.84400939941406,35849700,MSFT
2014-11-03,46.88999938964844,47.459999084472656,46.72999954223633,47.439998626708984,40.259849548339844,23130400,MSFT
2014-11-04,47.29999923706055,47.72999954223633,47.25,47.56999969482422,40.37018585205078,21530800,MSFT
2014-11-05,47.79999923706055,47.900001525878906,47.2599983215332,47.86000061035156,40.61629104614258,22449600,MSFT
2014-11-06,47.86000061035156,48.86000061035156,47.790000915527344,48.70000076293945,41.32913589477539,33037800,MSFT
2014-11-07,48.91999816894531,48.91999816894531,48.290000915527344,48.68000030517578,41.31216049194336,28000600,MSFT
2014-11-10,48.650001525878906,49.150001525878906,48.54999923706055,48.88999938964844,41.49037551879883,36370100,MSFT
2014-11-11,48.849998474121094,48.95000076293945,48.650001525878906,48.869998931884766,41.47340774536133,23445200,MSFT
2014-11-12,48.560001373291016,48.91999816894531,48.52000045776367,48.779998779296875,41.39702606201172,22722100,MSFT
2014-11-13,48.810001373291016,49.650001525878906,48.709999084472656,49.61000061035156,42.10142517089844,26210400,MSFT
2014-11-14,49.7400016784668,50.04999923706055,49.38999938964844,49.58000183105469,42.07595443725586,29081700,MSFT
2014-11-17,49.40999984741211,49.709999084472656,49.13999938964844,49.459999084472656,41.97412872314453,30318600,MSFT
2014-11-18,49.130001068115234,49.33000183105469,48.70000076293945,48.7400016784668,41.62398147583008,23995500,MSFT
2014-11-19,48.65999984741211,48.75,47.93000030517578,48.220001220703125,41.17990493774414,26177500,MSFT
2014-11-20,48.0,48.70000076293945,47.869998931884766,48.70000076293945,41.589820861816406,21510600,MSFT
2014-11-21,49.02000045776367,49.04999923706055,47.56999969482422,47.97999954223633,40.97494125366211,42884800,MSFT
2014-11-24,47.9900016784668,48.0,47.38999938964844,47.59000015258789,40.64187240600586,35434200,MSFT
2014-11-25,47.65999984741211,47.970001220703125,47.45000076293945,47.470001220703125,40.53940200805664,28008000,MSFT
2014-11-26,47.4900016784668,47.9900016784668,47.279998779296875,47.75,40.778507232666016,27163600,MSFT
2014-11-28,47.95000076293945,48.20000076293945,47.61000061035156,47.810001373291016,40.82975387573242,21534400,MSFT
2014-12-01,47.880001068115234,48.779998779296875,47.709999084472656,48.619998931884766,41.5214958190918,31191600,MSFT
2014-12-02,48.84000015258789,49.04999923706055,48.20000076293945,48.459999084472656,41.38486099243164,25773500,MSFT
2014-12-03,48.439998626708984,48.5,47.810001373291016,48.08000183105469,41.060333251953125,23534800,MSFT
2014-12-04,48.38999938964844,49.060001373291016,48.20000076293945,48.84000015258789,41.709373474121094,30320400,MSFT
2014-12-05,48.81999969482422,48.970001220703125,48.380001068115234,48.41999816894531,41.35070037841797,27313400,MSFT
2014-12-08,48.2599983215332,48.349998474121094,47.45000076293945,47.70000076293945,40.73581314086914,26663100,MSFT
2014-12-09,47.11000061035156,47.91999816894531,47.04999923706055,47.59000015258789,40.64187240600586,24330500,MSFT
2014-12-10,47.58000183105469,47.65999984741211,46.70000076293945,46.900001525878906,40.0526123046875,30431800,MSFT
2014-12-11,47.08000183105469,47.7400016784668,46.68000030517578,47.16999816894531,40.28318405151367,29060400,MSFT
2014-12-12,46.779998779296875,47.72999954223633,46.66999816894531,46.95000076293945,40.095306396484375,34248400,MSFT
2014-12-15,47.20000076293945,47.66999816894531,46.54999923706055,46.66999816894531,39.856201171875,29247800,MSFT
2014-12-16,45.900001525878906,46.34000015258789,45.130001068115234,45.15999984741211,38.566654205322266,47801400,MSFT
2014-12-17,45.04999923706055,45.95000076293945,44.900001525878906,45.7400016784668,39.061981201171875,34970900,MSFT
2014-12-18,46.58000183105469,47.52000045776367,46.34000015258789,47.52000045776367,40.58209991455078,40105600,MSFT
2014-12-19,47.630001068115234,48.099998474121094,47.16999816894531,47.65999984741211,40.70165252685547,64551200,MSFT
2014-12-22,47.779998779296875,48.119998931884766,47.709999084472656,47.97999954223633,40.97494125366211,26566000,MSFT
2014-12-23,48.369998931884766,48.79999923706055,48.130001068115234,48.45000076293945,41.376319885253906,23648100,MSFT
2014-12-24,48.63999938964844,48.63999938964844,48.08000183105469,48.13999938964844,41.11157989501953,11437800,MSFT
2014-12-26,48.40999984741211,48.40999984741211,47.81999969482422,47.880001068115234,40.8895378112793,13197800,MSFT
2014-12-29,47.70000076293945,47.779998779296875,47.2599983215332,47.45000076293945,40.52231979370117,14439500,MSFT
2014-12-30,47.439998626708984,47.619998931884766,46.84000015258789,47.02000045776367,40.15509033203125,16384700,MSFT
2014-12-31,46.72999954223633,47.439998626708984,46.45000076293945,46.45000076293945,39.66831588745117,21552500,MSFT
2015-01-02,46.65999984741211,47.41999816894531,46.540000915527344,46.7599983215332,39.933048248291016,27913900,MSFT
2015-01-05,46.369998931884766,46.72999954223633,46.25,46.33000183105469,39.56584930419922,39673900,MSFT
2015-01-06,46.380001068115234,46.75,45.540000915527344,45.650001525878906,38.9851188659668,36447900,MSFT
2015-01-07,45.97999954223633,46.459999084472656,45.4900016784668,46.22999954223633,39.480445861816406,29114100,MSFT
2015-01-08,46.75,47.75,46.720001220703125,47.59000015258789,40.64187240600586,29645200,MSFT
2015-01-09,47.61000061035156,47.81999969482422,46.900001525878906,47.189998626708984,40.30027389526367,23944200,MSFT
2015-01-12,47.41999816894531,47.540000915527344,46.36000061035156,46.599998474121094,39.796409606933594,23651900,MSFT
2015-01-13,46.970001220703125,47.90999984741211,46.060001373291016,46.36000061035156,39.591453552246094,35270600,MSFT
2015-01-14,45.959999084472656,46.2400016784668,45.619998931884766,45.959999084472656,39.2498664855957,29719600,MSFT
2015-01-15,46.220001220703125,46.380001068115234,45.40999984741211,45.47999954223633,38.839927673339844,32750800,MSFT
2015-01-16,45.310001373291016,46.279998779296875,45.16999816894531,46.2400016784668,39.48897171020508,35695300,MSFT
2015-01-20,46.29999923706055,46.650001525878906,45.56999969482422,46.38999938964844,39.617069244384766,36161900,MSFT
2015-01-21,45.939998626708984,46.13999938964844,45.47999954223633,45.91999816894531,39.2156982421875,39081100,MSFT
2015-01-22,46.380001068115234,47.13999938964844,46.08000183105469,47.130001068115234,40.24903106689453,35898000,MSFT
2015-01-23,47.36000061035156,47.38999938964844,46.79999923706055,47.18000030517578,40.291744232177734,26211600,MSFT
2015-01-26,47.0,47.130001068115234,46.2400016784668,47.0099983215332,40.14655685424805,42525500,MSFT
2015-01-27,42.95000076293945,43.20000076293945,42.11000061035156,42.65999984741211,36.43165969848633,169164000,MSFT
2015-01-28,42.7400016784668,42.790000915527344,41.15999984741211,41.189998626708984,35.176273345947266,84507100,MSFT
2015-01-29,40.93000030517578,42.119998931884766,40.790000915527344,42.0099983215332,35.876548767089844,63585300,MSFT
2015-01-30,41.54999923706055,41.58000183105469,40.349998474121094,40.400001525878906,34.50160598754883,78004900,MSFT
2015-02-02,40.59000015258789,41.369998931884766,40.22999954223633,41.279998779296875,35.253150939941406,50352500,MSFT
2015-02-03,41.630001068115234,41.93000030517578,41.04999923706055,41.599998474121094,35.52641677856445,52082400,MSFT
2015-02-04,41.939998626708984,42.209999084472656,41.36000061035156,41.84000015258789,35.73138427734375,41614800,MSFT
2015-02-05,42.220001220703125,42.63999938964844,41.86000061035156,42.45000076293945,36.2523078918457,36548200,MSFT
2015-02-06,42.68000030517578,42.790000915527344,42.150001525878906,42.40999984741211,36.21815490722656,34616600,MSFT
2015-02-09,42.2400016784668,42.7400016784668,42.209999084472656,42.36000061035156,36.17544174194336,31381100,MSFT
2015-02-10,42.7400016784668,42.77000045776367,42.18000030517578,42.599998474121094,36.38042068481445,29670700,MSFT
2015-02-11,42.650001525878906,42.650001525878906,42.209999084472656,42.380001068115234,36.192527770996094,38262500,MSFT
2015-02-12,42.65999984741211,43.09000015258789,42.5099983215332,43.09000015258789,36.79887390136719,33268800,MSFT
2015-02-13,43.380001068115234,43.869998931884766,43.150001525878906,43.869998931884766,37.464996337890625,40264900,MSFT
2015-02-17,43.970001220703125,44.0,43.189998626708984,43.58000183105469,37.48219299316406,33695700,MSFT
2015-02-18,43.630001068115234,43.70000076293945,43.38999938964844,43.529998779296875,37.43917465209961,27111700,MSFT
2015-02-19,43.18000030517578,43.529998779296875,43.04999923706055,43.5,37.413394927978516,27603400,MSFT
2015-02-20,43.5099983215332,43.880001068115234,43.290000915527344,43.86000061035156,37.72300720214844,29721100,MSFT
2015-02-23,43.70000076293945,44.189998626708984,43.650001525878906,44.150001525878906,37.972442626953125,32518800,MSFT
2015-02-24,44.150001525878906,44.29999923706055,43.91999816894531,44.09000015258789,37.920833587646484,25271700,MSFT
2015-02-25,43.95000076293945,44.09000015258789,43.79999923706055,43.9900016784668,37.83483123779297,29759800,MSFT
2015-02-26,43.9900016784668,44.22999954223633,43.88999938964844,44.060001373291016,37.895042419433594,28957300,MSFT
2015-02-27,44.130001068115234,44.20000076293945,43.65999984741211,43.849998474121094,37.714412689208984,33807700,MSFT
2015-03-02,43.66999816894531,44.189998626708984,43.54999923706055,43.880001068115234,37.7402229309082,31924000,MSFT
2015-03-03,43.560001373291016,43.83000183105469,43.09000015258789,43.279998779296875,37.22417068481445,31748600,MSFT
2015-03-04,43.0099983215332,43.209999084472656,42.880001068115234,43.060001373291016,37.034969329833984,25748700,MSFT
2015-03-05,43.06999969482422,43.2400016784668,42.81999969482422,43.11000061035156,37.077964782714844,23193500,MSFT
2015-03-06,43.0,43.11000061035156,42.150001525878906,42.36000061035156,36.43290710449219,36248800,MSFT
2015-03-09,42.189998626708984,43.130001068115234,42.189998626708984,42.849998474121094,36.854339599609375,32108000,MSFT
2015-03-10,42.349998474121094,42.709999084472656,42.029998779296875,42.029998779296875,36.149085998535156,39159700,MSFT
2015-03-11,42.310001373291016,42.369998931884766,41.84000015258789,41.97999954223633,36.10607147216797,32215300,MSFT
2015-03-12,41.33000183105469,41.650001525878906,40.86000061035156,41.02000045776367,35.2804069519043,59992500,MSFT
2015-03-13,40.70000076293945,41.470001220703125,40.61000061035156,41.380001068115234,35.590023040771484,58007700,MSFT
2015-03-16,41.470001220703125,41.63999938964844,41.279998779296875,41.560001373291016,35.744834899902344,35273500,MSFT
2015-03-17,41.369998931884766,41.83000183105469,41.150001525878906,41.70000076293945,35.8652458190918,31673400,MSFT
2015-03-18,41.43000030517578,42.83000183105469,41.33000183105469,42.5,36.553306579589844,44194800,MSFT
2015-03-19,42.2599983215332,42.59000015258789,42.220001220703125,42.290000915527344,36.37269592285156,33879100,MSFT
2015-03-20,42.560001373291016,42.97999954223633,42.4900016784668,42.880001068115234,36.88014602661133,71904500,MSFT
2015-03-23,42.880001068115234,43.130001068115234,42.779998779296875,42.86000061035156,36.86294174194336,26246100,MSFT
2015-03-24,42.779998779296875,43.16999816894531,42.75,42.900001525878906,36.8973388671875,25513300,MSFT
2015-03-25,42.91999816894531,42.93000030517578,41.439998626708984,41.459999084472656,35.6588249206543,43469900,MSFT
2015-03-26,41.220001220703125,41.61000061035156,40.91999816894531,41.209999084472656,35.44381332397461,37495600,MSFT
2015-03-27,41.119998931884766,41.43000030517578,40.83000183105469,40.970001220703125,35.23739242553711,34401400,MSFT
2015-03-30,41.099998474121094,41.540000915527344,40.90999984741211,40.959999084472656,35.22880172729492,35049700,MSFT
2015-03-31,40.779998779296875,41.029998779296875,40.540000915527344,40.65999984741211,34.97075653076172,34887200,MSFT
2015-04-01,40.599998474121094,40.7599983215332,40.310001373291016,40.720001220703125,35.022377014160156,36865300,MSFT
2015-04-02,40.65999984741211,40.7400016784668,40.119998931884766,40.290000915527344,34.652530670166016,37487500,MSFT
2015-04-06,40.34000015258789,41.779998779296875,40.18000030517578,41.54999923706055,35.73623275756836,39223700,MSFT
2015-04-07,41.61000061035156,41.90999984741211,41.310001373291016,41.529998779296875,35.71903991699219,28809400,MSFT
2015-04-08,41.459999084472656,41.689998626708984,41.040000915527344,41.41999816894531,35.62443161010742,24753400,MSFT
2015-04-09,41.25,41.619998931884766,41.25,41.47999954223633,35.6760368347168,25723900,MSFT
2015-04-10,41.630001068115234,41.95000076293945,41.40999984741211,41.720001220703125,35.88243865966797,28022000,MSFT
2015-04-13,41.400001525878906,42.060001373291016,41.38999938964844,41.7599983215332,35.91685485839844,30276700,MSFT
2015-04-14,41.79999923706055,42.029998779296875,41.38999938964844,41.650001525878906,35.8222541809082,24244400,MSFT
2015-04-15,41.7599983215332,42.459999084472656,41.68000030517578,42.2599983215332,36.34688949584961,27343600,MSFT
2015-04-16,41.95000076293945,42.34000015258789,41.81999969482422,42.15999984741211,36.260887145996094,22509700,MSFT
2015-04-17,41.66999816894531,41.7400016784668,41.15999984741211,41.619998931884766,35.79643249511719,42387600,MSFT
2015-04-20,41.72999954223633,43.16999816894531,41.68000030517578,42.90999984741211,36.905941009521484,46057700,MSFT
2015-04-21,43.0,43.150001525878906,42.529998779296875,42.63999938964844,36.67371368408203,26013800,MSFT
2015-04-22,42.66999816894531,43.130001068115234,42.54999923706055,42.9900016784668,36.97475051879883,25064300,MSFT
2015-04-23,42.88999938964844,43.61000061035156,42.79999923706055,43.34000015258789,37.27578353881836,46309500,MSFT
2015-04-24,45.65999984741211,48.13999938964844,45.650001525878906,47.869998931884766,41.17192459106445,130933700,MSFT
2015-04-27,47.22999954223633,48.130001068115234,47.220001220703125,48.029998779296875,41.309532165527344,59248200,MSFT
2015-04-28,47.779998779296875,49.209999084472656,47.70000076293945,49.15999984741211,42.281429290771484,60730800,MSFT
2015-04-29,48.720001220703125,49.310001373291016,48.5,49.060001373291016,42.1954231262207,47804600,MSFT
2015-04-30,48.70000076293945,49.540000915527344,48.599998474121094,48.63999938964844,41.83418655395508,64725500,MSFT
2015-05-01,48.58000183105469,48.880001068115234,48.400001525878906,48.65999984741211,41.85139083862305,38937300,MSFT
2015-05-04,48.369998931884766,48.869998931884766,48.18000030517578,48.2400016784668,41.49015808105469,34039500,MSFT
2015-05-05,47.81999969482422,48.15999984741211,47.310001373291016,47.599998474121094,40.9397087097168,50369200,MSFT
2015-05-06,47.56999969482422,47.77000045776367,46.02000045776367,46.279998779296875,39.80439376831055,52433000,MSFT
2015-05-07,46.27000045776367,47.09000015258789,46.15999984741211,46.70000076293945,40.16563415527344,32971700,MSFT
2015-05-08,47.54999923706055,47.97999954223633,47.52000045776367,47.75,41.0687255859375,35364900,MSFT
2015-05-11,47.54999923706055,47.90999984741211,47.369998931884766,47.369998931884766,40.74188995361328,24609400,MSFT
2015-05-12,46.849998474121094,47.68000030517578,46.41999816894531,47.349998474121094,40.72468566894531,29928300,MSFT
2015-05-13,48.189998626708984,48.31999969482422,47.56999969482422,47.630001068115234,40.96550369262695,34184600,MSFT
2015-05-14,48.029998779296875,48.81999969482422,48.029998779296875,48.720001220703125,41.903011322021484,32980900,MSFT
2015-05-15,48.869998931884766,48.90999984741211,48.04999923706055,48.29999923706055,41.5417594909668,28642700,MSFT
2015-05-18,47.97999954223633,48.220001220703125,47.61000061035156,48.0099983215332,41.29235076904297,24136500,MSFT
2015-05-19,47.560001373291016,47.810001373291016,47.18000030517578,47.58000183105469,41.188472747802734,28574800,MSFT
2015-05-20,47.38999938964844,47.93000030517578,47.27000045776367,47.58000183105469,41.188472747802734,25047900,MSFT
2015-05-21,47.279998779296875,47.599998474121094,47.0099983215332,47.41999816894531,41.04994583129883,22410700,MSFT
2015-05-22,47.29999923706055,47.349998474121094,46.81999969482422,46.900001525878906,40.59981155395508,25720600,MSFT
2015-05-26,46.83000183105469,46.880001068115234,46.189998626708984,46.59000015258789,40.331443786621094,29581900,MSFT
2015-05-27,46.81999969482422,47.77000045776367,46.619998931884766,47.61000061035156,41.21442794799805,27335600,MSFT
2015-05-28,47.5,48.02000045776367,47.38999938964844,47.45000076293945,41.07592010498047,19283700,MSFT
2015-05-29,47.43000030517578,47.56999969482422,46.59000015258789,46.86000061035156,40.565181732177734,36519600,MSFT
2015-06-01,47.060001373291016,47.77000045776367,46.619998931884766,47.22999954223633,40.885475158691406,28837300,MSFT
2015-06-02,46.93000030517578,47.349998474121094,46.619998931884766,46.91999816894531,40.61711883544922,21498300,MSFT
2015-06-03,47.369998931884766,47.7400016784668,46.81999969482422,46.849998474121094,40.5565299987793,28002200,MSFT
2015-06-04,46.790000915527344,47.15999984741211,46.20000076293945,46.36000061035156,40.13234329223633,27745500,MSFT
2015-06-05,46.310001373291016,46.52000045776367,45.84000015258789,46.13999938964844,39.941890716552734,25438100,MSFT
2015-06-08,46.29999923706055,46.43000030517578,45.66999816894531,45.72999954223633,39.58697509765625,22121600,MSFT
2015-06-09,45.7599983215332,45.939998626708984,45.459999084472656,45.650001525878906,39.517730712890625,24406100,MSFT
2015-06-10,45.790000915527344,46.83000183105469,45.689998626708984,46.61000061035156,40.3487663269043,28417400,MSFT
2015-06-11,46.65999984741211,46.91999816894531,46.130001068115234,46.439998626708984,40.20159912109375,27347800,MSFT
2015-06-12,46.220001220703125,46.470001220703125,45.900001525878906,45.970001220703125,39.794742584228516,23931000,MSFT
2015-06-15,45.45000076293945,45.650001525878906,45.02000045776367,45.47999954223633,39.370548248291016,33254500,MSFT
2015-06-16,45.349998474121094,46.2400016784668,45.29999923706055,45.83000183105469,39.67354202270508,27070300,MSFT
2015-06-17,45.72999954223633,46.06999969482422,45.36000061035156,45.970001220703125,39.794742584228516,28704100,MSFT
2015-06-18,46.220001220703125,46.79999923706055,46.16999816894531,46.720001220703125,40.444000244140625,32658300,MSFT
2015-06-19,46.790000915527344,46.83000183105469,45.9900016784668,46.099998474121094,39.90727233886719,63837000,MSFT
2015-06-22,46.33000183105469,46.720001220703125,46.15999984741211,46.22999954223633,40.01981735229492,20318100,MSFT
2015-06-23,46.130001068115234,46.279998779296875,45.619998931884766,45.90999984741211,39.742801666259766,25896500,MSFT
2015-06-24,45.66999816894531,46.25,45.54999923706055,45.63999938964844,39.509063720703125,34890900,MSFT
2015-06-25,46.029998779296875,46.060001373291016,45.5,45.650001525878906,39.517730712890625,20616000,MSFT
2015-06-26,45.650001525878906,46.279998779296875,45.029998779296875,45.2599983215332,39.180110931396484,49835300,MSFT
2015-06-29,45.040000915527344,45.22999954223633,44.36000061035156,44.369998931884766,38.40966796875,34081700,MSFT
2015-06-30,44.709999084472656,44.720001220703125,43.939998626708984,44.150001525878906,38.2192268371582,35945400,MSFT
2015-07-01,44.459999084472656,45.22999954223633,44.099998474121094,44.45000076293945,38.47892379760742,28343900,MSFT
2015-07-02,44.47999954223633,44.75,44.060001373291016,44.400001525878906,38.435630798339844,21752000,MSFT
2015-07-06,43.959999084472656,44.47999954223633,43.95000076293945,44.38999938964844,38.426979064941406,23034000,MSFT
2015-07-07,44.34000015258789,44.4900016784668,43.31999969482422,44.29999923706055,38.34906005859375,36435800,MSFT
2015-07-08,44.439998626708984,44.900001525878906,44.029998779296875,44.2400016784668,38.29713439941406,39785900,MSFT
2015-07-09,44.75,45.220001220703125,44.5,44.52000045776367,38.539512634277344,32424700,MSFT
2015-07-10,45.0099983215332,45.13999938964844,44.56999969482422,44.61000061035156,38.617427825927734,25465800,MSFT
2015-07-13,44.97999954223633,45.619998931884766,44.95000076293945,45.540000915527344,39.4224967956543,28178300,MSFT
2015-07-14,45.45000076293945,45.959999084472656,45.310001373291016,45.619998931884766,39.49175262451172,22880300,MSFT
2015-07-15,45.68000030517578,45.88999938964844,45.43000030517578,45.7599983215332,39.61294937133789,26629600,MSFT
2015-07-16,46.0099983215332,46.689998626708984,45.970001220703125,46.65999984741211,40.39204406738281,26271700,MSFT
2015-07-17,46.54999923706055,46.779998779296875,46.2599983215332,46.619998931884766,40.35741424560547,29467100,MSFT
2015-07-20,46.650001525878906,47.130001068115234,46.439998626708984,46.91999816894531,40.61711883544922,30631900,MSFT
2015-07-21,46.779998779296875,47.33000183105469,46.47999954223633,47.279998779296875,40.92875289916992,42781900,MSFT
2015-07-22,45.439998626708984,46.93000030517578,45.20000076293945,45.540000915527344,39.4224967956543,59152400,MSFT
2015-07-23,45.27000045776367,46.22999954223633,45.099998474121094,46.11000061035156,39.915931701660156,33934000,MSFT
2015-07-24,45.90999984741211,46.31999969482422,45.79999923706055,45.939998626708984,39.76877975463867,32333200,MSFT
2015-07-27,45.939998626708984,46.0099983215332,45.25,45.349998474121094,39.25801467895508,39701400,MSFT
2015-07-28,45.58000183105469,45.63999938964844,44.790000915527344,45.34000015258789,39.249359130859375,34328900,MSFT
2015-07-29,45.400001525878906,46.779998779296875,45.2599983215332,46.290000915527344,40.07175827026367,40945900,MSFT
2015-07-30,46.2599983215332,47.400001525878906,45.93000030517578,46.880001068115234,40.582496643066406,39777900,MSFT
2015-07-31,47.290000915527344,47.369998931884766,46.5,46.70000076293945,40.426673889160156,31201500,MSFT
2015-08-03,46.97999954223633,47.0,46.45000076293945,46.810001373291016,40.52189636230469,24125900,MSFT
2015-08-04,46.75,47.709999084472656,46.68000030517578,47.540000915527344,41.153846740722656,33403900,MSFT
2015-08-05,47.97999954223633,48.40999984741211,47.540000915527344,47.58000183105469,41.188472747802734,26959700,MSFT
2015-08-06,47.709999084472656,47.77000045776367,46.33000183105469,46.619998931884766,40.35741424560547,27368000,MSFT
2015-08-07,46.38999938964844,46.779998779296875,46.2599983215332,46.7400016784668,40.461307525634766,19163000,MSFT
2015-08-10,46.95000076293945,47.4900016784668,46.84000015258789,47.33000183105469,40.972042083740234,23079900,MSFT
2015-08-11,46.81999969482422,46.939998626708984,45.900001525878906,46.40999984741211,40.175628662109375,29237400,MSFT
2015-08-12,46.189998626708984,46.900001525878906,45.709999084472656,46.7400016784668,40.461307525634766,30181400,MSFT
2015-08-13,47.060001373291016,47.099998474121094,46.4900016784668,46.72999954223633,40.4526481628418,22627200,MSFT
2015-08-14,46.529998779296875,47.099998474121094,46.52000045776367,47.0,40.68637466430664,21473400,MSFT
2015-08-17,46.810001373291016,47.45000076293945,46.56999969482422,47.31999969482422,40.96339416503906,21099700,MSFT
2015-08-18,46.84000015258789,47.43000030517578,46.70000076293945,47.27000045776367,41.189945220947266,23574100,MSFT
2015-08-19,46.779998779296875,47.08000183105469,46.29999923706055,46.61000061035156,40.61483383178711,31485500,MSFT
2015-08-20,46.06999969482422,46.470001220703125,45.65999984741211,45.65999984741211,39.78702163696289,36238200,MSFT
2015-08-21,45.29999923706055,45.47999954223633,43.06999969482422,43.06999969482422,37.53016662597656,70053100,MSFT
2015-08-24,40.45000076293945,42.689998626708984,39.720001220703125,41.68000030517578,36.318946838378906,88753700,MSFT
2015-08-25,42.56999969482422,43.2400016784668,40.38999938964844,40.470001220703125,35.26458740234375,70616600,MSFT
2015-08-26,42.0099983215332,42.84000015258789,41.060001373291016,42.709999084472656,37.21645736694336,63408000,MSFT
2015-08-27,43.22999954223633,43.95000076293945,42.93000030517578,43.900001525878906,38.25340270996094,50943200,MSFT
2015-08-28,43.400001525878906,44.150001525878906,43.38999938964844,43.93000030517578,38.279544830322266,28246700,MSFT
2015-08-31,43.560001373291016,43.93000030517578,43.099998474121094,43.52000045776367,37.92229080200195,34441700,MSFT
2015-09-01,42.16999816894531,42.59000015258789,41.65999984741211,41.81999969482422,36.4409294128418,49688900,MSFT
2015-09-02,42.36000061035156,43.380001068115234,41.880001068115234,43.36000061035156,37.78285598754883,37671500,MSFT
2015-09-03,43.40999984741211,43.97999954223633,43.279998779296875,43.5,37.90485382080078,28285200,MSFT
2015-09-04,42.810001373291016,43.040000915527344,42.20000076293945,42.61000061035156,37.129329681396484,37138800,MSFT
2015-09-08,43.29999923706055,44.0,43.20000076293945,43.88999938964844,38.244686126708984,32469800,MSFT
2015-09-09,44.209999084472656,44.400001525878906,42.90999984741211,43.06999969482422,37.53016662597656,33469500,MSFT
2015-09-10,43.119998931884766,43.790000915527344,42.75,43.290000915527344,37.721866607666016,31366600,MSFT
2015-09-11,43.13999938964844,43.59000015258789,42.939998626708984,43.47999954223633,37.88743209838867,27132500,MSFT
2015-09-14,43.43000030517578,43.439998626708984,42.86000061035156,43.040000915527344,37.50403594970703,23656000,MSFT
2015-09-15,43.189998626708984,44.290000915527344,43.08000183105469,43.97999954223633,38.3231201171875,28882200,MSFT
2015-09-16,43.970001220703125,44.380001068115234,43.84000015258789,44.29999923706055,38.60194778442383,23372200,MSFT
2015-09-17,44.290000915527344,45.0,44.08000183105469,44.25,38.55839157104492,32768200,MSFT
2015-09-18,43.5,43.9900016784668,43.33000183105469,43.47999954223633,37.88743209838867,63143700,MSFT
2015-09-21,43.619998931884766,44.470001220703125,43.599998474121094,44.11000061035156,38.436405181884766,26177200,MSFT
2015-09-22,43.380001068115234,44.04999923706055,43.310001373291016,43.900001525878906,38.25340270996094,28085900,MSFT
2015-09-23,43.93000030517578,44.16999816894531,43.5099983215332,43.869998931884766,38.227256774902344,17145200,MSFT
2015-09-24,43.45000076293945,44.130001068115234,43.27000045776367,43.90999984741211,38.262115478515625,27905600,MSFT
2015-09-25,44.47999954223633,44.72999954223633,43.7599983215332,43.939998626708984,38.28825378417969,29384600,MSFT
2015-09-28,43.83000183105469,44.09000015258789,43.209999084472656,43.290000915527344,37.721866607666016,27613800,MSFT
2015-09-29,43.369998931884766,43.56999969482422,43.04999923706055,43.439998626708984,37.852577209472656,32763600,MSFT
2015-09-30,43.880001068115234,44.29999923706055,43.65999984741211,44.2599983215332,38.567108154296875,34958900,MSFT
2015-10-01,44.75,44.75,43.75,44.61000061035156,38.8720703125,28657900,MSFT
2015-10-02,44.27000045776367,45.56999969482422,43.91999816894531,45.56999969482422,39.70860290527344,41839000,MSFT
2015-10-05,45.75,46.88999938964844,45.70000076293945,46.630001068115234,40.632266998291016,34369300,MSFT
2015-10-06,46.33000183105469,47.18000030517578,46.220001220703125,46.75,40.73683166503906,27017200,MSFT
2015-10-07,47.099998474121094,47.349998474121094,45.95000076293945,46.79999923706055,40.78041458129883,27711500,MSFT
2015-10-08,46.560001373291016,47.52000045776367,46.5,47.45000076293945,41.34678649902344,33772700,MSFT
2015-10-09,47.45000076293945,47.540000915527344,46.91999816894531,47.11000061035156,41.05052185058594,28600600,MSFT
2015-10-12,46.97999954223633,47.06999969482422,46.5,47.0,40.95466995239258,19769100,MSFT
2015-10-13,46.560001373291016,47.130001068115234,46.560001373291016,46.88999938964844,40.85882568359375,19987800,MSFT
2015-10-14,46.650001525878906,47.099998474121094,46.529998779296875,46.68000030517578,40.67583084106445,24697800,MSFT
2015-10-15,47.0099983215332,47.029998779296875,46.529998779296875,47.0099983215332,40.9633903503418,27189400,MSFT
2015-10-16,47.02000045776367,47.540000915527344,46.900001525878906,47.5099983215332,41.399085998535156,26450300,MSFT
2015-10-19,47.41999816894531,47.880001068115234,47.02000045776367,47.619998931884766,41.49492645263672,29387600,MSFT
2015-10-20,47.439998626708984,47.810001373291016,47.02000045776367,47.77000045776367,41.625633239746094,30802200,MSFT
2015-10-21,47.91999816894531,47.9900016784668,47.11000061035156,47.20000076293945,41.128936767578125,25144300,MSFT
2015-10-22,47.529998779296875,48.95000076293945,47.09000015258789,48.029998779296875,41.85218048095703,56637100,MSFT
2015-10-23,52.29999923706055,54.06999969482422,52.25,52.869998931884766,46.069644927978516,135227100,MSFT
2015-10-26,52.529998779296875,54.31999969482422,52.5,54.25,47.27215576171875,64633300,MSFT
2015-10-27,53.9900016784668,54.369998931884766,53.58000183105469,53.689998626708984,46.784175872802734,50999900,MSFT
2015-10-28,53.540000915527344,53.97999954223633,52.86000061035156,53.97999954223633,47.036861419677734,47000800,MSFT
2015-10-29,53.540000915527344,53.83000183105469,53.220001220703125,53.36000061035156,46.49663162231445,30202100,MSFT
2015-10-30,53.31999969482422,53.9900016784668,52.619998931884766,52.63999938964844,45.869232177734375,46619800,MSFT
2015-11-02,52.849998474121094,53.36000061035156,52.619998931884766,53.2400016784668,46.39206314086914,30285000,MSFT
2015-11-03,52.93000030517578,54.38999938964844,52.900001525878906,54.150001525878906,47.18500900268555,36596900,MSFT
2015-11-04,54.18000030517578,54.880001068115234,54.060001373291016,54.400001525878906,47.40285873413086,37087800,MSFT
2015-11-05,54.4900016784668,54.70000076293945,54.0,54.380001068115234,47.38542938232422,31468500,MSFT
2015-11-06,54.09000015258789,54.97999954223633,53.959999084472656,54.91999816894531,47.85597229003906,32851200,MSFT
2015-11-09,54.54999923706055,54.869998931884766,53.560001373291016,54.15999984741211,47.193729400634766,32513100,MSFT
2015-11-10,54.06999969482422,54.130001068115234,53.27000045776367,53.5099983215332,46.62733459472656,55283700,MSFT
2015-11-11,53.70000076293945,54.20000076293945,53.459999084472656,53.650001525878906,46.74932098388672,36516300,MSFT
2015-11-12,53.47999954223633,53.97999954223633,53.189998626708984,53.31999969482422,46.46176528930664,35361100,MSFT
2015-11-13,53.06999969482422,53.290000915527344,52.529998779296875,52.84000015258789,46.04351043701172,36848200,MSFT
2015-11-16,53.08000183105469,53.88999938964844,52.849998474121094,53.77000045776367,46.8538932800293,32165200,MSFT
2015-11-17,53.16999816894531,53.529998779296875,52.849998474121094,52.970001220703125,46.467899322509766,31551300,MSFT
2015-11-18,53.0,53.97999954223633,52.97999954223633,53.849998474121094,47.23988723754883,29710000,MSFT
2015-11-19,53.9900016784668,54.65999984741211,53.779998779296875,53.939998626708984,47.318817138671875,28149200,MSFT
2015-11-20,54.25,54.29999923706055,53.27000045776367,54.189998626708984,47.538143157958984,37147600,MSFT
2015-11-23,54.25,54.459999084472656,53.75,54.189998626708984,47.538143157958984,28235900,MSFT
2015-11-24,53.91999816894531,54.439998626708984,53.58000183105469,54.25,47.59078598022461,24600000,MSFT
2015-11-25,54.09000015258789,54.22999954223633,53.689998626708984,53.689998626708984,47.09950637817383,21005100,MSFT
2015-11-27,53.79999923706055,54.08000183105469,53.790000915527344,53.93000030517578,47.31005096435547,9009100,MSFT
2015-11-30,54.540000915527344,54.959999084472656,54.0,54.349998474121094,47.678489685058594,56241400,MSFT
2015-12-01,54.40999984741211,55.22999954223633,54.29999923706055,55.220001220703125,48.44173049926758,39952800,MSFT
2015-12-02,55.31999969482422,55.959999084472656,55.060001373291016,55.209999084472656,48.43294906616211,47274900,MSFT
2015-12-03,55.4900016784668,55.77000045776367,53.93000030517578,54.20000076293945,47.54691696166992,38627800,MSFT
2015-12-04,54.119998931884766,56.22999954223633,54.099998474121094,55.90999984741211,49.047019958496094,43963700,MSFT
2015-12-07,55.790000915527344,55.970001220703125,55.290000915527344,55.810001373291016,48.95929718017578,30709800,MSFT
2015-12-08,55.470001220703125,56.099998474121094,54.9900016784668,55.790000915527344,48.94173812866211,32878000,MSFT
2015-12-09,55.369998931884766,55.869998931884766,54.5099983215332,54.97999954223633,48.23118209838867,36373200,MSFT
2015-12-10,55.38999938964844,55.65999984741211,55.0099983215332,55.27000045776367,48.485565185546875,31775800,MSFT
2015-12-11,54.709999084472656,55.099998474121094,54.0099983215332,54.060001373291016,47.42410659790039,39549500,MSFT
2015-12-14,54.33000183105469,55.209999084472656,53.68000030517578,55.13999938964844,48.37153244018555,46768900,MSFT
2015-12-15,55.65999984741211,55.900001525878906,55.09000015258789,55.20000076293945,48.424163818359375,39843000,MSFT
2015-12-16,55.540000915527344,56.25,54.7599983215332,56.130001068115234,49.24000549316406,37503300,MSFT
2015-12-17,56.36000061035156,56.790000915527344,55.529998779296875,55.70000076293945,48.862789154052734,41280900,MSFT
2015-12-18,55.77000045776367,56.0,54.029998779296875,54.130001068115234,47.48550796508789,84684200,MSFT
2015-12-21,54.880001068115234,55.349998474121094,54.22999954223633,54.83000183105469,48.099586486816406,37246300,MSFT
2015-12-22,54.9900016784668,55.47999954223633,54.5,55.349998474121094,48.55575942993164,28322200,MSFT
2015-12-23,55.70000076293945,55.880001068115234,55.439998626708984,55.81999969482422,48.96806716918945,27279800,MSFT
2015-12-24,55.86000061035156,55.959999084472656,55.43000030517578,55.66999816894531,48.83646011352539,9558500,MSFT
2015-12-28,55.349998474121094,55.95000076293945,54.97999954223633,55.95000076293945,49.08210754394531,22458300,MSFT
2015-12-29,56.290000915527344,56.849998474121094,56.060001373291016,56.54999923706055,49.608455657958984,27731400,MSFT
2015-12-30,56.470001220703125,56.779998779296875,56.290000915527344,56.310001373291016,49.397911071777344,21704500,MSFT
2015-12-31,56.040000915527344,56.189998626708984,55.41999816894531,55.47999954223633,48.6697998046875,27334100,MSFT
2016-01-04,54.31999969482422,54.79999923706055,53.38999938964844,54.79999923706055,48.073265075683594,53778000,MSFT
2016-01-05,54.93000030517578,55.38999938964844,54.540000915527344,55.04999923706055,48.29258346557617,34079700,MSFT
2016-01-06,54.31999969482422,54.400001525878906,53.63999938964844,54.04999923706055,47.415321350097656,39518900,MSFT
2016-01-07,52.70000076293945,53.4900016784668,52.06999969482422,52.16999816894531,45.76609420776367,56564900,MSFT
2016-01-08,52.369998931884766,53.279998779296875,52.150001525878906,52.33000183105469,45.906463623046875,48754000,MSFT
2016-01-11,52.5099983215332,52.849998474121094,51.459999084472656,52.29999923706055,45.88013458251953,36943800,MSFT
2016-01-12,52.7599983215332,53.099998474121094,52.060001373291016,52.779998779296875,46.30122375488281,36095500,MSFT
2016-01-13,53.79999923706055,54.06999969482422,51.29999923706055,51.63999938964844,45.30116271972656,66883600,MSFT
2016-01-14,52.0,53.41999816894531,51.56999969482422,53.11000061035156,46.59071350097656,52381900,MSFT
2016-01-15,51.310001373291016,51.970001220703125,50.34000015258789,50.9900016784668,44.73093795776367,71820700,MSFT
2016-01-19,51.47999954223633,51.68000030517578,50.060001373291016,50.560001373291016,44.353729248046875,43564500,MSFT
2016-01-20,49.97999954223633,51.380001068115234,49.099998474121094,50.790000915527344,44.555503845214844,63273000,MSFT
2016-01-21,51.0,51.58000183105469,50.29999923706055,50.47999954223633,44.2835578918457,40191200,MSFT
2016-01-22,51.40999984741211,52.33000183105469,51.2599983215332,52.290000915527344,45.87137222290039,37555800,MSFT
2016-01-25,51.939998626708984,52.650001525878906,51.650001525878906,51.790000915527344,45.4327392578125,34707700,MSFT
2016-01-26,51.790000915527344,52.439998626708984,51.54999923706055,52.16999816894531,45.76609420776367,28900800,MSFT
2016-01-27,52.0099983215332,52.20000076293945,51.02000045776367,51.220001220703125,44.93272399902344,36775200,MSFT
2016-01-28,51.86000061035156,52.209999084472656,51.25,52.060001373291016,45.669620513916016,62513800,MSFT
2016-01-29,54.72999954223633,55.09000015258789,54.0,55.09000015258789,48.32767105102539,83611700,MSFT
2016-02-01,54.880001068115234,55.09000015258789,54.5,54.709999084472656,47.99431610107422,44208500,MSFT
2016-02-02,54.16999816894531,54.2599983215332,52.650001525878906,53.0,46.49420928955078,56313800,MSFT
2016-02-03,53.25,53.38999938964844,51.2599983215332,52.15999984741211,45.75733184814453,57559800,MSFT
2016-02-04,52.099998474121094,52.810001373291016,51.369998931884766,52.0,45.61695098876953,46987100,MSFT
2016-02-05,51.939998626708984,52.0,49.560001373291016,50.15999984741211,44.00282669067383,62009000,MSFT
2016-02-08,49.54999923706055,49.56999969482422,48.189998626708984,49.40999984741211,43.34489059448242,59290500,MSFT
2016-02-09,49.02000045776367,50.2400016784668,48.66999816894531,49.279998779296875,43.23086166381836,46740500,MSFT
2016-02-10,49.88999938964844,50.38999938964844,49.52000045776367,49.709999084472656,43.608070373535156,38237000,MSFT
2016-02-11,48.68000030517578,50.11000061035156,48.5099983215332,49.689998626708984,43.59053421020508,48878600,MSFT
2016-02-12,50.25,50.68000030517578,49.75,50.5,44.30109786987305,34243300,MSFT
2016-02-16,50.900001525878906,51.09000015258789,50.130001068115234,51.09000015258789,45.14045333862305,37291200,MSFT
2016-02-17,51.4900016784668,52.77000045776367,51.45000076293945,52.41999816894531,46.31557846069336,40789000,MSFT
2016-02-18,52.33000183105469,52.95000076293945,52.099998474121094,52.189998626708984,46.11235809326172,27176000,MSFT
2016-02-19,51.970001220703125,52.279998779296875,51.529998779296875,51.81999969482422,45.785465240478516,33559100,MSFT
2016-02-22,52.279998779296875,53.0,52.279998779296875,52.650001525878906,46.518798828125,25008300,MSFT
2016-02-23,52.34000015258789,52.369998931884766,50.97999954223633,51.18000030517578,45.21998596191406,28895300,MSFT
2016-02-24,50.689998626708984,51.5,50.20000076293945,51.36000061035156,45.37902069091797,33014500,MSFT
2016-02-25,51.72999954223633,52.099998474121094,50.61000061035156,52.099998474121094,46.03285217285156,26939500,MSFT
2016-02-26,52.599998474121094,52.68000030517578,51.099998474121094,51.29999923706055,45.326011657714844,35975900,MSFT
2016-02-29,51.349998474121094,51.650001525878906,50.65999984741211,50.880001068115234,44.95491027832031,31654000,MSFT
2016-03-01,50.970001220703125,52.59000015258789,50.91999816894531,52.58000183105469,46.45695495605469,33024500,MSFT
2016-03-02,52.40999984741211,52.959999084472656,52.15999984741211,52.95000076293945,46.78385925292969,29289900,MSFT
2016-03-03,52.970001220703125,52.970001220703125,51.779998779296875,52.349998474121094,46.25373077392578,24427800,MSFT
2016-03-04,52.400001525878906,52.45000076293945,51.709999084472656,52.029998779296875,45.97099685668945,33034200,MSFT
2016-03-07,51.560001373291016,51.79999923706055,50.58000183105469,51.029998779296875,45.08744430541992,38407800,MSFT
2016-03-08,50.79999923706055,52.130001068115234,50.599998474121094,51.650001525878906,45.635257720947266,33835100,MSFT
2016-03-09,51.88999938964844,52.849998474121094,51.86000061035156,52.84000015258789,46.686676025390625,28251600,MSFT
2016-03-10,52.93000030517578,52.939998626708984,51.15999984741211,52.04999923706055,45.988677978515625,38387800,MSFT
2016-03-11,53.0,53.06999969482422,52.380001068115234,53.06999969482422,46.889892578125,32275700,MSFT
2016-03-14,52.709999084472656,53.59000015258789,52.630001068115234,53.16999816894531,46.978248596191406,24083600,MSFT
2016-03-15,52.75,53.59000015258789,52.7400016784668,53.59000015258789,47.34933090209961,21104800,MSFT
2016-03-16,53.45000076293945,54.599998474121094,53.400001525878906,54.349998474121094,48.020816802978516,31691700,MSFT
2016-03-17,54.209999084472656,55.0,54.0,54.65999984741211,48.294734954833984,28223900,MSFT
2016-03-18,54.91999816894531,54.970001220703125,53.45000076293945,53.4900016784668,47.2609748840332,67625500,MSFT
2016-03-21,53.25,53.93000030517578,52.93000030517578,53.86000061035156,47.58789825439453,23925700,MSFT
2016-03-22,53.61000061035156,54.25,53.459999084472656,54.06999969482422,47.773433685302734,23124100,MSFT
2016-03-23,54.11000061035156,54.2400016784668,53.7400016784668,53.970001220703125,47.685089111328125,20129000,MSFT
2016-03-24,53.84000015258789,54.33000183105469,53.72999954223633,54.209999084472656,47.89712905883789,19950000,MSFT
2016-03-28,54.209999084472656,54.290000915527344,53.33000183105469,53.540000915527344,47.30515670776367,17025100,MSFT
2016-03-29,53.65999984741211,54.86000061035156,53.45000076293945,54.709999084472656,48.33891296386719,23924300,MSFT
2016-03-30,54.93000030517578,55.63999938964844,54.900001525878906,55.04999923706055,48.639320373535156,23008300,MSFT
2016-03-31,54.95000076293945,55.59000015258789,54.86000061035156,55.22999954223633,48.7983512878418,26360500,MSFT
2016-04-01,55.04999923706055,55.61000061035156,54.56999969482422,55.56999969482422,49.098758697509766,24399200,MSFT
2016-04-04,55.43000030517578,55.65999984741211,55.0,55.43000030517578,48.97506332397461,18928800,MSFT
2016-04-05,55.189998626708984,55.29999923706055,54.459999084472656,54.560001373291016,48.20636749267578,19272300,MSFT
2016-04-06,54.36000061035156,55.20000076293945,54.209999084472656,55.119998931884766,48.70116424560547,21188700,MSFT
2016-04-07,54.869998931884766,54.90999984741211,54.22999954223633,54.459999084472656,48.11802673339844,19225100,MSFT
2016-04-08,54.66999816894531,55.279998779296875,54.31999969482422,54.41999816894531,48.08268737792969,22167200,MSFT
2016-04-11,54.4900016784668,55.150001525878906,54.29999923706055,54.310001373291016,47.98548889160156,21414200,MSFT
2016-04-12,54.369998931884766,54.779998779296875,53.7599983215332,54.650001525878906,48.285892486572266,24944300,MSFT
2016-04-13,55.119998931884766,55.439998626708984,54.88999938964844,55.349998474121094,48.90437316894531,20818000,MSFT
2016-04-14,55.220001220703125,55.58000183105469,55.06999969482422,55.36000061035156,48.91321563720703,20877100,MSFT
2016-04-15,55.29999923706055,55.91999816894531,55.11000061035156,55.650001525878906,49.1694450378418,28793800,MSFT
2016-04-18,55.4900016784668,56.59000015258789,55.209999084472656,56.459999084472656,49.88511276245117,23786000,MSFT
2016-04-19,56.630001068115234,56.77000045776367,55.68000030517578,56.38999938964844,49.823272705078125,29596800,MSFT
2016-04-20,56.290000915527344,56.5,55.4900016784668,55.59000015258789,49.116432189941406,36195700,MSFT
2016-04-21,55.79999923706055,56.22999954223633,55.41999816894531,55.779998779296875,49.28430938720703,38909100,MSFT
2016-04-22,51.90999984741211,52.43000030517578,50.77000045776367,51.779998779296875,45.75010681152344,126834100,MSFT
2016-04-25,51.779998779296875,52.130001068115234,51.630001068115234,52.11000061035156,46.04168701171875,33226900,MSFT
2016-04-26,52.2599983215332,52.349998474121094,51.09000015258789,51.439998626708984,45.44969940185547,33532600,MSFT
2016-04-27,51.47999954223633,51.5,50.54999923706055,50.939998626708984,45.00792694091797,43369300,MSFT
2016-04-28,50.619998931884766,50.77000045776367,49.560001373291016,49.900001525878906,44.089046478271484,43134800,MSFT
2016-04-29,49.349998474121094,50.25,49.349998474121094,49.869998931884766,44.06254959106445,48411700,MSFT
2016-05-02,50.0,50.75,49.779998779296875,50.61000061035156,44.716365814208984,33114500,MSFT
2016-05-03,50.34000015258789,50.40999984741211,49.599998474121094,49.779998779296875,43.983028411865234,26460200,MSFT
2016-05-04,49.84000015258789,50.060001373291016,49.459999084472656,49.869998931884766,44.06254959106445,24257600,MSFT
2016-05-05,49.869998931884766,50.29999923706055,49.72999954223633,49.939998626708984,44.124385833740234,25390700,MSFT
2016-05-06,49.91999816894531,50.38999938964844,49.65999984741211,50.38999938964844,44.52198791503906,24787300,MSFT
2016-05-09,50.4900016784668,50.59000015258789,50.0,50.06999969482422,44.23925018310547,17951600,MSFT
2016-05-10,50.33000183105469,51.099998474121094,50.189998626708984,51.02000045776367,45.0786247253418,22891000,MSFT
2016-05-11,51.130001068115234,51.779998779296875,51.0,51.04999923706055,45.10511016845703,24039100,MSFT
2016-05-12,51.20000076293945,51.810001373291016,50.91999816894531,51.5099983215332,45.51156234741211,24102800,MSFT
2016-05-13,51.439998626708984,51.900001525878906,51.040000915527344,51.08000183105469,45.13163375854492,22592300,MSFT
2016-05-16,50.79999923706055,51.959999084472656,50.75,51.83000183105469,45.794281005859375,20032000,MSFT
2016-05-17,51.720001220703125,51.72999954223633,50.36000061035156,50.5099983215332,44.94015121459961,27803500,MSFT
2016-05-18,50.47999954223633,51.13999938964844,50.29999923706055,50.810001373291016,45.207061767578125,24907500,MSFT
2016-05-19,50.470001220703125,50.619998931884766,49.81999969482422,50.31999969482422,44.771095275878906,23842400,MSFT
2016-05-20,50.47999954223633,51.220001220703125,50.400001525878906,50.619998931884766,45.038021087646484,23905800,MSFT
2016-05-23,50.599998474121094,50.68000030517578,49.97999954223633,50.029998779296875,44.51308822631836,26118700,MSFT
2016-05-24,50.70000076293945,51.709999084472656,50.400001525878906,51.59000015258789,45.90106201171875,34757900,MSFT
2016-05-25,51.91999816894531,52.4900016784668,51.790000915527344,52.119998931884766,46.37260818481445,24040200,MSFT
2016-05-26,51.93000030517578,51.97999954223633,51.36000061035156,51.88999938964844,46.16798400878906,24335200,MSFT
2016-05-27,51.91999816894531,52.31999969482422,51.77000045776367,52.31999969482422,46.550567626953125,17721400,MSFT
2016-05-31,52.2599983215332,53.0,52.08000183105469,53.0,47.15557861328125,37653100,MSFT
2016-06-01,52.439998626708984,52.95000076293945,52.439998626708984,52.849998474121094,47.02212142944336,25324800,MSFT
2016-06-02,52.63999938964844,52.7400016784668,51.84000015258789,52.47999954223633,46.69291305541992,22840800,MSFT
2016-06-03,52.380001068115234,52.41999816894531,51.599998474121094,51.790000915527344,46.07899856567383,23368300,MSFT
2016-06-06,51.9900016784668,52.349998474121094,51.88999938964844,52.130001068115234,46.38150405883789,18243300,MSFT
2016-06-07,52.2400016784668,52.72999954223633,52.099998474121094,52.099998474121094,46.35481262207031,20866800,MSFT
2016-06-08,52.02000045776367,52.439998626708984,51.869998931884766,52.040000915527344,46.30143356323242,21149400,MSFT
2016-06-09,52.0,52.0,51.4900016784668,51.619998931884766,45.92775344848633,20305700,MSFT
2016-06-10,51.04999923706055,52.04999923706055,51.040000915527344,51.47999954223633,45.80317687988281,25833200,MSFT
2016-06-13,49.58000183105469,50.720001220703125,49.060001373291016,50.13999938964844,44.61094284057617,83217800,MSFT
2016-06-14,49.900001525878906,50.099998474121094,49.56999969482422,49.83000183105469,44.335140228271484,42577100,MSFT
2016-06-15,49.779998779296875,50.119998931884766,49.689998626708984,49.689998626708984,44.21057891845703,33757600,MSFT
2016-06-16,49.52000045776367,50.470001220703125,49.5099983215332,50.38999938964844,44.83338928222656,31188600,MSFT
2016-06-17,50.40999984741211,50.43000030517578,49.81999969482422,50.130001068115234,44.60205841064453,45710500,MSFT
2016-06-20,50.63999938964844,50.83000183105469,50.029998779296875,50.06999969482422,44.548683166503906,35607900,MSFT
2016-06-21,50.20000076293945,51.43000030517578,50.15999984741211,51.189998626708984,45.545169830322266,34097800,MSFT
2016-06-22,51.08000183105469,51.459999084472656,50.95000076293945,50.9900016784668,45.36722183227539,28816800,MSFT
2016-06-23,51.279998779296875,52.060001373291016,51.150001525878906,51.90999984741211,46.185760498046875,29028800,MSFT
2016-06-24,49.810001373291016,50.939998626708984,49.52000045776367,49.83000183105469,44.335140228271484,133503000,MSFT
2016-06-27,49.099998474121094,49.150001525878906,48.040000915527344,48.43000030517578,43.089515686035156,50216300,MSFT
2016-06-28,48.91999816894531,49.470001220703125,48.66999816894531,49.439998626708984,43.98814010620117,38140700,MSFT
2016-06-29,49.90999984741211,50.720001220703125,49.79999923706055,50.540000915527344,44.96684646606445,31304000,MSFT
2016-06-30,50.720001220703125,51.29999923706055,50.5,51.16999816894531,45.527374267578125,28527800,MSFT
2016-07-01,51.130001068115234,51.720001220703125,51.06999969482422,51.15999984741211,45.51847457885742,21400400,MSFT
2016-07-05,50.83000183105469,51.279998779296875,50.7400016784668,51.16999816894531,45.527374267578125,24806400,MSFT
2016-07-06,50.779998779296875,51.540000915527344,50.38999938964844,51.380001068115234,45.714210510253906,28167500,MSFT
2016-07-07,51.41999816894531,51.61000061035156,51.06999969482422,51.380001068115234,45.714210510253906,19585200,MSFT
2016-07-08,51.72999954223633,52.36000061035156,51.54999923706055,52.29999923706055,46.53276062011719,28391000,MSFT
2016-07-11,52.5,52.83000183105469,52.470001220703125,52.59000015258789,46.79078674316406,22269200,MSFT
2016-07-12,52.939998626708984,53.400001525878906,52.790000915527344,53.209999084472656,47.34241485595703,27317600,MSFT
2016-07-13,53.560001373291016,53.86000061035156,53.18000030517578,53.5099983215332,47.60934066772461,25356800,MSFT
2016-07-14,53.84000015258789,53.9900016784668,53.58000183105469,53.7400016784668,47.81398010253906,24545500,MSFT
2016-07-15,53.95000076293945,54.0,53.209999084472656,53.70000076293945,47.778385162353516,32024400,MSFT
2016-07-18,53.70000076293945,54.34000015258789,53.54999923706055,53.959999084472656,48.00971221923828,31433900,MSFT
2016-07-19,53.709999084472656,53.900001525878906,52.93000030517578,53.09000015258789,47.23566436767578,53336500,MSFT
2016-07-20,56.150001525878906,56.84000015258789,55.529998779296875,55.90999984741211,49.74468231201172,89893300,MSFT
2016-07-21,55.97999954223633,56.22999954223633,55.7599983215332,55.79999923706055,49.64680862426758,32776700,MSFT
2016-07-22,56.08000183105469,56.630001068115234,55.779998779296875,56.56999969482422,50.33190155029297,32157200,MSFT
2016-07-25,56.470001220703125,56.7400016784668,56.2599983215332,56.72999954223633,50.474266052246094,25610600,MSFT
2016-07-26,56.52000045776367,57.290000915527344,56.5099983215332,56.7599983215332,50.500946044921875,28079000,MSFT
2016-07-27,56.61000061035156,56.79999923706055,56.11000061035156,56.189998626708984,49.993812561035156,32327500,MSFT
2016-07-28,56.0,56.369998931884766,55.720001220703125,56.209999084472656,50.011592864990234,37550400,MSFT
2016-07-29,56.2599983215332,56.7599983215332,56.04999923706055,56.68000030517578,50.429771423339844,30558700,MSFT
2016-08-01,56.599998474121094,56.75,56.13999938964844,56.58000183105469,50.34080505371094,26003400,MSFT
2016-08-02,56.849998474121094,56.900001525878906,56.310001373291016,56.58000183105469,50.34080505371094,35122000,MSFT
2016-08-03,56.68000030517578,57.11000061035156,56.4900016784668,56.970001220703125,50.68779373168945,22075600,MSFT
2016-08-04,56.79999923706055,57.52000045776367,56.66999816894531,57.38999938964844,51.06147766113281,26587700,MSFT
2016-08-05,57.650001525878906,58.209999084472656,57.45000076293945,57.959999084472656,51.56861877441406,29335200,MSFT
2016-08-08,58.060001373291016,58.09000015258789,57.779998779296875,58.060001373291016,51.6576042175293,19473500,MSFT
2016-08-09,58.16999816894531,58.5,58.02000045776367,58.20000076293945,51.78215026855469,16920700,MSFT
2016-08-10,58.15999984741211,58.31999969482422,57.81999969482422,58.02000045776367,51.622005462646484,15756900,MSFT
2016-08-11,58.029998779296875,58.45000076293945,58.029998779296875,58.29999923706055,51.871116638183594,18162300,MSFT
2016-08-12,58.029998779296875,58.189998626708984,57.619998931884766,57.939998626708984,51.55082321166992,21655200,MSFT
2016-08-15,58.0099983215332,58.5,57.959999084472656,58.119998931884766,51.71098327636719,19283900,MSFT
2016-08-16,57.61000061035156,57.619998931884766,57.27000045776367,57.439998626708984,51.42448425292969,20523500,MSFT
2016-08-17,57.540000915527344,57.68000030517578,57.22999954223633,57.560001373291016,51.53192138671875,18856400,MSFT
2016-08-18,57.41999816894531,57.70000076293945,57.27000045776367,57.599998474121094,51.567726135253906,14214300,MSFT
2016-08-19,57.43000030517578,57.72999954223633,57.20000076293945,57.619998931884766,51.585636138916016,17271000,MSFT
2016-08-22,57.599998474121094,57.75,57.2599983215332,57.66999816894531,51.630401611328125,15221900,MSFT
2016-08-23,57.900001525878906,58.18000030517578,57.849998474121094,57.88999938964844,51.82735824584961,18732400,MSFT
2016-08-24,57.79999923706055,58.040000915527344,57.720001220703125,57.95000076293945,51.8810920715332,18151500,MSFT
2016-08-25,57.880001068115234,58.290000915527344,57.779998779296875,58.16999816894531,52.078041076660156,18552600,MSFT
2016-08-26,58.279998779296875,58.70000076293945,57.689998626708984,58.029998779296875,51.952693939208984,20971200,MSFT
2016-08-29,58.18000030517578,58.599998474121094,58.099998474121094,58.099998474121094,52.0153694152832,16417200,MSFT
2016-08-30,57.97999954223633,58.189998626708984,57.61000061035156,57.88999938964844,51.82735824584961,16930200,MSFT
2016-08-31,57.650001525878906,57.79999923706055,57.29999923706055,57.459999084472656,51.4423942565918,20860300,MSFT
2016-09-01,57.0099983215332,57.81999969482422,57.0099983215332,57.59000015258789,51.55878448486328,26075400,MSFT
2016-09-02,57.66999816894531,58.189998626708984,57.41999816894531,57.66999816894531,51.630401611328125,18900500,MSFT
2016-09-06,57.779998779296875,57.79999923706055,57.209999084472656,57.61000061035156,51.57668685913086,16278400,MSFT
2016-09-07,57.470001220703125,57.84000015258789,57.40999984741211,57.65999984741211,51.62145233154297,17493400,MSFT
2016-09-08,57.630001068115234,57.790000915527344,57.18000030517578,57.43000030517578,51.41552734375,20146100,MSFT
2016-09-09,56.790000915527344,57.52000045776367,56.209999084472656,56.209999084472656,50.32330322265625,35113900,MSFT
2016-09-12,56.0,57.209999084472656,55.61000061035156,57.04999923706055,51.07533264160156,29303000,MSFT
2016-09-13,56.5,56.650001525878906,56.04999923706055,56.529998779296875,50.60978698730469,30130200,MSFT
2016-09-14,56.38999938964844,56.630001068115234,56.029998779296875,56.2599983215332,50.36806106567383,24062500,MSFT
2016-09-15,56.150001525878906,57.349998474121094,55.97999954223633,57.189998626708984,51.2006721496582,26847000,MSFT
2016-09-16,57.630001068115234,57.630001068115234,56.75,57.25,51.25438690185547,44607000,MSFT
2016-09-19,57.27000045776367,57.75,56.849998474121094,56.93000030517578,50.96791076660156,20937100,MSFT
2016-09-20,57.349998474121094,57.349998474121094,56.75,56.810001373291016,50.860477447509766,17384000,MSFT
2016-09-21,57.5099983215332,57.849998474121094,57.08000183105469,57.7599983215332,51.71098327636719,33707300,MSFT
2016-09-22,57.91999816894531,58.0,57.630001068115234,57.81999969482422,51.76470184326172,19822200,MSFT
2016-09-23,57.869998931884766,57.90999984741211,57.380001068115234,57.43000030517578,51.41552734375,19955300,MSFT
2016-09-26,57.08000183105469,57.13999938964844,56.83000183105469,56.900001525878906,50.941036224365234,21688700,MSFT
2016-09-27,56.93000030517578,58.060001373291016,56.68000030517578,57.95000076293945,51.8810920715332,28065100,MSFT
2016-09-28,57.880001068115234,58.060001373291016,57.66999816894531,58.029998779296875,51.952693939208984,20536400,MSFT
2016-09-29,57.810001373291016,58.16999816894531,57.209999084472656,57.400001525878906,51.38868713378906,25463500,MSFT
2016-09-30,57.56999969482422,57.77000045776367,57.34000015258789,57.599998474121094,51.567726135253906,29910800,MSFT
2016-10-03,57.40999984741211,57.54999923706055,57.060001373291016,57.41999816894531,51.40657424926758,19189500,MSFT
2016-10-04,57.27000045776367,57.599998474121094,56.970001220703125,57.2400016784668,51.24543762207031,20085900,MSFT
2016-10-05,57.290000915527344,57.959999084472656,57.2599983215332,57.63999938964844,51.60354232788086,16726400,MSFT
2016-10-06,57.7400016784668,57.86000061035156,57.279998779296875,57.7400016784668,51.69308090209961,16212600,MSFT
2016-10-07,57.849998474121094,57.97999954223633,57.41999816894531,57.79999923706055,51.746788024902344,20089000,MSFT
2016-10-10,57.90999984741211,58.38999938964844,57.869998931884766,58.040000915527344,51.9616584777832,18196500,MSFT
2016-10-11,57.88999938964844,58.02000045776367,56.88999938964844,57.189998626708984,51.2006721496582,26497400,MSFT
2016-10-12,57.11000061035156,57.27000045776367,56.400001525878906,57.11000061035156,51.1290397644043,22177500,MSFT
2016-10-13,56.70000076293945,57.29999923706055,56.31999969482422,56.91999816894531,50.95893859863281,25313700,MSFT
2016-10-14,57.119998931884766,57.7400016784668,57.119998931884766,57.41999816894531,51.40657424926758,27402500,MSFT
2016-10-17,57.36000061035156,57.459999084472656,56.869998931884766,57.220001220703125,51.227535247802734,23830000,MSFT
2016-10-18,57.529998779296875,57.95000076293945,57.40999984741211,57.65999984741211,51.62145233154297,19149500,MSFT
2016-10-19,57.470001220703125,57.84000015258789,57.400001525878906,57.529998779296875,51.50506591796875,22878400,MSFT
2016-10-20,57.5,57.52000045776367,56.65999984741211,57.25,51.25438690185547,49455600,MSFT
2016-10-21,60.279998779296875,60.45000076293945,59.4900016784668,59.65999984741211,53.41199493408203,80032200,MSFT
2016-10-24,59.939998626708984,61.0,59.93000030517578,61.0,54.61166000366211,54067000,MSFT
2016-10-25,60.849998474121094,61.369998931884766,60.79999923706055,60.9900016784668,54.60270309448242,35137200,MSFT
2016-10-26,60.810001373291016,61.20000076293945,60.470001220703125,60.630001068115234,54.28042221069336,29911600,MSFT
2016-10-27,60.61000061035156,60.83000183105469,60.09000015258789,60.099998474121094,53.805912017822266,28479900,MSFT
2016-10-28,60.0099983215332,60.52000045776367,59.58000183105469,59.869998931884766,53.60000991821289,33574700,MSFT
2016-10-31,60.15999984741211,60.41999816894531,59.91999816894531,59.91999816894531,53.64476013183594,26434700,MSFT
2016-11-01,59.970001220703125,60.02000045776367,59.25,59.79999923706055,53.537330627441406,24533000,MSFT
2016-11-02,59.81999969482422,59.93000030517578,59.29999923706055,59.43000030517578,53.20608901977539,22147000,MSFT
2016-11-03,59.529998779296875,59.63999938964844,59.11000061035156,59.209999084472656,53.009124755859375,21600400,MSFT
2016-11-04,58.650001525878906,59.279998779296875,58.52000045776367,58.709999084472656,52.56149673461914,28697000,MSFT
2016-11-07,59.779998779296875,60.52000045776367,59.779998779296875,60.41999816894531,54.0923957824707,31664800,MSFT
2016-11-08,60.54999923706055,60.779998779296875,60.150001525878906,60.470001220703125,54.13717269897461,22935400,MSFT
2016-11-09,60.0,60.59000015258789,59.20000076293945,60.16999816894531,53.868587493896484,49632500,MSFT
2016-11-10,60.47999954223633,60.4900016784668,57.630001068115234,58.70000076293945,52.55253601074219,57822400,MSFT
2016-11-11,58.22999954223633,59.119998931884766,58.0099983215332,59.02000045776367,52.83902359008789,38767800,MSFT
2016-11-14,59.02000045776367,59.08000183105469,57.279998779296875,58.119998931884766,52.03327560424805,41328400,MSFT
2016-11-15,58.33000183105469,59.4900016784668,58.31999969482422,58.869998931884766,53.0607795715332,35904100,MSFT
2016-11-16,58.939998626708984,59.65999984741211,58.810001373291016,59.650001525878906,53.76382064819336,27332500,MSFT
2016-11-17,60.40999984741211,60.95000076293945,59.970001220703125,60.63999938964844,54.65612030029297,32132700,MSFT
2016-11-18,60.779998779296875,61.13999938964844,60.29999923706055,60.349998474121094,54.39472961425781,27686300,MSFT
2016-11-21,60.5,60.970001220703125,60.41999816894531,60.86000061035156,54.85441207885742,19652600,MSFT
2016-11-22,60.97999954223633,61.2599983215332,60.810001373291016,61.119998931884766,55.088748931884766,23206700,MSFT
2016-11-23,61.0099983215332,61.099998474121094,60.25,60.400001525878906,54.43981170654297,21848900,MSFT
2016-11-25,60.29999923706055,60.529998779296875,60.130001068115234,60.529998779296875,54.55698013305664,8409600,MSFT
2016-11-28,60.34000015258789,61.02000045776367,60.209999084472656,60.61000061035156,54.62907409667969,20732600,MSFT
2016-11-29,60.650001525878906,61.40999984741211,60.52000045776367,61.09000015258789,55.06171798706055,22366700,MSFT
2016-11-30,60.86000061035156,61.18000030517578,60.220001220703125,60.2599983215332,54.31360626220703,34655400,MSFT
2016-12-01,60.11000061035156,60.150001525878906,58.939998626708984,59.20000076293945,53.35821533203125,34542100,MSFT
2016-12-02,59.08000183105469,59.470001220703125,58.79999923706055,59.25,53.40327453613281,25515700,MSFT
2016-12-05,59.70000076293945,60.59000015258789,59.560001373291016,60.220001220703125,54.27757263183594,23552700,MSFT
2016-12-06,60.43000030517578,60.459999084472656,59.79999923706055,59.95000076293945,54.03420639038086,19907000,MSFT
2016-12-07,60.0099983215332,61.380001068115234,59.79999923706055,61.369998931884766,55.3140869140625,30809000,MSFT
2016-12-08,61.29999923706055,61.58000183105469,60.84000015258789,61.0099983215332,54.98960876464844,21220800,MSFT
2016-12-09,61.18000030517578,61.9900016784668,61.130001068115234,61.970001220703125,55.85487365722656,27349400,MSFT
2016-12-12,61.81999969482422,62.29999923706055,61.720001220703125,62.16999816894531,56.03514862060547,20198100,MSFT
2016-12-13,62.5,63.41999816894531,62.2400016784668,62.97999954223633,56.765201568603516,35718900,MSFT
2016-12-14,63.0,63.45000076293945,62.529998779296875,62.68000030517578,56.494815826416016,30352700,MSFT
2016-12-15,62.70000076293945,63.150001525878906,62.29999923706055,62.58000183105469,56.404685974121094,27669900,MSFT
2016-12-16,62.95000076293945,62.95000076293945,62.119998931884766,62.29999923706055,56.15230941772461,42453100,MSFT
2016-12-19,62.560001373291016,63.77000045776367,62.41999816894531,63.619998931884766,57.3420524597168,34338200,MSFT
2016-12-20,63.689998626708984,63.79999923706055,63.029998779296875,63.540000915527344,57.26995086669922,26028400,MSFT
2016-12-21,63.43000030517578,63.70000076293945,63.119998931884766,63.540000915527344,57.26995086669922,17096300,MSFT
2016-12-22,63.84000015258789,64.0999984741211,63.40999984741211,63.54999923706055,57.27897262573242,22176600,MSFT
2016-12-23,63.45000076293945,63.540000915527344,62.79999923706055,63.2400016784668,56.99955749511719,12403800,MSFT
2016-12-27,63.209999084472656,64.06999969482422,63.209999084472656,63.279998779296875,57.03560256958008,11763200,MSFT
2016-12-28,63.400001525878906,63.400001525878906,62.83000183105469,62.9900016784668,56.774227142333984,14653300,MSFT
2016-12-29,62.86000061035156,63.20000076293945,62.72999954223633,62.900001525878906,56.69310760498047,10250600,MSFT
2016-12-30,62.959999084472656,62.9900016784668,62.029998779296875,62.13999938964844,56.00811004638672,25579900,MSFT
2017-01-03,62.790000915527344,62.84000015258789,62.130001068115234,62.58000183105469,56.404685974121094,20694100,MSFT
2017-01-04,62.47999954223633,62.75,62.119998931884766,62.29999923706055,56.15230941772461,21340000,MSFT
2017-01-05,62.189998626708984,62.65999984741211,62.029998779296875,62.29999923706055,56.15230941772461,24876000,MSFT
2017-01-06,62.29999923706055,63.150001525878906,62.040000915527344,62.84000015258789,56.63902282714844,19922900,MSFT
2017-01-09,62.7599983215332,63.08000183105469,62.540000915527344,62.63999938964844,56.458770751953125,20382700,MSFT
2017-01-10,62.72999954223633,63.06999969482422,62.279998779296875,62.619998931884766,56.440731048583984,18593000,MSFT
2017-01-11,62.61000061035156,63.22999954223633,62.43000030517578,63.189998626708984,56.95448684692383,21517300,MSFT
2017-01-12,63.060001373291016,63.400001525878906,61.95000076293945,62.61000061035156,56.43172073364258,20968200,MSFT
2017-01-13,62.619998931884766,62.869998931884766,62.349998474121094,62.70000076293945,56.51284408569336,19422300,MSFT
2017-01-17,62.68000030517578,62.70000076293945,62.029998779296875,62.529998779296875,56.359622955322266,20664000,MSFT
2017-01-18,62.66999816894531,62.70000076293945,62.119998931884766,62.5,56.33256912231445,19670100,MSFT
2017-01-19,62.2400016784668,62.97999954223633,62.20000076293945,62.29999923706055,56.15230941772461,18451700,MSFT
2017-01-20,62.66999816894531,62.81999969482422,62.369998931884766,62.7400016784668,56.54889678955078,30213500,MSFT
2017-01-23,62.70000076293945,63.119998931884766,62.56999969482422,62.959999084472656,56.74717712402344,23097600,MSFT
2017-01-24,63.20000076293945,63.7400016784668,62.939998626708984,63.52000045776367,57.251930236816406,24672900,MSFT
2017-01-25,63.95000076293945,64.0999984741211,63.45000076293945,63.68000030517578,57.396141052246094,23672700,MSFT
2017-01-26,64.12000274658203,64.54000091552734,63.54999923706055,64.2699966430664,57.92790985107422,43554600,MSFT
2017-01-27,65.38999938964844,65.91000366210938,64.88999938964844,65.77999877929688,59.28891372680664,44818000,MSFT
2017-01-30,65.69000244140625,65.79000091552734,64.80000305175781,65.12999725341797,58.70305633544922,31651400,MSFT
2017-01-31,64.86000061035156,65.1500015258789,64.26000213623047,64.6500015258789,58.27041244506836,25270500,MSFT
2017-02-01,64.36000061035156,64.62000274658203,63.470001220703125,63.58000183105469,57.30600357055664,39671500,MSFT
2017-02-02,63.25,63.40999984741211,62.75,63.16999816894531,56.936466217041016,45827000,MSFT
2017-02-03,63.5,63.70000076293945,63.06999969482422,63.68000030517578,57.396141052246094,30301800,MSFT
2017-02-06,63.5,63.650001525878906,63.13999938964844,63.63999938964844,57.36008071899414,19796400,MSFT
2017-02-07,63.7400016784668,63.779998779296875,63.22999954223633,63.43000030517578,57.170806884765625,20277200,MSFT
2017-02-08,63.56999969482422,63.810001373291016,63.220001220703125,63.34000015258789,57.089691162109375,18096400,MSFT
2017-02-09,63.52000045776367,64.44000244140625,63.31999969482422,64.05999755859375,57.73863220214844,22644400,MSFT
2017-02-10,64.25,64.30000305175781,63.97999954223633,64.0,57.6845588684082,18170700,MSFT
2017-02-13,64.23999786376953,64.86000061035156,64.12999725341797,64.72000122070312,58.333518981933594,22920100,MSFT
2017-02-14,64.41000366210938,64.72000122070312,64.0199966430664,64.56999969482422,58.55113220214844,23108400,MSFT
2017-02-15,64.5,64.56999969482422,64.16000366210938,64.52999877929688,58.51486587524414,17005200,MSFT
2017-02-16,64.73999786376953,65.23999786376953,64.44000244140625,64.5199966430664,58.505794525146484,20546300,MSFT
2017-02-17,64.47000122070312,64.69000244140625,64.30000305175781,64.62000274658203,58.596473693847656,21248800,MSFT
2017-02-21,64.61000061035156,64.94999694824219,64.44999694824219,64.48999786376953,58.478607177734375,20655900,MSFT
2017-02-22,64.33000183105469,64.38999938964844,64.05000305175781,64.36000061035156,58.360721588134766,19292700,MSFT
2017-02-23,64.41999816894531,64.7300033569336,64.19000244140625,64.62000274658203,58.596473693847656,20273100,MSFT
2017-02-24,64.52999877929688,64.80000305175781,64.13999938964844,64.62000274658203,58.596473693847656,21796800,MSFT
2017-02-27,64.54000091552734,64.54000091552734,64.05000305175781,64.2300033569336,58.242835998535156,15871500,MSFT
2017-02-28,64.08000183105469,64.19999694824219,63.7599983215332,63.97999954223633,58.01613998413086,23239800,MSFT
2017-03-01,64.12999725341797,64.98999786376953,64.0199966430664,64.94000244140625,58.88665771484375,26937500,MSFT
2017-03-02,64.69000244140625,64.75,63.880001068115234,64.01000213623047,58.04335021972656,24539600,MSFT
2017-03-03,63.9900016784668,64.27999877929688,63.619998931884766,64.25,58.26097106933594,18135900,MSFT
2017-03-06,63.970001220703125,64.55999755859375,63.810001373291016,64.2699966430664,58.27910614013672,18750300,MSFT
2017-03-07,64.19000244140625,64.77999877929688,64.19000244140625,64.4000015258789,58.39698791503906,18521000,MSFT
2017-03-08,64.26000213623047,65.08000183105469,64.25,64.98999786376953,58.9319953918457,21510900,MSFT
2017-03-09,65.19000244140625,65.19999694824219,64.4800033569336,64.7300033569336,58.69623565673828,19846800,MSFT
2017-03-10,65.11000061035156,65.26000213623047,64.75,64.93000030517578,58.8775749206543,19538200,MSFT
2017-03-13,65.01000213623047,65.19000244140625,64.56999969482422,64.70999908447266,58.678096771240234,20100000,MSFT
2017-03-14,64.52999877929688,64.55000305175781,64.1500015258789,64.41000366210938,58.406063079833984,14280200,MSFT
2017-03-15,64.55000305175781,64.91999816894531,64.25,64.75,58.71436309814453,24833800,MSFT
2017-03-16,64.75,64.76000213623047,64.30000305175781,64.63999938964844,58.61460876464844,20674300,MSFT
2017-03-17,64.91000366210938,65.23999786376953,64.68000030517578,64.87000274658203,58.82316970825195,49219700,MSFT
2017-03-20,64.91000366210938,65.18000030517578,64.72000122070312,64.93000030517578,58.8775749206543,14598100,MSFT
2017-03-21,65.19000244140625,65.5,64.12999725341797,64.20999908447266,58.22470474243164,26640500,MSFT
2017-03-22,64.12000274658203,65.13999938964844,64.12000274658203,65.02999877929688,58.96826934814453,20680000,MSFT
2017-03-23,64.94000244140625,65.23999786376953,64.7699966430664,64.87000274658203,58.82316970825195,19269200,MSFT
2017-03-24,65.36000061035156,65.44999694824219,64.76000213623047,64.9800033569336,58.922908782958984,22617100,MSFT
2017-03-27,64.62999725341797,65.22000122070312,64.3499984741211,65.0999984741211,59.03174591064453,18614700,MSFT
2017-03-28,64.95999908447266,65.47000122070312,64.6500015258789,65.29000091552734,59.20403289794922,20080400,MSFT
2017-03-29,65.12000274658203,65.5,64.94999694824219,65.47000122070312,59.36723327636719,13618400,MSFT
2017-03-30,65.41999816894531,65.9800033569336,65.36000061035156,65.70999908447266,59.584869384765625,15122800,MSFT
2017-03-31,65.6500015258789,66.19000244140625,65.44999694824219,65.86000061035156,59.720890045166016,21040300,MSFT
2017-04-03,65.80999755859375,65.94000244140625,65.19000244140625,65.55000305175781,59.439796447753906,20400900,MSFT
2017-04-04,65.38999938964844,65.80999755859375,65.27999877929688,65.7300033569336,59.60300827026367,12997400,MSFT
2017-04-05,66.30000305175781,66.3499984741211,65.44000244140625,65.55999755859375,59.4488639831543,21448600,MSFT
2017-04-06,65.5999984741211,66.05999755859375,65.4800033569336,65.7300033569336,59.60300827026367,18103500,MSFT
2017-04-07,65.8499984741211,65.95999908447266,65.44000244140625,65.68000030517578,59.55765914916992,14108500,MSFT
2017-04-10,65.61000061035156,65.81999969482422,65.36000061035156,65.52999877929688,59.421653747558594,17952700,MSFT
2017-04-11,65.5999984741211,65.61000061035156,64.8499984741211,65.4800033569336,59.37632369995117,18791500,MSFT
2017-04-12,65.41999816894531,65.51000213623047,65.11000061035156,65.2300033569336,59.14960861206055,17108500,MSFT
2017-04-13,65.29000091552734,65.86000061035156,64.94999694824219,64.94999694824219,58.89570999145508,17896500,MSFT
2017-04-17,65.04000091552734,65.48999786376953,65.01000213623047,65.4800033569336,59.37632369995117,16689300,MSFT
2017-04-18,65.33000183105469,65.70999908447266,65.16000366210938,65.38999938964844,59.29471206665039,15155600,MSFT
2017-04-19,65.6500015258789,65.75,64.88999938964844,65.04000091552734,58.97733688354492,26992800,MSFT
2017-04-20,65.45999908447266,65.75,65.13999938964844,65.5,59.39446258544922,22299500,MSFT
2017-04-21,65.66999816894531,66.69999694824219,65.44999694824219,66.4000015258789,60.210567474365234,32522600,MSFT
2017-04-24,67.4800033569336,67.66000366210938,67.0999984741211,67.52999877929688,61.2352180480957,29770000,MSFT
2017-04-25,67.9000015258789,68.04000091552734,67.5999984741211,67.91999816894531,61.588863372802734,30242700,MSFT
2017-04-26,68.08000183105469,68.30999755859375,67.62000274658203,67.83000183105469,61.50727081298828,26190800,MSFT
2017-04-27,68.1500015258789,68.37999725341797,67.58000183105469,68.2699966430664,61.90623474121094,34971000,MSFT
2017-04-28,68.91000366210938,69.13999938964844,67.69000244140625,68.45999908447266,62.07854461669922,39548800,MSFT
2017-05-01,68.68000030517578,69.55000305175781,68.5,69.41000366210938,62.93998718261719,31954400,MSFT
2017-05-02,69.70999908447266,69.70999908447266,69.12999725341797,69.30000305175781,62.84023666381836,23906100,MSFT
2017-05-03,69.37999725341797,69.37999725341797,68.70999908447266,69.08000183105469,62.64075469970703,28928000,MSFT
2017-05-04,69.02999877929688,69.08000183105469,68.63999938964844,68.80999755859375,62.39590835571289,21749400,MSFT
2017-05-05,68.9000015258789,69.02999877929688,68.48999786376953,69.0,62.56820297241211,19128800,MSFT
2017-05-08,68.97000122070312,69.05000305175781,68.41999816894531,68.94000244140625,62.5137825012207,18566100,MSFT
2017-05-09,68.86000061035156,69.27999877929688,68.68000030517578,69.04000091552734,62.60446548461914,22858400,MSFT
2017-05-10,68.98999786376953,69.55999755859375,68.91999816894531,69.30999755859375,62.84929656982422,17977800,MSFT
2017-05-11,68.36000061035156,68.7300033569336,68.12000274658203,68.45999908447266,62.07854461669922,28789400,MSFT
2017-05-12,68.61000061035156,68.61000061035156,68.04000091552734,68.37999725341797,62.00599670410156,18714100,MSFT
2017-05-15,68.13999938964844,68.4800033569336,67.56999969482422,68.43000030517578,62.05134582519531,31530300,MSFT
2017-05-16,68.2300033569336,69.44000244140625,68.16000366210938,69.41000366210938,63.300750732421875,34956000,MSFT
2017-05-17,68.88999938964844,69.0999984741211,67.43000030517578,67.4800033569336,61.540626525878906,30548800,MSFT
2017-05-18,67.4000015258789,68.12999725341797,67.13999938964844,67.70999908447266,61.75037384033203,25201300,MSFT
2017-05-19,67.5,68.0999984741211,67.43000030517578,67.69000244140625,61.73213195800781,26961100,MSFT
2017-05-22,67.88999938964844,68.5,67.5,68.44999694824219,62.42525100708008,16237600,MSFT
2017-05-23,68.72000122070312,68.75,68.37999725341797,68.68000030517578,62.635005950927734,15425800,MSFT
2017-05-24,68.87000274658203,68.87999725341797,68.44999694824219,68.7699966430664,62.717071533203125,14593900,MSFT
2017-05-25,68.97000122070312,69.87999725341797,68.91000366210938,69.62000274658203,63.49228286743164,21854100,MSFT
2017-05-26,69.80000305175781,70.22000122070312,69.5199966430664,69.95999908447266,63.80234909057617,19827900,MSFT
2017-05-30,69.79000091552734,70.41000366210938,69.7699966430664,70.41000366210938,64.21273040771484,17072800,MSFT
2017-05-31,70.52999877929688,70.73999786376953,69.80999755859375,69.83999633789062,63.69289779663086,30436400,MSFT
2017-06-01,70.23999786376953,70.61000061035156,69.44999694824219,70.0999984741211,63.93001937866211,21603600,MSFT
2017-06-02,70.44000244140625,71.86000061035156,70.23999786376953,71.76000213623047,65.44389343261719,34770300,MSFT
2017-06-05,71.97000122070312,72.88999938964844,71.80999755859375,72.27999877929688,65.91814422607422,33316800,MSFT
2017-06-06,72.30000305175781,72.62000274658203,72.2699966430664,72.5199966430664,66.13701629638672,31511100,MSFT
2017-06-07,72.63999938964844,72.7699966430664,71.94999694824219,72.38999938964844,66.01847076416016,22301800,MSFT
2017-06-08,72.51000213623047,72.5199966430664,71.5,71.94999694824219,65.61720275878906,24588300,MSFT
2017-06-09,72.04000091552734,72.08000183105469,68.58999633789062,70.31999969482422,64.1306381225586,49187400,MSFT
2017-06-12,69.25,69.94000244140625,68.12999725341797,69.77999877929688,63.638187408447266,47761700,MSFT
2017-06-13,70.0199966430664,70.81999969482422,69.95999908447266,70.6500015258789,64.43160247802734,25258600,MSFT
2017-06-14,70.91000366210938,71.0999984741211,69.43000030517578,70.2699966430664,64.08504486083984,25510700,MSFT
2017-06-15,69.2699966430664,70.20999908447266,68.80000305175781,69.9000015258789,63.747615814208984,26068700,MSFT
2017-06-16,69.7300033569336,70.02999877929688,69.22000122070312,70.0,63.83884048461914,48345100,MSFT
2017-06-19,70.5,70.94000244140625,70.3499984741211,70.87000274658203,64.63224029541016,23798300,MSFT
2017-06-20,70.81999969482422,70.87000274658203,69.87000274658203,69.91000366210938,63.75672912597656,21512200,MSFT
2017-06-21,70.20999908447266,70.62000274658203,69.94000244140625,70.2699966430664,64.08504486083984,19891100,MSFT
2017-06-22,70.54000091552734,70.58999633789062,69.70999908447266,70.26000213623047,64.07595825195312,22965700,MSFT
2017-06-23,70.08999633789062,71.25,69.91999816894531,71.20999908447266,64.94231414794922,27617300,MSFT
2017-06-26,71.4000015258789,71.70999908447266,70.44000244140625,70.52999877929688,64.3221664428711,19607000,MSFT
2017-06-27,70.11000061035156,70.18000030517578,69.18000030517578,69.20999908447266,63.11836242675781,25215100,MSFT
2017-06-28,69.20999908447266,69.83999633789062,68.79000091552734,69.80000305175781,63.65645217895508,25806200,MSFT
2017-06-29,69.37999725341797,69.48999786376953,68.08999633789062,68.48999786376953,62.46173858642578,28918700,MSFT
2017-06-30,68.77999877929688,69.37999725341797,68.73999786376953,68.93000030517578,62.86299133300781,24161100,MSFT
2017-07-03,69.33000183105469,69.5999984741211,68.0199966430664,68.16999816894531,62.16988754272461,16165500,MSFT
2017-07-05,68.26000213623047,69.44000244140625,68.22000122070312,69.08000183105469,62.999813079833984,21176300,MSFT
2017-07-06,68.2699966430664,68.77999877929688,68.12000274658203,68.56999969482422,62.53468704223633,21117600,MSFT
2017-07-07,68.69999694824219,69.83999633789062,68.69999694824219,69.45999908447266,63.346336364746094,16878300,MSFT
2017-07-10,69.45999908447266,70.25,69.19999694824219,69.9800033569336,63.820579528808594,15014500,MSFT
2017-07-11,70.0,70.68000030517578,69.75,69.98999786376953,63.82968521118164,17460000,MSFT
2017-07-12,70.69000244140625,71.27999877929688,70.55000305175781,71.1500015258789,64.88761138916016,17750900,MSFT
2017-07-13,71.5,72.04000091552734,71.30999755859375,71.7699966430664,65.45304107666016,20269800,MSFT
2017-07-14,72.23999786376953,73.2699966430664,71.95999908447266,72.77999877929688,66.3741226196289,25868100,MSFT
2017-07-17,72.80000305175781,73.44999694824219,72.72000122070312,73.3499984741211,66.89395904541016,21803900,MSFT
2017-07-18,73.08999633789062,73.38999938964844,72.66000366210938,73.30000305175781,66.8483657836914,26435300,MSFT
2017-07-19,73.5,74.04000091552734,73.44999694824219,73.86000061035156,67.35906219482422,22416200,MSFT
2017-07-20,74.18000030517578,74.30000305175781,73.27999877929688,74.22000122070312,67.68736267089844,42361000,MSFT
2017-07-21,73.44999694824219,74.29000091552734,73.16999816894531,73.79000091552734,67.29521942138672,46717100,MSFT
2017-07-24,73.52999877929688,73.75,73.12999725341797,73.5999984741211,67.12196350097656,21394800,MSFT
2017-07-25,73.80000305175781,74.30999755859375,73.5,74.19000244140625,67.66004180908203,22018700,MSFT
2017-07-26,74.33999633789062,74.37999725341797,73.80999755859375,74.05000305175781,67.53235626220703,16252200,MSFT
2017-07-27,73.76000213623047,74.41999816894531,72.31999969482422,73.16000366210938,66.720703125,36844200,MSFT
2017-07-28,72.66999816894531,73.30999755859375,72.54000091552734,73.04000091552734,66.61127471923828,18306700,MSFT
2017-07-31,73.30000305175781,73.44000244140625,72.41000366210938,72.69999694824219,66.30116271972656,23600100,MSFT
2017-08-01,73.0999984741211,73.41999816894531,72.48999786376953,72.58000183105469,66.19172668457031,22132300,MSFT
2017-08-02,72.55000305175781,72.55999755859375,71.44000244140625,72.26000213623047,65.89990234375,26499200,MSFT
2017-08-03,72.19000244140625,72.44000244140625,71.8499984741211,72.1500015258789,65.7995834350586,18214400,MSFT
2017-08-04,72.4000015258789,73.04000091552734,72.23999786376953,72.68000030517578,66.28294372558594,22579000,MSFT
2017-08-07,72.80000305175781,72.9000015258789,72.26000213623047,72.4000015258789,66.0275650024414,18705700,MSFT
2017-08-08,72.08999633789062,73.12999725341797,71.75,72.79000091552734,66.38324737548828,22044600,MSFT
2017-08-09,72.25,72.51000213623047,72.05000305175781,72.47000122070312,66.09142303466797,22213400,MSFT
2017-08-10,71.9000015258789,72.19000244140625,71.3499984741211,71.41000366210938,65.12471008300781,24734500,MSFT
2017-08-11,71.61000061035156,72.69999694824219,71.27999877929688,72.5,66.1187744140625,21443700,MSFT
2017-08-14,73.05999755859375,73.72000122070312,72.94999694824219,73.58999633789062,67.11284637451172,20096600,MSFT
2017-08-15,73.58999633789062,73.58999633789062,73.04000091552734,73.22000122070312,67.13117218017578,19181400,MSFT
2017-08-16,73.33999633789062,74.0999984741211,73.16999816894531,73.6500015258789,67.52539825439453,18150400,MSFT
2017-08-17,73.58000183105469,73.87000274658203,72.4000015258789,72.4000015258789,66.37935638427734,22977500,MSFT
2017-08-18,72.2699966430664,72.83999633789062,71.93000030517578,72.48999786376953,66.46186828613281,18761500,MSFT
2017-08-21,72.47000122070312,72.4800033569336,71.69999694824219,72.1500015258789,66.15015411376953,17734800,MSFT
2017-08-22,72.3499984741211,73.23999786376953,72.3499984741211,73.16000366210938,67.07618713378906,14343700,MSFT
2017-08-23,72.95999908447266,73.1500015258789,72.52999877929688,72.72000122070312,66.67278289794922,13766500,MSFT
2017-08-24,72.73999786376953,72.86000061035156,72.06999969482422,72.69000244140625,66.64524841308594,17098300,MSFT
2017-08-25,72.86000061035156,73.3499984741211,72.4800033569336,72.81999969482422,66.76444244384766,12794300,MSFT
2017-08-28,73.05999755859375,73.08999633789062,72.55000305175781,72.83000183105469,66.77362060546875,14569700,MSFT
2017-08-29,72.25,73.16000366210938,72.05000305175781,73.05000305175781,66.97532653808594,11478400,MSFT
2017-08-30,73.01000213623047,74.20999908447266,72.83000183105469,74.01000213623047,67.85548400878906,16897800,MSFT
2017-08-31,74.02999877929688,74.95999908447266,73.80000305175781,74.7699966430664,68.5522689819336,27652800,MSFT
2017-09-01,74.70999908447266,74.73999786376953,73.63999938964844,73.94000244140625,67.79132843017578,21736200,MSFT
2017-09-05,73.33999633789062,73.88999938964844,72.9800033569336,73.61000061035156,67.48876953125,21556000,MSFT
2017-09-06,73.73999786376953,74.04000091552734,73.3499984741211,73.4000015258789,67.29620361328125,16535800,MSFT
2017-09-07,73.68000030517578,74.5999984741211,73.5999984741211,74.33999633789062,68.15802001953125,17471200,MSFT
2017-09-08,74.33000183105469,74.44000244140625,73.83999633789062,73.9800033569336,67.8279800415039,14703800,MSFT
2017-09-11,74.30999755859375,74.94000244140625,74.30999755859375,74.76000213623047,68.54312133789062,17910400,MSFT
2017-09-12,74.76000213623047,75.23999786376953,74.37000274658203,74.68000030517578,68.46978759765625,14394900,MSFT
2017-09-13,74.93000030517578,75.2300033569336,74.55000305175781,75.20999908447266,68.95570373535156,13380800,MSFT
2017-09-14,75.0,75.48999786376953,74.5199966430664,74.7699966430664,68.5522689819336,15733900,MSFT
2017-09-15,74.83000183105469,75.38999938964844,74.06999969482422,75.30999755859375,69.04739379882812,38578400,MSFT
2017-09-18,75.2300033569336,75.97000122070312,75.04000091552734,75.16000366210938,68.90984344482422,23307000,MSFT
2017-09-19,75.20999908447266,75.70999908447266,75.01000213623047,75.44000244140625,69.16656494140625,16093300,MSFT
2017-09-20,75.3499984741211,75.55000305175781,74.30999755859375,74.94000244140625,68.7081527709961,21587900,MSFT
2017-09-21,75.11000061035156,75.23999786376953,74.11000061035156,74.20999908447266,68.03885650634766,19186100,MSFT
2017-09-22,73.98999786376953,74.51000213623047,73.8499984741211,74.41000366210938,68.22222900390625,14111400,MSFT
2017-09-25,74.08999633789062,74.25,72.91999816894531,73.26000213623047,67.1678237915039,24149200,MSFT
2017-09-26,73.66999816894531,73.80999755859375,72.98999786376953,73.26000213623047,67.1678237915039,18019600,MSFT
2017-09-27,73.55000305175781,74.16999816894531,73.16999816894531,73.8499984741211,67.70878601074219,19565100,MSFT
2017-09-28,73.54000091552734,73.97000122070312,73.30999755859375,73.87000274658203,67.72712707519531,10883800,MSFT
2017-09-29,73.94000244140625,74.54000091552734,73.87999725341797,74.48999786376953,68.29556274414062,17079100,MSFT
2017-10-02,74.70999908447266,75.01000213623047,74.30000305175781,74.61000061035156,68.40560150146484,15304800,MSFT
2017-10-03,74.66999816894531,74.87999725341797,74.19000244140625,74.26000213623047,68.08470916748047,12190400,MSFT
2017-10-04,74.08999633789062,74.72000122070312,73.70999908447266,74.69000244140625,68.47891998291016,13317700,MSFT
2017-10-05,75.22000122070312,76.12000274658203,74.95999908447266,75.97000122070312,69.65249633789062,21195300,MSFT
2017-10-06,75.66999816894531,76.02999877929688,75.54000091552734,76.0,69.67999267578125,13959800,MSFT
2017-10-09,75.97000122070312,76.55000305175781,75.86000061035156,76.29000091552734,69.94586181640625,11386500,MSFT
2017-10-10,76.33000183105469,76.62999725341797,76.13999938964844,76.29000091552734,69.94586181640625,13944500,MSFT
2017-10-11,76.36000061035156,76.45999908447266,75.94999694824219,76.41999816894531,70.06507873535156,15388900,MSFT
2017-10-12,76.48999786376953,77.29000091552734,76.37000274658203,77.12000274658203,70.70686340332031,16876500,MSFT
2017-10-13,77.58999633789062,77.87000274658203,77.29000091552734,77.48999786376953,71.04608917236328,15335700,MSFT
2017-10-16,77.41999816894531,77.80999755859375,77.3499984741211,77.6500015258789,71.19281005859375,12380100,MSFT
2017-10-17,77.47000122070312,77.62000274658203,77.25,77.58999633789062,71.13777160644531,16824000,MSFT
2017-10-18,77.66999816894531,77.8499984741211,77.37000274658203,77.61000061035156,71.15612030029297,13300700,MSFT
2017-10-19,77.56999969482422,77.93000030517578,77.3499984741211,77.91000366210938,71.43116760253906,15092800,MSFT
2017-10-20,78.31999969482422,78.97000122070312,78.22000122070312,78.80999755859375,72.25630950927734,22866400,MSFT
2017-10-23,78.98999786376953,79.33999633789062,78.76000213623047,78.83000183105469,72.274658203125,20627200,MSFT
2017-10-24,78.9000015258789,79.19999694824219,78.45999908447266,78.86000061035156,72.30217742919922,17517200,MSFT
2017-10-25,78.58000183105469,79.0999984741211,78.01000213623047,78.62999725341797,72.09130096435547,20410800,MSFT
2017-10-26,79.19999694824219,79.41999816894531,78.75,78.76000213623047,72.21048736572266,32120700,MSFT
2017-10-27,84.37000274658203,86.19999694824219,83.61000061035156,83.80999755859375,76.84053039550781,71066700,MSFT
2017-10-30,83.69999694824219,84.33000183105469,83.11000061035156,83.88999938964844,76.91388702392578,31756700,MSFT
2017-10-31,84.36000061035156,84.36000061035156,83.11000061035156,83.18000030517578,76.26293182373047,27086600,MSFT
2017-11-01,83.68000030517578,83.76000213623047,82.87999725341797,83.18000030517578,76.26293182373047,22307400,MSFT
2017-11-02,83.3499984741211,84.45999908447266,83.12000274658203,84.05000305175781,77.06057739257812,23992900,MSFT
2017-11-03,84.08000183105469,84.54000091552734,83.4000015258789,84.13999938964844,77.14308166503906,17633500,MSFT
2017-11-06,84.19999694824219,84.69999694824219,84.08000183105469,84.47000122070312,77.44563293457031,19860900,MSFT
2017-11-07,84.7699966430664,84.9000015258789,83.93000030517578,84.2699966430664,77.26228332519531,17939700,MSFT
2017-11-08,84.13999938964844,84.61000061035156,83.83000183105469,84.55999755859375,77.52816772460938,18034200,MSFT
2017-11-09,84.11000061035156,84.2699966430664,82.9000015258789,84.08999633789062,77.09723663330078,21178400,MSFT
2017-11-10,83.79000091552734,84.0999984741211,83.2300033569336,83.87000274658203,76.89554595947266,19397800,MSFT
2017-11-13,83.66000366210938,83.94000244140625,83.45999908447266,83.93000030517578,76.9505615234375,14196900,MSFT
2017-11-14,83.5,84.0999984741211,82.9800033569336,84.05000305175781,77.06057739257812,18801300,MSFT
2017-11-15,83.47000122070312,83.69000244140625,82.69000244140625,82.9800033569336,76.46163177490234,19383100,MSFT
2017-11-16,83.0999984741211,83.41999816894531,82.94000244140625,83.19999694824219,76.66437530517578,20962800,MSFT
2017-11-17,83.12000274658203,83.12000274658203,82.23999786376953,82.4000015258789,75.92721557617188,22079000,MSFT
2017-11-20,82.4000015258789,82.58999633789062,82.25,82.52999877929688,76.04698944091797,16315000,MSFT
2017-11-21,82.73999786376953,83.83999633789062,82.73999786376953,83.72000122070312,77.14352416992188,21237500,MSFT
2017-11-22,83.83000183105469,83.9000015258789,83.04000091552734,83.11000061035156,76.58142852783203,20553100,MSFT
2017-11-24,83.01000213623047,83.43000030517578,82.77999877929688,83.26000213623047,76.71964263916016,7425600,MSFT
2017-11-27,83.30999755859375,83.9800033569336,83.30000305175781,83.87000274658203,77.2817153930664,18265200,MSFT
2017-11-28,84.06999969482422,85.05999755859375,84.0199966430664,84.87999725341797,78.21238708496094,21926000,MSFT
2017-11-29,84.70999908447266,84.91999816894531,83.18000030517578,83.33999633789062,76.79336547851562,27381100,MSFT
2017-11-30,83.51000213623047,84.5199966430664,83.33999633789062,84.16999816894531,77.55813598632812,33054600,MSFT
2017-12-01,83.5999984741211,84.80999755859375,83.22000122070312,84.26000213623047,77.64112091064453,29532100,MSFT
2017-12-04,84.41999816894531,84.43000030517578,80.69999694824219,81.08000183105469,74.71087646484375,39094900,MSFT
2017-12-05,81.33999633789062,82.68000030517578,80.9800033569336,81.58999633789062,75.18082427978516,26152300,MSFT
2017-12-06,81.55000305175781,83.13999938964844,81.43000030517578,82.77999877929688,76.27734375,26162100,MSFT
2017-12-07,82.54000091552734,82.80000305175781,82.0,82.48999786376953,76.01012420654297,23184500,MSFT
2017-12-08,83.62999725341797,84.58000183105469,83.33000183105469,84.16000366210938,77.54893493652344,24489100,MSFT
2017-12-11,84.29000091552734,85.37000274658203,84.12000274658203,85.2300033569336,78.53488159179688,22857900,MSFT
2017-12-12,85.30999755859375,86.05000305175781,85.08000183105469,85.58000183105469,78.85738372802734,23924100,MSFT
2017-12-13,85.73999786376953,86.0,85.16999816894531,85.3499984741211,78.64546203613281,22062700,MSFT
2017-12-14,85.43000030517578,85.87000274658203,84.52999877929688,84.69000244140625,78.03731536865234,19306000,MSFT
2017-12-15,85.26000213623047,87.08999633789062,84.87999725341797,86.8499984741211,80.02764129638672,53936700,MSFT
2017-12-18,87.12000274658203,87.5,86.2300033569336,86.37999725341797,79.59454345703125,22283800,MSFT
2017-12-19,86.3499984741211,86.3499984741211,85.2699966430664,85.83000183105469,79.08776092529297,23524800,MSFT
2017-12-20,86.19999694824219,86.30000305175781,84.70999908447266,85.5199966430664,78.8021240234375,23674900,MSFT
2017-12-21,86.05000305175781,86.0999984741211,85.4000015258789,85.5,78.7836685180664,17990700,MSFT
2017-12-22,85.4000015258789,85.62999725341797,84.91999816894531,85.51000213623047,78.79288482666016,14145800,MSFT
2017-12-26,85.30999755859375,85.52999877929688,85.02999877929688,85.4000015258789,78.6915283203125,9891200,MSFT
2017-12-27,85.6500015258789,85.9800033569336,85.22000122070312,85.70999908447266,78.97720336914062,14678000,MSFT
2017-12-28,85.9000015258789,85.93000030517578,85.55000305175781,85.72000122070312,78.98641204833984,10594300,MSFT
2017-12-29,85.62999725341797,86.05000305175781,85.5,85.54000091552734,78.82052612304688,18717400,MSFT
2018-01-02,86.12999725341797,86.30999755859375,85.5,85.94999694824219,79.19834899902344,22483800,MSFT
2018-01-03,86.05999755859375,86.51000213623047,85.97000122070312,86.3499984741211,79.56693267822266,26061400,MSFT
2018-01-04,86.58999633789062,87.66000366210938,86.56999969482422,87.11000061035156,80.2672119140625,21912000,MSFT
2018-01-05,87.66000366210938,88.41000366210938,87.43000030517578,88.19000244140625,81.26238250732422,23407100,MSFT
2018-01-08,88.19999694824219,88.58000183105469,87.5999984741211,88.27999877929688,81.34529113769531,22113000,MSFT
2018-01-09,88.6500015258789,88.7300033569336,87.86000061035156,88.22000122070312,81.29000091552734,19484300,MSFT
2018-01-10,87.86000061035156,88.19000244140625,87.41000366210938,87.81999969482422,80.92143249511719,18652200,MSFT
2018-01-11,88.12999725341797,88.12999725341797,87.23999786376953,88.08000183105469,81.16101837158203,17808900,MSFT
2018-01-12,88.66999816894531,89.77999877929688,88.44999694824219,89.5999984741211,82.56159973144531,24271500,MSFT
2018-01-16,90.0999984741211,90.79000091552734,88.01000213623047,88.3499984741211,81.40982055664062,36599700,MSFT
2018-01-17,89.08000183105469,90.27999877929688,88.75,90.13999938964844,83.05919647216797,25621200,MSFT
2018-01-18,89.80000305175781,90.66999816894531,89.66000366210938,90.0999984741211,83.02233123779297,24159700,MSFT
2018-01-19,90.13999938964844,90.61000061035156,89.66000366210938,90.0,82.93020629882812,36875000,MSFT
2018-01-22,90.0,91.62000274658203,89.73999786376953,91.61000061035156,84.4137191772461,23601600,MSFT
2018-01-23,91.9000015258789,92.30000305175781,91.54000091552734,91.9000015258789,84.68094635009766,23412800,MSFT
2018-01-24,92.55000305175781,93.43000030517578,91.58000183105469,91.81999969482422,84.60720825195312,33277500,MSFT
2018-01-25,92.47000122070312,93.23999786376953,91.93000030517578,92.33000183105469,85.07716369628906,26383200,MSFT
2018-01-26,93.12000274658203,94.05999755859375,92.58000183105469,94.05999755859375,86.67124938964844,29172200,MSFT
2018-01-29,95.13999938964844,95.44999694824219,93.72000122070312,93.91999816894531,86.54224395751953,31569900,MSFT
2018-01-30,93.30000305175781,93.66000366210938,92.0999984741211,92.73999786376953,85.4549560546875,38635100,MSFT
2018-01-31,93.75,95.4000015258789,93.51000213623047,95.01000213623047,87.5466537475586,48756300,MSFT
2018-02-01,94.79000091552734,96.06999969482422,93.58000183105469,94.26000213623047,86.85554504394531,47227900,MSFT
2018-02-02,93.63999938964844,93.97000122070312,91.5,91.77999877929688,84.57039642333984,47867800,MSFT
2018-02-05,90.55999755859375,93.23999786376953,88.0,88.0,81.0873031616211,51031500,MSFT
2018-02-06,86.88999938964844,91.4800033569336,85.25,91.33000183105469,84.15570831298828,67998600,MSFT
2018-02-07,90.48999786376953,91.7699966430664,89.19999694824219,89.61000061035156,82.5708236694336,41107600,MSFT
2018-02-08,89.70999908447266,89.87999725341797,84.76000213623047,85.01000213623047,78.33216094970703,55628700,MSFT
2018-02-09,86.30000305175781,88.93000030517578,83.83000183105469,88.18000030517578,81.25316619873047,63499100,MSFT
2018-02-12,88.73999786376953,89.77999877929688,87.93000030517578,89.12999725341797,82.1285171508789,35720300,MSFT
2018-02-13,88.93000030517578,90.0,87.80000305175781,89.83000183105469,82.77355194091797,26407700,MSFT
2018-02-14,88.51000213623047,90.98999786376953,88.41000366210938,90.80999755859375,84.06962585449219,34960900,MSFT
2018-02-15,91.20999908447266,92.72000122070312,90.62000274658203,92.66000366210938,85.78229522705078,27823900,MSFT
2018-02-16,92.44999694824219,93.5,91.80000305175781,92.0,85.17127990722656,30596900,MSFT
2018-02-20,91.4800033569336,93.05999755859375,91.01000213623047,92.72000122070312,85.83786010742188,30911700,MSFT
2018-02-21,92.9800033569336,93.36000061035156,91.48999786376953,91.48999786376953,84.69915771484375,26922500,MSFT
2018-02-22,92.05000305175781,92.7300033569336,91.36000061035156,91.7300033569336,84.92134094238281,24392800,MSFT
2018-02-23,93.5999984741211,94.06999969482422,92.36000061035156,94.05999755859375,87.07837677001953,26329200,MSFT
2018-02-26,94.4000015258789,95.44999694824219,94.25,95.41999816894531,88.33744812011719,30199800,MSFT
2018-02-27,95.73999786376953,95.83999633789062,94.19999694824219,94.19999694824219,87.2080078125,25869100,MSFT
2018-02-28,94.83999633789062,95.70999908447266,93.62999725341797,93.7699966430664,86.80992889404297,31167300,MSFT
2018-03-01,93.98999786376953,94.56999969482422,91.83999633789062,92.8499984741211,85.95820617675781,37135600,MSFT
2018-03-02,91.58000183105469,93.1500015258789,90.86000061035156,93.05000305175781,86.14335632324219,32830400,MSFT
2018-03-05,92.33999633789062,94.2699966430664,92.26000213623047,93.63999938964844,86.6895751953125,23901600,MSFT
2018-03-06,94.33999633789062,94.48999786376953,92.94000244140625,93.31999969482422,86.393310546875,22175800,MSFT
2018-03-07,93.16000366210938,93.94000244140625,92.43000030517578,93.86000061035156,86.89326477050781,26716100,MSFT
2018-03-08,94.2699966430664,95.0999984741211,93.7699966430664,94.43000030517578,87.42095947265625,25887800,MSFT
2018-03-09,95.29000091552734,96.54000091552734,95.0,96.54000091552734,89.3742904663086,36937300,MSFT
2018-03-12,96.5,97.20999908447266,96.04000091552734,96.7699966430664,89.58724212646484,26073700,MSFT
2018-03-13,97.0,97.23999786376953,93.97000122070312,94.41000366210938,87.40242767333984,35387800,MSFT
2018-03-14,95.12000274658203,95.41000366210938,93.5,93.8499984741211,86.88397979736328,32132000,MSFT
2018-03-15,93.52999877929688,94.58000183105469,92.83000183105469,94.18000030517578,87.18951416015625,27611000,MSFT
2018-03-16,94.68000030517578,95.37999725341797,93.91999816894531,94.5999984741211,87.57833099365234,49081300,MSFT
2018-03-19,93.73999786376953,93.9000015258789,92.11000061035156,92.88999938964844,85.9952392578125,33344100,MSFT
2018-03-20,93.05000305175781,93.7699966430664,93.0,93.12999725341797,86.21741485595703,23075200,MSFT
2018-03-21,92.93000030517578,94.05000305175781,92.20999908447266,92.4800033569336,85.61569213867188,24457100,MSFT
2018-03-22,91.2699966430664,91.75,89.66000366210938,89.79000091552734,83.1253433227539,38604700,MSFT
2018-03-23,89.5,90.45999908447266,87.08000183105469,87.18000030517578,80.70904541015625,44068900,MSFT
2018-03-26,90.61000061035156,94.0,90.4000015258789,93.77999877929688,86.81917572021484,56396800,MSFT
2018-03-27,94.94000244140625,95.13999938964844,88.51000213623047,89.47000122070312,82.82910919189453,56569000,MSFT
2018-03-28,89.81999969482422,91.2300033569336,88.87000274658203,89.38999938964844,82.75505065917969,52501100,MSFT
2018-03-29,90.18000030517578,92.29000091552734,88.4000015258789,91.2699966430664,84.49547576904297,45867500,MSFT
2018-04-02,90.47000122070312,90.87999725341797,87.51000213623047,88.5199966430664,81.9496078491211,48515400,MSFT
2018-04-03,89.58000183105469,90.05000305175781,87.88999938964844,89.70999908447266,83.05126953125,37213800,MSFT
2018-04-04,87.8499984741211,92.76000213623047,87.7300033569336,92.33000183105469,85.476806640625,35560000,MSFT
2018-04-05,92.44000244140625,93.06999969482422,91.4000015258789,92.37999725341797,85.52310180664062,29771900,MSFT
2018-04-06,91.48999786376953,92.45999908447266,89.4800033569336,90.2300033569336,83.53267669677734,38026000,MSFT
2018-04-09,91.04000091552734,93.16999816894531,90.62000274658203,90.7699966430664,84.03260040283203,31533900,MSFT
2018-04-10,92.38999938964844,93.27999877929688,91.63999938964844,92.87999725341797,85.98600006103516,26812000,MSFT
2018-04-11,92.01000213623047,93.29000091552734,91.4800033569336,91.86000061035156,85.04167175292969,24872100,MSFT
2018-04-12,92.43000030517578,94.16000366210938,92.43000030517578,93.58000183105469,86.634033203125,26758900,MSFT
2018-04-13,94.05000305175781,94.18000030517578,92.44000244140625,93.08000183105469,86.17112731933594,23346100,MSFT
2018-04-16,94.06999969482422,94.66000366210938,93.41999816894531,94.16999816894531,87.18023681640625,20288100,MSFT
2018-04-17,95.0,96.54000091552734,94.87999725341797,96.06999969482422,88.93917846679688,26771000,MSFT
2018-04-18,96.22000122070312,96.72000122070312,95.5199966430664,96.44000244140625,89.28176879882812,21043300,MSFT
2018-04-19,96.44000244140625,97.06999969482422,95.33999633789062,96.11000061035156,88.97624206542969,23552500,MSFT
2018-04-20,95.91000366210938,96.11000061035156,94.05000305175781,95.0,87.94862365722656,31154400,MSFT
2018-04-23,95.73999786376953,96.29000091552734,94.62999725341797,95.3499984741211,88.27264404296875,22331800,MSFT
2018-04-24,96.23999786376953,96.47000122070312,92.41000366210938,93.12000274658203,86.20817565917969,34524800,MSFT
2018-04-25,93.30000305175781,93.30000305175781,90.27999877929688,92.30999755859375,85.45828247070312,33729300,MSFT
2018-04-26,93.55000305175781,95.1500015258789,93.0999984741211,94.26000213623047,87.2635498046875,42529000,MSFT
2018-04-27,97.5999984741211,97.9000015258789,93.91000366210938,95.81999969482422,88.707763671875,48272800,MSFT
2018-04-30,96.33000183105469,96.4000015258789,93.1500015258789,93.5199966430664,86.57847595214844,41523600,MSFT
2018-05-01,93.20999908447266,95.29000091552734,92.79000091552734,95.0,87.94862365722656,31408900,MSFT
2018-05-02,94.98999786376953,95.16999816894531,93.19000244140625,93.51000213623047,86.56922912597656,27471000,MSFT
2018-05-03,92.95999908447266,94.93000030517578,92.44999694824219,94.06999969482422,87.0876693725586,31142500,MSFT
2018-05-04,93.31999969482422,95.37000274658203,92.91999816894531,95.16000366210938,88.09675598144531,22531300,MSFT
2018-05-07,95.16999816894531,96.70999908447266,95.0999984741211,96.22000122070312,89.07807159423828,24242000,MSFT
2018-05-08,95.8499984741211,96.16000366210938,95.05999755859375,95.80999755859375,88.6985092163086,23484600,MSFT
2018-05-09,96.01000213623047,96.97000122070312,95.05000305175781,96.94000244140625,89.74462127685547,27327400,MSFT
2018-05-10,97.45999908447266,97.94999694824219,97.05000305175781,97.91000366210938,90.64263153076172,22388100,MSFT
2018-05-11,97.80000305175781,97.87000274658203,97.04000091552734,97.69999694824219,90.44821166992188,16778300,MSFT
2018-05-14,97.91999816894531,98.69000244140625,97.30999755859375,98.02999877929688,90.75370788574219,19454100,MSFT
2018-05-15,97.23999786376953,97.8499984741211,96.33999633789062,97.31999969482422,90.09642028808594,24594000,MSFT
2018-05-16,97.36000061035156,97.4000015258789,96.62000274658203,97.1500015258789,90.32888793945312,17384700,MSFT
2018-05-17,96.76000213623047,97.54000091552734,95.83000183105469,96.18000030517578,89.42698669433594,17246700,MSFT
2018-05-18,96.01000213623047,96.93000030517578,96.01000213623047,96.36000061035156,89.59435272216797,17865800,MSFT
2018-05-21,97.0,98.01000213623047,96.80000305175781,97.5999984741211,90.74728393554688,19422500,MSFT
2018-05-22,97.68000030517578,98.16999816894531,97.19999694824219,97.5,90.654296875,15441200,MSFT
2018-05-23,96.70999908447266,98.7300033569336,96.31999969482422,98.66000366210938,91.73285675048828,21251200,MSFT
2018-05-24,98.7300033569336,98.94000244140625,96.80999755859375,98.30999755859375,91.40743255615234,26649300,MSFT
2018-05-25,98.30000305175781,98.9800033569336,97.86000061035156,98.36000061035156,91.45390319824219,18363900,MSFT
2018-05-29,97.83999633789062,98.87999725341797,97.2300033569336,98.01000213623047,91.12848663330078,28671000,MSFT
2018-05-30,98.30999755859375,99.25,97.91000366210938,98.94999694824219,92.0024642944336,22158500,MSFT
2018-05-31,99.29000091552734,99.98999786376953,98.61000061035156,98.83999633789062,91.90020751953125,34140900,MSFT
2018-06-01,99.27999877929688,100.86000061035156,99.16999816894531,100.79000091552734,93.71328735351562,28655600,MSFT
2018-06-04,101.26000213623047,101.86000061035156,100.8499984741211,101.66999816894531,94.531494140625,27281600,MSFT
2018-06-05,102.0,102.33000183105469,101.52999877929688,102.19000244140625,95.01500701904297,23514400,MSFT
2018-06-06,102.4800033569336,102.5999984741211,101.9000015258789,102.48999786376953,95.29393768310547,21122900,MSFT
2018-06-07,102.6500015258789,102.69000244140625,100.37999725341797,100.87999725341797,93.79698181152344,28232200,MSFT
2018-06-08,101.08999633789062,101.94999694824219,100.54000091552734,101.62999725341797,94.49433135986328,22165100,MSFT
2018-06-11,101.01000213623047,101.58999633789062,100.66999816894531,101.05000305175781,93.9550552368164,23490900,MSFT
2018-06-12,101.0999984741211,101.44999694824219,100.75,101.30999755859375,94.1968002319336,18325200,MSFT
2018-06-13,101.72000122070312,102.01000213623047,100.55999755859375,100.8499984741211,93.76909637451172,29492900,MSFT
2018-06-14,101.6500015258789,102.02999877929688,101.0,101.41999816894531,94.29904174804688,25691800,MSFT
2018-06-15,101.51000213623047,101.52999877929688,100.06999969482422,100.12999725341797,93.09963989257812,65738600,MSFT
2018-06-18,100.01000213623047,101.11000061035156,99.41999816894531,100.86000061035156,93.77839660644531,23586000,MSFT
2018-06-19,99.6500015258789,101.0,99.5,100.86000061035156,93.77839660644531,28653100,MSFT
2018-06-20,101.37000274658203,102.5199966430664,101.12000274658203,101.87000274658203,94.71748352050781,26180800,MSFT
2018-06-21,102.08000183105469,102.45999908447266,100.87999725341797,101.13999938964844,94.03874206542969,23198200,MSFT
2018-06-22,100.41000366210938,100.7699966430664,99.62999725341797,100.41000366210938,93.36000061035156,38923100,MSFT
2018-06-25,100.0,100.11000061035156,97.30000305175781,98.38999938964844,91.48180389404297,35433300,MSFT
2018-06-26,98.81999969482422,100.08000183105469,98.75,99.08000183105469,92.12336730957031,26897200,MSFT
2018-06-27,99.58000183105469,100.0199966430664,97.4000015258789,97.54000091552734,90.69149017333984,31298400,MSFT
2018-06-28,97.37999725341797,99.11000061035156,97.26000213623047,98.62999725341797,91.7049789428711,26650700,MSFT
2018-06-29,98.93000030517578,99.91000366210938,98.33000183105469,98.61000061035156,91.68636322021484,28053200,MSFT
2018-07-02,98.0999984741211,100.05999755859375,98.0,100.01000213623047,92.98806762695312,19564500,MSFT
2018-07-03,100.4800033569336,100.62999725341797,98.94000244140625,99.05000305175781,92.0954818725586,14670300,MSFT
2018-07-05,99.5,99.91999816894531,99.02999877929688,99.76000213623047,92.75560760498047,18977400,MSFT
2018-07-06,99.88999938964844,101.43000030517578,99.66999816894531,101.16000366210938,94.05731964111328,19234600,MSFT
2018-07-09,101.6500015258789,102.25,101.25,101.8499984741211,94.6988754272461,18212000,MSFT
2018-07-10,102.0,102.51000213623047,101.86000061035156,102.12000274658203,94.9499282836914,19293100,MSFT
2018-07-11,101.1500015258789,102.33999633789062,101.0999984741211,101.9800033569336,94.81974792480469,19644600,MSFT
2018-07-12,102.7699966430664,104.41000366210938,102.7300033569336,104.19000244140625,96.87458801269531,24335900,MSFT
2018-07-13,104.37000274658203,105.5999984741211,104.08999633789062,105.43000030517578,98.02750396728516,24635200,MSFT
2018-07-16,105.4000015258789,105.81999969482422,104.5199966430664,104.91000366210938,97.54402923583984,21786900,MSFT
2018-07-17,104.61000061035156,106.5,104.31999969482422,105.94999694824219,98.51101684570312,25901700,MSFT
2018-07-18,105.94000244140625,106.05000305175781,104.72000122070312,105.12000274658203,97.7392807006836,29493900,MSFT
2018-07-19,104.93000030517578,105.30999755859375,103.88999938964844,104.4000015258789,97.06983947753906,40171600,MSFT
2018-07-20,108.08000183105469,108.19999694824219,106.08000183105469,106.2699966430664,98.80854034423828,56004000,MSFT
2018-07-23,106.30000305175781,108.13999938964844,106.12999725341797,107.97000122070312,100.38916778564453,29707000,MSFT
2018-07-24,108.56999969482422,108.81999969482422,107.26000213623047,107.66000366210938,100.10094451904297,26316600,MSFT
2018-07-25,107.95999908447266,111.1500015258789,107.5999984741211,110.83000183105469,103.04837799072266,30702100,MSFT
2018-07-26,110.73999786376953,111.0,109.5,109.62000274658203,101.9233169555664,31372100,MSFT
2018-07-27,110.18000030517578,110.18000030517578,106.13999938964844,107.68000030517578,100.11955261230469,37005300,MSFT
2018-07-30,107.19000244140625,107.52999877929688,104.76000213623047,105.37000274658203,97.97172546386719,34668300,MSFT
2018-07-31,106.48999786376953,106.72000122070312,105.37999725341797,106.08000183105469,98.63188171386719,27655200,MSFT
2018-08-01,106.02999877929688,106.44999694824219,105.41999816894531,106.27999877929688,98.8178482055664,23628700,MSFT
2018-08-02,105.4000015258789,108.08999633789062,104.83999633789062,107.56999969482422,100.01727294921875,26104300,MSFT
2018-08-03,107.80000305175781,108.05000305175781,106.81999969482422,108.04000091552734,100.45426177978516,18659600,MSFT
2018-08-06,108.12000274658203,108.41999816894531,107.55999755859375,108.12999725341797,100.53792572021484,20265900,MSFT
2018-08-07,108.55999755859375,109.0999984741211,108.16999816894531,108.87999725341797,101.23527526855469,16080200,MSFT
2018-08-08,109.33000183105469,109.75,108.76000213623047,109.48999786376953,101.8024673461914,15487500,MSFT
2018-08-09,109.70999908447266,110.16000366210938,109.5999984741211,109.66999816894531,101.96981048583984,13677200,MSFT
2018-08-10,109.41999816894531,109.69000244140625,108.37999725341797,109.0,101.34685516357422,18183700,MSFT
2018-08-13,109.23999786376953,109.58000183105469,108.0999984741211,108.20999908447266,100.61235809326172,18472500,MSFT
2018-08-14,108.55999755859375,109.75,108.04000091552734,109.55999755859375,101.8675537109375,16788300,MSFT
2018-08-15,108.48999786376953,108.98999786376953,106.81999969482422,107.66000366210938,100.48616790771484,29982800,MSFT
2018-08-16,108.30000305175781,108.86000061035156,107.30000305175781,107.63999938964844,100.46749877929688,21384300,MSFT
2018-08-17,107.36000061035156,107.9000015258789,106.69000244140625,107.58000183105469,100.41149139404297,18061500,MSFT
2018-08-20,107.51000213623047,107.9000015258789,106.4800033569336,106.87000274658203,99.74879455566406,17914200,MSFT
2018-08-21,106.91999816894531,107.3499984741211,105.8499984741211,105.9800033569336,98.91812133789062,22881900,MSFT
2018-08-22,105.8499984741211,107.33999633789062,105.77999877929688,107.05999755859375,99.9261474609375,18000600,MSFT
2018-08-23,107.1500015258789,108.18000030517578,106.87000274658203,107.55999755859375,100.39281463623047,18167700,MSFT
2018-08-24,107.66999816894531,108.55999755859375,107.55999755859375,108.4000015258789,101.17684936523438,17234000,MSFT
2018-08-27,109.2699966430664,109.63999938964844,108.51000213623047,109.5999984741211,102.29690551757812,19662300,MSFT
2018-08-28,109.94000244140625,110.5,109.79000091552734,110.26000213623047,102.91290283203125,19151500,MSFT
2018-08-29,110.44999694824219,112.02999877929688,110.2699966430664,112.0199966430664,104.55561828613281,20818000,MSFT
2018-08-30,111.66999816894531,112.61000061035156,111.44000244140625,111.94999694824219,104.49031066894531,22798700,MSFT
2018-08-31,111.69000244140625,112.77999877929688,111.5199966430664,112.33000183105469,104.8449935913086,23222700,MSFT
2018-09-04,110.8499984741211,111.95999908447266,110.22000122070312,111.70999908447266,104.26628112792969,22634600,MSFT
2018-09-05,111.01000213623047,111.41999816894531,108.0999984741211,108.48999786376953,101.26084899902344,32872400,MSFT
2018-09-06,108.25,108.98999786376953,107.51000213623047,108.73999786376953,101.49420166015625,23477600,MSFT
2018-09-07,108.2300033569336,108.72000122070312,107.2300033569336,108.20999908447266,100.9995346069336,22498600,MSFT
2018-09-10,108.83999633789062,109.63999938964844,108.36000061035156,109.37999725341797,102.09154510498047,20727900,MSFT
2018-09-11,108.9000015258789,111.58999633789062,108.88999938964844,111.23999786376953,103.82760620117188,24301800,MSFT
2018-09-12,111.43000030517578,111.8499984741211,110.51000213623047,111.70999908447266,104.26628112792969,18891100,MSFT
2018-09-13,112.12000274658203,113.7300033569336,112.12000274658203,112.91000366210938,105.3863296508789,26055600,MSFT
2018-09-14,113.36000061035156,113.7300033569336,112.44000244140625,113.37000274658203,105.815673828125,19122300,MSFT
2018-09-17,113.69000244140625,113.69999694824219,111.86000061035156,112.13999938964844,104.66764831542969,20736500,MSFT
2018-09-18,112.19000244140625,113.69999694824219,111.72000122070312,113.20999908447266,105.66632080078125,22170900,MSFT
2018-09-19,113.05000305175781,113.31999969482422,111.04000091552734,111.69999694824219,104.25694274902344,21728400,MSFT
2018-09-20,112.27999877929688,113.80000305175781,111.93000030517578,113.56999969482422,106.0023422241211,23714500,MSFT
2018-09-21,114.0,115.29000091552734,113.51000213623047,114.26000213623047,106.6463851928711,71229700,MSFT
2018-09-24,113.02999877929688,114.9000015258789,112.22000122070312,114.66999816894531,107.029052734375,27334500,MSFT
2018-09-25,114.80000305175781,115.0999984741211,113.75,114.44999694824219,106.82371520996094,22668000,MSFT
2018-09-26,114.47000122070312,115.05999755859375,113.73999786376953,113.9800033569336,106.3850326538086,19352000,MSFT
2018-09-27,114.77999877929688,114.91000366210938,114.19999694824219,114.41000366210938,106.786376953125,19091300,MSFT
2018-09-28,114.19000244140625,114.56999969482422,113.68000030517578,114.37000274658203,106.7490463256836,21647800,MSFT
2018-10-01,114.75,115.68000030517578,114.7300033569336,115.61000061035156,107.90641021728516,18883100,MSFT
2018-10-02,115.30000305175781,115.83999633789062,114.44000244140625,115.1500015258789,107.47705841064453,20787200,MSFT
2018-10-03,115.41999816894531,116.18000030517578,114.93000030517578,115.16999816894531,107.49573516845703,16648000,MSFT
2018-10-04,114.61000061035156,114.76000213623047,111.62999725341797,112.79000091552734,105.27433013916016,34821700,MSFT
2018-10-05,112.62999725341797,113.16999816894531,110.63999938964844,112.12999725341797,104.65829467773438,29068900,MSFT
2018-10-08,111.66000366210938,112.02999877929688,109.33999633789062,110.8499984741211,103.4636001586914,29640600,MSFT
2018-10-09,111.13999938964844,113.08000183105469,110.80000305175781,112.26000213623047,104.77965545654297,26198600,MSFT
2018-10-10,111.23999786376953,111.5,105.79000091552734,106.16000366210938,99.08611297607422,61376300,MSFT
2018-10-11,105.3499984741211,108.93000030517578,104.19999694824219,105.91000366210938,98.85275268554688,63904300,MSFT
2018-10-12,109.01000213623047,111.23999786376953,107.12000274658203,109.56999969482422,102.26889038085938,47742100,MSFT
2018-10-15,108.91000366210938,109.4800033569336,106.94999694824219,107.5999984741211,100.4301528930664,32068100,MSFT
2018-10-16,109.54000091552734,111.41000366210938,108.94999694824219,111.0,103.6036148071289,31610200,MSFT
2018-10-17,111.68000030517578,111.80999755859375,109.55000305175781,110.70999908447266,103.33291625976562,26548200,MSFT
2018-10-18,110.0999984741211,110.52999877929688,107.83000183105469,108.5,101.27018737792969,32506200,MSFT
2018-10-19,108.93000030517578,110.86000061035156,108.20999908447266,108.66000366210938,101.4195327758789,32785500,MSFT
2018-10-22,109.31999969482422,110.54000091552734,108.23999786376953,109.62999725341797,102.32489013671875,26545600,MSFT
2018-10-23,107.7699966430664,108.97000122070312,105.11000061035156,108.0999984741211,100.8968505859375,43770400,MSFT
2018-10-24,108.41000366210938,108.48999786376953,101.58999633789062,102.31999969482422,95.50196075439453,63897800,MSFT
2018-10-25,106.55000305175781,109.2699966430664,106.1500015258789,108.30000305175781,101.0835189819336,61646800,MSFT
2018-10-26,105.69000244140625,108.75,104.76000213623047,106.95999908447266,99.83279418945312,55523100,MSFT
2018-10-29,108.11000061035156,108.69999694824219,101.62999725341797,103.8499984741211,96.93002319335938,55162000,MSFT
2018-10-30,103.66000366210938,104.37999725341797,100.11000061035156,103.7300033569336,96.81804656982422,65350900,MSFT
2018-10-31,105.44000244140625,108.13999938964844,105.38999938964844,106.80999755859375,99.6927719116211,51062400,MSFT
2018-11-01,107.05000305175781,107.31999969482422,105.52999877929688,105.91999816894531,98.86210632324219,33384200,MSFT
2018-11-02,106.4800033569336,107.31999969482422,104.9800033569336,106.16000366210938,99.08611297607422,37680200,MSFT
2018-11-05,106.37000274658203,107.73999786376953,105.9000015258789,107.51000213623047,100.34614562988281,27922100,MSFT
2018-11-06,107.37999725341797,108.83999633789062,106.27999877929688,107.72000122070312,100.54216003417969,24340200,MSFT
2018-11-07,109.44000244140625,112.23999786376953,109.4000015258789,111.95999908447266,104.4996566772461,37901700,MSFT
2018-11-08,111.80000305175781,112.20999908447266,110.91000366210938,111.75,104.30363464355469,25644100,MSFT
2018-11-09,110.8499984741211,111.44999694824219,108.76000213623047,109.56999969482422,102.26889038085938,32039200,MSFT
2018-11-12,109.41999816894531,109.95999908447266,106.0999984741211,106.87000274658203,99.74879455566406,33621800,MSFT
2018-11-13,107.55000305175781,108.73999786376953,106.63999938964844,106.94000244140625,99.81412506103516,35374600,MSFT
2018-11-14,108.0999984741211,108.26000213623047,104.47000122070312,104.97000122070312,98.39864349365234,39495100,MSFT
2018-11-15,104.98999786376953,107.80000305175781,103.91000366210938,107.27999877929688,100.56404876708984,38505200,MSFT
2018-11-16,107.08000183105469,108.87999725341797,106.80000305175781,108.29000091552734,101.51081848144531,33502100,MSFT
2018-11-19,108.2699966430664,108.55999755859375,103.55000305175781,104.62000274658203,98.070556640625,44773900,MSFT
2018-11-20,101.80000305175781,102.97000122070312,99.3499984741211,101.70999908447266,95.34272766113281,64052500,MSFT
2018-11-21,103.5999984741211,104.43000030517578,102.23999786376953,103.11000061035156,96.65509796142578,28130600,MSFT
2018-11-23,102.16999816894531,103.80999755859375,102.0,103.06999969482422,96.61761474609375,13823100,MSFT
2018-11-26,104.79000091552734,106.62999725341797,104.58000183105469,106.47000122070312,99.80477905273438,32336200,MSFT
2018-11-27,106.2699966430664,107.33000183105469,105.36000061035156,107.13999938964844,100.43283081054688,29124500,MSFT
2018-11-28,107.88999938964844,111.33000183105469,107.86000061035156,111.12000274658203,104.16365814208984,46788500,MSFT
2018-11-29,110.33000183105469,111.12000274658203,109.02999877929688,110.19000244140625,103.29187774658203,28123200,MSFT
2018-11-30,110.69999694824219,110.97000122070312,109.36000061035156,110.88999938964844,103.94808959960938,33665600,MSFT
2018-12-03,113.0,113.41999816894531,110.7300033569336,112.08999633789062,105.07292175292969,34732800,MSFT
2018-12-04,111.94000244140625,112.63999938964844,108.20999908447266,108.5199966430664,101.72643280029297,45197000,MSFT
2018-12-06,105.81999969482422,109.23999786376953,105.0,109.19000244140625,102.3544692993164,49107400,MSFT
2018-12-07,108.37999725341797,109.44999694824219,104.30000305175781,104.81999969482422,98.25806427001953,45044900,MSFT
2018-12-10,104.80000305175781,107.9800033569336,103.88999938964844,107.58999633789062,100.85462951660156,40801500,MSFT
2018-12-11,109.80000305175781,110.94999694824219,107.44000244140625,108.58999633789062,101.79203796386719,42381900,MSFT
2018-12-12,110.88999938964844,111.2699966430664,109.04000091552734,109.08000183105469,102.2513656616211,36183000,MSFT
2018-12-13,109.58000183105469,110.87000274658203,108.62999725341797,109.44999694824219,102.59820556640625,31333400,MSFT
2018-12-14,108.25,109.26000213623047,105.5,106.02999877929688,99.39231872558594,47043100,MSFT
2018-12-17,105.41000366210938,105.80000305175781,101.70999908447266,102.88999938964844,96.44888305664062,56957300,MSFT
2018-12-18,103.75,104.51000213623047,102.5199966430664,103.97000122070312,97.46126556396484,49319200,MSFT
2018-12-19,103.6500015258789,106.87999725341797,101.3499984741211,103.69000244140625,97.19880676269531,68198200,MSFT
2018-12-20,103.05000305175781,104.30999755859375,98.77999877929688,101.51000213623047,95.1552734375,70334200,MSFT
2018-12-21,101.62999725341797,103.0,97.45999908447266,98.2300033569336,92.08061981201172,111242100,MSFT
2018-12-24,97.68000030517578,97.97000122070312,93.9800033569336,94.12999725341797,88.23726654052734,43935200,MSFT
2018-12-26,95.13999938964844,100.69000244140625,93.95999908447266,100.55999755859375,94.26471710205078,51634800,MSFT
2018-12-27,99.30000305175781,101.19000244140625,96.4000015258789,101.18000030517578,94.84590911865234,49498500,MSFT
2018-12-28,102.08999633789062,102.41000366210938,99.5199966430664,100.38999938964844,94.10540008544922,38196300,MSFT
2018-12-31,101.29000091552734,102.4000015258789,100.44000244140625,101.56999969482422,95.21150970458984,33173800,MSFT
2019-01-02,99.55000305175781,101.75,98.94000244140625,101.12000274658203,94.78970336914062,35329300,MSFT
2019-01-03,100.0999984741211,100.19000244140625,97.19999694824219,97.4000015258789,91.30255126953125,42579100,MSFT
2019-01-04,99.72000122070312,102.51000213623047,98.93000030517578,101.93000030517578,95.5489730834961,44060600,MSFT
2019-01-07,101.63999938964844,103.2699966430664,100.9800033569336,102.05999755859375,95.67082977294922,35656100,MSFT
2019-01-08,103.04000091552734,103.97000122070312,101.70999908447266,102.80000305175781,96.36451721191406,31514400,MSFT
2019-01-09,103.86000061035156,104.87999725341797,103.23999786376953,104.2699966430664,97.74249267578125,32280800,MSFT
2019-01-10,103.22000122070312,103.75,102.37999725341797,103.5999984741211,97.11442565917969,30067600,MSFT
2019-01-11,103.19000244140625,103.44000244140625,101.63999938964844,102.80000305175781,96.36451721191406,28314200,MSFT
2019-01-14,101.9000015258789,102.87000274658203,101.26000213623047,102.05000305175781,95.66146850585938,28437100,MSFT
2019-01-15,102.51000213623047,105.05000305175781,101.87999725341797,105.01000213623047,98.43614196777344,31587600,MSFT
2019-01-16,105.26000213623047,106.26000213623047,104.95999908447266,105.37999725341797,98.78300476074219,29853900,MSFT
2019-01-17,105.0,106.62999725341797,104.76000213623047,106.12000274658203,99.47666931152344,28393000,MSFT
2019-01-18,107.45999908447266,107.9000015258789,105.91000366210938,107.70999908447266,100.96713256835938,37427600,MSFT
2019-01-22,106.75,107.0999984741211,104.86000061035156,105.68000030517578,99.06422424316406,32371300,MSFT
2019-01-23,106.12000274658203,107.04000091552734,105.33999633789062,106.70999908447266,100.02974700927734,25874300,MSFT
2019-01-24,106.86000061035156,107.0,105.33999633789062,106.19999694824219,99.55167388916016,23164800,MSFT
2019-01-25,107.23999786376953,107.87999725341797,106.19999694824219,107.16999816894531,100.46094512939453,31225600,MSFT
2019-01-28,106.26000213623047,106.4800033569336,104.66000366210938,105.08000183105469,98.50176239013672,29476700,MSFT
2019-01-29,104.87999725341797,104.97000122070312,102.16999816894531,102.94000244140625,96.49574279785156,31490500,MSFT
2019-01-30,104.62000274658203,106.37999725341797,104.33000183105469,106.37999725341797,99.72038269042969,49471900,MSFT
2019-01-31,103.80000305175781,105.22000122070312,103.18000030517578,104.43000030517578,97.89247131347656,55636400,MSFT
2019-02-01,103.77999877929688,104.0999984741211,102.3499984741211,102.77999877929688,96.34576416015625,35535700,MSFT
2019-02-04,102.87000274658203,105.80000305175781,102.7699966430664,105.73999786376953,99.1204605102539,31315100,MSFT
2019-02-05,106.05999755859375,107.2699966430664,105.95999908447266,107.22000122070312,100.50782012939453,27325400,MSFT
2019-02-06,107.0,107.0,105.52999877929688,106.02999877929688,99.39231872558594,20609800,MSFT
2019-02-07,105.19000244140625,105.58999633789062,104.29000091552734,105.2699966430664,98.67987823486328,29760700,MSFT
2019-02-08,104.38999938964844,105.77999877929688,104.26000213623047,105.66999816894531,99.0548324584961,21461100,MSFT
2019-02-11,106.19999694824219,106.58000183105469,104.97000122070312,105.25,98.66112518310547,18914100,MSFT
2019-02-12,106.13999938964844,107.13999938964844,105.4800033569336,106.88999938964844,100.19847106933594,25056600,MSFT
2019-02-13,107.5,107.77999877929688,106.70999908447266,106.80999755859375,100.12345123291016,18394900,MSFT
2019-02-14,106.30999755859375,107.29000091552734,105.66000366210938,106.9000015258789,100.20783996582031,21784700,MSFT
2019-02-15,107.91000366210938,108.30000305175781,107.36000061035156,108.22000122070312,101.44520568847656,26606900,MSFT
2019-02-19,107.79000091552734,108.66000366210938,107.77999877929688,108.16999816894531,101.3983383178711,18038500,MSFT
2019-02-20,107.86000061035156,107.94000244140625,106.29000091552734,107.1500015258789,100.87113952636719,21607700,MSFT
2019-02-21,106.9000015258789,109.4800033569336,106.87000274658203,109.41000366210938,102.99872589111328,29063200,MSFT
2019-02-22,110.05000305175781,111.19999694824219,109.81999969482422,110.97000122070312,104.46730041503906,27763200,MSFT
2019-02-25,111.76000213623047,112.18000030517578,111.26000213623047,111.58999633789062,105.05094909667969,23750600,MSFT
2019-02-26,111.26000213623047,113.23999786376953,111.16999816894531,112.36000061035156,105.77587127685547,21536700,MSFT
2019-02-27,111.69000244140625,112.36000061035156,110.87999725341797,112.16999816894531,105.59701538085938,21487100,MSFT
2019-02-28,112.04000091552734,112.87999725341797,111.7300033569336,112.02999877929688,105.46517944335938,29083900,MSFT
2019-03-01,112.88999938964844,113.0199966430664,111.66999816894531,112.52999877929688,105.9358901977539,23501200,MSFT
2019-03-04,113.0199966430664,113.25,110.80000305175781,112.26000213623047,105.68172454833984,26608000,MSFT
2019-03-05,112.25,112.38999938964844,111.2300033569336,111.69999694824219,105.15453338623047,19538300,MSFT
2019-03-06,111.87000274658203,112.66000366210938,111.43000030517578,111.75,105.20160675048828,17687000,MSFT
2019-03-07,111.4000015258789,111.55000305175781,109.87000274658203,110.38999938964844,103.92130279541016,25339000,MSFT
2019-03-08,109.16000366210938,110.70999908447266,108.80000305175781,110.51000213623047,104.0342788696289,22818400,MSFT
2019-03-11,110.98999786376953,112.94999694824219,110.9800033569336,112.83000183105469,106.21833801269531,26491600,MSFT
2019-03-12,112.81999969482422,113.98999786376953,112.6500015258789,113.62000274658203,106.9620361328125,26132700,MSFT
2019-03-13,114.12999725341797,115.0,113.77999877929688,114.5,107.79045104980469,35513800,MSFT
2019-03-14,114.54000091552734,115.19999694824219,114.33000183105469,114.58999633789062,107.87518310546875,30763400,MSFT
2019-03-15,115.33999633789062,117.25,114.58999633789062,115.91000366210938,109.11784362792969,54681100,MSFT
2019-03-18,116.16999816894531,117.61000061035156,116.05000305175781,117.56999969482422,110.68057250976562,31207600,MSFT
2019-03-19,118.08999633789062,118.44000244140625,116.98999786376953,117.6500015258789,110.75587463378906,37588700,MSFT
2019-03-20,117.38999938964844,118.75,116.70999908447266,117.5199966430664,110.63348388671875,28113300,MSFT
2019-03-21,117.13999938964844,120.81999969482422,117.08999633789062,120.22000122070312,113.17526245117188,29854400,MSFT
2019-03-22,119.5,119.58999633789062,117.04000091552734,117.05000305175781,110.19102478027344,33624500,MSFT
2019-03-25,116.55999755859375,118.01000213623047,116.31999969482422,117.66000366210938,110.76528930664062,27067100,MSFT
2019-03-26,118.62000274658203,118.70999908447266,116.8499984741211,117.91000366210938,111.0006332397461,26097700,MSFT
2019-03-27,117.87999725341797,118.20999908447266,115.5199966430664,116.7699966430664,109.92742156982422,22733400,MSFT
2019-03-28,117.44000244140625,117.58000183105469,116.12999725341797,116.93000030517578,110.07806396484375,18334800,MSFT
2019-03-29,118.06999969482422,118.31999969482422,116.95999908447266,117.94000244140625,111.02886199951172,25399800,MSFT
2019-04-01,118.94999694824219,119.11000061035156,118.0999984741211,119.0199966430664,112.04557800292969,22789100,MSFT
2019-04-02,119.05999755859375,119.4800033569336,118.5199966430664,119.19000244140625,112.20564270019531,18142300,MSFT
2019-04-03,119.86000061035156,120.43000030517578,119.1500015258789,119.97000122070312,112.93994140625,22860700,MSFT
2019-04-04,120.0999984741211,120.2300033569336,118.37999725341797,119.36000061035156,112.36566925048828,20112800,MSFT
2019-04-05,119.38999938964844,120.2300033569336,119.37000274658203,119.88999938964844,112.86461639404297,15826200,MSFT
2019-04-08,119.80999755859375,120.0199966430664,118.63999938964844,119.93000030517578,112.90226745605469,15116200,MSFT
2019-04-09,118.62999725341797,119.54000091552734,118.58000183105469,119.27999877929688,112.29033660888672,17612000,MSFT
2019-04-10,119.76000213623047,120.3499984741211,119.54000091552734,120.19000244140625,113.14704132080078,16477200,MSFT
2019-04-11,120.54000091552734,120.8499984741211,119.91999816894531,120.33000183105469,113.27881622314453,14209100,MSFT
2019-04-12,120.63999938964844,120.9800033569336,120.37000274658203,120.94999694824219,113.86249542236328,19745100,MSFT
2019-04-15,120.94000244140625,121.58000183105469,120.56999969482422,121.05000305175781,113.95663452148438,15792600,MSFT
2019-04-16,121.63999938964844,121.6500015258789,120.0999984741211,120.7699966430664,113.69303131103516,14071800,MSFT
2019-04-17,121.23999786376953,121.8499984741211,120.54000091552734,121.7699966430664,114.63442993164062,19300900,MSFT
2019-04-18,122.19000244140625,123.5199966430664,121.30000305175781,123.37000274658203,116.14068603515625,27991000,MSFT
2019-04-22,122.62000274658203,124.0,122.56999969482422,123.76000213623047,116.5078353881836,15648700,MSFT
2019-04-23,124.0999984741211,125.58000183105469,123.83000183105469,125.44000244140625,118.08939361572266,24025500,MSFT
2019-04-24,125.79000091552734,125.8499984741211,124.5199966430664,125.01000213623047,117.6845703125,31257000,MSFT
2019-04-25,130.05999755859375,131.3699951171875,128.8300018310547,129.14999389648438,121.58198547363281,38033900,MSFT
2019-04-26,129.6999969482422,130.52000427246094,129.02000427246094,129.88999938964844,122.27861785888672,23654900,MSFT
2019-04-29,129.89999389648438,130.17999267578125,129.35000610351562,129.77000427246094,122.16563415527344,16324200,MSFT
2019-04-30,129.80999755859375,130.6999969482422,129.38999938964844,130.60000610351562,122.94702911376953,24166500,MSFT
2019-05-01,130.52999877929688,130.64999389648438,127.69999694824219,127.87999725341797,120.38640594482422,26821700,MSFT
2019-05-02,127.9800033569336,128.0,125.5199966430664,126.20999908447266,118.81427764892578,27350200,MSFT
2019-05-03,127.36000061035156,129.42999267578125,127.25,128.89999389648438,121.34660339355469,24911100,MSFT
2019-05-06,126.38999938964844,128.55999755859375,126.11000061035156,128.14999389648438,120.64057922363281,24239800,MSFT
2019-05-07,126.45999908447266,127.18000030517578,124.22000122070312,125.5199966430664,118.1646957397461,36017700,MSFT
2019-05-08,125.44000244140625,126.37000274658203,124.75,125.51000213623047,118.15528869628906,28419000,MSFT
2019-05-09,124.29000091552734,125.79000091552734,123.56999969482422,125.5,118.14585876464844,27235800,MSFT
2019-05-10,124.91000366210938,127.93000030517578,123.81999969482422,127.12999725341797,119.68034362792969,30915100,MSFT
2019-05-13,124.11000061035156,125.55000305175781,123.04000091552734,123.3499984741211,116.1218490600586,33944900,MSFT
2019-05-14,123.87000274658203,125.87999725341797,123.69999694824219,124.7300033569336,117.42097473144531,25266300,MSFT
2019-05-15,124.26000213623047,126.70999908447266,123.69999694824219,126.0199966430664,119.07454681396484,24722700,MSFT
2019-05-16,126.75,129.3800048828125,126.45999908447266,128.92999267578125,121.82416534423828,30112200,MSFT
2019-05-17,128.30999755859375,130.4600067138672,127.91999816894531,128.07000732421875,121.01158905029297,25770500,MSFT
2019-05-20,126.5199966430664,127.58999633789062,125.76000213623047,126.22000122070312,119.26351928710938,23706900,MSFT
2019-05-21,127.43000030517578,127.52999877929688,126.58000183105469,126.9000015258789,119.90603637695312,15293300,MSFT
2019-05-22,126.62000274658203,128.24000549316406,126.5199966430664,127.66999816894531,120.63361358642578,15396500,MSFT
2019-05-23,126.19999694824219,126.29000091552734,124.73999786376953,126.18000030517578,119.22572326660156,23603800,MSFT
2019-05-24,126.91000366210938,127.41999816894531,125.97000122070312,126.23999786376953,119.28239440917969,14123400,MSFT
2019-05-28,126.9800033569336,128.0,126.05000305175781,126.16000366210938,119.20684814453125,23128400,MSFT
2019-05-29,125.37999725341797,125.38999938964844,124.04000091552734,124.94000244140625,118.0540771484375,22763100,MSFT
2019-05-30,125.26000213623047,125.76000213623047,124.77999877929688,125.7300033569336,118.80052185058594,16829600,MSFT
2019-05-31,124.2300033569336,124.62000274658203,123.31999969482422,123.68000030517578,116.8635025024414,26646800,MSFT
2019-06-03,123.8499984741211,124.37000274658203,119.01000213623047,119.83999633789062,113.23514556884766,37983600,MSFT
2019-06-04,121.27999877929688,123.27999877929688,120.6500015258789,123.16000366210938,116.3721694946289,29382600,MSFT
2019-06-05,124.94999694824219,125.87000274658203,124.20999908447266,125.83000183105469,118.89501190185547,24926100,MSFT
2019-06-06,126.44000244140625,127.97000122070312,125.5999984741211,127.81999969482422,120.77533721923828,21459000,MSFT
2019-06-07,129.19000244140625,132.25,128.25999450683594,131.39999389648438,124.15799713134766,33885600,MSFT
2019-06-10,132.39999389648438,134.0800018310547,132.0,132.60000610351562,125.29190063476562,26477100,MSFT
2019-06-11,133.8800048828125,134.24000549316406,131.27999877929688,132.10000610351562,124.81948852539062,23913700,MSFT
2019-06-12,131.39999389648438,131.97000122070312,130.7100067138672,131.49000549316406,124.24310302734375,17092500,MSFT
2019-06-13,131.97999572753906,133.0,131.55999755859375,132.32000732421875,125.02735900878906,17200800,MSFT
2019-06-14,132.25999450683594,133.7899932861328,131.63999938964844,132.4499969482422,125.15015411376953,17821700,MSFT
2019-06-17,132.6300048828125,133.72999572753906,132.52999877929688,132.85000610351562,125.52810668945312,14517800,MSFT
2019-06-18,134.19000244140625,135.24000549316406,133.57000732421875,135.16000366210938,127.7108154296875,25934500,MSFT
2019-06-19,135.0,135.92999267578125,133.80999755859375,135.69000244140625,128.21157836914062,23744400,MSFT
2019-06-20,137.4499969482422,137.66000366210938,135.72000122070312,136.9499969482422,129.40216064453125,33042600,MSFT
2019-06-21,136.5800018310547,137.72999572753906,136.4600067138672,136.97000122070312,129.42103576660156,36727900,MSFT
2019-06-24,137.0,138.39999389648438,137.0,137.77999877929688,130.18638610839844,20628800,MSFT
2019-06-25,137.25,137.58999633789062,132.72999572753906,133.42999267578125,126.07616424560547,33327400,MSFT
2019-06-26,134.35000610351562,135.74000549316406,133.60000610351562,133.92999267578125,126.548583984375,23657700,MSFT
2019-06-27,134.13999938964844,134.7100067138672,133.50999450683594,134.14999389648438,126.75646209716797,16557500,MSFT
2019-06-28,134.57000732421875,134.60000610351562,133.16000366210938,133.9600067138672,126.576904296875,30043000,MSFT
2019-07-01,136.6300048828125,136.6999969482422,134.97000122070312,135.67999267578125,128.2021484375,22613500,MSFT
2019-07-02,136.1199951171875,136.58999633789062,135.33999633789062,136.5800018310547,129.05255126953125,15237800,MSFT
2019-07-03,136.8000030517578,137.74000549316406,136.2899932861328,137.4600067138672,129.8840789794922,13629300,MSFT
2019-07-05,135.94000244140625,137.3300018310547,135.72000122070312,137.05999755859375,129.50611877441406,18141100,MSFT
2019-07-08,136.39999389648438,137.10000610351562,135.3699951171875,136.9600067138672,129.41162109375,16779700,MSFT
2019-07-09,136.0,136.97000122070312,135.8000030517578,136.4600067138672,128.93914794921875,19953100,MSFT
2019-07-10,137.1300048828125,138.5800018310547,137.02000427246094,137.85000610351562,130.25259399414062,24204400,MSFT
2019-07-11,138.1999969482422,139.22000122070312,137.8699951171875,138.39999389648438,130.772216796875,22327900,MSFT
2019-07-12,138.85000610351562,139.1300048828125,138.00999450683594,138.89999389648438,131.24465942382812,18936800,MSFT
2019-07-15,139.44000244140625,139.5399932861328,138.4600067138672,138.89999389648438,131.24465942382812,16651500,MSFT
2019-07-16,138.9600067138672,139.0500030517578,136.52000427246094,137.0800018310547,129.52505493164062,22726100,MSFT
2019-07-17,137.6999969482422,137.92999267578125,136.22000122070312,136.27000427246094,128.75967407226562,20211000,MSFT
2019-07-18,135.5500030517578,136.6199951171875,134.6699981689453,136.4199981689453,128.90133666992188,30381800,MSFT
2019-07-19,140.22000122070312,140.6699981689453,136.4499969482422,136.6199951171875,129.09034729003906,48992400,MSFT
2019-07-22,137.41000366210938,139.19000244140625,137.3300018310547,138.42999267578125,130.80062866210938,25074900,MSFT
2019-07-23,139.75999450683594,139.99000549316406,138.02999877929688,139.2899932861328,131.61317443847656,18034600,MSFT
2019-07-24,138.89999389648438,140.74000549316406,138.85000610351562,140.72000122070312,132.96438598632812,20738300,MSFT
2019-07-25,140.42999267578125,140.61000061035156,139.32000732421875,140.19000244140625,132.4635467529297,18356900,MSFT
2019-07-26,140.3699951171875,141.67999267578125,140.3000030517578,141.33999633789062,133.55015563964844,19037600,MSFT
2019-07-29,141.5,141.50999450683594,139.3699951171875,141.02999877929688,133.2572479248047,16605900,MSFT
2019-07-30,140.13999938964844,141.22000122070312,139.8000030517578,140.35000610351562,132.61477661132812,16846500,MSFT
2019-07-31,140.3300018310547,140.49000549316406,135.0800018310547,136.27000427246094,128.75967407226562,38598800,MSFT
2019-08-01,137.0,140.94000244140625,136.92999267578125,138.05999755859375,130.45094299316406,40557500,MSFT
2019-08-02,138.08999633789062,138.32000732421875,135.25999450683594,136.89999389648438,129.35488891601562,30791600,MSFT
2019-08-05,133.3000030517578,133.92999267578125,130.77999877929688,132.2100067138672,124.92340850830078,42749600,MSFT
2019-08-06,133.8000030517578,135.67999267578125,133.2100067138672,134.69000244140625,127.26664733886719,32696700,MSFT
2019-08-07,133.7899932861328,135.64999389648438,131.8300018310547,135.27999877929688,127.82421875,33414500,MSFT
2019-08-08,136.60000610351562,138.99000549316406,135.92999267578125,138.88999938964844,131.2352294921875,27496500,MSFT
2019-08-09,138.61000061035156,139.3800048828125,136.4600067138672,137.7100067138672,130.1202850341797,23466700,MSFT
2019-08-12,137.07000732421875,137.86000061035156,135.24000549316406,135.7899932861328,128.3061065673828,20484300,MSFT
2019-08-13,136.0500030517578,138.8000030517578,135.0,138.60000610351562,130.9612579345703,25154600,MSFT
2019-08-14,136.36000061035156,136.9199981689453,133.6699981689453,133.97999572753906,127.0174331665039,32527300,MSFT
2019-08-15,134.38999938964844,134.5800018310547,132.25,133.67999267578125,126.73299407958984,28074400,MSFT
2019-08-16,134.8800048828125,136.4600067138672,134.72000122070312,136.1300048828125,129.05567932128906,24449100,MSFT
2019-08-19,137.85000610351562,138.5500030517578,136.88999938964844,138.41000366210938,131.21714782714844,24355700,MSFT
2019-08-20,138.2100067138672,138.7100067138672,137.24000549316406,137.25999450683594,130.12693786621094,21170800,MSFT
2019-08-21,138.5500030517578,139.49000549316406,138.0,138.7899932861328,131.57742309570312,14970300,MSFT
2019-08-22,138.66000366210938,139.1999969482422,136.2899932861328,137.77999877929688,130.6199188232422,18697000,MSFT
2019-08-23,137.19000244140625,138.35000610351562,132.8000030517578,133.38999938964844,126.45806884765625,38508600,MSFT
2019-08-26,134.99000549316406,135.55999755859375,133.89999389648438,135.4499969482422,128.41099548339844,20312600,MSFT
2019-08-27,136.38999938964844,136.72000122070312,134.66000366210938,135.74000549316406,128.68592834472656,23102100,MSFT
2019-08-28,134.8800048828125,135.75999450683594,133.5500030517578,135.55999755859375,128.51527404785156,17393300,MSFT
2019-08-29,137.25,138.44000244140625,136.91000366210938,138.1199951171875,130.94224548339844,20168700,MSFT
2019-08-30,139.14999389648438,139.17999267578125,136.27000427246094,137.86000061035156,130.69577026367188,23940100,MSFT
2019-09-03,136.61000061035156,137.1999969482422,135.6999969482422,136.0399932861328,128.9703369140625,18869300,MSFT
2019-09-04,137.3000030517578,137.69000244140625,136.47999572753906,137.6300048828125,130.47772216796875,17995900,MSFT
2019-09-05,139.11000061035156,140.3800048828125,138.75999450683594,140.0500030517578,132.77195739746094,26101800,MSFT
2019-09-06,140.02999877929688,140.17999267578125,138.1999969482422,139.10000610351562,131.87132263183594,20824500,MSFT
2019-09-09,139.58999633789062,139.75,136.4600067138672,137.52000427246094,130.37344360351562,25773900,MSFT
2019-09-10,136.8000030517578,136.88999938964844,134.50999450683594,136.0800018310547,129.00823974609375,28903400,MSFT
2019-09-11,135.91000366210938,136.27000427246094,135.08999633789062,136.1199951171875,129.0461883544922,24726100,MSFT
2019-09-12,137.85000610351562,138.4199981689453,136.8699951171875,137.52000427246094,130.37344360351562,27010000,MSFT
2019-09-13,137.77999877929688,138.05999755859375,136.57000732421875,137.32000732421875,130.183837890625,23363100,MSFT
2019-09-16,135.8300018310547,136.6999969482422,135.66000366210938,136.3300018310547,129.24526977539062,16731400,MSFT
2019-09-17,136.9600067138672,137.52000427246094,136.42999267578125,137.38999938964844,130.2501983642578,17814200,MSFT
2019-09-18,137.36000061035156,138.6699981689453,136.52999877929688,138.52000427246094,131.32144165039062,23982100,MSFT
2019-09-19,140.3000030517578,142.3699951171875,140.07000732421875,141.07000732421875,133.7389678955078,35772100,MSFT
2019-09-20,141.00999450683594,141.64999389648438,138.25,139.44000244140625,132.1936798095703,39167300,MSFT
2019-09-23,139.22999572753906,139.6300048828125,138.44000244140625,139.13999938964844,131.90924072265625,17139300,MSFT
2019-09-24,140.36000061035156,140.69000244140625,136.8800048828125,137.3800048828125,130.24069213867188,29773200,MSFT
2019-09-25,137.5,139.9600067138672,136.02999877929688,139.36000061035156,132.1177978515625,21382000,MSFT
2019-09-26,139.44000244140625,140.17999267578125,138.44000244140625,139.5399932861328,132.2884979248047,17456600,MSFT
2019-09-27,140.14999389648438,140.36000061035156,136.64999389648438,137.72999572753906,130.57254028320312,22477700,MSFT
2019-09-30,138.0500030517578,139.22000122070312,137.77999877929688,139.02999877929688,131.8049774169922,17280900,MSFT
2019-10-01,139.66000366210938,140.25,137.0,137.07000732421875,129.94679260253906,21466600,MSFT
2019-10-02,136.25,136.3699951171875,133.5800018310547,134.64999389648438,127.6525650024414,30521700,MSFT
2019-10-03,134.9499969482422,136.75,133.22000122070312,136.27999877929688,129.1978759765625,24132900,MSFT
2019-10-04,136.75,138.25,136.4199981689453,138.1199951171875,130.94224548339844,22897700,MSFT
2019-10-07,137.13999938964844,138.17999267578125,137.02000427246094,137.1199951171875,129.99420166015625,15303700,MSFT
2019-10-08,137.0800018310547,137.75999450683594,135.6199951171875,135.6699981689453,128.61956787109375,25550500,MSFT
2019-10-09,137.4600067138672,138.6999969482422,136.97000122070312,138.24000549316406,131.05601501464844,19749900,MSFT
2019-10-10,138.49000549316406,139.6699981689453,138.25,139.10000610351562,131.87132263183594,17654600,MSFT
2019-10-11,140.1199951171875,141.02999877929688,139.5,139.67999267578125,132.42120361328125,25446000,MSFT
2019-10-14,139.69000244140625,140.2899932861328,139.52000427246094,139.5500030517578,132.29795837402344,13304300,MSFT
2019-10-15,140.05999755859375,141.7899932861328,139.80999755859375,141.57000732421875,134.2129669189453,19695700,MSFT
2019-10-16,140.7899932861328,140.99000549316406,139.52999877929688,140.41000366210938,133.1132354736328,20751600,MSFT
2019-10-17,140.9499969482422,141.4199981689453,139.02000427246094,139.69000244140625,132.43063354492188,21460600,MSFT
2019-10-18,139.75999450683594,140.0,136.55999755859375,137.41000366210938,130.26914978027344,32273500,MSFT
2019-10-21,138.4499969482422,138.5,137.00999450683594,138.42999267578125,131.2361602783203,20078200,MSFT
2019-10-22,138.97000122070312,140.00999450683594,136.25999450683594,136.3699951171875,129.28317260742188,27431000,MSFT
2019-10-23,136.8800048828125,137.4499969482422,135.61000061035156,137.24000549316406,130.1079864501953,29844600,MSFT
2019-10-24,139.38999938964844,140.4199981689453,138.6699981689453,139.94000244140625,132.66769409179688,37029300,MSFT
2019-10-25,139.33999633789062,141.13999938964844,139.1999969482422,140.72999572753906,133.4166259765625,25959700,MSFT
2019-10-28,144.39999389648438,145.6699981689453,143.50999450683594,144.19000244140625,136.6968536376953,35280100,MSFT
2019-10-29,144.0800018310547,144.5,142.64999389648438,142.8300018310547,135.40748596191406,20589500,MSFT
2019-10-30,143.52000427246094,145.0,142.7899932861328,144.61000061035156,137.09498596191406,18496600,MSFT
2019-10-31,144.89999389648438,144.92999267578125,142.99000549316406,143.3699951171875,135.91940307617188,24605100,MSFT
2019-11-01,144.25999450683594,144.4199981689453,142.97000122070312,143.72000122070312,136.251220703125,33128400,MSFT
2019-11-04,144.8300018310547,145.0,144.16000366210938,144.5500030517578,137.03810119628906,16912000,MSFT
2019-11-05,144.97000122070312,145.02000427246094,143.91000366210938,144.4600067138672,136.9528045654297,18250200,MSFT
2019-11-06,144.3699951171875,144.52000427246094,143.1999969482422,144.05999755859375,136.5735626220703,16575800,MSFT
2019-11-07,143.83999633789062,144.8800048828125,143.77000427246094,144.25999450683594,136.76316833496094,17786700,MSFT
2019-11-08,143.97999572753906,145.99000549316406,143.75999450683594,145.9600067138672,138.37481689453125,16732700,MSFT
2019-11-11,145.33999633789062,146.4199981689453,144.72999572753906,146.11000061035156,138.51702880859375,14362600,MSFT
2019-11-12,146.27999877929688,147.57000732421875,146.05999755859375,147.07000732421875,139.4271240234375,18641600,MSFT
2019-11-13,146.74000549316406,147.4600067138672,146.27999877929688,147.30999755859375,139.65467834472656,16919200,MSFT
2019-11-14,147.02000427246094,148.41000366210938,147.0,148.05999755859375,140.36572265625,19729800,MSFT
2019-11-15,148.92999267578125,149.99000549316406,148.27000427246094,149.97000122070312,142.17642211914062,23485700,MSFT
2019-11-18,150.07000732421875,150.5500030517578,148.97999572753906,150.33999633789062,142.52719116210938,21534000,MSFT
2019-11-19,150.8800048828125,151.3300018310547,150.1999969482422,150.38999938964844,142.57461547851562,23935700,MSFT
2019-11-20,150.30999755859375,150.83999633789062,148.4600067138672,149.6199951171875,142.3272705078125,25696800,MSFT
2019-11-21,149.39999389648438,149.8000030517578,148.5,149.47999572753906,142.19407653808594,18576100,MSFT
2019-11-22,150.07000732421875,150.3000030517578,148.82000732421875,149.58999633789062,142.29873657226562,15901800,MSFT
2019-11-25,150.0,151.35000610351562,149.9199981689453,151.22999572753906,143.85879516601562,22420900,MSFT
2019-11-26,151.36000061035156,152.4199981689453,151.32000732421875,152.02999877929688,144.6198272705078,24620100,MSFT
2019-11-27,152.3300018310547,152.5,151.52000427246094,152.32000732421875,144.8956756591797,15184400,MSFT
2019-11-29,152.10000610351562,152.3000030517578,151.27999877929688,151.3800048828125,144.00149536132812,11977300,MSFT
2019-12-02,151.80999755859375,151.8300018310547,148.32000732421875,149.5500030517578,142.2606964111328,27418400,MSFT
2019-12-03,147.49000549316406,149.42999267578125,146.64999389648438,149.30999755859375,142.0323944091797,24066000,MSFT
2019-12-04,150.13999938964844,150.17999267578125,149.1999969482422,149.85000610351562,142.54611206054688,17574700,MSFT
2019-12-05,150.0500030517578,150.32000732421875,149.47999572753906,149.92999267578125,142.62217712402344,17869100,MSFT
2019-12-06,150.99000549316406,151.8699951171875,150.27000427246094,151.75,144.35342407226562,16403500,MSFT
2019-12-09,151.07000732421875,152.2100067138672,150.91000366210938,151.36000061035156,143.98243713378906,16687400,MSFT
2019-12-10,151.2899932861328,151.88999938964844,150.75999450683594,151.1300048828125,143.76365661621094,16476100,MSFT
2019-12-11,151.5399932861328,151.8699951171875,150.3300018310547,151.6999969482422,144.305908203125,18856600,MSFT
2019-12-12,151.64999389648438,153.44000244140625,151.02000427246094,153.24000549316406,145.77085876464844,24612100,MSFT
2019-12-13,153.0,154.88999938964844,152.8300018310547,154.52999877929688,146.99795532226562,23845400,MSFT
2019-12-16,155.11000061035156,155.89999389648438,154.82000732421875,155.52999877929688,147.94923400878906,24144200,MSFT
2019-12-17,155.4499969482422,155.7100067138672,154.4499969482422,154.69000244140625,147.1501922607422,25425600,MSFT
2019-12-18,154.3000030517578,155.47999572753906,154.17999267578125,154.3699951171875,146.8457489013672,24129200,MSFT
2019-12-19,154.0,155.77000427246094,153.75,155.7100067138672,148.12045288085938,24958900,MSFT
2019-12-20,157.35000610351562,158.49000549316406,156.2899932861328,157.41000366210938,149.7376251220703,53477500,MSFT
2019-12-23,158.1199951171875,158.1199951171875,157.27000427246094,157.41000366210938,149.7376251220703,17718200,MSFT
2019-12-24,157.47999572753906,157.7100067138672,157.1199951171875,157.3800048828125,149.7090301513672,8989200,MSFT
2019-12-26,157.55999755859375,158.72999572753906,157.39999389648438,158.6699981689453,150.9361572265625,14520600,MSFT
2019-12-27,159.4499969482422,159.5500030517578,158.22000122070312,158.9600067138672,151.21205139160156,18412800,MSFT
2019-12-30,158.99000549316406,159.02000427246094,156.72999572753906,157.58999633789062,149.90879821777344,16348400,MSFT
2019-12-31,156.77000427246094,157.77000427246094,156.4499969482422,157.6999969482422,150.01345825195312,18369400,MSFT
2020-01-02,158.77999877929688,160.72999572753906,158.3300018310547,160.6199951171875,152.7911376953125,22622100,MSFT
2020-01-03,158.32000732421875,159.9499969482422,158.05999755859375,158.6199951171875,150.8886260986328,21116200,MSFT
2020-01-06,157.0800018310547,159.10000610351562,156.50999450683594,159.02999877929688,151.27859497070312,20813700,MSFT
2020-01-07,159.32000732421875,159.6699981689453,157.32000732421875,157.5800018310547,149.8992919921875,21634100,MSFT
2020-01-08,158.92999267578125,160.8000030517578,157.9499969482422,160.08999633789062,152.28695678710938,27746500,MSFT
2020-01-09,161.83999633789062,162.22000122070312,161.02999877929688,162.08999633789062,154.18946838378906,21385000,MSFT
2020-01-10,162.82000732421875,163.22000122070312,161.17999267578125,161.33999633789062,153.47604370117188,20725900,MSFT
2020-01-13,161.75999450683594,163.30999755859375,161.25999450683594,163.27999877929688,155.32142639160156,21626500,MSFT
2020-01-14,163.38999938964844,163.60000610351562,161.72000122070312,162.1300048828125,154.22750854492188,23477400,MSFT
2020-01-15,162.6199951171875,163.94000244140625,162.57000732421875,163.17999267578125,155.22634887695312,21417900,MSFT
2020-01-16,164.35000610351562,166.24000549316406,164.02999877929688,166.1699981689453,158.07058715820312,23865400,MSFT
2020-01-17,167.4199981689453,167.47000122070312,165.42999267578125,167.10000610351562,158.9552764892578,34371700,MSFT
2020-01-21,166.67999267578125,168.19000244140625,166.42999267578125,166.5,158.38449096679688,29517200,MSFT
2020-01-22,167.39999389648438,167.49000549316406,165.67999267578125,165.6999969482422,157.62351989746094,24138800,MSFT
2020-01-23,166.19000244140625,166.8000030517578,165.27000427246094,166.72000122070312,158.59376525878906,19680800,MSFT
2020-01-24,167.50999450683594,167.52999877929688,164.4499969482422,165.0399932861328,156.99566650390625,24918100,MSFT
2020-01-27,161.14999389648438,163.3800048828125,160.1999969482422,162.27999877929688,154.3702392578125,32078100,MSFT
2020-01-28,163.77999877929688,165.75999450683594,163.07000732421875,165.4600067138672,157.3952178955078,24899900,MSFT
2020-01-29,167.83999633789062,168.75,165.69000244140625,168.0399932861328,159.84942626953125,34754500,MSFT
2020-01-30,174.0500030517578,174.0500030517578,170.7899932861328,172.77999877929688,164.35842895507812,51597500,MSFT
2020-01-31,172.2100067138672,172.39999389648438,169.5800018310547,170.22999572753906,161.9326934814453,36142700,MSFT
2020-02-03,170.42999267578125,174.5,170.39999389648438,174.3800048828125,165.88047790527344,30107000,MSFT
2020-02-04,177.13999938964844,180.63999938964844,176.30999755859375,180.1199951171875,171.3406219482422,36433300,MSFT
2020-02-05,184.02999877929688,184.1999969482422,178.41000366210938,179.89999389648438,171.13137817382812,39186300,MSFT
2020-02-06,180.97000122070312,183.82000732421875,180.05999755859375,183.6300048828125,174.67955017089844,27751400,MSFT
2020-02-07,182.85000610351562,185.6300048828125,182.47999572753906,183.88999938964844,174.92689514160156,33529100,MSFT
2020-02-10,183.5800018310547,188.83999633789062,183.25,188.6999969482422,179.50245666503906,35844300,MSFT
2020-02-11,190.64999389648438,190.6999969482422,183.5,184.44000244140625,175.4500732421875,53159900,MSFT
2020-02-12,185.5800018310547,185.85000610351562,181.85000610351562,184.7100067138672,175.70693969726562,47062900,MSFT
2020-02-13,183.0800018310547,186.22999572753906,182.8699951171875,183.7100067138672,174.75567626953125,35295800,MSFT
2020-02-14,183.25,185.41000366210938,182.64999389648438,185.35000610351562,176.3157196044922,23149500,MSFT
2020-02-18,185.61000061035156,187.6999969482422,185.5,187.22999572753906,178.10411071777344,27792200,MSFT
2020-02-19,188.05999755859375,188.17999267578125,186.47000122070312,187.27999877929688,178.63827514648438,29997500,MSFT
2020-02-20,186.9499969482422,187.25,181.10000610351562,184.4199981689453,175.9102325439453,36862400,MSFT
2020-02-21,183.1699981689453,183.5,177.25,178.58999633789062,170.3492431640625,48572600,MSFT
2020-02-24,167.77000427246094,174.5500030517578,163.22999572753906,170.88999938964844,163.00457763671875,68311100,MSFT
2020-02-25,174.1999969482422,174.83999633789062,167.64999389648438,168.07000732421875,160.31471252441406,68073300,MSFT
2020-02-26,169.7100067138672,173.25999450683594,168.2100067138672,170.1699981689453,162.31777954101562,56206100,MSFT
2020-02-27,163.32000732421875,167.02999877929688,157.97999572753906,158.17999267578125,150.88099670410156,93174900,MSFT
2020-02-28,152.41000366210938,163.7100067138672,152.0,162.00999450683594,154.53428649902344,97012700,MSFT
2020-03-02,165.30999755859375,172.9199981689453,162.30999755859375,172.7899932861328,164.81689453125,71030800,MSFT
2020-03-03,173.8000030517578,175.0,162.25999450683594,164.50999450683594,156.91897583007812,71677000,MSFT
2020-03-04,168.49000549316406,170.6999969482422,165.6199951171875,170.5500030517578,162.68023681640625,49814400,MSFT
2020-03-05,166.0500030517578,170.8699951171875,165.69000244140625,166.27000427246094,158.59776306152344,47817300,MSFT
2020-03-06,162.61000061035156,163.11000061035156,156.0,161.57000732421875,154.1146697998047,72821100,MSFT
2020-03-09,151.0,157.75,150.0,150.6199951171875,143.669921875,70419300,MSFT
2020-03-10,158.16000366210938,161.02999877929688,152.5800018310547,160.9199981689453,153.49459838867188,65354400,MSFT
2020-03-11,157.1300048828125,157.6999969482422,151.14999389648438,153.6300048828125,146.54103088378906,56371600,MSFT
2020-03-12,145.3000030517578,153.47000122070312,138.5800018310547,139.05999755859375,132.64332580566406,93226400,MSFT
2020-03-13,147.5,161.91000366210938,140.72999572753906,158.8300018310547,151.50106811523438,92727400,MSFT
2020-03-16,140.0,149.35000610351562,135.0,135.4199981689453,129.1712646484375,87905900,MSFT
2020-03-17,140.0,147.5,135.0,146.57000732421875,139.80673217773438,81059800,MSFT
2020-03-18,138.0,146.0,135.02000427246094,140.39999389648438,133.92147827148438,81593200,MSFT
2020-03-19,142.77000427246094,150.14999389648438,139.0,142.7100067138672,136.1248779296875,85922700,MSFT
2020-03-20,146.0,147.10000610351562,135.86000061035156,137.35000610351562,131.01222229003906,84866200,MSFT
2020-03-23,137.00999450683594,140.57000732421875,132.52000427246094,135.97999572753906,129.70542907714844,78975200,MSFT
2020-03-24,143.75,149.60000610351562,141.27000427246094,148.33999633789062,141.49508666992188,82516700,MSFT
2020-03-25,148.91000366210938,154.3300018310547,144.44000244140625,146.9199981689453,140.14064025878906,75638200,MSFT
2020-03-26,148.39999389648438,156.66000366210938,148.3699951171875,156.11000061035156,148.90655517578125,64568100,MSFT
2020-03-27,151.75,154.88999938964844,149.1999969482422,149.6999969482422,142.79237365722656,57042300,MSFT
2020-03-30,152.44000244140625,160.60000610351562,150.00999450683594,160.22999572753906,152.83645629882812,63420300,MSFT
2020-03-31,159.39999389648438,164.77999877929688,156.55999755859375,157.7100067138672,150.4327392578125,77927200,MSFT
2020-04-01,153.0,157.75,150.82000732421875,152.11000061035156,145.09115600585938,57969900,MSFT
2020-04-02,151.86000061035156,155.47999572753906,150.36000061035156,155.25999450683594,148.09573364257812,49630700,MSFT
2020-04-03,155.10000610351562,157.3800048828125,152.19000244140625,153.8300018310547,146.73179626464844,41243300,MSFT
2020-04-06,160.32000732421875,166.5,157.5800018310547,165.27000427246094,157.64393615722656,67111700,MSFT
2020-04-07,169.58999633789062,170.0,163.25999450683594,163.49000549316406,155.94602966308594,62769000,MSFT
2020-04-08,165.6699981689453,166.6699981689453,163.5,165.1300048828125,157.5103759765625,48318200,MSFT
2020-04-09,166.36000061035156,167.3699951171875,163.3300018310547,165.13999938964844,157.51988220214844,51385100,MSFT
2020-04-13,164.35000610351562,165.57000732421875,162.3000030517578,165.50999450683594,157.8728485107422,41905300,MSFT
2020-04-14,169.0,173.75,168.0,173.6999969482422,165.68492126464844,52874300,MSFT
2020-04-15,171.1999969482422,173.57000732421875,169.24000549316406,171.8800048828125,163.9489288330078,40940800,MSFT
2020-04-16,174.3000030517578,177.27999877929688,172.89999389648438,177.0399932861328,168.8707733154297,50479600,MSFT
2020-04-17,179.5,180.0,175.8699951171875,178.60000610351562,170.3588409423828,52765600,MSFT
2020-04-20,176.6300048828125,178.75,174.99000549316406,175.05999755859375,166.9821319580078,36669600,MSFT
2020-04-21,173.5,173.6699981689453,166.11000061035156,167.82000732421875,160.07623291015625,56203700,MSFT
2020-04-22,171.38999938964844,174.0,170.82000732421875,173.52000427246094,165.51321411132812,34620200,MSFT
2020-04-23,174.11000061035156,175.05999755859375,170.91000366210938,171.4199981689453,163.51011657714844,32790800,MSFT
2020-04-24,172.05999755859375,174.55999755859375,170.7100067138672,174.5500030517578,166.49569702148438,34277600,MSFT
2020-04-27,176.58999633789062,176.89999389648438,173.3000030517578,174.0500030517578,166.0187530517578,33194400,MSFT
2020-04-28,175.58999633789062,175.6699981689453,169.38999938964844,169.80999755859375,161.9744110107422,34392700,MSFT
2020-04-29,173.22000122070312,177.67999267578125,171.8800048828125,177.42999267578125,169.24273681640625,51286600,MSFT
2020-04-30,180.0,180.39999389648438,176.22999572753906,179.2100067138672,170.94065856933594,53875900,MSFT
2020-05-01,175.8000030517578,178.63999938964844,174.00999450683594,174.57000732421875,166.51478576660156,39370500,MSFT
2020-05-04,174.49000549316406,179.0,173.8000030517578,178.83999633789062,170.5876922607422,30372900,MSFT
2020-05-05,180.6199951171875,183.64999389648438,179.89999389648438,180.75999450683594,172.41912841796875,36839200,MSFT
2020-05-06,182.0800018310547,184.1999969482422,181.6300048828125,182.5399932861328,174.1169891357422,32139300,MSFT
2020-05-07,184.1699981689453,184.5500030517578,182.5800018310547,183.60000610351562,175.12806701660156,28316000,MSFT
2020-05-08,184.97999572753906,185.0,183.36000061035156,184.67999267578125,176.15818786621094,30877800,MSFT
2020-05-11,183.14999389648438,187.50999450683594,182.85000610351562,186.74000549316406,178.12319946289062,30892700,MSFT
2020-05-12,186.8000030517578,187.0399932861328,182.3000030517578,182.50999450683594,174.08837890625,32038200,MSFT
2020-05-13,182.5500030517578,184.0500030517578,176.5399932861328,179.75,171.45574951171875,44711500,MSFT
2020-05-14,177.5399932861328,180.69000244140625,175.67999267578125,180.52999877929688,172.1997528076172,41873900,MSFT
2020-05-15,179.05999755859375,187.05999755859375,177.0,183.16000366210938,174.70835876464844,46610400,MSFT
2020-05-18,185.75,186.1999969482422,183.9600067138672,184.91000366210938,176.37762451171875,35264500,MSFT
2020-05-19,185.02999877929688,186.60000610351562,183.49000549316406,183.6300048828125,175.15667724609375,26799100,MSFT
2020-05-20,184.80999755859375,185.85000610351562,183.94000244140625,185.66000366210938,177.58627319335938,31261300,MSFT
2020-05-21,185.39999389648438,186.6699981689453,183.2899932861328,183.42999267578125,175.45323181152344,29119500,MSFT
2020-05-22,183.19000244140625,184.4600067138672,182.5399932861328,183.50999450683594,175.52975463867188,20826900,MSFT
2020-05-26,186.33999633789062,186.5,181.10000610351562,181.57000732421875,173.674072265625,36073600,MSFT
2020-05-27,180.1999969482422,181.99000549316406,176.60000610351562,181.80999755859375,173.90367126464844,39517100,MSFT
2020-05-28,180.74000549316406,184.14999389648438,180.3800048828125,181.39999389648438,173.51150512695312,33810200,MSFT
2020-05-29,182.72999572753906,184.27000427246094,180.41000366210938,183.25,175.28106689453125,42130400,MSFT
2020-06-01,182.5399932861328,183.0,181.4600067138672,182.8300018310547,174.8793182373047,22622400,MSFT
2020-06-02,184.25,185.0,181.35000610351562,184.91000366210938,176.86886596679688,30794600,MSFT
2020-06-03,184.82000732421875,185.94000244140625,183.5800018310547,185.36000061035156,177.29930114746094,27311000,MSFT
2020-06-04,184.3000030517578,185.83999633789062,182.3000030517578,182.9199981689453,174.96542358398438,28761800,MSFT
2020-06-05,182.6199951171875,187.72999572753906,182.00999450683594,187.1999969482422,179.0592803955078,39893600,MSFT
2020-06-08,185.94000244140625,188.5500030517578,184.44000244140625,188.36000061035156,180.16883850097656,33211600,MSFT
2020-06-09,188.0,190.6999969482422,187.25999450683594,189.8000030517578,181.54623413085938,29783900,MSFT
2020-06-10,191.1300048828125,198.52000427246094,191.00999450683594,196.83999633789062,188.28004455566406,43872300,MSFT
2020-06-11,193.1300048828125,195.75999450683594,186.07000732421875,186.27000427246094,178.1697235107422,52854700,MSFT
2020-06-12,190.5399932861328,191.72000122070312,185.17999267578125,187.74000549316406,179.57579040527344,43373600,MSFT
2020-06-15,184.5800018310547,190.82000732421875,184.00999450683594,188.94000244140625,180.7236328125,32770200,MSFT
2020-06-16,192.88999938964844,195.5800018310547,191.4600067138672,193.57000732421875,185.15225219726562,42556700,MSFT
2020-06-17,195.02999877929688,196.32000732421875,193.69000244140625,194.24000549316406,185.79312133789062,25687800,MSFT
2020-06-18,194.0,196.49000549316406,194.0,196.32000732421875,187.78268432617188,23061600,MSFT
2020-06-19,198.58999633789062,199.2899932861328,194.3699951171875,195.14999389648438,186.66355895996094,44441100,MSFT
2020-06-22,195.7899932861328,200.75999450683594,195.22999572753906,200.57000732421875,191.84780883789062,32818900,MSFT
2020-06-23,202.08999633789062,203.9499969482422,201.42999267578125,201.91000366210938,193.1295928955078,30917400,MSFT
2020-06-24,201.60000610351562,203.25,196.55999755859375,197.83999633789062,189.23655700683594,36740600,MSFT
2020-06-25,197.8000030517578,200.61000061035156,195.47000122070312,200.33999633789062,191.6278533935547,27803900,MSFT
2020-06-26,199.72999572753906,199.88999938964844,194.8800048828125,196.3300018310547,187.792236328125,54675800,MSFT
2020-06-29,195.77999877929688,198.52999877929688,193.5500030517578,198.44000244140625,189.8104705810547,26701600,MSFT
2020-06-30,197.8800048828125,204.39999389648438,197.74000549316406,203.50999450683594,194.66000366210938,34310300,MSFT
2020-07-01,203.13999938964844,206.35000610351562,201.77000427246094,204.6999969482422,195.79827880859375,32061200,MSFT
2020-07-02,205.67999267578125,208.02000427246094,205.0,206.25999450683594,197.2904052734375,29315800,MSFT
2020-07-06,208.8300018310547,211.1300048828125,208.08999633789062,210.6999969482422,201.53732299804688,31897600,MSFT
2020-07-07,210.4499969482422,214.6699981689453,207.99000549316406,208.25,199.19386291503906,33600700,MSFT
2020-07-08,210.07000732421875,213.25999450683594,208.69000244140625,212.8300018310547,203.57472229003906,33600000,MSFT
2020-07-09,216.3300018310547,216.3800048828125,211.47000122070312,214.32000732421875,204.9999237060547,33121700,MSFT
2020-07-10,213.6199951171875,214.0800018310547,211.0800018310547,213.6699981689453,204.37815856933594,26177600,MSFT
2020-07-13,214.47999572753906,215.8000030517578,206.5,207.07000732421875,198.06520080566406,38135600,MSFT
2020-07-14,206.1300048828125,208.85000610351562,202.02999877929688,208.35000610351562,199.28953552246094,37591800,MSFT
2020-07-15,209.55999755859375,211.3300018310547,205.02999877929688,208.0399932861328,198.99301147460938,32179400,MSFT
2020-07-16,205.39999389648438,205.6999969482422,202.30999755859375,203.9199981689453,195.0521697998047,29940700,MSFT
2020-07-17,204.47000122070312,205.0399932861328,201.38999938964844,202.8800048828125,194.05738830566406,31635300,MSFT
2020-07-20,205.0,212.3000030517578,203.00999450683594,211.60000610351562,202.39817810058594,36884800,MSFT
2020-07-21,213.66000366210938,213.94000244140625,208.02999877929688,208.75,199.67213439941406,37990400,MSFT
2020-07-22,209.1999969482422,212.3000030517578,208.38999938964844,211.75,202.5416259765625,49605700,MSFT
2020-07-23,207.19000244140625,210.9199981689453,202.14999389648438,202.5399932861328,193.73216247558594,67457000,MSFT
2020-07-24,200.4199981689453,202.86000061035156,197.50999450683594,201.3000030517578,192.54612731933594,39827000,MSFT
2020-07-27,201.47000122070312,203.97000122070312,200.86000061035156,203.85000610351562,194.98521423339844,30160900,MSFT
2020-07-28,203.61000061035156,204.6999969482422,201.74000549316406,202.02000427246094,193.23480224609375,23251400,MSFT
2020-07-29,202.5,204.64999389648438,202.00999450683594,204.05999755859375,195.1861114501953,19632600,MSFT
2020-07-30,201.0,204.4600067138672,199.57000732421875,203.89999389648438,195.03306579589844,25079600,MSFT
2020-07-31,204.39999389648438,205.10000610351562,199.00999450683594,205.00999450683594,196.09475708007812,51044000,MSFT
2020-08-03,211.52000427246094,217.63999938964844,210.44000244140625,216.5399932861328,207.1233367919922,78983000,MSFT
2020-08-04,214.1699981689453,214.77000427246094,210.30999755859375,213.2899932861328,204.01467895507812,49280100,MSFT
2020-08-05,214.89999389648438,215.0,211.57000732421875,212.94000244140625,203.679931640625,28806400,MSFT
2020-08-06,212.33999633789062,216.3699951171875,211.5500030517578,216.35000610351562,206.941650390625,32656800,MSFT
2020-08-07,214.85000610351562,215.6999969482422,210.92999267578125,212.47999572753906,203.2399444580078,27820400,MSFT
2020-08-10,211.6699981689453,211.8800048828125,206.35000610351562,208.25,199.19386291503906,36716500,MSFT
2020-08-11,207.16000366210938,207.64999389648438,203.13999938964844,203.3800048828125,194.53564453125,36446500,MSFT
2020-08-12,205.2899932861328,210.27999877929688,204.75,209.19000244140625,200.09300231933594,28013100,MSFT
2020-08-13,209.44000244140625,211.35000610351562,208.14999389648438,208.6999969482422,199.62435913085938,22588900,MSFT
2020-08-14,208.75999450683594,209.58999633789062,207.50999450683594,208.89999389648438,199.8155975341797,17958900,MSFT
2020-08-17,209.60000610351562,211.19000244140625,208.9199981689453,210.27999877929688,201.13560485839844,20184800,MSFT
2020-08-18,210.52999877929688,212.36000061035156,209.2100067138672,211.49000549316406,202.29298400878906,21336200,MSFT
2020-08-19,211.49000549316406,212.10000610351562,209.25,209.6999969482422,201.0657196044922,27627600,MSFT
2020-08-20,209.5399932861328,215.0,208.91000366210938,214.5800018310547,205.74478149414062,26981500,MSFT
2020-08-21,213.86000061035156,216.25,212.85000610351562,213.02000427246094,204.24899291992188,36249300,MSFT
2020-08-24,214.7899932861328,215.52000427246094,212.42999267578125,213.69000244140625,204.8914031982422,25460100,MSFT
2020-08-25,213.10000610351562,216.61000061035156,213.10000610351562,216.47000122070312,207.55694580078125,23043700,MSFT
2020-08-26,217.8800048828125,222.08999633789062,217.36000061035156,221.14999389648438,212.04421997070312,39600800,MSFT
2020-08-27,222.88999938964844,231.14999389648438,219.39999389648438,226.5800018310547,217.25064086914062,57602200,MSFT
2020-08-28,228.17999267578125,230.63999938964844,226.5800018310547,228.91000366210938,219.48472595214844,26292900,MSFT
2020-08-31,227.0,228.6999969482422,224.30999755859375,225.52999877929688,216.24392700195312,28774200,MSFT
2020-09-01,225.50999450683594,227.4499969482422,224.42999267578125,227.27000427246094,217.9122314453125,25725500,MSFT
2020-09-02,227.97000122070312,232.86000061035156,227.35000610351562,231.64999389648438,222.11190795898438,34080800,MSFT
2020-09-03,229.27000427246094,229.30999755859375,214.9600067138672,217.3000030517578,208.3527374267578,58400300,MSFT
2020-09-04,215.10000610351562,218.36000061035156,205.19000244140625,214.25,205.42832946777344,59664100,MSFT
2020-09-08,206.5,210.02999877929688,202.1999969482422,202.66000366210938,194.3155059814453,52924300,MSFT
2020-09-09,207.60000610351562,214.83999633789062,206.6999969482422,211.2899932861328,202.59022521972656,45679000,MSFT
2020-09-10,213.39999389648438,214.74000549316406,204.11000061035156,205.3699951171875,196.9139404296875,35461500,MSFT
2020-09-11,207.1999969482422,208.6300048828125,201.24000549316406,204.02999877929688,195.62918090820312,33620100,MSFT
2020-09-14,204.24000549316406,209.1999969482422,204.02999877929688,205.41000366210938,196.95233154296875,30375800,MSFT
2020-09-15,208.4199981689453,209.77999877929688,206.92999267578125,208.77999877929688,200.18356323242188,21823900,MSFT
2020-09-16,210.6199951171875,210.64999389648438,204.63999938964844,205.0500030517578,196.6071319580078,26328100,MSFT
2020-09-17,200.0500030517578,204.3300018310547,199.9600067138672,202.91000366210938,194.55526733398438,34011300,MSFT
2020-09-18,202.8000030517578,203.64999389648438,196.25,200.38999938964844,192.13902282714844,55225300,MSFT
2020-09-21,197.19000244140625,202.7100067138672,196.3800048828125,202.5399932861328,194.20046997070312,39839700,MSFT
2020-09-22,205.05999755859375,208.10000610351562,202.0800018310547,207.4199981689453,198.8795623779297,33517100,MSFT
2020-09-23,207.89999389648438,208.10000610351562,200.02999877929688,200.58999633789062,192.33079528808594,30803800,MSFT
2020-09-24,199.85000610351562,205.57000732421875,199.1999969482422,203.19000244140625,194.82374572753906,31202500,MSFT
2020-09-25,203.5500030517578,209.0399932861328,202.5399932861328,207.82000732421875,199.26312255859375,29437300,MSFT
2020-09-28,210.8800048828125,212.57000732421875,208.05999755859375,209.44000244140625,200.81642150878906,32004900,MSFT
2020-09-29,209.35000610351562,210.07000732421875,206.80999755859375,207.25999450683594,198.72613525390625,24221900,MSFT
2020-09-30,207.72999572753906,211.97999572753906,206.5399932861328,210.3300018310547,201.66976928710938,33829100,MSFT
2020-10-01,213.49000549316406,213.99000549316406,211.32000732421875,212.4600067138672,203.71206665039062,27158400,MSFT
2020-10-02,208.0,210.99000549316406,205.5399932861328,206.19000244140625,197.70021057128906,33154800,MSFT
2020-10-05,207.22000122070312,210.41000366210938,206.97999572753906,210.3800048828125,201.71771240234375,21331600,MSFT
2020-10-06,208.82000732421875,210.17999267578125,204.82000732421875,205.91000366210938,197.43173217773438,28554300,MSFT
2020-10-07,207.05999755859375,210.11000061035156,206.72000122070312,209.8300018310547,201.1903533935547,25681100,MSFT
2020-10-08,210.50999450683594,211.19000244140625,208.32000732421875,210.5800018310547,201.909423828125,19925800,MSFT
2020-10-09,211.22999572753906,215.86000061035156,211.22999572753906,215.80999755859375,206.92410278320312,26458000,MSFT
2020-10-12,218.7899932861328,223.86000061035156,216.80999755859375,221.39999389648438,212.283935546875,40461400,MSFT
2020-10-13,222.72000122070312,225.2100067138672,220.42999267578125,222.86000061035156,213.683837890625,28950800,MSFT
2020-10-14,223.0,224.22000122070312,219.1300048828125,220.86000061035156,211.7661590576172,23421700,MSFT
2020-10-15,217.10000610351562,220.36000061035156,216.00999450683594,219.66000366210938,210.61558532714844,22733100,MSFT
2020-10-16,220.14999389648438,222.2899932861328,219.32000732421875,219.66000366210938,210.61558532714844,26057900,MSFT
2020-10-19,220.4199981689453,222.3000030517578,213.72000122070312,214.22000122070312,205.39956665039062,27625800,MSFT
2020-10-20,215.8000030517578,217.3699951171875,213.08999633789062,214.64999389648438,205.8118438720703,22753500,MSFT
2020-10-21,213.1199951171875,216.9199981689453,213.1199951171875,214.8000030517578,205.9556884765625,22724900,MSFT
2020-10-22,213.92999267578125,216.05999755859375,211.6999969482422,214.88999938964844,206.04197692871094,22351500,MSFT
2020-10-23,215.02999877929688,216.27999877929688,213.16000366210938,216.22999572753906,207.32684326171875,18879600,MSFT
2020-10-26,213.85000610351562,216.33999633789062,208.10000610351562,210.0800018310547,201.4300537109375,37111600,MSFT
2020-10-27,211.58999633789062,214.6699981689453,210.3300018310547,213.25,204.46951293945312,36700300,MSFT
2020-10-28,207.6699981689453,208.83999633789062,202.10000610351562,202.67999267578125,194.33473205566406,51195600,MSFT
2020-10-29,204.07000732421875,207.36000061035156,203.3699951171875,204.72000122070312,196.29074096679688,31432600,MSFT
2020-10-30,203.5,204.2899932861328,199.6199951171875,202.47000122070312,194.1333770751953,36953700,MSFT
2020-11-02,204.2899932861328,205.27999877929688,200.1199951171875,202.3300018310547,193.99917602539062,30842200,MSFT
2020-11-03,203.88999938964844,208.1199951171875,203.1199951171875,206.42999267578125,197.9302978515625,27512000,MSFT
2020-11-04,214.02000427246094,218.32000732421875,212.4199981689453,216.38999938964844,207.48020935058594,42311800,MSFT
2020-11-05,222.0399932861328,224.1199951171875,221.14999389648438,223.2899932861328,214.09609985351562,36080100,MSFT
2020-11-06,222.25999450683594,224.36000061035156,218.02999877929688,223.72000122070312,214.5084228515625,25231900,MSFT
2020-11-09,224.44000244140625,228.1199951171875,217.8800048828125,218.38999938964844,209.39785766601562,44395000,MSFT
2020-11-10,214.5,216.5,209.72000122070312,211.00999450683594,202.32171630859375,44045100,MSFT
2020-11-11,212.38999938964844,218.0399932861328,212.1999969482422,216.5500030517578,207.63365173339844,29440800,MSFT
2020-11-12,217.2100067138672,219.11000061035156,214.4600067138672,215.44000244140625,206.56935119628906,21593900,MSFT
2020-11-13,216.36000061035156,217.4199981689453,214.16000366210938,216.50999450683594,207.5952606201172,18621100,MSFT
2020-11-16,214.8699951171875,217.74000549316406,214.52000427246094,217.22999572753906,208.28564453125,24953300,MSFT
2020-11-17,216.10000610351562,217.67999267578125,214.0800018310547,214.4600067138672,205.62969970703125,24154100,MSFT
2020-11-18,213.64999389648438,215.1699981689453,210.92999267578125,211.0800018310547,202.91873168945312,28372800,MSFT
2020-11-19,211.3800048828125,213.02999877929688,209.92999267578125,212.4199981689453,204.20692443847656,24792700,MSFT
2020-11-20,212.1999969482422,213.2899932861328,210.0,210.38999938964844,202.2554168701172,22843100,MSFT
2020-11-23,210.9499969482422,212.2899932861328,208.16000366210938,210.11000061035156,201.98617553710938,25683500,MSFT
2020-11-24,209.58999633789062,214.25,208.86000061035156,213.86000061035156,205.59124755859375,33979700,MSFT
2020-11-25,215.11000061035156,215.2899932861328,212.4600067138672,213.8699951171875,205.60081481933594,21012900,MSFT
2020-11-27,214.85000610351562,216.27000427246094,214.0399932861328,215.22999572753906,206.9082794189453,14512200,MSFT
2020-11-30,214.10000610351562,214.75999450683594,210.83999633789062,214.07000732421875,205.79312133789062,33064800,MSFT
2020-12-01,214.50999450683594,217.32000732421875,213.35000610351562,216.2100067138672,207.85037231445312,30904500,MSFT
2020-12-02,214.8800048828125,215.47000122070312,212.8000030517578,215.3699951171875,207.0428466796875,23724500,MSFT
2020-12-03,214.61000061035156,216.3800048828125,213.64999389648438,214.24000549316406,205.95655822753906,25120900,MSFT
2020-12-04,214.22000122070312,215.3800048828125,213.17999267578125,214.36000061035156,206.07192993164062,24666000,MSFT
2020-12-07,214.3699951171875,215.5399932861328,212.99000549316406,214.2899932861328,206.00460815429688,24620000,MSFT
2020-12-08,213.97000122070312,216.9499969482422,212.88999938964844,216.00999450683594,207.65811157226562,23284100,MSFT
2020-12-09,215.16000366210938,215.22999572753906,211.2100067138672,211.8000030517578,203.61090087890625,32440600,MSFT
2020-12-10,211.77000427246094,213.0800018310547,210.36000061035156,210.52000427246094,202.38035583496094,26733300,MSFT
2020-12-11,210.0500030517578,213.32000732421875,209.11000061035156,213.25999450683594,205.01441955566406,30979400,MSFT
2020-12-14,213.10000610351562,216.2100067138672,212.8800048828125,214.1999969482422,205.91810607910156,28798400,MSFT
2020-12-15,215.1699981689453,215.4199981689453,212.24000549316406,214.1300048828125,205.85079956054688,27000600,MSFT
2020-12-16,214.75,220.11000061035156,214.72000122070312,219.27999877929688,210.80169677734375,35023300,MSFT
2020-12-17,219.8699951171875,220.88999938964844,217.9199981689453,219.4199981689453,210.936279296875,32515800,MSFT
2020-12-18,218.58999633789062,219.69000244140625,216.02000427246094,218.58999633789062,210.1383514404297,63354900,MSFT
2020-12-21,217.5500030517578,224.0,217.27999877929688,222.58999633789062,213.98373413085938,37181900,MSFT
2020-12-22,222.69000244140625,225.6300048828125,221.85000610351562,223.94000244140625,215.281494140625,22612200,MSFT
2020-12-23,223.11000061035156,223.55999755859375,220.8000030517578,221.02000427246094,212.47438049316406,18699600,MSFT
2020-12-24,221.4199981689453,223.61000061035156,221.1999969482422,222.75,214.13751220703125,10550600,MSFT
2020-12-28,224.4499969482422,226.02999877929688,223.02000427246094,224.9600067138672,216.26210021972656,17933500,MSFT
2020-12-29,226.30999755859375,227.17999267578125,223.5800018310547,224.14999389648438,215.4833984375,17403200,MSFT
2020-12-30,225.22999572753906,225.6300048828125,221.47000122070312,221.67999267578125,213.10888671875,20272300,MSFT
2020-12-31,221.6999969482422,223.0,219.67999267578125,222.4199981689453,213.8202667236328,20942100,MSFT
2021-01-04,222.52999877929688,223.0,214.80999755859375,217.69000244140625,209.27313232421875,37130100,MSFT
2021-01-05,217.25999450683594,218.52000427246094,215.6999969482422,217.89999389648438,209.47500610351562,23823000,MSFT
2021-01-06,212.1699981689453,216.49000549316406,211.94000244140625,212.25,204.04351806640625,35930700,MSFT
2021-01-07,214.0399932861328,219.33999633789062,213.7100067138672,218.2899932861328,209.84996032714844,27694500,MSFT
2021-01-08,218.67999267578125,220.5800018310547,217.02999877929688,219.6199951171875,211.12855529785156,22956200,MSFT
2021-01-11,218.47000122070312,218.91000366210938,216.72999572753906,217.49000549316406,209.08087158203125,23031300,MSFT
2021-01-12,216.5,217.10000610351562,213.32000732421875,214.92999267578125,206.61988830566406,23249300,MSFT
2021-01-13,214.02000427246094,216.75999450683594,213.92999267578125,216.33999633789062,207.97535705566406,20087100,MSFT
2021-01-14,215.91000366210938,217.4600067138672,212.74000549316406,213.02000427246094,204.7837371826172,29480800,MSFT
2021-01-15,213.52000427246094,214.50999450683594,212.02999877929688,212.64999389648438,204.42803955078125,31746500,MSFT
2021-01-19,213.75,216.97999572753906,212.6300048828125,216.44000244140625,208.07147216796875,30480900,MSFT
2021-01-20,217.6999969482422,225.7899932861328,217.2899932861328,224.33999633789062,215.66607666015625,37777300,MSFT
2021-01-21,224.6999969482422,226.3000030517578,222.4199981689453,224.97000122070312,216.27166748046875,30709400,MSFT
2021-01-22,227.0800018310547,230.07000732421875,225.8000030517578,225.9499969482422,217.21376037597656,30172700,MSFT
2021-01-25,229.1199951171875,229.77999877929688,224.22000122070312,229.52999877929688,220.65536499023438,33152100,MSFT
2021-01-26,231.86000061035156,234.17999267578125,230.0800018310547,232.3300018310547,223.3470916748047,49169600,MSFT
2021-01-27,238.0,240.44000244140625,230.13999938964844,232.89999389648438,223.8950653076172,69870600,MSFT
2021-01-28,235.61000061035156,242.63999938964844,235.08999633789062,238.92999267578125,229.6919403076172,49111200,MSFT
2021-01-29,235.99000549316406,238.02000427246094,231.35000610351562,231.9600067138672,222.9914093017578,42503100,MSFT
2021-02-01,235.05999755859375,242.5,232.42999267578125,239.64999389648438,230.3840789794922,33314200,MSFT
2021-02-02,241.3000030517578,242.30999755859375,238.69000244140625,239.50999450683594,230.24949645996094,25916300,MSFT
2021-02-03,239.57000732421875,245.08999633789062,239.25999450683594,243.0,233.6045379638672,27158100,MSFT
2021-02-04,242.66000366210938,243.24000549316406,240.3699951171875,242.00999450683594,232.65286254882812,25296100,MSFT
2021-02-05,242.22999572753906,243.27999877929688,240.4199981689453,242.1999969482422,232.8355255126953,18054800,MSFT
2021-02-08,243.14999389648438,243.67999267578125,240.80999755859375,242.47000122070312,233.09503173828125,22211900,MSFT
2021-02-09,241.8699951171875,244.75999450683594,241.3800048828125,243.77000427246094,234.3448028564453,23565000,MSFT
2021-02-10,245.0,245.9199981689453,240.88999938964844,242.82000732421875,233.43154907226562,22186700,MSFT
2021-02-11,244.77999877929688,245.14999389648438,242.14999389648438,244.49000549316406,235.0369415283203,15751100,MSFT
2021-02-12,243.92999267578125,245.3000030517578,242.72999572753906,244.99000549316406,235.51760864257812,16561100,MSFT
2021-02-16,245.02999877929688,246.1300048828125,242.9199981689453,243.6999969482422,234.27749633789062,26728500,MSFT
2021-02-17,241.32000732421875,244.30999755859375,240.94000244140625,244.1999969482422,235.2988739013672,21653500,MSFT
2021-02-18,241.8000030517578,243.92999267578125,240.86000061035156,243.7899932861328,234.90380859375,16925600,MSFT
2021-02-19,243.75,243.86000061035156,240.17999267578125,240.97000122070312,232.18655395507812,25262600,MSFT
2021-02-22,237.4199981689453,237.92999267578125,232.39999389648438,234.50999450683594,225.96205139160156,36446900,MSFT
2021-02-23,230.3300018310547,234.8300018310547,228.72999572753906,233.27000427246094,224.76724243164062,30228700,MSFT
2021-02-24,230.00999450683594,235.1999969482422,229.0,234.5500030517578,226.0006103515625,26339700,MSFT
2021-02-25,232.0800018310547,234.58999633789062,227.8800048828125,228.99000549316406,220.6432647705078,39542200,MSFT
2021-02-26,231.52999877929688,235.3699951171875,229.5399932861328,232.3800048828125,223.9097137451172,37819200,MSFT
2021-03-01,235.89999389648438,237.47000122070312,233.14999389648438,236.94000244140625,228.30349731445312,25324000,MSFT
2021-03-02,237.00999450683594,237.3000030517578,233.4499969482422,233.8699951171875,225.34539794921875,22812500,MSFT
2021-03-03,232.16000366210938,233.5800018310547,227.25999450683594,227.55999755859375,219.265380859375,34029500,MSFT
2021-03-04,226.74000549316406,232.49000549316406,224.25999450683594,226.72999572753906,218.46560668945312,44727800,MSFT
2021-03-05,229.52000427246094,233.27000427246094,226.4600067138672,231.60000610351562,223.15814208984375,41872800,MSFT
2021-03-08,231.3699951171875,233.3699951171875,227.1300048828125,227.38999938964844,219.1015625,35267400,MSFT
2021-03-09,232.8800048828125,235.3800048828125,231.6699981689453,233.77999877929688,225.25865173339844,33080500,MSFT
2021-03-10,237.0,237.0,232.0399932861328,232.4199981689453,223.94821166992188,29746800,MSFT
2021-03-11,234.9600067138672,239.1699981689453,234.30999755859375,237.1300048828125,228.48658752441406,29907600,MSFT
2021-03-12,234.00999450683594,235.82000732421875,233.22999572753906,235.75,227.15689086914062,22653700,MSFT
2021-03-15,234.9600067138672,235.19000244140625,231.80999755859375,234.80999755859375,226.2510986328125,26034900,MSFT
2021-03-16,236.27999877929688,240.05999755859375,235.94000244140625,237.7100067138672,229.04542541503906,28092200,MSFT
2021-03-17,236.14999389648438,238.5500030517578,233.22999572753906,237.0399932861328,228.39984130859375,29562100,MSFT
2021-03-18,232.55999755859375,234.19000244140625,230.3300018310547,230.72000122070312,222.31019592285156,34833000,MSFT
2021-03-19,231.02000427246094,232.47000122070312,229.35000610351562,230.35000610351562,221.95370483398438,46430700,MSFT
2021-03-22,230.27000427246094,236.89999389648438,230.13999938964844,235.99000549316406,227.38812255859375,30127000,MSFT
2021-03-23,237.49000549316406,241.0500030517578,237.07000732421875,237.5800018310547,228.92013549804688,31638400,MSFT
2021-03-24,237.85000610351562,238.0,235.32000732421875,235.4600067138672,226.87742614746094,25620100,MSFT
2021-03-25,235.3000030517578,236.94000244140625,231.57000732421875,232.33999633789062,223.87112426757812,34061900,MSFT
2021-03-26,231.5500030517578,236.7100067138672,231.5500030517578,236.47999572753906,227.86029052734375,25479900,MSFT
2021-03-29,236.58999633789062,236.8000030517578,231.8800048828125,235.24000549316406,226.6654815673828,25227500,MSFT
2021-03-30,233.52999877929688,233.85000610351562,231.10000610351562,231.85000610351562,223.3990020751953,24792000,MSFT
2021-03-31,232.91000366210938,239.10000610351562,232.38999938964844,235.77000427246094,227.1761474609375,43623500,MSFT
2021-04-01,238.47000122070312,242.83999633789062,238.0500030517578,242.35000610351562,233.51629638671875,30338000,MSFT
2021-04-05,242.75999450683594,249.9600067138672,242.6999969482422,249.07000732421875,239.99136352539062,36910600,MSFT
2021-04-06,247.61000061035156,249.39999389648438,246.8800048828125,247.86000061035156,238.8254852294922,22931900,MSFT
2021-04-07,247.80999755859375,250.92999267578125,247.19000244140625,249.89999389648438,240.7910919189453,22719800,MSFT
2021-04-08,252.77000427246094,254.13999938964844,252.0,253.25,244.0189971923828,23625200,MSFT
2021-04-09,252.8699951171875,255.99000549316406,252.44000244140625,255.85000610351562,246.52423095703125,24326800,MSFT
2021-04-12,254.7100067138672,257.6700134277344,254.6199951171875,255.91000366210938,246.58204650878906,27148700,MSFT
2021-04-13,257.260009765625,259.19000244140625,256.8299865722656,258.489990234375,249.0679473876953,23837500,MSFT
2021-04-14,257.4800109863281,258.8299865722656,255.16000366210938,255.58999633789062,246.27369689941406,23070900,MSFT
2021-04-15,257.92999267578125,259.92999267578125,257.7300109863281,259.5,250.04115295410156,25627500,MSFT
2021-04-16,259.4700012207031,261.0,257.6000061035156,260.739990234375,251.23599243164062,24878600,MSFT
2021-04-19,260.19000244140625,261.4800109863281,257.82000732421875,258.739990234375,249.30886840820312,23209300,MSFT
2021-04-20,257.82000732421875,260.20001220703125,256.8399963378906,258.260009765625,248.84637451171875,19722900,MSFT
2021-04-21,258.94000244140625,260.67999267578125,257.25,260.5799865722656,251.08175659179688,24030400,MSFT
2021-04-22,260.2099914550781,261.7799987792969,255.63999938964844,257.1700134277344,247.79611206054688,25606200,MSFT
2021-04-23,257.8800048828125,261.510009765625,257.2699890136719,261.1499938964844,251.63101196289062,21462600,MSFT
2021-04-26,261.6600036621094,262.44000244140625,260.1700134277344,261.54998779296875,252.0164337158203,19763300,MSFT
2021-04-27,261.5799865722656,263.19000244140625,260.1199951171875,261.9700012207031,252.42108154296875,31014200,MSFT
2021-04-28,256.0799865722656,256.5400085449219,252.9499969482422,254.55999755859375,245.2812042236328,46903100,MSFT
2021-04-29,255.4600067138672,256.1000061035156,249.0,252.50999450683594,243.3059539794922,40589000,MSFT
2021-04-30,249.74000549316406,253.0800018310547,249.60000610351562,252.17999267578125,242.98794555664062,30945100,MSFT
2021-05-03,253.39999389648438,254.35000610351562,251.1199951171875,251.86000061035156,242.67965698242188,19626600,MSFT
2021-05-04,250.97000122070312,251.2100067138672,245.75999450683594,247.7899932861328,238.7580108642578,32756100,MSFT
2021-05-05,249.05999755859375,249.5,245.82000732421875,246.47000122070312,237.4861297607422,21901300,MSFT
2021-05-06,246.4499969482422,249.86000061035156,244.69000244140625,249.72999572753906,240.62725830078125,26491100,MSFT
2021-05-07,252.14999389648438,254.3000030517578,251.1699981689453,252.4600067138672,243.25779724121094,27032900,MSFT
2021-05-10,250.8699951171875,251.72999572753906,247.1199951171875,247.17999267578125,238.1702423095703,29299900,MSFT
2021-05-11,244.5500030517578,246.60000610351562,242.57000732421875,246.22999572753906,237.25485229492188,33641600,MSFT
2021-05-12,242.1699981689453,244.3800048828125,238.07000732421875,239.0,230.28836059570312,36684400,MSFT
2021-05-13,241.8000030517578,245.60000610351562,241.4199981689453,243.02999877929688,234.17153930664062,29624300,MSFT
2021-05-14,245.5800018310547,249.17999267578125,245.49000549316406,248.14999389648438,239.10487365722656,23901100,MSFT
2021-05-17,246.5500030517578,246.58999633789062,243.52000427246094,245.17999267578125,236.24314880371094,24970200,MSFT
2021-05-18,246.27000427246094,246.41000366210938,242.89999389648438,243.0800018310547,234.21966552734375,20168000,MSFT
2021-05-19,239.30999755859375,243.22999572753906,238.60000610351562,243.1199951171875,234.79913330078125,25739800,MSFT
2021-05-20,243.9600067138672,247.9499969482422,243.86000061035156,246.47999572753906,238.04417419433594,21800700,MSFT
2021-05-21,247.57000732421875,248.3300018310547,244.74000549316406,245.1699981689453,236.77899169921875,21863100,MSFT
2021-05-24,247.7899932861328,251.16000366210938,247.50999450683594,250.77999877929688,242.19699096679688,21411500,MSFT
2021-05-25,251.77000427246094,252.75,250.82000732421875,251.72000122070312,243.10479736328125,17704300,MSFT
2021-05-26,251.42999267578125,252.94000244140625,250.75,251.49000549316406,242.88267517089844,17771600,MSFT
2021-05-27,251.1699981689453,251.47999572753906,249.25,249.30999755859375,240.77728271484375,24426200,MSFT
2021-05-28,251.0,252.0800018310547,249.55999755859375,249.67999267578125,241.13461303710938,18270200,MSFT
2021-06-01,251.22999572753906,251.2899932861328,246.9600067138672,247.39999389648438,238.93263244628906,23213300,MSFT
2021-06-02,248.1300048828125,249.27000427246094,245.83999633789062,247.3000030517578,238.83607482910156,19406700,MSFT
2021-06-03,245.22000122070312,246.33999633789062,243.0,245.7100067138672,237.30050659179688,25307700,MSFT
2021-06-04,247.75999450683594,251.64999389648438,247.50999450683594,250.7899932861328,242.2066192626953,25281100,MSFT
2021-06-07,249.97999572753906,254.08999633789062,249.80999755859375,253.80999755859375,245.12327575683594,23079200,MSFT
2021-06-08,255.16000366210938,256.010009765625,252.50999450683594,252.57000732421875,243.9257049560547,22455000,MSFT
2021-06-09,253.80999755859375,255.52999877929688,253.2100067138672,253.58999633789062,244.91079711914062,17937600,MSFT
2021-06-10,254.2899932861328,257.4599914550781,253.6699981689453,257.239990234375,248.43589782714844,24563600,MSFT
2021-06-11,257.989990234375,258.489990234375,256.6099853515625,257.8900146484375,249.0636749267578,18999700,MSFT
2021-06-14,257.8999938964844,259.95001220703125,256.79998779296875,259.8900146484375,250.99514770507812,19150500,MSFT
2021-06-15,259.7699890136719,259.989990234375,257.67999267578125,258.3599853515625,249.517578125,18038900,MSFT
2021-06-16,259.3999938964844,260.5799865722656,254.4199981689453,257.3800048828125,248.5710906982422,27220000,MSFT
2021-06-17,256.07000732421875,261.75,256.010009765625,260.8999938964844,251.97056579589844,27565500,MSFT
2021-06-18,259.6300048828125,262.29998779296875,258.75,259.42999267578125,250.5509490966797,37202200,MSFT
2021-06-21,259.82000732421875,263.5199890136719,257.9200134277344,262.6300048828125,253.6414031982422,26696100,MSFT
2021-06-22,262.7200012207031,265.7900085449219,262.3999938964844,265.510009765625,256.42291259765625,24694100,MSFT
2021-06-23,265.989990234375,266.8299865722656,264.42999267578125,265.2699890136719,256.1910095214844,19518700,MSFT
2021-06-24,266.1600036621094,267.8500061035156,265.4700012207031,266.69000244140625,257.5624694824219,21446900,MSFT
2021-06-25,266.2300109863281,267.25,264.760009765625,265.0199890136719,255.9495849609375,25611100,MSFT
2021-06-28,266.19000244140625,268.8999938964844,265.9100036621094,268.7200012207031,259.52301025390625,19590000,MSFT
2021-06-29,268.8699951171875,271.6499938964844,267.9800109863281,271.3999938964844,262.1112365722656,19937800,MSFT
2021-06-30,270.69000244140625,271.3599853515625,269.6000061035156,270.8999938964844,261.62835693359375,21656500,MSFT
2021-07-01,269.6099853515625,271.8399963378906,269.6000061035156,271.6000061035156,262.3044128417969,16725300,MSFT
2021-07-02,272.82000732421875,278.0,272.5,277.6499938964844,268.1473388671875,26458000,MSFT
2021-07-06,278.0299987792969,279.3699951171875,274.29998779296875,277.6600036621094,268.156982421875,31565600,MSFT
2021-07-07,279.3999938964844,280.69000244140625,277.1499938964844,279.92999267578125,270.3493957519531,23260000,MSFT
2021-07-08,276.8999938964844,278.7300109863281,274.8699951171875,277.4200134277344,267.9252624511719,24618600,MSFT
2021-07-09,275.7200012207031,278.04998779296875,275.32000732421875,277.94000244140625,268.42742919921875,23916700,MSFT
2021-07-12,279.1600036621094,279.7699890136719,276.5799865722656,277.32000732421875,267.82861328125,18931700,MSFT
2021-07-13,277.5199890136719,282.8500061035156,277.3900146484375,280.9800109863281,271.36346435546875,26120100,MSFT
2021-07-14,282.3500061035156,283.6600036621094,280.54998779296875,282.510009765625,272.8410339355469,23113700,MSFT
2021-07-15,282.0,282.510009765625,279.8299865722656,281.0299987792969,271.4116516113281,22604200,MSFT
2021-07-16,282.07000732421875,284.1000061035156,279.4599914550781,280.75,271.1412658691406,26186800,MSFT
2021-07-19,278.92999267578125,280.3699951171875,274.45001220703125,277.010009765625,267.52923583984375,32935600,MSFT
2021-07-20,278.0299987792969,280.9700012207031,276.260009765625,279.32000732421875,269.76025390625,26259700,MSFT
2021-07-21,278.8999938964844,281.5199890136719,277.2900085449219,281.3999938964844,271.7690124511719,24364300,MSFT
2021-07-22,283.8399963378906,286.4200134277344,283.4200134277344,286.1400146484375,276.3468322753906,23384100,MSFT
2021-07-23,287.3699951171875,289.989990234375,286.5,289.6700134277344,279.7560119628906,22768100,MSFT
2021-07-26,289.0,289.69000244140625,286.6400146484375,289.04998779296875,279.15716552734375,23176100,MSFT
2021-07-27,289.42999267578125,289.5799865722656,282.95001220703125,286.5400085449219,276.7331237792969,33604100,MSFT
2021-07-28,288.989990234375,290.1499938964844,283.8299865722656,286.2200012207031,276.4240417480469,33566900,MSFT
2021-07-29,286.239990234375,288.6199951171875,286.0799865722656,286.5,276.6944274902344,18168300,MSFT
2021-07-30,285.1700134277344,286.6600036621094,283.9100036621094,284.9100036621094,275.1588439941406,20944800,MSFT
2021-08-02,286.3599853515625,286.7699890136719,283.739990234375,284.82000732421875,275.0719909667969,16267400,MSFT
2021-08-03,285.4200134277344,287.2300109863281,284.0,287.1199951171875,277.29327392578125,17879000,MSFT
2021-08-04,286.2200012207031,287.5899963378906,284.6499938964844,286.510009765625,276.7041320800781,16191300,MSFT
2021-08-05,286.8800048828125,289.6300048828125,286.1000061035156,289.5199890136719,279.611083984375,13900200,MSFT
2021-08-06,288.510009765625,289.5,287.6199951171875,289.4599914550781,279.55316162109375,16589300,MSFT
2021-08-09,289.75,291.54998779296875,287.80999755859375,288.3299865722656,278.46185302734375,16117600,MSFT
2021-08-10,288.79998779296875,289.25,285.20001220703125,286.44000244140625,276.6364440917969,18616600,MSFT
2021-08-11,287.2099914550781,288.6600036621094,285.8599853515625,286.95001220703125,277.1290588378906,13955900,MSFT
2021-08-12,286.6300048828125,289.9700012207031,286.3399963378906,289.80999755859375,279.8912048339844,14561300,MSFT
2021-08-13,289.4800109863281,292.8999938964844,289.29998779296875,292.8500061035156,282.8271179199219,18249000,MSFT
2021-08-16,293.19000244140625,294.82000732421875,290.0199890136719,294.6000061035156,284.5171813964844,22507600,MSFT
2021-08-17,292.3900146484375,293.42999267578125,291.0799865722656,293.0799865722656,283.04925537109375,20075300,MSFT
2021-08-18,292.0400085449219,294.82000732421875,290.2699890136719,290.7300109863281,281.3172912597656,21813000,MSFT
2021-08-19,288.69000244140625,297.4700012207031,288.6400146484375,296.7699890136719,287.1616516113281,29850500,MSFT
2021-08-20,299.7200012207031,305.8399963378906,298.05999755859375,304.3599853515625,294.5058898925781,40817600,MSFT
2021-08-23,303.25,305.3999938964844,301.8500061035156,304.6499938964844,294.7864685058594,22830200,MSFT
2021-08-24,305.0199890136719,305.6499938964844,302.0,302.6199951171875,292.8222961425781,18175800,MSFT
2021-08-25,304.29998779296875,304.5899963378906,300.4200134277344,302.010009765625,292.23199462890625,20006100,MSFT
2021-08-26,300.989990234375,302.42999267578125,298.95001220703125,299.0899963378906,289.40655517578125,17666100,MSFT
2021-08-27,298.989990234375,300.8699951171875,296.8299865722656,299.7200012207031,290.0161437988281,22605700,MSFT
2021-08-30,301.1199951171875,304.2200012207031,301.05999755859375,303.5899963378906,293.7608642578125,16348100,MSFT
2021-08-31,304.4200134277344,304.5,301.5,301.8800048828125,292.10626220703125,26285300,MSFT
2021-09-01,302.8699951171875,305.19000244140625,301.489990234375,301.8299865722656,292.0578308105469,18983800,MSFT
2021-09-02,302.20001220703125,303.3599853515625,300.17999267578125,301.1499938964844,291.3998107910156,16285600,MSFT
2021-09-03,300.989990234375,302.6000061035156,300.260009765625,301.1400146484375,291.3902282714844,14747900,MSFT
2021-09-07,301.010009765625,301.0899963378906,298.20001220703125,300.17999267578125,290.46124267578125,17180400,MSFT
2021-09-08,299.7799987792969,300.6099853515625,297.4700012207031,300.2099914550781,290.490234375,15046800,MSFT
2021-09-09,300.82000732421875,302.1400146484375,297.0,297.25,287.6261291503906,19927000,MSFT
2021-09-10,298.4200134277344,299.9200134277344,295.3800048828125,295.7099914550781,286.1359558105469,19633400,MSFT
2021-09-13,297.54998779296875,298.5400085449219,294.0799865722656,296.989990234375,287.37451171875,23652900,MSFT
2021-09-14,299.55999755859375,301.3900146484375,298.1000061035156,299.7900085449219,290.0838317871094,21853400,MSFT
2021-09-15,303.260009765625,305.32000732421875,301.82000732421875,304.82000732421875,294.9510803222656,28356300,MSFT
2021-09-16,303.760009765625,305.30999755859375,300.760009765625,305.2200012207031,295.3380126953125,19550800,MSFT
2021-09-17,304.1700134277344,304.5,299.5299987792969,299.8699951171875,290.16131591796875,41372500,MSFT
2021-09-20,296.3299865722656,298.7200012207031,289.5199890136719,294.29998779296875,284.7716064453125,38278700,MSFT
2021-09-21,295.69000244140625,297.5400085449219,294.07000732421875,294.79998779296875,285.25543212890625,22364100,MSFT
2021-09-22,296.7300109863281,300.2200012207031,294.510009765625,298.5799865722656,288.9130554199219,26626300,MSFT
2021-09-23,298.8500061035156,300.8999938964844,297.5299987792969,299.55999755859375,289.8613586425781,18604600,MSFT
2021-09-24,298.2300109863281,299.79998779296875,296.92999267578125,299.3500061035156,289.6581726074219,14999000,MSFT
2021-09-27,296.1400146484375,296.4700012207031,292.94000244140625,294.1700134277344,284.6458740234375,23571700,MSFT
2021-09-28,289.79998779296875,290.7799987792969,282.75,283.5199890136719,274.3406066894531,43186200,MSFT
2021-09-29,285.1000061035156,286.7699890136719,283.010009765625,284.0,274.8050842285156,26353700,MSFT
2021-09-30,285.7099914550781,287.8299865722656,281.6199951171875,281.9200134277344,272.7925109863281,32343600,MSFT
2021-10-01,282.1199951171875,289.9800109863281,281.2900085449219,289.1000061035156,279.7400207519531,30086300,MSFT
2021-10-04,287.3999938964844,287.75,280.25,283.1099853515625,273.9439697265625,31350700,MSFT
2021-10-05,284.04998779296875,290.3999938964844,284.04998779296875,288.760009765625,279.41094970703125,24993000,MSFT
2021-10-06,285.7799987792969,293.6300048828125,285.510009765625,293.1099853515625,283.6201171875,28002600,MSFT
2021-10-07,295.17999267578125,296.6400146484375,293.9200134277344,294.8500061035156,285.3038024902344,20430500,MSFT
2021-10-08,296.2200012207031,296.6400146484375,293.760009765625,294.8500061035156,285.3038024902344,17685700,MSFT
2021-10-11,292.9200134277344,297.9700012207031,292.75,294.2300109863281,284.7038879394531,19298600,MSFT
2021-10-12,295.3399963378906,295.44000244140625,292.3500061035156,292.8800048828125,283.3975524902344,17974100,MSFT
2021-10-13,294.9100036621094,297.2799987792969,293.489990234375,296.30999755859375,286.716552734375,23416300,MSFT
2021-10-14,299.2099914550781,303.2699890136719,297.8299865722656,302.75,292.94805908203125,27262900,MSFT
2021-10-15,302.3399963378906,304.45001220703125,300.5199890136719,304.2099914550781,294.3607482910156,25384800,MSFT
2021-10-18,303.57000732421875,308.2099914550781,302.69000244140625,307.2900085449219,297.34112548828125,22729300,MSFT
2021-10-19,308.3500061035156,309.29998779296875,307.2200012207031,308.2300109863281,298.2506103515625,17682100,MSFT
2021-10-20,309.2099914550781,309.70001220703125,306.1099853515625,307.4100036621094,297.4571533203125,16537100,MSFT
2021-10-21,307.1700134277344,311.0199890136719,306.3599853515625,310.760009765625,300.6986999511719,16918100,MSFT
2021-10-22,310.3999938964844,311.0899963378906,307.79998779296875,309.1600036621094,299.1505432128906,17449300,MSFT
2021-10-25,309.3599853515625,309.3999938964844,306.4599914550781,308.1300048828125,298.15380859375,17554500,MSFT
2021-10-26,311.0,312.3999938964844,308.6000061035156,310.1099853515625,300.0697326660156,28107300,MSFT
2021-10-27,316.0,326.1000061035156,316.0,323.1700134277344,312.7069396972656,52588700,MSFT
2021-10-28,324.3299865722656,324.8699951171875,321.3599853515625,324.3500061035156,313.8487548828125,26297900,MSFT
2021-10-29,324.1300048828125,332.0,323.8999938964844,331.6199951171875,320.8833312988281,34766000,MSFT
2021-11-01,331.3599853515625,331.489990234375,326.3699951171875,329.3699951171875,318.7061462402344,27073200,MSFT
2021-11-02,330.30999755859375,333.45001220703125,330.0,333.1300048828125,322.3445129394531,26487100,MSFT
2021-11-03,333.8999938964844,334.8999938964844,330.6499938964844,334.0,323.1862487792969,21500100,MSFT
2021-11-04,332.8900146484375,336.5400085449219,329.510009765625,336.44000244140625,325.54730224609375,23992200,MSFT
2021-11-05,338.510009765625,338.7900085449219,334.4200134277344,336.05999755859375,325.1795959472656,22570100,MSFT
2021-11-08,337.29998779296875,337.6499938964844,334.44000244140625,336.989990234375,326.0794677734375,20897000,MSFT
2021-11-09,337.1099853515625,338.7200012207031,334.5299987792969,335.95001220703125,325.0731506347656,21307400,MSFT
2021-11-10,334.57000732421875,334.6300048828125,329.9200134277344,330.79998779296875,320.08990478515625,25500900,MSFT
2021-11-11,331.25,333.7699890136719,330.510009765625,332.42999267578125,321.6671142578125,16849800,MSFT
2021-11-12,333.9200134277344,337.2300109863281,333.7900085449219,336.7200012207031,325.8182678222656,23831000,MSFT
2021-11-15,337.5400085449219,337.8800048828125,334.0299987792969,336.07000732421875,325.18927001953125,16723000,MSFT
2021-11-16,335.67999267578125,340.6700134277344,335.510009765625,339.510009765625,328.51788330078125,20886800,MSFT
2021-11-17,338.94000244140625,342.19000244140625,338.0,339.1199951171875,328.7408447265625,19053400,MSFT
2021-11-18,338.17999267578125,342.45001220703125,337.1199951171875,341.2699890136719,330.8251037597656,22463500,MSFT
2021-11-19,342.6400146484375,345.1000061035156,342.20001220703125,343.1099853515625,332.6087341308594,21963400,MSFT
2021-11-22,344.6199951171875,349.6700134277344,339.54998779296875,339.8299865722656,329.42913818359375,31031100,MSFT
2021-11-23,337.04998779296875,339.45001220703125,333.55999755859375,337.67999267578125,327.3448791503906,30427600,MSFT
2021-11-24,336.2799987792969,338.1600036621094,333.9100036621094,337.9100036621094,327.5678405761719,21661300,MSFT
2021-11-26,334.3500061035156,337.92999267578125,328.1199951171875,329.67999267578125,319.5897521972656,24217200,MSFT
2021-11-29,334.94000244140625,339.0299987792969,334.739990234375,336.6300048828125,326.3270568847656,28563500,MSFT
2021-11-30,335.32000732421875,337.7799987792969,328.989990234375,330.5899963378906,320.471923828125,42885600,MSFT
2021-12-01,335.1300048828125,339.2799987792969,329.3900146484375,330.0799865722656,319.9775695800781,33337600,MSFT
2021-12-02,330.29998779296875,333.489990234375,327.79998779296875,329.489990234375,319.4055480957031,30766000,MSFT
2021-12-03,331.989990234375,332.70001220703125,318.0299987792969,323.010009765625,313.1239013671875,41779300,MSFT
2021-12-06,323.95001220703125,327.45001220703125,319.2300109863281,326.19000244140625,316.2066345214844,30032600,MSFT
2021-12-07,331.6400146484375,335.79998779296875,330.1000061035156,334.9200134277344,324.6694030761719,31021900,MSFT
2021-12-08,335.30999755859375,335.5,330.79998779296875,334.9700012207031,324.7178955078125,24761000,MSFT
2021-12-09,334.4100036621094,336.489990234375,332.1199951171875,333.1000061035156,322.90509033203125,22214200,MSFT
2021-12-10,334.9800109863281,343.0,334.7900085449219,342.5400085449219,332.0561218261719,38095700,MSFT
2021-12-13,340.67999267578125,343.7900085449219,339.0799865722656,339.3999938964844,329.0123291015625,28899400,MSFT
2021-12-14,333.2200012207031,334.6400146484375,324.1099853515625,328.3399963378906,318.29083251953125,44438700,MSFT
2021-12-15,328.6099853515625,335.19000244140625,324.5,334.6499938964844,324.40765380859375,35381100,MSFT
2021-12-16,335.7099914550781,336.760009765625,323.0199890136719,324.8999938964844,314.9560241699219,35034800,MSFT
2021-12-17,320.8800048828125,324.9200134277344,317.25,323.79998779296875,313.8897399902344,47750300,MSFT
2021-12-20,320.04998779296875,322.79998779296875,317.57000732421875,319.9100036621094,310.11883544921875,28326500,MSFT
2021-12-21,323.2900085449219,327.7300109863281,319.79998779296875,327.2900085449219,317.27294921875,24740600,MSFT
2021-12-22,328.29998779296875,333.6099853515625,325.75,333.20001220703125,323.0020446777344,24831500,MSFT
2021-12-23,332.75,336.3900146484375,332.7300109863281,334.69000244140625,324.4464416503906,19617800,MSFT
2021-12-27,335.4599914550781,342.4800109863281,335.42999267578125,342.45001220703125,331.96893310546875,19947000,MSFT
2021-12-28,343.1499938964844,343.80999755859375,340.32000732421875,341.25,330.8056640625,15661500,MSFT
2021-12-29,341.29998779296875,344.29998779296875,339.67999267578125,341.95001220703125,331.4842224121094,15042000,MSFT
2021-12-30,341.9100036621094,343.1300048828125,338.82000732421875,339.32000732421875,328.9347229003906,15994500,MSFT
2021-12-31,338.510009765625,339.3599853515625,335.8500061035156,336.32000732421875,326.026611328125,18000800,MSFT
2022-01-03,335.3500061035156,338.0,329.7799987792969,334.75,324.504638671875,28865100,MSFT
2022-01-04,334.8299865722656,335.20001220703125,326.1199951171875,329.010009765625,318.9402160644531,32674300,MSFT
2022-01-05,325.8599853515625,326.07000732421875,315.9800109863281,316.3800048828125,306.6968994140625,40054300,MSFT
2022-01-06,313.1499938964844,318.70001220703125,311.489990234375,313.8800048828125,304.27337646484375,39646100,MSFT
2022-01-07,314.1499938964844,316.5,310.0899963378906,314.0400085449219,304.4284362792969,32720000,MSFT
2022-01-10,309.489990234375,314.7200012207031,304.69000244140625,314.2699890136719,304.65142822265625,44289500,MSFT
2022-01-11,313.3800048828125,316.6099853515625,309.8900146484375,314.9800109863281,305.3397521972656,29386800,MSFT
2022-01-12,319.6700134277344,323.4100036621094,317.0799865722656,318.2699890136719,308.5289611816406,34372200,MSFT
2022-01-13,320.4700012207031,320.8800048828125,304.0,304.79998779296875,295.47125244140625,45366000,MSFT
2022-01-14,304.25,310.82000732421875,303.75,310.20001220703125,300.70599365234375,39846400,MSFT
2022-01-18,304.07000732421875,309.79998779296875,301.739990234375,302.6499938964844,293.3870544433594,42333200,MSFT
2022-01-19,306.2900085449219,313.9100036621094,302.70001220703125,303.3299865722656,294.0462646484375,45933900,MSFT
2022-01-20,309.07000732421875,311.6499938964844,301.1400146484375,301.6000061035156,292.36920166015625,35380700,MSFT
2022-01-21,302.69000244140625,304.1099853515625,295.6099853515625,296.0299987792969,286.9696960449219,57984400,MSFT
2022-01-24,292.20001220703125,297.1099853515625,276.04998779296875,296.3699951171875,287.29925537109375,85731500,MSFT
2022-01-25,291.5199890136719,294.989990234375,285.1700134277344,288.489990234375,279.6604309082031,72848600,MSFT
2022-01-26,307.989990234375,308.5,293.0299987792969,296.7099914550781,287.6288146972656,90428900,MSFT
2022-01-27,302.6600036621094,307.29998779296875,297.92999267578125,299.8399963378906,290.6630859375,53481300,MSFT
2022-01-28,300.2300109863281,308.4800109863281,294.45001220703125,308.260009765625,298.8254089355469,49743700,MSFT
2022-01-31,308.95001220703125,312.3800048828125,306.3699951171875,310.9800109863281,301.4621276855469,46444500,MSFT
2022-02-01,310.4100036621094,310.6300048828125,305.1300048828125,308.760009765625,299.30999755859375,40950400,MSFT
2022-02-02,309.6300048828125,315.1199951171875,308.8800048828125,313.4599914550781,303.8662109375,36636000,MSFT
2022-02-03,309.489990234375,311.2300109863281,299.9599914550781,301.25,292.0298767089844,43730000,MSFT
2022-02-04,300.2099914550781,308.79998779296875,299.9700012207031,305.94000244140625,296.5763244628906,35096500,MSFT
2022-02-07,306.1700134277344,307.8399963378906,299.8999938964844,300.95001220703125,291.7391357421875,28533300,MSFT
2022-02-08,301.25,305.55999755859375,299.95001220703125,304.55999755859375,295.2385559082031,32421200,MSFT
2022-02-09,309.8699951171875,311.92999267578125,307.3900146484375,311.2099914550781,301.6850280761719,31284700,MSFT
2022-02-10,304.0400085449219,309.1199951171875,300.70001220703125,302.3800048828125,293.1253356933594,45386200,MSFT
2022-02-11,303.19000244140625,304.2900085449219,294.2200012207031,295.0400085449219,286.010009765625,39175600,MSFT
2022-02-14,293.7699890136719,296.760009765625,291.3500061035156,295.0,285.97119140625,36359500,MSFT
2022-02-15,300.010009765625,300.79998779296875,297.0199890136719,300.4700012207031,291.2738037109375,27058300,MSFT
2022-02-16,298.3699951171875,300.8699951171875,293.67999267578125,299.5,290.93377685546875,29982100,MSFT
2022-02-17,296.3599853515625,296.79998779296875,290.0,290.7300109863281,282.4146728515625,32461600,MSFT
2022-02-18,293.04998779296875,293.8599853515625,286.30999755859375,287.92999267578125,279.6946716308594,34264000,MSFT
2022-02-22,285.0,291.5400085449219,284.5,287.7200012207031,279.4907531738281,41736100,MSFT
2022-02-23,290.17999267578125,291.70001220703125,280.1000061035156,280.2699890136719,272.25384521484375,37811200,MSFT
2022-02-24,272.510009765625,295.1600036621094,271.5199890136719,294.5899963378906,286.16424560546875,56989700,MSFT
2022-02-25,295.1400146484375,297.6300048828125,291.6499938964844,297.30999755859375,288.8064270019531,32546700,MSFT
2022-02-28,294.30999755859375,299.1400146484375,293.0,298.7900085449219,290.244140625,34627500,MSFT
2022-03-01,296.3999938964844,299.9700012207031,292.1499938964844,294.95001220703125,286.51397705078125,31217800,MSFT
2022-03-02,295.3599853515625,301.4700012207031,293.70001220703125,300.19000244140625,291.6040954589844,31873000,MSFT
2022-03-03,302.8900146484375,303.1300048828125,294.04998779296875,295.9200134277344,287.4561462402344,27314500,MSFT
2022-03-04,294.2900085449219,295.6600036621094,287.1700134277344,289.8599853515625,281.5694885253906,32356500,MSFT
2022-03-07,288.5299987792969,289.69000244140625,278.5299987792969,278.9100036621094,270.9327087402344,43157200,MSFT
2022-03-08,277.79998779296875,283.9599914550781,270.0,275.8500061035156,267.960205078125,48159500,MSFT
2022-03-09,283.44000244140625,289.6000061035156,280.7799987792969,288.5,280.2483825683594,35204500,MSFT
2022-03-10,283.0199890136719,286.6000061035156,280.5799865722656,285.5899963378906,277.4216003417969,30628000,MSFT
2022-03-11,287.9599914550781,289.510009765625,279.42999267578125,280.07000732421875,272.0595397949219,27209300,MSFT
2022-03-14,280.3399963378906,285.3999938964844,275.82000732421875,276.44000244140625,268.5333557128906,30660700,MSFT
2022-03-15,280.3500061035156,287.82000732421875,278.7300109863281,287.1499938964844,278.9370422363281,34245100,MSFT
2022-03-16,289.1099853515625,294.57000732421875,283.20001220703125,294.3900146484375,285.969970703125,37826300,MSFT
2022-03-17,293.2900085449219,295.6099853515625,289.3699951171875,295.2200012207031,286.7762451171875,30816600,MSFT
2022-03-18,295.3699951171875,301.0,292.7300109863281,300.42999267578125,291.8371887207031,43390600,MSFT
2022-03-21,298.8900146484375,300.1400146484375,294.8999938964844,299.1600036621094,290.603515625,28351200,MSFT
2022-03-22,299.79998779296875,305.0,298.7699890136719,304.05999755859375,295.3633728027344,27599700,MSFT
2022-03-23,300.510009765625,303.2300109863281,297.7200012207031,299.489990234375,290.924072265625,25715400,MSFT
2022-03-24,299.1400146484375,304.20001220703125,298.32000732421875,304.1000061035156,295.4022216796875,24484500,MSFT
2022-03-25,305.2300109863281,305.5,299.2900085449219,303.67999267578125,294.9941711425781,22566500,MSFT
2022-03-28,304.3299865722656,310.79998779296875,304.3299865722656,310.70001220703125,301.81353759765625,29578200,MSFT
2022-03-29,313.9100036621094,315.82000732421875,309.04998779296875,315.4100036621094,306.3887634277344,30393400,MSFT
2022-03-30,313.760009765625,315.95001220703125,311.5799865722656,313.8599853515625,304.8830261230469,28163600,MSFT
2022-03-31,313.8999938964844,315.1400146484375,307.8900146484375,308.30999755859375,299.49176025390625,33422100,MSFT
2022-04-01,309.3699951171875,310.1300048828125,305.5400085449219,309.4200134277344,300.5700988769531,27110500,MSFT
2022-04-04,310.0899963378906,315.1099853515625,309.7099914550781,314.9700012207031,305.96136474609375,24289600,MSFT
2022-04-05,313.2699890136719,314.8699951171875,309.8699951171875,310.8800048828125,301.98834228515625,23156700,MSFT
2022-04-06,305.19000244140625,307.0,296.7099914550781,299.5,290.93377685546875,40110400,MSFT
2022-04-07,296.6600036621094,303.6499938964844,296.3500061035156,301.3699951171875,292.7502746582031,31411200,MSFT
2022-04-08,300.44000244140625,301.1199951171875,296.2799987792969,296.9700012207031,288.4761962890625,24361900,MSFT
2022-04-11,291.7900085449219,292.6099853515625,285.0,285.260009765625,277.1011047363281,34569300,MSFT
2022-04-12,289.239990234375,290.739990234375,280.489990234375,282.05999755859375,273.9925842285156,30966700,MSFT
2022-04-13,282.7300109863281,288.5799865722656,281.29998779296875,287.6199951171875,279.3935241699219,21907200,MSFT
2022-04-14,288.0899963378906,288.30999755859375,279.32000732421875,279.8299865722656,271.82635498046875,28221600,MSFT
2022-04-18,278.9100036621094,282.4599914550781,278.3399963378906,280.5199890136719,272.4966125488281,20778000,MSFT
2022-04-19,279.3800048828125,286.1700134277344,278.4100036621094,285.29998779296875,277.1399230957031,22297700,MSFT
2022-04-20,289.3999938964844,289.70001220703125,285.3699951171875,286.3599853515625,278.1695556640625,22906700,MSFT
2022-04-21,288.5799865722656,293.29998779296875,280.05999755859375,280.80999755859375,272.7783508300781,29454600,MSFT
2022-04-22,281.67999267578125,283.20001220703125,273.3800048828125,274.0299987792969,266.1922912597656,29405800,MSFT
2022-04-25,273.2900085449219,281.1099853515625,270.7699890136719,280.7200012207031,272.6910095214844,35678900,MSFT
2022-04-26,277.5,278.3599853515625,270.0,270.2200012207031,262.4911804199219,46518400,MSFT
2022-04-27,282.1000061035156,290.9700012207031,279.1600036621094,283.2200012207031,275.1194763183594,63477700,MSFT
2022-04-28,285.19000244140625,290.9800109863281,281.4599914550781,289.6300048828125,281.3460693359375,33646600,MSFT
2022-04-29,288.6099853515625,289.8800048828125,276.5,277.5199890136719,269.5824279785156,37073900,MSFT
2022-05-02,277.7099914550781,284.94000244140625,276.2200012207031,284.4700012207031,276.3337097167969,35151100,MSFT
2022-05-03,283.9599914550781,284.1300048828125,280.1499938964844,281.7799987792969,273.7206726074219,25978600,MSFT
2022-05-04,282.5899963378906,290.8800048828125,276.7300109863281,289.9800109863281,281.68609619140625,33599300,MSFT
2022-05-05,285.5400085449219,286.3500061035156,274.3399963378906,277.3500061035156,269.4173278808594,43260400,MSFT
2022-05-06,274.80999755859375,279.25,271.2699890136719,274.7300109863281,266.87225341796875,37780300,MSFT
2022-05-09,270.05999755859375,272.3599853515625,263.32000732421875,264.5799865722656,257.0126037597656,47726000,MSFT
2022-05-10,271.69000244140625,273.75,265.07000732421875,269.5,261.7918395996094,39336400,MSFT
2022-05-11,265.67999267578125,271.3599853515625,259.29998779296875,260.54998779296875,253.09780883789062,48975900,MSFT
2022-05-12,257.69000244140625,259.8800048828125,250.02000427246094,255.35000610351562,248.04653930664062,51033800,MSFT
2022-05-13,257.3500061035156,263.0400085449219,255.35000610351562,261.1199951171875,253.65151977539062,34925100,MSFT
2022-05-16,259.9599914550781,265.82000732421875,255.77999877929688,261.5,254.0206756591797,32550900,MSFT
2022-05-17,266.1099853515625,268.3299865722656,262.4599914550781,266.82000732421875,259.1885070800781,28828800,MSFT
2022-05-18,263.0,263.6000061035156,252.77000427246094,254.0800018310547,247.3877410888672,31356000,MSFT
2022-05-19,253.89999389648438,257.6700134277344,251.8800048828125,253.13999938964844,246.47247314453125,32692300,MSFT
2022-05-20,257.239990234375,258.5400085449219,246.44000244140625,252.55999755859375,245.9077606201172,39199300,MSFT
2022-05-23,255.49000549316406,261.5,253.42999267578125,260.6499938964844,253.78475952148438,33175400,MSFT
2022-05-24,257.8900146484375,261.3299865722656,253.5,259.6199951171875,252.78182983398438,29043900,MSFT
2022-05-25,258.1400146484375,264.5799865722656,257.1300048828125,262.5199890136719,255.6054229736328,28547900,MSFT
2022-05-26,262.2699890136719,267.1099853515625,261.42999267578125,265.8999938964844,258.8963623046875,25002100,MSFT
2022-05-27,268.4800109863281,273.3399963378906,267.55999755859375,273.239990234375,266.0430908203125,26910800,MSFT
2022-05-31,272.5299987792969,274.7699890136719,268.92999267578125,271.8699951171875,264.7091369628906,37827700,MSFT
2022-06-01,275.20001220703125,277.69000244140625,270.0400085449219,272.4200134277344,265.2447204589844,25292200,MSFT
2022-06-02,264.45001220703125,274.6499938964844,261.6000061035156,274.5799865722656,267.3477783203125,44008200,MSFT
2022-06-03,270.30999755859375,273.45001220703125,268.4100036621094,270.0199890136719,262.9078369140625,28059000,MSFT
2022-06-06,272.05999755859375,274.17999267578125,267.2200012207031,268.75,261.6712951660156,22400300,MSFT
2022-06-07,266.6400146484375,273.1300048828125,265.94000244140625,272.5,265.32257080078125,22860700,MSFT
2022-06-08,271.7099914550781,273.0,269.6099853515625,270.4100036621094,263.28765869140625,17372300,MSFT
2022-06-09,267.7799987792969,272.7099914550781,264.6300048828125,264.7900085449219,257.8156433105469,26439700,MSFT
2022-06-10,260.5799865722656,260.5799865722656,252.52999877929688,252.99000549316406,246.32644653320312,31422800,MSFT
2022-06-13,245.11000061035156,249.02000427246094,241.52999877929688,242.25999450683594,235.87904357910156,46135800,MSFT
2022-06-14,243.86000061035156,245.74000549316406,241.50999450683594,244.49000549316406,238.0503387451172,28651500,MSFT
2022-06-15,248.30999755859375,255.3000030517578,246.4199981689453,251.75999450683594,245.1288604736328,33111700,MSFT
2022-06-16,245.97999572753906,247.4199981689453,243.02000427246094,244.97000122070312,238.5177001953125,33169200,MSFT
2022-06-17,244.6999969482422,250.5,244.02999877929688,247.64999389648438,241.12709045410156,43084800,MSFT
2022-06-21,250.25999450683594,254.75,249.50999450683594,253.74000549316406,247.05667114257812,29928300,MSFT
2022-06-22,251.88999938964844,257.1700134277344,250.3699951171875,253.1300048828125,246.4627685546875,25939900,MSFT
2022-06-23,255.57000732421875,259.3699951171875,253.6300048828125,258.8599853515625,252.04185485839844,25861400,MSFT
2022-06-24,261.80999755859375,267.9800109863281,261.7200012207031,267.70001220703125,260.64898681640625,33923200,MSFT
2022-06-27,268.2099914550781,268.29998779296875,263.2799987792969,264.8900146484375,257.91302490234375,24615100,MSFT
2022-06-28,263.9800109863281,266.9100036621094,256.32000732421875,256.4800109863281,249.72451782226562,27295500,MSFT
2022-06-29,257.5899963378906,261.9700012207031,255.75999450683594,260.260009765625,253.40492248535156,20069800,MSFT
2022-06-30,257.04998779296875,259.5299987792969,252.89999389648438,256.8299865722656,250.06529235839844,31730900,MSFT
2022-07-01,256.3900146484375,259.7699890136719,254.61000061035156,259.5799865722656,252.74285888671875,22837700,MSFT
2022-07-05,256.1600036621094,262.9800109863281,254.74000549316406,262.8500061035156,255.9267578125,22941000,MSFT
2022-07-06,263.75,267.989990234375,262.3999938964844,266.2099914550781,259.1982421875,23824400,MSFT
2022-07-07,265.1199951171875,269.05999755859375,265.0199890136719,268.3999938964844,261.33056640625,20859900,MSFT
2022-07-08,264.7900085449219,268.1000061035156,263.2900085449219,267.6600036621094,260.6100158691406,19658800,MSFT
2022-07-11,265.6499938964844,266.5299987792969,262.17999267578125,264.510009765625,257.5429992675781,19455200,MSFT
2022-07-12,265.8800048828125,265.94000244140625,252.0399932861328,253.6699981689453,246.988525390625,35868500,MSFT
2022-07-13,250.19000244140625,253.5500030517578,248.11000061035156,252.72000122070312,246.0635528564453,29497400,MSFT
2022-07-14,250.57000732421875,255.13999938964844,245.94000244140625,254.0800018310547,247.3877410888672,25102800,MSFT
2022-07-15,255.72000122070312,260.3699951171875,254.77000427246094,256.7200012207031,249.95819091796875,29774100,MSFT
2022-07-18,259.75,260.8399963378906,253.3000030517578,254.25,247.55328369140625,20975000,MSFT
2022-07-19,257.5799865722656,259.7200012207031,253.67999267578125,259.5299987792969,252.6941680908203,25012600,MSFT
2022-07-20,259.8999938964844,264.8699951171875,258.9100036621094,262.2699890136719,255.3619384765625,22788300,MSFT
2022-07-21,259.7900085449219,264.8900146484375,257.0299987792969,264.8399963378906,257.8643798828125,22404700,MSFT
2022-07-22,265.239990234375,265.3299865722656,259.07000732421875,260.3599853515625,253.50228881835938,21881300,MSFT
2022-07-25,261.0,261.5,256.80999755859375,258.8299865722656,252.01260375976562,21056000,MSFT
2022-07-26,259.8599853515625,259.8800048828125,249.57000732421875,251.89999389648438,245.26516723632812,39348000,MSFT
2022-07-27,261.1600036621094,270.04998779296875,258.8500061035156,268.739990234375,261.6615905761719,45994000,MSFT
2022-07-28,269.75,277.8399963378906,267.8699951171875,276.4100036621094,269.12957763671875,33459300,MSFT
2022-07-29,277.70001220703125,282.0,276.6300048828125,280.739990234375,273.3454895019531,32152800,MSFT
2022-08-01,277.82000732421875,281.2799987792969,275.8399963378906,278.010009765625,270.68743896484375,21539600,MSFT
2022-08-02,276.0,277.8900146484375,272.3800048828125,274.82000732421875,267.5814514160156,22754200,MSFT
2022-08-03,276.760009765625,283.5,276.6099853515625,282.4700012207031,275.030029296875,23518900,MSFT
2022-08-04,281.79998779296875,283.79998779296875,280.1700134277344,283.6499938964844,276.1788330078125,18098700,MSFT
2022-08-05,279.1499938964844,283.6499938964844,278.67999267578125,282.9100036621094,275.4583435058594,16774600,MSFT
2022-08-08,284.04998779296875,285.9200134277344,279.32000732421875,280.32000732421875,272.93658447265625,18739200,MSFT
2022-08-09,279.6400146484375,283.0799865722656,277.6099853515625,282.29998779296875,274.86444091796875,23405200,MSFT
2022-08-10,288.1700134277344,289.80999755859375,286.94000244140625,289.1600036621094,281.54376220703125,24687800,MSFT
2022-08-11,290.8500061035156,291.2099914550781,286.510009765625,287.0199890136719,279.4600524902344,20065900,MSFT
2022-08-12,288.4800109863281,291.9100036621094,286.94000244140625,291.9100036621094,284.22137451171875,22619700,MSFT
2022-08-15,291.0,294.17999267578125,290.1099853515625,293.4700012207031,285.7402648925781,18085700,MSFT
2022-08-16,291.989990234375,294.0400085449219,290.4200134277344,292.7099914550781,285.00018310546875,18102900,MSFT
2022-08-17,289.739990234375,293.3500061035156,289.4700012207031,291.32000732421875,284.2489013671875,18253400,MSFT
2022-08-18,290.19000244140625,291.9100036621094,289.0799865722656,290.1700134277344,283.1269226074219,17186200,MSFT
2022-08-19,288.8999938964844,289.25,285.55999755859375,286.1499938964844,279.20440673828125,20570000,MSFT
2022-08-22,282.0799865722656,282.4599914550781,277.2200012207031,277.75,271.0083312988281,25061100,MSFT
2022-08-23,276.44000244140625,278.8599853515625,275.3999938964844,276.44000244140625,269.7301330566406,17527400,MSFT
2022-08-24,275.4100036621094,277.2300109863281,275.1099853515625,275.7900085449219,269.09588623046875,18137000,MSFT
2022-08-25,277.3299865722656,279.0199890136719,274.5199890136719,278.8500061035156,272.08154296875,16583400,MSFT
2022-08-26,279.0799865722656,280.3399963378906,267.9800109863281,268.0899963378906,261.5827941894531,27549300,MSFT
2022-08-29,265.8500061035156,267.3999938964844,263.8500061035156,265.2300109863281,258.792236328125,20338500,MSFT
2022-08-30,266.6700134277344,267.04998779296875,260.6600036621094,262.9700012207031,256.5870361328125,22767100,MSFT
2022-08-31,265.3900146484375,267.1099853515625,261.3299865722656,261.4700012207031,255.1234893798828,24791800,MSFT
2022-09-01,258.8699951171875,260.8900146484375,255.41000366210938,260.3999938964844,254.0794677734375,23263400,MSFT
2022-09-02,261.70001220703125,264.739990234375,254.47000122070312,256.05999755859375,249.84475708007812,22855400,MSFT
2022-09-06,256.20001220703125,257.8299865722656,251.94000244140625,253.25,247.10299682617188,21328200,MSFT
2022-09-07,254.6999969482422,258.8299865722656,253.22000122070312,258.0899963378906,251.8254852294922,24126700,MSFT
2022-09-08,257.510009765625,260.42999267578125,254.7899932861328,258.5199890136719,252.2450408935547,20319900,MSFT
2022-09-09,260.5,265.2300109863281,260.2900085449219,264.4599914550781,258.0408935546875,22084700,MSFT
2022-09-12,265.7799987792969,267.45001220703125,265.1600036621094,266.6499938964844,260.17767333984375,18747700,MSFT
2022-09-13,258.8399963378906,260.3999938964844,251.58999633789062,251.99000549316406,245.87359619140625,33353300,MSFT
2022-09-14,253.52999877929688,254.22999572753906,249.86000061035156,252.22000122070312,246.09799194335938,23913000,MSFT
2022-09-15,249.77000427246094,251.39999389648438,244.02000427246094,245.3800048828125,239.42404174804688,31530900,MSFT
2022-09-16,244.25999450683594,245.3000030517578,242.05999755859375,244.74000549316406,238.79953002929688,39791800,MSFT
2022-09-19,242.47000122070312,245.13999938964844,240.85000610351562,244.52000427246094,238.58489990234375,26826900,MSFT
2022-09-20,242.07000732421875,243.50999450683594,239.63999938964844,242.4499969482422,236.5651092529297,26660300,MSFT
2022-09-21,244.27000427246094,247.66000366210938,238.89999389648438,238.9499969482422,233.1501007080078,28625600,MSFT
2022-09-22,237.8699951171875,243.86000061035156,237.57000732421875,240.97999572753906,235.1308135986328,31061200,MSFT
2022-09-23,239.5399932861328,241.1300048828125,235.1999969482422,237.9199981689453,232.14505004882812,34176000,MSFT
2022-09-26,237.0500030517578,241.4499969482422,236.89999389648438,237.4499969482422,231.68649291992188,27694200,MSFT
2022-09-27,239.97999572753906,241.8000030517578,234.5,236.41000366210938,230.6717529296875,27018700,MSFT
2022-09-28,236.80999755859375,242.3300018310547,234.72999572753906,241.07000732421875,235.21864318847656,29029700,MSFT
2022-09-29,238.88999938964844,239.9499969482422,234.41000366210938,237.5,231.73526000976562,27484200,MSFT
2022-09-30,238.2899932861328,240.5399932861328,232.72999572753906,232.89999389648438,227.24691772460938,35694800,MSFT
2022-10-03,235.41000366210938,241.61000061035156,234.66000366210938,240.74000549316406,234.8966522216797,28880400,MSFT
2022-10-04,245.08999633789062,250.36000061035156,244.97999572753906,248.8800048828125,242.8390655517578,34888400,MSFT
2022-10-05,245.99000549316406,250.5800018310547,244.10000610351562,249.1999969482422,243.1512908935547,20347100,MSFT
2022-10-06,247.92999267578125,250.33999633789062,246.0800018310547,246.7899932861328,240.7997589111328,20239900,MSFT
2022-10-07,240.89999389648438,241.32000732421875,233.1699981689453,234.24000549316406,228.5543975830078,37769600,MSFT
2022-10-10,233.0500030517578,234.55999755859375,226.72999572753906,229.25,223.68553161621094,29743600,MSFT
2022-10-11,227.6199951171875,229.05999755859375,224.11000061035156,225.41000366210938,219.938720703125,30474000,MSFT
2022-10-12,225.39999389648438,227.86000061035156,223.9600067138672,225.75,220.2704620361328,21903900,MSFT
2022-10-13,219.85000610351562,236.10000610351562,219.1300048828125,234.24000549316406,228.5543975830078,42551800,MSFT
2022-10-14,235.5399932861328,237.24000549316406,228.33999633789062,228.55999755859375,223.0122833251953,30198600,MSFT
2022-10-17,235.82000732421875,238.9600067138672,235.13999938964844,237.52999877929688,231.7645263671875,28142300,MSFT
2022-10-18,243.24000549316406,243.92999267578125,235.3699951171875,238.5,232.7110137939453,26329600,MSFT
2022-10-19,237.0399932861328,239.61000061035156,234.2899932861328,236.47999572753906,230.7400360107422,19985700,MSFT
2022-10-20,235.77000427246094,241.30999755859375,234.8699951171875,236.14999389648438,230.4180450439453,21811000,MSFT
2022-10-21,234.74000549316406,243.0,234.5,242.1199951171875,236.2431182861328,26299700,MSFT
2022-10-24,243.75999450683594,247.83999633789062,241.3000030517578,247.25,241.2486114501953,24911200,MSFT
2022-10-25,247.25999450683594,251.0399932861328,245.8300018310547,250.66000366210938,244.5758514404297,34775500,MSFT
2022-10-26,231.1699981689453,238.3000030517578,230.05999755859375,231.32000732421875,225.7052764892578,82543200,MSFT
2022-10-27,231.0399932861328,233.69000244140625,225.77999877929688,226.75,221.2462158203125,40424600,MSFT
2022-10-28,226.24000549316406,236.60000610351562,226.0500030517578,235.8699951171875,230.14483642578125,40647700,MSFT
2022-10-31,233.75999450683594,234.9199981689453,231.14999389648438,232.1300048828125,226.49562072753906,28357300,MSFT
2022-11-01,234.60000610351562,235.74000549316406,227.3300018310547,228.1699981689453,222.63174438476562,30592300,MSFT
2022-11-02,229.4600067138672,231.3000030517578,220.0399932861328,220.10000610351562,214.75762939453125,38407000,MSFT
2022-11-03,220.08999633789062,220.41000366210938,213.97999572753906,214.25,209.04962158203125,36633900,MSFT
2022-11-04,217.5500030517578,221.58999633789062,213.42999267578125,221.38999938964844,216.01629638671875,36789100,MSFT
2022-11-07,221.99000549316406,228.41000366210938,221.27999877929688,227.8699951171875,222.33901977539062,33498000,MSFT
2022-11-08,228.6999969482422,231.64999389648438,225.83999633789062,228.8699951171875,223.31472778320312,28192500,MSFT
2022-11-09,227.3699951171875,228.6300048828125,224.3300018310547,224.50999450683594,219.0605926513672,27852900,MSFT
2022-11-10,235.42999267578125,243.3300018310547,235.0,242.97999572753906,237.08224487304688,46268000,MSFT
2022-11-11,242.99000549316406,247.99000549316406,241.92999267578125,247.11000061035156,241.112060546875,34620200,MSFT
2022-11-14,241.99000549316406,243.91000366210938,239.2100067138672,241.5500030517578,235.68701171875,31123300,MSFT
2022-11-15,245.66000366210938,247.0,240.02999877929688,241.97000122070312,236.09678649902344,31390100,MSFT
2022-11-16,242.7899932861328,243.8000030517578,240.4199981689453,241.72999572753906,236.52732849121094,24093300,MSFT
2022-11-17,237.77999877929688,243.25,237.6300048828125,241.67999267578125,236.4783935546875,23123500,MSFT
2022-11-18,243.50999450683594,243.74000549316406,239.02999877929688,241.22000122070312,236.02825927734375,27613500,MSFT
2022-11-21,241.42999267578125,244.6699981689453,241.19000244140625,242.0500030517578,236.84042358398438,26394700,MSFT
2022-11-22,243.58999633789062,245.30999755859375,240.7100067138672,245.02999877929688,239.7562713623047,19665700,MSFT
2022-11-23,245.11000061035156,248.27999877929688,244.27000427246094,247.5800018310547,242.2513885498047,19508500,MSFT
2022-11-25,247.30999755859375,248.6999969482422,246.72999572753906,247.49000549316406,242.16334533691406,9200800,MSFT
2022-11-28,246.0800018310547,246.64999389648438,240.8000030517578,241.75999450683594,236.556640625,24778200,MSFT
2022-11-29,241.39999389648438,242.7899932861328,238.2100067138672,240.3300018310547,235.1574249267578,17956300,MSFT
2022-11-30,240.57000732421875,255.3300018310547,239.86000061035156,255.13999938964844,249.64866638183594,47594200,MSFT
2022-12-01,253.8699951171875,256.1199951171875,250.9199981689453,254.69000244140625,249.20838928222656,26041500,MSFT
2022-12-02,249.82000732421875,256.05999755859375,249.69000244140625,255.02000427246094,249.53128051757812,21528500,MSFT
2022-12-05,252.00999450683594,253.82000732421875,248.05999755859375,250.1999969482422,244.81500244140625,23435300,MSFT
2022-12-06,250.82000732421875,251.86000061035156,243.77999877929688,245.1199951171875,239.84432983398438,22463700,MSFT
2022-12-07,244.8300018310547,246.16000366210938,242.2100067138672,244.3699951171875,239.11048889160156,20481500,MSFT
2022-12-08,244.83999633789062,248.74000549316406,243.05999755859375,247.39999389648438,242.07528686523438,22611800,MSFT
2022-12-09,244.6999969482422,248.30999755859375,244.16000366210938,245.4199981689453,240.1378631591797,20609700,MSFT
2022-12-12,247.4499969482422,252.5399932861328,247.1699981689453,252.50999450683594,247.0752716064453,30665100,MSFT
2022-12-13,261.69000244140625,263.9200134277344,253.07000732421875,256.9200134277344,251.39039611816406,42196900,MSFT
2022-12-14,257.1300048828125,262.5899963378906,254.30999755859375,257.2200012207031,251.68392944335938,35410900,MSFT
2022-12-15,253.72000122070312,254.1999969482422,247.33999633789062,249.00999450683594,243.65060424804688,35560400,MSFT
2022-12-16,248.5500030517578,249.83999633789062,243.50999450683594,244.69000244140625,239.423583984375,86102000,MSFT
2022-12-19,244.86000061035156,245.2100067138672,238.7100067138672,240.4499969482422,235.2748565673828,29696400,MSFT
2022-12-20,239.39999389648438,242.91000366210938,238.4199981689453,241.8000030517578,236.59579467773438,25150800,MSFT
2022-12-21,241.69000244140625,245.6199951171875,240.11000061035156,244.42999267578125,239.169189453125,23690600,MSFT
2022-12-22,241.25999450683594,241.99000549316406,233.8699951171875,238.19000244140625,233.0635223388672,28651700,MSFT
2022-12-23,236.11000061035156,238.8699951171875,233.94000244140625,238.72999572753906,233.5918731689453,21207000,MSFT
2022-12-27,238.6999969482422,238.92999267578125,235.8300018310547,236.9600067138672,231.8599853515625,16688600,MSFT
2022-12-28,236.88999938964844,239.72000122070312,234.1699981689453,234.52999877929688,229.48226928710938,17457100,MSFT
2022-12-29,235.64999389648438,241.9199981689453,235.64999389648438,241.00999450683594,235.82281494140625,19770700,MSFT
2022-12-30,238.2100067138672,239.9600067138672,236.66000366210938,239.82000732421875,234.65841674804688,21938500,MSFT
2023-01-03,243.0800018310547,245.75,237.39999389648438,239.5800018310547,234.423583984375,25740000,MSFT
2023-01-04,232.27999877929688,232.8699951171875,225.9600067138672,229.10000610351562,224.1691436767578,50623400,MSFT
2023-01-05,227.1999969482422,227.5500030517578,221.75999450683594,222.30999755859375,217.5252685546875,39585600,MSFT
2023-01-06,223.0,225.75999450683594,219.35000610351562,224.92999267578125,220.08888244628906,43613600,MSFT
2023-01-09,226.4499969482422,231.24000549316406,226.41000366210938,227.1199951171875,222.23171997070312,27369800,MSFT
2023-01-10,227.75999450683594,231.30999755859375,227.3300018310547,228.85000610351562,223.92454528808594,27033900,MSFT
2023-01-11,231.2899932861328,235.9499969482422,231.11000061035156,235.77000427246094,230.695556640625,28669300,MSFT
2023-01-12,235.25999450683594,239.89999389648438,233.55999755859375,238.50999450683594,233.37660217285156,27269500,MSFT
2023-01-13,237.0,239.3699951171875,234.9199981689453,239.22999572753906,234.0811004638672,21333300,MSFT
2023-01-17,237.97000122070312,240.91000366210938,237.08999633789062,240.35000610351562,235.17701721191406,29831300,MSFT
2023-01-18,241.57000732421875,242.3800048828125,235.52000427246094,235.80999755859375,230.73471069335938,30028700,MSFT
2023-01-19,233.77999877929688,235.52000427246094,230.67999267578125,231.92999267578125,226.938232421875,28623000,MSFT
2023-01-20,234.86000061035156,240.74000549316406,234.50999450683594,240.22000122070312,235.0498046875,35389800,MSFT
2023-01-23,241.10000610351562,245.1699981689453,239.64999389648438,242.5800018310547,237.35899353027344,31934000,MSFT
2023-01-24,242.5,243.9499969482422,240.44000244140625,242.0399932861328,236.83062744140625,40234400,MSFT
2023-01-25,234.47999572753906,243.3000030517578,230.89999389648438,240.61000061035156,235.43141174316406,66526600,MSFT
2023-01-26,243.64999389648438,248.30999755859375,242.0,248.0,242.662353515625,33454500,MSFT
2023-01-27,248.99000549316406,249.8300018310547,246.8300018310547,248.16000366210938,242.81890869140625,26498900,MSFT
2023-01-30,244.50999450683594,245.60000610351562,242.1999969482422,242.7100067138672,237.4862060546875,25867400,MSFT
2023-01-31,243.4499969482422,247.9499969482422,242.9499969482422,247.80999755859375,242.4764404296875,26541100,MSFT
2023-02-01,248.0,255.17999267578125,245.47000122070312,252.75,247.31011962890625,31259900,MSFT
2023-02-02,258.82000732421875,264.69000244140625,257.25,264.6000061035156,258.9050598144531,39940400,MSFT
2023-02-03,259.5400085449219,264.20001220703125,257.1000061035156,258.3500061035156,252.7895965576172,29077300,MSFT
2023-02-06,257.44000244140625,258.29998779296875,254.77999877929688,256.7699890136719,251.24359130859375,22518000,MSFT
2023-02-07,260.5299987792969,268.7699890136719,260.0799865722656,267.55999755859375,261.8013916015625,50841400,MSFT
2023-02-08,273.20001220703125,276.760009765625,266.2099914550781,266.7300109863281,260.9892578125,54686000,MSFT
2023-02-09,273.79998779296875,273.9800109863281,262.79998779296875,263.6199951171875,257.9461975097656,42375100,MSFT
2023-02-10,261.5299987792969,264.0899963378906,260.6600036621094,263.1000061035156,257.43731689453125,25818500,MSFT
2023-02-13,267.6400146484375,274.6000061035156,267.1499938964844,271.32000732421875,265.4804382324219,44630900,MSFT
2023-02-14,272.6700134277344,274.9700012207031,269.2799987792969,272.1700134277344,266.3121337890625,37047900,MSFT
2023-02-15,268.32000732421875,270.7300109863281,266.17999267578125,269.32000732421875,264.18353271484375,28922400,MSFT
2023-02-16,264.0199890136719,266.739990234375,261.8999938964844,262.1499938964844,257.1502990722656,29603600,MSFT
2023-02-17,259.3900146484375,260.0899963378906,256.0,258.05999755859375,253.1382598876953,30000100,MSFT
2023-02-21,254.47999572753906,255.49000549316406,251.58999633789062,252.6699981689453,247.85107421875,28397400,MSFT
2023-02-22,254.08999633789062,254.33999633789062,250.33999633789062,251.50999450683594,246.7132110595703,22491100,MSFT
2023-02-23,255.55999755859375,256.8399963378906,250.47999572753906,254.77000427246094,249.91104125976562,29219100,MSFT
2023-02-24,249.9600067138672,251.0,248.10000610351562,249.22000122070312,244.46690368652344,24990900,MSFT
2023-02-27,252.4600067138672,252.82000732421875,249.38999938964844,250.16000366210938,245.38897705078125,21190000,MSFT
2023-02-28,249.07000732421875,251.49000549316406,248.72999572753906,249.4199981689453,244.66307067871094,22491000,MSFT
2023-03-01,250.75999450683594,250.92999267578125,245.7899932861328,246.27000427246094,241.57315063476562,27565300,MSFT
2023-03-02,246.5500030517578,251.39999389648438,245.61000061035156,251.11000061035156,246.32083129882812,24808200,MSFT
2023-03-03,252.19000244140625,255.6199951171875,251.38999938964844,255.2899932861328,250.4210968017578,30760100,MSFT
2023-03-06,256.42999267578125,260.1199951171875,255.97999572753906,256.8699951171875,251.97096252441406,24109800,MSFT
2023-03-07,256.29998779296875,257.69000244140625,253.38999938964844,254.14999389648438,249.3028564453125,21473200,MSFT
2023-03-08,254.0399932861328,254.5399932861328,250.80999755859375,253.6999969482422,248.8614501953125,17340200,MSFT
2023-03-09,255.82000732421875,259.55999755859375,251.5800018310547,252.32000732421875,247.50778198242188,26653400,MSFT
2023-03-10,251.0800018310547,252.7899932861328,247.60000610351562,248.58999633789062,243.8489227294922,28333900,MSFT
2023-03-13,247.39999389648438,257.9100036621094,245.72999572753906,253.9199981689453,249.0772247314453,33339700,MSFT
2023-03-14,256.75,261.07000732421875,255.86000061035156,260.7900085449219,255.81622314453125,33620300,MSFT
2023-03-15,259.9800109863281,266.4800109863281,259.2099914550781,265.44000244140625,260.37750244140625,46028000,MSFT
2023-03-16,265.2099914550781,276.55999755859375,263.2799987792969,276.20001220703125,270.9323425292969,54768800,MSFT
2023-03-17,278.260009765625,283.3299865722656,276.32000732421875,279.42999267578125,274.10064697265625,69527400,MSFT
2023-03-20,276.9800109863281,277.4800109863281,269.8500061035156,272.2300109863281,267.03802490234375,43466600,MSFT
2023-03-21,274.8800048828125,275.0,269.5199890136719,273.7799987792969,268.5585021972656,34558700,MSFT
2023-03-22,273.3999938964844,281.0400085449219,272.17999267578125,272.2900085449219,267.096923828125,34873300,MSFT
2023-03-23,277.94000244140625,281.05999755859375,275.20001220703125,277.6600036621094,272.3644714355469,36610900,MSFT
2023-03-24,277.239990234375,280.6300048828125,275.2799987792969,280.57000732421875,275.218994140625,28172000,MSFT
2023-03-27,280.5,281.4599914550781,275.5199890136719,276.3800048828125,271.1089172363281,26840200,MSFT
2023-03-28,275.7900085449219,276.1400146484375,272.04998779296875,275.2300109863281,269.9808349609375,21878600,MSFT
2023-03-29,278.9599914550781,281.1400146484375,278.4100036621094,280.510009765625,275.16009521484375,25087000,MSFT
2023-03-30,284.2300109863281,284.4599914550781,281.4800109863281,284.04998779296875,278.632568359375,25053400,MSFT
2023-03-31,283.7300109863281,289.2699890136719,283.0,288.29998779296875,282.8015441894531,32766000,MSFT
2023-04-03,286.5199890136719,288.2699890136719,283.95001220703125,287.2300109863281,281.751953125,24883300,MSFT
2023-04-04,287.2300109863281,290.45001220703125,285.6700134277344,287.17999267578125,281.7029113769531,25824300,MSFT
2023-04-05,285.8500061035156,287.1499938964844,282.9200134277344,284.3399963378906,278.9170837402344,22064800,MSFT
2023-04-06,283.2099914550781,292.0799865722656,282.0299987792969,291.6000061035156,286.0386047363281,29770300,MSFT
2023-04-10,289.2099914550781,289.6000061035156,284.7099914550781,289.3900146484375,283.8707580566406,23103000,MSFT
2023-04-11,285.75,285.9800109863281,281.6400146484375,282.8299865722656,277.43585205078125,27276600,MSFT
2023-04-12,284.7900085449219,287.010009765625,281.9599914550781,283.489990234375,278.083251953125,27403400,MSFT
2023-04-13,283.5899963378906,289.8999938964844,283.1700134277344,289.8399963378906,284.31219482421875,24222700,MSFT
2023-04-14,287.0,288.4800109863281,283.69000244140625,286.1400146484375,280.6827392578125,20987900,MSFT
2023-04-17,289.92999267578125,291.6000061035156,286.1600036621094,288.79998779296875,283.2920227050781,23836200,MSFT
2023-04-18,291.57000732421875,291.760009765625,287.010009765625,288.3699951171875,282.87017822265625,20161800,MSFT
2023-04-19,285.989990234375,289.04998779296875,284.5400085449219,288.45001220703125,282.94873046875,17150300,MSFT
2023-04-20,285.25,289.0299987792969,285.0799865722656,286.1099853515625,280.6533203125,23244400,MSFT
2023-04-21,285.010009765625,286.2699890136719,283.05999755859375,285.760009765625,280.3099670410156,21676400,MSFT
2023-04-24,282.0899963378906,284.95001220703125,278.7200012207031,281.7699890136719,276.3961486816406,26611000,MSFT
2023-04-25,279.510009765625,281.6000061035156,275.3699951171875,275.4200134277344,270.1672058105469,45772200,MSFT
2023-04-26,296.70001220703125,299.57000732421875,292.7300109863281,295.3699951171875,289.7366943359375,64599200,MSFT
2023-04-27,295.9700012207031,305.20001220703125,295.25,304.8299865722656,299.01629638671875,46462600,MSFT
2023-04-28,304.010009765625,308.92999267578125,303.30999755859375,307.260009765625,301.3999328613281,36469600,MSFT
2023-05-01,306.9700012207031,308.6000061035156,305.1499938964844,305.55999755859375,299.73236083984375,21294100,MSFT
2023-05-02,307.760009765625,309.17999267578125,303.9100036621094,305.4100036621094,299.5852355957031,26404400,MSFT
2023-05-03,306.6199951171875,308.6099853515625,304.0899963378906,304.3999938964844,298.5945129394531,22360800,MSFT
2023-05-04,306.239990234375,307.760009765625,303.3999938964844,305.4100036621094,299.5852355957031,22519900,MSFT
2023-05-05,305.7200012207031,311.9700012207031,304.2699890136719,310.6499938964844,304.7253112792969,28197100,MSFT
2023-05-08,310.1300048828125,310.20001220703125,306.0899963378906,308.6499938964844,302.7634582519531,21318600,MSFT
2023-05-09,308.0,310.0400085449219,306.30999755859375,307.0,301.1448669433594,21340800,MSFT
2023-05-10,308.6199951171875,313.0,307.6700134277344,312.30999755859375,306.3536071777344,30078000,MSFT
2023-05-11,310.1000061035156,311.1199951171875,306.260009765625,310.1099853515625,304.1955871582031,31680200,MSFT
2023-05-12,310.54998779296875,310.6499938964844,306.6000061035156,308.9700012207031,303.0773620605469,19774700,MSFT
2023-05-15,309.1000061035156,309.8999938964844,307.5899963378906,309.4599914550781,303.5579833984375,16336500,MSFT
2023-05-16,309.8299865722656,313.7099914550781,309.8299865722656,311.739990234375,305.7945556640625,26730300,MSFT
2023-05-17,312.2900085449219,314.42999267578125,310.739990234375,314.0,308.6846923828125,24315000,MSFT
2023-05-18,314.5299987792969,319.0400085449219,313.7200012207031,318.5199890136719,313.1282043457031,27276000,MSFT
2023-05-19,316.739990234375,318.75,316.3699951171875,318.3399963378906,312.9512634277344,27546700,MSFT
2023-05-22,318.6000061035156,322.5899963378906,318.010009765625,321.17999267578125,315.7431945800781,24115700,MSFT
2023-05-23,320.0299987792969,322.7200012207031,315.25,315.260009765625,309.9234313964844,30797200,MSFT
2023-05-24,314.7300109863281,316.5,312.6099853515625,313.8500061035156,308.53729248046875,23384900,MSFT
2023-05-25,323.239990234375,326.8999938964844,320.0,325.9200134277344,320.4029541015625,43301700,MSFT
2023-05-26,324.0199890136719,333.3999938964844,323.8800048828125,332.8900146484375,327.2550048828125,36630600,MSFT
2023-05-30,335.2300109863281,335.739990234375,330.5199890136719,331.2099914550781,325.6034240722656,29503100,MSFT
2023-05-31,332.2900085449219,335.94000244140625,327.3299865722656,328.3900146484375,322.8311767578125,45950600,MSFT
2023-06-01,325.92999267578125,333.5299987792969,324.7200012207031,332.5799865722656,326.9501953125,26773900,MSFT
2023-06-02,334.25,337.5,332.54998779296875,335.3999938964844,329.7225341796875,25873800,MSFT
2023-06-05,335.2200012207031,338.55999755859375,334.6600036621094,335.94000244140625,330.25335693359375,21307100,MSFT
2023-06-06,335.3299865722656,335.3699951171875,332.1700134277344,333.67999267578125,328.0315856933594,20396200,MSFT
2023-06-07,331.6499938964844,334.489990234375,322.5,323.3800048828125,317.9059753417969,40717100,MSFT
2023-06-08,323.94000244140625,326.6400146484375,323.3500061035156,325.260009765625,319.754150390625,23277700,MSFT
2023-06-09,324.989990234375,329.989990234375,324.4100036621094,326.7900085449219,321.25823974609375,22529000,MSFT
2023-06-12,328.5799865722656,332.1000061035156,325.1600036621094,331.8500061035156,326.23260498046875,24260300,MSFT
2023-06-13,334.4700012207031,336.9800109863281,330.3900146484375,334.2900085449219,328.6312561035156,22951300,MSFT
2023-06-14,334.3399963378906,339.0400085449219,332.80999755859375,337.3399963378906,331.629638671875,26003800,MSFT
2023-06-15,337.4800109863281,349.8399963378906,337.20001220703125,348.1000061035156,342.2074890136719,38899100,MSFT
2023-06-16,351.32000732421875,351.4700012207031,341.95001220703125,342.3299865722656,336.5351867675781,46552000,MSFT
2023-06-20,339.30999755859375,342.0799865722656,335.8599853515625,338.04998779296875,332.3276062011719,26375400,MSFT
2023-06-21,336.3699951171875,337.7300109863281,332.07000732421875,333.55999755859375,327.91363525390625,25117800,MSFT
2023-06-22,334.1199951171875,340.1199951171875,333.3399963378906,339.7099914550781,333.95947265625,23556800,MSFT
2023-06-23,334.3599853515625,337.9599914550781,333.45001220703125,335.0199890136719,329.3489074707031,23146900,MSFT
2023-06-26,333.7200012207031,336.1099853515625,328.489990234375,328.6000061035156,323.0375671386719,21520600,MSFT
2023-06-27,331.8599853515625,336.1499938964844,329.29998779296875,334.57000732421875,328.9065246582031,24354100,MSFT
2023-06-28,334.6600036621094,337.9800109863281,333.80999755859375,335.8500061035156,330.16485595703125,20259500,MSFT
2023-06-29,334.7099914550781,336.1099853515625,332.6199951171875,335.04998779296875,329.37841796875,16997000,MSFT
2023-06-30,337.75,342.7300109863281,337.20001220703125,340.5400085449219,334.7755126953125,26832800,MSFT
2023-07-03,339.19000244140625,340.8999938964844,336.57000732421875,337.989990234375,332.2686462402344,12508700,MSFT
2023-07-05,335.0899963378906,341.6499938964844,334.7300109863281,338.1499938964844,332.4259338378906,18172400,MSFT
2023-07-06,337.29998779296875,342.989990234375,335.5,341.2699890136719,335.4931335449219,28161200,MSFT
2023-07-07,339.32000732421875,341.7900085449219,337.0,337.2200012207031,331.51165771484375,21214800,MSFT
2023-07-10,334.6000061035156,335.2300109863281,327.5899963378906,331.8299865722656,326.212890625,32791400,MSFT
2023-07-11,331.05999755859375,332.8599853515625,327.0,332.4700012207031,326.8420715332031,26698200,MSFT
2023-07-12,336.6000061035156,341.6499938964844,335.6700134277344,337.20001220703125,331.49200439453125,29995300,MSFT
2023-07-13,339.55999755859375,343.739990234375,339.0199890136719,342.6600036621094,336.8595886230469,20567200,MSFT
2023-07-14,347.5899963378906,351.42999267578125,344.30999755859375,345.239990234375,339.39593505859375,28352700,MSFT
2023-07-17,345.67999267578125,346.989990234375,342.20001220703125,345.7300109863281,339.87762451171875,20363900,MSFT
2023-07-18,345.8299865722656,366.7799987792969,342.1700134277344,359.489990234375,353.4046630859375,64738600,MSFT
2023-07-19,361.75,362.4599914550781,352.44000244140625,355.0799865722656,349.0693664550781,39732900,MSFT
2023-07-20,353.57000732421875,357.9700012207031,345.3699951171875,346.8699951171875,340.99835205078125,33778400,MSFT
2023-07-21,349.1499938964844,350.29998779296875,339.8299865722656,343.7699890136719,337.95074462890625,69405400,MSFT
2023-07-24,345.8500061035156,346.9200134277344,342.30999755859375,345.1099853515625,339.2681579589844,26678100,MSFT
2023-07-25,347.1099853515625,351.8900146484375,345.07000732421875,350.9800109863281,345.03875732421875,41637700,MSFT
2023-07-26,341.44000244140625,344.6700134277344,333.1099853515625,337.7699890136719,332.0523681640625,58383700,MSFT
2023-07-27,340.4800109863281,341.3299865722656,329.04998779296875,330.7200012207031,325.12176513671875,39635300,MSFT
2023-07-28,333.6700134277344,340.010009765625,333.1700134277344,338.3699951171875,332.6422119140625,28484900,MSFT
2023-07-31,336.9200134277344,337.70001220703125,333.3599853515625,335.9200134277344,330.2336730957031,25446000,MSFT
2023-08-01,335.19000244140625,338.5400085449219,333.70001220703125,336.3399963378906,330.6465759277344,18311900,MSFT
2023-08-02,333.6300048828125,333.6300048828125,326.3599853515625,327.5,321.9561767578125,27761300,MSFT
2023-08-03,326.0,329.8800048828125,325.95001220703125,326.6600036621094,321.13043212890625,18253700,MSFT
2023-08-04,331.8800048828125,335.1400146484375,327.239990234375,327.7799987792969,322.23150634765625,23741500,MSFT
2023-08-07,328.3699951171875,331.1099853515625,327.5199890136719,330.1099853515625,324.52203369140625,17741500,MSFT
2023-08-08,326.9599914550781,328.75,323.0,326.04998779296875,320.53076171875,22327600,MSFT
2023-08-09,326.4700012207031,327.1099853515625,321.04998779296875,322.2300109863281,316.77545166015625,22373300,MSFT
2023-08-10,326.0199890136719,328.260009765625,321.17999267578125,322.92999267578125,317.4635925292969,20113700,MSFT
2023-08-11,320.260009765625,322.4100036621094,319.2099914550781,321.010009765625,315.5760803222656,24355500,MSFT
2023-08-14,321.3900146484375,324.05999755859375,320.0799865722656,324.0400085449219,318.5548400878906,18836100,MSFT
2023-08-15,323.0,325.0899963378906,320.8999938964844,321.8599853515625,316.41168212890625,16966300,MSFT
2023-08-16,320.79998779296875,324.4200134277344,319.79998779296875,320.3999938964844,315.6432800292969,20698900,MSFT
2023-08-17,320.5400085449219,321.8699951171875,316.2099914550781,316.8800048828125,312.1755065917969,21257200,MSFT
2023-08-18,314.489990234375,318.3800048828125,311.54998779296875,316.4800109863281,311.781494140625,24755000,MSFT
2023-08-21,317.92999267578125,322.7699890136719,317.0400085449219,321.8800048828125,317.1012878417969,24040000,MSFT
2023-08-22,325.5,326.0799865722656,321.4599914550781,322.4599914550781,317.6726989746094,16084600,MSFT
2023-08-23,323.82000732421875,329.20001220703125,323.4599914550781,327.0,322.14532470703125,21166400,MSFT
2023-08-24,332.8500061035156,332.9800109863281,319.9599914550781,319.9700012207031,315.2196350097656,23281400,MSFT
2023-08-25,321.4700012207031,325.3599853515625,318.79998779296875,322.9800109863281,318.1849670410156,21684100,MSFT
2023-08-28,325.6600036621094,326.1499938964844,321.7200012207031,323.70001220703125,318.8942565917969,14808500,MSFT
2023-08-29,321.8800048828125,328.9800109863281,321.8800048828125,328.4100036621094,323.5343933105469,19284600,MSFT
2023-08-30,328.6700134277344,329.80999755859375,326.45001220703125,328.7900085449219,323.9087219238281,15222100,MSFT
2023-08-31,329.20001220703125,330.9100036621094,326.7799987792969,327.760009765625,322.8940734863281,26411000,MSFT
2023-09-01,331.30999755859375,331.989990234375,326.7799987792969,328.6600036621094,323.7806701660156,14942000,MSFT
2023-09-05,329.0,334.8500061035156,328.6600036621094,333.54998779296875,328.5980224609375,18553900,MSFT
2023-09-06,333.3800048828125,334.4599914550781,330.17999267578125,332.8800048828125,327.93798828125,17535800,MSFT
2023-09-07,331.2900085449219,333.0799865722656,329.0299987792969,329.9100036621094,325.0120849609375,18381000,MSFT
2023-09-08,330.0899963378906,336.1600036621094,329.4599914550781,334.2699890136719,329.3073425292969,19530100,MSFT
2023-09-11,337.239990234375,338.4200134277344,335.42999267578125,337.94000244140625,332.9228820800781,16583300,MSFT
2023-09-12,335.82000732421875,336.7900085449219,331.4800109863281,331.7699890136719,326.8444519042969,17565500,MSFT
2023-09-13,331.30999755859375,336.8500061035156,331.1700134277344,336.05999755859375,331.0708312988281,16544400,MSFT
2023-09-14,339.1499938964844,340.8599853515625,336.57000732421875,338.70001220703125,333.6716003417969,20267000,MSFT
2023-09-15,336.9200134277344,337.3999938964844,329.6499938964844,330.2200012207031,325.3174743652344,37679800,MSFT
2023-09-18,327.79998779296875,330.3999938964844,326.3599853515625,329.05999755859375,324.1747131347656,16834200,MSFT
2023-09-19,326.1700134277344,329.3900146484375,324.510009765625,328.6499938964844,323.7707824707031,16505900,MSFT
2023-09-20,329.510009765625,329.5899963378906,320.510009765625,320.7699890136719,316.00775146484375,21436500,MSFT
2023-09-21,319.260009765625,325.3500061035156,315.0,319.5299987792969,314.7862243652344,35560400,MSFT
2023-09-22,321.32000732421875,321.45001220703125,316.1499938964844,317.010009765625,312.3035888671875,21447900,MSFT
2023-09-25,316.5899963378906,317.6700134277344,315.0,317.5400085449219,312.82574462890625,17836000,MSFT
2023-09-26,315.1300048828125,315.8800048828125,310.0199890136719,312.1400146484375,307.50592041015625,26297600,MSFT
2023-09-27,312.29998779296875,314.29998779296875,309.69000244140625,312.7900085449219,308.14630126953125,19410100,MSFT
2023-09-28,310.989990234375,315.4800109863281,309.45001220703125,313.6400146484375,308.9836120605469,19683600,MSFT
2023-09-29,317.75,319.4700012207031,314.9800109863281,315.75,311.0623474121094,24147300,MSFT
2023-10-02,316.2799987792969,321.8900146484375,315.17999267578125,321.79998779296875,317.0224914550781,20570000,MSFT
2023-10-03,320.8299865722656,321.3900146484375,311.2099914550781,313.3900146484375,308.7373962402344,21033500,MSFT
2023-10-04,314.0299987792969,320.0400085449219,314.0,318.9599914550781,314.224609375,20720100,MSFT
2023-10-05,319.0899963378906,319.9800109863281,314.8999938964844,319.3599853515625,314.61871337890625,16965600,MSFT
2023-10-06,316.54998779296875,329.19000244140625,316.29998779296875,327.260009765625,322.40142822265625,25673600,MSFT
2023-10-09,324.75,330.29998779296875,323.17999267578125,329.82000732421875,324.9234619140625,19891200,MSFT
2023-10-10,330.9599914550781,331.1000061035156,327.6700134277344,328.3900146484375,323.5146789550781,20557100,MSFT
2023-10-11,331.2099914550781,332.82000732421875,329.1400146484375,332.4200134277344,327.48480224609375,20063200,MSFT
2023-10-12,330.57000732421875,333.6300048828125,328.7200012207031,331.1600036621094,326.2434997558594,19313100,MSFT
2023-10-13,332.3800048828125,333.8299865722656,326.3599853515625,327.7300109863281,322.86444091796875,21072400,MSFT
2023-10-16,331.04998779296875,336.1400146484375,330.6000061035156,332.6400146484375,327.7015380859375,22158000,MSFT
2023-10-17,329.5899963378906,333.4599914550781,327.4100036621094,332.05999755859375,327.1301574707031,18338500,MSFT
2023-10-18,332.489990234375,335.5899963378906,328.29998779296875,330.1099853515625,325.2090759277344,23153600,MSFT
2023-10-19,332.1499938964844,336.8800048828125,330.9100036621094,331.32000732421875,326.4012145996094,25052100,MSFT
2023-10-20,331.7200012207031,331.9200134277344,325.45001220703125,326.6700134277344,321.8201599121094,25027700,MSFT
2023-10-23,325.4700012207031,332.7300109863281,324.3900146484375,329.32000732421875,324.4308166503906,24374700,MSFT
2023-10-24,331.29998779296875,331.8399963378906,327.6000061035156,330.5299987792969,325.62286376953125,31153600,MSFT
2023-10-25,345.0199890136719,346.20001220703125,337.6199951171875,340.6700134277344,335.61236572265625,55053800,MSFT
2023-10-26,340.5400085449219,341.6300048828125,326.94000244140625,327.8900146484375,323.0221252441406,37828500,MSFT
2023-10-27,330.42999267578125,336.7200012207031,328.3999938964844,329.80999755859375,324.9135437011719,29856500,MSFT
2023-10-30,333.4100036621094,339.45001220703125,331.8299865722656,337.30999755859375,332.30224609375,22828100,MSFT
2023-10-31,338.8500061035156,339.0,334.69000244140625,338.1099853515625,333.0903015136719,20265300,MSFT
2023-11-01,339.7900085449219,347.4200134277344,339.6499938964844,346.07000732421875,340.9321594238281,28158800,MSFT
2023-11-02,347.239990234375,348.8299865722656,344.7699890136719,348.32000732421875,343.1487731933594,24348100,MSFT
2023-11-03,349.6300048828125,354.3900146484375,347.3299865722656,352.79998779296875,347.5622253417969,23637700,MSFT
2023-11-06,353.45001220703125,357.5400085449219,353.3500061035156,356.5299987792969,351.2369079589844,23828300,MSFT
2023-11-07,359.3999938964844,362.4599914550781,357.6300048828125,360.5299987792969,355.1775207519531,25833900,MSFT
2023-11-08,361.67999267578125,363.8699951171875,360.54998779296875,363.20001220703125,357.8078308105469,26767800,MSFT
2023-11-09,362.29998779296875,364.7900085449219,360.3599853515625,360.69000244140625,355.33514404296875,24847300,MSFT
2023-11-10,361.489990234375,370.1000061035156,361.07000732421875,369.6700134277344,364.18182373046875,28042100,MSFT
2023-11-13,368.2200012207031,368.4700012207031,365.8999938964844,366.67999267578125,361.2362060546875,19986500,MSFT
2023-11-14,371.010009765625,371.95001220703125,367.3500061035156,370.2699890136719,364.77288818359375,27683900,MSFT
2023-11-15,371.2799987792969,373.1300048828125,367.1099853515625,369.6700134277344,364.92095947265625,26860100,MSFT
2023-11-16,370.9599914550781,376.3500061035156,370.17999267578125,376.1700134277344,371.33746337890625,27182300,MSFT
2023-11-17,373.6099853515625,374.3699951171875,367.0,369.8500061035156,365.0986328125,40157000,MSFT
2023-11-20,371.2200012207031,378.8699951171875,371.0,377.44000244140625,372.5911560058594,52465100,MSFT
2023-11-21,375.6700134277344,376.2200012207031,371.1199951171875,373.07000732421875,368.27728271484375,28423100,MSFT
2023-11-22,378.0,379.7900085449219,374.9700012207031,377.8500061035156,372.99591064453125,23345300,MSFT
2023-11-24,377.3299865722656,377.9700012207031,375.1400146484375,377.42999267578125,372.5812683105469,10176600,MSFT
2023-11-27,376.7799987792969,380.6400146484375,376.20001220703125,378.6099853515625,373.74609375,22179200,MSFT
2023-11-28,378.3500061035156,383.0,378.1600036621094,382.70001220703125,377.7835998535156,20453100,MSFT
2023-11-29,383.760009765625,384.29998779296875,377.44000244140625,378.8500061035156,373.9830017089844,28963400,MSFT
2023-11-30,378.489990234375,380.0899963378906,375.4700012207031,378.9100036621094,374.04229736328125,30554400,MSFT
2023-12-01,376.760009765625,378.1600036621094,371.30999755859375,374.510009765625,369.6988220214844,33040500,MSFT
2023-12-04,369.1000061035156,369.5199890136719,362.8999938964844,369.1400146484375,364.3977966308594,32063300,MSFT
2023-12-05,366.45001220703125,373.0799865722656,365.6199951171875,372.5199890136719,367.73431396484375,23065000,MSFT
2023-12-06,373.5400085449219,374.17999267578125,368.0299987792969,368.79998779296875,364.0621032714844,21182100,MSFT
2023-12-07,368.2300109863281,371.45001220703125,366.32000732421875,370.95001220703125,366.1845397949219,23118900,MSFT
2023-12-08,369.20001220703125,374.4599914550781,368.2300109863281,374.2300109863281,369.4223937988281,20154400,MSFT
2023-12-11,368.4800109863281,371.6000061035156,366.1000061035156,371.29998779296875,366.5300598144531,27708800,MSFT
2023-12-12,370.8500061035156,374.4200134277344,370.4599914550781,374.3800048828125,369.57049560546875,24838300,MSFT
2023-12-13,376.0199890136719,377.6400146484375,370.7699890136719,374.3699951171875,369.5605773925781,30955500,MSFT
2023-12-14,373.30999755859375,373.760009765625,364.1300048828125,365.92999267578125,361.2290344238281,43277500,MSFT
2023-12-15,366.8500061035156,372.3999938964844,366.2799987792969,370.7300109863281,365.9673156738281,78502300,MSFT
2023-12-18,369.45001220703125,373.0,368.67999267578125,372.6499938964844,367.8627014160156,21802900,MSFT
2023-12-19,371.489990234375,373.260009765625,369.8399963378906,373.260009765625,368.46484375,20603700,MSFT
2023-12-20,375.0,376.0299987792969,370.5299987792969,370.6199951171875,365.8587646484375,26316700,MSFT
2023-12-21,372.55999755859375,374.4100036621094,370.0400085449219,373.5400085449219,368.7412414550781,17708000,MSFT
2023-12-22,373.67999267578125,375.17999267578125,372.7099914550781,374.5799865722656,369.7678527832031,17107500,MSFT
2023-12-26,375.0,376.94000244140625,373.5,374.6600036621094,369.84686279296875,12673100,MSFT
2023-12-27,373.69000244140625,375.05999755859375,372.80999755859375,374.07000732421875,369.2644348144531,14905400,MSFT
2023-12-28,375.3699951171875,376.4599914550781,374.1600036621094,375.2799987792969,370.4588928222656,14327000,MSFT
2023-12-29,376.0,377.1600036621094,373.4800109863281,376.0400085449219,371.2091369628906,18730800,MSFT
2024-01-02,373.8599853515625,375.8999938964844,366.7699890136719,370.8699951171875,366.1055603027344,25258600,MSFT
2024-01-03,369.010009765625,373.260009765625,368.510009765625,370.6000061035156,365.8390197753906,23083500,MSFT
2024-01-04,370.6700134277344,373.1000061035156,367.1700134277344,367.94000244140625,363.2131652832031,20901500,MSFT
2024-01-05,368.9700012207031,372.05999755859375,366.5,367.75,363.025634765625,21004600,MSFT
2024-01-08,369.29998779296875,375.20001220703125,369.010009765625,374.69000244140625,369.8764953613281,23134000,MSFT
2024-01-09,372.010009765625,375.989990234375,371.19000244140625,375.7900085449219,370.96234130859375,20830000,MSFT
2024-01-10,376.3699951171875,384.1700134277344,376.32000732421875,382.7699890136719,377.8526306152344,25514200,MSFT
2024-01-11,386.0,390.67999267578125,380.3800048828125,384.6300048828125,379.68878173828125,27850800,MSFT
2024-01-12,385.489990234375,388.67999267578125,384.6499938964844,388.4700012207031,383.47943115234375,21661200,MSFT
2024-01-16,393.6600036621094,394.0299987792969,387.6199951171875,390.2699890136719,385.2563171386719,27202300,MSFT
2024-01-17,387.9800109863281,390.1099853515625,384.80999755859375,389.4700012207031,384.4666442871094,22234100,MSFT
2024-01-18,391.7200012207031,393.989990234375,390.1199951171875,393.8699951171875,388.8100280761719,23392100,MSFT
2024-01-19,395.760009765625,398.6700134277344,393.5,398.6700134277344,393.54840087890625,29331100,MSFT
2024-01-22,400.0199890136719,400.6199951171875,393.5899963378906,396.510009765625,391.4161682128906,27016900,MSFT
2024-01-23,395.75,399.3800048828125,393.92999267578125,398.8999938964844,393.77545166015625,20525900,MSFT
2024-01-24,401.5400085449219,405.6300048828125,400.45001220703125,402.55999755859375,397.388427734375,24867000,MSFT
2024-01-25,404.32000732421875,407.010009765625,402.5299987792969,404.8699951171875,399.66876220703125,21021200,MSFT
2024-01-26,404.3699951171875,406.1700134277344,402.42999267578125,403.92999267578125,398.7408142089844,17803300,MSFT
2024-01-29,406.05999755859375,409.9800109863281,404.3299865722656,409.7200012207031,404.4564514160156,24510200,MSFT
2024-01-30,412.260009765625,413.04998779296875,406.45001220703125,408.5899963378906,403.3409729003906,33477600,MSFT
2024-01-31,406.9599914550781,415.32000732421875,397.2099914550781,397.5799865722656,392.472412109375,47871100,MSFT
2024-02-01,401.8299865722656,408.0,401.79998779296875,403.7799987792969,398.5927734375,30657700,MSFT
2024-02-02,403.80999755859375,412.6499938964844,403.55999755859375,411.2200012207031,405.9371643066406,28256700,MSFT
2024-02-05,409.8999938964844,411.1600036621094,403.989990234375,405.6499938964844,400.43878173828125,25352300,MSFT
2024-02-06,405.8800048828125,407.9700012207031,402.9100036621094,405.489990234375,400.28076171875,18382600,MSFT
2024-02-07,407.44000244140625,414.29998779296875,407.3999938964844,414.04998779296875,408.7308044433594,22340500,MSFT
2024-02-08,414.04998779296875,415.55999755859375,412.5299987792969,414.1099853515625,408.7900390625,21225300,MSFT
2024-02-09,415.25,420.82000732421875,415.0899963378906,420.54998779296875,415.1473388671875,22032800,MSFT
2024-02-12,420.55999755859375,420.739990234375,414.75,415.260009765625,409.92529296875,21202900,MSFT
2024-02-13,404.94000244140625,410.07000732421875,403.3900146484375,406.32000732421875,401.10015869140625,27824900,MSFT
2024-02-14,408.07000732421875,409.8399963378906,404.57000732421875,409.489990234375,404.9769287109375,20401200,MSFT
2024-02-15,408.1400146484375,409.1300048828125,404.2900085449219,406.55999755859375,402.0792236328125,21825500,MSFT
2024-02-16,407.9599914550781,408.2900085449219,403.44000244140625,404.05999755859375,399.6068115234375,22296500,MSFT
2024-02-20,403.239990234375,404.489990234375,398.010009765625,402.7900085449219,398.35076904296875,24307900,MSFT
2024-02-21,400.1700134277344,402.2900085449219,397.2200012207031,402.17999267578125,397.7474670410156,18518900,MSFT
2024-02-22,410.19000244140625,412.8299865722656,408.57000732421875,411.6499938964844,407.1131286621094,27009900,MSFT
2024-02-23,415.6700134277344,415.8599853515625,408.9700012207031,410.3399963378906,405.8175354003906,16295900,MSFT
2024-02-26,411.4599914550781,412.1600036621094,407.3599853515625,407.5400085449219,403.0484313964844,16193500,MSFT
2024-02-27,407.989990234375,408.32000732421875,403.8500061035156,407.4800109863281,402.9891052246094,14835800,MSFT
2024-02-28,408.17999267578125,409.29998779296875,405.32000732421875,407.7200012207031,403.2264404296875,13183100,MSFT
2024-02-29,408.6400146484375,414.20001220703125,405.9200134277344,413.6400146484375,409.0812072753906,31947300,MSFT
2024-03-01,411.2699890136719,415.8699951171875,410.8800048828125,415.5,410.9206848144531,17823400,MSFT
2024-03-04,413.44000244140625,417.3500061035156,412.32000732421875,414.9200134277344,410.34710693359375,17596000,MSFT
2024-03-05,413.9599914550781,414.25,400.6400146484375,402.6499938964844,398.21234130859375,26919200,MSFT
2024-03-06,402.9700012207031,405.1600036621094,398.3900146484375,402.0899963378906,397.658447265625,22344100,MSFT
2024-03-07,406.1199951171875,409.7799987792969,402.239990234375,409.1400146484375,404.6308288574219,18718500,MSFT
2024-03-08,407.9599914550781,410.4200134277344,404.3299865722656,406.2200012207031,401.7429504394531,18002200,MSFT
2024-03-11,403.760009765625,405.67999267578125,401.260009765625,404.5199890136719,400.06170654296875,16120800,MSFT
2024-03-12,407.6199951171875,415.57000732421875,406.7900085449219,415.2799987792969,410.703125,22457000,MSFT
2024-03-13,418.1000061035156,418.17999267578125,411.45001220703125,415.1000061035156,410.5251159667969,17115900,MSFT
2024-03-14,420.239990234375,427.82000732421875,417.989990234375,425.2200012207031,420.5335388183594,34157300,MSFT
2024-03-15,419.2900085449219,422.6000061035156,412.7900085449219,416.4200134277344,411.8305358886719,45079900,MSFT
2024-03-18,414.25,420.7300109863281,413.7799987792969,417.32000732421875,412.72064208984375,20106000,MSFT
2024-03-19,417.8299865722656,421.6700134277344,415.54998779296875,421.4100036621094,416.76556396484375,19837900,MSFT
2024-03-20,422.0,425.9599914550781,420.6600036621094,425.2300109863281,420.5434875488281,17860100,MSFT
2024-03-21,429.8299865722656,430.82000732421875,427.1600036621094,429.3699951171875,424.6378173828125,21296200,MSFT
2024-03-22,429.70001220703125,429.8599853515625,426.07000732421875,428.739990234375,424.0147705078125,17648500,MSFT
2024-03-25,425.239990234375,427.4100036621094,421.6099853515625,422.8599853515625,418.19952392578125,18060500,MSFT
2024-03-26,425.6099853515625,425.989990234375,421.3500061035156,421.6499938964844,417.00286865234375,16725600,MSFT
2024-03-27,424.44000244140625,424.45001220703125,419.010009765625,421.42999267578125,416.78533935546875,16705000,MSFT
2024-03-28,420.9599914550781,421.8699951171875,419.1199951171875,420.7200012207031,416.0831604003906,21871200,MSFT
2024-04-01,423.95001220703125,427.8900146484375,422.2200012207031,424.57000732421875,419.8907470703125,16316000,MSFT
2024-04-02,420.1099853515625,422.3800048828125,417.8399963378906,421.44000244140625,416.7951965332031,17912000,MSFT
2024-04-03,419.7300109863281,423.260009765625,419.0899963378906,420.45001220703125,415.8161315917969,16502300,MSFT
2024-04-04,424.989990234375,428.6700134277344,417.57000732421875,417.8800048828125,413.2745056152344,19370900,MSFT
2024-04-05,420.010009765625,426.510009765625,418.32000732421875,425.5199890136719,420.83026123046875,16554800,MSFT
2024-04-08,425.1700134277344,427.2799987792969,423.29998779296875,424.5899963378906,419.9104919433594,14272400,MSFT
2024-04-09,426.44000244140625,427.739990234375,421.6199951171875,426.2799987792969,421.5819091796875,12496900,MSFT
2024-04-10,422.19000244140625,424.0299987792969,419.70001220703125,423.260009765625,418.5951843261719,16216600,MSFT
2024-04-11,425.82000732421875,429.3699951171875,422.3599853515625,427.92999267578125,423.21368408203125,17966400,MSFT
2024-04-12,424.04998779296875,425.17999267578125,419.7699890136719,421.8999938964844,417.2501220703125,19253800,MSFT
2024-04-15,426.6000061035156,426.82000732421875,413.42999267578125,413.6400146484375,409.0812072753906,20273500,MSFT
2024-04-16,414.57000732421875,418.3999938964844,413.7300109863281,414.5799865722656,410.01080322265625,16765600,MSFT
2024-04-17,417.25,418.8800048828125,410.3299865722656,411.8399963378906,407.301025390625,15855500,MSFT
2024-04-18,410.6300048828125,411.8900146484375,403.95001220703125,404.2699890136719,399.8144226074219,21029900,MSFT
2024-04-19,404.0299987792969,405.4800109863281,397.7699890136719,399.1199951171875,394.7212219238281,30565800,MSFT
2024-04-22,400.0799865722656,402.8500061035156,395.75,400.9599914550781,396.5409240722656,20286900,MSFT
2024-04-23,404.239990234375,408.20001220703125,403.05999755859375,407.57000732421875,403.078125,15734500,MSFT
2024-04-24,409.55999755859375,412.4700012207031,406.7799987792969,409.05999755859375,404.5516357421875,15065300,MSFT
2024-04-25,394.0299987792969,399.8900146484375,388.0299987792969,399.0400085449219,394.6421203613281,40586500,MSFT
2024-04-26,412.1700134277344,413.0,405.760009765625,406.32000732421875,401.8418884277344,29694700,MSFT
2024-04-29,405.25,406.32000732421875,399.19000244140625,402.25,397.81671142578125,19582100,MSFT
2024-04-30,401.489990234375,402.1600036621094,389.1700134277344,389.3299865722656,385.03912353515625,28781400,MSFT
2024-05-01,392.6099853515625,401.7200012207031,390.30999755859375,394.94000244140625,390.5872497558594,23562500,MSFT
2024-05-02,397.6600036621094,399.92999267578125,394.6499938964844,397.8399963378906,393.455322265625,17709400,MSFT
2024-05-03,402.2799987792969,407.1499938964844,401.8599853515625,406.6600036621094,402.1781311035156,17446700,MSFT
2024-05-06,408.760009765625,413.92999267578125,406.3699951171875,413.5400085449219,408.9822998046875,16996600,MSFT
2024-05-07,414.6600036621094,414.6700134277344,409.0899963378906,409.3399963378906,404.82861328125,20018200,MSFT
2024-05-08,408.1700134277344,412.2300109863281,406.7099914550781,410.5400085449219,406.0153503417969,11792300,MSFT
2024-05-09,410.57000732421875,412.7200012207031,409.1000061035156,412.32000732421875,407.7757263183594,14689700,MSFT
2024-05-10,412.94000244140625,415.3800048828125,411.79998779296875,414.739990234375,410.1690979003906,13402300,MSFT
2024-05-13,418.010009765625,418.3500061035156,410.82000732421875,413.7200012207031,409.1603088378906,15440200,MSFT
2024-05-14,412.0199890136719,417.489990234375,411.54998779296875,416.55999755859375,411.968994140625,15109300,MSFT
2024-05-15,417.8999938964844,423.80999755859375,417.2699890136719,423.0799865722656,419.171875,22239500,MSFT
2024-05-16,421.79998779296875,425.4200134277344,420.3500061035156,420.989990234375,417.1011657714844,17530100,MSFT
2024-05-17,422.5400085449219,422.9200134277344,418.0299987792969,420.2099914550781,416.328369140625,15352200,MSFT
2024-05-20,420.2099914550781,426.7699890136719,419.989990234375,425.3399963378906,421.41094970703125,16272100,MSFT
2024-05-21,426.8299865722656,432.9700012207031,424.8500061035156,429.0400085449219,425.07684326171875,21453300,MSFT
2024-05-22,430.0899963378906,432.4100036621094,427.1300048828125,430.5199890136719,426.5431213378906,18073700,MSFT
2024-05-23,432.9700012207031,433.6000061035156,425.4200134277344,427.0,423.0556640625,17211700,MSFT
2024-05-24,427.19000244140625,431.05999755859375,424.4100036621094,430.1600036621094,426.18646240234375,11855300,MSFT
2024-05-28,429.6300048828125,430.82000732421875,426.6000061035156,430.32000732421875,426.3450012207031,15718000,MSFT
2024-05-29,425.69000244140625,430.94000244140625,425.69000244140625,429.1700134277344,425.2055969238281,15517100,MSFT
2024-05-30,424.29998779296875,424.29998779296875,414.239990234375,414.6700134277344,410.83953857421875,28394500,MSFT
2024-05-31,416.75,416.75,404.510009765625,415.1300048828125,411.2953186035156,47995300,MSFT
2024-06-03,415.5299987792969,416.42999267578125,408.9200134277344,413.5199890136719,409.7001953125,17484700,MSFT
2024-06-04,412.42999267578125,416.44000244140625,409.67999267578125,416.07000732421875,412.2266540527344,14348900,MSFT
2024-06-05,417.80999755859375,424.0799865722656,416.29998779296875,424.010009765625,420.09326171875,16988000,MSFT
2024-06-06,424.010009765625,425.30999755859375,420.5799865722656,424.5199890136719,420.5985412597656,14861300,MSFT
2024-06-07,426.20001220703125,426.2799987792969,423.0,423.8500061035156,419.9347839355469,13621700,MSFT
2024-06-10,424.70001220703125,428.0799865722656,423.8900146484375,427.8699951171875,423.9176330566406,13982900,MSFT
2024-06-11,425.4800109863281,432.82000732421875,425.25,432.67999267578125,428.68316650390625,14551100,MSFT
2024-06-12,435.32000732421875,443.3999938964844,433.25,441.05999755859375,436.9857482910156,22366200,MSFT
2024-06-13,440.8500061035156,443.3900146484375,439.3699951171875,441.5799865722656,437.5009765625,15960600,MSFT
2024-06-14,438.2799987792969,443.1400146484375,436.7200012207031,442.57000732421875,438.4818420410156,13582000,MSFT
2024-06-17,442.5899963378906,450.94000244140625,440.7200012207031,448.3699951171875,444.228271484375,20790000,MSFT
2024-06-18,449.7099914550781,450.1400146484375,444.8900146484375,446.3399963378906,442.2170104980469,17112500,MSFT
2024-06-20,446.29998779296875,446.5299987792969,441.2699890136719,445.70001220703125,441.5829162597656,19877400,MSFT
2024-06-21,447.3800048828125,450.5799865722656,446.510009765625,449.7799987792969,445.6252136230469,34187100,MSFT
2024-06-24,449.79998779296875,452.75,446.4100036621094,447.6700134277344,443.53472900390625,15913700,MSFT
2024-06-25,448.25,451.4200134277344,446.75,450.95001220703125,446.784423828125,16413400,MSFT
2024-06-26,449.0,453.6000061035156,448.19000244140625,452.1600036621094,447.9832458496094,16507000,MSFT
2024-06-27,452.17999267578125,456.1700134277344,451.7699890136719,452.8500061035156,448.6668701171875,14806300,MSFT
2024-06-28,453.07000732421875,455.3800048828125,446.4100036621094,446.95001220703125,442.82135009765625,28362300,MSFT
2024-07-01,448.6600036621094,457.3699951171875,445.6600036621094,456.7300109863281,452.51104736328125,17662800,MSFT
2024-07-02,453.20001220703125,459.5899963378906,453.1099853515625,459.2799987792969,455.0374450683594,13979800,MSFT
2024-07-03,458.19000244140625,461.0199890136719,457.8800048828125,460.7699890136719,456.5137023925781,9932800,MSFT
2024-07-05,459.6099853515625,468.3500061035156,458.9700012207031,467.55999755859375,463.240966796875,16000300,MSFT
2024-07-08,466.54998779296875,467.70001220703125,464.4599914550781,466.239990234375,461.93316650390625,12962300,MSFT
2024-07-09,467.0,467.3299865722656,458.0,459.5400085449219,455.2950744628906,17207200,MSFT
2024-07-10,461.2200012207031,466.4599914550781,458.8599853515625,466.25,461.943115234375,18196100,MSFT
2024-07-11,462.9800109863281,464.7799987792969,451.54998779296875,454.70001220703125,450.499755859375,23111200,MSFT
2024-07-12,454.3299865722656,456.3599853515625,450.6499938964844,453.54998779296875,449.36041259765625,16324300,MSFT
2024-07-15,453.29998779296875,457.260009765625,451.42999267578125,453.9599914550781,449.7666320800781,14429400,MSFT
2024-07-16,454.2200012207031,454.29998779296875,446.6600036621094,449.5199890136719,445.36761474609375,17175700,MSFT
2024-07-17,442.5899963378906,444.8500061035156,439.17999267578125,443.5199890136719,439.4230651855469,21778000,MSFT
2024-07-18,444.3399963378906,444.6499938964844,434.3999938964844,440.3699951171875,436.3021545410156,20794800,MSFT
2024-07-19,433.1000061035156,441.1400146484375,432.0,437.1099853515625,433.072265625,20940400,MSFT
2024-07-22,441.7900085449219,444.6000061035156,438.9100036621094,442.94000244140625,438.8484191894531,15808800,MSFT
2024-07-23,443.8999938964844,448.3900146484375,443.1000061035156,444.8500061035156,440.74078369140625,13107100,MSFT
2024-07-24,440.45001220703125,441.4800109863281,427.5899963378906,428.8999938964844,424.9381103515625,26805800,MSFT
2024-07-25,428.79998779296875,429.79998779296875,417.510009765625,418.3999938964844,414.5351257324219,29943800,MSFT
2024-07-26,418.20001220703125,428.9200134277344,417.2699890136719,425.2699890136719,421.34161376953125,23583800,MSFT
2024-07-29,431.5799865722656,432.1499938964844,424.70001220703125,426.7300109863281,422.7881774902344,15125800,MSFT
2024-07-30,427.7200012207031,429.04998779296875,417.3599853515625,422.9200134277344,419.0133056640625,32687600,MSFT
2024-07-31,420.5,421.7799987792969,412.2099914550781,418.3500061035156,414.485595703125,42891400,MSFT
2024-08-01,420.7900085449219,427.4599914550781,413.0899963378906,417.1099853515625,413.2569885253906,30296400,MSFT
2024-08-02,412.489990234375,415.0,404.3399963378906,408.489990234375,404.71661376953125,29437900,MSFT
2024-08-05,389.1700134277344,401.0400085449219,385.5799865722656,395.1499938964844,391.4998474121094,40709200,MSFT
2024-08-06,400.0,405.6700134277344,398.5,399.6099853515625,395.9186706542969,24946500,MSFT
2024-08-07,408.6400146484375,410.0799865722656,397.4700012207031,398.42999267578125,394.7495422363281,20650900,MSFT
2024-08-08,402.44000244140625,405.8599853515625,399.94000244140625,402.69000244140625,398.97021484375,20203000,MSFT
2024-08-09,404.0299987792969,408.04998779296875,402.260009765625,406.0199890136719,402.26947021484375,19276700,MSFT
2024-08-12,407.05999755859375,408.760009765625,404.239990234375,406.80999755859375,403.05218505859375,16762900,MSFT
2024-08-13,409.5899963378906,414.95001220703125,409.57000732421875,414.010009765625,410.1856689453125,19414300,MSFT
2024-08-14,414.79998779296875,417.7200012207031,412.45001220703125,416.8599853515625,413.0093078613281,18267000,MSFT
2024-08-15,419.79998779296875,421.1099853515625,417.6600036621094,421.0299987792969,417.8926696777344,20752100,MSFT
2024-08-16,420.6000061035156,421.3399963378906,417.29998779296875,418.4700012207031,415.35174560546875,22775600,MSFT
2024-08-19,418.9599914550781,421.75,416.4599914550781,421.5299987792969,418.388916015625,15234000,MSFT
2024-08-20,421.70001220703125,425.8599853515625,421.6400146484375,424.79998779296875,421.63458251953125,16387600,MSFT
2024-08-21,424.0799865722656,426.3999938964844,421.7200012207031,424.1400146484375,420.9794921875,16067300,MSFT
2024-08-22,424.3599853515625,426.7900085449219,414.6099853515625,415.54998779296875,412.4534606933594,19361900,MSFT
2024-08-23,416.9800109863281,419.260009765625,412.0899963378906,416.7900085449219,413.68426513671875,18493800,MSFT
2024-08-26,416.3699951171875,417.2799987792969,411.3399963378906,413.489990234375,410.40887451171875,13152800,MSFT
2024-08-27,412.8599853515625,414.3599853515625,410.25,413.8399963378906,410.7562561035156,13492900,MSFT
2024-08-28,414.8800048828125,415.0,407.30999755859375,410.6000061035156,407.5403747558594,14882700,MSFT
2024-08-29,414.94000244140625,422.04998779296875,410.6000061035156,413.1199951171875,410.0415954589844,17045200,MSFT
2024-08-30,415.6000061035156,417.489990234375,412.1300048828125,417.1400146484375,414.0316467285156,24308300,MSFT
2024-09-03,417.9100036621094,419.8800048828125,407.0299987792969,409.44000244140625,406.3890380859375,20313600,MSFT
2024-09-04,405.9100036621094,411.239990234375,404.3699951171875,408.8999938964844,405.85302734375,15135800,MSFT
2024-09-05,407.6199951171875,413.1000061035156,406.1300048828125,408.3900146484375,405.3468933105469,14195500,MSFT
2024-09-06,409.05999755859375,410.6499938964844,400.79998779296875,401.70001220703125,398.70672607421875,19609500,MSFT
2024-09-09,407.239990234375,408.6499938964844,402.1499938964844,405.7200012207031,402.6967468261719,15295100,MSFT
2024-09-10,408.20001220703125,416.3299865722656,407.70001220703125,414.20001220703125,411.11358642578125,19594300,MSFT
2024-09-11,415.5,423.989990234375,409.5799865722656,423.0400085449219,419.8876953125,19266900,MSFT
2024-09-12,423.30999755859375,427.3699951171875,419.75,427.0,423.81817626953125,17395700,MSFT
2024-09-13,425.8299865722656,431.8299865722656,425.4599914550781,430.5899963378906,427.38140869140625,15874600,MSFT
2024-09-16,430.6000061035156,433.5299987792969,428.2200012207031,431.3399963378906,428.1258239746094,13834700,MSFT
2024-09-17,440.2300109863281,441.8500061035156,432.2699890136719,435.1499938964844,431.9074401855469,18874200,MSFT
2024-09-18,435.0,436.0299987792969,430.4100036621094,430.80999755859375,427.59979248046875,18898000,MSFT
2024-09-19,441.2300109863281,441.5,436.8999938964844,438.69000244140625,435.4210510253906,21706600,MSFT
2024-09-20,437.2200012207031,439.239990234375,434.2200012207031,435.2699890136719,432.02655029296875,55167100,MSFT
2024-09-23,434.2799987792969,436.4599914550781,430.3900146484375,433.510009765625,430.2796936035156,15128900,MSFT
2024-09-24,433.0,433.3500061035156,426.1000061035156,429.1700134277344,425.9720153808594,17015800,MSFT
2024-09-25,429.8299865722656,433.1199951171875,428.57000732421875,432.1099853515625,428.89007568359375,13396400,MSFT
2024-09-26,435.0899963378906,435.29998779296875,429.1300048828125,431.30999755859375,428.0960388183594,14492000,MSFT
2024-09-27,431.5199890136719,431.8500061035156,427.4700012207031,428.0199890136719,424.8305358886719,14896100,MSFT
2024-09-30,428.2099914550781,430.4200134277344,425.3699951171875,430.29998779296875,427.0935363769531,16807300,MSFT
2024-10-01,428.45001220703125,428.4800109863281,418.80999755859375,420.69000244140625,417.55517578125,19092900,MSFT
2024-10-02,422.5799865722656,422.82000732421875,416.7099914550781,417.1300048828125,414.0217590332031,16582300,MSFT
2024-10-03,417.6300048828125,419.54998779296875,414.2900085449219,416.5400085449219,413.4361267089844,13686400,MSFT
2024-10-04,418.239990234375,419.75,414.9700012207031,416.05999755859375,412.959716796875,19169700,MSFT
2024-10-07,416.0,417.1099853515625,409.0,409.5400085449219,406.4883117675781,20919800,MSFT
2024-10-08,410.8999938964844,415.6600036621094,408.1700134277344,414.7099914550781,411.6197509765625,19229300,MSFT
2024-10-09,415.8599853515625,420.3800048828125,414.29998779296875,417.4599914550781,414.3492431640625,14974300,MSFT
2024-10-10,415.2300109863281,417.3500061035156,413.1499938964844,415.8399963378906,412.7413330078125,13848400,MSFT
2024-10-11,416.1400146484375,417.1300048828125,413.25,416.32000732421875,413.2177734375,14144900,MSFT
2024-10-14,417.7699890136719,424.0400085449219,417.5199890136719,419.1400146484375,416.0167541503906,16653100,MSFT
2024-10-15,422.17999267578125,422.4800109863281,415.260009765625,418.739990234375,415.6197204589844,18900200,MSFT
2024-10-16,415.1700134277344,416.3599853515625,410.4800109863281,416.1199951171875,413.0192565917969,15508900,MSFT
2024-10-17,422.3599853515625,422.5,415.5899963378906,416.7200012207031,413.61480712890625,14820000,MSFT
2024-10-18,417.1400146484375,419.6499938964844,416.260009765625,418.1600036621094,415.04400634765625,17145300,MSFT
2024-10-21,416.1199951171875,418.9599914550781,413.75,418.7799987792969,415.659423828125,14206100,MSFT
2024-10-22,418.489990234375,430.5799865722656,418.0400085449219,427.510009765625,424.32440185546875,25482200,MSFT
2024-10-23,430.8599853515625,431.0799865722656,422.5299987792969,424.6000061035156,421.43609619140625,19654400,MSFT
2024-10-24,425.3299865722656,425.9800109863281,422.3999938964844,424.7300109863281,421.5650939941406,13581600,MSFT
2024-10-25,426.760009765625,432.5199890136719,426.57000732421875,428.1499938964844,424.9595947265625,16899100,MSFT
2024-10-28,431.6600036621094,431.94000244140625,426.29998779296875,426.5899963378906,423.4112548828125,14882400,MSFT
2024-10-29,428.0,433.1700134277344,425.79998779296875,431.95001220703125,428.7313232421875,17644100,MSFT
2024-10-30,437.44000244140625,438.5,432.1000061035156,432.5299987792969,429.3069763183594,29749100,MSFT
2024-10-31,415.3599853515625,416.1600036621094,406.29998779296875,406.3500061035156,403.3220520019531,53971000,MSFT
2024-11-01,409.010009765625,415.5,407.5,410.3699951171875,407.31207275390625,24230400,MSFT
2024-11-04,409.79998779296875,410.4200134277344,405.57000732421875,408.4599914550781,405.4162902832031,19672300,MSFT
2024-11-05,408.3699951171875,414.8999938964844,408.0799865722656,411.4599914550781,408.3939514160156,17626000,MSFT
2024-11-06,412.4200134277344,420.45001220703125,410.5199890136719,420.17999267578125,417.0489807128906,26681800,MSFT
2024-11-07,421.2799987792969,426.8500061035156,419.8800048828125,425.42999267578125,422.2598876953125,19901800,MSFT
2024-11-08,425.32000732421875,426.5,421.7799987792969,422.5400085449219,419.39141845703125,16891400,MSFT
2024-11-11,422.5199890136719,424.80999755859375,416.0,418.010009765625,414.8951721191406,24503300,MSFT
2024-11-12,418.25,424.44000244140625,417.20001220703125,423.0299987792969,419.87774658203125,19401200,MSFT
2024-11-13,421.6400146484375,429.3299865722656,418.2099914550781,425.20001220703125,422.0316162109375,21502200,MSFT
2024-11-14,425.0,428.1700134277344,420.0,426.8900146484375,423.7090148925781,30246900,MSFT
2024-11-15,419.82000732421875,422.79998779296875,413.6400146484375,415.0,411.9076232910156,28247600,MSFT
2024-11-18,414.8699951171875,418.3999938964844,412.1000061035156,415.760009765625,412.66192626953125,24727000,MSFT
2024-11-19,413.1099853515625,417.94000244140625,411.54998779296875,417.7900085449219,414.67681884765625,18133500,MSFT
2024-11-20,416.8699951171875,417.2900085449219,410.5799865722656,415.489990234375,412.3939514160156,19191700,MSFT
2024-11-21,419.5,419.7799987792969,410.2900085449219,412.8699951171875,410.6137390136719,20780200,MSFT
2024-11-22,411.3699951171875,417.3999938964844,411.05999755859375,417.0,414.7211608886719,24814600,MSFT
2024-11-25,418.3800048828125,421.0799865722656,414.8500061035156,418.7900085449219,416.5013732910156,27691100,MSFT
2024-11-26,419.5899963378906,429.0400085449219,418.8500061035156,427.989990234375,425.6510925292969,23458900,MSFT
2024-11-27,425.1099853515625,427.2300109863281,422.0199890136719,422.989990234375,420.67840576171875,18332400,MSFT
2024-11-29,420.0899963378906,424.8800048828125,417.79998779296875,423.4599914550781,421.1458435058594,16271900,MSFT
2024-12-02,421.57000732421875,433.0,421.30999755859375,430.9800109863281,428.6247863769531,20207200,MSFT
2024-12-03,429.8399963378906,432.4700012207031,427.739990234375,431.20001220703125,428.84356689453125,18302000,MSFT
2024-12-04,433.0299987792969,439.6700134277344,432.6300048828125,437.4200134277344,435.0295715332031,26009400,MSFT
2024-12-05,437.9200134277344,444.6600036621094,436.1700134277344,442.6199951171875,440.2011413574219,21697800,MSFT
2024-12-06,442.29998779296875,446.1000061035156,441.7699890136719,443.57000732421875,441.1459655761719,18821000,MSFT
2024-12-09,442.6000061035156,448.3299865722656,440.5,446.0199890136719,443.58251953125,19144400,MSFT
2024-12-10,444.3900146484375,449.6199951171875,441.6000061035156,443.3299865722656,440.9072570800781,18469500,MSFT
2024-12-11,444.04998779296875,450.3500061035156,444.04998779296875,448.989990234375,446.5363464355469,19200200,MSFT
2024-12-12,449.1099853515625,456.1600036621094,449.1099853515625,449.55999755859375,447.10321044921875,20834800,MSFT
2024-12-13,448.44000244140625,451.42999267578125,445.5799865722656,447.2699890136719,444.8257141113281,20177800,MSFT
2024-12-16,447.2699890136719,452.17999267578125,445.2799987792969,451.5899963378906,449.1221008300781,23598800,MSFT
2024-12-17,451.010009765625,455.2900085449219,449.57000732421875,454.4599914550781,451.9764099121094,22733500,MSFT
2024-12-18,451.32000732421875,452.6499938964844,437.0199890136719,437.3900146484375,434.999755859375,24444500,MSFT
2024-12-19,441.6199951171875,443.17999267578125,436.32000732421875,437.0299987792969,434.6416931152344,22963700,MSFT
2024-12-20,433.1099853515625,443.739990234375,428.6300048828125,436.6000061035156,434.21405029296875,64263700,MSFT
2024-12-23,436.739990234375,437.6499938964844,432.8299865722656,435.25,432.8714294433594,19152500,MSFT
2024-12-24,434.6499938964844,439.6000061035156,434.19000244140625,439.3299865722656,436.9291076660156,7164500,MSFT
2024-12-26,439.0799865722656,440.94000244140625,436.6300048828125,438.1099853515625,435.7157897949219,8194200,MSFT
2024-12-27,434.6000061035156,435.2200012207031,426.3500061035156,430.5299987792969,428.1772155761719,18117700,MSFT
2024-12-30,426.05999755859375,427.54998779296875,421.8999938964844,424.8299865722656,422.50836181640625,13158700,MSFT
2024-12-31,426.1000061035156,426.7300109863281,420.6600036621094,421.5,419.196533203125,13246500,MSFT
2025-01-02,425.5299987792969,426.07000732421875,414.8500061035156,418.5799865722656,416.2925109863281,16896500,MSFT
2025-01-03,421.0799865722656,424.0299987792969,419.5400085449219,423.3500061035156,421.0364685058594,16662900,MSFT
2025-01-06,428.0,434.32000732421875,425.4800109863281,427.8500061035156,425.5118713378906,20573600,MSFT
2025-01-07,429.0,430.6499938964844,420.79998779296875,422.3699951171875,420.0617980957031,18139100,MSFT
2025-01-08,423.4599914550781,426.9700012207031,421.5400085449219,424.55999755859375,422.2398376464844,15054600,MSFT
2025-01-10,424.6300048828125,424.7099914550781,415.0199890136719,418.95001220703125,416.6604919433594,20201100,MSFT
2025-01-13,415.239990234375,418.5,412.2900085449219,417.19000244140625,414.9101257324219,17604800,MSFT
2025-01-14,417.80999755859375,419.739990234375,410.7200012207031,415.6700134277344,413.3984375,16935900,MSFT
2025-01-15,419.1300048828125,428.1499938964844,418.2699890136719,426.30999755859375,423.98028564453125,19637800,MSFT
2025-01-16,428.70001220703125,429.489990234375,424.3900146484375,424.5799865722656,422.25970458984375,15300000,MSFT
2025-01-17,434.0899963378906,434.4800109863281,428.1700134277344,429.0299987792969,426.6854248046875,26197500,MSFT
2025-01-21,430.20001220703125,430.8999938964844,425.6000061035156,428.5,426.1583251953125,26085700,MSFT
2025-01-22,437.55999755859375,447.2699890136719,436.0,446.20001220703125,443.7616271972656,27803800,MSFT
2025-01-23,442.0,446.75,441.5,446.7099914550781,444.2687683105469,18389300,MSFT
2025-01-24,445.1600036621094,446.6499938964844,441.3999938964844,444.05999755859375,441.63330078125,15549500,MSFT
2025-01-27,424.010009765625,435.20001220703125,423.5,434.55999755859375,432.1851806640625,35647800,MSFT
2025-01-28,434.6000061035156,448.3800048828125,431.3800048828125,447.20001220703125,444.7561340332031,23491700,MSFT
2025-01-29,446.69000244140625,446.8800048828125,440.3999938964844,442.3299865722656,439.9126892089844,23581400,MSFT
2025-01-30,418.7699890136719,422.8599853515625,413.1600036621094,414.989990234375,412.7221374511719,54586300,MSFT
2025-01-31,418.9800109863281,420.69000244140625,414.9100036621094,415.05999755859375,412.7917785644531,34161900,MSFT
2025-02-03,411.6000061035156,415.4100036621094,408.6600036621094,410.9200134277344,408.67437744140625,25679100,MSFT
2025-02-04,412.69000244140625,413.9200134277344,409.739990234375,412.3699951171875,410.116455078125,20532100,MSFT
2025-02-05,412.3500061035156,413.8299865722656,410.3999938964844,413.2900085449219,411.0314636230469,16316700,MSFT
2025-02-06,414.0,418.20001220703125,414.0,415.82000732421875,413.547607421875,16309800,MSFT
2025-02-07,416.4800109863281,418.6499938964844,408.1000061035156,409.75,407.5107727050781,22886800,MSFT
2025-02-10,413.7099914550781,415.4599914550781,410.9200134277344,412.2200012207031,409.96728515625,20817900,MSFT
2025-02-11,409.6400146484375,412.489990234375,409.29998779296875,411.44000244140625,409.1915283203125,18140600,MSFT
2025-02-12,407.2099914550781,410.75,404.3699951171875,409.0400085449219,406.8046569824219,19121700,MSFT
2025-02-13,407.0,411.0,406.3599853515625,410.5400085449219,408.2964782714844,23891700,MSFT
2025-02-14,407.7900085449219,408.9100036621094,405.8800048828125,408.42999267578125,406.1979675292969,22758500,MSFT
2025-02-18,408.0,410.6000061035156,406.5,409.6400146484375,407.4013977050781,21423100,MSFT
2025-02-19,407.8800048828125,415.489990234375,407.6499938964844,414.7699890136719,412.50335693359375,24114200,MSFT
2025-02-20,415.2900085449219,419.30999755859375,412.5400085449219,416.1300048828125,414.6857604980469,23508700,MSFT
2025-02-21,417.3399963378906,418.04998779296875,407.8900146484375,408.2099914550781,406.793212890625,27524800,MSFT
2025-02-24,408.510009765625,409.3699951171875,399.32000732421875,404.0,402.59783935546875,26443700,MSFT
2025-02-25,401.1000061035156,401.9200134277344,396.70001220703125,397.8999938964844,396.5190124511719,29387400,MSFT
2025-02-26,398.010009765625,403.6000061035156,394.25,399.7300109863281,398.3426818847656,19619000,MSFT
2025-02-27,401.2699890136719,405.739990234375,392.1700134277344,392.5299987792969,391.1676330566406,21127400,MSFT
2025-02-28,392.6600036621094,397.6300048828125,386.57000732421875,396.989990234375,395.6121520996094,32845700,MSFT
2025-03-03,398.82000732421875,398.82000732421875,386.1600036621094,388.489990234375,387.14166259765625,23007700,MSFT
2025-03-04,383.3999938964844,392.5799865722656,381.0,388.6099853515625,387.26123046875,29342900,MSFT
2025-03-05,389.3399963378906,401.6700134277344,388.80999755859375,401.0199890136719,399.628173828125,23433100,MSFT
2025-03-06,394.2799987792969,402.1499938964844,392.67999267578125,396.8900146484375,395.5125427246094,23304600,MSFT
2025-03-07,392.32000732421875,394.79998779296875,385.5400085449219,393.30999755859375,391.9449462890625,22034100,MSFT
2025-03-10,385.8399963378906,386.3999938964844,377.2200012207031,380.1600036621094,378.840576171875,32840100,MSFT
2025-03-11,379.0,386.0,376.9100036621094,380.45001220703125,379.1296081542969,30380200,MSFT
2025-03-12,382.95001220703125,385.2200012207031,378.95001220703125,383.2699890136719,381.9397888183594,24253600,MSFT
2025-03-13,383.1600036621094,385.32000732421875,377.45001220703125,378.7699890136719,377.45538330078125,20473000,MSFT
2025-03-14,379.7799987792969,390.2300109863281,379.510009765625,388.55999755859375,387.21142578125,19952800,MSFT
2025-03-17,386.70001220703125,392.7099914550781,385.57000732421875,388.70001220703125,387.3509521484375,22474300,MSFT
2025-03-18,387.07000732421875,387.3699951171875,381.1000061035156,383.5199890136719,382.1889343261719,19486900,MSFT
2025-03-19,385.5299987792969,389.67999267578125,384.0,387.82000732421875,386.4739990234375,19185500,MSFT
2025-03-20,385.739990234375,391.7900085449219,383.2799987792969,386.8399963378906,385.4974060058594,18470500,MSFT
2025-03-21,383.2200012207031,391.739990234375,382.79998779296875,391.260009765625,389.9020690917969,39675900,MSFT
2025-03-24,395.3999938964844,395.3999938964844,389.80999755859375,393.0799865722656,391.7157287597656,21004500,MSFT
2025-03-25,393.9200134277344,396.3599853515625,392.6400146484375,395.1600036621094,393.7885437011719,15775000,MSFT
2025-03-26,395.0,395.30999755859375,388.57000732421875,389.9700012207031,388.6165466308594,16108400,MSFT
2025-03-27,390.1300048828125,392.239990234375,387.3999938964844,390.5799865722656,389.2243957519531,13766800,MSFT
2025-03-28,388.0799865722656,389.1300048828125,376.92999267578125,378.79998779296875,377.48529052734375,21632000,MSFT
2025-03-31,372.5400085449219,377.07000732421875,367.239990234375,375.3900146484375,374.087158203125,35184700,MSFT
2025-04-01,374.6499938964844,382.8500061035156,373.2300109863281,382.19000244140625,380.863525390625,19689500,MSFT
2025-04-02,377.9700012207031,385.0799865722656,376.6199951171875,382.1400146484375,380.813720703125,16092600,MSFT
2025-04-03,374.7900085449219,377.4800109863281,369.3500061035156,373.1099853515625,371.8150329589844,30198000,MSFT
2025-04-04,364.1300048828125,374.5899963378906,359.4800109863281,359.8399963378906,358.5910949707031,49209900,MSFT
2025-04-07,350.8800048828125,371.0,344.7900085449219,357.8599853515625,356.61798095703125,50425000,MSFT
2025-04-08,368.260009765625,373.6499938964844,350.25,354.55999755859375,353.3294372558594,35868900,MSFT
2025-04-09,353.5400085449219,393.2300109863281,353.1000061035156,390.489990234375,389.1347351074219,50199700,MSFT
2025-04-10,382.05999755859375,383.8999938964844,367.79998779296875,381.3500061035156,380.0264587402344,38024400,MSFT
2025-04-11,380.6400146484375,390.04998779296875,378.8900146484375,388.45001220703125,387.101806640625,23839200,MSFT
2025-04-14,393.2200012207031,394.6499938964844,384.2099914550781,387.80999755859375,386.4640197753906,19251200,MSFT
2025-04-15,388.510009765625,391.8900146484375,384.1600036621094,385.7300109863281,384.3912658691406,17199900,MSFT
2025-04-16,380.6700134277344,381.6099853515625,368.0,371.6099853515625,370.32025146484375,21967800,MSFT
2025-04-17,373.75,374.32000732421875,366.8900146484375,367.7799987792969,366.5035400390625,21120200,MSFT
2025-04-21,362.82000732421875,364.4800109863281,355.6700134277344,359.1199951171875,357.87359619140625,20807300,MSFT
2025-04-22,363.3800048828125,367.7699890136719,359.8599853515625,366.82000732421875,365.5469055175781,19485000,MSFT
2025-04-23,376.05999755859375,380.3900146484375,373.0199890136719,374.3900146484375,373.09063720703125,20545500,MSFT
2025-04-24,375.70001220703125,388.45001220703125,375.19000244140625,387.29998779296875,385.9557800292969,22232300,MSFT
2025-04-25,387.0,392.1600036621094,384.6000061035156,391.8500061035156,390.4900207519531,18973200,MSFT
2025-04-28,391.9599914550781,392.739990234375,386.6400146484375,391.1600036621094,389.80242919921875,16579400,MSFT
2025-04-29,391.29998779296875,395.1000061035156,390.3800048828125,394.0400085449219,392.67242431640625,14974000,MSFT
2025-04-30,390.29998779296875,396.6600036621094,384.44000244140625,395.260009765625,393.88818359375,36461100,MSFT
2025-05-01,431.1099853515625,436.989990234375,424.8999938964844,425.3999938964844,423.9235534667969,58938100,MSFT
2025-05-02,431.739990234375,439.44000244140625,429.989990234375,435.2799987792969,433.769287109375,30757400,MSFT
2025-05-05,432.8699951171875,439.5,432.1099853515625,436.1700134277344,434.65618896484375,20136100,MSFT
2025-05-06,432.20001220703125,437.7300109863281,431.1700134277344,433.30999755859375,431.8061218261719,15104200,MSFT
2025-05-07,433.8399963378906,438.1199951171875,431.1099853515625,433.3500061035156,431.8459777832031,23295300,MSFT
2025-05-08,437.92999267578125,443.6700134277344,435.6600036621094,438.1700134277344,436.6492614746094,23491300,MSFT
2025-05-09,440.0,440.739990234375,435.8800048828125,438.7300109863281,437.2073059082031,15324200,MSFT
2025-05-12,445.94000244140625,449.3699951171875,439.7799987792969,449.260009765625,447.7007751464844,22821900,MSFT
2025-05-13,447.7799987792969,450.6700134277344,445.3599853515625,449.1400146484375,447.5812072753906,23618800,MSFT
2025-05-14,448.1400146484375,453.8999938964844,448.1400146484375,452.94000244140625,451.36798095703125,19902800,MSFT
2025-05-15,450.7699890136719,456.19000244140625,450.42999267578125,453.1300048828125,452.3863220214844,21992300,MSFT
2025-05-16,452.04998779296875,454.3599853515625,448.7300109863281,454.2699890136719,453.5244445800781,23849800,MSFT
2025-05-19,450.8800048828125,459.5899963378906,450.79998779296875,458.8699951171875,458.11688232421875,21336500,MSFT
2025-05-20,455.5899963378906,458.3399963378906,454.32000732421875,458.1700134277344,457.4180603027344,15441800,MSFT
2025-05-21,454.57000732421875,457.7799987792969,451.80999755859375,452.57000732421875,451.8272399902344,19216900,MSFT
2025-05-22,454.95001220703125,460.25,453.8999938964844,454.8599853515625,454.11346435546875,18025600,MSFT
2025-05-23,449.9800109863281,453.69000244140625,448.9100036621094,450.17999267578125,449.441162109375,16883500,MSFT
2025-05-27,456.4800109863281,460.95001220703125,456.1199951171875,460.69000244140625,459.93389892578125,20974300,MSFT
2025-05-28,461.2200012207031,462.5199890136719,456.92999267578125,457.3599853515625,456.609375,17086300,MSFT
2025-05-29,461.54998779296875,461.7200012207031,455.30999755859375,458.67999267578125,457.9272155761719,13974800,MSFT
2025-05-30,459.7200012207031,461.67999267578125,455.5400085449219,460.3599853515625,459.60443115234375,34770500,MSFT
2025-06-02,457.1400146484375,462.1099853515625,456.8900146484375,461.9700012207031,461.2118225097656,16626500,MSFT
2025-06-03,461.4700012207031,464.1400146484375,460.8599853515625,462.9700012207031,462.2101745605469,15743800,MSFT
2025-06-04,464.0,465.69000244140625,463.0199890136719,463.8699951171875,463.1086730957031,14162700,MSFT
2025-06-05,464.9599914550781,469.6499938964844,464.0299987792969,467.67999267578125,466.91241455078125,20131700,MSFT
2025-06-06,470.0899963378906,473.3399963378906,468.7799987792969,470.3800048828125,469.6080017089844,15285600,MSFT
2025-06-09,469.70001220703125,473.42999267578125,468.6199951171875,472.75,471.97412109375,16469900,MSFT
2025-06-10,471.19000244140625,472.79998779296875,466.9599914550781,470.9200134277344,470.1471252441406,15375900,MSFT
2025-06-11,470.0199890136719,475.4700012207031,469.6600036621094,472.6199951171875,471.8443298339844,16399200,MSFT
2025-06-12,475.0199890136719,480.4200134277344,473.5199890136719,478.8699951171875,478.0840759277344,18950600,MSFT
2025-06-13,476.4100036621094,479.17999267578125,472.760009765625,474.9599914550781,474.18048095703125,16814500,MSFT
2025-06-16,475.2099914550781,480.69000244140625,475.0,479.1400146484375,478.3536376953125,15626100,MSFT
2025-06-17,475.3999938964844,478.739990234375,474.0799865722656,478.0400085449219,477.25543212890625,15414100,MSFT
2025-06-18,478.0,481.0,474.4599914550781,480.239990234375,479.4518127441406,17526500,MSFT
2025-06-20,482.2300109863281,483.4599914550781,476.8699951171875,477.3999938964844,476.6164855957031,37576200,MSFT
2025-06-23,478.2099914550781,487.75,472.510009765625,486.0,485.2023620605469,24864000,MSFT
2025-06-24,488.95001220703125,491.8500061035156,486.79998779296875,490.1099853515625,489.30560302734375,22305600,MSFT
2025-06-25,492.0400085449219,494.55999755859375,489.3900146484375,492.2699890136719,491.4620666503906,17495100,MSFT
2025-06-26,492.9800109863281,498.0400085449219,492.80999755859375,497.45001220703125,496.6335754394531,21578900,MSFT
2025-06-27,497.54998779296875,499.29998779296875,493.0299987792969,495.94000244140625,495.1260681152344,34539200,MSFT
2025-06-30,497.0400085449219,500.760009765625,495.3299865722656,497.4100036621094,496.5936584472656,28369000,MSFT
2025-07-01,496.4700012207031,498.04998779296875,490.9800109863281,492.04998779296875,491.242431640625,19945400,MSFT
2025-07-02,489.989990234375,493.5,488.70001220703125,491.0899963378906,490.2840270996094,16319600,MSFT
2025-07-03,493.80999755859375,500.1300048828125,493.44000244140625,498.8399963378906,498.02130126953125,13984800,MSFT
2025-07-07,497.3800048828125,498.75,495.2300109863281,497.7200012207031,496.90313720703125,13981600,MSFT
2025-07-08,497.239990234375,498.20001220703125,494.1099853515625,496.6199951171875,495.804931640625,11846600,MSFT
2025-07-09,500.29998779296875,506.7799987792969,499.739990234375,503.510009765625,502.68365478515625,18659500,MSFT
2025-07-10,503.04998779296875,504.44000244140625,497.75,501.4800109863281,500.656982421875,16492100,MSFT
2025-07-11,498.4700012207031,505.0299987792969,497.79998779296875,503.32000732421875,502.49395751953125,16459500,MSFT
2025-07-14,501.5199890136719,503.9700012207031,501.0299987792969,503.0199890136719,502.1944274902344,12058800,MSFT
2025-07-15,503.0199890136719,508.29998779296875,502.7900085449219,505.82000732421875,504.9898376464844,14927200,MSFT
2025-07-16,505.17999267578125,506.7200012207031,501.8900146484375,505.6199951171875,504.7901611328125,15154400,MSFT
2025-07-17,505.67999267578125,513.3699951171875,505.6199951171875,511.70001220703125,510.8601989746094,17503100,MSFT
2025-07-18,514.47998046875,514.6400146484375,507.42999267578125,510.04998779296875,509.212890625,21209700,MSFT
2025-07-21,506.7099914550781,512.0900268554688,505.54998779296875,510.05999755859375,509.2228698730469,14066800,MSFT
2025-07-22,510.9700012207031,511.20001220703125,505.2699890136719,505.2699890136719,504.44073486328125,13868600,MSFT
2025-07-23,506.75,506.7900085449219,500.70001220703125,505.8699951171875,505.0397644042969,16396600,MSFT
2025-07-24,508.7699890136719,513.6699829101562,507.29998779296875,510.8800048828125,510.0415344238281,16107000,MSFT
2025-07-25,512.469970703125,518.2899780273438,510.3599853515625,513.7100219726562,512.866943359375,19125700,MSFT
2025-07-28,514.0800170898438,515.0,510.1199951171875,512.5,511.65887451171875,14308000,MSFT
2025-07-29,515.530029296875,517.6199951171875,511.55999755859375,512.5700073242188,511.728759765625,16469200,MSFT
2025-07-30,515.1699829101562,515.9500122070312,509.44000244140625,513.239990234375,512.3976440429688,26380400,MSFT
2025-07-31,555.22998046875,555.4500122070312,531.9000244140625,533.5,532.6243896484375,51617300,MSFT
2025-08-01,535.0,535.7999877929688,520.8599853515625,524.1099853515625,523.2498168945312,28977600,MSFT
2025-08-04,528.27001953125,538.25,528.1300048828125,535.6400146484375,534.7609252929688,25349000,MSFT
2025-08-05,537.1799926757812,537.2999877929688,527.239990234375,527.75,526.8838500976562,19171600,MSFT
2025-08-06,530.9000244140625,531.7000122070312,524.030029296875,524.9400024414062,524.0784912109375,21355700,MSFT
2025-08-07,526.7999877929688,528.0900268554688,517.5499877929688,520.8400268554688,519.9852294921875,16079100,MSFT
2025-08-08,522.5999755859375,524.6599731445312,519.4099731445312,522.0399780273438,521.1832275390625,15531000,MSFT
2025-08-11,522.2999877929688,527.5900268554688,519.719970703125,521.77001953125,520.9136962890625,20194400,MSFT
2025-08-12,523.75,530.97998046875,522.7000122070312,529.239990234375,528.3713989257812,18667000,MSFT
2025-08-13,532.1099853515625,532.7000122070312,519.3699951171875,520.5800170898438,519.7256469726562,19619200,MSFT
2025-08-14,522.5599975585938,525.9500122070312,520.1400146484375,522.47998046875,521.6224975585938,20269100,MSFT
2025-08-15,522.77001953125,526.0999755859375,519.0800170898438,520.1699829101562,519.3162841796875,25213300,MSFT
2025-08-18,521.5900268554688,522.8200073242188,514.02001953125,517.0999755859375,516.2512817382812,23760600,MSFT
2025-08-19,515.0,515.1599731445312,508.54998779296875,509.7699890136719,508.933349609375,21481000,MSFT
2025-08-20,509.8699951171875,511.0,504.44000244140625,505.7200012207031,504.8900146484375,27723000,MSFT
2025-08-21,503.69000244140625,507.6300048828125,502.7200012207031,504.239990234375,504.239990234375,18443300,MSFT
2025-08-22,504.25,510.7300109863281,502.4100036621094,507.2300109863281,507.2300109863281,24324200,MSFT
2025-08-25,506.6300048828125,508.19000244140625,504.1199951171875,504.260009765625,504.260009765625,21638600,MSFT
2025-08-26,504.3599853515625,504.9800109863281,498.510009765625,502.0400085449219,502.0400085449219,30835700,MSFT
2025-08-27,502.0,507.2900085449219,499.8999938964844,506.739990234375,506.739990234375,17277900,MSFT
2025-08-28,507.0899963378906,511.0899963378906,505.5,509.6400146484375,509.6400146484375,18015600,MSFT
2025-08-29,508.6600036621094,509.6000061035156,504.489990234375,506.69000244140625,506.69000244140625,20961600,MSFT
2025-09-02,500.4700012207031,506.0,496.80999755859375,505.1199951171875,505.1199951171875,18128000,MSFT
2025-09-03,503.7900085449219,507.7900085449219,502.32000732421875,505.3500061035156,505.3500061035156,16345100,MSFT
2025-09-04,504.29998779296875,508.1499938964844,503.1499938964844,507.9700012207031,507.9700012207031,15509500,MSFT
2025-09-05,509.07000732421875,511.9700012207031,492.3699951171875,495.0,495.0,31994800,MSFT
2025-09-08,498.1099853515625,501.20001220703125,495.0299987792969,498.20001220703125,498.20001220703125,16771000,MSFT
2025-09-09,501.42999267578125,502.25,497.70001220703125,498.4100036621094,498.4100036621094,14410500,MSFT
2025-09-10,502.9800109863281,503.2300109863281,496.7200012207031,500.3699951171875,500.3699951171875,21611800,MSFT
2025-09-11,502.25,503.1700134277344,497.8800048828125,501.010009765625,501.010009765625,18881600,MSFT
2025-09-12,506.6499938964844,512.5499877929688,503.8500061035156,509.8999938964844,509.8999938964844,23624900,MSFT
2025-09-15,508.7900085449219,515.469970703125,507.0,515.3599853515625,515.3599853515625,17143800,MSFT
2025-09-16,516.8800048828125,517.22998046875,508.6000061035156,509.0400085449219,509.0400085449219,19711900,MSFT
2025-09-17,510.6199951171875,511.2900085449219,505.92999267578125,510.0199890136719,510.0199890136719,15816600,MSFT
2025-09-18,511.489990234375,513.0700073242188,507.6600036621094,508.45001220703125,508.45001220703125,18913700,MSFT
2025-09-19,510.55999755859375,519.2999877929688,510.30999755859375,517.9299926757812,517.9299926757812,52474100,MSFT
2025-09-22,515.5900268554688,517.739990234375,512.5399780273438,514.4500122070312,514.4500122070312,20009300,MSFT
2025-09-23,513.7999877929688,514.5900268554688,507.30999755859375,509.2300109863281,509.2300109863281,19799600,MSFT
2025-09-24,510.3800048828125,512.47998046875,506.9200134277344,510.1499938964844,510.1499938964844,13533700,MSFT
2025-09-25,508.29998779296875,510.010009765625,505.0400085449219,507.0299987792969,507.0299987792969,15786500,MSFT
2025-09-26,510.05999755859375,513.9400024414062,506.6199951171875,511.4599914550781,511.4599914550781,16213100,MSFT
2025-09-29,511.5,516.8499755859375,508.8800048828125,514.5999755859375,514.5999755859375,17617800,MSFT
2025-09-30,513.239990234375,518.1599731445312,509.6600036621094,517.9500122070312,517.9500122070312,19728200,MSFT
2025-10-01,514.7999877929688,520.510009765625,511.69000244140625,519.7100219726562,519.7100219726562,22632300,MSFT
2025-10-02,517.6400146484375,521.5999755859375,510.67999267578125,515.739990234375,515.739990234375,21222900,MSFT
2025-10-03,517.0999755859375,520.489990234375,515.0,517.3499755859375,517.3499755859375,15112300,MSFT
2025-10-06,518.6099853515625,531.030029296875,518.2000122070312,528.5700073242188,528.5700073242188,21388600,MSFT
2025-10-07,528.2899780273438,529.7999877929688,521.4400024414062,523.97998046875,523.97998046875,14615200,MSFT
2025-10-08,523.280029296875,526.9500122070312,523.0900268554688,524.8499755859375,524.8499755859375,13363400,MSFT
2025-10-09,522.3400268554688,524.3300170898438,517.4000244140625,522.4000244140625,522.4000244140625,18343600,MSFT
2025-10-10,519.6400146484375,523.5800170898438,509.6300048828125,510.9599914550781,510.9599914550781,24133800,MSFT
2025-10-13,516.4099731445312,516.4099731445312,511.67999267578125,514.0499877929688,514.0499877929688,14284200,MSFT
2025-10-14,510.2300109863281,515.280029296875,506.0,513.5700073242188,513.5700073242188,14684300,MSFT
2025-10-15,514.9600219726562,517.1900024414062,510.0,513.4299926757812,513.4299926757812,14694700,MSFT
2025-10-16,512.5800170898438,516.8499755859375,508.1300048828125,511.6099853515625,511.6099853515625,15559600,MSFT
2025-10-17,509.0400085449219,515.47998046875,507.30999755859375,513.5800170898438,513.5800170898438,19867800,MSFT
2025-10-20,514.6099853515625,518.7000122070312,513.4299926757812,516.7899780273438,516.7899780273438,14665600,MSFT
2025-10-21,517.5,518.6900024414062,513.0399780273438,517.6599731445312,517.6599731445312,15586200,MSFT
2025-10-22,521.1500244140625,525.22998046875,517.7100219726562,520.5399780273438,520.5399780273438,18962700,MSFT
2025-10-23,522.4600219726562,523.9500122070312,518.6099853515625,520.5599975585938,520.5599975585938,13989600,MSFT
