Date,Open,High,Low,Close,Adj Close,Volume,Ticker
2000-01-03,14.08888053894043,14.241605758666992,13.897974967956543,13.897974967956543,4.299880027770996,3706335,SO
2000-01-04,13.821613311767578,14.127062797546387,13.821613311767578,14.050700187683105,4.347132682800293,2302341,SO
2000-01-05,14.127062797546387,14.890687942504883,14.127062797546387,14.776144027709961,4.5715765953063965,3067605,SO
2000-01-06,14.928869247436523,15.081594467163086,14.776144027709961,14.814325332641602,4.583388805389404,2570633,SO
2000-01-07,15.005230903625488,15.15795612335205,14.928869247436523,15.081594467163086,4.666078090667725,2744312,SO
2000-01-10,15.005230903625488,15.15795612335205,14.890687942504883,14.967049598693848,4.630641460418701,1778196,SO
2000-01-11,14.890687942504883,15.005230903625488,14.814325332641602,14.852505683898926,4.5952019691467285,1359306,SO
2000-01-12,14.814325332641602,15.234318733215332,14.814325332641602,15.11977481842041,4.67789363861084,2019807,SO
2000-01-13,15.081594467163086,15.11977481842041,14.852505683898926,14.928869247436523,4.618826389312744,2112130,SO
2000-01-14,14.890687942504883,14.967049598693848,14.623418807983398,14.73796272277832,4.559762954711914,1676052,SO
2000-01-18,14.470693588256836,14.547056198120117,14.27978801727295,14.27978801727295,4.41801118850708,1491897,SO
2000-01-19,14.241605758666992,14.73796272277832,14.241605758666992,14.623418807983398,4.524325370788574,1401211,SO
2000-01-20,14.432513236999512,14.623418807983398,14.356149673461914,14.547056198120117,4.500699043273926,1964315,SO
2000-01-21,14.73796272277832,15.11977481842041,14.623418807983398,14.967049598693848,4.630641460418701,2524799,SO
2000-01-24,15.043413162231445,15.425225257873535,15.043413162231445,15.348862648010254,4.748770713806152,2533803,SO
2000-01-25,15.310681343078613,15.501587867736816,15.11977481842041,15.501587867736816,4.7960205078125,3512686,SO
2000-01-26,15.501587867736816,15.654313087463379,15.425225257873535,15.577949523925781,4.819644927978516,2411360,SO
2000-01-27,15.577949523925781,15.807038307189941,15.577949523925781,15.616130828857422,4.831458568572998,1922901,SO
2000-01-28,15.616130828857422,15.730674743652344,15.348862648010254,15.46340560913086,4.784209251403809,3141431,SO
2000-01-31,15.46340560913086,15.730674743652344,15.425225257873535,15.69249439239502,4.855087757110596,2079882,SO
2000-02-01,15.654313087463379,15.807038307189941,15.501587867736816,15.501587867736816,4.7960205078125,2268784,SO
2000-02-02,15.425225257873535,15.539769172668457,15.348862648010254,15.387043952941895,4.760581970214844,3479784,SO
2000-02-03,15.043413162231445,15.46340560913086,15.043413162231445,15.196138381958008,4.764893054962158,3331969,SO
2000-02-04,15.348862648010254,15.348862648010254,14.852505683898926,14.852505683898926,4.657142162322998,2711082,SO
2000-02-07,14.776144027709961,14.928869247436523,14.776144027709961,14.852505683898926,4.657142162322998,1264691,SO
2000-02-08,14.814325332641602,15.234318733215332,14.814325332641602,14.928869247436523,4.681085586547852,1238173,SO
2000-02-09,14.890687942504883,15.043413162231445,14.776144027709961,14.814325332641602,4.645173072814941,2417908,SO
2000-02-10,14.814325332641602,15.081594467163086,14.814325332641602,14.967049598693848,4.693061351776123,2449828,SO
2000-02-11,15.005230903625488,15.005230903625488,14.814325332641602,14.890687942504883,4.669114589691162,2425274,SO
2000-02-14,14.890687942504883,15.081594467163086,14.814325332641602,14.890687942504883,4.669114589691162,1210673,SO
2000-02-15,14.890687942504883,14.967049598693848,14.776144027709961,14.852505683898926,4.657142162322998,2031593,SO
2000-02-16,14.852505683898926,14.852505683898926,14.547056198120117,14.585238456726074,4.573339462280273,4646096,SO
2000-02-17,14.585238456726074,14.623418807983398,14.27978801727295,14.356149673461914,4.501505374908447,5012768,SO
2000-02-18,14.27978801727295,14.394330978393555,14.012518882751465,14.08888053894043,4.417701721191406,2217712,SO
2000-02-22,14.127062797546387,14.31796932220459,14.08888053894043,14.08888053894043,4.417701721191406,3036831,SO
2000-02-23,14.050700187683105,14.165244102478027,13.897974967956543,13.897974967956543,4.357842922210693,3116058,SO
2000-02-24,13.859793663024902,13.974337577819824,13.439800262451172,13.477980613708496,4.226146221160889,3596988,SO
2000-02-25,13.477980613708496,13.707069396972656,13.28707504272461,13.28707504272461,4.166287422180176,3526109,SO
2000-02-28,13.32525634765625,13.936156272888184,13.210713386535645,13.859793663024902,4.345868110656738,2455394,SO
2000-02-29,13.821613311767578,13.821613311767578,13.401618957519531,13.554344177246094,4.25009298324585,2303487,SO
2000-03-01,13.401618957519531,13.477980613708496,13.172531127929688,13.401618957519531,4.202205181121826,3444099,SO
2000-03-02,13.401618957519531,13.592524528503418,13.28707504272461,13.477980613708496,4.226146221160889,3120969,SO
2000-03-03,13.668888092041016,13.668888092041016,13.439800262451172,13.477980613708496,4.226146221160889,2521689,SO
2000-03-06,13.36343765258789,13.36343765258789,12.828900337219238,12.94344425201416,4.058538913726807,3024390,SO
2000-03-07,12.981624603271484,13.057988166809082,12.828900337219238,13.019805908203125,4.082482814788818,3958586,SO
2000-03-08,12.828900337219238,13.134349822998047,12.828900337219238,12.90526294708252,4.046566486358643,3221640,SO
2000-03-09,12.867080688476562,12.94344425201416,12.676175117492676,12.867080688476562,4.034592151641846,3707644,SO
2000-03-10,12.867080688476562,12.981624603271484,12.752537727355957,12.90526294708252,4.046566486358643,3002292,SO
2000-03-13,12.867080688476562,13.019805908203125,12.714356422424316,13.019805908203125,4.082482814788818,2263546,SO
2000-03-14,12.752537727355957,12.790719032287598,12.447088241577148,12.561631202697754,3.938816785812378,2583729,SO
2000-03-15,12.599813461303711,13.401618957519531,12.599813461303711,13.32525634765625,4.178260326385498,3210509,SO
2000-03-16,13.439800262451172,14.241605758666992,13.28707504272461,13.897974967956543,4.357842922210693,4046652,SO
2000-03-17,13.897974967956543,13.897974967956543,13.32525634765625,13.401618957519531,4.202205181121826,3396628,SO
2000-03-20,13.248893737792969,13.592524528503418,13.248893737792969,13.28707504272461,4.166287422180176,2163857,SO
2000-03-21,13.248893737792969,13.439800262451172,12.981624603271484,13.019805908203125,4.082482814788818,1908168,SO
2000-03-22,13.096169471740723,13.134349822998047,12.561631202697754,12.790719032287598,4.010650634765625,2105582,SO
2000-03-23,12.790719032287598,13.210713386535645,12.752537727355957,13.096169471740723,4.106427192687988,1500409,SO
2000-03-24,12.981624603271484,13.36343765258789,12.981624603271484,13.36343765258789,4.190228462219238,2148961,SO
2000-03-27,13.401618957519531,13.783431053161621,13.36343765258789,13.477980613708496,4.226146221160889,1932559,SO
2000-03-28,13.32525634765625,13.554344177246094,13.134349822998047,13.32525634765625,4.178260326385498,3507448,SO
2000-03-29,13.36343765258789,13.630705833435059,13.210713386535645,13.28707504272461,4.166287422180176,1994271,SO
2000-03-30,13.210713386535645,13.36343765258789,13.096169471740723,13.248893737792969,4.1543145179748535,2365854,SO
2000-03-31,13.248893737792969,13.32525634765625,13.057988166809082,13.28707504272461,4.166287422180176,2003438,SO
2000-04-03,13.248893737792969,13.821613311767578,13.248893737792969,13.821613311767578,4.333895683288574,2929285,SO
2000-04-04,13.821613311767578,14.356149673461914,13.821613311767578,14.127062797546387,4.42967414855957,4506793,SO
2000-04-05,14.050700187683105,14.661600112915039,14.050700187683105,14.127062797546387,4.42967414855957,3739401,SO
2000-04-06,14.127062797546387,14.165244102478027,13.668888092041016,13.707069396972656,4.297983169555664,2784580,SO
2000-04-07,13.668888092041016,13.821613311767578,13.516162872314453,13.592524528503418,4.2620649337768555,2948764,SO
2000-04-10,13.554344177246094,14.241605758666992,13.516162872314453,14.241605758666992,4.465587139129639,2532984,SO
2000-04-11,14.356149673461914,14.585238456726074,14.127062797546387,14.356149673461914,4.501505374908447,3290228,SO
2000-04-12,14.585238456726074,15.081594467163086,14.356149673461914,14.73796272277832,4.6212239265441895,2510558,SO
2000-04-13,14.73796272277832,15.234318733215332,14.585238456726074,15.15795612335205,4.7529191970825195,2677198,SO
2000-04-14,15.11977481842041,15.425225257873535,14.432513236999512,14.967049598693848,4.693061351776123,3165166,SO
2000-04-17,14.508874893188477,14.967049598693848,14.050700187683105,14.967049598693848,4.693061351776123,2730398,SO
2000-04-18,15.883399963378906,15.883399963378906,15.234318733215332,15.558858871459961,4.878627300262451,5479948,SO
2000-04-19,15.272500038146973,15.272500038146973,14.776144027709961,15.196138381958008,4.764893054962158,1925356,SO
2000-04-20,15.15795612335205,15.616130828857422,15.15795612335205,15.616130828857422,4.896583080291748,2959404,SO
2000-04-24,15.577949523925781,15.883399963378906,15.539769172668457,15.845218658447266,4.968417167663574,2093141,SO
2000-04-25,16.03612518310547,16.341575622558594,15.807038307189941,16.303394317626953,5.112081527709961,1964479,SO
2000-04-26,16.18885040283203,17.028837203979492,16.18885040283203,16.79974937438965,5.267720699310303,4149452,SO
2000-04-27,16.532480239868164,16.608844757080078,15.616130828857422,15.883399963378906,5.041809558868408,5137175,SO
2000-04-28,15.654313087463379,15.654313087463379,15.234318733215332,15.234318733215332,4.835773468017578,2456212,SO
2000-05-01,15.310681343078613,15.348862648010254,14.623418807983398,14.814325332641602,4.702455520629883,3456703,SO
2000-05-02,14.967049598693848,15.196138381958008,14.73796272277832,14.928869247436523,4.738813400268555,3010476,SO
2000-05-03,14.852505683898926,15.081594467163086,14.69978141784668,15.005230903625488,4.763054370880127,2367000,SO
2000-05-04,14.928869247436523,15.501587867736816,14.470693588256836,15.196138381958008,4.823653697967529,2376166,SO
2000-05-05,15.15795612335205,15.196138381958008,14.776144027709961,14.967049598693848,4.750936031341553,1638239,SO
2000-05-08,14.814325332641602,15.654313087463379,14.814325332641602,15.234318733215332,4.835773468017578,2143231,SO
2000-05-09,15.196138381958008,15.387043952941895,14.967049598693848,15.272500038146973,4.847895622253418,1582747,SO
2000-05-10,15.11977481842041,15.616130828857422,15.11977481842041,15.46340560913086,4.9084930419921875,1866754,SO
2000-05-11,15.425225257873535,15.883399963378906,15.425225257873535,15.807038307189941,5.0175676345825195,2079227,SO
2000-05-12,16.11248779296875,16.11248779296875,15.272500038146973,15.310681343078613,4.860011100769043,2018988,SO
2000-05-15,15.425225257873535,15.730674743652344,15.310681343078613,15.616130828857422,4.956971645355225,1328368,SO
2000-05-16,15.387043952941895,15.539769172668457,15.081594467163086,15.425225257873535,4.896371364593506,1624652,SO
2000-05-17,15.043413162231445,15.15795612335205,14.776144027709961,14.967049598693848,4.750936031341553,1826649,SO
2000-05-18,14.928869247436523,15.501587867736816,14.928869247436523,15.387043952941895,4.884253978729248,1648551,SO
2000-05-19,15.196138381958008,15.807038307189941,15.043413162231445,15.616130828857422,4.956971645355225,2232280,SO
2000-05-22,15.807038307189941,15.997943878173828,15.768856048583984,15.845218658447266,5.029690265655518,2430512,SO
2000-05-23,15.997943878173828,15.997943878173828,15.577949523925781,15.69249439239502,4.981210231781006,2332788,SO
2000-05-24,15.69249439239502,16.18885040283203,15.69249439239502,16.15066909790039,5.126647472381592,5181863,SO
2000-05-25,16.15066909790039,16.15066909790039,15.730674743652344,15.997943878173828,5.078166484832764,1894091,SO
2000-05-26,15.921581268310547,16.341575622558594,15.921581268310547,16.11248779296875,5.114527225494385,2021607,SO
2000-05-30,16.15066909790039,16.18885040283203,15.69249439239502,15.730674743652344,4.993330001831055,1646751,SO
2000-05-31,15.845218658447266,16.03612518310547,15.730674743652344,15.845218658447266,5.029690265655518,1657882,SO
2000-06-01,15.845218658447266,15.883399963378906,15.616130828857422,15.768856048583984,5.005449295043945,2607301,SO
2000-06-02,15.768856048583984,15.768856048583984,15.272500038146973,15.310681343078613,4.860011100769043,2468817,SO
2000-06-05,15.425225257873535,15.425225257873535,14.814325332641602,14.814325332641602,4.702455520629883,1959895,SO
2000-06-06,15.043413162231445,15.46340560913086,15.043413162231445,15.196138381958008,4.823653697967529,3568505,SO
2000-06-07,15.348862648010254,15.425225257873535,15.234318733215332,15.272500038146973,4.847895622253418,1289573,SO
2000-06-08,15.272500038146973,15.310681343078613,14.967049598693848,15.234318733215332,4.835773468017578,1616468,SO
2000-06-09,15.15795612335205,15.425225257873535,15.15795612335205,15.272500038146973,4.847895622253418,3097561,SO
2000-06-12,15.387043952941895,15.501587867736816,15.272500038146973,15.367953300476074,4.8781890869140625,3153871,SO
2000-06-13,15.425225257873535,15.768856048583984,15.387043952941895,15.69249439239502,4.981210231781006,3262891,SO
2000-06-14,15.577949523925781,15.654313087463379,15.46340560913086,15.616130828857422,4.956971645355225,2599116,SO
2000-06-15,15.234318733215332,15.807038307189941,15.234318733215332,15.616130828857422,4.956971645355225,4685219,SO
2000-06-16,15.768856048583984,15.883399963378906,15.234318733215332,15.310681343078613,4.860011100769043,5869864,SO
2000-06-19,15.46340560913086,15.501587867736816,15.005230903625488,15.11977481842041,4.799415111541748,2568833,SO
2000-06-20,15.005230903625488,15.348862648010254,14.890687942504883,15.272500038146973,4.847895622253418,2652153,SO
2000-06-21,15.196138381958008,15.577949523925781,15.196138381958008,15.196138381958008,4.823653697967529,4217384,SO
2000-06-22,15.196138381958008,15.234318733215332,15.005230903625488,15.196138381958008,4.823653697967529,2612703,SO
2000-06-23,15.196138381958008,15.272500038146973,15.081594467163086,15.196138381958008,4.823653697967529,1760681,SO
2000-06-26,15.196138381958008,15.348862648010254,14.967049598693848,15.272500038146973,4.847895622253418,1658373,SO
2000-06-27,15.310681343078613,15.348862648010254,14.776144027709961,14.776144027709961,4.690337657928467,2453102,SO
2000-06-28,14.776144027709961,15.11977481842041,14.432513236999512,15.014777183532715,4.766085624694824,3762809,SO
2000-06-29,14.814325332641602,15.11977481842041,14.661600112915039,14.661600112915039,4.653977870941162,2357178,SO
2000-06-30,14.776144027709961,15.11977481842041,14.08888053894043,14.241605758666992,4.520658493041992,3976592,SO
2000-07-03,14.394330978393555,14.69978141784668,14.298877716064453,14.547056198120117,4.617620468139648,1197414,SO
2000-07-05,14.661600112915039,14.890687942504883,14.508874893188477,14.547056198120117,4.617620468139648,1992143,SO
2000-07-06,14.585238456726074,14.776144027709961,14.470693588256836,14.623418807983398,4.641857624053955,2283352,SO
2000-07-07,14.623418807983398,14.967049598693848,14.623418807983398,14.814325332641602,4.702455520629883,1303814,SO
2000-07-10,14.890687942504883,15.272500038146973,14.890687942504883,15.081594467163086,4.787293910980225,1575217,SO
2000-07-11,15.005230903625488,15.15795612335205,14.814325332641602,15.15795612335205,4.811533451080322,1350794,SO
2000-07-12,15.196138381958008,15.196138381958008,14.814325332641602,14.890687942504883,4.726695537567139,1858897,SO
2000-07-13,14.890687942504883,14.967049598693848,14.73796272277832,14.928869247436523,4.738813400268555,1906368,SO
2000-07-14,14.967049598693848,15.043413162231445,14.623418807983398,14.73796272277832,4.678215026855469,2007694,SO
2000-07-17,14.69978141784668,14.814325332641602,14.661600112915039,14.73796272277832,4.678215026855469,1724341,SO
2000-07-18,14.814325332641602,15.272500038146973,14.814325332641602,14.852505683898926,4.714574813842773,2624816,SO
2000-07-19,14.967049598693848,15.425225257873535,14.967049598693848,15.348862648010254,4.872130870819092,2740874,SO
2000-07-20,15.348862648010254,15.425225257873535,15.234318733215332,15.348862648010254,4.872130870819092,1904403,SO
2000-07-21,15.387043952941895,15.501587867736816,15.348862648010254,15.387043952941895,4.884253978729248,2008348,SO
2000-07-24,15.310681343078613,15.310681343078613,15.196138381958008,15.272500038146973,4.847895622253418,1593059,SO
2000-07-25,15.234318733215332,15.501587867736816,15.15795612335205,15.234318733215332,4.835773468017578,1061057,SO
2000-07-26,14.967049598693848,15.234318733215332,14.73796272277832,14.890687942504883,4.726695537567139,2065641,SO
2000-07-27,15.043413162231445,15.196138381958008,15.005230903625488,15.081594467163086,4.787293910980225,1984285,SO
2000-07-28,14.967049598693848,15.387043952941895,14.967049598693848,15.15795612335205,4.811533451080322,3144541,SO
2000-07-31,15.234318733215332,15.387043952941895,14.890687942504883,14.928869247436523,4.738813400268555,3207235,SO
2000-08-01,14.928869247436523,15.348862648010254,14.928869247436523,15.310681343078613,4.860011100769043,2799312,SO
2000-08-02,15.310681343078613,15.997943878173828,15.272500038146973,15.959762573242188,5.066047191619873,3994271,SO
2000-08-03,15.959762573242188,16.303394317626953,15.959762573242188,16.160213470458984,5.196309566497803,6285808,SO
2000-08-04,16.18885040283203,16.18885040283203,15.845218658447266,16.18885040283203,5.2055158615112305,5211655,SO
2000-08-07,16.18885040283203,16.79974937438965,16.11248779296875,16.771114349365234,5.392739772796631,3797184,SO
2000-08-08,16.685205459594727,17.067018508911133,16.532480239868164,17.028837203979492,5.475611686706543,3912097,SO
2000-08-09,16.876113891601562,17.028837203979492,16.532480239868164,16.637479782104492,5.3497724533081055,4426584,SO
2000-08-10,16.647024154663086,16.685205459594727,16.494300842285156,16.58020782470703,5.331357955932617,1351449,SO
2000-08-11,16.532480239868164,16.91429328918457,16.532480239868164,16.608844757080078,5.340566158294678,2929448,SO
2000-08-14,16.647024154663086,16.876113891601562,16.417938232421875,16.79974937438965,5.401951313018799,1913570,SO
2000-08-15,16.608844757080078,16.99065589904785,16.570663452148438,16.83793067932129,5.414229393005371,2218857,SO
2000-08-16,16.723388671875,16.99065589904785,16.570663452148438,16.694751739501953,5.36818790435791,2059748,SO
2000-08-17,16.79974937438965,16.79974937438965,16.532480239868164,16.685205459594727,5.365118503570557,1598625,SO
2000-08-18,16.647024154663086,16.761568069458008,16.570663452148438,16.723388671875,5.377396583557129,1491406,SO
2000-08-21,16.761568069458008,16.761568069458008,16.570663452148438,16.761568069458008,5.389674186706543,1517924,SO
2000-08-22,16.761568069458008,16.79974937438965,16.608844757080078,16.685205459594727,5.365118503570557,957440,SO
2000-08-23,16.608844757080078,17.143381118774414,16.532480239868164,17.067018508911133,5.487894535064697,3220003,SO
2000-08-24,17.067018508911133,17.143381118774414,17.028837203979492,17.105199813842773,5.500168800354004,3466034,SO
2000-08-25,16.876113891601562,17.44883155822754,16.876113891601562,17.334287643432617,5.5738301277160645,3351776,SO
2000-08-28,17.143381118774414,17.716100692749023,17.143381118774414,17.639738082885742,5.672048091888428,2960550,SO
2000-08-29,17.44883155822754,17.677919387817383,17.4106502532959,17.4106502532959,5.598388195037842,1761336,SO
2000-08-30,17.44883155822754,18.174274444580078,17.44883155822754,17.945188522338867,5.77026891708374,4728925,SO
2000-08-31,17.907005310058594,18.36518096923828,17.907005310058594,18.298364639282227,5.883829593658447,4632837,SO
2000-09-01,18.25063705444336,18.403362274169922,18.21245574951172,18.298364639282227,5.883829593658447,2608119,SO
2000-09-05,18.288818359375,18.708812713623047,18.288818359375,18.708812713623047,6.015809059143066,2627435,SO
2000-09-06,18.746994018554688,19.166988372802734,18.708812713623047,19.052444458007812,6.12630558013916,3126862,SO
2000-09-07,19.014263153076172,19.510618209838867,18.93790054321289,19.396074295043945,6.236799240112305,4622688,SO
2000-09-08,19.319713592529297,20.23606300354004,19.281530380249023,20.102428436279297,6.463925838470459,6873302,SO
2000-09-11,20.006975173950195,20.541513442993164,19.968793869018555,20.207426071166992,6.49768590927124,5176297,SO
2000-09-12,20.159700393676758,20.426969528198242,19.930612564086914,20.3887882232666,6.556002616882324,7236864,SO
2000-09-13,20.541513442993164,21.381500244140625,20.541513442993164,20.808780670166016,6.69105339050293,8311180,SO
2000-09-14,20.732418060302734,20.732418060302734,20.045156478881836,20.083337783813477,6.457788467407227,4766083,SO
2000-09-15,20.006975173950195,20.50333023071289,19.968793869018555,20.09288215637207,6.46085786819458,6010149,SO
2000-09-18,20.159700393676758,20.3887882232666,19.930612564086914,20.226516723632812,6.503827095031738,3151580,SO
2000-09-19,20.159700393676758,20.23606300354004,19.166988372802734,19.281530380249023,6.199966907501221,4427730,SO
2000-09-20,19.166988372802734,19.243349075317383,18.517906188964844,18.708812713623047,6.015809059143066,3852513,SO
2000-09-21,18.708812713623047,19.090625762939453,18.136093139648438,18.288818359375,5.880761623382568,3568997,SO
2000-09-22,18.708812713623047,19.071533203125,18.36518096923828,18.36518096923828,5.905316352844238,3280242,SO
2000-09-25,18.97608184814453,19.090625762939453,18.403362274169922,19.014263153076172,6.114027976989746,3727288,SO
2000-09-26,19.243349075317383,19.77788734436035,19.205169677734375,19.70152473449707,6.335016250610352,7071534,SO
2000-09-27,19.70152473449707,19.854249954223633,19.166988372802734,19.558345794677734,6.288977146148682,5690948,SO
2000-09-28,19.548799514770508,19.816068649291992,19.47243881225586,19.58698081970215,6.298182964324951,3316418,SO
2000-09-29,19.58698081970215,19.930612564086914,19.58698081970215,19.82561492919922,6.374918460845947,2953184,SO
2000-10-02,19.73970603942871,19.73970603942871,19.243349075317383,19.58698081970215,6.298182964324951,3021607,SO
2000-10-03,19.434255599975586,19.816068649291992,18.82335662841797,18.86153793334961,6.064916133880615,3648060,SO
2000-10-04,18.89971923828125,19.12880516052246,17.830644607543945,17.983369827270508,5.782543659210205,5633655,SO
2000-10-05,18.059730529785156,18.441543579101562,17.639738082885742,17.716100692749023,5.696602821350098,2816991,SO
2000-10-06,17.75428009033203,18.32699966430664,17.75428009033203,17.830644607543945,5.73343563079834,1699132,SO
2000-10-09,17.868825912475586,18.32699966430664,17.868825912475586,18.32699966430664,5.893039703369141,3667212,SO
2000-10-10,18.403362274169922,18.89971923828125,18.174274444580078,18.288818359375,5.880761623382568,2124734,SO
2000-10-11,18.441543579101562,18.670631408691406,18.059730529785156,18.441543579101562,5.929869174957275,3838599,SO
2000-10-12,18.441543579101562,18.479724884033203,17.830644607543945,18.25063705444336,5.868483543395996,2903749,SO
2000-10-13,18.32699966430664,18.670631408691406,18.136093139648438,18.403362274169922,5.917591571807861,3130627,SO
2000-10-16,18.174274444580078,18.785175323486328,18.136093139648438,18.25063705444336,5.868483543395996,3334752,SO
2000-10-17,18.25063705444336,18.403362274169922,18.136093139648438,18.288818359375,5.880761623382568,2370110,SO
2000-10-18,18.403362274169922,18.556087493896484,18.059730529785156,18.25063705444336,5.868483543395996,4142740,SO
2000-10-19,18.21245574951172,18.288818359375,17.907005310058594,18.021549224853516,5.794820308685303,2994762,SO
2000-10-20,17.945188522338867,18.174274444580078,17.792463302612305,18.059730529785156,5.807097434997559,2033721,SO
2000-10-23,18.21245574951172,18.556087493896484,17.945188522338867,18.288818359375,5.880761623382568,1953839,SO
2000-10-24,18.21245574951172,18.479724884033203,18.021549224853516,18.021549224853516,5.794820308685303,2296612,SO
2000-10-25,18.174274444580078,18.21245574951172,17.4106502532959,17.44883155822754,5.610662460327148,3329841,SO
2000-10-26,17.44883155822754,17.52519416809082,17.028837203979492,17.296106338500977,5.561554908752441,2195940,SO
2000-10-27,17.257925033569336,17.716100692749023,16.79974937438965,17.639738082885742,5.672048091888428,2957767,SO
2000-10-30,17.677919387817383,18.21245574951172,17.677919387817383,18.174274444580078,5.843928813934326,1671796,SO
2000-10-31,18.174274444580078,18.174274444580078,17.677919387817383,17.945188522338867,5.77026891708374,2062367,SO
2000-11-01,18.09791374206543,18.517906188964844,17.945188522338867,18.36518096923828,5.905316352844238,3291210,SO
2000-11-02,18.32699966430664,18.32699966430664,17.75428009033203,17.75428009033203,5.773215293884277,3225896,SO
2000-11-03,17.75428009033203,18.021549224853516,17.48701286315918,17.830644607543945,5.798046112060547,2427402,SO
2000-11-06,17.830644607543945,18.09791374206543,17.6015567779541,17.639738082885742,5.735966682434082,1388934,SO
2000-11-07,17.6015567779541,17.639738082885742,17.296106338500977,17.52519416809082,5.698720455169678,1091995,SO
2000-11-08,17.52519416809082,17.639738082885742,17.334287643432617,17.48701286315918,5.686305999755859,1791455,SO
2000-11-09,17.56337547302246,17.677919387817383,17.44883155822754,17.52519416809082,5.698720455169678,1596333,SO
2000-11-10,17.52519416809082,17.907005310058594,17.52519416809082,17.639738082885742,5.735966682434082,1762645,SO
2000-11-13,17.75428009033203,18.288818359375,17.75428009033203,17.830644607543945,5.798046112060547,1974791,SO
2000-11-14,17.792463302612305,17.792463302612305,17.181562423706055,17.219743728637695,5.5993971824646,2757734,SO
2000-11-15,17.372468948364258,17.792463302612305,17.257925033569336,17.639738082885742,5.735966682434082,1356687,SO
2000-11-16,17.639738082885742,18.09791374206543,17.639738082885742,18.059730529785156,5.872538089752197,1935832,SO
2000-11-17,18.09791374206543,18.93790054321289,18.059730529785156,18.93790054321289,6.1580963134765625,4094942,SO
2000-11-20,18.785175323486328,18.82335662841797,18.403362274169922,18.479724884033203,6.0091094970703125,2871992,SO
2000-11-21,18.36518096923828,18.403362274169922,18.059730529785156,18.288818359375,5.947032451629639,1430185,SO
2000-11-22,18.059730529785156,18.441543579101562,18.059730529785156,18.36518096923828,5.971863746643066,1440661,SO
2000-11-24,18.36518096923828,18.517906188964844,18.32699966430664,18.36518096923828,5.971863746643066,873793,SO
2000-11-27,18.32699966430664,18.32699966430664,18.174274444580078,18.25063705444336,5.9346160888671875,970699,SO
2000-11-28,18.36518096923828,18.517906188964844,18.288818359375,18.441543579101562,5.996694087982178,2215256,SO
2000-11-29,18.441543579101562,18.86153793334961,18.441543579101562,18.746994018554688,6.096017837524414,2368964,SO
2000-11-30,18.89971923828125,19.396074295043945,18.86153793334961,19.281530380249023,6.269834995269775,3320347,SO
2000-12-01,19.434255599975586,19.434255599975586,18.556087493896484,18.93790054321289,6.1580963134765625,2237682,SO
2000-12-04,19.014263153076172,19.396074295043945,18.97608184814453,19.052444458007812,6.195342540740967,2412670,SO
2000-12-05,19.014263153076172,19.052444458007812,18.479724884033203,18.556087493896484,6.033939838409424,2663120,SO
2000-12-06,18.556087493896484,18.632450103759766,17.75428009033203,17.868825912475586,5.8104634284973145,4000327,SO
2000-12-07,17.44883155822754,18.059730529785156,16.99065589904785,17.181562423706055,5.58698034286499,28970699,SO
2000-12-08,17.296106338500977,17.56337547302246,17.181562423706055,17.48701286315918,5.686305999755859,4291864,SO
2000-12-11,17.48701286315918,17.716100692749023,17.296106338500977,17.6015567779541,5.723552227020264,4885742,SO
2000-12-12,17.677919387817383,17.830644607543945,17.52519416809082,17.75428009033203,5.773215293884277,4348339,SO
2000-12-13,17.639738082885742,18.632450103759766,17.52519416809082,18.632450103759766,6.058770179748535,8524472,SO
2000-12-14,18.632450103759766,18.632450103759766,18.25063705444336,18.32699966430664,5.959448337554932,4205435,SO
2000-12-15,18.09791374206543,18.594268798828125,18.09791374206543,18.556087493896484,6.033939838409424,6685873,SO
2000-12-18,18.632450103759766,19.052444458007812,18.556087493896484,19.052444458007812,6.195342540740967,4221968,SO
2000-12-19,19.052444458007812,19.243349075317383,18.746994018554688,19.014263153076172,6.18292760848999,3174988,SO
2000-12-20,19.12880516052246,20.045156478881836,18.82335662841797,20.045156478881836,6.5181427001953125,4875102,SO
2000-12-21,19.930612564086914,20.083337783813477,19.548799514770508,19.892431259155273,6.468480587005615,3591422,SO
2000-12-22,19.62516212463379,20.121519088745117,19.548799514770508,20.121519088745117,6.542974472045898,2191193,SO
2000-12-26,20.121519088745117,20.656055450439453,19.930612564086914,20.579694747924805,6.6919636726379395,1777869,SO
2000-12-27,20.579694747924805,20.694238662719727,20.3887882232666,20.541513442993164,6.679544448852539,1531838,SO
2000-12-28,20.579694747924805,20.579694747924805,20.1978816986084,20.3887882232666,6.629882335662842,1487641,SO
2000-12-29,20.426969528198242,20.465150833129883,20.1978816986084,20.31242561340332,6.605051517486572,1284498,SO
2001-01-02,20.006975173950195,20.006975173950195,19.62516212463379,19.70152473449707,6.406405925750732,2247831,SO
2001-01-03,19.816068649291992,20.159700393676758,18.746994018554688,19.090625762939453,6.207756996154785,4932231,SO
2001-01-04,18.86153793334961,18.86153793334961,17.181562423706055,17.716100692749023,5.76079797744751,10274349,SO
2001-01-05,17.75428009033203,18.174274444580078,17.4106502532959,17.4106502532959,5.661476135253906,7414470,SO
2001-01-08,17.4106502532959,17.907005310058594,17.4106502532959,17.868825912475586,5.8104634284973145,2451465,SO
2001-01-09,17.792463302612305,17.907005310058594,17.52519416809082,17.907005310058594,5.822877883911133,2706171,SO
2001-01-10,17.907005310058594,18.136093139648438,17.44883155822754,17.639738082885742,5.735966682434082,3286463,SO
2001-01-11,17.716100692749023,17.716100692749023,16.341575622558594,16.685205459594727,5.425578594207764,4487150,SO
2001-01-12,16.79974937438965,17.143381118774414,16.379756927490234,17.143381118774414,5.574564456939697,3603372,SO
2001-01-16,16.79974937438965,16.99065589904785,16.15066909790039,16.99065589904785,5.524905204772949,4831396,SO
2001-01-17,16.91429328918457,17.105199813842773,16.570663452148438,16.79974937438965,5.462827205657959,2977574,SO
2001-01-18,16.91429328918457,17.105199813842773,16.494300842285156,16.876113891601562,5.4876580238342285,5092650,SO
2001-01-19,16.417938232421875,17.48701286315918,16.379756927490234,17.219743728637695,5.5993971824646,4772958,SO
2001-01-22,17.219743728637695,17.639738082885742,17.143381118774414,17.52519416809082,5.698720455169678,2323294,SO
2001-01-23,17.52519416809082,18.059730529785156,17.4106502532959,17.6015567779541,5.723552227020264,2871337,SO
2001-01-24,17.6015567779541,18.059730529785156,17.6015567779541,17.868825912475586,5.8104634284973145,1988378,SO
2001-01-25,17.907005310058594,18.25063705444336,17.868825912475586,18.059730529785156,5.872538089752197,2457194,SO
2001-01-26,18.09791374206543,18.21245574951172,17.334287643432617,17.75428009033203,5.773215293884277,2649370,SO
2001-01-29,17.905479431152344,18.290346145629883,17.88104248046875,17.966569900512695,5.842243671417236,1544606,SO
2001-01-30,17.868825912475586,18.11318588256836,17.746644973754883,17.997114181518555,5.852176189422607,2654281,SO
2001-01-31,17.997114181518555,17.997114181518555,17.722209930419922,17.826061248779297,5.7965545654296875,4023081,SO
2001-02-01,17.618356704711914,17.618356704711914,17.196834564208984,17.392322540283203,5.721198081970215,4063677,SO
2001-02-02,17.37399673461914,17.624465942382812,17.33123207092285,17.551156997680664,5.773446559906006,2658209,SO
2001-02-05,17.551156997680664,17.868825912475586,17.551156997680664,17.746644973754883,5.8377509117126465,1869373,SO
2001-02-06,17.746644973754883,17.899370193481445,17.581701278686523,17.868825912475586,5.877945899963379,2070715,SO
2001-02-07,17.868825912475586,18.16816520690918,17.777189254760742,17.991004943847656,5.918135643005371,2504174,SO
2001-02-08,18.11318588256836,18.3636531829834,18.07653045654297,18.3636531829834,6.040715217590332,2499591,SO
2001-02-09,18.40030860900879,18.632450103759766,18.32699966430664,18.443071365356445,6.066839694976807,1987396,SO
2001-02-12,18.51637840270996,18.785175323486328,18.23536491394043,18.669103622436523,6.141193866729736,4088558,SO
2001-02-13,18.662994384765625,18.77295684814453,18.30256462097168,18.601905822753906,6.119089603424072,3467343,SO
2001-02-14,18.632450103759766,18.717975616455078,18.272018432617188,18.461397171020508,6.0728678703308105,2382387,SO
2001-02-15,18.455289840698242,18.461397171020508,17.960460662841797,18.082639694213867,5.948275089263916,4061712,SO
2001-02-16,18.473615646362305,18.577468872070312,18.357545852661133,18.528596878051758,6.094975471496582,2784580,SO
2001-02-20,18.528596878051758,18.889028549194336,18.479724884033203,18.852373123168945,6.20148229598999,2825340,SO
2001-02-21,18.93790054321289,19.017316818237305,18.656885147094727,18.662994384765625,6.139186382293701,2847275,SO
2001-02-22,18.724084854125977,19.182260513305664,18.381980895996094,18.68132209777832,6.145211696624756,2410706,SO
2001-02-23,18.68132209777832,18.925682067871094,17.966569900512695,18.43085289001465,6.062821388244629,2728597,SO
2001-02-26,18.43085289001465,18.71186637878418,18.42474365234375,18.601905822753906,6.119089603424072,2029956,SO
2001-02-27,18.571359634399414,18.84626579284668,18.52248764038086,18.834047317504883,6.1954545974731445,2328368,SO
2001-02-28,18.815719604492188,18.986772537231445,18.479724884033203,18.9073543548584,6.219567775726318,3251760,SO
2001-03-01,18.93790054321289,19.151714324951172,18.736303329467773,18.925682067871094,6.225593566894531,3256670,SO
2001-03-02,19.121170043945312,19.200586318969727,18.815719604492188,19.121170043945312,6.28989839553833,3928466,SO
2001-03-05,19.182260513305664,19.298330307006836,19.017316818237305,19.188369750976562,6.312007904052734,1588476,SO
2001-03-06,19.194477081298828,19.212804794311523,19.005098342895508,19.090625762939453,6.279852390289307,1816828,SO
2001-03-07,19.09673309326172,19.194477081298828,18.84626579284668,18.913463592529297,6.221575736999512,3006711,SO
2001-03-08,19.06618881225586,19.16393280029297,18.9012451171875,19.03564453125,6.26176643371582,2340645,SO
2001-03-09,18.99898910522461,19.0295352935791,18.821828842163086,18.9073543548584,6.219567775726318,2413325,SO
2001-03-12,18.693540573120117,19.0295352935791,18.675212860107422,18.815719604492188,6.189423084259033,2416926,SO
2001-03-13,18.815719604492188,18.815719604492188,18.473615646362305,18.491943359375,6.0829176902771,2551154,SO
2001-03-14,18.388090133666992,18.479724884033203,18.07042121887207,18.131511688232422,5.964355945587158,2864626,SO
2001-03-15,19.200586318969727,19.475492477416992,18.980663299560547,19.389965057373047,6.378324508666992,8449828,SO
2001-03-16,19.389965057373047,19.719852447509766,19.341093063354492,19.408292770385742,6.3843488693237305,5854641,SO
2001-03-19,19.457164764404297,19.89701271057129,19.457164764404297,19.713743209838867,6.484828472137451,4449010,SO
2001-03-20,19.713743209838867,20.159700393676758,19.646543502807617,19.86035919189453,6.533056735992432,4524636,SO
2001-03-21,19.79315948486328,20.123046875,19.79315948486328,19.945884704589844,6.561189651489258,7507612,SO
2001-03-22,19.945884704589844,20.08028221130371,19.12727928161621,19.548799514770508,6.430570125579834,4333115,SO
2001-03-23,19.396074295043945,19.762615203857422,19.145605087280273,19.389965057373047,6.378324508666992,3848584,SO
2001-03-26,19.51825523376465,20.465150833129883,19.457164764404297,20.306316375732422,6.679756164550781,3983140,SO
2001-03-27,20.22079086303711,20.75838279724121,20.22079086303711,20.59343910217285,6.774205207824707,3619087,SO
2001-03-28,20.770599365234375,21.033287048339844,20.709510803222656,20.935543060302734,6.886737823486328,4158946,SO
2001-03-29,20.935543060302734,21.13714027404785,20.617874145507812,21.10659408569336,6.943006992340088,4247176,SO
2001-03-30,21.259319305419922,21.65029525756836,21.210447311401367,21.436481475830078,7.051520824432373,4935178,SO
2001-04-02,21.534225463867188,21.821348190307617,21.308191299438477,21.55866050720215,7.091713905334473,4317728,SO
2001-04-03,21.950000762939453,22.239999771118164,21.649999618530273,22.100000381469727,7.269785404205322,7266200,SO
2001-04-04,22.100000381469727,22.229999542236328,21.700000762939453,21.899999618530273,7.203997611999512,7805600,SO
2001-04-05,21.850000381469727,22.100000381469727,21.610000610351562,22.059999465942383,7.256627559661865,2660600,SO
2001-04-06,22.0,22.059999465942383,20.889999389648438,21.469999313354492,7.0625481605529785,5118300,SO
2001-04-09,21.469999313354492,22.350000381469727,21.469999313354492,21.989999771118164,7.233601093292236,2692700,SO
2001-04-10,22.0,22.350000381469727,21.899999618530273,22.280000686645508,7.3289923667907715,2828900,SO
2001-04-11,22.75,22.75,22.0,22.389999389648438,7.365180015563965,3256000,SO
2001-04-12,22.0,22.290000915527344,21.829999923706055,22.170000076293945,7.292812347412109,2127000,SO
2001-04-16,22.260000228881836,22.75,22.100000381469727,22.600000381469727,7.434263706207275,1518900,SO
2001-04-17,22.600000381469727,23.0,22.540000915527344,22.989999771118164,7.562551975250244,2227200,SO
2001-04-18,23.0,23.25,22.489999771118164,22.799999237060547,7.500049591064453,3528400,SO
2001-04-19,22.600000381469727,22.850000381469727,22.209999084472656,22.309999465942383,7.338866710662842,2583500,SO
2001-04-20,22.559999465942383,22.799999237060547,22.0,22.360000610351562,7.3553147315979,2149000,SO
2001-04-23,22.649999618530273,22.790000915527344,22.399999618530273,22.68000030517578,7.460575103759766,1717700,SO
2001-04-24,23.100000381469727,23.18000030517578,22.75,23.170000076293945,7.62176513671875,2002500,SO
2001-04-25,23.639999389648438,23.639999389648438,23.100000381469727,23.299999237060547,7.664522647857666,1949500,SO
2001-04-26,23.5,23.75,23.299999237060547,23.329999923706055,7.674393177032471,2273400,SO
2001-04-27,23.5,23.5,22.920000076293945,23.059999465942383,7.585573196411133,2057300,SO
2001-04-30,23.139999389648438,23.469999313354492,23.059999465942383,23.389999389648438,7.694133281707764,1823600,SO
2001-05-01,23.389999389648438,23.649999618530273,23.0,23.350000381469727,7.68097448348999,3418500,SO
2001-05-02,23.200000762939453,23.209999084472656,22.799999237060547,23.079999923706055,7.59215784072876,4850500,SO
2001-05-03,22.739999771118164,22.799999237060547,22.200000762939453,22.3700008392334,7.466983795166016,2566200,SO
2001-05-04,22.3700008392334,22.5,22.100000381469727,22.459999084472656,7.497023105621338,1797200,SO
2001-05-07,22.799999237060547,22.850000381469727,22.420000076293945,22.59000015258789,7.540416240692139,1387100,SO
2001-05-08,22.59000015258789,22.59000015258789,22.18000030517578,22.450000762939453,7.493685245513916,1297900,SO
2001-05-09,22.469999313354492,22.739999771118164,22.329999923706055,22.5,7.51038122177124,1315300,SO
2001-05-10,22.5,22.799999237060547,22.479999542236328,22.760000228881836,7.597161769866943,1191800,SO
2001-05-11,22.780000686645508,22.8799991607666,22.420000076293945,22.600000381469727,7.543759346008301,1102800,SO
2001-05-14,22.68000030517578,22.850000381469727,22.549999237060547,22.68000030517578,7.57045841217041,1519600,SO
2001-05-15,22.780000686645508,22.799999237060547,22.309999465942383,22.440000534057617,7.490348815917969,1431900,SO
2001-05-16,22.549999237060547,22.670000076293945,22.049999237060547,22.5,7.51038122177124,2544800,SO
2001-05-17,22.6200008392334,22.6200008392334,22.360000610351562,22.59000015258789,7.540416240692139,1577900,SO
2001-05-18,22.59000015258789,22.600000381469727,22.360000610351562,22.5,7.51038122177124,1894700,SO
2001-05-21,22.399999618530273,22.59000015258789,22.399999618530273,22.530000686645508,7.520391464233398,2328200,SO
2001-05-22,22.600000381469727,22.760000228881836,22.489999771118164,22.709999084472656,7.580474376678467,1909300,SO
2001-05-23,22.950000762939453,23.100000381469727,22.799999237060547,22.950000762939453,7.660583019256592,2437800,SO
2001-05-24,23.100000381469727,23.229999542236328,22.899999618530273,23.079999923706055,7.703979015350342,1460700,SO
2001-05-25,23.0,23.079999923706055,22.75,22.90999984741211,7.647231101989746,1576700,SO
2001-05-29,22.799999237060547,22.899999618530273,22.649999618530273,22.799999237060547,7.6105146408081055,2464500,SO
2001-05-30,23.0,23.190000534057617,22.84000015258789,23.079999923706055,7.703979015350342,1629300,SO
2001-05-31,22.899999618530273,23.56999969482422,22.899999618530273,23.540000915527344,7.857527732849121,1244600,SO
2001-06-01,23.540000915527344,23.540000915527344,23.1200008392334,23.219999313354492,7.75070858001709,1466100,SO
2001-06-04,23.600000381469727,23.75,23.299999237060547,23.68000030517578,7.904253959655762,1486000,SO
2001-06-05,23.700000762939453,23.850000381469727,23.600000381469727,23.760000228881836,7.930954933166504,3546000,SO
2001-06-06,23.770000457763672,23.8799991607666,23.25,23.290000915527344,7.77407169342041,1753000,SO
2001-06-07,23.299999237060547,23.5,22.799999237060547,22.989999771118164,7.6739373207092285,2252500,SO
2001-06-08,23.0,23.139999389648438,22.81999969482422,22.989999771118164,7.6739373207092285,1082100,SO
2001-06-11,23.139999389648438,23.450000762939453,23.049999237060547,23.200000762939453,7.744035243988037,1852500,SO
2001-06-12,23.200000762939453,23.3700008392334,23.0,23.25,7.760719299316406,1395800,SO
2001-06-13,23.299999237060547,23.360000610351562,22.809999465942383,22.950000762939453,7.660583019256592,1321600,SO
2001-06-14,23.0,23.010000228881836,22.43000030517578,22.469999313354492,7.500365734100342,1490900,SO
2001-06-15,22.290000915527344,23.149999618530273,22.290000915527344,22.709999084472656,7.580474376678467,2310400,SO
2001-06-18,22.719999313354492,23.15999984741211,22.719999313354492,22.770000457763672,7.600498676300049,1350500,SO
2001-06-19,22.760000228881836,23.040000915527344,22.700000762939453,23.0,7.67727518081665,1525500,SO
2001-06-20,23.149999618530273,23.5,23.100000381469727,23.399999618530273,7.810787200927734,1813600,SO
2001-06-21,23.149999618530273,23.3700008392334,22.549999237060547,23.020000457763672,7.6839518547058105,2102100,SO
2001-06-22,23.020000457763672,23.25,22.700000762939453,23.149999618530273,7.72734260559082,1241200,SO
2001-06-25,23.190000534057617,23.43000030517578,22.850000381469727,23.059999465942383,7.697297096252441,839600,SO
2001-06-26,23.06999969482422,23.399999618530273,22.860000610351562,23.350000381469727,7.79410457611084,1116700,SO
2001-06-27,23.450000762939453,23.729999542236328,23.360000610351562,23.6200008392334,7.884227752685547,1184000,SO
2001-06-28,23.6299991607666,23.75,23.299999237060547,23.489999771118164,7.84083890914917,1178200,SO
2001-06-29,23.440000534057617,23.489999771118164,22.979999542236328,23.25,7.760719299316406,2287500,SO
2001-07-02,23.25,23.309999465942383,23.030000686645508,23.309999465942383,7.78074836730957,1371200,SO
2001-07-03,23.3700008392334,23.3799991607666,23.18000030517578,23.329999923706055,7.787426471710205,1109100,SO
2001-07-05,23.25,23.399999618530273,23.100000381469727,23.299999237060547,7.77741003036499,1662400,SO
2001-07-06,23.219999313354492,23.3700008392334,23.110000610351562,23.170000076293945,7.734023094177246,1654700,SO
2001-07-09,23.350000381469727,23.489999771118164,23.18000030517578,23.3799991607666,7.80411434173584,1048100,SO
2001-07-10,23.350000381469727,23.579999923706055,23.110000610351562,23.56999969482422,7.8675384521484375,986600,SO
2001-07-11,23.68000030517578,23.75,23.270000457763672,23.399999618530273,7.810787200927734,1173300,SO
2001-07-12,23.170000076293945,23.329999923706055,23.15999984741211,23.25,7.760719299316406,1186400,SO
2001-07-13,23.389999389648438,23.389999389648438,23.149999618530273,23.34000015258789,7.790768146514893,1069300,SO
2001-07-16,23.389999389648438,23.829999923706055,23.329999923706055,23.6200008392334,7.884227752685547,1474500,SO
2001-07-17,23.6200008392334,23.860000610351562,23.43000030517578,23.579999923706055,7.870877265930176,819800,SO
2001-07-18,23.5,23.84000015258789,23.3700008392334,23.56999969482422,7.8675384521484375,917000,SO
2001-07-19,23.709999084472656,23.790000915527344,23.309999465942383,23.399999618530273,7.810787200927734,1389900,SO
2001-07-20,23.649999618530273,23.68000030517578,22.950000762939453,23.049999237060547,7.693963527679443,1708100,SO
2001-07-23,23.100000381469727,23.25,22.399999618530273,22.829999923706055,7.620527267456055,1583600,SO
2001-07-24,22.829999923706055,22.84000015258789,22.399999618530273,22.59000015258789,7.540416240692139,1982900,SO
2001-07-25,22.260000228881836,22.75,22.049999237060547,22.450000762939453,7.493685245513916,3751600,SO
2001-07-26,22.5,23.0,22.350000381469727,22.969999313354492,7.667265892028809,2454700,SO
2001-07-27,22.969999313354492,23.040000915527344,22.549999237060547,22.979999542236328,7.670597553253174,1632400,SO
2001-07-30,22.979999542236328,23.5,22.459999084472656,23.489999771118164,7.84083890914917,2052000,SO
2001-07-31,23.489999771118164,23.719999313354492,23.309999465942383,23.5,7.84417200088501,1425900,SO
2001-08-01,23.450000762939453,23.739999771118164,23.34000015258789,23.610000610351562,7.880888938903809,4981500,SO
2001-08-02,23.700000762939453,23.790000915527344,23.43000030517578,23.600000381469727,7.990932464599609,10025600,SO
2001-08-03,23.649999618530273,24.219999313354492,23.3799991607666,24.200000762939453,8.194090843200684,2355100,SO
2001-08-06,23.940000534057617,23.950000762939453,23.200000762939453,23.399999618530273,7.923211097717285,1293300,SO
2001-08-07,23.3700008392334,23.690000534057617,23.350000381469727,23.59000015258789,7.987550735473633,1096500,SO
2001-08-08,23.59000015258789,23.610000610351562,23.020000457763672,23.170000076293945,7.845334529876709,1358600,SO
2001-08-09,23.0,23.479999542236328,23.0,23.440000534057617,7.936759948730469,1488000,SO
2001-08-10,23.0,23.309999465942383,23.0,23.149999618530273,7.83856201171875,1908700,SO
2001-08-13,23.389999389648438,23.389999389648438,22.920000076293945,22.969999313354492,7.777617454528809,1146000,SO
2001-08-14,23.09000015258789,23.200000762939453,22.899999618530273,23.09000015258789,7.818248748779297,1025500,SO
2001-08-15,23.18000030517578,23.229999542236328,22.799999237060547,22.959999084472656,7.77423095703125,1087200,SO
2001-08-16,22.850000381469727,23.18000030517578,22.850000381469727,23.149999618530273,7.83856201171875,800200,SO
2001-08-17,22.899999618530273,23.18000030517578,22.799999237060547,22.8700008392334,7.743757247924805,830800,SO
2001-08-20,23.110000610351562,23.190000534057617,22.940000534057617,23.0,7.787774562835693,704600,SO
2001-08-21,23.239999771118164,23.239999771118164,22.899999618530273,22.969999313354492,7.777617454528809,958300,SO
2001-08-22,22.989999771118164,23.399999618530273,22.81999969482422,23.290000915527344,7.885967254638672,1480100,SO
2001-08-23,23.299999237060547,23.450000762939453,23.059999465942383,23.15999984741211,7.841952323913574,570200,SO
2001-08-24,23.3799991607666,23.3799991607666,23.1299991607666,23.15999984741211,7.841952323913574,862700,SO
2001-08-27,23.25,23.600000381469727,23.25,23.360000610351562,7.909668445587158,1290200,SO
2001-08-28,23.389999389648438,23.600000381469727,23.200000762939453,23.3799991607666,7.916438579559326,1159800,SO
2001-08-29,23.450000762939453,23.549999237060547,23.25,23.299999237060547,7.889352798461914,856100,SO
2001-08-30,23.299999237060547,23.59000015258789,22.950000762939453,23.0,7.787774562835693,1084700,SO
2001-08-31,23.239999771118164,23.469999313354492,23.0,23.170000076293945,7.845334529876709,1377300,SO
2001-09-04,23.25,23.579999923706055,23.239999771118164,23.3700008392334,7.913053035736084,842300,SO
2001-09-05,23.450000762939453,23.59000015258789,23.260000228881836,23.3799991607666,7.916438579559326,1189800,SO
2001-09-06,23.5,23.739999771118164,23.459999084472656,23.600000381469727,7.990932464599609,1747600,SO
2001-09-07,23.739999771118164,24.0,23.510000228881836,23.860000610351562,8.078967094421387,1675600,SO
2001-09-10,23.860000610351562,23.989999771118164,23.549999237060547,23.729999542236328,8.034953117370605,1452500,SO
2001-09-17,24.100000381469727,24.399999618530273,23.729999542236328,23.950000762939453,8.109442710876465,4130300,SO
2001-09-18,23.799999237060547,24.5,23.799999237060547,24.239999771118164,8.207637786865234,3134800,SO
2001-09-19,24.5,24.950000762939453,24.40999984741211,24.739999771118164,8.37693977355957,3877200,SO
2001-09-20,24.75,25.850000381469727,24.649999618530273,25.649999618530273,8.685059547424316,3657300,SO
2001-09-21,25.299999237060547,26.0,25.299999237060547,25.549999237060547,8.651201248168945,3942500,SO
2001-09-24,25.700000762939453,25.850000381469727,24.799999237060547,25.049999237060547,8.481901168823242,2254300,SO
2001-09-25,25.049999237060547,25.190000534057617,24.399999618530273,24.5,8.295671463012695,2810400,SO
2001-09-26,24.229999542236328,24.479999542236328,24.0,24.270000457763672,8.217795372009277,2415200,SO
2001-09-27,24.270000457763672,24.270000457763672,23.649999618530273,23.799999237060547,8.058650970458984,2610800,SO
2001-09-28,24.0,24.389999389648438,23.760000228881836,23.979999542236328,8.119600296020508,2385100,SO
2001-10-01,23.979999542236328,24.8700008392334,23.799999237060547,24.799999237060547,8.397253036499023,2055900,SO
2001-10-02,24.799999237060547,25.040000915527344,24.670000076293945,25.040000915527344,8.478517532348633,1733500,SO
2001-10-03,25.200000762939453,25.700000762939453,25.149999618530273,25.549999237060547,8.651201248168945,2406800,SO
2001-10-04,25.549999237060547,25.790000915527344,25.209999084472656,25.56999969482422,8.657975196838379,1922400,SO
2001-10-05,25.739999771118164,25.979999542236328,25.450000762939453,25.8700008392334,8.759554862976074,1236100,SO
2001-10-08,25.729999542236328,25.8700008392334,25.510000228881836,25.709999084472656,8.705377578735352,792800,SO
2001-10-09,25.549999237060547,25.739999771118164,24.950000762939453,25.06999969482422,8.488673210144043,1001900,SO
2001-10-10,25.170000076293945,25.170000076293945,24.639999389648438,24.979999542236328,8.458196640014648,1846400,SO
2001-10-11,24.850000381469727,24.899999618530273,24.25,24.399999618530273,8.261813163757324,2455300,SO
2001-10-12,24.200000762939453,24.729999542236328,24.100000381469727,24.549999237060547,8.312601089477539,1285000,SO
2001-10-15,24.299999237060547,25.0,24.270000457763672,24.979999542236328,8.458196640014648,1827400,SO
2001-10-16,24.989999771118164,25.530000686645508,24.81999969482422,25.450000762939453,8.61734390258789,1925200,SO
2001-10-17,25.510000228881836,25.600000381469727,25.030000686645508,25.360000610351562,8.58686351776123,1126500,SO
2001-10-18,25.360000610351562,25.440000534057617,24.649999618530273,24.760000228881836,8.383708953857422,828600,SO
2001-10-19,24.770000457763672,25.290000915527344,24.520000457763672,25.15999984741211,8.519146919250488,791800,SO
2001-10-22,25.100000381469727,25.100000381469727,24.43000030517578,24.829999923706055,8.40740966796875,1686800,SO
2001-10-23,24.979999542236328,25.010000228881836,24.510000228881836,24.649999618530273,8.346464157104492,1187700,SO
2001-10-24,24.850000381469727,24.889999389648438,24.110000610351562,24.200000762939453,8.194090843200684,1852900,SO
2001-10-25,24.18000030517578,24.280000686645508,23.969999313354492,24.270000457763672,8.217795372009277,2640100,SO
2001-10-26,24.299999237060547,24.399999618530273,24.030000686645508,24.190000534057617,8.190706253051758,1868900,SO
2001-10-29,24.280000686645508,24.440000534057617,24.149999618530273,24.31999969482422,8.234724998474121,1221800,SO
2001-10-30,24.25,24.350000381469727,24.0,24.049999237060547,8.143301963806152,1400400,SO
2001-10-31,24.299999237060547,24.299999237060547,23.81999969482422,23.899999618530273,8.092510223388672,5564400,SO
2001-11-01,23.780000686645508,24.040000915527344,23.559999465942383,24.0,8.24189567565918,6842800,SO
2001-11-02,23.799999237060547,23.899999618530273,23.299999237060547,23.5,8.0701904296875,1442900,SO
2001-11-05,23.5,24.239999771118164,23.5,24.200000762939453,8.310580253601074,2098500,SO
2001-11-06,24.440000534057617,24.440000534057617,24.059999465942383,24.280000686645508,8.338052749633789,1612800,SO
2001-11-07,24.25,24.329999923706055,23.950000762939453,24.0,8.24189567565918,1075100,SO
2001-11-08,24.0,24.280000686645508,23.899999618530273,24.110000610351562,8.279675483703613,2182600,SO
2001-11-09,24.200000762939453,24.280000686645508,23.90999984741211,24.18000030517578,8.3037109375,1374200,SO
2001-11-12,24.270000457763672,24.270000457763672,23.979999542236328,24.030000686645508,8.252199172973633,963300,SO
2001-11-13,24.010000228881836,24.100000381469727,23.799999237060547,24.0,8.24189567565918,1207800,SO
2001-11-14,24.020000457763672,24.020000457763672,23.530000686645508,23.649999618530273,8.121703147888184,1186000,SO
2001-11-15,23.8799991607666,23.979999542236328,23.299999237060547,23.43000030517578,8.04615306854248,1218500,SO
2001-11-16,23.520000457763672,23.690000534057617,23.450000762939453,23.600000381469727,8.104533195495605,1224200,SO
2001-11-19,23.729999542236328,23.739999771118164,23.110000610351562,23.200000762939453,7.967170238494873,1372000,SO
2001-11-20,23.399999618530273,23.739999771118164,23.25,23.6299991607666,8.114831924438477,1416500,SO
2001-11-21,23.520000457763672,23.579999923706055,23.059999465942383,23.270000457763672,7.991206645965576,744600,SO
2001-11-23,23.489999771118164,23.549999237060547,23.139999389648438,23.5,8.0701904296875,415100,SO
2001-11-26,23.5,23.549999237060547,23.299999237060547,23.5,8.0701904296875,1139700,SO
2001-11-27,23.149999618530273,23.530000686645508,23.149999618530273,23.309999465942383,8.004940032958984,1681200,SO
2001-11-28,23.450000762939453,23.489999771118164,22.799999237060547,23.0,7.898487091064453,2225000,SO
2001-11-29,22.850000381469727,22.940000534057617,22.700000762939453,22.75,7.8126301765441895,2917100,SO
2001-11-30,23.0,23.0,22.600000381469727,22.75,7.8126301765441895,3944600,SO
2001-12-03,22.899999618530273,22.93000030517578,22.709999084472656,22.809999465942383,7.833234786987305,1339000,SO
2001-12-04,22.790000915527344,22.969999313354492,22.709999084472656,22.959999084472656,7.884748458862305,2143500,SO
2001-12-05,23.25,23.25,22.8799991607666,22.940000534057617,7.877879619598389,1946400,SO
2001-12-06,23.079999923706055,23.079999923706055,22.5,22.6200008392334,7.767988681793213,1836900,SO
2001-12-07,22.860000610351562,23.049999237060547,22.5,22.790000915527344,7.8263678550720215,2196000,SO
2001-12-10,22.790000915527344,22.829999923706055,22.549999237060547,22.700000762939453,7.795462608337402,1665800,SO
2001-12-11,22.530000686645508,22.75,22.299999237060547,22.350000381469727,7.675266742706299,1740900,SO
2001-12-12,22.729999542236328,22.950000762939453,22.389999389648438,22.920000076293945,7.871013641357422,4433600,SO
2001-12-13,23.0,23.389999389648438,22.81999969482422,23.360000610351562,8.022109985351562,2828400,SO
2001-12-14,23.360000610351562,23.3799991607666,23.110000610351562,23.270000457763672,7.991206645965576,1939100,SO
2001-12-17,23.299999237060547,23.389999389648438,23.049999237060547,23.299999237060547,8.001504898071289,1651600,SO
2001-12-18,23.5,23.899999618530273,23.3700008392334,23.780000686645508,8.166346549987793,1984000,SO
2001-12-19,23.899999618530273,24.790000915527344,23.6200008392334,24.65999984741211,8.468548774719238,3416000,SO
2001-12-20,24.65999984741211,24.690000534057617,24.149999618530273,24.450000762939453,8.396431922912598,2665400,SO
2001-12-21,24.459999084472656,24.719999313354492,24.34000015258789,24.520000457763672,8.420469284057617,2355400,SO
2001-12-24,24.649999618530273,25.0,24.649999618530273,24.959999084472656,8.571573257446289,761900,SO
2001-12-26,24.959999084472656,25.510000228881836,24.81999969482422,25.350000381469727,8.705503463745117,1538700,SO
2001-12-27,25.600000381469727,25.639999389648438,25.229999542236328,25.399999618530273,8.722673416137695,1605000,SO
2001-12-28,25.25,25.540000915527344,24.889999389648438,25.399999618530273,8.722673416137695,1991600,SO
2001-12-31,25.399999618530273,25.690000534057617,25.229999542236328,25.350000381469727,8.705503463745117,1222300,SO
2002-01-02,25.270000457763672,25.559999465942383,24.75,25.5,8.7570161819458,1662200,SO
2002-01-03,25.25,25.34000015258789,24.959999084472656,25.139999389648438,8.633387565612793,1330000,SO
2002-01-04,25.09000015258789,25.100000381469727,24.729999542236328,24.809999465942383,8.520058631896973,1151200,SO
2002-01-07,24.68000030517578,24.940000534057617,24.6299991607666,24.780000686645508,8.509759902954102,1537600,SO
2002-01-08,24.68000030517578,24.920000076293945,24.600000381469727,24.690000534057617,8.478856086730957,912000,SO
2002-01-09,24.559999465942383,24.860000610351562,24.510000228881836,24.520000457763672,8.420469284057617,958300,SO
2002-01-10,24.559999465942383,24.760000228881836,24.510000228881836,24.68000030517578,8.47541618347168,1116500,SO
2002-01-11,24.729999542236328,24.940000534057617,24.649999618530273,24.739999771118164,8.496026039123535,1577000,SO
2002-01-14,24.700000762939453,25.190000534057617,24.530000686645508,25.100000381469727,8.61965560913086,1714400,SO
2002-01-15,25.100000381469727,25.329999923706055,25.030000686645508,25.25,8.671164512634277,1281300,SO
2002-01-16,25.25,25.3700008392334,25.059999465942383,25.209999084472656,8.657426834106445,1368000,SO
2002-01-17,25.049999237060547,25.149999618530273,24.850000381469727,25.079999923706055,8.612778663635254,1616200,SO
2002-01-18,25.06999969482422,25.360000610351562,25.049999237060547,25.280000686645508,8.681466102600098,2494600,SO
2002-01-22,25.200000762939453,25.209999084472656,24.889999389648438,25.0,8.585310935974121,1555600,SO
2002-01-23,24.75,24.989999771118164,24.719999313354492,24.770000457763672,8.506325721740723,1230800,SO
2002-01-24,24.950000762939453,25.239999771118164,24.850000381469727,25.09000015258789,8.616217613220215,1431800,SO
2002-01-25,25.0,25.030000686645508,24.780000686645508,24.8799991607666,8.544100761413574,1560700,SO
2002-01-28,24.799999237060547,24.90999984741211,24.75,24.84000015258789,8.530365943908691,992900,SO
2002-01-29,25.09000015258789,25.149999618530273,24.549999237060547,24.549999237060547,8.43077278137207,1567700,SO
2002-01-30,24.510000228881836,24.760000228881836,24.200000762939453,24.489999771118164,8.410170555114746,3143000,SO
2002-01-31,24.399999618530273,24.729999542236328,24.25,24.649999618530273,8.582515716552734,1767900,SO
2002-02-01,24.549999237060547,24.739999771118164,24.5,24.649999618530273,8.582515716552734,1082700,SO
2002-02-04,24.729999542236328,24.799999237060547,24.489999771118164,24.6200008392334,8.572067260742188,1346500,SO
2002-02-05,24.799999237060547,24.850000381469727,24.280000686645508,24.549999237060547,8.547698020935059,1263400,SO
2002-02-06,24.350000381469727,24.690000534057617,24.260000228881836,24.5,8.530289649963379,1409800,SO
2002-02-07,24.6299991607666,25.0,24.56999969482422,24.850000381469727,8.652153015136719,1318600,SO
2002-02-08,24.850000381469727,25.0,24.6299991607666,24.989999771118164,8.70089340209961,1259000,SO
2002-02-11,24.950000762939453,25.049999237060547,24.65999984741211,24.989999771118164,8.70089340209961,907000,SO
2002-02-12,25.0,25.239999771118164,24.799999237060547,24.90999984741211,8.673038482666016,1575900,SO
2002-02-13,25.0,25.290000915527344,24.90999984741211,25.239999771118164,8.78794002532959,1136400,SO
2002-02-14,25.290000915527344,25.3799991607666,25.110000610351562,25.290000915527344,8.805350303649902,1175300,SO
2002-02-15,25.360000610351562,25.520000457763672,25.0,25.020000457763672,8.711341857910156,1832500,SO
2002-02-19,25.079999923706055,25.200000762939453,24.760000228881836,24.809999465942383,8.638221740722656,1336200,SO
2002-02-20,24.940000534057617,25.079999923706055,24.559999465942383,25.040000915527344,8.718306541442871,1222900,SO
2002-02-21,25.09000015258789,25.18000030517578,24.760000228881836,24.760000228881836,8.62081527709961,722600,SO
2002-02-22,24.760000228881836,25.200000762939453,24.670000076293945,25.1299991607666,8.749641418457031,1300200,SO
2002-02-25,25.100000381469727,25.5,25.0,25.399999618530273,8.843644142150879,1705900,SO
2002-02-26,25.399999618530273,25.450000762939453,25.1200008392334,25.299999237060547,8.808829307556152,1543200,SO
2002-02-27,25.299999237060547,25.6299991607666,25.229999542236328,25.530000686645508,8.888906478881836,1510500,SO
2002-02-28,25.530000686645508,25.639999389648438,25.3700008392334,25.399999618530273,8.843644142150879,1066100,SO
2002-03-01,25.59000015258789,25.700000762939453,25.420000076293945,25.649999618530273,8.930691719055176,1463800,SO
2002-03-04,25.600000381469727,25.989999771118164,25.559999465942383,25.809999465942383,8.986398696899414,2754500,SO
2002-03-05,25.889999389648438,26.09000015258789,25.829999923706055,26.059999465942383,9.073441505432129,1758200,SO
2002-03-06,26.06999969482422,26.25,25.75,26.170000076293945,9.111745834350586,1932000,SO
2002-03-07,26.670000076293945,26.670000076293945,25.56999969482422,26.18000030517578,9.115225791931152,3284200,SO
2002-03-08,26.209999084472656,26.239999771118164,25.899999618530273,26.040000915527344,9.066483497619629,1251800,SO
2002-03-11,26.1299991607666,26.1299991607666,25.850000381469727,25.989999771118164,9.049066543579102,1407000,SO
2002-03-12,25.90999984741211,26.040000915527344,25.75,25.889999389648438,9.014250755310059,1282500,SO
2002-03-13,25.950000762939453,25.950000762939453,25.649999618530273,25.770000457763672,8.972472190856934,1325400,SO
2002-03-14,25.84000015258789,26.020000457763672,25.790000915527344,25.90999984741211,9.021215438842773,1153000,SO
2002-03-15,26.049999237060547,26.389999389648438,25.959999084472656,26.31999969482422,9.16396427154541,2345900,SO
2002-03-18,26.06999969482422,26.299999237060547,26.010000228881836,26.270000457763672,9.146560668945312,1226400,SO
2002-03-19,26.290000915527344,26.5,26.209999084472656,26.43000030517578,9.202268600463867,929200,SO
2002-03-20,26.5,26.5,26.06999969482422,26.290000915527344,9.153520584106445,927900,SO
2002-03-21,26.170000076293945,26.799999237060547,26.15999984741211,26.75,9.313679695129395,1416600,SO
2002-03-22,26.8700008392334,27.030000686645508,26.600000381469727,26.780000686645508,9.324129104614258,1719600,SO
2002-03-25,26.700000762939453,26.809999465942383,26.420000076293945,26.520000457763672,9.233597755432129,1677800,SO
2002-03-26,26.68000030517578,26.709999084472656,26.450000762939453,26.649999618530273,9.278864860534668,2288700,SO
2002-03-27,26.690000534057617,26.690000534057617,26.440000534057617,26.65999984741211,9.2823486328125,2129400,SO
2002-03-28,26.68000030517578,26.899999618530273,26.360000610351562,26.489999771118164,9.223158836364746,1376300,SO
2002-04-01,26.299999237060547,26.600000381469727,26.25,26.5,9.226635932922363,924300,SO
2002-04-02,26.5,26.850000381469727,26.43000030517578,26.780000686645508,9.324129104614258,1466300,SO
2002-04-03,26.780000686645508,26.8799991607666,26.639999389648438,26.75,9.313679695129395,1256100,SO
2002-04-04,27.0,27.239999771118164,26.8799991607666,26.969999313354492,9.390283584594727,1807300,SO
2002-04-05,27.290000915527344,27.299999237060547,26.610000610351562,26.690000534057617,9.292791366577148,1592300,SO
2002-04-08,26.690000534057617,26.829999923706055,26.440000534057617,26.829999923706055,9.341531753540039,838000,SO
2002-04-09,26.790000915527344,26.889999389648438,26.6200008392334,26.709999084472656,9.299756050109863,1326000,SO
2002-04-10,26.649999618530273,27.049999237060547,26.649999618530273,26.799999237060547,9.331092834472656,1866400,SO
2002-04-11,26.950000762939453,26.969999313354492,26.450000762939453,26.450000762939453,9.209233283996582,1462500,SO
2002-04-12,26.450000762939453,26.739999771118164,26.40999984741211,26.739999771118164,9.310197830200195,1427400,SO
2002-04-15,26.690000534057617,26.700000762939453,26.260000228881836,26.270000457763672,9.146560668945312,1470900,SO
2002-04-16,26.520000457763672,26.75,26.399999618530273,26.690000534057617,9.292791366577148,1091700,SO
2002-04-17,26.8700008392334,26.989999771118164,26.719999313354492,26.979999542236328,9.393763542175293,1178900,SO
2002-04-18,27.0,27.75,26.90999984741211,27.75,9.66186237335205,2468700,SO
2002-04-19,27.799999237060547,28.350000381469727,27.3700008392334,28.290000915527344,9.849875450134277,2629600,SO
2002-04-22,28.25,28.5,27.899999618530273,28.100000381469727,9.78371810913086,1878500,SO
2002-04-23,28.149999618530273,28.540000915527344,27.969999313354492,28.290000915527344,9.849875450134277,1711900,SO
2002-04-24,28.489999771118164,28.489999771118164,27.860000610351562,27.989999771118164,9.745421409606934,1582600,SO
2002-04-25,27.700000762939453,28.049999237060547,27.610000610351562,27.770000457763672,9.668822288513184,1389000,SO
2002-04-26,27.979999542236328,27.979999542236328,27.540000915527344,27.649999618530273,9.62704086303711,1063300,SO
2002-04-29,27.549999237060547,27.979999542236328,27.520000457763672,27.940000534057617,9.728011131286621,1653700,SO
2002-04-30,28.239999771118164,28.399999618530273,28.010000228881836,28.350000381469727,9.870762825012207,2057300,SO
2002-05-01,28.200000762939453,28.280000686645508,27.889999389648438,28.15999984741211,9.804605484008789,1588200,SO
2002-05-02,27.899999618530273,28.06999969482422,27.549999237060547,28.06999969482422,9.890937805175781,2426100,SO
2002-05-03,28.100000381469727,28.190000534057617,27.809999465942383,28.170000076293945,9.926177978515625,1104800,SO
2002-05-06,28.270000457763672,28.59000015258789,28.190000534057617,28.3799991607666,10.000176429748535,1491900,SO
2002-05-07,28.649999618530273,28.649999618530273,28.100000381469727,28.270000457763672,9.96141242980957,1505200,SO
2002-05-08,28.280000686645508,28.459999084472656,27.920000076293945,28.389999389648438,10.00369644165039,1331000,SO
2002-05-09,28.299999237060547,28.530000686645508,28.059999465942383,28.170000076293945,9.926177978515625,1643600,SO
2002-05-10,28.200000762939453,28.299999237060547,27.809999465942383,27.889999389648438,9.827518463134766,1415000,SO
2002-05-13,27.90999984741211,28.329999923706055,27.639999389648438,28.1200008392334,9.908563613891602,1655000,SO
2002-05-14,28.049999237060547,28.200000762939453,27.850000381469727,28.1200008392334,9.908563613891602,1674900,SO
2002-05-15,28.1200008392334,28.1200008392334,27.579999923706055,27.68000030517578,9.753517150878906,1860300,SO
2002-05-16,27.770000457763672,27.780000686645508,26.920000076293945,27.020000457763672,9.520957946777344,1808700,SO
2002-05-17,27.049999237060547,27.200000762939453,25.75,26.440000534057617,9.316583633422852,4311500,SO
2002-05-20,26.549999237060547,26.979999542236328,26.540000915527344,26.850000381469727,9.461057662963867,2100800,SO
2002-05-21,26.950000762939453,27.139999389648438,26.809999465942383,27.030000686645508,9.524482727050781,1223300,SO
2002-05-22,27.100000381469727,28.040000915527344,27.100000381469727,27.920000076293945,9.838085174560547,1777400,SO
2002-05-23,27.850000381469727,28.25,27.850000381469727,28.079999923706055,9.894458770751953,1938400,SO
2002-05-24,28.200000762939453,28.239999771118164,27.690000534057617,27.809999465942383,9.79932689666748,1418900,SO
2002-05-28,28.010000228881836,28.030000686645508,27.489999771118164,27.670000076293945,9.749995231628418,1310200,SO
2002-05-29,27.59000015258789,27.59000015258789,27.100000381469727,27.280000686645508,9.612573623657227,1077200,SO
2002-05-30,27.200000762939453,27.649999618530273,27.110000610351562,27.299999237060547,9.619616508483887,989700,SO
2002-05-31,27.200000762939453,27.389999389648438,27.0,27.0,9.513908386230469,1114000,SO
2002-06-03,27.0,27.219999313354492,26.549999237060547,26.649999618530273,9.390582084655762,1453500,SO
2002-06-04,26.420000076293945,26.969999313354492,26.420000076293945,26.700000762939453,9.408197402954102,1255600,SO
2002-06-05,26.959999084472656,26.969999313354492,26.25,26.489999771118164,9.334198951721191,1235300,SO
2002-06-06,26.739999771118164,26.739999771118164,25.649999618530273,25.75,9.073451042175293,1584600,SO
2002-06-07,25.75,25.899999618530273,25.40999984741211,25.649999618530273,9.03821086883545,2311100,SO
2002-06-10,25.770000457763672,26.15999984741211,25.59000015258789,26.059999465942383,9.182677268981934,1933200,SO
2002-06-11,26.200000762939453,26.799999237060547,26.15999984741211,26.190000534057617,9.228493690490723,1729300,SO
2002-06-12,26.350000381469727,26.729999542236328,26.139999389648438,26.31999969482422,9.274301528930664,1113700,SO
2002-06-13,26.420000076293945,27.049999237060547,26.270000457763672,26.719999313354492,9.415243148803711,2191500,SO
2002-06-14,26.729999542236328,26.799999237060547,26.149999618530273,26.389999389648438,9.29896068572998,1182800,SO
2002-06-17,26.389999389648438,26.799999237060547,26.329999923706055,26.709999084472656,9.411721229553223,1545300,SO
2002-06-18,26.780000686645508,27.229999542236328,26.75,27.110000610351562,9.552663803100586,1703300,SO
2002-06-19,27.0,27.450000762939453,26.799999237060547,26.969999313354492,9.503339767456055,1371900,SO
2002-06-20,27.200000762939453,27.290000915527344,26.959999084472656,26.969999313354492,9.503339767456055,1298400,SO
2002-06-21,26.149999618530273,27.34000015258789,26.149999618530273,27.239999771118164,9.598474502563477,2568300,SO
2002-06-24,27.209999084472656,27.450000762939453,26.709999084472656,26.75,9.42581558227539,1691100,SO
2002-06-25,26.799999237060547,26.940000534057617,26.350000381469727,26.549999237060547,9.355340957641602,1917900,SO
2002-06-26,26.360000610351562,26.5,26.010000228881836,26.280000686645508,9.260205268859863,2102100,SO
2002-06-27,26.5,26.899999618530273,26.3700008392334,26.899999618530273,9.478667259216309,1787900,SO
2002-06-28,26.93000030517578,27.420000076293945,26.850000381469727,27.399999618530273,9.654852867126465,1591700,SO
2002-07-01,27.170000076293945,27.350000381469727,26.899999618530273,27.049999237060547,9.531522750854492,1292600,SO
2002-07-02,27.049999237060547,27.219999313354492,26.780000686645508,27.190000534057617,9.580851554870605,1918400,SO
2002-07-03,27.06999969482422,27.280000686645508,26.8799991607666,26.899999618530273,9.478667259216309,1939200,SO
2002-07-05,27.0,27.18000030517578,26.700000762939453,27.100000381469727,9.54914379119873,716400,SO
2002-07-08,27.010000228881836,27.18000030517578,26.510000228881836,26.670000076293945,9.397625923156738,1473600,SO
2002-07-09,26.75,26.940000534057617,26.329999923706055,26.329999923706055,9.277820587158203,1465300,SO
2002-07-10,26.329999923706055,26.5,25.34000015258789,25.5,8.985357284545898,2482900,SO
2002-07-11,25.299999237060547,26.229999542236328,25.25,26.020000457763672,9.168585777282715,2102700,SO
2002-07-12,25.989999771118164,26.0,24.670000076293945,25.290000915527344,8.911358833312988,4127200,SO
2002-07-15,24.940000534057617,26.200000762939453,23.700000762939453,26.200000762939453,9.232017517089844,3684200,SO
2002-07-16,25.959999084472656,26.239999771118164,25.059999465942383,25.139999389648438,8.858501434326172,2675900,SO
2002-07-17,25.389999389648438,25.770000457763672,24.899999618530273,25.440000534057617,8.964215278625488,1986400,SO
2002-07-18,25.389999389648438,25.420000076293945,24.850000381469727,24.989999771118164,8.805647850036621,1868500,SO
2002-07-19,24.75,24.75,23.510000228881836,23.889999389648438,8.418047904968262,3416000,SO
2002-07-22,24.25,25.25,23.8700008392334,24.479999542236328,8.625943183898926,3787800,SO
2002-07-23,24.549999237060547,24.989999771118164,23.75,23.969999313354492,8.446231842041016,4571000,SO
2002-07-24,23.84000015258789,26.170000076293945,23.219999313354492,26.170000076293945,9.221443176269531,4666600,SO
2002-07-25,26.170000076293945,27.0,25.799999237060547,26.920000076293945,9.48571491241455,3406100,SO
2002-07-26,27.0,27.25,26.309999465942383,26.639999389648438,9.387057304382324,2694600,SO
2002-07-29,26.989999771118164,27.149999618530273,26.100000381469727,26.6299991607666,9.38353157043457,2458400,SO
2002-07-30,26.799999237060547,28.299999237060547,26.700000762939453,28.260000228881836,9.957892417907715,3316100,SO
2002-07-31,28.260000228881836,28.799999237060547,27.799999237060547,28.780000686645508,10.141120910644531,4485000,SO
2002-08-01,28.200000762939453,28.450000762939453,27.350000381469727,27.549999237060547,9.824798583984375,4310500,SO
2002-08-02,27.549999237060547,27.989999771118164,27.34000015258789,27.639999389648438,9.856897354125977,2012200,SO
2002-08-05,27.799999237060547,28.290000915527344,27.719999313354492,28.010000228881836,9.988844871520996,1976800,SO
2002-08-06,28.190000534057617,29.0,28.190000534057617,28.860000610351562,10.291971206665039,2798300,SO
2002-08-07,28.989999771118164,29.200000762939453,28.350000381469727,28.600000381469727,10.199252128601074,3042800,SO
2002-08-08,28.559999465942383,28.829999923706055,28.139999389648438,28.790000915527344,10.267008781433105,1860600,SO
2002-08-09,27.950000762939453,28.969999313354492,27.950000762939453,28.440000534057617,10.142191886901855,2567000,SO
2002-08-12,28.170000076293945,28.690000534057617,28.0,28.139999389648438,10.03520679473877,4716300,SO
2002-08-13,28.139999389648438,28.219999313354492,27.770000457763672,27.780000686645508,9.906825065612793,2334800,SO
2002-08-14,28.0,28.989999771118164,27.8700008392334,28.989999771118164,10.338330268859863,1625300,SO
2002-08-15,28.770000457763672,29.0,28.190000534057617,28.31999969482422,10.09939956665039,2082700,SO
2002-08-16,28.299999237060547,28.389999389648438,27.760000228881836,28.0,9.985278129577637,1384500,SO
2002-08-19,28.0,28.1200008392334,27.649999618530273,28.059999465942383,10.006677627563477,1148900,SO
2002-08-20,28.059999465942383,28.200000762939453,27.520000457763672,28.0,9.985278129577637,1229700,SO
2002-08-21,28.149999618530273,28.56999969482422,27.809999465942383,28.56999969482422,10.188556671142578,1201800,SO
2002-08-22,28.5,29.1200008392334,28.5,29.020000457763672,10.349026679992676,1766000,SO
2002-08-23,29.020000457763672,29.020000457763672,28.31999969482422,28.3799991607666,10.120794296264648,1027100,SO
2002-08-26,28.5,28.8799991607666,28.40999984741211,28.729999542236328,10.245607376098633,1479400,SO
2002-08-27,28.889999389648438,28.979999542236328,28.3700008392334,28.459999084472656,10.149327278137207,1574100,SO
2002-08-28,28.459999084472656,28.690000534057617,28.010000228881836,28.6200008392334,10.206380844116211,1145000,SO
2002-08-29,28.450000762939453,28.790000915527344,28.200000762939453,28.399999618530273,10.127925872802734,1524000,SO
2002-08-30,28.40999984741211,29.239999771118164,28.200000762939453,28.959999084472656,10.327629089355469,2097100,SO
2002-09-03,29.100000381469727,29.139999389648438,28.200000762939453,28.270000457763672,10.081567764282227,1828000,SO
2002-09-04,28.299999237060547,28.549999237060547,27.829999923706055,28.200000762939453,10.05660343170166,1666200,SO
2002-09-05,28.209999084472656,28.5,27.81999969482422,28.399999618530273,10.127925872802734,1555300,SO
2002-09-06,28.649999618530273,28.770000457763672,28.260000228881836,28.559999465942383,10.184981346130371,1848900,SO
2002-09-09,28.559999465942383,28.889999389648438,27.93000030517578,28.649999618530273,10.217081069946289,1469800,SO
2002-09-10,28.600000381469727,28.600000381469727,27.670000076293945,27.860000610351562,9.93535041809082,1695400,SO
2002-09-11,27.860000610351562,27.950000762939453,27.350000381469727,27.600000381469727,9.842634201049805,1184000,SO
2002-09-12,27.360000610351562,27.530000686645508,26.75,26.850000381469727,9.575167655944824,1452400,SO
2002-09-13,26.5,27.280000686645508,26.5,27.149999618530273,9.682154655456543,1968500,SO
2002-09-16,26.950000762939453,27.290000915527344,26.639999389648438,27.290000915527344,9.732080459594727,1111200,SO
2002-09-17,27.530000686645508,27.790000915527344,26.719999313354492,26.799999237060547,9.55733585357666,1357800,SO
2002-09-18,26.75,28.5,26.75,28.25,10.074430465698242,2794900,SO
2002-09-19,27.799999237060547,28.139999389648438,27.6200008392334,27.719999313354492,9.88542652130127,2020000,SO
2002-09-20,27.3799991607666,28.309999465942383,26.969999313354492,28.280000686645508,10.085132598876953,4628800,SO
2002-09-23,28.149999618530273,28.260000228881836,27.350000381469727,27.729999542236328,9.888993263244629,1976700,SO
2002-09-24,27.729999542236328,28.059999465942383,27.170000076293945,27.81999969482422,9.921091079711914,2486200,SO
2002-09-25,27.809999465942383,28.6200008392334,27.5,28.510000228881836,10.167153358459473,2263500,SO
2002-09-26,28.700000762939453,29.0,28.469999313354492,28.90999984741211,10.309798240661621,2004900,SO
2002-09-27,28.90999984741211,29.0,28.399999618530273,28.59000015258789,10.19568920135498,2128000,SO
2002-09-30,28.549999237060547,28.899999618530273,28.100000381469727,28.780000686645508,10.263440132141113,2528200,SO
2002-10-01,28.760000228881836,29.239999771118164,28.440000534057617,29.18000030517578,10.406088829040527,2638200,SO
2002-10-02,29.18000030517578,29.3700008392334,28.690000534057617,28.84000015258789,10.284835815429688,2177800,SO
2002-10-03,29.06999969482422,29.329999923706055,28.719999313354492,29.020000457763672,10.349026679992676,2103200,SO
2002-10-04,28.649999618530273,29.049999237060547,28.299999237060547,28.68000030517578,10.227777481079102,2453500,SO
2002-10-07,28.780000686645508,29.75,28.709999084472656,29.360000610351562,10.4702787399292,3211200,SO
2002-10-08,29.719999313354492,29.719999313354492,28.049999237060547,29.059999465942383,10.36329460144043,7976800,SO
2002-10-09,28.899999618530273,28.899999618530273,27.010000228881836,27.010000228881836,9.632230758666992,4481400,SO
2002-10-10,26.729999542236328,29.030000686645508,26.700000762939453,28.889999389648438,10.302665710449219,4036000,SO
2002-10-11,29.149999618530273,29.329999923706055,28.270000457763672,28.860000610351562,10.291971206665039,2719000,SO
2002-10-14,27.350000381469727,29.030000686645508,27.350000381469727,28.940000534057617,10.320501327514648,1948000,SO
2002-10-15,29.299999237060547,29.299999237060547,28.65999984741211,29.0,10.341897964477539,2260400,SO
2002-10-16,29.0,29.0,28.010000228881836,28.110000610351562,10.024507522583008,1905500,SO
2002-10-17,28.290000915527344,28.959999084472656,28.010000228881836,28.940000534057617,10.320501327514648,2143900,SO
2002-10-18,28.700000762939453,29.260000228881836,28.200000762939453,28.860000610351562,10.291971206665039,1980900,SO
2002-10-21,28.959999084472656,30.200000762939453,28.950000762939453,30.190000534057617,10.766273498535156,2627500,SO
2002-10-22,29.799999237060547,30.610000610351562,28.760000228881836,29.209999084472656,10.41678524017334,2685000,SO
2002-10-23,29.25,30.25,29.229999542236328,29.549999237060547,10.538036346435547,3809700,SO
2002-10-24,29.799999237060547,30.079999923706055,29.34000015258789,29.510000228881836,10.523767471313477,2932100,SO
2002-10-25,29.700000762939453,30.43000030517578,29.43000030517578,30.420000076293945,10.848295211791992,1920900,SO
2002-10-28,30.489999771118164,31.139999389648438,30.489999771118164,30.850000381469727,11.001638412475586,2419200,SO
2002-10-29,30.40999984741211,30.75,29.799999237060547,30.270000457763672,10.794795036315918,2666500,SO
2002-10-30,30.700000762939453,30.790000915527344,30.1200008392334,30.549999237060547,10.8946533203125,3132200,SO
2002-10-31,30.299999237060547,30.440000534057617,29.450000762939453,29.700000762939453,10.71179485321045,3122200,SO
2002-11-01,29.780000686645508,29.860000610351562,29.299999237060547,29.479999542236328,10.63244915008545,1977600,SO
2002-11-04,29.59000015258789,30.100000381469727,29.450000762939453,29.649999618530273,10.693763732910156,2912500,SO
2002-11-05,29.75,29.760000228881836,29.229999542236328,29.3799991607666,10.596385955810547,2255000,SO
2002-11-06,29.5,29.649999618530273,29.299999237060547,29.5,10.639663696289062,2958600,SO
2002-11-07,29.510000228881836,29.510000228881836,28.43000030517578,28.479999542236328,10.271780014038086,3371700,SO
2002-11-08,28.489999771118164,28.489999771118164,27.3799991607666,27.3799991607666,9.875048637390137,3514400,SO
2002-11-11,27.389999389648438,27.65999984741211,26.959999084472656,27.5,9.918325424194336,3021900,SO
2002-11-12,27.549999237060547,27.950000762939453,24.8799991607666,25.170000076293945,9.077978134155273,14182600,SO
2002-11-13,25.079999923706055,26.360000610351562,24.799999237060547,25.479999542236328,9.189780235290527,6566100,SO
2002-11-14,26.09000015258789,26.18000030517578,25.3700008392334,25.68000030517578,9.261919021606445,2589600,SO
2002-11-15,25.700000762939453,26.479999542236328,25.690000534057617,26.459999084472656,9.543231964111328,2218600,SO
2002-11-18,26.600000381469727,26.700000762939453,25.860000610351562,26.229999542236328,9.460280418395996,2210200,SO
2002-11-19,26.25,26.459999084472656,26.040000915527344,26.059999465942383,9.398968696594238,1409900,SO
2002-11-20,25.959999084472656,26.360000610351562,25.770000457763672,25.950000762939453,9.359295845031738,2056800,SO
2002-11-21,25.950000762939453,26.200000762939453,25.610000610351562,25.809999465942383,9.308798789978027,2064400,SO
2002-11-22,25.790000915527344,26.65999984741211,25.75,26.540000915527344,9.572087287902832,1947600,SO
2002-11-25,26.549999237060547,27.290000915527344,26.299999237060547,26.860000610351562,9.687500953674316,2067800,SO
2002-11-26,26.549999237060547,26.850000381469727,26.299999237060547,26.299999237060547,9.485528945922852,1951600,SO
2002-11-27,26.299999237060547,26.309999465942383,25.799999237060547,26.139999389648438,9.427825927734375,3014900,SO
2002-11-29,26.0,26.15999984741211,25.90999984741211,26.15999984741211,9.435036659240723,813000,SO
2002-12-02,26.5,26.5,25.450000762939453,25.5,9.196995735168457,2620600,SO
2002-12-03,25.75,26.559999465942383,25.6200008392334,26.360000610351562,9.507171630859375,2644400,SO
2002-12-04,26.850000381469727,27.079999923706055,26.3700008392334,26.3799991607666,9.514379501342773,2848900,SO
2002-12-05,26.549999237060547,26.889999389648438,26.229999542236328,26.360000610351562,9.507171630859375,1416600,SO
2002-12-06,26.299999237060547,26.639999389648438,26.010000228881836,26.520000457763672,9.564874649047852,1478700,SO
2002-12-09,26.899999618530273,27.68000030517578,26.530000686645508,27.280000686645508,9.838982582092285,2513100,SO
2002-12-10,26.799999237060547,27.600000381469727,26.799999237060547,27.56999969482422,9.943572044372559,1908200,SO
2002-12-11,27.5,27.770000457763672,27.149999618530273,27.65999984741211,9.97603702545166,1385100,SO
2002-12-12,27.59000015258789,27.950000762939453,27.420000076293945,27.850000381469727,10.044562339782715,1159300,SO
2002-12-13,27.75,28.079999923706055,27.649999618530273,27.850000381469727,10.044562339782715,1714200,SO
2002-12-16,27.799999237060547,27.979999542236328,27.68000030517578,27.850000381469727,10.044562339782715,1747300,SO
2002-12-17,27.790000915527344,28.260000228881836,27.790000915527344,28.049999237060547,10.116691589355469,1805100,SO
2002-12-18,28.06999969482422,28.399999618530273,27.90999984741211,28.229999542236328,10.181612968444824,1959000,SO
2002-12-19,28.209999084472656,28.649999618530273,28.0,28.649999618530273,10.333097457885742,1783900,SO
2002-12-20,28.850000381469727,29.100000381469727,28.719999313354492,28.850000381469727,10.405228614807129,3568100,SO
2002-12-23,28.450000762939453,29.040000915527344,28.3700008392334,28.510000228881836,10.282599449157715,1759100,SO
2002-12-24,28.600000381469727,28.940000534057617,28.56999969482422,28.799999237060547,10.387191772460938,518000,SO
2002-12-26,28.700000762939453,29.110000610351562,28.649999618530273,28.959999084472656,10.444903373718262,1170100,SO
2002-12-27,29.0,29.0,28.299999237060547,28.459999084472656,10.264569282531738,1057100,SO
2002-12-30,28.459999084472656,28.6299991607666,28.149999618530273,28.520000457763672,10.286208152770996,1462400,SO
2002-12-31,28.469999313354492,28.520000457763672,28.170000076293945,28.389999389648438,10.2393217086792,1265000,SO
2003-01-02,28.540000915527344,28.979999542236328,28.540000915527344,28.979999542236328,10.452116966247559,1598300,SO
2003-01-03,29.0,29.25,28.950000762939453,29.110000610351562,10.499000549316406,2048600,SO
2003-01-06,29.149999618530273,30.860000610351562,29.149999618530273,30.809999465942383,11.112130165100098,6625600,SO
2003-01-07,30.059999465942383,30.75,29.43000030517578,29.719999313354492,10.719003677368164,3724300,SO
2003-01-08,29.719999313354492,29.850000381469727,29.3700008392334,29.56999969482422,10.664904594421387,1938900,SO
2003-01-09,29.700000762939453,29.770000457763672,29.18000030517578,29.56999969482422,10.664904594421387,2050800,SO
2003-01-10,29.389999389648438,29.709999084472656,29.18000030517578,29.520000457763672,10.646875381469727,1819400,SO
2003-01-13,29.530000686645508,29.739999771118164,28.950000762939453,29.149999618530273,10.513422012329102,2124000,SO
2003-01-14,29.110000610351562,29.34000015258789,28.860000610351562,29.09000015258789,10.49178695678711,1718200,SO
2003-01-15,29.100000381469727,29.290000915527344,28.950000762939453,29.100000381469727,10.495392799377441,1302300,SO
2003-01-16,29.18000030517578,29.31999969482422,28.739999771118164,28.760000228881836,10.372766494750977,1903600,SO
2003-01-17,28.350000381469727,28.739999771118164,28.350000381469727,28.489999771118164,10.27538776397705,1713500,SO
2003-01-21,28.899999618530273,28.959999084472656,28.389999389648438,28.389999389648438,10.2393217086792,1381500,SO
2003-01-22,28.399999618530273,28.889999389648438,28.149999618530273,28.639999389648438,10.329490661621094,1837500,SO
2003-01-23,28.5,29.260000228881836,28.5,28.93000030517578,10.434083938598633,2781600,SO
2003-01-24,28.93000030517578,28.959999084472656,28.229999542236328,28.229999542236328,10.181612968444824,2194800,SO
2003-01-27,28.270000457763672,28.530000686645508,27.809999465942383,27.809999465942383,10.030134201049805,3639600,SO
2003-01-28,28.299999237060547,29.1299991607666,28.059999465942383,28.719999313354492,10.3583402633667,2182900,SO
2003-01-29,28.739999771118164,29.219999313354492,28.5,29.0,10.45932388305664,3700800,SO
2003-01-30,28.5,28.850000381469727,28.010000228881836,28.030000686645508,10.230485916137695,1624400,SO
2003-01-31,28.049999237060547,28.450000762939453,27.950000762939453,28.170000076293945,10.28157901763916,1753100,SO
2003-02-03,28.40999984741211,28.940000534057617,28.31999969482422,28.81999969482422,10.518818855285645,1837400,SO
2003-02-04,28.700000762939453,28.760000228881836,28.350000381469727,28.450000762939453,10.383779525756836,1758900,SO
2003-02-05,28.649999618530273,28.690000534057617,28.0,28.040000915527344,10.234137535095215,1735500,SO
2003-02-06,28.110000610351562,28.649999618530273,28.110000610351562,28.5,10.402022361755371,1643200,SO
2003-02-07,28.75,28.799999237060547,28.15999984741211,28.360000610351562,10.350934028625488,1418400,SO
2003-02-10,28.700000762939453,29.0,28.579999923706055,29.0,10.584515571594238,2591600,SO
2003-02-11,29.0,29.079999923706055,28.520000457763672,28.68000030517578,10.467723846435547,2086300,SO
2003-02-12,28.770000457763672,28.829999923706055,27.670000076293945,27.709999084472656,10.113690376281738,2800700,SO
2003-02-13,27.719999313354492,28.100000381469727,27.0,27.780000686645508,10.139237403869629,3433400,SO
2003-02-14,27.780000686645508,28.260000228881836,27.690000534057617,28.25,10.310781478881836,1598300,SO
2003-02-18,28.280000686645508,28.5,28.049999237060547,28.34000015258789,10.343632698059082,1249200,SO
2003-02-19,28.34000015258789,28.549999237060547,28.1299991607666,28.280000686645508,10.321731567382812,1024800,SO
2003-02-20,28.469999313354492,28.549999237060547,28.09000015258789,28.18000030517578,10.285231590270996,1291400,SO
2003-02-21,28.469999313354492,28.709999084472656,28.110000610351562,28.270000457763672,10.318078994750977,1428300,SO
2003-02-24,28.239999771118164,28.389999389648438,28.010000228881836,28.149999618530273,10.27428150177002,1634900,SO
2003-02-25,28.149999618530273,28.450000762939453,28.0,28.3799991607666,10.358226776123047,1535700,SO
2003-02-26,28.389999389648438,28.389999389648438,28.020000457763672,28.18000030517578,10.285231590270996,1882200,SO
2003-02-27,28.170000076293945,28.5,28.059999465942383,28.25,10.310781478881836,1744400,SO
2003-02-28,28.350000381469727,28.489999771118164,28.010000228881836,28.209999084472656,10.296178817749023,1541200,SO
2003-03-03,28.3799991607666,28.670000076293945,28.25,28.399999618530273,10.365527153015137,1420900,SO
2003-03-04,28.5,28.600000381469727,28.209999084472656,28.209999084472656,10.296178817749023,1314700,SO
2003-03-05,28.350000381469727,28.579999923706055,28.09000015258789,28.579999923706055,10.431222915649414,1924500,SO
2003-03-06,28.579999923706055,28.690000534057617,28.329999923706055,28.559999465942383,10.42392349243164,1487900,SO
2003-03-07,28.25,28.799999237060547,28.209999084472656,28.43000030517578,10.376476287841797,1605500,SO
2003-03-10,28.059999465942383,28.219999313354492,27.860000610351562,28.010000228881836,10.223184585571289,2041700,SO
2003-03-11,28.15999984741211,28.420000076293945,28.030000686645508,28.1200008392334,10.263333320617676,1851500,SO
2003-03-12,28.1200008392334,28.350000381469727,27.889999389648438,28.31999969482422,10.336331367492676,1996000,SO
2003-03-13,28.5,28.59000015258789,28.059999465942383,28.420000076293945,10.37282657623291,1902100,SO
2003-03-14,28.5,28.56999969482422,28.110000610351562,28.360000610351562,10.350934028625488,1742700,SO
2003-03-17,28.3700008392334,28.850000381469727,28.25,28.850000381469727,10.529770851135254,2270400,SO
2003-03-18,28.530000686645508,28.979999542236328,28.459999084472656,28.969999313354492,10.573570251464844,1690900,SO
2003-03-19,29.0,29.149999618530273,28.700000762939453,28.799999237060547,10.511516571044922,1829200,SO
2003-03-20,28.75,29.100000381469727,28.709999084472656,28.860000610351562,10.533422470092773,1626900,SO
2003-03-21,29.0,29.299999237060547,28.790000915527344,29.239999771118164,10.672110557556152,1831000,SO
2003-03-24,29.239999771118164,29.280000686645508,28.799999237060547,28.920000076293945,10.555319786071777,1293700,SO
2003-03-25,29.06999969482422,29.350000381469727,28.8799991607666,29.200000762939453,10.657512664794922,1534000,SO
2003-03-26,29.200000762939453,29.200000762939453,28.579999923706055,28.59000015258789,10.4348783493042,2308400,SO
2003-03-27,28.5,28.6299991607666,28.329999923706055,28.479999542236328,10.394721984863281,2141600,SO
2003-03-28,28.479999542236328,28.670000076293945,28.299999237060547,28.6200008392334,10.445826530456543,1256700,SO
2003-03-31,28.600000381469727,28.65999984741211,28.200000762939453,28.440000534057617,10.380131721496582,1633700,SO
2003-04-01,28.600000381469727,28.649999618530273,28.190000534057617,28.549999237060547,10.420276641845703,1951200,SO
2003-04-02,28.600000381469727,28.799999237060547,27.920000076293945,28.440000534057617,10.380131721496582,1553600,SO
2003-04-03,28.440000534057617,28.440000534057617,28.110000610351562,28.190000534057617,10.2888822555542,2170300,SO
2003-04-04,28.1200008392334,28.489999771118164,28.1200008392334,28.420000076293945,10.37282657623291,1570900,SO
2003-04-07,28.670000076293945,28.790000915527344,28.200000762939453,28.25,10.310781478881836,1510800,SO
2003-04-08,28.25,28.420000076293945,28.18000030517578,28.18000030517578,10.285231590270996,1600600,SO
2003-04-09,28.229999542236328,28.350000381469727,28.0,28.0,10.219531059265137,2521700,SO
2003-04-10,28.020000457763672,28.190000534057617,27.920000076293945,28.059999465942383,10.241433143615723,1894500,SO
2003-04-11,28.149999618530273,28.329999923706055,27.940000534057617,27.940000534057617,10.19763469696045,2394800,SO
2003-04-14,28.0,28.540000915527344,28.0,28.489999771118164,10.398375511169434,1737700,SO
2003-04-15,28.6299991607666,28.75,28.350000381469727,28.75,10.493271827697754,2224700,SO
2003-04-16,28.75,28.799999237060547,28.459999084472656,28.559999465942383,10.42392349243164,2034800,SO
2003-04-17,28.559999465942383,28.75,28.530000686645508,28.739999771118164,10.489622116088867,1073700,SO
2003-04-21,28.739999771118164,28.790000915527344,28.489999771118164,28.510000228881836,10.405673027038574,1193900,SO
2003-04-22,28.540000915527344,28.920000076293945,28.5,28.809999465942383,10.515167236328125,1478700,SO
2003-04-23,28.760000228881836,28.790000915527344,28.489999771118164,28.639999389648438,10.453125953674316,2288800,SO
2003-04-24,28.639999389648438,29.049999237060547,28.600000381469727,28.790000915527344,10.507872581481934,2097700,SO
2003-04-25,29.040000915527344,29.040000915527344,28.65999984741211,28.829999923706055,10.52247142791748,1543800,SO
2003-04-28,28.93000030517578,29.239999771118164,28.860000610351562,29.100000381469727,10.621013641357422,1478800,SO
2003-04-29,29.149999618530273,29.170000076293945,28.649999618530273,28.81999969482422,10.518818855285645,2676700,SO
2003-04-30,29.149999618530273,29.200000762939453,28.90999984741211,29.09000015258789,10.617363929748535,4864400,SO
2003-05-01,28.809999465942383,28.93000030517578,28.31999969482422,28.510000228881836,10.52946662902832,1996400,SO
2003-05-02,28.510000228881836,28.6299991607666,28.440000534057617,28.6299991607666,10.5737886428833,1871400,SO
2003-05-05,28.68000030517578,28.780000686645508,28.510000228881836,28.780000686645508,10.62918472290039,1504100,SO
2003-05-06,28.68000030517578,28.81999969482422,28.549999237060547,28.56999969482422,10.551630020141602,1599500,SO
2003-05-07,28.56999969482422,28.690000534057617,28.469999313354492,28.65999984741211,10.584867477416992,1392000,SO
2003-05-08,28.649999618530273,28.770000457763672,28.520000457763672,28.700000762939453,10.599637031555176,1095800,SO
2003-05-09,28.700000762939453,29.09000015258789,28.600000381469727,29.059999465942383,10.732598304748535,2008600,SO
2003-05-12,29.059999465942383,29.25,28.8700008392334,29.209999084472656,10.787995338439941,1882200,SO
2003-05-13,29.209999084472656,29.280000686645508,29.049999237060547,29.079999923706055,10.739978790283203,1426200,SO
2003-05-14,29.079999923706055,29.209999084472656,28.770000457763672,28.989999771118164,10.706748962402344,1521800,SO
2003-05-15,29.0,29.1299991607666,28.8799991607666,29.049999237060547,10.728898048400879,2923500,SO
2003-05-16,29.06999969482422,29.75,28.989999771118164,29.6299991607666,10.943111419677734,2892000,SO
2003-05-19,29.5,29.540000915527344,29.110000610351562,29.360000610351562,10.84339714050293,2066000,SO
2003-05-20,29.399999618530273,29.780000686645508,29.399999618530273,29.739999771118164,10.983733177185059,2582100,SO
2003-05-21,29.540000915527344,29.670000076293945,29.25,29.450000762939453,10.876635551452637,1571600,SO
2003-05-22,29.489999771118164,29.799999237060547,29.389999389648438,29.75,10.987430572509766,3304000,SO
2003-05-23,29.670000076293945,31.489999771118164,29.670000076293945,31.25,11.54141616821289,7241100,SO
2003-05-27,31.0,31.530000686645508,30.600000381469727,31.479999542236328,11.626359939575195,6709500,SO
2003-05-28,31.469999313354492,31.56999969482422,31.229999542236328,31.56999969482422,11.659603118896484,3854500,SO
2003-05-29,31.489999771118164,31.809999465942383,30.600000381469727,30.829999923706055,11.386300086975098,3296700,SO
2003-05-30,31.079999923706055,31.479999542236328,30.93000030517578,31.479999542236328,11.626359939575195,2793500,SO
2003-06-02,31.479999542236328,31.850000381469727,31.229999542236328,31.399999618530273,11.596817016601562,2345400,SO
2003-06-03,31.489999771118164,31.649999618530273,31.280000686645508,31.56999969482422,11.659603118896484,2311700,SO
2003-06-04,31.700000762939453,31.850000381469727,31.450000762939453,31.809999465942383,11.748236656188965,1994100,SO
2003-06-05,31.809999465942383,31.809999465942383,30.790000915527344,30.959999084472656,11.434307098388672,4709500,SO
2003-06-06,31.25,31.389999389648438,30.770000457763672,30.799999237060547,11.375222206115723,3033500,SO
2003-06-09,30.799999237060547,31.149999618530273,30.700000762939453,30.809999465942383,11.378912925720215,1618300,SO
2003-06-10,30.6200008392334,30.799999237060547,30.200000762939453,30.59000015258789,11.297666549682617,1859000,SO
2003-06-11,30.75,31.170000076293945,30.399999618530273,31.110000610351562,11.489710807800293,2456100,SO
2003-06-12,31.25,31.43000030517578,30.770000457763672,31.43000030517578,11.607897758483887,1675500,SO
2003-06-13,31.43000030517578,31.5,30.899999618530273,31.040000915527344,11.463862419128418,1739000,SO
2003-06-16,31.1299991607666,31.5,31.09000015258789,31.489999771118164,11.63005542755127,1704000,SO
2003-06-17,31.549999237060547,31.68000030517578,31.239999771118164,31.450000762939453,11.61528491973877,1834300,SO
2003-06-18,31.40999984741211,31.530000686645508,31.1299991607666,31.530000686645508,11.644824981689453,1313000,SO
2003-06-19,31.600000381469727,31.75,31.360000610351562,31.59000015258789,11.666985511779785,1604100,SO
2003-06-20,31.81999969482422,32.0,31.3700008392334,31.6200008392334,11.678071975708008,2961700,SO
2003-06-23,31.309999465942383,31.6200008392334,31.209999084472656,31.5,11.633747100830078,1567500,SO
2003-06-24,31.549999237060547,31.6200008392334,31.229999542236328,31.329999923706055,11.570961952209473,1450100,SO
2003-06-25,31.25,31.43000030517578,30.989999771118164,30.989999771118164,11.445395469665527,1676000,SO
2003-06-26,31.09000015258789,31.600000381469727,30.950000762939453,31.510000228881836,11.637442588806152,1166400,SO
2003-06-27,31.399999618530273,31.440000534057617,31.010000228881836,31.229999542236328,11.53403091430664,2527000,SO
2003-06-30,31.200000762939453,31.25,31.0,31.15999984741211,11.5081787109375,1626800,SO
2003-07-01,30.520000457763672,30.690000534057617,30.110000610351562,30.530000686645508,11.275501251220703,3292600,SO
2003-07-02,30.510000228881836,30.510000228881836,30.020000457763672,30.31999969482422,11.197941780090332,2733400,SO
2003-07-03,30.31999969482422,30.31999969482422,30.0,30.110000610351562,11.12038803100586,1339800,SO
2003-07-07,30.3799991607666,30.579999923706055,30.270000457763672,30.309999465942383,11.194252014160156,1614100,SO
2003-07-08,30.280000686645508,30.389999389648438,30.030000686645508,30.18000030517578,11.146235466003418,1678800,SO
2003-07-09,30.18000030517578,30.190000534057617,29.59000015258789,29.68000030517578,10.961577415466309,2653400,SO
2003-07-10,29.5,29.530000686645508,28.690000534057617,28.799999237060547,10.63656997680664,3794000,SO
2003-07-11,28.56999969482422,29.309999465942383,28.56999969482422,29.299999237060547,10.821228981018066,3123700,SO
2003-07-14,29.40999984741211,29.450000762939453,28.899999618530273,28.90999984741211,10.677197456359863,2528800,SO
2003-07-15,28.90999984741211,28.90999984741211,28.350000381469727,28.459999084472656,10.510998725891113,3282800,SO
2003-07-16,28.649999618530273,28.649999618530273,27.780000686645508,27.969999313354492,10.33003044128418,2793500,SO
2003-07-17,28.100000381469727,28.479999542236328,27.959999084472656,28.260000228881836,10.4371337890625,2412900,SO
2003-07-18,28.489999771118164,29.170000076293945,28.3700008392334,29.06999969482422,10.736287117004395,3238700,SO
2003-07-21,29.0,29.149999618530273,28.229999542236328,28.309999465942383,10.455601692199707,2394600,SO
2003-07-22,28.549999237060547,29.100000381469727,28.329999923706055,28.950000762939453,10.691967010498047,2246900,SO
2003-07-23,29.079999923706055,29.200000762939453,28.8700008392334,29.0,10.710437774658203,1557600,SO
2003-07-24,29.190000534057617,29.229999542236328,28.920000076293945,29.020000457763672,10.717822074890137,1795700,SO
2003-07-25,29.350000381469727,29.350000381469727,28.940000534057617,28.950000762939453,10.691967010498047,1817200,SO
2003-07-28,29.100000381469727,29.100000381469727,28.600000381469727,28.6299991607666,10.5737886428833,1496100,SO
2003-07-29,29.100000381469727,29.25,28.399999618530273,28.489999771118164,10.522080421447754,2922500,SO
2003-07-30,28.65999984741211,28.940000534057617,28.469999313354492,28.700000762939453,10.599637031555176,4595100,SO
2003-07-31,28.700000762939453,28.75,28.209999084472656,28.440000534057617,10.633289337158203,2789300,SO
2003-08-01,28.549999237060547,28.549999237060547,28.0,28.1299991607666,10.517382621765137,2166500,SO
2003-08-04,28.110000610351562,28.280000686645508,27.600000381469727,28.229999542236328,10.554774284362793,2347500,SO
2003-08-05,28.299999237060547,28.479999542236328,27.709999084472656,27.760000228881836,10.379043579101562,2154600,SO
2003-08-06,27.770000457763672,28.34000015258789,27.6200008392334,28.219999313354492,10.55103874206543,2685500,SO
2003-08-07,28.0,28.299999237060547,27.90999984741211,28.299999237060547,10.580944061279297,1574700,SO
2003-08-08,28.399999618530273,28.440000534057617,28.139999389648438,28.309999465942383,10.58468246459961,2108600,SO
2003-08-11,28.3799991607666,28.450000762939453,28.059999465942383,28.1200008392334,10.513644218444824,1236000,SO
2003-08-12,28.25,28.450000762939453,28.020000457763672,28.399999618530273,10.618330001831055,1640900,SO
2003-08-13,28.520000457763672,28.600000381469727,28.149999618530273,28.209999084472656,10.547290802001953,1424100,SO
2003-08-14,28.299999237060547,28.299999237060547,28.020000457763672,28.239999771118164,10.558509826660156,1255900,SO
2003-08-15,28.139999389648438,28.270000457763672,28.0,28.1299991607666,10.517382621765137,1122500,SO
2003-08-18,28.0,28.25,27.959999084472656,28.030000686645508,10.47999382019043,1390400,SO
2003-08-19,28.010000228881836,28.1200008392334,27.799999237060547,27.989999771118164,10.465034484863281,1385500,SO
2003-08-20,27.950000762939453,28.100000381469727,27.899999618530273,28.0,10.46877384185791,3098600,SO
2003-08-21,28.010000228881836,28.18000030517578,27.950000762939453,28.0,10.46877384185791,3099900,SO
2003-08-22,28.149999618530273,28.149999618530273,27.860000610351562,27.8799991607666,10.423913955688477,2005200,SO
2003-08-25,27.989999771118164,28.149999618530273,27.8799991607666,28.139999389648438,10.52112102508545,1287600,SO
2003-08-26,28.139999389648438,28.350000381469727,27.989999771118164,28.139999389648438,10.52112102508545,2273700,SO
2003-08-27,28.520000457763672,28.610000610351562,28.299999237060547,28.5,10.655719757080078,2987900,SO
2003-08-28,28.700000762939453,28.700000762939453,28.290000915527344,28.450000762939453,10.6370267868042,1402900,SO
2003-08-29,28.31999969482422,28.489999771118164,28.139999389648438,28.3799991607666,10.610854148864746,1466800,SO
2003-09-02,28.3700008392334,28.809999465942383,28.1200008392334,28.739999771118164,10.745451927185059,2262100,SO
2003-09-03,28.860000610351562,29.0,28.709999084472656,28.8799991607666,10.797798156738281,1927900,SO
2003-09-04,28.889999389648438,28.979999542236328,28.729999542236328,28.920000076293945,10.812756538391113,1914600,SO
2003-09-05,28.920000076293945,29.0,28.780000686645508,28.969999313354492,10.83144474029541,1596400,SO
2003-09-08,29.06999969482422,29.5,29.0,29.450000762939453,11.01091194152832,2000100,SO
2003-09-09,29.479999542236328,29.530000686645508,29.200000762939453,29.209999084472656,10.92117691040039,1657800,SO
2003-09-10,29.209999084472656,29.469999313354492,29.190000534057617,29.290000915527344,10.951090812683105,2425200,SO
2003-09-11,29.270000457763672,29.3799991607666,28.8700008392334,29.030000686645508,10.8538818359375,2217900,SO
2003-09-12,28.940000534057617,29.200000762939453,28.780000686645508,29.139999389648438,10.895007133483887,1488800,SO
2003-09-15,29.09000015258789,29.200000762939453,28.709999084472656,28.920000076293945,10.812756538391113,1100200,SO
2003-09-16,28.850000381469727,29.15999984741211,28.709999084472656,29.149999618530273,10.898749351501465,1016800,SO
2003-09-17,28.899999618530273,29.049999237060547,28.780000686645508,28.8700008392334,10.794054985046387,1360100,SO
2003-09-18,29.0,29.31999969482422,28.969999313354492,29.290000915527344,10.951090812683105,1485300,SO
2003-09-19,29.209999084472656,29.399999618530273,29.030000686645508,29.260000228881836,10.93986988067627,1567300,SO
2003-09-22,29.270000457763672,29.270000457763672,28.799999237060547,28.81999969482422,10.775365829467773,1286200,SO
2003-09-23,29.030000686645508,29.110000610351562,28.93000030517578,29.06999969482422,10.8688383102417,1109900,SO
2003-09-24,28.959999084472656,29.049999237060547,28.700000762939453,28.709999084472656,10.734235763549805,1646300,SO
2003-09-25,28.709999084472656,29.049999237060547,28.639999389648438,28.950000762939453,10.823969841003418,1654400,SO
2003-09-26,29.010000228881836,29.43000030517578,28.920000076293945,29.399999618530273,10.992212295532227,2545600,SO
2003-09-29,29.450000762939453,29.760000228881836,29.40999984741211,29.760000228881836,11.126816749572754,2003100,SO
2003-09-30,29.739999771118164,29.760000228881836,29.260000228881836,29.350000381469727,10.973526000976562,1726400,SO
2003-10-01,29.309999465942383,29.610000610351562,29.239999771118164,29.600000381469727,11.066999435424805,1642900,SO
2003-10-02,29.600000381469727,29.700000762939453,29.329999923706055,29.670000076293945,11.093162536621094,1168700,SO
2003-10-03,29.670000076293945,29.979999542236328,29.440000534057617,29.510000228881836,11.033340454101562,2381000,SO
2003-10-06,29.5,29.510000228881836,29.299999237060547,29.440000534057617,11.007171630859375,1467000,SO
2003-10-07,29.270000457763672,29.420000076293945,29.059999465942383,29.40999984741211,10.995956420898438,1600000,SO
2003-10-08,29.479999542236328,29.479999542236328,29.100000381469727,29.309999465942383,10.958565711975098,1371600,SO
2003-10-09,29.459999084472656,29.780000686645508,29.350000381469727,29.600000381469727,11.066999435424805,1778700,SO
2003-10-10,29.600000381469727,29.690000534057617,29.3799991607666,29.600000381469727,11.066999435424805,1361600,SO
2003-10-13,29.610000610351562,29.760000228881836,29.299999237060547,29.40999984741211,10.995956420898438,1307800,SO
2003-10-14,29.270000457763672,29.600000381469727,29.270000457763672,29.600000381469727,11.066999435424805,1220100,SO
2003-10-15,29.610000610351562,29.610000610351562,29.149999618530273,29.229999542236328,10.928654670715332,2019500,SO
2003-10-16,29.229999542236328,29.5,29.209999084472656,29.420000076293945,10.99969482421875,1170300,SO
2003-10-17,29.459999084472656,29.530000686645508,29.239999771118164,29.350000381469727,10.973526000976562,1425100,SO
2003-10-20,29.350000381469727,29.690000534057617,29.350000381469727,29.6200008392334,11.074471473693848,1233500,SO
2003-10-21,29.940000534057617,30.239999771118164,29.780000686645508,30.15999984741211,11.2763671875,3652500,SO
2003-10-22,30.15999984741211,30.219999313354492,29.920000076293945,30.1200008392334,11.261414527893066,2849700,SO
2003-10-23,30.219999313354492,30.3799991607666,30.170000076293945,30.299999237060547,11.328714370727539,2077800,SO
2003-10-24,30.299999237060547,30.3799991607666,30.09000015258789,30.31999969482422,11.336188316345215,1661000,SO
2003-10-27,30.31999969482422,30.579999923706055,30.209999084472656,30.309999465942383,11.3324556350708,1408800,SO
2003-10-28,30.309999465942383,30.440000534057617,30.190000534057617,30.399999618530273,11.366101264953613,2053900,SO
2003-10-29,30.399999618530273,30.440000534057617,30.229999542236328,30.329999923706055,11.339929580688477,2797500,SO
2003-10-30,30.100000381469727,30.149999618530273,29.850000381469727,30.040000915527344,11.362627983093262,1538800,SO
2003-10-31,30.040000915527344,30.170000076293945,29.799999237060547,29.799999237060547,11.271842956542969,1688000,SO
2003-11-03,29.799999237060547,30.170000076293945,29.700000762939453,30.020000457763672,11.35506820678711,1193700,SO
2003-11-04,29.8700008392334,30.020000457763672,29.75,29.809999465942383,11.275629997253418,1369900,SO
2003-11-05,29.65999984741211,29.81999969482422,29.549999237060547,29.719999313354492,11.241584777832031,1494900,SO
2003-11-06,29.719999313354492,29.719999313354492,29.450000762939453,29.559999465942383,11.181062698364258,1320100,SO
2003-11-07,29.59000015258789,29.670000076293945,29.260000228881836,29.3799991607666,11.112979888916016,1696400,SO
2003-11-10,29.350000381469727,29.530000686645508,29.260000228881836,29.479999542236328,11.150805473327637,1355800,SO
2003-11-11,29.360000610351562,29.43000030517578,29.139999389648438,29.25,11.063809394836426,2092500,SO
2003-11-12,29.25,29.420000076293945,29.1200008392334,29.25,11.063809394836426,1449400,SO
2003-11-13,29.25,29.309999465942383,29.040000915527344,29.309999465942383,11.086503028869629,1744600,SO
2003-11-14,29.309999465942383,29.479999542236328,29.18000030517578,29.309999465942383,11.086503028869629,1354200,SO
2003-11-17,29.139999389648438,29.239999771118164,29.0,29.15999984741211,11.029764175415039,1662000,SO
2003-11-18,29.350000381469727,29.350000381469727,28.68000030517578,28.690000534057617,10.851988792419434,2006100,SO
2003-11-19,28.799999237060547,29.1299991607666,28.770000457763672,29.09000015258789,11.003287315368652,1503900,SO
2003-11-20,28.899999618530273,29.200000762939453,28.719999313354492,28.760000228881836,10.87846565246582,1824200,SO
2003-11-21,28.899999618530273,29.049999237060547,28.549999237060547,28.649999618530273,10.836858749389648,1999400,SO
2003-11-24,28.829999923706055,28.959999084472656,28.700000762939453,28.84000015258789,10.908722877502441,1506300,SO
2003-11-25,28.8799991607666,29.149999618530273,28.780000686645508,29.010000228881836,10.973026275634766,1516700,SO
2003-11-26,29.010000228881836,29.350000381469727,29.010000228881836,29.31999969482422,11.090288162231445,980600,SO
2003-11-28,29.170000076293945,29.3700008392334,29.15999984741211,29.270000457763672,11.071372032165527,712400,SO
2003-12-01,29.270000457763672,29.559999465942383,29.100000381469727,29.479999542236328,11.150805473327637,1712700,SO
2003-12-02,29.360000610351562,29.790000915527344,29.360000610351562,29.559999465942383,11.181062698364258,2483100,SO
2003-12-03,29.649999618530273,29.889999389648438,29.600000381469727,29.700000762939453,11.234020233154297,1429100,SO
2003-12-04,29.6200008392334,29.729999542236328,29.540000915527344,29.68000030517578,11.226457595825195,1192000,SO
2003-12-05,29.700000762939453,30.06999969482422,29.639999389648438,29.770000457763672,11.260494232177734,1461000,SO
2003-12-08,29.920000076293945,29.920000076293945,29.549999237060547,29.65999984741211,11.218889236450195,1487900,SO
2003-12-09,29.799999237060547,29.93000030517578,29.420000076293945,29.469999313354492,11.147027015686035,1645600,SO
2003-12-10,29.469999313354492,29.6299991607666,29.309999465942383,29.3700008392334,11.109197616577148,1167200,SO
2003-12-11,29.34000015258789,29.56999969482422,29.34000015258789,29.479999542236328,11.150805473327637,1130600,SO
2003-12-12,29.479999542236328,29.690000534057617,29.479999542236328,29.649999618530273,11.215107917785645,1072300,SO
2003-12-15,29.84000015258789,29.93000030517578,29.600000381469727,29.600000381469727,11.196200370788574,1361100,SO
2003-12-16,29.700000762939453,29.889999389648438,29.440000534057617,29.549999237060547,11.17728328704834,1404800,SO
2003-12-17,29.6200008392334,29.81999969482422,29.350000381469727,29.739999771118164,11.249147415161133,1356900,SO
2003-12-18,29.790000915527344,29.799999237060547,29.600000381469727,29.799999237060547,11.271842956542969,1358000,SO
2003-12-19,29.90999984741211,29.940000534057617,29.809999465942383,29.920000076293945,11.317240715026855,1936600,SO
2003-12-22,29.920000076293945,30.170000076293945,29.84000015258789,30.15999984741211,11.408010482788086,1315200,SO
2003-12-23,30.100000381469727,30.229999542236328,30.0,30.219999313354492,11.43071174621582,1379600,SO
2003-12-24,30.219999313354492,30.229999542236328,30.049999237060547,30.059999465942383,11.370192527770996,683200,SO
2003-12-26,30.059999465942383,30.170000076293945,29.989999771118164,29.989999771118164,11.343707084655762,400500,SO
2003-12-29,30.0,30.239999771118164,29.90999984741211,30.100000381469727,11.385321617126465,1330700,SO
2003-12-30,30.200000762939453,30.40999984741211,30.1200008392334,30.270000457763672,11.449621200561523,1548800,SO
2003-12-31,30.350000381469727,30.350000381469727,30.110000610351562,30.25,11.442060470581055,2276600,SO
2004-01-02,30.239999771118164,30.350000381469727,30.010000228881836,30.059999465942383,11.370192527770996,1573200,SO
2004-01-05,30.190000534057617,30.290000915527344,29.81999969482422,30.059999465942383,11.370192527770996,1979600,SO
2004-01-06,29.93000030517578,30.229999542236328,29.8700008392334,30.079999923706055,11.377756118774414,1911300,SO
2004-01-07,29.950000762939453,30.040000915527344,29.799999237060547,30.0,11.347493171691895,2618100,SO
2004-01-08,30.100000381469727,30.110000610351562,29.920000076293945,30.0,11.347493171691895,1972500,SO
2004-01-09,29.93000030517578,30.049999237060547,29.799999237060547,29.850000381469727,11.290761947631836,2291300,SO
2004-01-12,29.979999542236328,29.989999771118164,29.790000915527344,29.829999923706055,11.283193588256836,2065800,SO
2004-01-13,29.84000015258789,29.850000381469727,29.639999389648438,29.739999771118164,11.249147415161133,1865700,SO
2004-01-14,29.850000381469727,29.850000381469727,29.610000610351562,29.75,11.2529296875,1939200,SO
2004-01-15,29.719999313354492,29.799999237060547,29.510000228881836,29.649999618530273,11.215107917785645,1949500,SO
2004-01-16,29.75,29.75,29.309999465942383,29.43000030517578,11.131891250610352,2490800,SO
2004-01-20,29.260000228881836,29.670000076293945,29.110000610351562,29.670000076293945,11.222670555114746,3554400,SO
2004-01-21,29.75,30.1299991607666,29.579999923706055,30.06999969482422,11.373976707458496,2589800,SO
2004-01-22,30.0,30.25,30.0,30.079999923706055,11.377756118774414,2340700,SO
2004-01-23,30.1200008392334,30.34000015258789,30.049999237060547,30.239999771118164,11.438279151916504,2256800,SO
2004-01-26,30.200000762939453,30.260000228881836,29.920000076293945,30.1200008392334,11.392885208129883,2731100,SO
2004-01-27,30.059999465942383,30.209999084472656,29.989999771118164,30.200000762939453,11.423148155212402,2263000,SO
2004-01-28,30.200000762939453,30.559999465942383,30.049999237060547,30.34000015258789,11.476102828979492,4226600,SO
2004-01-29,30.200000762939453,30.270000457763672,29.979999542236328,30.020000457763672,11.487584114074707,2913900,SO
2004-01-30,29.899999618530273,29.950000762939453,29.649999618530273,29.799999237060547,11.40339469909668,2568200,SO
2004-02-02,29.700000762939453,29.8700008392334,29.549999237060547,29.6299991607666,11.338345527648926,3132300,SO
2004-02-03,29.700000762939453,29.700000762939453,29.3700008392334,29.5,11.288597106933594,2499000,SO
2004-02-04,29.25,29.469999313354492,29.09000015258789,29.31999969482422,11.219715118408203,3135500,SO
2004-02-05,29.40999984741211,29.40999984741211,29.049999237060547,29.100000381469727,11.135527610778809,1934500,SO
2004-02-06,29.209999084472656,29.299999237060547,29.110000610351562,29.239999771118164,11.189105033874512,2470500,SO
2004-02-09,29.170000076293945,29.219999313354492,29.049999237060547,29.209999084472656,11.177620887756348,2466600,SO
2004-02-10,29.149999618530273,29.540000915527344,29.1200008392334,29.440000534057617,11.26563549041748,4232100,SO
2004-02-11,29.3700008392334,29.600000381469727,29.1200008392334,29.420000076293945,11.257981300354004,4169100,SO
2004-02-12,29.420000076293945,29.65999984741211,29.399999618530273,29.579999923706055,11.319208145141602,1716900,SO
2004-02-13,29.520000457763672,29.649999618530273,29.350000381469727,29.5,11.288597106933594,1628400,SO
2004-02-17,29.5,29.75,29.479999542236328,29.59000015258789,11.323037147521973,1678900,SO
2004-02-18,29.649999618530273,29.979999542236328,29.6299991607666,29.90999984741211,11.445487976074219,2081100,SO
2004-02-19,29.90999984741211,30.149999618530273,29.899999618530273,30.010000228881836,11.483755111694336,2281400,SO
2004-02-20,30.079999923706055,30.079999923706055,29.75,29.829999923706055,11.414873123168945,2065300,SO
2004-02-23,29.75,29.860000610351562,29.59000015258789,29.700000762939453,11.365127563476562,1518000,SO
2004-02-24,29.700000762939453,29.780000686645508,29.450000762939453,29.649999618530273,11.345993041992188,1545800,SO
2004-02-25,29.670000076293945,29.979999542236328,29.579999923706055,29.790000915527344,11.399567604064941,1385400,SO
2004-02-26,29.760000228881836,30.100000381469727,29.75,30.049999237060547,11.499065399169922,2480900,SO
2004-02-27,29.540000915527344,30.34000015258789,29.540000915527344,30.31999969482422,11.602377891540527,3252600,SO
2004-03-01,30.25,30.5,30.100000381469727,30.420000076293945,11.640647888183594,2023300,SO
2004-03-02,30.299999237060547,30.479999542236328,30.18000030517578,30.309999465942383,11.598552703857422,1726000,SO
2004-03-03,30.219999313354492,30.440000534057617,30.06999969482422,30.31999969482422,11.602377891540527,1994500,SO
2004-03-04,30.260000228881836,30.459999084472656,30.260000228881836,30.40999984741211,11.636820793151855,1805300,SO
2004-03-05,30.420000076293945,30.84000015258789,30.360000610351562,30.6299991607666,11.721007347106934,2558300,SO
2004-03-08,30.719999313354492,30.770000457763672,30.489999771118164,30.549999237060547,11.690389633178711,1932400,SO
2004-03-09,30.399999618530273,30.700000762939453,30.389999389648438,30.649999618530273,11.728657722473145,2324500,SO
2004-03-10,30.610000610351562,30.75,30.299999237060547,30.31999969482422,11.602377891540527,1966400,SO
2004-03-11,30.299999237060547,30.510000228881836,30.030000686645508,30.110000610351562,11.522022247314453,2355100,SO
2004-03-12,29.989999771118164,30.190000534057617,29.860000610351562,30.149999618530273,11.537328720092773,1932100,SO
2004-03-15,30.0,30.479999542236328,29.920000076293945,30.360000610351562,11.617688179016113,1639700,SO
2004-03-16,30.469999313354492,30.600000381469727,30.329999923706055,30.440000534057617,11.648298263549805,1604200,SO
2004-03-17,30.6299991607666,31.0,30.549999237060547,30.8700008392334,11.812845230102539,2252900,SO
2004-03-18,30.65999984741211,30.700000762939453,30.260000228881836,30.459999084472656,11.655952453613281,1650100,SO
2004-03-19,30.280000686645508,30.530000686645508,30.110000610351562,30.15999984741211,11.54115104675293,1802000,SO
2004-03-22,30.059999465942383,30.200000762939453,29.799999237060547,29.8700008392334,11.430185317993164,1806800,SO
2004-03-23,30.010000228881836,30.110000610351562,29.81999969482422,29.940000534057617,11.456971168518066,1517300,SO
2004-03-24,29.950000762939453,30.110000610351562,29.850000381469727,29.950000762939453,11.460796356201172,1438700,SO
2004-03-25,30.0,30.200000762939453,29.8799991607666,30.149999618530273,11.537328720092773,1508400,SO
2004-03-26,30.399999618530273,30.59000015258789,30.309999465942383,30.389999389648438,11.629165649414062,2094900,SO
2004-03-29,30.399999618530273,30.479999542236328,30.25,30.479999542236328,11.663603782653809,1408900,SO
2004-03-30,30.3700008392334,30.6299991607666,30.260000228881836,30.559999465942383,11.69421672821045,1336700,SO
2004-03-31,30.510000228881836,30.600000381469727,30.360000610351562,30.5,11.671263694763184,1652200,SO
2004-04-01,30.440000534057617,30.639999389648438,30.440000534057617,30.59000015258789,11.705700874328613,1316300,SO
2004-04-02,30.5,30.510000228881836,30.229999542236328,30.360000610351562,11.617688179016113,2275300,SO
2004-04-05,30.299999237060547,30.399999618530273,30.049999237060547,30.270000457763672,11.583246231079102,1575300,SO
2004-04-06,30.149999618530273,30.299999237060547,30.110000610351562,30.25,11.575592994689941,1028100,SO
2004-04-07,30.15999984741211,30.270000457763672,29.989999771118164,30.09000015258789,11.514363288879395,1534800,SO
2004-04-08,30.239999771118164,30.25,29.709999084472656,29.770000457763672,11.391908645629883,2941700,SO
2004-04-12,29.899999618530273,29.899999618530273,29.209999084472656,29.399999618530273,11.250327110290527,4531600,SO
2004-04-13,29.399999618530273,29.399999618530273,28.860000610351562,29.209999084472656,11.177620887756348,3812900,SO
2004-04-14,29.0,29.34000015258789,28.700000762939453,29.110000610351562,11.13935375213623,2713200,SO
2004-04-15,29.270000457763672,29.59000015258789,29.030000686645508,29.299999237060547,11.212064743041992,1888700,SO
2004-04-16,29.5,29.56999969482422,29.309999465942383,29.549999237060547,11.307730674743652,1743000,SO
2004-04-19,29.440000534057617,29.489999771118164,29.18000030517578,29.25,11.192927360534668,1455500,SO
2004-04-20,29.209999084472656,29.399999618530273,28.959999084472656,29.0,11.097261428833008,1717700,SO
2004-04-21,28.969999313354492,29.100000381469727,28.760000228881836,29.049999237060547,11.1163969039917,2468000,SO
2004-04-22,29.059999465942383,29.3799991607666,28.979999542236328,29.200000762939453,11.173799514770508,2162700,SO
2004-04-23,29.25,29.399999618530273,29.049999237060547,29.229999542236328,11.185274124145508,1820900,SO
2004-04-26,29.299999237060547,29.5,29.239999771118164,29.489999771118164,11.284773826599121,1851600,SO
2004-04-27,29.59000015258789,29.709999084472656,29.25,29.329999923706055,11.223544120788574,2068300,SO
2004-04-28,29.68000030517578,29.700000762939453,29.100000381469727,29.100000381469727,11.135527610778809,2619800,SO
2004-04-29,28.799999237060547,29.079999923706055,28.56999969482422,28.690000534057617,11.11229133605957,1880900,SO
2004-04-30,28.690000534057617,28.8799991607666,28.649999618530273,28.760000228881836,11.139402389526367,1897500,SO
2004-05-03,28.829999923706055,28.8700008392334,28.549999237060547,28.8700008392334,11.1820068359375,1805400,SO
2004-05-04,28.969999313354492,29.030000686645508,28.729999542236328,28.940000534057617,11.209120750427246,1638300,SO
2004-05-05,28.920000076293945,28.969999313354492,28.700000762939453,28.739999771118164,11.131657600402832,1163700,SO
2004-05-06,28.68000030517578,29.020000457763672,28.479999542236328,28.93000030517578,11.205249786376953,2272700,SO
2004-05-07,28.84000015258789,28.84000015258789,27.959999084472656,28.1200008392334,10.891521453857422,2520100,SO
2004-05-10,28.1200008392334,28.170000076293945,27.479999542236328,28.010000228881836,10.848910331726074,2989200,SO
2004-05-11,27.950000762939453,28.299999237060547,27.829999923706055,27.989999771118164,10.841160774230957,2342100,SO
2004-05-12,27.989999771118164,28.030000686645508,27.440000534057617,27.860000610351562,10.790812492370605,1989300,SO
2004-05-13,27.8700008392334,28.06999969482422,27.75,27.940000534057617,10.821799278259277,1428400,SO
2004-05-14,27.950000762939453,28.639999389648438,27.950000762939453,28.25,10.941864967346191,1877000,SO
2004-05-17,28.15999984741211,28.190000534057617,27.809999465942383,27.989999771118164,10.841160774230957,1430800,SO
2004-05-18,28.200000762939453,28.350000381469727,28.020000457763672,28.260000228881836,10.945738792419434,1498400,SO
2004-05-19,28.5,28.5,28.040000915527344,28.1299991607666,10.895389556884766,1820200,SO
2004-05-20,28.040000915527344,28.40999984741211,28.020000457763672,28.149999618530273,10.903133392333984,1245800,SO
2004-05-21,28.31999969482422,28.450000762939453,28.020000457763672,28.100000381469727,10.883768081665039,1610900,SO
2004-05-24,28.190000534057617,28.479999542236328,28.1299991607666,28.290000915527344,10.957364082336426,1480900,SO
2004-05-25,28.3700008392334,28.950000762939453,28.209999084472656,28.899999618530273,11.193626403808594,1641700,SO
2004-05-26,28.770000457763672,29.010000228881836,28.559999465942383,28.770000457763672,11.14327621459961,1353500,SO
2004-05-27,28.850000381469727,29.139999389648438,28.780000686645508,29.049999237060547,11.251727104187012,1608800,SO
2004-05-28,28.920000076293945,29.06999969482422,28.850000381469727,28.920000076293945,11.201377868652344,1590400,SO
2004-06-01,29.25,29.25,28.790000915527344,28.959999084472656,11.216870307922363,1384600,SO
2004-06-02,29.149999618530273,29.31999969482422,28.989999771118164,29.200000762939453,11.30982780456543,2027600,SO
2004-06-03,29.149999618530273,29.270000457763672,28.969999313354492,29.020000457763672,11.240107536315918,1241400,SO
2004-06-04,29.059999465942383,29.299999237060547,29.040000915527344,29.139999389648438,11.286581993103027,1382800,SO
2004-06-07,29.34000015258789,29.350000381469727,29.170000076293945,29.290000915527344,11.344685554504395,1367600,SO
2004-06-08,29.25,29.260000228881836,28.93000030517578,29.059999465942383,11.255599021911621,1469600,SO
2004-06-09,28.950000762939453,29.149999618530273,28.670000076293945,28.700000762939453,11.11616039276123,1421000,SO
2004-06-10,28.790000915527344,28.969999313354492,28.719999313354492,28.8799991607666,11.185879707336426,1261800,SO
2004-06-14,28.729999542236328,28.84000015258789,28.610000610351562,28.690000534057617,11.11229133605957,1118400,SO
2004-06-15,28.8799991607666,29.010000228881836,28.799999237060547,28.920000076293945,11.201377868652344,1392200,SO
2004-06-16,28.979999542236328,29.059999465942383,28.770000457763672,28.850000381469727,11.174263000488281,1040600,SO
2004-06-17,28.75,28.950000762939453,28.649999618530273,28.8799991607666,11.185879707336426,1748900,SO
2004-06-18,28.850000381469727,29.0,28.700000762939453,28.959999084472656,11.216870307922363,1629600,SO
2004-06-21,28.950000762939453,29.440000534057617,28.90999984741211,29.139999389648438,11.286581993103027,1856800,SO
2004-06-22,29.139999389648438,29.309999465942383,29.049999237060547,29.1200008392334,11.278836250305176,1301700,SO
2004-06-23,29.040000915527344,29.209999084472656,28.959999084472656,29.209999084472656,11.31369686126709,1014000,SO
2004-06-24,29.100000381469727,29.309999465942383,29.09000015258789,29.149999618530273,11.290457725524902,1706600,SO
2004-06-25,29.110000610351562,29.260000228881836,28.989999771118164,29.049999237060547,11.251727104187012,1331100,SO
2004-06-28,29.049999237060547,29.31999969482422,29.030000686645508,29.18000030517578,11.302078247070312,1397900,SO
2004-06-29,29.100000381469727,29.15999984741211,28.799999237060547,28.920000076293945,11.201377868652344,1202800,SO
2004-06-30,28.84000015258789,29.219999313354492,28.75,29.149999618530273,11.290457725524902,1893800,SO
2004-07-01,29.049999237060547,29.139999389648438,28.670000076293945,28.860000610351562,11.17813491821289,2089800,SO
2004-07-02,28.860000610351562,29.200000762939453,28.799999237060547,29.030000686645508,11.243979454040527,1227400,SO
2004-07-06,29.010000228881836,29.049999237060547,28.809999465942383,28.93000030517578,11.205249786376953,1313600,SO
2004-07-07,28.81999969482422,28.979999542236328,28.81999969482422,28.940000534057617,11.209120750427246,1113600,SO
2004-07-08,28.899999618530273,29.110000610351562,28.829999923706055,28.969999313354492,11.22073745727539,1362100,SO
2004-07-09,28.950000762939453,29.149999618530273,28.860000610351562,28.950000762939453,11.212992668151855,2362600,SO
2004-07-12,28.950000762939453,29.100000381469727,28.8700008392334,28.969999313354492,11.22073745727539,1472000,SO
2004-07-13,29.0,29.049999237060547,28.8799991607666,28.899999618530273,11.193626403808594,1251900,SO
2004-07-14,28.899999618530273,29.25,28.850000381469727,29.209999084472656,11.31369686126709,1752900,SO
2004-07-15,29.270000457763672,29.469999313354492,29.270000457763672,29.34000015258789,11.364051818847656,1460000,SO
2004-07-16,29.5,29.56999969482422,29.3799991607666,29.5,11.426024436950684,1294400,SO
2004-07-19,29.610000610351562,29.850000381469727,29.5,29.770000457763672,11.530592918395996,1825800,SO
2004-07-20,29.75,29.959999084472656,29.75,29.889999389648438,11.57707691192627,1886600,SO
2004-07-21,29.8799991607666,29.940000534057617,29.530000686645508,29.639999389648438,11.480242729187012,2527000,SO
2004-07-22,29.639999389648438,29.719999313354492,29.360000610351562,29.399999618530273,11.387287139892578,1530800,SO
2004-07-23,29.420000076293945,29.5,29.280000686645508,29.3799991607666,11.379544258117676,1756600,SO
2004-07-26,29.299999237060547,29.540000915527344,29.260000228881836,29.389999389648438,11.383417129516602,1727900,SO
2004-07-27,29.3700008392334,29.739999771118164,29.280000686645508,29.450000762939453,11.406657218933105,1832500,SO
2004-07-28,29.450000762939453,29.5,29.100000381469727,29.5,11.426024436950684,2340800,SO
2004-07-29,29.200000762939453,29.469999313354492,29.110000610351562,29.139999389648438,11.425232887268066,1564000,SO
2004-07-30,29.219999313354492,29.450000762939453,29.1200008392334,29.280000686645508,11.480131149291992,1153700,SO
2004-08-02,29.31999969482422,29.459999084472656,29.170000076293945,29.40999984741211,11.53110122680664,1352700,SO
2004-08-03,29.350000381469727,29.5,29.31999969482422,29.40999984741211,11.53110122680664,1227500,SO
2004-08-04,29.309999465942383,29.68000030517578,29.260000228881836,29.600000381469727,11.605596542358398,1190900,SO
2004-08-05,29.600000381469727,29.670000076293945,29.299999237060547,29.350000381469727,11.507575035095215,1178500,SO
2004-08-06,29.459999084472656,29.989999771118164,29.40999984741211,29.850000381469727,11.703618049621582,3612700,SO
2004-08-09,29.829999923706055,29.940000534057617,29.6200008392334,29.739999771118164,11.660484313964844,1949500,SO
2004-08-10,29.610000610351562,29.829999923706055,29.59000015258789,29.780000686645508,11.676166534423828,1745300,SO
2004-08-11,29.719999313354492,29.860000610351562,29.65999984741211,29.860000610351562,11.707540512084961,1466200,SO
2004-08-12,29.889999389648438,30.010000228881836,29.770000457763672,29.950000762939453,11.74282455444336,1720200,SO
2004-08-13,29.8799991607666,30.0,29.649999618530273,29.829999923706055,11.695772171020508,1050800,SO
2004-08-16,29.700000762939453,29.989999771118164,29.65999984741211,29.889999389648438,11.719297409057617,1507000,SO
2004-08-17,29.790000915527344,29.889999389648438,29.68000030517578,29.75,11.66440486907959,1294200,SO
2004-08-18,29.75,30.0,29.700000762939453,29.93000030517578,11.7349853515625,1378200,SO
2004-08-19,29.799999237060547,29.950000762939453,29.639999389648438,29.760000228881836,11.668327331542969,1491900,SO
2004-08-20,29.729999542236328,29.780000686645508,29.579999923706055,29.65999984741211,11.629119873046875,1685900,SO
2004-08-23,29.700000762939453,29.84000015258789,29.649999618530273,29.709999084472656,11.648724555969238,886600,SO
2004-08-24,29.739999771118164,29.850000381469727,29.700000762939453,29.809999465942383,11.687929153442383,1491000,SO
2004-08-25,29.8799991607666,29.989999771118164,29.81999969482422,29.940000534057617,11.738905906677246,1121800,SO
2004-08-26,29.850000381469727,30.0,29.850000381469727,29.989999771118164,11.758502006530762,1128500,SO
2004-08-27,29.989999771118164,30.09000015258789,29.950000762939453,30.010000228881836,11.766348838806152,1029600,SO
2004-08-30,29.850000381469727,30.149999618530273,29.850000381469727,30.0,11.762423515319824,815300,SO
2004-08-31,30.059999465942383,30.350000381469727,29.979999542236328,30.350000381469727,11.899654388427734,1636600,SO
2004-09-01,30.350000381469727,30.469999313354492,30.190000534057617,30.219999313354492,11.848685264587402,1912800,SO
2004-09-02,30.280000686645508,30.5,30.280000686645508,30.440000534057617,11.934941291809082,1855800,SO
2004-09-03,30.5,30.579999923706055,30.329999923706055,30.479999542236328,11.950621604919434,1840700,SO
2004-09-07,30.600000381469727,30.850000381469727,30.469999313354492,30.649999618530273,12.017278671264648,1928900,SO
2004-09-08,30.649999618530273,30.65999984741211,30.270000457763672,30.34000015258789,11.895736694335938,2044700,SO
2004-09-09,30.280000686645508,30.510000228881836,30.239999771118164,30.299999237060547,11.880054473876953,2054700,SO
2004-09-10,30.299999237060547,30.389999389648438,30.1299991607666,30.350000381469727,11.899654388427734,1292000,SO
2004-09-13,30.260000228881836,30.290000915527344,30.100000381469727,30.200000762939453,11.840842247009277,1821400,SO
2004-09-14,30.200000762939453,30.219999313354492,29.93000030517578,30.040000915527344,11.77811336517334,1907000,SO
2004-09-15,29.959999084472656,30.09000015258789,29.81999969482422,30.040000915527344,11.77811336517334,1172100,SO
2004-09-16,29.920000076293945,30.399999618530273,29.920000076293945,30.3700008392334,11.907496452331543,859000,SO
2004-09-17,30.440000534057617,30.639999389648438,30.360000610351562,30.43000030517578,11.931020736694336,1985100,SO
2004-09-20,30.34000015258789,30.399999618530273,30.1200008392334,30.1299991607666,11.813397407531738,1006800,SO
2004-09-21,30.350000381469727,30.420000076293945,30.209999084472656,30.40999984741211,11.92318058013916,984900,SO
2004-09-22,30.18000030517578,30.299999237060547,30.110000610351562,30.170000076293945,11.82907772064209,1407200,SO
2004-09-23,30.079999923706055,30.149999618530273,29.84000015258789,29.8700008392334,11.711461067199707,1605600,SO
2004-09-24,29.829999923706055,29.940000534057617,29.709999084472656,29.850000381469727,11.703618049621582,1639400,SO
2004-09-27,29.760000228881836,30.1200008392334,29.75,29.979999542236328,11.754587173461914,1472000,SO
2004-09-28,29.969999313354492,30.260000228881836,29.969999313354492,30.239999771118164,11.856527328491211,1286100,SO
2004-09-29,30.059999465942383,30.18000030517578,29.760000228881836,29.93000030517578,11.7349853515625,1504100,SO
2004-09-30,29.989999771118164,30.1200008392334,29.889999389648438,29.979999542236328,11.754587173461914,2221900,SO
2004-10-01,30.010000228881836,30.260000228881836,29.979999542236328,30.239999771118164,11.856527328491211,1749200,SO
2004-10-04,30.25,30.3700008392334,30.200000762939453,30.34000015258789,11.895736694335938,1325200,SO
2004-10-05,30.229999542236328,30.399999618530273,30.200000762939453,30.239999771118164,11.856527328491211,1049600,SO
2004-10-06,30.260000228881836,30.420000076293945,30.170000076293945,30.399999618530273,11.919262886047363,826100,SO
2004-10-07,30.40999984741211,30.450000762939453,30.18000030517578,30.18000030517578,11.833001136779785,879900,SO
2004-10-08,30.219999313354492,30.690000534057617,30.100000381469727,30.610000610351562,12.001594543457031,2087500,SO
2004-10-11,30.43000030517578,30.600000381469727,30.43000030517578,30.530000686645508,11.970229148864746,1056500,SO
2004-10-12,30.530000686645508,30.700000762939453,30.280000686645508,30.690000534057617,12.032962799072266,1637800,SO
2004-10-13,30.690000534057617,30.739999771118164,30.079999923706055,30.25,11.860445976257324,1638300,SO
2004-10-14,30.260000228881836,30.31999969482422,30.1299991607666,30.149999618530273,11.821240425109863,1147900,SO
2004-10-15,30.149999618530273,30.40999984741211,30.059999465942383,30.290000915527344,11.87613296508789,2595300,SO
2004-10-18,30.200000762939453,30.290000915527344,30.049999237060547,30.049999237060547,11.782035827636719,1539500,SO
2004-10-19,30.15999984741211,30.219999313354492,29.93000030517578,29.950000762939453,11.74282455444336,1357000,SO
2004-10-20,30.760000228881836,30.760000228881836,30.25,30.6200008392334,12.005518913269043,3770200,SO
2004-10-21,30.889999389648438,31.579999923706055,30.75,31.579999923706055,12.381915092468262,5080000,SO
2004-10-22,31.329999923706055,31.75,31.31999969482422,31.600000381469727,12.38976001739502,2822600,SO
2004-10-25,31.450000762939453,31.84000015258789,31.440000534057617,31.690000534057617,12.425040245056152,3185200,SO
2004-10-26,31.600000381469727,32.029998779296875,31.559999465942383,32.029998779296875,12.558353424072266,2549200,SO
2004-10-27,31.81999969482422,32.130001068115234,31.790000915527344,31.940000534057617,12.523067474365234,2562900,SO
2004-10-28,31.700000762939453,31.700000762939453,31.260000228881836,31.299999237060547,12.411242485046387,2496600,SO
2004-10-29,31.299999237060547,31.600000381469727,31.219999313354492,31.59000015258789,12.526238441467285,2056900,SO
2004-11-01,31.59000015258789,31.84000015258789,31.459999084472656,31.639999389648438,12.546062469482422,2732800,SO
2004-11-02,31.329999923706055,31.579999923706055,31.079999923706055,31.149999618530273,12.351765632629395,2333700,SO
2004-11-03,31.450000762939453,31.969999313354492,31.34000015258789,31.729999542236328,12.581751823425293,1773600,SO
2004-11-04,31.600000381469727,32.630001068115234,31.59000015258789,32.630001068115234,12.938617706298828,3046900,SO
2004-11-05,32.369998931884766,32.54999923706055,32.04999923706055,32.43000030517578,12.859317779541016,2592100,SO
2004-11-08,32.5,32.720001220703125,32.400001525878906,32.70000076293945,12.966375350952148,1392200,SO
2004-11-09,32.70000076293945,32.84000015258789,32.58000183105469,32.599998474121094,12.926725387573242,1531900,SO
2004-11-10,32.66999816894531,32.75,32.459999084472656,32.599998474121094,12.926725387573242,1338800,SO
2004-11-11,32.56999969482422,32.97999954223633,32.47999954223633,32.849998474121094,13.025860786437988,1594800,SO
2004-11-12,32.86000061035156,33.15999984741211,32.779998779296875,33.15999984741211,13.148778915405273,1811900,SO
2004-11-15,32.959999084472656,33.119998931884766,32.869998931884766,33.0099983215332,13.089303016662598,1420600,SO
2004-11-16,32.86000061035156,33.189998626708984,32.84000015258789,33.040000915527344,13.101197242736816,1181600,SO
2004-11-17,33.06999969482422,33.38999938964844,32.68000030517578,32.68000030517578,12.958451271057129,1763600,SO
2004-11-18,32.689998626708984,32.93000030517578,32.650001525878906,32.83000183105469,13.017930030822754,1217400,SO
2004-11-19,32.939998626708984,33.0,32.5,32.79999923706055,13.006035804748535,1822400,SO
2004-11-22,32.79999923706055,33.22999954223633,32.77000045776367,33.209999084472656,13.168609619140625,1442500,SO
2004-11-23,33.11000061035156,33.43000030517578,32.95000076293945,33.25,13.184470176696777,1571300,SO
2004-11-24,33.45000076293945,33.83000183105469,33.36000061035156,33.619998931884766,13.331182479858398,1659100,SO
2004-11-26,33.779998779296875,33.939998626708984,33.7599983215332,33.79999923706055,13.40256118774414,559800,SO
2004-11-29,33.79999923706055,33.93000030517578,33.29999923706055,33.43000030517578,13.255840301513672,1697900,SO
2004-11-30,33.40999984741211,33.529998779296875,32.790000915527344,32.790000915527344,13.002065658569336,2271000,SO
2004-12-01,32.849998474121094,32.86000061035156,32.380001068115234,32.790000915527344,13.002065658569336,3673200,SO
2004-12-02,32.70000076293945,32.810001373291016,32.220001220703125,32.27000045776367,12.79587459564209,2672600,SO
2004-12-03,32.470001220703125,32.7599983215332,32.36000061035156,32.61000061035156,12.930695533752441,2834700,SO
2004-12-06,32.81999969482422,32.970001220703125,32.59000015258789,32.91999816894531,13.053611755371094,1859600,SO
2004-12-07,32.97999954223633,33.02000045776367,32.619998931884766,32.720001220703125,12.974312782287598,2046400,SO
2004-12-08,32.70000076293945,32.849998474121094,32.459999084472656,32.58000183105469,12.918797492980957,1851900,SO
2004-12-09,33.099998474121094,33.099998474121094,32.380001068115234,32.68000030517578,12.958451271057129,1083300,SO
2004-12-10,33.27000045776367,33.27000045776367,32.459999084472656,32.70000076293945,12.966375350952148,1308500,SO
2004-12-13,32.709999084472656,33.15999984741211,32.709999084472656,33.099998474121094,13.124984741210938,1151500,SO
2004-12-14,33.040000915527344,33.15999984741211,32.75,32.95000076293945,13.065507888793945,1997500,SO
2004-12-15,32.91999816894531,32.95000076293945,32.720001220703125,32.90999984741211,13.049651145935059,2002000,SO
2004-12-16,32.90999984741211,33.220001220703125,32.75,33.20000076293945,13.164641380310059,3083000,SO
2004-12-17,32.900001525878906,33.25,32.869998931884766,33.0,13.085335731506348,3082000,SO
2004-12-20,33.150001525878906,33.40999984741211,33.04999923706055,33.38999938964844,13.23998737335205,2341400,SO
2004-12-21,33.400001525878906,33.7599983215332,33.400001525878906,33.650001525878906,13.343080520629883,1497400,SO
2004-12-22,33.599998474121094,33.81999969482422,33.529998779296875,33.810001373291016,13.40652084350586,1305900,SO
2004-12-23,33.790000915527344,33.88999938964844,33.619998931884766,33.77000045776367,13.390664100646973,824700,SO
2004-12-27,33.7599983215332,33.91999816894531,33.41999816894531,33.41999816894531,13.251876831054688,1176300,SO
2004-12-28,33.41999816894531,33.66999816894531,33.27000045776367,33.63999938964844,13.339116096496582,1376700,SO
2004-12-29,33.63999938964844,33.70000076293945,33.459999084472656,33.599998474121094,13.323248863220215,904100,SO
2004-12-30,33.68000030517578,33.959999084472656,33.59000015258789,33.91999816894531,13.4501371383667,1072200,SO
2004-12-31,33.91999816894531,33.93000030517578,33.43000030517578,33.52000045776367,13.291533470153809,902400,SO
2005-01-03,33.209999084472656,33.56999969482422,32.959999084472656,33.060001373291016,13.109131813049316,2048000,SO
2005-01-04,33.18000030517578,33.31999969482422,33.029998779296875,33.040000915527344,13.101197242736816,2281800,SO
2005-01-05,32.900001525878906,33.13999938964844,32.79999923706055,32.84000015258789,13.021896362304688,1790500,SO
2005-01-06,32.83000183105469,32.91999816894531,32.4900016784668,32.630001068115234,12.938617706298828,2665900,SO
2005-01-07,32.79999923706055,33.08000183105469,32.650001525878906,32.779998779296875,12.998103141784668,1589900,SO
2005-01-10,32.77000045776367,33.040000915527344,32.65999984741211,33.040000915527344,13.101197242736816,1562200,SO
2005-01-11,33.040000915527344,33.06999969482422,32.709999084472656,33.0,13.085335731506348,1506700,SO
2005-01-12,33.0,33.04999923706055,32.77000045776367,32.90999984741211,13.049651145935059,1772300,SO
2005-01-13,32.880001068115234,33.11000061035156,32.7599983215332,32.810001373291016,13.010004043579102,2406900,SO
2005-01-14,32.93000030517578,33.08000183105469,32.70000076293945,32.939998626708984,13.061544418334961,1188100,SO
2005-01-18,32.790000915527344,33.25,32.68000030517578,33.20000076293945,13.164641380310059,1499000,SO
2005-01-19,32.959999084472656,33.2400016784668,32.959999084472656,32.97999954223633,13.07740592956543,1524400,SO
2005-01-20,33.130001068115234,33.20000076293945,32.79999923706055,32.900001525878906,13.045686721801758,1814900,SO
2005-01-21,32.900001525878906,33.02000045776367,32.77000045776367,32.88999938964844,13.041723251342773,1879100,SO
2005-01-24,33.06999969482422,33.470001220703125,32.95000076293945,33.33000183105469,13.21619701385498,2468900,SO
2005-01-25,33.439998626708984,33.5,32.54999923706055,32.709999084472656,12.970340728759766,3957800,SO
2005-01-26,32.720001220703125,33.2400016784668,32.70000076293945,33.189998626708984,13.160679817199707,2227200,SO
2005-01-27,33.189998626708984,33.59000015258789,33.0099983215332,33.47999954223633,13.275667190551758,2884400,SO
2005-01-28,33.400001525878906,33.529998779296875,33.220001220703125,33.5,13.28359603881836,1806700,SO
2005-01-31,33.5,33.79999923706055,33.470001220703125,33.77000045776367,13.390664100646973,2053000,SO
2005-02-01,33.79999923706055,34.09000015258789,33.66999816894531,34.08000183105469,13.513590812683105,2793700,SO
2005-02-02,34.08000183105469,34.34000015258789,33.880001068115234,33.95000076293945,13.462032318115234,2582600,SO
2005-02-03,33.720001220703125,33.720001220703125,33.25,33.4900016784668,13.421159744262695,1928300,SO
2005-02-04,33.630001068115234,33.779998779296875,33.529998779296875,33.7599983215332,13.529361724853516,2151800,SO
2005-02-07,33.70000076293945,33.72999954223633,33.47999954223633,33.689998626708984,13.501310348510742,1286900,SO
2005-02-08,33.619998931884766,33.709999084472656,33.529998779296875,33.619998931884766,13.47325611114502,1237900,SO
2005-02-09,33.599998474121094,33.68000030517578,33.380001068115234,33.380001068115234,13.377080917358398,1265700,SO
2005-02-10,33.36000061035156,33.52000045776367,33.25,33.52000045776367,13.43317985534668,1745000,SO
2005-02-11,33.5099983215332,33.599998474121094,33.119998931884766,33.18000030517578,13.29692554473877,2454800,SO
2005-02-14,33.290000915527344,33.439998626708984,33.189998626708984,33.38999938964844,13.381085395812988,1696300,SO
2005-02-15,33.47999954223633,33.5,33.2400016784668,33.310001373291016,13.349023818969727,1596000,SO
2005-02-16,33.220001220703125,33.279998779296875,33.02000045776367,33.150001525878906,13.284904479980469,1648200,SO
2005-02-17,33.099998474121094,33.22999954223633,32.84000015258789,32.970001220703125,13.212769508361816,1832700,SO
2005-02-18,32.97999954223633,32.97999954223633,32.41999816894531,32.470001220703125,13.012397766113281,2331400,SO
2005-02-22,32.45000076293945,32.459999084472656,31.59000015258789,31.600000381469727,12.663741111755371,3325100,SO
2005-02-23,32.0,32.25,31.780000686645508,31.84000015258789,12.759919166564941,2254400,SO
2005-02-24,31.75,31.940000534057617,31.729999542236328,31.8799991607666,12.775949478149414,1897300,SO
2005-02-25,32.04999923706055,32.790000915527344,32.0099983215332,32.470001220703125,13.012397766113281,2757700,SO
2005-02-28,32.380001068115234,32.650001525878906,32.040000915527344,32.119998931884766,12.872133255004883,1714600,SO
2005-03-01,32.04999923706055,32.560001373291016,31.989999771118164,32.38999938964844,12.980335235595703,1684400,SO
2005-03-02,32.38999938964844,32.540000915527344,32.25,32.38999938964844,12.980335235595703,2441400,SO
2005-03-03,32.290000915527344,32.58000183105469,32.06999969482422,32.13999938964844,12.880152702331543,2204000,SO
2005-03-04,32.470001220703125,32.619998931884766,32.29999923706055,32.599998474121094,13.064492225646973,2381000,SO
2005-03-07,32.779998779296875,32.83000183105469,32.5,32.54999923706055,13.044449806213379,1713500,SO
2005-03-08,32.560001373291016,32.56999969482422,32.25,32.439998626708984,13.00036907196045,1377900,SO
2005-03-09,32.25,32.2599983215332,31.709999084472656,31.719999313354492,12.711830139160156,3133100,SO
2005-03-10,31.90999984741211,32.15999984741211,31.690000534057617,32.09000015258789,12.860107421875,2091300,SO
2005-03-11,32.09000015258789,32.29999923706055,31.799999237060547,31.799999237060547,12.743890762329102,1250400,SO
2005-03-14,31.850000381469727,32.41999816894531,31.850000381469727,32.41999816894531,12.992358207702637,1738300,SO
2005-03-15,32.459999084472656,32.529998779296875,32.08000183105469,32.08000183105469,12.856099128723145,1496700,SO
2005-03-16,32.0099983215332,32.22999954223633,31.670000076293945,31.770000457763672,12.731866836547852,1711700,SO
2005-03-17,32.09000015258789,32.41999816894531,31.84000015258789,32.16999816894531,12.892166137695312,1935000,SO
2005-03-18,32.34000015258789,32.38999938964844,31.809999465942383,32.09000015258789,12.860107421875,3817800,SO
2005-03-21,32.08000183105469,32.13999938964844,31.770000457763672,31.899999618530273,12.783967018127441,1634400,SO
2005-03-22,31.850000381469727,32.189998626708984,31.399999618530273,31.5,12.623665809631348,2403100,SO
2005-03-23,31.5,31.5,31.149999618530273,31.350000381469727,12.563551902770996,2191900,SO
2005-03-24,31.579999923706055,31.8700008392334,31.510000228881836,31.709999084472656,12.70782470703125,1622400,SO
2005-03-28,31.84000015258789,31.860000610351562,31.440000534057617,31.440000534057617,12.599615097045898,2240300,SO
2005-03-29,31.270000457763672,31.540000915527344,31.139999389648438,31.25,12.523477554321289,1760600,SO
2005-03-30,31.239999771118164,31.860000610351562,31.239999771118164,31.6299991607666,12.675758361816406,1638900,SO
2005-03-31,31.75,31.989999771118164,31.600000381469727,31.829999923706055,12.755911827087402,2115100,SO
2005-04-01,32.029998779296875,32.209999084472656,31.6200008392334,31.950000762939453,12.804003715515137,3070600,SO
2005-04-04,31.8700008392334,32.0099983215332,31.600000381469727,31.940000534057617,12.799997329711914,1996400,SO
2005-04-05,31.940000534057617,32.15999984741211,31.860000610351562,32.15999984741211,12.88815975189209,1278600,SO
2005-04-06,32.189998626708984,32.29999923706055,31.969999313354492,32.0099983215332,12.828043937683105,1405500,SO
2005-04-07,32.09000015258789,32.25,31.950000762939453,32.13999938964844,12.880152702331543,1204400,SO
2005-04-08,32.13999938964844,32.29999923706055,31.899999618530273,31.950000762939453,12.804003715515137,1176200,SO
2005-04-11,31.940000534057617,32.5,31.899999618530273,32.310001373291016,12.948270797729492,1668900,SO
2005-04-12,32.0099983215332,32.84000015258789,31.959999084472656,32.779998779296875,13.136628150939941,1868800,SO
2005-04-13,32.720001220703125,32.90999984741211,32.400001525878906,32.5,13.024415016174316,2034200,SO
2005-04-14,32.45000076293945,32.459999084472656,32.189998626708984,32.220001220703125,12.912206649780273,1729700,SO
2005-04-15,32.220001220703125,32.34000015258789,31.950000762939453,31.950000762939453,12.804003715515137,2204200,SO
2005-04-18,31.90999984741211,32.20000076293945,31.600000381469727,31.780000686645508,12.735876083374023,2173400,SO
2005-04-19,31.809999465942383,32.52000045776367,31.799999237060547,32.5,13.024415016174316,2401900,SO
2005-04-20,32.380001068115234,32.900001525878906,32.20000076293945,32.58000183105469,13.056478500366211,3565400,SO
2005-04-21,32.77000045776367,33.11000061035156,32.540000915527344,32.869998931884766,13.17269229888916,2885000,SO
2005-04-22,32.869998931884766,33.099998474121094,32.77000045776367,33.0,13.224791526794434,1715100,SO
2005-04-25,32.900001525878906,33.380001068115234,32.81999969482422,33.290000915527344,13.341008186340332,2889200,SO
2005-04-26,32.900001525878906,33.220001220703125,32.650001525878906,32.650001525878906,13.084526062011719,2585600,SO
2005-04-27,32.720001220703125,33.22999954223633,32.439998626708984,33.060001373291016,13.248839378356934,3443000,SO
2005-04-28,32.70000076293945,32.77000045776367,32.36000061035156,32.43000030517578,13.144671440124512,2419600,SO
2005-04-29,32.45000076293945,33.029998779296875,32.2599983215332,32.95000076293945,13.35543441772461,3511700,SO
2005-05-02,33.02000045776367,33.220001220703125,33.0,33.16999816894531,13.444609642028809,2063800,SO
2005-05-03,32.900001525878906,33.25,32.849998474121094,33.04999923706055,13.395971298217773,2543300,SO
2005-05-04,33.04999923706055,33.25,32.790000915527344,33.25,13.477038383483887,1755700,SO
2005-05-05,33.13999938964844,33.20000076293945,32.849998474121094,33.11000061035156,13.420287132263184,1875400,SO
2005-05-06,33.2400016784668,33.2400016784668,32.97999954223633,33.20000076293945,13.456766128540039,2263400,SO
2005-05-09,33.18000030517578,33.209999084472656,32.70000076293945,33.20000076293945,13.456766128540039,1792500,SO
2005-05-10,32.9900016784668,33.25,32.95000076293945,33.040000915527344,13.391915321350098,1896000,SO
2005-05-11,33.0,33.09000015258789,32.77000045776367,33.02000045776367,13.383810997009277,1505800,SO
2005-05-12,33.060001373291016,33.68000030517578,33.0,33.25,13.477038383483887,2729400,SO
2005-05-13,33.349998474121094,34.130001068115234,33.279998779296875,33.68000030517578,13.651318550109863,5374700,SO
2005-05-16,33.68000030517578,34.0,33.470001220703125,33.90999984741211,13.744544982910156,2824400,SO
2005-05-17,33.75,34.5,33.75,34.470001220703125,13.971528053283691,3244500,SO
2005-05-18,34.470001220703125,34.70000076293945,34.279998779296875,34.349998474121094,13.922890663146973,2736300,SO
2005-05-19,34.34000015258789,34.43000030517578,34.130001068115234,34.33000183105469,13.914786338806152,2370600,SO
2005-05-20,34.38999938964844,34.45000076293945,34.279998779296875,34.31999969482422,13.910728454589844,2664800,SO
2005-05-23,34.220001220703125,34.31999969482422,33.97999954223633,34.11000061035156,13.825615882873535,1918100,SO
2005-05-24,33.970001220703125,34.130001068115234,33.709999084472656,33.880001068115234,13.732392311096191,2202700,SO
2005-05-25,33.720001220703125,33.970001220703125,33.619998931884766,33.77000045776367,13.687801361083984,1848900,SO
2005-05-26,33.849998474121094,33.91999816894531,33.7400016784668,33.88999938964844,13.736443519592285,1273300,SO
2005-05-27,33.84000015258789,34.150001525878906,33.84000015258789,34.13999938964844,13.837775230407715,1583800,SO
2005-05-31,34.13999938964844,34.25,33.90999984741211,33.95000076293945,13.760760307312012,2431600,SO
2005-06-01,34.0,34.56999969482422,33.900001525878906,34.40999984741211,13.94720458984375,2742700,SO
2005-06-02,34.349998474121094,34.529998779296875,34.2400016784668,34.4900016784668,13.979639053344727,1677900,SO
2005-06-03,34.59000015258789,34.70000076293945,34.279998779296875,34.43000030517578,13.955313682556152,2104000,SO
2005-06-06,34.4900016784668,34.5,34.279998779296875,34.38999938964844,13.939105033874512,1710400,SO
2005-06-07,34.5099983215332,34.880001068115234,34.349998474121094,34.459999084472656,13.967482566833496,2185600,SO
2005-06-08,34.68000030517578,34.779998779296875,34.439998626708984,34.54999923706055,14.003950119018555,1426800,SO
2005-06-09,34.54999923706055,34.56999969482422,34.2400016784668,34.4900016784668,13.979639053344727,1254400,SO
2005-06-10,34.540000915527344,34.77000045776367,34.290000915527344,34.45000076293945,13.963424682617188,1979600,SO
2005-06-13,34.349998474121094,34.540000915527344,34.25,34.38999938964844,13.939105033874512,1693000,SO
2005-06-14,34.58000183105469,34.58000183105469,34.22999954223633,34.459999084472656,13.967482566833496,2370700,SO
2005-06-15,34.5,34.5,34.02000045776367,34.13999938964844,13.837775230407715,1882400,SO
2005-06-16,34.11000061035156,34.279998779296875,33.84000015258789,34.18000030517578,13.853989601135254,2380300,SO
2005-06-17,34.439998626708984,34.45000076293945,34.08000183105469,34.2599983215332,13.886411666870117,3619300,SO
2005-06-20,34.0099983215332,34.11000061035156,33.95000076293945,34.08000183105469,13.813456535339355,3182400,SO
2005-06-21,34.0099983215332,34.369998931884766,33.95000076293945,34.290000915527344,13.898565292358398,1388700,SO
2005-06-22,34.400001525878906,34.650001525878906,34.29999923706055,34.54999923706055,14.003950119018555,1745800,SO
2005-06-23,34.43000030517578,34.70000076293945,34.36000061035156,34.52000045776367,13.99179744720459,1820000,SO
2005-06-24,34.58000183105469,34.81999969482422,34.18000030517578,34.220001220703125,13.870200157165527,1790300,SO
2005-06-27,34.31999969482422,34.7599983215332,34.130001068115234,34.65999984741211,14.048542022705078,2241600,SO
2005-06-28,34.72999954223633,34.9900016784668,34.709999084472656,34.90999984741211,14.149871826171875,1946000,SO
2005-06-29,34.869998931884766,35.0,34.52000045776367,34.779998779296875,14.097182273864746,1526200,SO
2005-06-30,34.75,34.970001220703125,34.58000183105469,34.66999816894531,14.05260181427002,1673500,SO
2005-07-01,34.900001525878906,35.119998931884766,34.75,35.08000183105469,14.218774795532227,1821900,SO
2005-07-05,35.02000045776367,35.25,34.720001220703125,35.15999984741211,14.25120735168457,1320900,SO
2005-07-06,35.029998779296875,35.189998626708984,34.58000183105469,34.599998474121094,14.024219512939453,1999000,SO
2005-07-07,34.5,34.9900016784668,34.29999923706055,34.939998626708984,14.162030220031738,2166800,SO
2005-07-08,35.0,35.75,34.83000183105469,35.61000061035156,14.43359661102295,2470300,SO
2005-07-11,35.61000061035156,35.93000030517578,35.5,35.91999816894531,14.559250831604004,1760100,SO
2005-07-12,35.650001525878906,35.849998474121094,35.45000076293945,35.65999984741211,14.453864097595215,2548500,SO
2005-07-13,35.65999984741211,35.849998474121094,35.560001373291016,35.619998931884766,14.437657356262207,1910000,SO
2005-07-14,35.790000915527344,35.900001525878906,35.13999938964844,35.459999084472656,14.372800827026367,1981800,SO
2005-07-15,35.349998474121094,35.61000061035156,35.099998474121094,35.56999969482422,14.417388916015625,2471500,SO
2005-07-18,35.25,35.45000076293945,35.25,35.29999923706055,14.307950019836426,1473900,SO
2005-07-19,35.369998931884766,35.470001220703125,35.18000030517578,35.369998931884766,14.33631706237793,1643000,SO
2005-07-20,35.099998474121094,35.40999984741211,35.0,35.400001525878906,14.348482131958008,1755600,SO
2005-07-21,35.290000915527344,35.36000061035156,34.81999969482422,34.880001068115234,14.137713432312012,3250600,SO
2005-07-22,34.95000076293945,35.400001525878906,34.95000076293945,35.34000015258789,14.324163436889648,1698000,SO
2005-07-25,35.34000015258789,35.529998779296875,35.209999084472656,35.209999084472656,14.271474838256836,1199200,SO
2005-07-26,35.11000061035156,35.849998474121094,35.099998474121094,35.20000076293945,14.267415046691895,2189600,SO
2005-07-27,35.16999816894531,35.40999984741211,35.130001068115234,35.349998474121094,14.328217506408691,2491800,SO
2005-07-28,35.150001525878906,35.29999923706055,34.849998474121094,35.13999938964844,14.39499282836914,1947900,SO
2005-07-29,35.16999816894531,35.310001373291016,34.95000076293945,34.9900016784668,14.333544731140137,1496900,SO
2005-08-01,35.099998474121094,35.150001525878906,34.5099983215332,34.650001525878906,14.194258689880371,2050300,SO
2005-08-02,34.650001525878906,35.09000015258789,34.619998931884766,35.029998779296875,14.349925994873047,3002300,SO
2005-08-03,34.83000183105469,35.310001373291016,34.79999923706055,35.11000061035156,14.382696151733398,1762600,SO
2005-08-04,34.93000030517578,35.08000183105469,34.7599983215332,34.869998931884766,14.284383773803711,1314000,SO
2005-08-05,34.689998626708984,34.7400016784668,34.06999969482422,34.220001220703125,14.018109321594238,2551000,SO
2005-08-08,34.400001525878906,34.5,33.61000061035156,33.83000183105469,13.858354568481445,3142900,SO
2005-08-09,33.81999969482422,34.2400016784668,33.79999923706055,34.15999984741211,13.993535041809082,2238400,SO
2005-08-10,34.15999984741211,34.63999938964844,33.869998931884766,34.029998779296875,13.940276145935059,1785200,SO
2005-08-11,34.0,34.43000030517578,33.95000076293945,34.310001373291016,14.054976463317871,1422700,SO
2005-08-12,34.310001373291016,34.400001525878906,33.91999816894531,34.189998626708984,14.00582218170166,1189600,SO
2005-08-15,34.06999969482422,34.380001068115234,34.04999923706055,34.2599983215332,14.03449821472168,1000300,SO
2005-08-16,34.06999969482422,34.36000061035156,33.70000076293945,33.7599983215332,13.829673767089844,1389300,SO
2005-08-17,33.650001525878906,33.79999923706055,33.2400016784668,33.470001220703125,13.7108736038208,1928900,SO
2005-08-18,33.400001525878906,33.72999954223633,33.2599983215332,33.599998474121094,13.764128684997559,1134800,SO
2005-08-19,33.7599983215332,33.95000076293945,33.63999938964844,33.689998626708984,13.80099868774414,1497400,SO
2005-08-22,33.70000076293945,34.09000015258789,33.619998931884766,33.7400016784668,13.821478843688965,1534400,SO
2005-08-23,33.869998931884766,34.2400016784668,33.86000061035156,34.119998931884766,13.977145195007324,1614200,SO
2005-08-24,34.15999984741211,34.4900016784668,33.959999084472656,33.970001220703125,13.915702819824219,1886100,SO
2005-08-25,34.0,34.400001525878906,33.97999954223633,34.33000183105469,14.063173294067383,1457000,SO
2005-08-26,34.38999938964844,34.38999938964844,33.869998931884766,33.91999816894531,13.895220756530762,1491500,SO
2005-08-29,33.59000015258789,34.11000061035156,33.59000015258789,34.06999969482422,13.956658363342285,1523900,SO
2005-08-30,34.060001373291016,34.130001068115234,33.66999816894531,34.06999969482422,13.956658363342285,1959300,SO
2005-08-31,33.970001220703125,34.41999816894531,33.91999816894531,34.400001525878906,14.091848373413086,2883800,SO
2005-09-01,34.439998626708984,34.88999938964844,34.04999923706055,34.7400016784668,14.231125831604004,2274100,SO
2005-09-02,34.90999984741211,35.29999923706055,34.779998779296875,35.06999969482422,14.366311073303223,2349700,SO
2005-09-06,35.34000015258789,35.59000015258789,35.22999954223633,35.540000915527344,14.558843612670898,2263400,SO
2005-09-07,35.41999816894531,35.560001373291016,34.97999954223633,35.25,14.440044403076172,1783500,SO
2005-09-08,35.689998626708984,35.689998626708984,35.099998474121094,35.130001068115234,14.390890121459961,1797000,SO
2005-09-09,35.0,35.56999969482422,35.0,35.4900016784668,14.538366317749023,1603300,SO
2005-09-12,35.29999923706055,35.380001068115234,35.04999923706055,35.279998779296875,14.452339172363281,1367500,SO
2005-09-13,35.29999923706055,35.31999969482422,35.02000045776367,35.029998779296875,14.349925994873047,1486300,SO
2005-09-14,35.099998474121094,35.380001068115234,35.04999923706055,35.16999816894531,14.407273292541504,1272300,SO
2005-09-15,35.29999923706055,35.63999938964844,35.22999954223633,35.47999954223633,14.534262657165527,1905900,SO
2005-09-16,35.650001525878906,36.209999084472656,35.43000030517578,36.15999984741211,14.81282901763916,5196700,SO
2005-09-19,36.0,36.15999984741211,35.400001525878906,35.869998931884766,14.694031715393066,1767500,SO
2005-09-20,35.849998474121094,36.119998931884766,35.66999816894531,35.689998626708984,14.620293617248535,1734500,SO
2005-09-21,36.279998779296875,36.470001220703125,35.11000061035156,35.529998779296875,14.554749488830566,2049500,SO
2005-09-22,35.45000076293945,35.650001525878906,35.150001525878906,35.540000915527344,14.558843612670898,1543300,SO
2005-09-23,35.59000015258789,35.83000183105469,35.27000045776367,35.7400016784668,14.640776634216309,1635400,SO
2005-09-26,35.88999938964844,35.9900016784668,35.689998626708984,35.810001373291016,14.669448852539062,1479700,SO
2005-09-27,35.810001373291016,35.9900016784668,35.47999954223633,35.68000030517578,14.616203308105469,1651100,SO
2005-09-28,35.970001220703125,36.040000915527344,35.47999954223633,35.7400016784668,14.640776634216309,1621600,SO
2005-09-29,35.529998779296875,36.119998931884766,35.45000076293945,35.97999954223633,14.739094734191895,1951000,SO
2005-09-30,36.0099983215332,36.04999923706055,35.56999969482422,35.7599983215332,14.648975372314453,1755300,SO
2005-10-03,35.810001373291016,36.130001068115234,35.75,36.06999969482422,14.775961875915527,1500700,SO
2005-10-04,36.06999969482422,36.33000183105469,35.75,35.790000915527344,14.661255836486816,2373800,SO
2005-10-05,35.61000061035156,35.779998779296875,34.880001068115234,34.88999938964844,14.292572021484375,2908200,SO
2005-10-06,35.029998779296875,35.29999923706055,34.16999816894531,34.689998626708984,14.210638046264648,3340600,SO
2005-10-07,34.709999084472656,35.130001068115234,34.529998779296875,34.900001525878906,14.296669960021973,2388000,SO
2005-10-10,34.779998779296875,34.86000061035156,34.20000076293945,34.31999969482422,14.059072494506836,2153300,SO
2005-10-11,34.31999969482422,34.560001373291016,34.08000183105469,34.13999938964844,13.985342025756836,1844200,SO
2005-10-12,34.22999954223633,34.45000076293945,33.56999969482422,33.70000076293945,13.805098533630371,2598700,SO
2005-10-13,33.689998626708984,33.75,32.7599983215332,33.279998779296875,13.63304615020752,2578900,SO
2005-10-14,33.459999084472656,33.459999084472656,33.11000061035156,33.29999923706055,13.641237258911133,2211600,SO
2005-10-17,33.27000045776367,33.900001525878906,33.2599983215332,33.810001373291016,13.850156784057617,2559400,SO
2005-10-18,33.810001373291016,33.939998626708984,33.2400016784668,33.310001373291016,13.645334243774414,1884000,SO
2005-10-19,33.349998474121094,33.79999923706055,32.79999923706055,33.619998931884766,13.772321701049805,3290100,SO
2005-10-20,33.810001373291016,34.02000045776367,33.099998474121094,33.310001373291016,13.645334243774414,3622800,SO
2005-10-21,33.38999938964844,33.91999816894531,33.349998474121094,33.84000015258789,13.862448692321777,4223200,SO
2005-10-24,34.0,34.5099983215332,33.84000015258789,34.439998626708984,14.108236312866211,2055000,SO
2005-10-25,34.97999954223633,34.97999954223633,34.040000915527344,34.599998474121094,14.173775672912598,2574200,SO
2005-10-26,34.470001220703125,34.72999954223633,34.119998931884766,34.220001220703125,14.018109321594238,2231300,SO
2005-10-27,34.400001525878906,34.43000030517578,33.689998626708984,33.849998474121094,13.866535186767578,2617800,SO
2005-10-28,34.029998779296875,34.40999984741211,33.88999938964844,34.36000061035156,14.075459480285645,2187600,SO
2005-10-31,34.529998779296875,35.18000030517578,34.45000076293945,34.9900016784668,14.333544731140137,2622100,SO
2005-11-01,34.81999969482422,35.11000061035156,34.58000183105469,34.75,14.235224723815918,2359200,SO
2005-11-02,34.810001373291016,34.93000030517578,34.31999969482422,34.93000030517578,14.308960914611816,2107000,SO
2005-11-03,34.70000076293945,34.72999954223633,34.40999984741211,34.5099983215332,14.28950023651123,3534700,SO
2005-11-04,34.63999938964844,34.689998626708984,34.459999084472656,34.5099983215332,14.28950023651123,2359600,SO
2005-11-07,34.650001525878906,34.70000076293945,34.09000015258789,34.209999084472656,14.165278434753418,2158800,SO
2005-11-08,34.189998626708984,34.540000915527344,34.04999923706055,34.349998474121094,14.223249435424805,2006000,SO
2005-11-09,34.439998626708984,34.61000061035156,34.29999923706055,34.5,14.285360336303711,2404800,SO
2005-11-10,34.5,34.650001525878906,34.25,34.52000045776367,14.293648719787598,3675500,SO
2005-11-11,34.459999084472656,34.540000915527344,34.130001068115234,34.45000076293945,14.264655113220215,2229100,SO
2005-11-14,34.29999923706055,34.45000076293945,33.939998626708984,34.0099983215332,14.082465171813965,2041900,SO
2005-11-15,34.0,34.209999084472656,33.86000061035156,34.04999923706055,14.099029541015625,1936300,SO
2005-11-16,34.20000076293945,34.54999923706055,34.02000045776367,34.119998931884766,14.128013610839844,1573700,SO
2005-11-17,34.220001220703125,34.47999954223633,34.09000015258789,34.439998626708984,14.260518074035645,1983600,SO
2005-11-18,34.95000076293945,34.95000076293945,34.349998474121094,34.790000915527344,14.405442237854004,2621400,SO
2005-11-21,34.7400016784668,34.93000030517578,34.540000915527344,34.650001525878906,14.347468376159668,1160400,SO
2005-11-22,34.470001220703125,34.75,34.209999084472656,34.58000183105469,14.318486213684082,1580500,SO
2005-11-23,34.58000183105469,34.9900016784668,34.41999816894531,34.84000015258789,14.426145553588867,1379300,SO
2005-11-25,34.91999816894531,34.97999954223633,34.75,34.91999816894531,14.459267616271973,417000,SO
2005-11-28,34.75,35.18000030517578,34.720001220703125,34.880001068115234,14.442705154418945,1604600,SO
2005-11-29,35.04999923706055,35.20000076293945,34.880001068115234,35.060001373291016,14.517247200012207,1679000,SO
2005-11-30,35.0,35.060001373291016,34.619998931884766,34.709999084472656,14.372312545776367,2107500,SO
2005-12-01,35.150001525878906,35.150001525878906,34.790000915527344,34.84000015258789,14.426145553588867,2293800,SO
2005-12-02,34.79999923706055,35.11000061035156,34.66999816894531,35.040000915527344,14.50895881652832,1443500,SO
2005-12-05,34.900001525878906,35.02000045776367,34.650001525878906,35.0,14.492392539978027,1757400,SO
2005-12-06,35.20000076293945,35.22999954223633,34.79999923706055,34.88999938964844,14.4468412399292,1952600,SO
2005-12-07,34.90999984741211,35.09000015258789,34.59000015258789,34.68000030517578,14.359890937805176,1815700,SO
2005-12-08,34.619998931884766,35.06999969482422,34.540000915527344,35.0,14.492392539978027,2514800,SO
2005-12-09,35.08000183105469,35.349998474121094,34.869998931884766,35.209999084472656,14.579352378845215,1779500,SO
2005-12-12,35.34000015258789,35.4900016784668,34.810001373291016,34.88999938964844,14.4468412399292,2050900,SO
2005-12-13,34.83000183105469,35.290000915527344,34.779998779296875,35.27000045776367,14.604194641113281,2018800,SO
2005-12-14,35.29999923706055,35.61000061035156,35.27000045776367,35.380001068115234,14.649737358093262,2158600,SO
2005-12-15,35.5099983215332,35.58000183105469,35.220001220703125,35.27000045776367,14.604194641113281,2609000,SO
2005-12-16,35.47999954223633,35.70000076293945,35.33000183105469,35.380001068115234,14.649737358093262,2660100,SO
2005-12-19,35.38999938964844,35.45000076293945,35.0099983215332,35.150001525878906,14.55450439453125,2047500,SO
2005-12-20,35.20000076293945,35.36000061035156,35.029998779296875,35.31999969482422,14.624894142150879,2003300,SO
2005-12-21,35.45000076293945,35.540000915527344,34.79999923706055,34.869998931884766,14.438566207885742,10384400,SO
2005-12-22,34.9900016784668,35.15999984741211,34.900001525878906,35.13999938964844,14.550371170043945,1987900,SO
2005-12-23,35.09000015258789,35.22999954223633,34.939998626708984,35.13999938964844,14.550371170043945,1609200,SO
2005-12-27,35.13999938964844,35.189998626708984,34.79999923706055,35.099998474121094,14.533802032470703,2393000,SO
2005-12-28,35.0099983215332,35.189998626708984,34.83000183105469,34.970001220703125,14.479964256286621,1965400,SO
2005-12-29,34.90999984741211,35.09000015258789,34.66999816894531,34.7400016784668,14.384732246398926,1188700,SO
2005-12-30,34.630001068115234,34.70000076293945,34.45000076293945,34.529998779296875,14.297779083251953,1556600,SO
2006-01-03,34.7599983215332,35.130001068115234,34.47999954223633,35.06999969482422,14.521378517150879,2203700,SO
2006-01-04,34.91999816894531,35.099998474121094,34.45000076293945,34.9900016784668,14.488256454467773,2337300,SO
2006-01-05,35.040000915527344,35.119998931884766,34.75,34.900001525878906,14.4509859085083,1373200,SO
2006-01-06,34.9900016784668,35.099998474121094,34.79999923706055,35.099998474121094,14.533802032470703,1181400,SO
2006-01-09,35.060001373291016,35.08000183105469,34.810001373291016,34.91999816894531,14.459267616271973,1712500,SO
2006-01-10,34.81999969482422,34.95000076293945,34.75,34.869998931884766,14.438566207885742,1921800,SO
2006-01-11,34.810001373291016,34.93000030517578,34.63999938964844,34.790000915527344,14.405442237854004,2042300,SO
2006-01-12,34.790000915527344,35.099998474121094,34.7599983215332,34.83000183105469,14.422004699707031,2264600,SO
2006-01-13,34.849998474121094,34.97999954223633,34.7400016784668,34.91999816894531,14.459267616271973,1758200,SO
2006-01-17,34.880001068115234,35.11000061035156,34.7599983215332,35.08000183105469,14.525516510009766,1920900,SO
2006-01-18,35.02000045776367,35.349998474121094,35.02000045776367,35.15999984741211,14.55864429473877,1934500,SO
2006-01-19,35.16999816894531,35.63999938964844,35.099998474121094,35.630001068115234,14.75325870513916,2323400,SO
2006-01-20,35.630001068115234,35.88999938964844,34.900001525878906,35.04999923706055,14.513097763061523,3248000,SO
2006-01-23,35.0,35.349998474121094,35.0,35.22999954223633,14.587627410888672,1559900,SO
2006-01-24,35.220001220703125,35.689998626708984,35.13999938964844,35.58000183105469,14.732550621032715,2297400,SO
2006-01-25,35.56999969482422,35.84000015258789,35.0,35.349998474121094,14.637317657470703,3100900,SO
2006-01-26,35.5,35.630001068115234,34.77000045776367,35.130001068115234,14.546223640441895,4299200,SO
2006-01-27,35.0,35.63999938964844,34.95000076293945,35.27000045776367,14.604194641113281,3209400,SO
2006-01-30,35.0,35.16999816894531,34.880001068115234,35.09000015258789,14.5296630859375,3572900,SO
2006-01-31,35.13999938964844,35.220001220703125,34.689998626708984,34.79999923706055,14.409584999084473,4185500,SO
2006-02-01,34.68000030517578,34.849998474121094,34.439998626708984,34.70000076293945,14.368171691894531,4707100,SO
2006-02-02,34.34000015258789,34.400001525878906,33.47999954223633,33.75,14.12666130065918,3814900,SO
2006-02-03,33.720001220703125,33.810001373291016,33.290000915527344,33.41999816894531,13.988536834716797,2838100,SO
2006-02-06,33.27000045776367,33.56999969482422,33.22999954223633,33.45000076293945,14.00108528137207,1974200,SO
2006-02-07,33.400001525878906,33.45000076293945,33.02000045776367,33.34000015258789,13.955049514770508,2613200,SO
2006-02-08,33.25,33.33000183105469,33.099998474121094,33.279998779296875,13.929932594299316,1947700,SO
2006-02-09,33.369998931884766,33.65999984741211,33.279998779296875,33.380001068115234,13.971795082092285,2307500,SO
2006-02-10,33.36000061035156,33.689998626708984,33.27000045776367,33.43000030517578,13.992714881896973,1592200,SO
2006-02-13,33.36000061035156,33.61000061035156,33.349998474121094,33.560001373291016,14.047127723693848,1370300,SO
2006-02-14,33.529998779296875,33.70000076293945,33.25,33.56999969482422,14.051318168640137,1778000,SO
2006-02-15,33.56999969482422,33.810001373291016,33.189998626708984,33.439998626708984,13.996904373168945,2483200,SO
2006-02-16,33.349998474121094,33.79999923706055,33.34000015258789,33.79999923706055,14.14759349822998,1768000,SO
2006-02-17,33.75,34.06999969482422,33.54999923706055,33.86000061035156,14.172700881958008,1926500,SO
2006-02-21,33.79999923706055,34.119998931884766,33.79999923706055,33.959999084472656,14.21456241607666,1580300,SO
2006-02-22,33.9900016784668,34.189998626708984,33.95000076293945,34.11000061035156,14.277348518371582,1605600,SO
2006-02-23,34.0099983215332,34.220001220703125,33.84000015258789,34.0099983215332,14.23548412322998,1469100,SO
2006-02-24,34.060001373291016,34.20000076293945,33.95000076293945,34.130001068115234,14.285717964172363,1205700,SO
2006-02-27,34.119998931884766,34.31999969482422,34.029998779296875,34.15999984741211,14.298271179199219,2260400,SO
2006-02-28,34.119998931884766,34.29999923706055,33.91999816894531,34.029998779296875,14.243854522705078,2571700,SO
2006-03-01,34.029998779296875,34.099998474121094,33.900001525878906,34.099998474121094,14.273165702819824,3200800,SO
2006-03-02,34.02000045776367,34.02000045776367,33.45000076293945,33.84000015258789,14.164336204528809,3521900,SO
2006-03-03,33.77000045776367,33.970001220703125,33.529998779296875,33.81999969482422,14.155960083007812,3047300,SO
2006-03-06,33.970001220703125,33.970001220703125,33.04999923706055,33.29999923706055,13.938304901123047,2978400,SO
2006-03-07,33.189998626708984,33.38999938964844,33.060001373291016,33.33000183105469,13.95086669921875,1982000,SO
2006-03-08,33.33000183105469,33.66999816894531,32.810001373291016,33.36000061035156,13.963422775268555,3257900,SO
2006-03-09,33.36000061035156,33.45000076293945,33.150001525878906,33.16999816894531,13.883886337280273,1782100,SO
2006-03-10,33.150001525878906,33.529998779296875,33.029998779296875,33.27000045776367,13.925748825073242,2066900,SO
2006-03-13,33.38999938964844,33.5099983215332,33.22999954223633,33.290000915527344,13.934120178222656,1896600,SO
2006-03-14,33.31999969482422,33.66999816894531,33.099998474121094,33.630001068115234,14.076428413391113,2429800,SO
2006-03-15,33.54999923706055,33.79999923706055,33.380001068115234,33.72999954223633,14.1182861328125,1465300,SO
2006-03-16,33.790000915527344,34.099998474121094,33.72999954223633,33.83000183105469,14.160150527954102,1984000,SO
2006-03-17,34.0,34.029998779296875,33.75,33.79999923706055,14.14759349822998,2411400,SO
2006-03-20,33.880001068115234,33.97999954223633,33.439998626708984,33.540000915527344,14.038763046264648,1472400,SO
2006-03-21,33.650001525878906,33.650001525878906,33.209999084472656,33.43000030517578,13.992714881896973,1620700,SO
2006-03-22,33.369998931884766,33.47999954223633,33.2599983215332,33.380001068115234,13.971795082092285,1826900,SO
2006-03-23,33.5,33.5,33.13999938964844,33.22999954223633,13.909006118774414,2666200,SO
2006-03-24,33.150001525878906,33.279998779296875,32.95000076293945,33.06999969482422,13.842032432556152,2093800,SO
2006-03-27,33.06999969482422,33.099998474121094,32.88999938964844,33.0099983215332,13.816916465759277,1656400,SO
2006-03-28,32.939998626708984,32.959999084472656,32.619998931884766,32.689998626708984,13.682977676391602,2380100,SO
2006-03-29,32.75,33.09000015258789,32.61000061035156,32.93000030517578,13.783432006835938,2536500,SO
2006-03-30,32.849998474121094,32.9900016784668,32.34000015258789,32.369998931884766,13.54903507232666,2546700,SO
2006-03-31,32.77000045776367,33.0,32.369998931884766,32.77000045776367,13.716466903686523,3622800,SO
2006-04-03,32.77000045776367,33.09000015258789,32.5,32.54999923706055,13.624380111694336,2554900,SO
2006-04-04,32.599998474121094,32.7599983215332,32.34000015258789,32.66999816894531,13.674607276916504,3045300,SO
2006-04-05,32.75,33.130001068115234,32.470001220703125,33.119998931884766,13.862961769104004,3127700,SO
2006-04-06,33.119998931884766,33.25,32.4900016784668,32.5,13.603450775146484,3654300,SO
2006-04-07,32.459999084472656,32.529998779296875,31.700000762939453,31.959999084472656,13.377425193786621,4581400,SO
2006-04-10,32.099998474121094,32.22999954223633,31.799999237060547,31.850000381469727,13.331382751464844,1747200,SO
2006-04-11,31.850000381469727,31.989999771118164,31.389999389648438,31.5,13.184883117675781,2477900,SO
2006-04-12,31.5,31.75,31.5,31.670000076293945,13.256036758422852,2824500,SO
2006-04-13,31.540000915527344,31.75,31.440000534057617,31.450000762939453,13.163954734802246,2064200,SO
2006-04-17,31.450000762939453,31.65999984741211,31.420000076293945,31.600000381469727,13.226740837097168,1795900,SO
2006-04-18,31.809999465942383,32.13999938964844,31.610000610351562,31.8799991607666,13.343937873840332,2953900,SO
2006-04-19,31.8799991607666,32.060001373291016,31.56999969482422,31.90999984741211,13.356493949890137,1737900,SO
2006-04-20,32.06999969482422,32.4900016784668,31.969999313354492,32.02000045776367,13.402536392211914,2190800,SO
2006-04-21,32.119998931884766,32.209999084472656,31.709999084472656,31.989999771118164,13.389974594116211,2336800,SO
2006-04-24,31.899999618530273,32.439998626708984,31.829999923706055,32.34000015258789,13.536479949951172,3063000,SO
2006-04-25,32.33000183105469,32.34000015258789,31.639999389648438,31.709999084472656,13.272790908813477,3165900,SO
2006-04-26,31.770000457763672,31.829999923706055,31.399999618530273,31.649999618530273,13.24767017364502,2935700,SO
2006-04-27,31.290000915527344,32.349998474121094,31.1299991607666,32.06999969482422,13.590060234069824,4357900,SO
2006-04-28,31.8799991607666,32.290000915527344,31.780000686645508,32.22999954223633,13.657869338989258,3004500,SO
2006-05-01,32.13999938964844,32.45000076293945,31.649999618530273,31.75,13.454461097717285,2081200,SO
2006-05-02,31.850000381469727,32.02000045776367,31.799999237060547,31.93000030517578,13.530742645263672,2062800,SO
2006-05-03,31.93000030517578,32.0,31.510000228881836,31.520000457763672,13.357000350952148,2149300,SO
2006-05-04,31.65999984741211,31.739999771118164,31.489999771118164,31.59000015258789,13.386664390563965,2566200,SO
2006-05-05,31.780000686645508,32.099998474121094,31.690000534057617,32.02000045776367,13.568878173828125,2369900,SO
2006-05-08,32.02000045776367,32.2599983215332,31.809999465942383,31.90999984741211,13.522270202636719,3304900,SO
2006-05-09,31.860000610351562,31.940000534057617,31.6200008392334,31.770000457763672,13.462936401367188,1611100,SO
2006-05-10,31.81999969482422,32.150001525878906,31.709999084472656,32.09000015258789,13.598546981811523,2336200,SO
2006-05-11,32.0099983215332,32.08000183105469,31.5,31.56999969482422,13.378182411193848,1764100,SO
2006-05-12,31.559999465942383,31.690000534057617,31.09000015258789,31.139999389648438,13.195969581604004,2345800,SO
2006-05-15,31.219999313354492,31.540000915527344,31.170000076293945,31.34000015258789,13.280719757080078,1981400,SO
2006-05-16,31.469999313354492,31.5,31.239999771118164,31.239999771118164,13.23834228515625,1447200,SO
2006-05-17,31.850000381469727,31.850000381469727,30.479999542236328,30.489999771118164,12.92052173614502,2987400,SO
2006-05-18,30.5,31.040000915527344,30.5,30.6299991607666,12.979852676391602,3158200,SO
2006-05-19,30.84000015258789,31.489999771118164,30.709999084472656,31.190000534057617,13.217156410217285,4071900,SO
2006-05-22,31.010000228881836,31.950000762939453,31.010000228881836,31.649999618530273,13.412080764770508,4416400,SO
2006-05-23,31.6200008392334,31.790000915527344,31.030000686645508,31.1200008392334,13.187495231628418,2156400,SO
2006-05-24,31.110000610351562,31.639999389648438,31.020000457763672,31.489999771118164,13.34428882598877,2903400,SO
2006-05-25,31.549999237060547,31.780000686645508,31.360000610351562,31.760000228881836,13.458701133728027,2078600,SO
2006-05-26,31.889999389648438,32.349998474121094,31.610000610351562,32.34000015258789,13.70448112487793,2978300,SO
2006-05-30,32.11000061035156,32.22999954223633,31.649999618530273,31.670000076293945,13.420559883117676,2913400,SO
2006-05-31,31.68000030517578,32.290000915527344,31.68000030517578,31.969999313354492,13.547693252563477,2519700,SO
2006-06-01,32.119998931884766,32.27000045776367,31.850000381469727,31.989999771118164,13.556167602539062,3747900,SO
2006-06-02,32.0099983215332,32.68000030517578,31.780000686645508,32.619998931884766,13.823138236999512,2748500,SO
2006-06-05,32.61000061035156,32.779998779296875,32.279998779296875,32.36000061035156,13.712963104248047,2352100,SO
2006-06-06,32.59000015258789,32.59000015258789,31.84000015258789,32.369998931884766,13.71719741821289,3380800,SO
2006-06-07,32.369998931884766,32.540000915527344,32.209999084472656,32.36000061035156,13.712963104248047,2262000,SO
2006-06-08,32.15999984741211,32.7400016784668,32.119998931884766,32.47999954223633,13.763813018798828,3493900,SO
2006-06-09,32.290000915527344,32.79999923706055,32.290000915527344,32.630001068115234,13.827377319335938,2115500,SO
2006-06-12,32.560001373291016,33.040000915527344,32.54999923706055,32.779998779296875,13.890942573547363,2283100,SO
2006-06-13,32.720001220703125,32.91999816894531,32.31999969482422,32.400001525878906,13.729907035827637,2966300,SO
2006-06-14,32.27000045776367,32.41999816894531,31.940000534057617,32.25,13.66634464263916,2497300,SO
2006-06-15,32.470001220703125,32.84000015258789,32.130001068115234,32.75,13.878227233886719,2584400,SO
2006-06-16,32.709999084472656,32.900001525878906,32.38999938964844,32.5099983215332,13.776524543762207,2360900,SO
2006-06-19,32.5099983215332,32.58000183105469,32.060001373291016,32.400001525878906,13.729907035827637,2074900,SO
2006-06-20,32.380001068115234,32.41999816894531,32.0,32.119998931884766,13.611251831054688,2601000,SO
2006-06-21,32.11000061035156,32.369998931884766,31.989999771118164,32.0,13.560403823852539,1970200,SO
2006-06-22,31.90999984741211,32.20000076293945,31.75,32.130001068115234,13.615500450134277,2070900,SO
2006-06-23,31.940000534057617,32.47999954223633,31.940000534057617,32.040000915527344,13.577352523803711,1545700,SO
2006-06-26,32.0,32.2599983215332,31.8700008392334,32.060001373291016,13.585827827453613,1629400,SO
2006-06-27,31.959999084472656,32.189998626708984,31.68000030517578,31.729999542236328,13.44598388671875,2949500,SO
2006-06-28,31.700000762939453,31.920000076293945,31.670000076293945,31.799999237060547,13.475647926330566,3132200,SO
2006-06-29,31.969999313354492,32.06999969482422,31.649999618530273,32.0,13.560403823852539,3985000,SO
2006-06-30,32.099998474121094,32.20000076293945,31.899999618530273,32.04999923706055,13.581592559814453,4831100,SO
2006-07-03,32.18000030517578,32.310001373291016,32.0099983215332,32.290000915527344,13.683290481567383,1205000,SO
2006-07-05,32.099998474121094,32.52000045776367,32.099998474121094,32.36000061035156,13.712963104248047,2725300,SO
2006-07-06,32.220001220703125,32.40999984741211,32.220001220703125,32.36000061035156,13.712963104248047,1896000,SO
2006-07-07,32.400001525878906,32.86000061035156,32.290000915527344,32.61000061035156,13.818902969360352,1938200,SO
2006-07-10,32.599998474121094,32.91999816894531,32.58000183105469,32.91999816894531,13.950265884399414,1193300,SO
2006-07-11,32.91999816894531,33.099998474121094,32.7400016784668,33.060001373291016,14.009596824645996,1957600,SO
2006-07-12,32.91999816894531,33.029998779296875,32.709999084472656,32.779998779296875,13.890942573547363,1993200,SO
2006-07-13,32.709999084472656,33.040000915527344,32.41999816894531,32.540000915527344,13.789236068725586,3044200,SO
2006-07-14,32.43000030517578,32.7400016784668,32.2599983215332,32.52000045776367,13.780768394470215,2313600,SO
2006-07-17,32.43000030517578,32.7400016784668,32.400001525878906,32.470001220703125,13.759571075439453,1740600,SO
2006-07-18,32.5,32.81999969482422,32.40999984741211,32.66999816894531,13.844326972961426,1869800,SO
2006-07-19,32.709999084472656,33.34000015258789,32.709999084472656,33.11000061035156,14.030783653259277,2490700,SO
2006-07-20,33.060001373291016,33.4900016784668,33.04999923706055,33.31999969482422,14.119772911071777,2403600,SO
2006-07-21,33.5099983215332,33.79999923706055,33.36000061035156,33.529998779296875,14.208763122558594,2853000,SO
2006-07-24,33.59000015258789,33.66999816894531,33.36000061035156,33.540000915527344,14.213001251220703,3580300,SO
2006-07-25,33.54999923706055,33.88999938964844,33.47999954223633,33.81999969482422,14.33165454864502,2057400,SO
2006-07-26,33.75,33.849998474121094,33.599998474121094,33.79999923706055,14.323173522949219,3026600,SO
2006-07-27,34.0,34.349998474121094,33.709999084472656,33.79999923706055,14.323173522949219,3179400,SO
2006-07-28,34.11000061035156,34.220001220703125,33.790000915527344,33.83000183105469,14.33588695526123,2659300,SO
2006-07-31,33.95000076293945,34.20000076293945,33.72999954223633,33.779998779296875,14.314702033996582,2448300,SO
2006-08-01,33.79999923706055,34.15999984741211,33.7599983215332,34.150001525878906,14.471495628356934,3426800,SO
2006-08-02,34.099998474121094,34.31999969482422,34.0,34.20000076293945,14.492679595947266,2603300,SO
2006-08-03,33.79999923706055,34.08000183105469,33.310001373291016,33.369998931884766,14.303228378295898,2696300,SO
2006-08-04,33.619998931884766,33.79999923706055,33.439998626708984,33.75,14.466106414794922,2754000,SO
2006-08-07,33.59000015258789,33.720001220703125,33.15999984741211,33.18000030517578,14.221789360046387,1711800,SO
2006-08-08,33.279998779296875,33.65999984741211,33.25,33.470001220703125,14.346091270446777,1838000,SO
2006-08-09,33.79999923706055,33.810001373291016,33.310001373291016,33.34000015258789,14.290373802185059,1499200,SO
2006-08-10,33.47999954223633,33.529998779296875,33.2400016784668,33.41999816894531,14.324660301208496,1957500,SO
2006-08-11,33.29999923706055,33.439998626708984,33.209999084472656,33.400001525878906,14.31608772277832,1890200,SO
2006-08-14,33.5099983215332,33.630001068115234,33.31999969482422,33.56999969482422,14.38895034790039,2224600,SO
2006-08-15,33.810001373291016,33.849998474121094,33.619998931884766,33.779998779296875,14.47896671295166,1714200,SO
2006-08-16,33.900001525878906,34.0,33.439998626708984,33.47999954223633,14.35037612915039,2146300,SO
2006-08-17,33.43000030517578,33.630001068115234,33.130001068115234,33.58000183105469,14.39323902130127,1836900,SO
2006-08-18,33.61000061035156,33.86000061035156,33.5,33.689998626708984,14.440390586853027,1626700,SO
2006-08-21,33.68000030517578,33.900001525878906,33.650001525878906,33.72999954223633,14.457533836364746,1883800,SO
2006-08-22,33.83000183105469,33.869998931884766,33.65999984741211,33.86000061035156,14.513251304626465,1621800,SO
2006-08-23,33.880001068115234,33.88999938964844,33.33000183105469,33.5,14.358948707580566,1374000,SO
2006-08-24,33.650001525878906,33.70000076293945,33.5099983215332,33.66999816894531,14.431815147399902,1640500,SO
2006-08-25,33.560001373291016,33.66999816894531,33.470001220703125,33.540000915527344,14.376099586486816,1099500,SO
2006-08-28,33.54999923706055,34.0,33.4900016784668,33.97999954223633,14.564695358276367,2001400,SO
2006-08-29,33.9900016784668,33.9900016784668,33.65999984741211,33.83000183105469,14.500395774841309,2028000,SO
2006-08-30,33.93000030517578,33.97999954223633,33.68000030517578,33.900001525878906,14.530400276184082,1594300,SO
2006-08-31,33.97999954223633,34.31999969482422,33.95000076293945,34.27000045776367,14.688986778259277,2510400,SO
2006-09-01,34.27000045776367,34.43000030517578,34.15999984741211,34.220001220703125,14.667561531066895,1969500,SO
2006-09-05,34.369998931884766,34.369998931884766,33.70000076293945,33.9900016784668,14.56898307800293,2799700,SO
2006-09-06,34.04999923706055,34.06999969482422,33.709999084472656,33.900001525878906,14.530400276184082,2559300,SO
2006-09-07,34.060001373291016,34.22999954223633,33.84000015258789,33.90999984741211,14.534687995910645,2840900,SO
2006-09-08,33.9900016784668,34.16999816894531,33.95000076293945,34.04999923706055,14.594696998596191,1611600,SO
2006-09-11,34.099998474121094,34.25,34.0,34.119998931884766,14.624704360961914,2019900,SO
2006-09-12,34.119998931884766,34.189998626708984,33.900001525878906,34.189998626708984,14.654699325561523,3092200,SO
2006-09-13,34.119998931884766,34.459999084472656,33.90999984741211,34.45000076293945,14.766143798828125,2689500,SO
2006-09-14,33.79999923706055,34.75,33.79999923706055,34.290000915527344,14.697562217712402,2763200,SO
2006-09-15,34.400001525878906,34.630001068115234,34.34000015258789,34.56999969482422,14.81757926940918,2920300,SO
2006-09-18,34.54999923706055,34.58000183105469,34.06999969482422,34.2400016784668,14.676136016845703,2222600,SO
2006-09-19,34.29999923706055,34.439998626708984,34.15999984741211,34.290000915527344,14.697562217712402,2287400,SO
2006-09-20,34.349998474121094,34.540000915527344,34.29999923706055,34.41999816894531,14.75328254699707,1746200,SO
2006-09-21,34.470001220703125,34.54999923706055,34.20000076293945,34.5099983215332,14.791855812072754,3311600,SO
2006-09-22,34.54999923706055,34.61000061035156,34.2400016784668,34.27000045776367,14.688986778259277,2139000,SO
2006-09-25,34.38999938964844,34.869998931884766,34.33000183105469,34.689998626708984,14.869010925292969,2352300,SO
2006-09-26,34.619998931884766,34.720001220703125,34.47999954223633,34.56999969482422,14.81757926940918,1481100,SO
2006-09-27,34.43000030517578,34.9900016784668,34.40999984741211,34.939998626708984,14.976171493530273,2126300,SO
2006-09-28,34.93000030517578,35.0,34.439998626708984,34.630001068115234,14.843299865722656,3833500,SO
2006-09-29,34.75,34.880001068115234,34.43000030517578,34.459999084472656,14.770429611206055,2839900,SO
2006-10-02,34.529998779296875,35.0,34.4900016784668,34.810001373291016,14.920452117919922,2035000,SO
2006-10-03,34.849998474121094,35.13999938964844,34.689998626708984,34.959999084472656,14.984734535217285,3336800,SO
2006-10-04,34.86000061035156,35.220001220703125,34.79999923706055,35.0099983215332,15.006178855895996,2898200,SO
2006-10-05,34.869998931884766,35.040000915527344,34.79999923706055,34.93000030517578,14.971888542175293,2236500,SO
2006-10-06,34.810001373291016,34.900001525878906,34.599998474121094,34.77000045776367,14.903298377990723,1845200,SO
2006-10-09,34.779998779296875,34.880001068115234,34.599998474121094,34.7400016784668,14.890440940856934,1098400,SO
2006-10-10,34.68000030517578,34.79999923706055,34.56999969482422,34.689998626708984,14.869010925292969,2837800,SO
2006-10-11,34.650001525878906,35.11000061035156,34.650001525878906,35.0,15.0018892288208,2338000,SO
2006-10-12,35.09000015258789,35.09000015258789,34.86000061035156,35.0,15.0018892288208,2122700,SO
2006-10-13,34.84000015258789,35.16999816894531,34.84000015258789,35.09000015258789,15.040459632873535,2280500,SO
2006-10-16,35.0,35.22999954223633,35.0,35.18000030517578,15.079038619995117,2005700,SO
2006-10-17,35.150001525878906,35.5,35.13999938964844,35.18000030517578,15.079038619995117,4736700,SO
2006-10-18,35.18000030517578,35.86000061035156,35.18000030517578,35.7599983215332,15.327641487121582,3123900,SO
2006-10-19,35.65999984741211,35.83000183105469,35.58000183105469,35.650001525878906,15.280498504638672,1422400,SO
2006-10-20,35.790000915527344,35.86000061035156,35.61000061035156,35.779998779296875,15.336210250854492,2215800,SO
2006-10-23,35.650001525878906,35.970001220703125,35.4900016784668,35.880001068115234,15.379081726074219,1998600,SO
2006-10-24,35.75,35.869998931884766,35.599998474121094,35.86000061035156,15.370512962341309,2522400,SO
2006-10-25,35.720001220703125,36.220001220703125,35.720001220703125,36.209999084472656,15.520525932312012,2833200,SO
2006-10-26,36.220001220703125,36.380001068115234,36.0,36.13999938964844,15.490524291992188,3453400,SO
2006-10-27,35.86000061035156,36.18000030517578,35.81999969482422,36.029998779296875,15.44336986541748,3708300,SO
2006-10-30,36.0,36.220001220703125,35.88999938964844,36.220001220703125,15.524816513061523,2988100,SO
2006-10-31,36.20000076293945,36.599998474121094,36.20000076293945,36.400001525878906,15.60196304321289,4062800,SO
2006-11-01,36.27000045776367,36.72999954223633,36.22999954223633,36.61000061035156,15.691981315612793,2607300,SO
2006-11-02,35.970001220703125,36.209999084472656,35.810001373291016,36.040000915527344,15.61313247680664,2547600,SO
2006-11-03,35.900001525878906,35.9900016784668,35.58000183105469,35.77000045776367,15.496170997619629,2296800,SO
2006-11-06,35.75,35.779998779296875,35.40999984741211,35.689998626708984,15.461503028869629,2773100,SO
2006-11-07,35.689998626708984,35.86000061035156,35.540000915527344,35.65999984741211,15.448507308959961,1924600,SO
2006-11-08,35.75,36.08000183105469,35.599998474121094,35.93000030517578,15.565471649169922,2545600,SO
2006-11-09,35.880001068115234,35.9900016784668,35.779998779296875,35.810001373291016,15.513486862182617,1911800,SO
2006-11-10,35.95000076293945,36.18000030517578,35.91999816894531,36.06999969482422,15.626121520996094,1928200,SO
2006-11-13,36.08000183105469,36.189998626708984,35.959999084472656,36.029998779296875,15.608794212341309,1895900,SO
2006-11-14,36.029998779296875,36.220001220703125,35.79999923706055,36.209999084472656,15.686781883239746,2898500,SO
2006-11-15,36.2400016784668,36.25,36.0099983215332,36.08000183105469,15.630462646484375,1541400,SO
2006-11-16,36.25,36.439998626708984,36.11000061035156,36.130001068115234,15.652121543884277,1616500,SO
2006-11-17,36.02000045776367,36.22999954223633,36.0,36.18000030517578,15.673781394958496,2041400,SO
2006-11-20,36.09000015258789,36.29999923706055,36.09000015258789,36.13999938964844,15.656455039978027,2660600,SO
2006-11-21,36.189998626708984,36.290000915527344,36.04999923706055,36.119998931884766,15.647787094116211,1311300,SO
2006-11-22,36.08000183105469,36.25,36.02000045776367,36.119998931884766,15.647787094116211,1304100,SO
2006-11-24,36.029998779296875,36.22999954223633,36.029998779296875,36.13999938964844,15.656455039978027,624300,SO
2006-11-27,35.939998626708984,36.06999969482422,35.650001525878906,35.68000030517578,15.457175254821777,2037100,SO
2006-11-28,35.72999954223633,36.040000915527344,35.709999084472656,35.90999984741211,15.556811332702637,2984900,SO
2006-11-29,35.90999984741211,36.34000015258789,35.90999984741211,36.2599983215332,15.70843505859375,2130900,SO
2006-11-30,36.16999816894531,36.349998474121094,36.08000183105469,36.25,15.704103469848633,1572000,SO
2006-12-01,36.34000015258789,36.4900016784668,36.15999984741211,36.34000015258789,15.743095397949219,2004300,SO
2006-12-04,36.4900016784668,36.720001220703125,36.40999984741211,36.630001068115234,15.86872673034668,1880700,SO
2006-12-05,36.65999984741211,36.84000015258789,36.529998779296875,36.709999084472656,15.9033842086792,1870500,SO
2006-12-06,36.70000076293945,36.79999923706055,36.36000061035156,36.43000030517578,15.782088279724121,2042700,SO
2006-12-07,36.5099983215332,36.59000015258789,36.349998474121094,36.349998474121094,15.747429847717285,2337800,SO
2006-12-08,36.349998474121094,36.599998474121094,36.20000076293945,36.459999084472656,15.795086860656738,1801500,SO
2006-12-11,36.459999084472656,36.68000030517578,36.459999084472656,36.63999938964844,15.87305736541748,1294700,SO
2006-12-12,36.689998626708984,37.130001068115234,36.630001068115234,37.130001068115234,16.0853328704834,2830200,SO
2006-12-13,37.13999938964844,37.20000076293945,36.88999938964844,37.119998931884766,16.081003189086914,2301500,SO
2006-12-14,37.060001373291016,37.349998474121094,37.060001373291016,37.310001373291016,16.16330909729004,2288900,SO
2006-12-15,37.29999923706055,37.369998931884766,36.79999923706055,36.970001220703125,16.01602554321289,3495500,SO
2006-12-18,36.97999954223633,37.20000076293945,36.91999816894531,37.040000915527344,16.046348571777344,1675000,SO
2006-12-19,36.970001220703125,37.400001525878906,36.90999984741211,37.34000015258789,16.17630958557129,1681500,SO
2006-12-20,37.279998779296875,37.290000915527344,37.060001373291016,37.09000015258789,16.068008422851562,1047700,SO
2006-12-21,37.099998474121094,37.20000076293945,36.86000061035156,37.06999969482422,16.059341430664062,1529100,SO
2006-12-22,36.9900016784668,37.16999816894531,36.849998474121094,36.880001068115234,15.977032661437988,1483400,SO
2006-12-26,36.880001068115234,37.150001525878906,36.79999923706055,37.11000061035156,16.076662063598633,1249200,SO
2006-12-27,37.16999816894531,37.29999923706055,37.040000915527344,37.20000076293945,16.115659713745117,1076400,SO
2006-12-28,37.08000183105469,37.2599983215332,36.84000015258789,36.900001525878906,15.985698699951172,1665500,SO
2006-12-29,36.939998626708984,37.06999969482422,36.790000915527344,36.86000061035156,15.96837329864502,2013800,SO
2007-01-03,36.79999923706055,37.25,36.779998779296875,36.97999954223633,16.020357131958008,2796800,SO
2007-01-04,36.849998474121094,37.150001525878906,36.790000915527344,37.0,16.029016494750977,2183600,SO
2007-01-05,36.900001525878906,36.95000076293945,36.380001068115234,36.439998626708984,15.786415100097656,3776400,SO
2007-01-08,36.459999084472656,36.68000030517578,36.29999923706055,36.540000915527344,15.82974624633789,3054600,SO
2007-01-09,36.54999923706055,36.79999923706055,36.45000076293945,36.63999938964844,15.87305736541748,2978200,SO
2007-01-10,36.61000061035156,36.7400016784668,36.45000076293945,36.56999969482422,15.842735290527344,2247200,SO
2007-01-11,36.619998931884766,36.86000061035156,36.56999969482422,36.720001220703125,15.907720565795898,2831600,SO
2007-01-12,36.720001220703125,36.83000183105469,36.13999938964844,36.25,15.704103469848633,3254300,SO
2007-01-16,36.310001373291016,36.66999816894531,36.27000045776367,36.470001220703125,15.799418449401855,3195800,SO
2007-01-17,36.560001373291016,36.720001220703125,36.41999816894531,36.709999084472656,15.9033842086792,1903600,SO
2007-01-18,36.75,36.75,36.61000061035156,36.630001068115234,15.86872673034668,1950100,SO
2007-01-19,36.7400016784668,36.84000015258789,36.61000061035156,36.72999954223633,15.9120512008667,3220300,SO
2007-01-22,36.810001373291016,36.84000015258789,36.619998931884766,36.63999938964844,15.87305736541748,4734900,SO
2007-01-23,36.630001068115234,36.75,36.52000045776367,36.720001220703125,15.907720565795898,1941700,SO
2007-01-24,36.63999938964844,36.84000015258789,36.619998931884766,36.7599983215332,15.925047874450684,2632500,SO
2007-01-25,36.599998474121094,36.97999954223633,36.599998474121094,36.75,15.92071533203125,3407200,SO
2007-01-26,36.599998474121094,36.650001525878906,36.11000061035156,36.38999938964844,15.76475715637207,4397200,SO
2007-01-29,36.29999923706055,36.40999984741211,36.099998474121094,36.25,15.704103469848633,3546800,SO
2007-01-30,36.349998474121094,36.38999938964844,36.150001525878906,36.220001220703125,15.691108703613281,2171100,SO
2007-01-31,36.2599983215332,36.61000061035156,36.13999938964844,36.529998779296875,15.825404167175293,3648800,SO
2007-02-01,36.2599983215332,36.52000045776367,36.150001525878906,36.33000183105469,15.90772819519043,3438200,SO
2007-02-02,36.52000045776367,36.52000045776367,36.09000015258789,36.29999923706055,15.8945894241333,1765500,SO
2007-02-05,36.29999923706055,36.58000183105469,36.20000076293945,36.40999984741211,15.942750930786133,5306300,SO
2007-02-06,36.41999816894531,36.59000015258789,36.349998474121094,36.58000183105469,16.017196655273438,3211800,SO
2007-02-07,36.43000030517578,36.61000061035156,36.36000061035156,36.5,15.98216438293457,2130600,SO
2007-02-08,36.5,36.630001068115234,36.34000015258789,36.36000061035156,15.92086410522461,2450900,SO
2007-02-09,36.439998626708984,36.70000076293945,36.13999938964844,36.38999938964844,15.93399715423584,3494400,SO
2007-02-12,36.38999938964844,36.560001373291016,36.20000076293945,36.2599983215332,15.877073287963867,2134400,SO
2007-02-13,36.31999969482422,36.52000045776367,36.290000915527344,36.52000045776367,15.99091911315918,1637000,SO
2007-02-14,36.459999084472656,36.70000076293945,36.45000076293945,36.540000915527344,15.999680519104004,1895400,SO
2007-02-15,36.52000045776367,36.70000076293945,36.29999923706055,36.349998474121094,15.916484832763672,2646600,SO
2007-02-16,36.209999084472656,36.439998626708984,36.11000061035156,36.41999816894531,15.947134971618652,2146600,SO
2007-02-20,36.470001220703125,36.630001068115234,36.41999816894531,36.58000183105469,16.017196655273438,1858700,SO
2007-02-21,36.38999938964844,36.56999969482422,36.18000030517578,36.349998474121094,15.916484832763672,1778400,SO
2007-02-22,36.36000061035156,36.439998626708984,36.189998626708984,36.31999969482422,15.903349876403809,1412200,SO
2007-02-23,36.220001220703125,36.4900016784668,36.150001525878906,36.209999084472656,15.855178833007812,4700200,SO
2007-02-26,36.88999938964844,36.95000076293945,36.27000045776367,36.400001525878906,15.93838119506836,4091200,SO
2007-02-27,36.2400016784668,36.5,35.11000061035156,35.47999954223633,15.535537719726562,4319900,SO
2007-02-28,35.5,36.150001525878906,35.439998626708984,35.79999923706055,15.675654411315918,4891300,SO
2007-03-01,35.70000076293945,36.13999938964844,35.20000076293945,35.90999984741211,15.723825454711914,3599500,SO
2007-03-02,35.79999923706055,35.959999084472656,35.36000061035156,35.400001525878906,15.500507354736328,2660200,SO
2007-03-05,35.349998474121094,35.41999816894531,35.0,35.040000915527344,15.342880249023438,3822800,SO
2007-03-06,35.310001373291016,35.599998474121094,35.099998474121094,35.4900016784668,15.539920806884766,3360800,SO
2007-03-07,35.36000061035156,35.599998474121094,35.2599983215332,35.36000061035156,15.483000755310059,2220700,SO
2007-03-08,35.59000015258789,35.59000015258789,35.34000015258789,35.58000183105469,15.579322814941406,1808300,SO
2007-03-09,35.7400016784668,35.779998779296875,35.209999084472656,35.25,15.43482780456543,2951900,SO
2007-03-12,35.279998779296875,35.470001220703125,35.13999938964844,35.45000076293945,15.522403717041016,2694700,SO
2007-03-13,35.290000915527344,35.4900016784668,35.029998779296875,35.040000915527344,15.342880249023438,3437300,SO
2007-03-14,35.150001525878906,35.439998626708984,34.849998474121094,35.31999969482422,15.465478897094727,3556900,SO
2007-03-15,35.2400016784668,35.70000076293945,35.209999084472656,35.66999816894531,15.618731498718262,2747500,SO
2007-03-16,35.720001220703125,35.810001373291016,35.38999938964844,35.38999938964844,15.496126174926758,4234100,SO
2007-03-19,35.459999084472656,35.970001220703125,35.45000076293945,35.81999969482422,15.684412956237793,2619700,SO
2007-03-20,35.81999969482422,36.279998779296875,35.689998626708984,36.279998779296875,15.885833740234375,2535600,SO
2007-03-21,36.209999084472656,36.84000015258789,36.0099983215332,36.7599983215332,16.096004486083984,3147900,SO
2007-03-22,36.9900016784668,37.04999923706055,36.45000076293945,36.68000030517578,16.06097984313965,2399700,SO
2007-03-23,35.97999954223633,37.04999923706055,35.959999084472656,36.849998474121094,16.13541030883789,2237300,SO
2007-03-26,36.79999923706055,37.09000015258789,36.650001525878906,37.040000915527344,16.218616485595703,3085800,SO
2007-03-27,36.880001068115234,36.97999954223633,36.650001525878906,36.79999923706055,16.11351776123047,1696400,SO
2007-03-28,36.68000030517578,37.040000915527344,36.63999938964844,36.63999938964844,16.043460845947266,3110400,SO
2007-03-29,36.79999923706055,36.95000076293945,36.56999969482422,36.90999984741211,16.161697387695312,2464600,SO
2007-03-30,36.90999984741211,37.09000015258789,36.220001220703125,36.650001525878906,16.04784393310547,3464800,SO
2007-04-02,36.65999984741211,37.22999954223633,36.58000183105469,37.08000183105469,16.236125946044922,3493400,SO
2007-04-03,37.11000061035156,37.2400016784668,36.95000076293945,37.189998626708984,16.28429412841797,2350600,SO
2007-04-04,37.099998474121094,37.290000915527344,36.97999954223633,37.099998474121094,16.24488639831543,1642600,SO
2007-04-05,37.0,37.2599983215332,36.93000030517578,37.20000076293945,16.288665771484375,1972200,SO
2007-04-09,37.220001220703125,37.5,37.20000076293945,37.310001373291016,16.336835861206055,2614400,SO
2007-04-10,37.290000915527344,37.4900016784668,37.22999954223633,37.41999816894531,16.3850040435791,1702500,SO
2007-04-11,37.400001525878906,37.5,37.15999984741211,37.38999938964844,16.371862411499023,3359500,SO
2007-04-12,37.75,37.75,37.0,37.369998931884766,16.36310577392578,2225500,SO
2007-04-13,37.4900016784668,37.5,37.25,37.45000076293945,16.39813804626465,2272100,SO
2007-04-16,37.47999954223633,37.5,37.34000015258789,37.41999816894531,16.3850040435791,2232200,SO
2007-04-17,37.400001525878906,37.81999969482422,37.400001525878906,37.72999954223633,16.520740509033203,4129900,SO
2007-04-18,38.45000076293945,38.45000076293945,37.58000183105469,37.939998626708984,16.612693786621094,2780900,SO
2007-04-19,37.77000045776367,37.91999816894531,37.560001373291016,37.790000915527344,16.547016143798828,3006000,SO
2007-04-20,38.25,38.25,37.72999954223633,38.18000030517578,16.717777252197266,3978100,SO
2007-04-23,38.880001068115234,38.880001068115234,37.939998626708984,38.0,16.638965606689453,2334800,SO
2007-04-24,38.0,38.33000183105469,37.95000076293945,38.310001373291016,16.774702072143555,2623700,SO
2007-04-25,38.5,38.79999923706055,38.439998626708984,38.650001525878906,16.9235782623291,2809000,SO
2007-04-26,38.900001525878906,38.900001525878906,38.400001525878906,38.4900016784668,16.853525161743164,3656900,SO
2007-04-27,37.9900016784668,38.380001068115234,37.849998474121094,38.16999816894531,16.71340560913086,3658400,SO
2007-04-30,38.099998474121094,38.2599983215332,37.72999954223633,37.790000915527344,16.547016143798828,3415900,SO
2007-05-01,38.459999084472656,38.459999084472656,37.630001068115234,38.0099983215332,16.64334487915039,3556000,SO
2007-05-02,38.13999938964844,38.2400016784668,38.029998779296875,38.060001373291016,16.665233612060547,2816200,SO
2007-05-03,37.77000045776367,37.86000061035156,37.41999816894531,37.650001525878906,16.662139892578125,2624200,SO
2007-05-04,37.790000915527344,37.79999923706055,37.5099983215332,37.61000061035156,16.644437789916992,1632600,SO
2007-05-07,37.68000030517578,37.810001373291016,37.540000915527344,37.779998779296875,16.71967315673828,1656600,SO
2007-05-08,37.650001525878906,38.060001373291016,37.470001220703125,37.689998626708984,16.679841995239258,2871700,SO
2007-05-09,37.66999816894531,37.779998779296875,37.380001068115234,37.560001373291016,16.622312545776367,2119500,SO
2007-05-10,37.5099983215332,37.529998779296875,36.81999969482422,36.849998474121094,16.308090209960938,3818800,SO
2007-05-11,37.0,37.099998474121094,36.810001373291016,36.97999954223633,16.36562156677246,3941500,SO
2007-05-14,37.060001373291016,37.099998474121094,36.869998931884766,37.0,16.374479293823242,3784900,SO
2007-05-15,37.13999938964844,37.47999954223633,37.040000915527344,37.08000183105469,16.409881591796875,5092900,SO
2007-05-16,37.13999938964844,37.4900016784668,37.09000015258789,37.4900016784668,16.591333389282227,2753100,SO
2007-05-17,37.31999969482422,37.439998626708984,37.119998931884766,37.22999954223633,16.476266860961914,2465200,SO
2007-05-18,37.279998779296875,37.54999923706055,37.189998626708984,37.33000183105469,16.520526885986328,2684000,SO
2007-05-21,37.33000183105469,37.47999954223633,37.16999816894531,37.33000183105469,16.520526885986328,1709400,SO
2007-05-22,37.220001220703125,37.380001068115234,37.15999984741211,37.15999984741211,16.445287704467773,2496600,SO
2007-05-23,37.15999984741211,37.189998626708984,36.529998779296875,36.630001068115234,16.21074104309082,3444800,SO
2007-05-24,36.720001220703125,36.77000045776367,35.849998474121094,35.880001068115234,15.878826141357422,5549100,SO
2007-05-25,36.0,36.25,35.27000045776367,35.470001220703125,15.697371482849121,6291300,SO
2007-05-29,35.63999938964844,35.869998931884766,35.380001068115234,35.70000076293945,15.799153327941895,4004400,SO
2007-05-30,35.599998474121094,36.0,35.380001068115234,35.970001220703125,15.918648719787598,3776300,SO
2007-05-31,36.20000076293945,36.20000076293945,35.880001068115234,36.0099983215332,15.936351776123047,4498800,SO
2007-06-01,36.13999938964844,36.20000076293945,35.65999984741211,35.869998931884766,15.874385833740234,4361700,SO
2007-06-04,35.689998626708984,35.869998931884766,35.5,35.77000045776367,15.830138206481934,3243500,SO
2007-06-05,35.959999084472656,35.959999084472656,35.16999816894531,35.29999923706055,15.622135162353516,5343600,SO
2007-06-06,35.310001373291016,35.45000076293945,34.95000076293945,35.290000915527344,15.617713928222656,5237000,SO
2007-06-07,35.25,35.25,34.15999984741211,34.310001373291016,15.184008598327637,7133900,SO
2007-06-08,34.29999923706055,34.779998779296875,34.220001220703125,34.599998474121094,15.312342643737793,5094500,SO
2007-06-11,34.790000915527344,34.97999954223633,34.599998474121094,34.70000076293945,15.356603622436523,3681300,SO
2007-06-12,34.470001220703125,34.720001220703125,34.13999938964844,34.13999938964844,15.108774185180664,3785800,SO
2007-06-13,34.38999938964844,34.939998626708984,34.25,34.900001525878906,15.445115089416504,3785300,SO
2007-06-14,34.72999954223633,35.29999923706055,34.70000076293945,35.13999938964844,15.551335334777832,5153900,SO
2007-06-15,35.869998931884766,35.9900016784668,35.369998931884766,35.61000061035156,15.75932502746582,6166700,SO
2007-06-18,35.529998779296875,35.790000915527344,35.08000183105469,35.15999984741211,15.560176849365234,3448500,SO
2007-06-19,35.15999984741211,35.41999816894531,34.869998931884766,35.41999816894531,15.675246238708496,3548100,SO
2007-06-20,35.459999084472656,35.70000076293945,34.4900016784668,34.560001373291016,15.294649124145508,5396400,SO
2007-06-21,34.56999969482422,34.869998931884766,34.25,34.7400016784668,15.374308586120605,3716400,SO
2007-06-22,34.0099983215332,34.38999938964844,33.83000183105469,33.95000076293945,15.024693489074707,7693900,SO
2007-06-25,34.13999938964844,34.36000061035156,33.72999954223633,33.81999969482422,14.967159271240234,5100500,SO
2007-06-26,34.11000061035156,34.5,33.709999084472656,33.790000915527344,14.953882217407227,5045600,SO
2007-06-27,33.5,34.349998474121094,33.5,34.2400016784668,15.153034210205078,4685100,SO
2007-06-28,34.290000915527344,34.59000015258789,33.83000183105469,33.900001525878906,15.002562522888184,4273700,SO
2007-06-29,34.040000915527344,34.38999938964844,33.97999954223633,34.290000915527344,15.175165176391602,5300200,SO
2007-07-02,34.290000915527344,34.79999923706055,34.2599983215332,34.63999938964844,15.330049514770508,3104700,SO
2007-07-03,34.83000183105469,35.0,34.33000183105469,34.61000061035156,15.31677532196045,2372000,SO
2007-07-05,34.56999969482422,34.720001220703125,33.93000030517578,34.400001525878906,15.22383975982666,4274900,SO
2007-07-06,34.25,34.38999938964844,33.75,34.08000183105469,15.082222938537598,5022800,SO
2007-07-09,34.20000076293945,34.470001220703125,34.119998931884766,34.29999923706055,15.179583549499512,3407300,SO
2007-07-10,34.15999984741211,34.29999923706055,33.7400016784668,33.7400016784668,14.931755065917969,4246700,SO
2007-07-11,33.83000183105469,34.06999969482422,33.68000030517578,34.040000915527344,15.064523696899414,3287600,SO
2007-07-12,34.06999969482422,34.66999816894531,34.040000915527344,34.63999938964844,15.330049514770508,6170800,SO
2007-07-13,34.54999923706055,34.97999954223633,34.40999984741211,34.869998931884766,15.431836128234863,3714900,SO
2007-07-16,34.060001373291016,34.9900016784668,34.060001373291016,34.41999816894531,15.232686042785645,3382000,SO
2007-07-17,34.5,34.68000030517578,34.279998779296875,34.31999969482422,15.188430786132812,2921200,SO
2007-07-18,34.689998626708984,34.720001220703125,34.11000061035156,34.439998626708984,15.241533279418945,5011800,SO
2007-07-19,34.47999954223633,35.0,34.400001525878906,34.95000076293945,15.467242240905762,5166400,SO
2007-07-20,35.29999923706055,35.29999923706055,34.20000076293945,34.2599983215332,15.161881446838379,6087300,SO
2007-07-23,34.5099983215332,34.790000915527344,34.400001525878906,34.560001373291016,15.294649124145508,2902800,SO
2007-07-24,34.5,34.779998779296875,33.77000045776367,33.79999923706055,14.9583101272583,4182700,SO
2007-07-25,34.22999954223633,34.77000045776367,33.900001525878906,34.63999938964844,15.330049514770508,8578000,SO
2007-07-26,34.900001525878906,35.060001373291016,33.970001220703125,34.15999984741211,15.117626190185547,9103900,SO
2007-07-27,34.20000076293945,34.47999954223633,33.790000915527344,33.790000915527344,14.953882217407227,5628600,SO
2007-07-30,34.400001525878906,34.400001525878906,33.5099983215332,33.84000015258789,14.976011276245117,6758500,SO
2007-07-31,34.20000076293945,34.43000030517578,33.58000183105469,33.63999938964844,14.887495040893555,6122500,SO
2007-08-01,33.900001525878906,34.97999954223633,33.47999954223633,34.90999984741211,15.449548721313477,7627600,SO
2007-08-02,34.220001220703125,35.0,34.16999816894531,34.939998626708984,15.643404960632324,8625500,SO
2007-08-03,34.9900016784668,35.189998626708984,33.59000015258789,33.619998931884766,15.052407264709473,7227500,SO
2007-08-06,33.16999816894531,35.380001068115234,33.15999984741211,35.310001373291016,15.809064865112305,6243200,SO
2007-08-07,34.540000915527344,36.599998474121094,34.540000915527344,36.349998474121094,16.27469825744629,9654900,SO
2007-08-08,36.18000030517578,37.060001373291016,36.150001525878906,36.869998931884766,16.507511138916016,7691500,SO
2007-08-09,36.2400016784668,37.41999816894531,36.0099983215332,37.0099983215332,16.570188522338867,8017400,SO
2007-08-10,36.7400016784668,37.70000076293945,36.540000915527344,36.65999984741211,16.413488388061523,9711400,SO
2007-08-13,36.470001220703125,36.65999984741211,35.2599983215332,35.400001525878906,15.84935474395752,10278800,SO
2007-08-14,35.33000183105469,35.59000015258789,34.900001525878906,35.04999923706055,15.692662239074707,5260200,SO
2007-08-15,35.0099983215332,35.97999954223633,34.86000061035156,35.0099983215332,15.674744606018066,5546100,SO
2007-08-16,34.599998474121094,35.61000061035156,34.599998474121094,35.439998626708984,15.867265701293945,9556300,SO
2007-08-17,36.25,36.54999923706055,35.060001373291016,36.0,16.117984771728516,6348800,SO
2007-08-20,36.0,36.099998474121094,35.369998931884766,36.0099983215332,16.12246322631836,3333000,SO
2007-08-21,35.84000015258789,36.470001220703125,35.7599983215332,36.25,16.229921340942383,3001200,SO
2007-08-22,36.400001525878906,36.75,35.86000061035156,36.310001373291016,16.25678825378418,4345200,SO
2007-08-23,36.380001068115234,36.45000076293945,35.75,36.0,16.117984771728516,4100800,SO
2007-08-24,35.91999816894531,36.15999984741211,35.709999084472656,36.119998931884766,16.17171859741211,2675900,SO
2007-08-27,36.04999923706055,36.04999923706055,35.119998931884766,35.33000183105469,15.818018913269043,4049300,SO
2007-08-28,35.20000076293945,35.63999938964844,35.08000183105469,35.119998931884766,15.723995208740234,3975000,SO
2007-08-29,35.279998779296875,35.689998626708984,35.099998474121094,35.63999938964844,15.956805229187012,2560700,SO
2007-08-30,35.58000183105469,35.650001525878906,35.130001068115234,35.2599983215332,15.786678314208984,2788700,SO
2007-08-31,35.59000015258789,35.709999084472656,35.08000183105469,35.4900016784668,15.889649391174316,3028700,SO
2007-09-04,35.5,36.0,35.47999954223633,35.880001068115234,16.064266204833984,2635900,SO
2007-09-05,35.72999954223633,35.7400016784668,35.119998931884766,35.279998779296875,15.795631408691406,4076100,SO
2007-09-06,35.290000915527344,35.70000076293945,35.15999984741211,35.66999816894531,15.970233917236328,3024300,SO
2007-09-07,35.54999923706055,35.650001525878906,35.18000030517578,35.34000015258789,15.822498321533203,4092100,SO
2007-09-10,35.5,35.7400016784668,35.040000915527344,35.540000915527344,15.912035942077637,3059300,SO
2007-09-11,35.75,35.95000076293945,35.4900016784668,35.939998626708984,16.091129302978516,3149600,SO
2007-09-12,35.959999084472656,36.22999954223633,35.81999969482422,36.150001525878906,16.185148239135742,3188900,SO
2007-09-13,36.2599983215332,36.47999954223633,36.150001525878906,36.34000015258789,16.270214080810547,2592400,SO
2007-09-14,36.15999984741211,36.58000183105469,36.150001525878906,36.400001525878906,16.29707908630371,2808800,SO
2007-09-17,36.279998779296875,36.5099983215332,36.16999816894531,36.31999969482422,16.261266708374023,2280300,SO
2007-09-18,36.36000061035156,36.959999084472656,36.290000915527344,36.93000030517578,16.53436851501465,2811000,SO
2007-09-19,37.0,37.47999954223633,36.790000915527344,37.36000061035156,16.726892471313477,3316600,SO
2007-09-20,37.16999816894531,37.43000030517578,36.95000076293945,36.959999084472656,16.547801971435547,2444700,SO
2007-09-21,37.380001068115234,37.38999938964844,36.900001525878906,37.040000915527344,16.5836238861084,4046900,SO
2007-09-24,36.959999084472656,37.31999969482422,36.83000183105469,36.869998931884766,16.507511138916016,2979900,SO
2007-09-25,36.75,37.20000076293945,36.709999084472656,36.86000061035156,16.503034591674805,2304700,SO
2007-09-26,37.060001373291016,37.439998626708984,36.95000076293945,37.060001373291016,16.59257698059082,2692000,SO
2007-09-27,37.150001525878906,37.18000030517578,36.790000915527344,36.970001220703125,16.552274703979492,2624800,SO
2007-09-28,36.880001068115234,36.970001220703125,36.279998779296875,36.279998779296875,16.243350982666016,3575600,SO
2007-10-01,36.439998626708984,36.90999984741211,36.349998474121094,36.880001068115234,16.511985778808594,2863200,SO
2007-10-02,36.869998931884766,36.9900016784668,36.709999084472656,36.81999969482422,16.485126495361328,2173100,SO
2007-10-03,36.70000076293945,36.939998626708984,36.70000076293945,36.900001525878906,16.520944595336914,1504800,SO
2007-10-04,36.970001220703125,37.099998474121094,36.880001068115234,36.91999816894531,16.529891967773438,2582900,SO
2007-10-05,36.79999923706055,37.22999954223633,36.709999084472656,36.72999954223633,16.44483184814453,3084700,SO
2007-10-08,36.72999954223633,36.959999084472656,36.5099983215332,36.630001068115234,16.400060653686523,2360600,SO
2007-10-09,36.709999084472656,37.22999954223633,36.630001068115234,37.189998626708984,16.650781631469727,2909400,SO
2007-10-10,37.04999923706055,37.150001525878906,36.7400016784668,36.79999923706055,16.476167678833008,2709600,SO
2007-10-11,36.97999954223633,37.150001525878906,36.560001373291016,36.7400016784668,16.44930648803711,2912700,SO
2007-10-12,36.79999923706055,36.93000030517578,36.58000183105469,36.650001525878906,16.409008026123047,3596300,SO
2007-10-15,36.79999923706055,36.849998474121094,36.099998474121094,36.38999938964844,16.292600631713867,2739900,SO
2007-10-16,36.40999984741211,36.56999969482422,36.04999923706055,36.130001068115234,16.176191329956055,2742300,SO
2007-10-17,36.439998626708984,36.59000015258789,35.959999084472656,36.13999938964844,16.180675506591797,3576200,SO
2007-10-18,35.65999984741211,36.40999984741211,35.25,36.06999969482422,16.149328231811523,2512300,SO
2007-10-19,35.95000076293945,36.06999969482422,35.369998931884766,35.400001525878906,15.84935474395752,4188100,SO
2007-10-22,35.290000915527344,35.779998779296875,35.15999984741211,35.59000015258789,15.93442153930664,2859400,SO
2007-10-23,35.72999954223633,35.849998474121094,35.400001525878906,35.619998931884766,15.947854042053223,3485300,SO
2007-10-24,35.33000183105469,35.93000030517578,35.310001373291016,35.720001220703125,15.992624282836914,4382500,SO
2007-10-25,35.68000030517578,36.2400016784668,35.68000030517578,36.11000061035156,16.167247772216797,3132600,SO
2007-10-26,36.400001525878906,36.40999984741211,35.959999084472656,36.20000076293945,16.20754051208496,2441700,SO
2007-10-29,36.22999954223633,36.4900016784668,36.22999954223633,36.45000076293945,16.319469451904297,2770500,SO
2007-10-30,36.38999938964844,36.630001068115234,36.20000076293945,36.290000915527344,16.24782943725586,2721200,SO
2007-10-31,36.43000030517578,36.7400016784668,36.290000915527344,36.65999984741211,16.413488388061523,3292000,SO
2007-11-01,36.15999984741211,36.25,35.529998779296875,35.599998474121094,16.11606788635254,3560000,SO
2007-11-02,35.720001220703125,35.970001220703125,35.41999816894531,35.720001220703125,16.17038345336914,2855000,SO
2007-11-05,35.70000076293945,36.0,35.58000183105469,35.900001525878906,16.251874923706055,2794400,SO
2007-11-06,35.90999984741211,35.97999954223633,35.41999816894531,35.810001373291016,16.21112823486328,2085600,SO
2007-11-07,36.11000061035156,36.11000061035156,35.150001525878906,35.20000076293945,15.934988021850586,3519600,SO
2007-11-08,35.369998931884766,36.220001220703125,35.20000076293945,36.189998626708984,16.383163452148438,6287900,SO
2007-11-09,35.83000183105469,36.29999923706055,35.79999923706055,35.849998474121094,16.22924041748047,6141600,SO
2007-11-12,35.880001068115234,36.4900016784668,35.79999923706055,36.0099983215332,16.301664352416992,5469900,SO
2007-11-13,36.2400016784668,36.459999084472656,35.650001525878906,36.31999969482422,16.44200897216797,3965600,SO
2007-11-14,36.54999923706055,36.65999984741211,36.150001525878906,36.400001525878906,16.478221893310547,6105000,SO
2007-11-15,36.33000183105469,37.060001373291016,36.33000183105469,36.83000183105469,16.672882080078125,6867200,SO
2007-11-16,37.0,37.06999969482422,36.540000915527344,37.02000045776367,16.75889778137207,3682500,SO
2007-11-19,36.83000183105469,38.0,36.79999923706055,37.689998626708984,17.062206268310547,9046700,SO
2007-11-20,37.66999816894531,38.310001373291016,37.5,38.220001220703125,17.302133560180664,5467600,SO
2007-11-21,38.029998779296875,38.75,37.90999984741211,38.060001373291016,17.22970199584961,6885300,SO
2007-11-23,38.2400016784668,38.310001373291016,37.869998931884766,38.040000915527344,17.220651626586914,2870900,SO
2007-11-26,38.119998931884766,38.369998931884766,37.58000183105469,37.630001068115234,17.0350399017334,5649000,SO
2007-11-27,37.75,38.04999923706055,37.54999923706055,37.810001373291016,17.116531372070312,5041500,SO
2007-11-28,38.0,38.150001525878906,37.689998626708984,37.91999816894531,17.16632843017578,6510200,SO
2007-11-29,37.869998931884766,38.09000015258789,37.54999923706055,37.81999969482422,17.121057510375977,6164800,SO
2007-11-30,38.20000076293945,38.20000076293945,37.40999984741211,37.619998931884766,17.030513763427734,5069300,SO
2007-12-03,37.36000061035156,37.9900016784668,37.36000061035156,37.810001373291016,17.116531372070312,2406600,SO
2007-12-04,37.65999984741211,38.45000076293945,37.65999984741211,38.18000030517578,17.284021377563477,4043800,SO
2007-12-05,38.459999084472656,38.88999938964844,38.209999084472656,38.81999969482422,17.573759078979492,4890400,SO
2007-12-06,38.810001373291016,38.97999954223633,38.5099983215332,38.939998626708984,17.62807846069336,4550100,SO
2007-12-07,38.93000030517578,38.97999954223633,38.47999954223633,38.900001525878906,17.609968185424805,4458300,SO
2007-12-10,38.93000030517578,39.349998474121094,38.86000061035156,39.15999984741211,17.7276668548584,4836000,SO
2007-12-11,39.29999923706055,39.29999923706055,38.439998626708984,38.45000076293945,17.406251907348633,3995900,SO
2007-12-12,39.22999954223633,39.25,38.189998626708984,38.4900016784668,17.42436408996582,4831400,SO
2007-12-13,38.220001220703125,38.9900016784668,38.220001220703125,38.91999816894531,17.619020462036133,4358500,SO
2007-12-14,38.77000045776367,38.849998474121094,38.41999816894531,38.4900016784668,17.42436408996582,3710100,SO
2007-12-17,38.25,38.599998474121094,37.9900016784668,38.11000061035156,17.252342224121094,4009200,SO
2007-12-18,38.41999816894531,38.880001068115234,38.099998474121094,38.790000915527344,17.56017303466797,4897400,SO
2007-12-19,38.869998931884766,38.97999954223633,38.349998474121094,38.40999984741211,17.388151168823242,4111600,SO
2007-12-20,38.61000061035156,38.72999954223633,38.31999969482422,38.59000015258789,17.469636917114258,4120500,SO
2007-12-21,38.72999954223633,39.25,38.540000915527344,39.20000076293945,17.74578094482422,6573500,SO
2007-12-24,39.040000915527344,39.2599983215332,39.040000915527344,39.13999938964844,17.718616485595703,779800,SO
2007-12-26,38.900001525878906,39.150001525878906,38.849998474121094,39.099998474121094,17.70051383972168,1291100,SO
2007-12-27,39.09000015258789,39.18000030517578,38.849998474121094,38.880001068115234,17.600915908813477,1693900,SO
2007-12-28,39.0,39.16999816894531,38.810001373291016,39.150001525878906,17.7231502532959,2823300,SO
2007-12-31,39.099998474121094,39.119998931884766,38.75,38.75,17.542062759399414,1927400,SO
2008-01-02,38.75,38.75,38.029998779296875,38.119998931884766,17.256860733032227,3867000,SO
2008-01-03,38.220001220703125,38.5,38.06999969482422,38.11000061035156,17.252342224121094,2403100,SO
2008-01-04,38.0099983215332,38.9900016784668,38.0,38.709999084472656,17.52396011352539,6667200,SO
2008-01-07,38.869998931884766,39.5,38.779998779296875,39.4900016784668,17.877058029174805,5278800,SO
2008-01-08,39.47999954223633,40.189998626708984,39.349998474121094,39.70000076293945,17.972129821777344,5210300,SO
2008-01-09,39.560001373291016,40.52000045776367,39.459999084472656,40.5,18.334285736083984,7358600,SO
2008-01-10,40.20000076293945,40.599998474121094,39.86000061035156,40.209999084472656,18.203006744384766,6657900,SO
2008-01-11,39.91999816894531,40.279998779296875,39.630001068115234,39.7599983215332,17.999284744262695,3356000,SO
2008-01-14,40.150001525878906,40.150001525878906,39.470001220703125,39.61000061035156,17.9313907623291,4195000,SO
2008-01-15,39.209999084472656,39.93000030517578,39.209999084472656,39.310001373291016,17.795570373535156,4319200,SO
2008-01-16,39.130001068115234,39.900001525878906,39.11000061035156,39.189998626708984,17.74125099182129,8016400,SO
2008-01-17,39.25,39.459999084472656,38.20000076293945,38.34000015258789,17.35645866394043,6458900,SO
2008-01-18,38.54999923706055,39.0,37.2599983215332,37.7400016784668,17.084840774536133,8636300,SO
2008-01-22,36.54999923706055,37.4900016784668,36.29999923706055,37.0,16.749841690063477,11274000,SO
2008-01-23,36.11000061035156,37.77000045776367,36.11000061035156,37.529998779296875,16.989765167236328,10998500,SO
2008-01-24,37.720001220703125,37.720001220703125,36.41999816894531,36.54999923706055,16.546131134033203,6522200,SO
2008-01-25,36.619998931884766,36.959999084472656,36.0099983215332,36.09000015258789,16.3378849029541,5191400,SO
2008-01-28,36.06999969482422,36.540000915527344,36.0099983215332,36.130001068115234,16.355987548828125,4999900,SO
2008-01-29,37.02000045776367,37.02000045776367,36.02000045776367,36.540000915527344,16.541601181030273,5726700,SO
2008-01-30,37.029998779296875,37.029998779296875,36.310001373291016,36.38999938964844,16.47369956970215,4610500,SO
2008-01-31,36.0099983215332,36.630001068115234,35.689998626708984,36.369998931884766,16.64900779724121,6738900,SO
2008-02-01,36.41999816894531,37.310001373291016,36.099998474121094,37.29999923706055,17.074745178222656,6030800,SO
2008-02-04,38.029998779296875,38.029998779296875,37.20000076293945,37.59000015258789,17.20749855041504,3380600,SO
2008-02-05,37.0099983215332,37.33000183105469,36.5,36.560001373291016,16.73599624633789,4909700,SO
2008-02-06,36.7400016784668,36.95000076293945,36.16999816894531,36.2599983215332,16.598665237426758,4115200,SO
2008-02-07,36.130001068115234,36.290000915527344,35.720001220703125,35.91999816894531,16.443023681640625,4697000,SO
2008-02-08,35.79999923706055,36.040000915527344,35.599998474121094,35.75,16.365209579467773,3420000,SO
2008-02-11,35.83000183105469,35.88999938964844,35.5,35.68000030517578,16.33315658569336,3182000,SO
2008-02-12,35.83000183105469,36.29999923706055,35.58000183105469,36.209999084472656,16.575773239135742,4411100,SO
2008-02-13,36.40999984741211,36.619998931884766,35.81999969482422,36.13999938964844,16.543737411499023,7090900,SO
2008-02-14,36.119998931884766,36.43000030517578,35.650001525878906,35.810001373291016,16.392669677734375,3310100,SO
2008-02-15,35.79999923706055,35.900001525878906,35.45000076293945,35.779998779296875,16.378938674926758,4503800,SO
2008-02-19,36.11000061035156,36.15999984741211,35.58000183105469,35.75,16.365209579467773,3319800,SO
2008-02-20,35.5099983215332,35.810001373291016,35.40999984741211,35.77000045776367,16.374359130859375,4934600,SO
2008-02-21,35.959999084472656,35.959999084472656,35.099998474121094,35.150001525878906,16.090539932250977,5105800,SO
2008-02-22,35.2400016784668,35.56999969482422,35.0099983215332,35.52000045776367,16.259920120239258,4764100,SO
2008-02-25,35.560001373291016,35.869998931884766,35.380001068115234,35.79999923706055,16.38809585571289,3689800,SO
2008-02-26,35.70000076293945,36.189998626708984,35.599998474121094,36.189998626708984,16.56662940979004,4346400,SO
2008-02-27,36.040000915527344,36.20000076293945,35.630001068115234,35.70000076293945,16.342317581176758,3196600,SO
2008-02-28,35.52000045776367,35.68000030517578,35.02000045776367,35.189998626708984,16.10885238647461,4730400,SO
2008-02-29,35.0099983215332,35.2400016784668,34.400001525878906,34.529998779296875,15.806727409362793,7636500,SO
2008-03-03,34.54999923706055,34.9900016784668,34.41999816894531,34.650001525878906,15.861668586730957,4388500,SO
2008-03-04,34.27000045776367,35.29999923706055,34.27000045776367,34.97999954223633,16.012727737426758,4137500,SO
2008-03-05,35.209999084472656,35.209999084472656,34.54999923706055,34.970001220703125,16.008150100708008,3865400,SO
2008-03-06,34.869998931884766,35.040000915527344,34.34000015258789,34.400001525878906,15.747221946716309,3560700,SO
2008-03-07,34.20000076293945,34.43000030517578,34.0,34.290000915527344,15.696863174438477,5303800,SO
2008-03-10,34.33000183105469,34.4900016784668,33.93000030517578,34.119998931884766,15.619044303894043,3318000,SO
2008-03-11,34.810001373291016,35.18000030517578,34.459999084472656,35.130001068115234,16.081392288208008,4939900,SO
2008-03-12,35.2400016784668,35.43000030517578,34.56999969482422,34.65999984741211,15.866241455078125,3537500,SO
2008-03-13,34.52000045776367,34.810001373291016,34.20000076293945,34.630001068115234,15.852500915527344,4062200,SO
2008-03-14,34.810001373291016,34.88999938964844,33.959999084472656,34.45000076293945,15.77010440826416,5143200,SO
2008-03-17,33.709999084472656,35.709999084472656,33.709999084472656,35.459999084472656,16.232452392578125,8337600,SO
2008-03-18,35.9900016784668,35.9900016784668,35.20000076293945,35.939998626708984,16.45218276977539,7703500,SO
2008-03-19,36.040000915527344,36.34000015258789,35.279998779296875,35.279998779296875,16.15005874633789,4602400,SO
2008-03-20,35.459999084472656,36.189998626708984,35.119998931884766,36.130001068115234,16.539148330688477,7011200,SO
2008-03-24,36.20000076293945,36.25,35.5,35.77000045776367,16.374359130859375,3297800,SO
2008-03-25,35.849998474121094,36.0,35.619998931884766,35.709999084472656,16.34689712524414,3299300,SO
2008-03-26,35.599998474121094,35.880001068115234,35.47999954223633,35.65999984741211,16.324007034301758,3399600,SO
2008-03-27,35.79999923706055,36.029998779296875,35.529998779296875,35.65999984741211,16.324007034301758,3539800,SO
2008-03-28,35.7599983215332,36.0,35.25,35.369998931884766,16.191259384155273,2565600,SO
2008-03-31,35.43000030517578,35.66999816894531,35.22999954223633,35.61000061035156,16.301118850708008,3452000,SO
2008-04-01,35.65999984741211,36.47999954223633,35.619998931884766,36.400001525878906,16.66275405883789,3893700,SO
2008-04-02,36.36000061035156,36.869998931884766,36.349998474121094,36.63999938964844,16.77261734008789,3061200,SO
2008-04-03,36.45000076293945,36.7599983215332,36.369998931884766,36.529998779296875,16.72226333618164,2511100,SO
2008-04-04,35.810001373291016,37.060001373291016,35.810001373291016,36.5099983215332,16.713115692138672,3980900,SO
2008-04-07,36.7599983215332,36.7599983215332,36.119998931884766,36.25,16.59408950805664,3873200,SO
2008-04-08,36.27000045776367,36.41999816894531,36.150001525878906,36.27000045776367,16.603242874145508,3572900,SO
2008-04-09,36.22999954223633,36.77000045776367,36.220001220703125,36.7400016784668,16.81839370727539,4624800,SO
2008-04-10,36.810001373291016,36.810001373291016,36.20000076293945,36.310001373291016,16.62156105041504,5741100,SO
2008-04-11,36.18000030517578,36.5099983215332,36.04999923706055,36.29999923706055,16.61697769165039,3475200,SO
2008-04-14,36.220001220703125,36.45000076293945,36.029998779296875,36.18000030517578,16.56204605102539,3868100,SO
2008-04-15,36.20000076293945,36.599998474121094,36.09000015258789,36.4900016784668,16.70395278930664,2490200,SO
2008-04-16,36.72999954223633,36.97999954223633,36.209999084472656,36.95000076293945,16.914531707763672,3672400,SO
2008-04-17,36.77000045776367,37.099998474121094,36.630001068115234,36.79999923706055,16.845861434936523,3440900,SO
2008-04-18,37.150001525878906,37.189998626708984,36.540000915527344,36.95000076293945,16.914531707763672,4081600,SO
2008-04-21,36.81999969482422,36.900001525878906,36.45000076293945,36.7400016784668,16.81839370727539,2958900,SO
2008-04-22,36.65999984741211,36.709999084472656,36.400001525878906,36.54999923706055,16.731422424316406,3471100,SO
2008-04-23,36.7599983215332,36.77000045776367,36.400001525878906,36.59000015258789,16.74972915649414,3543400,SO
2008-04-24,36.63999938964844,36.97999954223633,36.439998626708984,36.7599983215332,16.827547073364258,3754100,SO
2008-04-25,36.9900016784668,37.099998474121094,36.810001373291016,37.099998474121094,16.983192443847656,3180600,SO
2008-04-28,37.0099983215332,37.20000076293945,36.84000015258789,36.900001525878906,16.89164161682129,2374800,SO
2008-04-29,36.939998626708984,37.04999923706055,36.61000061035156,36.790000915527344,16.841285705566406,3011600,SO
2008-04-30,37.209999084472656,37.810001373291016,37.18000030517578,37.22999954223633,17.042699813842773,5452200,SO
2008-05-01,37.09000015258789,37.209999084472656,36.810001373291016,36.91999816894531,17.0936336517334,4319500,SO
2008-05-02,37.09000015258789,37.22999954223633,36.779998779296875,37.11000061035156,17.181598663330078,4458300,SO
2008-05-05,37.13999938964844,37.13999938964844,36.630001068115234,36.810001373291016,17.042701721191406,3256700,SO
2008-05-06,36.63999938964844,36.75,36.34000015258789,36.65999984741211,16.97325325012207,2695600,SO
2008-05-07,36.7400016784668,36.75,36.2400016784668,36.33000183105469,16.820463180541992,3226100,SO
2008-05-08,36.439998626708984,36.560001373291016,36.189998626708984,36.38999938964844,16.84824562072754,2432600,SO
2008-05-09,36.04999923706055,36.41999816894531,35.95000076293945,36.290000915527344,16.80194664001465,3877200,SO
2008-05-12,36.400001525878906,36.869998931884766,36.25,36.869998931884766,17.070472717285156,3810800,SO
2008-05-13,36.88999938964844,36.959999084472656,36.5,36.70000076293945,16.99177360534668,2557500,SO
2008-05-14,36.849998474121094,37.08000183105469,36.68000030517578,36.97999954223633,17.121410369873047,2875200,SO
2008-05-15,37.040000915527344,37.040000915527344,36.5,36.720001220703125,17.00103187561035,3573000,SO
2008-05-16,36.84000015258789,36.849998474121094,36.470001220703125,36.7400016784668,17.01029396057129,3300600,SO
2008-05-19,36.70000076293945,37.099998474121094,36.65999984741211,37.040000915527344,17.14919090270996,3278600,SO
2008-05-20,37.0,37.13999938964844,36.77000045776367,36.849998474121094,17.06121826171875,4853700,SO
2008-05-21,36.97999954223633,37.06999969482422,36.439998626708984,36.4900016784668,16.894542694091797,5788500,SO
2008-05-22,36.5099983215332,36.84000015258789,36.310001373291016,36.810001373291016,17.042701721191406,3469800,SO
2008-05-23,36.709999084472656,36.709999084472656,35.9900016784668,36.0,16.66767692565918,3403500,SO
2008-05-27,36.0,36.310001373291016,36.0,36.189998626708984,16.75564956665039,3612200,SO
2008-05-28,36.15999984741211,36.40999984741211,36.0,36.130001068115234,16.72786521911621,2247800,SO
2008-05-29,36.13999938964844,36.459999084472656,36.040000915527344,36.279998779296875,16.797317504882812,2760900,SO
2008-05-30,36.45000076293945,36.459999084472656,36.16999816894531,36.20000076293945,16.760282516479492,2841100,SO
2008-06-02,36.130001068115234,36.20000076293945,35.439998626708984,35.61000061035156,16.487112045288086,3670700,SO
2008-06-03,35.709999084472656,35.90999984741211,35.189998626708984,35.36000061035156,16.371366500854492,3579900,SO
2008-06-04,35.25,35.75,35.22999954223633,35.68000030517578,16.519521713256836,3009600,SO
2008-06-05,35.72999954223633,36.0,35.4900016784668,35.95000076293945,16.64452362060547,2529200,SO
2008-06-06,35.93000030517578,35.93000030517578,34.900001525878906,34.91999816894531,16.167646408081055,4472200,SO
2008-06-09,35.150001525878906,35.47999954223633,35.04999923706055,35.25,16.320430755615234,3567000,SO
2008-06-10,35.06999969482422,35.279998779296875,34.84000015258789,35.13999938964844,16.269512176513672,3212700,SO
2008-06-11,35.13999938964844,35.2400016784668,34.81999969482422,34.959999084472656,16.186172485351562,3519800,SO
2008-06-12,35.04999923706055,35.209999084472656,34.83000183105469,35.040000915527344,16.223203659057617,2709900,SO
2008-06-13,35.31999969482422,35.400001525878906,34.79999923706055,35.09000015258789,16.246349334716797,3517500,SO
2008-06-16,34.86000061035156,35.31999969482422,34.79999923706055,35.279998779296875,16.334325790405273,2397900,SO
2008-06-17,35.38999938964844,35.4900016784668,35.04999923706055,35.150001525878906,16.274133682250977,2972200,SO
2008-06-18,35.0,35.40999984741211,34.97999954223633,35.02000045776367,16.213945388793945,3331300,SO
2008-06-19,34.939998626708984,35.16999816894531,34.720001220703125,34.9900016784668,16.20005226135254,5425400,SO
2008-06-20,34.79999923706055,35.029998779296875,34.45000076293945,34.4900016784668,15.968560218811035,5925500,SO
2008-06-23,34.86000061035156,35.08000183105469,34.56999969482422,34.869998931884766,16.144487380981445,3060200,SO
2008-06-24,34.84000015258789,35.02000045776367,34.4900016784668,34.90999984741211,16.16302490234375,4755600,SO
2008-06-25,34.970001220703125,35.5,34.86000061035156,35.41999816894531,16.39914321899414,4868300,SO
2008-06-26,35.099998474121094,35.45000076293945,34.65999984741211,34.70000076293945,16.065792083740234,7365500,SO
2008-06-27,34.75,35.0099983215332,34.349998474121094,34.43000030517578,15.94078540802002,6709200,SO
2008-06-30,34.40999984741211,35.130001068115234,34.279998779296875,34.91999816894531,16.167646408081055,5250900,SO
2008-07-01,34.599998474121094,35.290000915527344,34.59000015258789,35.15999984741211,16.27876853942871,5111100,SO
2008-07-02,35.25,35.459999084472656,35.099998474121094,35.209999084472656,16.30191421508789,4534600,SO
2008-07-03,35.2400016784668,35.47999954223633,35.099998474121094,35.31999969482422,16.352846145629883,3357900,SO
2008-07-07,35.400001525878906,35.63999938964844,34.83000183105469,35.15999984741211,16.27876853942871,5301900,SO
2008-07-08,35.16999816894531,35.88999938964844,35.02000045776367,35.810001373291016,16.579713821411133,5789700,SO
2008-07-09,35.7400016784668,36.68000030517578,35.709999084472656,36.619998931884766,16.95473289489746,6729700,SO
2008-07-10,36.689998626708984,36.93000030517578,36.209999084472656,36.5,16.899181365966797,4952600,SO
2008-07-11,36.22999954223633,36.41999816894531,35.709999084472656,35.9900016784668,16.66304588317871,5110700,SO
2008-07-14,36.2400016784668,36.279998779296875,35.59000015258789,35.63999938964844,16.50100326538086,3805200,SO
2008-07-15,35.439998626708984,35.72999954223633,35.310001373291016,35.529998779296875,16.4500789642334,3797300,SO
2008-07-16,35.459999084472656,35.68000030517578,35.06999969482422,35.349998474121094,16.36673927307129,3992600,SO
2008-07-17,35.439998626708984,35.439998626708984,34.61000061035156,34.880001068115234,16.14912986755371,6078600,SO
2008-07-18,34.959999084472656,35.38999938964844,34.459999084472656,34.84000015258789,16.1306095123291,6871700,SO
2008-07-21,34.91999816894531,35.88999938964844,34.79999923706055,35.540000915527344,16.454708099365234,5170400,SO
2008-07-22,35.54999923706055,36.029998779296875,35.54999923706055,35.650001525878906,16.50563621520996,4579500,SO
2008-07-23,35.650001525878906,35.650001525878906,34.880001068115234,35.22999954223633,16.311176300048828,5249800,SO
2008-07-24,35.33000183105469,35.56999969482422,34.939998626708984,35.52000045776367,16.445444107055664,5120200,SO
2008-07-25,35.58000183105469,35.75,35.06999969482422,35.130001068115234,16.264877319335938,4718100,SO
2008-07-28,35.130001068115234,35.52000045776367,34.90999984741211,35.36000061035156,16.371366500854492,4371000,SO
2008-07-29,35.5,35.790000915527344,35.25,35.72999954223633,16.542673110961914,5262000,SO
2008-07-30,35.900001525878906,36.369998931884766,35.7599983215332,35.869998931884766,16.60749053955078,6097600,SO
2008-07-31,35.58000183105469,35.619998931884766,35.119998931884766,35.38999938964844,16.579376220703125,4536300,SO
2008-08-01,35.29999923706055,35.61000061035156,34.59000015258789,34.59000015258789,16.20460319519043,4107900,SO
2008-08-04,34.70000076293945,35.599998474121094,34.54999923706055,35.29999923706055,16.537220001220703,6563100,SO
2008-08-05,35.459999084472656,35.90999984741211,35.310001373291016,35.88999938964844,16.813627243041992,5252700,SO
2008-08-06,35.83000183105469,36.0,35.4900016784668,35.619998931884766,16.687131881713867,4097300,SO
2008-08-07,35.7400016784668,35.939998626708984,35.189998626708984,35.33000183105469,16.5512752532959,3470600,SO
2008-08-08,35.220001220703125,36.56999969482422,35.220001220703125,36.56999969482422,17.132183074951172,5791300,SO
2008-08-11,36.439998626708984,37.68000030517578,36.310001373291016,37.54999923706055,17.591291427612305,8279700,SO
2008-08-12,37.47999954223633,37.540000915527344,36.689998626708984,37.470001220703125,17.553817749023438,4680800,SO
2008-08-13,37.36000061035156,37.65999984741211,37.189998626708984,37.400001525878906,17.521018981933594,4946400,SO
2008-08-14,37.15999984741211,37.58000183105469,36.869998931884766,37.0,17.333633422851562,4102000,SO
2008-08-15,37.099998474121094,37.58000183105469,37.029998779296875,37.439998626708984,17.53976058959961,4386800,SO
2008-08-18,37.459999084472656,37.810001373291016,37.400001525878906,37.61000061035156,17.619400024414062,3253300,SO
2008-08-19,37.41999816894531,37.7400016784668,37.41999816894531,37.459999084472656,17.549123764038086,2829800,SO
2008-08-20,37.40999984741211,37.619998931884766,37.15999984741211,37.52000045776367,17.577239990234375,3525900,SO
2008-08-21,37.34000015258789,37.70000076293945,37.220001220703125,37.560001373291016,17.595975875854492,3151300,SO
2008-08-22,37.63999938964844,37.790000915527344,37.52000045776367,37.790000915527344,17.703731536865234,3049900,SO
2008-08-25,37.70000076293945,37.79999923706055,37.13999938964844,37.27000045776367,17.46012306213379,2310800,SO
2008-08-26,37.25,37.650001525878906,37.11000061035156,37.58000183105469,17.6053524017334,4762700,SO
2008-08-27,37.65999984741211,37.75,37.45000076293945,37.65999984741211,17.642820358276367,2485200,SO
2008-08-28,37.65999984741211,38.0,37.58000183105469,38.0,17.802108764648438,2223600,SO
2008-08-29,37.79999923706055,37.97999954223633,37.5099983215332,37.5099983215332,17.572555541992188,2425100,SO
2008-09-02,37.83000183105469,37.95000076293945,37.2599983215332,37.279998779296875,17.464807510375977,2803400,SO
2008-09-03,37.310001373291016,37.70000076293945,37.0099983215332,37.619998931884766,17.62408447265625,5363300,SO
2008-09-04,37.45000076293945,37.7400016784668,37.20000076293945,37.29999923706055,17.474170684814453,4282500,SO
2008-09-05,37.119998931884766,37.45000076293945,36.959999084472656,37.099998474121094,17.380483627319336,5960500,SO
2008-09-08,37.41999816894531,38.0,37.38999938964844,38.0,17.802108764648438,7121500,SO
2008-09-09,37.79999923706055,38.20000076293945,37.63999938964844,37.849998474121094,17.73183250427246,7287000,SO
2008-09-10,37.880001068115234,38.15999984741211,37.619998931884766,37.709999084472656,17.66624641418457,4610300,SO
2008-09-11,37.68000030517578,38.040000915527344,37.2599983215332,37.9900016784668,17.79742431640625,5727900,SO
2008-09-12,37.77000045776367,38.40999984741211,37.75,38.13999938964844,17.867694854736328,5430100,SO
2008-09-15,37.70000076293945,38.75,37.47999954223633,38.099998474121094,17.848955154418945,6694100,SO
2008-09-16,37.88999938964844,39.150001525878906,37.5,39.029998779296875,18.284637451171875,9411200,SO
2008-09-17,38.56999969482422,39.0,38.099998474121094,38.119998931884766,17.85832977294922,7045800,SO
2008-09-18,38.400001525878906,40.0,38.18000030517578,39.5,18.504819869995117,10032100,SO
2008-09-19,40.0,40.0,38.20000076293945,38.400001525878906,17.989503860473633,10629600,SO
2008-09-22,38.47999954223633,38.47999954223633,37.599998474121094,37.70000076293945,17.661569595336914,5474500,SO
2008-09-23,37.709999084472656,38.13999938964844,37.38999938964844,37.40999984741211,17.525711059570312,4350100,SO
2008-09-24,37.58000183105469,38.06999969482422,37.06999969482422,37.970001220703125,17.78805160522461,4037500,SO
2008-09-25,38.06999969482422,39.20000076293945,37.720001220703125,38.619998931884766,18.092559814453125,5651100,SO
2008-09-26,38.290000915527344,38.959999084472656,37.540000915527344,38.619998931884766,18.092559814453125,4146400,SO
2008-09-29,38.279998779296875,38.630001068115234,37.25,37.25,17.45075035095215,8681700,SO
2008-09-30,37.79999923706055,38.279998779296875,37.5099983215332,37.689998626708984,17.656879425048828,7373200,SO
2008-10-01,37.650001525878906,37.83000183105469,37.2400016784668,37.779998779296875,17.699037551879883,7081200,SO
2008-10-02,37.61000061035156,37.970001220703125,37.400001525878906,37.47999954223633,17.558496475219727,7548300,SO
2008-10-03,37.86000061035156,38.18000030517578,37.099998474121094,37.150001525878906,17.403902053833008,9263600,SO
2008-10-06,36.599998474121094,37.29999923706055,35.380001068115234,36.119998931884766,16.921371459960938,10600400,SO
2008-10-07,36.40999984741211,37.290000915527344,35.599998474121094,35.68000030517578,16.715242385864258,8907400,SO
2008-10-08,35.15999984741211,36.75,35.15999984741211,35.40999984741211,16.588747024536133,16180500,SO
2008-10-09,35.720001220703125,35.75,33.52000045776367,33.52000045776367,15.703333854675293,10072200,SO
2008-10-10,32.5099983215332,33.88999938964844,29.81999969482422,32.2599983215332,15.11304759979248,14651900,SO
2008-10-13,33.16999816894531,35.849998474121094,32.61000061035156,35.83000183105469,16.785518646240234,7893400,SO
2008-10-14,36.84000015258789,36.84000015258789,32.11000061035156,34.439998626708984,16.134326934814453,9991400,SO
2008-10-15,34.43000030517578,34.43000030517578,32.31999969482422,32.59000015258789,15.267653465270996,8277000,SO
2008-10-16,32.560001373291016,33.900001525878906,31.399999618530273,33.7400016784668,15.80639934539795,9979500,SO
2008-10-17,33.150001525878906,34.86000061035156,32.630001068115234,33.4900016784668,15.689277648925781,8042000,SO
2008-10-20,33.68000030517578,35.77000045776367,33.47999954223633,35.77000045776367,16.757404327392578,5755300,SO
2008-10-21,35.61000061035156,35.849998474121094,34.849998474121094,35.060001373291016,16.424785614013672,4736500,SO
2008-10-22,34.59000015258789,34.93000030517578,32.790000915527344,33.58000183105469,15.731447219848633,7194500,SO
2008-10-23,34.2599983215332,36.279998779296875,33.97999954223633,36.22999954223633,16.972898483276367,10384400,SO
2008-10-24,33.150001525878906,35.79999923706055,33.130001068115234,34.61000061035156,16.213970184326172,7456400,SO
2008-10-27,34.2599983215332,34.439998626708984,32.939998626708984,32.939998626708984,15.431615829467773,9042700,SO
2008-10-28,33.7599983215332,36.0,33.16999816894531,35.91999816894531,16.82767105102539,9529000,SO
2008-10-29,35.810001373291016,36.18000030517578,34.650001525878906,34.790000915527344,16.298295974731445,7697100,SO
2008-10-30,35.34000015258789,35.689998626708984,34.34000015258789,35.2599983215332,16.7203311920166,5779800,SO
2008-10-31,35.2599983215332,35.439998626708984,34.0,34.34000015258789,16.284067153930664,7522400,SO
2008-11-03,34.18000030517578,34.810001373291016,34.06999969482422,34.79999923706055,16.5022029876709,5598800,SO
2008-11-04,34.939998626708984,35.310001373291016,34.599998474121094,35.18000030517578,16.68239402770996,5163600,SO
2008-11-05,34.79999923706055,35.290000915527344,34.47999954223633,34.619998931884766,16.416841506958008,6536500,SO
2008-11-06,34.59000015258789,34.970001220703125,33.38999938964844,33.77000045776367,16.013774871826172,6175900,SO
2008-11-07,33.93000030517578,34.83000183105469,33.529998779296875,34.83000183105469,16.516433715820312,4909200,SO
2008-11-10,35.220001220703125,35.25,34.099998474121094,34.61000061035156,16.412105560302734,4582500,SO
2008-11-11,34.22999954223633,35.150001525878906,33.970001220703125,34.7400016784668,16.4737491607666,5880900,SO
2008-11-12,34.439998626708984,34.900001525878906,32.52000045776367,34.20000076293945,16.217681884765625,7638500,SO
2008-11-13,34.439998626708984,35.25,34.099998474121094,35.18000030517578,16.68239402770996,11885600,SO
2008-11-14,34.59000015258789,36.75,34.41999816894531,35.209999084472656,16.69662857055664,12840400,SO
2008-11-17,35.13999938964844,36.099998474121094,34.849998474121094,35.47999954223633,16.82465934753418,7749900,SO
2008-11-18,35.25,35.849998474121094,34.54999923706055,35.0,16.5970458984375,8555900,SO
2008-11-19,35.0,35.400001525878906,34.459999084472656,34.470001220703125,16.345720291137695,7484900,SO
2008-11-20,34.130001068115234,35.38999938964844,33.61000061035156,33.81999969482422,16.03748893737793,8858300,SO
2008-11-21,34.099998474121094,35.59000015258789,33.689998626708984,35.59000015258789,16.876819610595703,10885500,SO
2008-11-24,35.5,36.150001525878906,34.7400016784668,35.5,16.83414077758789,9250600,SO
2008-11-25,36.02000045776367,36.33000183105469,35.15999984741211,35.77000045776367,16.962177276611328,8249400,SO
2008-11-26,35.58000183105469,36.130001068115234,35.220001220703125,36.11000061035156,17.12340545654297,4746300,SO
2008-11-28,35.779998779296875,36.400001525878906,35.650001525878906,36.31999969482422,17.222991943359375,2030700,SO
2008-12-01,35.75,36.189998626708984,35.13999938964844,35.16999816894531,16.677650451660156,6419200,SO
2008-12-02,35.220001220703125,35.900001525878906,34.900001525878906,35.52000045776367,16.843624114990234,6183300,SO
2008-12-03,34.93000030517578,36.5,34.93000030517578,36.43000030517578,17.2751522064209,5698000,SO
2008-12-04,36.29999923706055,36.4900016784668,35.0,35.43000030517578,16.80095100402832,5534400,SO
2008-12-05,35.08000183105469,36.970001220703125,34.66999816894531,36.88999938964844,17.4932861328125,7923800,SO
2008-12-08,37.45000076293945,37.58000183105469,36.66999816894531,36.9900016784668,17.54070281982422,5765300,SO
2008-12-09,36.599998474121094,37.09000015258789,36.31999969482422,36.560001373291016,17.336795806884766,3936500,SO
2008-12-10,36.790000915527344,36.93000030517578,36.38999938964844,36.709999084472656,17.40793228149414,2956000,SO
2008-12-11,36.459999084472656,37.0,36.13999938964844,36.36000061035156,17.241958618164062,5107100,SO
2008-12-12,35.79999923706055,36.38999938964844,35.689998626708984,36.34000015258789,17.23247528076172,4355300,SO
2008-12-15,36.349998474121094,36.52000045776367,35.599998474121094,35.849998474121094,17.00011444091797,3636700,SO
2008-12-16,36.0,37.29999923706055,35.95000076293945,37.20000076293945,17.64028549194336,4832800,SO
2008-12-17,36.959999084472656,37.04999923706055,36.220001220703125,36.29999923706055,17.2135009765625,6000200,SO
2008-12-18,36.47999954223633,36.77000045776367,35.88999938964844,36.119998931884766,17.128150939941406,6773300,SO
2008-12-19,36.369998931884766,36.59000015258789,35.81999969482422,35.84000015258789,16.995370864868164,8212000,SO
2008-12-22,35.7400016784668,36.34000015258789,35.70000076293945,36.119998931884766,17.128150939941406,3509500,SO
2008-12-23,36.16999816894531,36.310001373291016,35.66999816894531,35.709999084472656,16.93372344970703,2958500,SO
2008-12-24,36.0099983215332,36.08000183105469,35.66999816894531,35.709999084472656,16.93372344970703,960100,SO
2008-12-26,35.70000076293945,36.209999084472656,35.66999816894531,35.970001220703125,17.05702018737793,1018000,SO
2008-12-29,36.0,36.2599983215332,35.77000045776367,36.20000076293945,17.166088104248047,2579700,SO
2008-12-30,36.33000183105469,36.529998779296875,36.130001068115234,36.529998779296875,17.322568893432617,3261800,SO
2008-12-31,36.47999954223633,37.099998474121094,36.470001220703125,37.0,17.545448303222656,4080900,SO
2009-01-02,37.0,37.619998931884766,36.810001373291016,37.470001220703125,17.768321990966797,3341400,SO
2009-01-05,37.43000030517578,37.45000076293945,36.290000915527344,36.66999816894531,17.388961791992188,4727300,SO
2009-01-06,36.83000183105469,36.959999084472656,35.70000076293945,35.790000915527344,16.971662521362305,5090000,SO
2009-01-07,35.70000076293945,35.9900016784668,35.529998779296875,35.72999954223633,16.943212509155273,4826000,SO
2009-01-08,35.75,35.779998779296875,35.15999984741211,35.59000015258789,16.876819610595703,4707900,SO
2009-01-09,35.529998779296875,35.900001525878906,35.209999084472656,35.529998779296875,16.848363876342773,4356700,SO
2009-01-12,35.619998931884766,35.959999084472656,35.529998779296875,35.790000915527344,16.971662521362305,3654100,SO
2009-01-13,35.68000030517578,35.70000076293945,34.58000183105469,34.86000061035156,16.530658721923828,6294600,SO
2009-01-14,35.029998779296875,35.029998779296875,34.0099983215332,34.34000015258789,16.284067153930664,6467200,SO
2009-01-15,34.2400016784668,34.689998626708984,33.91999816894531,34.689998626708984,16.450044631958008,5683100,SO
2009-01-16,35.02000045776367,35.2599983215332,34.66999816894531,35.029998779296875,16.61127281188965,4523100,SO
2009-01-20,35.0,35.540000915527344,34.650001525878906,34.72999954223633,16.46900749206543,5014400,SO
2009-01-21,35.150001525878906,35.20000076293945,34.2400016784668,34.939998626708984,16.568593978881836,5179700,SO
2009-01-22,34.68000030517578,35.279998779296875,34.54999923706055,34.95000076293945,16.573333740234375,4284300,SO
2009-01-23,34.599998474121094,34.869998931884766,34.310001373291016,34.650001525878906,16.431079864501953,4519700,SO
2009-01-26,34.77000045776367,35.349998474121094,34.56999969482422,34.939998626708984,16.568593978881836,5862100,SO
2009-01-27,35.029998779296875,35.189998626708984,34.5,34.939998626708984,16.568593978881836,5482400,SO
2009-01-28,35.29999923706055,35.29999923706055,33.97999954223633,34.369998931884766,16.298294067382812,6549000,SO
2009-01-29,34.0,34.15999984741211,33.72999954223633,33.86000061035156,16.25509262084961,4372700,SO
2009-01-30,33.72999954223633,34.099998474121094,33.25,33.45000076293945,16.058269500732422,5811300,SO
2009-02-02,33.349998474121094,33.529998779296875,32.900001525878906,33.290000915527344,15.981460571289062,4567200,SO
2009-02-03,33.29999923706055,33.560001373291016,33.06999969482422,33.470001220703125,16.067861557006836,3567800,SO
2009-02-04,33.63999938964844,33.79999923706055,33.20000076293945,33.54999923706055,16.10626220703125,3515900,SO
2009-02-05,33.5099983215332,33.790000915527344,33.189998626708984,33.34000015258789,16.005455017089844,4612400,SO
2009-02-06,33.29999923706055,33.75,33.150001525878906,33.59000015258789,16.12547492980957,3304400,SO
2009-02-09,33.56999969482422,33.61000061035156,32.75,33.060001373291016,15.871038436889648,4876500,SO
2009-02-10,33.0099983215332,33.06999969482422,32.02000045776367,32.119998931884766,15.419772148132324,6495600,SO
2009-02-11,32.2400016784668,32.34000015258789,31.899999618530273,32.150001525878906,15.434185028076172,4710900,SO
2009-02-12,32.099998474121094,32.130001068115234,30.940000534057617,31.6200008392334,15.179737091064453,6894800,SO
2009-02-13,31.56999969482422,31.75,31.350000381469727,31.389999389648438,15.069324493408203,4016400,SO
2009-02-17,31.0,31.0,30.209999084472656,30.40999984741211,14.598858833312988,5035000,SO
2009-02-18,30.540000915527344,30.81999969482422,30.280000686645508,30.719999313354492,14.74768352508545,5703800,SO
2009-02-19,30.90999984741211,31.09000015258789,30.520000457763672,30.8700008392334,14.819697380065918,4532100,SO
2009-02-20,30.479999542236328,30.8700008392334,29.90999984741211,30.170000076293945,14.483641624450684,6003700,SO
2009-02-23,30.399999618530273,30.5,29.649999618530273,29.709999084472656,14.262808799743652,4260700,SO
2009-02-24,30.0,31.110000610351562,29.84000015258789,30.969999313354492,14.867690086364746,7564800,SO
2009-02-25,31.049999237060547,31.600000381469727,30.8799991607666,31.209999084472656,14.98291015625,7086700,SO
2009-02-26,31.440000534057617,31.510000228881836,30.6299991607666,30.649999618530273,14.714075088500977,5295700,SO
2009-02-27,30.31999969482422,30.809999465942383,30.0,30.309999465942383,14.550856590270996,5288900,SO
2009-03-02,30.0,30.649999618530273,29.760000228881836,29.780000686645508,14.296416282653809,5927200,SO
2009-03-03,29.940000534057617,30.100000381469727,28.420000076293945,28.469999313354492,13.667518615722656,7589500,SO
2009-03-04,28.809999465942383,29.280000686645508,28.290000915527344,28.75,13.801948547363281,5880400,SO
2009-03-05,28.549999237060547,28.649999618530273,27.479999542236328,27.809999465942383,13.350680351257324,5944800,SO
2009-03-06,28.010000228881836,28.690000534057617,27.479999542236328,28.049999237060547,13.465899467468262,5928800,SO
2009-03-09,27.469999313354492,28.059999465942383,26.709999084472656,26.81999969482422,12.875415802001953,5907800,SO
2009-03-10,27.079999923706055,27.479999542236328,26.850000381469727,27.25,13.081849098205566,5748200,SO
2009-03-11,27.350000381469727,27.709999084472656,27.030000686645508,27.139999389648438,13.029035568237305,5124700,SO
2009-03-12,27.139999389648438,27.280000686645508,26.479999542236328,26.809999465942383,12.870621681213379,7468900,SO
2009-03-13,27.040000915527344,27.25,26.8799991607666,27.139999389648438,13.029035568237305,4768900,SO
2009-03-16,27.31999969482422,28.459999084472656,27.31999969482422,28.15999984741211,13.518705368041992,7129100,SO
2009-03-17,28.239999771118164,28.81999969482422,28.059999465942383,28.81999969482422,13.835553169250488,5784600,SO
2009-03-18,28.770000457763672,29.770000457763672,28.530000686645508,29.729999542236328,14.272411346435547,7524200,SO
2009-03-19,30.079999923706055,30.34000015258789,29.75,30.299999237060547,14.546052932739258,6156900,SO
2009-03-20,30.299999237060547,31.239999771118164,30.299999237060547,30.579999923706055,14.680471420288086,9222800,SO
2009-03-23,31.079999923706055,31.860000610351562,30.75,31.81999969482422,15.275750160217285,6768700,SO
2009-03-24,31.549999237060547,31.549999237060547,30.690000534057617,30.719999313354492,14.74768352508545,4523200,SO
2009-03-25,30.8799991607666,31.040000915527344,30.020000457763672,30.450000762939453,14.618060111999512,4952300,SO
2009-03-26,30.5,30.739999771118164,29.829999923706055,30.709999084472656,14.742881774902344,6337000,SO
2009-03-27,30.34000015258789,30.729999542236328,30.18000030517578,30.56999969482422,14.67566204071045,3840700,SO
2009-03-30,30.09000015258789,30.56999969482422,30.0,30.34000015258789,14.56525707244873,3658300,SO
2009-03-31,30.520000457763672,30.959999084472656,30.170000076293945,30.6200008392334,14.699667930603027,4689400,SO
2009-04-01,30.309999465942383,30.920000076293945,30.309999465942383,30.809999465942383,14.790884017944336,5387800,SO
2009-04-02,31.290000915527344,31.290000915527344,30.299999237060547,31.06999969482422,14.915703773498535,7293500,SO
2009-04-03,31.209999084472656,31.31999969482422,30.709999084472656,31.079999923706055,14.920509338378906,3853500,SO
2009-04-06,30.889999389648438,31.270000457763672,30.799999237060547,30.979999542236328,14.8724946975708,3570400,SO
2009-04-07,30.639999389648438,31.18000030517578,30.5,30.940000534057617,14.853291511535645,4016700,SO
2009-04-08,31.100000381469727,31.440000534057617,30.81999969482422,31.3799991607666,15.064520835876465,3332700,SO
2009-04-09,31.489999771118164,31.780000686645508,30.520000457763672,30.889999389648438,14.829291343688965,5233800,SO
2009-04-13,30.8700008392334,31.030000686645508,30.280000686645508,30.530000686645508,14.656465530395508,3469700,SO
2009-04-14,30.329999923706055,30.399999618530273,29.75,29.850000381469727,14.330020904541016,4499600,SO
2009-04-15,29.809999465942383,30.15999984741211,29.579999923706055,30.049999237060547,14.426033973693848,4005800,SO
2009-04-16,30.15999984741211,30.200000762939453,29.579999923706055,29.860000610351562,14.334822654724121,5249600,SO
2009-04-17,29.979999542236328,30.100000381469727,29.440000534057617,29.639999389648438,14.229201316833496,5048700,SO
2009-04-20,29.530000686645508,30.170000076293945,29.510000228881836,29.850000381469727,14.330020904541016,4493100,SO
2009-04-21,29.850000381469727,30.43000030517578,29.850000381469727,30.040000915527344,14.421235084533691,4133700,SO
2009-04-22,30.059999465942383,30.059999465942383,29.450000762939453,29.479999542236328,14.152396202087402,3988300,SO
2009-04-23,29.610000610351562,29.690000534057617,29.309999465942383,29.510000228881836,14.166797637939453,4114500,SO
2009-04-24,29.510000228881836,29.639999389648438,29.25,29.459999084472656,14.142792701721191,5184700,SO
2009-04-27,29.399999618530273,30.15999984741211,29.399999618530273,29.75,14.282005310058594,3888400,SO
2009-04-28,29.709999084472656,30.260000228881836,29.65999984741211,30.030000686645508,14.416431427001953,4016400,SO
2009-04-29,30.170000076293945,30.299999237060547,29.829999923706055,30.030000686645508,14.416431427001953,4720100,SO
2009-04-30,29.84000015258789,29.8700008392334,28.100000381469727,28.8799991607666,14.069558143615723,10729500,SO
2009-05-01,28.969999313354492,28.969999313354492,28.549999237060547,28.81999969482422,14.040340423583984,6121000,SO
2009-05-04,29.350000381469727,29.350000381469727,28.559999465942383,29.0,14.128026962280273,4916400,SO
2009-05-05,29.06999969482422,29.110000610351562,28.709999084472656,28.90999984741211,14.084182739257812,4149300,SO
2009-05-06,29.1200008392334,29.200000762939453,28.739999771118164,29.170000076293945,14.210845947265625,4322200,SO
2009-05-07,29.34000015258789,29.5,28.850000381469727,29.270000457763672,14.25955867767334,4609700,SO
2009-05-08,29.479999542236328,29.809999465942383,28.600000381469727,28.760000228881836,14.011104583740234,7652800,SO
2009-05-11,28.510000228881836,29.200000762939453,28.510000228881836,28.989999771118164,14.123157501220703,6690700,SO
2009-05-12,29.139999389648438,29.299999237060547,28.700000762939453,28.8700008392334,14.064691543579102,4938100,SO
2009-05-13,28.65999984741211,28.940000534057617,28.479999542236328,28.639999389648438,13.952642440795898,5324700,SO
2009-05-14,28.579999923706055,28.8700008392334,28.299999237060547,28.479999542236328,13.8746976852417,5780700,SO
2009-05-15,28.3799991607666,28.520000457763672,28.0,28.1200008392334,13.699313163757324,4196500,SO
2009-05-18,28.280000686645508,28.34000015258789,27.899999618530273,28.1200008392334,13.699313163757324,4099500,SO
2009-05-19,28.100000381469727,28.18000030517578,27.920000076293945,27.979999542236328,13.63110637664795,5803100,SO
2009-05-20,27.989999771118164,28.149999618530273,27.440000534057617,27.450000762939453,13.372909545898438,5390900,SO
2009-05-21,27.360000610351562,27.540000915527344,27.190000534057617,27.360000610351562,13.329059600830078,4778800,SO
2009-05-22,27.280000686645508,27.950000762939453,27.200000762939453,27.700000762939453,13.494701385498047,5222900,SO
2009-05-26,27.709999084472656,28.329999923706055,27.579999923706055,28.309999465942383,13.791873931884766,5987400,SO
2009-05-27,28.360000610351562,28.469999313354492,27.899999618530273,28.09000015258789,13.684699058532715,7007200,SO
2009-05-28,28.280000686645508,28.489999771118164,28.049999237060547,28.290000915527344,13.782134056091309,5091000,SO
2009-05-29,28.34000015258789,28.530000686645508,28.059999465942383,28.40999984741211,13.840594291687012,5533800,SO
2009-06-01,28.520000457763672,29.040000915527344,28.43000030517578,28.93000030517578,14.093923568725586,5579400,SO
2009-06-02,28.93000030517578,29.280000686645508,28.93000030517578,29.030000686645508,14.142640113830566,5498400,SO
2009-06-03,29.059999465942383,29.239999771118164,28.40999984741211,28.729999542236328,13.996491432189941,4060200,SO
2009-06-04,28.889999389648438,28.889999389648438,28.520000457763672,28.729999542236328,13.996491432189941,4266900,SO
2009-06-05,28.829999923706055,29.139999389648438,28.719999313354492,28.90999984741211,14.084182739257812,6407200,SO
2009-06-08,29.18000030517578,29.18000030517578,28.549999237060547,28.81999969482422,14.040340423583984,4372600,SO
2009-06-09,28.850000381469727,29.139999389648438,28.600000381469727,28.6299991607666,13.947775840759277,3959200,SO
2009-06-10,28.760000228881836,29.219999313354492,28.729999542236328,29.049999237060547,14.152384757995605,5563800,SO
2009-06-11,29.139999389648438,30.399999618530273,29.100000381469727,29.90999984741211,14.571352005004883,6957100,SO
2009-06-12,29.940000534057617,30.799999237060547,29.610000610351562,30.549999237060547,14.883147239685059,5345800,SO
2009-06-15,30.309999465942383,30.530000686645508,29.940000534057617,30.139999389648438,14.683402061462402,5259100,SO
2009-06-16,30.219999313354492,30.350000381469727,29.959999084472656,30.1200008392334,14.67365837097168,3860400,SO
2009-06-17,30.1299991607666,30.690000534057617,30.1299991607666,30.3700008392334,14.795452117919922,4395400,SO
2009-06-18,30.459999084472656,31.170000076293945,30.34000015258789,31.09000015258789,15.146217346191406,4414600,SO
2009-06-19,31.290000915527344,31.399999618530273,30.549999237060547,30.610000610351562,14.912378311157227,5440400,SO
2009-06-22,30.440000534057617,31.299999237060547,30.200000762939453,31.06999969482422,15.136472702026367,4810400,SO
2009-06-23,31.049999237060547,31.209999084472656,30.719999313354492,31.100000381469727,15.151091575622559,5734100,SO
2009-06-24,31.209999084472656,31.459999084472656,31.079999923706055,31.299999237060547,15.248520851135254,4346700,SO
2009-06-25,31.25,31.81999969482422,30.90999984741211,31.780000686645508,15.4823637008667,5050000,SO
2009-06-26,31.760000228881836,32.04999923706055,31.510000228881836,31.899999618530273,15.5408353805542,5008400,SO
2009-06-29,31.940000534057617,31.940000534057617,31.469999313354492,31.860000610351562,15.521347999572754,3957100,SO
2009-06-30,31.110000610351562,31.399999618530273,30.549999237060547,31.15999984741211,15.180319786071777,8228700,SO
2009-07-01,31.190000534057617,31.549999237060547,31.1299991607666,31.520000457763672,15.355701446533203,4096500,SO
2009-07-02,31.43000030517578,31.450000762939453,31.010000228881836,31.010000228881836,15.107245445251465,4702800,SO
2009-07-06,31.18000030517578,31.940000534057617,31.030000686645508,31.670000076293945,15.4287748336792,5539800,SO
2009-07-07,31.579999923706055,31.579999923706055,31.06999969482422,31.079999923706055,15.141350746154785,3218400,SO
2009-07-08,31.139999389648438,31.40999984741211,30.649999618530273,30.920000076293945,15.063399314880371,4477100,SO
2009-07-09,31.059999465942383,31.059999465942383,30.469999313354492,30.770000457763672,14.990320205688477,3944000,SO
2009-07-10,30.68000030517578,30.8700008392334,30.270000457763672,30.700000762939453,14.956216812133789,2795500,SO
2009-07-13,30.700000762939453,30.899999618530273,30.3799991607666,30.719999313354492,14.96596908569336,6403100,SO
2009-07-14,30.700000762939453,30.84000015258789,30.420000076293945,30.84000015258789,15.024422645568848,4495900,SO
2009-07-15,30.760000228881836,31.549999237060547,30.760000228881836,31.530000686645508,15.360572814941406,5636200,SO
2009-07-16,31.420000076293945,31.899999618530273,31.229999542236328,31.799999237060547,15.492109298706055,3117800,SO
2009-07-17,31.729999542236328,31.829999923706055,31.329999923706055,31.479999542236328,15.33621597290039,3670700,SO
2009-07-20,31.690000534057617,31.790000915527344,31.290000915527344,31.790000915527344,15.487238883972168,3666300,SO
2009-07-21,31.8700008392334,32.0,31.610000610351562,31.93000030517578,15.55544662475586,4666000,SO
2009-07-22,31.799999237060547,32.09000015258789,31.709999084472656,31.780000686645508,15.4823637008667,3428500,SO
2009-07-23,31.75,32.400001525878906,31.690000534057617,32.29999923706055,15.735695838928223,5186600,SO
2009-07-24,32.22999954223633,32.650001525878906,32.22999954223633,32.630001068115234,15.896461486816406,3886700,SO
2009-07-27,32.63999938964844,32.66999816894531,32.099998474121094,32.619998931884766,15.89159107208252,2551900,SO
2009-07-28,32.58000183105469,32.599998474121094,31.84000015258789,32.0,15.58955192565918,5377700,SO
2009-07-29,32.04999923706055,32.31999969482422,31.34000015258789,31.809999465942383,15.496979713439941,7564200,SO
2009-07-30,31.65999984741211,32.040000915527344,31.469999313354492,31.850000381469727,15.733104705810547,5472300,SO
2009-07-31,31.780000686645508,31.829999923706055,31.34000015258789,31.399999618530273,15.510807991027832,5726500,SO
2009-08-03,31.579999923706055,31.579999923706055,31.030000686645508,31.260000228881836,15.441658973693848,5109800,SO
2009-08-04,31.18000030517578,31.43000030517578,31.09000015258789,31.350000381469727,15.486112594604492,4369300,SO
2009-08-05,31.3799991607666,31.479999542236328,31.049999237060547,31.239999771118164,15.431779861450195,3321500,SO
2009-08-06,31.200000762939453,31.40999984741211,30.920000076293945,31.309999465942383,15.466361999511719,4661200,SO
2009-08-07,31.440000534057617,31.6299991607666,31.110000610351562,31.510000228881836,15.56515121459961,3364300,SO
2009-08-10,31.34000015258789,31.420000076293945,31.030000686645508,31.34000015258789,15.481178283691406,2788000,SO
2009-08-11,31.200000762939453,31.34000015258789,31.09000015258789,31.229999542236328,15.426834106445312,2032900,SO
2009-08-12,31.15999984741211,31.6299991607666,31.020000457763672,31.40999984741211,15.515752792358398,3948600,SO
2009-08-13,31.440000534057617,31.600000381469727,31.18000030517578,31.3700008392334,15.49599552154541,3515500,SO
2009-08-14,31.329999923706055,31.489999771118164,31.06999969482422,31.469999313354492,15.545390129089355,2190200,SO
2009-08-17,31.280000686645508,31.3799991607666,30.969999313354492,31.079999923706055,15.352746963500977,3049000,SO
2009-08-18,31.190000534057617,31.190000534057617,30.799999237060547,30.889999389648438,15.25888729095459,2506600,SO
2009-08-19,30.760000228881836,31.200000762939453,30.760000228881836,31.100000381469727,15.362621307373047,3832700,SO
2009-08-20,31.170000076293945,31.350000381469727,31.020000457763672,31.350000381469727,15.486112594604492,3118900,SO
2009-08-21,31.459999084472656,31.649999618530273,30.940000534057617,31.510000228881836,15.56515121459961,7556300,SO
2009-08-24,31.530000686645508,31.639999389648438,31.350000381469727,31.579999923706055,15.599726676940918,2680700,SO
2009-08-25,31.610000610351562,31.68000030517578,31.43000030517578,31.530000686645508,15.575029373168945,4248900,SO
2009-08-26,31.56999969482422,31.75,31.43000030517578,31.6299991607666,15.624428749084473,2975100,SO
2009-08-27,31.65999984741211,31.690000534057617,31.440000534057617,31.559999465942383,15.589849472045898,3608200,SO
2009-08-28,31.670000076293945,31.670000076293945,31.31999969482422,31.579999923706055,15.599726676940918,3022000,SO
2009-08-31,31.459999084472656,31.56999969482422,31.139999389648438,31.200000762939453,15.412018775939941,4782000,SO
2009-09-01,31.15999984741211,31.40999984741211,31.0,31.1200008392334,15.372504234313965,4950300,SO
2009-09-02,31.06999969482422,31.139999389648438,30.719999313354492,31.06999969482422,15.347801208496094,4600400,SO
2009-09-03,31.139999389648438,31.280000686645508,30.729999542236328,31.1299991607666,15.377436637878418,3546200,SO
2009-09-04,31.100000381469727,31.450000762939453,30.920000076293945,31.420000076293945,15.5206937789917,3425300,SO
2009-09-08,31.600000381469727,31.739999771118164,31.31999969482422,31.440000534057617,15.530574798583984,4701200,SO
2009-09-09,31.489999771118164,31.510000228881836,31.06999969482422,31.149999618530273,15.387316703796387,3310100,SO
2009-09-10,31.100000381469727,31.329999923706055,30.90999984741211,31.209999084472656,15.416955947875977,4262900,SO
2009-09-11,31.200000762939453,31.3799991607666,30.979999542236328,31.030000686645508,15.328045845031738,3951700,SO
2009-09-14,30.979999542236328,31.530000686645508,30.979999542236328,31.520000457763672,15.570085525512695,3433700,SO
2009-09-15,31.540000915527344,31.969999313354492,31.389999389648438,31.959999084472656,15.787440299987793,5599900,SO
2009-09-16,32.0,32.34000015258789,31.649999618530273,32.15999984741211,15.886229515075684,5007400,SO
2009-09-17,32.08000183105469,32.220001220703125,31.8799991607666,32.06999969482422,15.841776847839355,4459600,SO
2009-09-18,32.27000045776367,32.31999969482422,32.029998779296875,32.029998779296875,15.822022438049316,5836400,SO
2009-09-21,31.969999313354492,32.16999816894531,31.899999618530273,32.040000915527344,15.826959609985352,2713800,SO
2009-09-22,32.150001525878906,32.150001525878906,31.670000076293945,31.790000915527344,15.703461647033691,3258500,SO
2009-09-23,31.75,32.25,31.700000762939453,31.809999465942383,15.713343620300293,4093200,SO
2009-09-24,31.8799991607666,32.150001525878906,31.760000228881836,31.93000030517578,15.772625923156738,3907400,SO
2009-09-25,31.889999389648438,32.09000015258789,31.649999618530273,31.899999618530273,15.757804870605469,4018500,SO
2009-09-28,31.950000762939453,32.13999938964844,31.8799991607666,31.969999313354492,15.792383193969727,2670800,SO
2009-09-29,32.09000015258789,32.09000015258789,31.690000534057617,31.969999313354492,15.792383193969727,2421700,SO
2009-09-30,31.969999313354492,32.0,31.530000686645508,31.670000076293945,15.644186019897461,4978700,SO
2009-10-01,31.809999465942383,31.93000030517578,31.559999465942383,31.670000076293945,15.644186019897461,6534700,SO
2009-10-02,31.709999084472656,31.850000381469727,31.510000228881836,31.729999542236328,15.673820495605469,4006000,SO
2009-10-05,31.8799991607666,31.8799991607666,31.5,31.729999542236328,15.673820495605469,3444000,SO
2009-10-06,31.770000457763672,31.889999389648438,31.520000457763672,31.889999389648438,15.752864837646484,3201500,SO
2009-10-07,32.060001373291016,32.060001373291016,31.65999984741211,31.829999923706055,15.723227500915527,3078500,SO
2009-10-08,31.889999389648438,31.969999313354492,31.770000457763672,31.81999969482422,15.718287467956543,2532900,SO
2009-10-09,31.81999969482422,31.8799991607666,31.75,31.84000015258789,15.728165626525879,2639700,SO
2009-10-12,31.899999618530273,32.0,31.780000686645508,31.920000076293945,15.767681121826172,2276900,SO
2009-10-13,31.8799991607666,31.920000076293945,31.729999542236328,31.75,15.68370246887207,3013500,SO
2009-10-14,31.959999084472656,31.959999084472656,31.649999618530273,31.850000381469727,15.733104705810547,2978300,SO
2009-10-15,31.850000381469727,32.11000061035156,31.790000915527344,32.11000061035156,15.861533164978027,4029500,SO
2009-10-16,32.0,32.599998474121094,31.899999618530273,32.5,16.054187774658203,5242200,SO
2009-10-19,32.5099983215332,33.349998474121094,32.29999923706055,33.27000045776367,16.434547424316406,6403700,SO
2009-10-20,33.33000183105469,33.34000015258789,32.93000030517578,33.209999084472656,16.404903411865234,6283100,SO
2009-10-21,33.20000076293945,33.779998779296875,33.150001525878906,33.47999954223633,16.538280487060547,6777600,SO
2009-10-22,33.52000045776367,33.599998474121094,33.060001373291016,33.279998779296875,16.43948745727539,4550700,SO
2009-10-23,33.2599983215332,33.349998474121094,32.540000915527344,32.66999816894531,16.13815689086914,4717300,SO
2009-10-26,32.75,33.150001525878906,32.349998474121094,32.58000183105469,16.093706130981445,5120000,SO
2009-10-27,32.61000061035156,32.93000030517578,32.529998779296875,32.650001525878906,16.12828254699707,4287200,SO
2009-10-28,32.65999984741211,33.119998931884766,32.439998626708984,32.529998779296875,16.069007873535156,8739400,SO
2009-10-29,32.34000015258789,32.34000015258789,31.399999618530273,31.709999084472656,15.877734184265137,6396600,SO
2009-10-30,31.68000030517578,31.709999084472656,31.1299991607666,31.190000534057617,15.617363929748535,7670700,SO
2009-11-02,31.299999237060547,31.5,30.93000030517578,31.040000915527344,15.542250633239746,6231100,SO
2009-11-03,30.959999084472656,31.139999389648438,30.889999389648438,30.989999771118164,15.517220497131348,3553800,SO
2009-11-04,31.030000686645508,31.5,30.989999771118164,31.190000534057617,15.617363929748535,4818900,SO
2009-11-05,31.3700008392334,31.520000457763672,31.200000762939453,31.5,15.772581100463867,3502300,SO
2009-11-06,31.360000610351562,31.6200008392334,31.25,31.59000015258789,15.817646980285645,3150900,SO
2009-11-09,31.520000457763672,32.119998931884766,31.520000457763672,32.09000015258789,16.06800651550293,3420900,SO
2009-11-10,31.969999313354492,32.34000015258789,31.850000381469727,32.20000076293945,16.123085021972656,3995600,SO
2009-11-11,32.29999923706055,32.36000061035156,31.889999389648438,31.969999313354492,16.007917404174805,5293300,SO
2009-11-12,31.989999771118164,32.02000045776367,31.520000457763672,31.59000015258789,15.817646980285645,4319200,SO
2009-11-13,31.59000015258789,31.899999618530273,31.520000457763672,31.579999923706055,15.812637329101562,4665200,SO
2009-11-16,31.670000076293945,31.93000030517578,31.65999984741211,31.899999618530273,15.972869873046875,4811900,SO
2009-11-17,31.959999084472656,32.029998779296875,31.75,31.770000457763672,15.907776832580566,3076400,SO
2009-11-18,31.75,31.950000762939453,31.530000686645508,31.719999313354492,15.882741928100586,4077700,SO
2009-11-19,31.700000762939453,31.780000686645508,31.40999984741211,31.489999771118164,15.767576217651367,4433000,SO
2009-11-20,31.5,31.56999969482422,31.329999923706055,31.399999618530273,15.722508430480957,6189300,SO
2009-11-23,31.68000030517578,32.029998779296875,31.5,31.850000381469727,15.947834968566895,4237100,SO
2009-11-24,31.899999618530273,31.989999771118164,31.700000762939453,31.979999542236328,16.012924194335938,5150400,SO
2009-11-25,31.959999084472656,32.08000183105469,31.719999313354492,32.029998779296875,16.037965774536133,4821000,SO
2009-11-27,31.860000610351562,31.959999084472656,31.399999618530273,31.610000610351562,15.827666282653809,3345300,SO
2009-11-30,31.6200008392334,32.150001525878906,31.600000381469727,32.09000015258789,16.06800651550293,8913700,SO
2009-12-01,32.2599983215332,32.5,32.150001525878906,32.40999984741211,16.228235244750977,6120400,SO
2009-12-02,32.41999816894531,32.689998626708984,32.40999984741211,32.63999938964844,16.343399047851562,7400600,SO
2009-12-03,32.68000030517578,33.369998931884766,32.54999923706055,33.130001068115234,16.588747024536133,5877500,SO
2009-12-04,33.13999938964844,33.38999938964844,32.540000915527344,32.83000183105469,16.43853187561035,7893700,SO
2009-12-07,32.900001525878906,33.310001373291016,32.790000915527344,33.0099983215332,16.52865982055664,6437200,SO
2009-12-08,33.02000045776367,33.25,32.75,33.16999816894531,16.608776092529297,5084800,SO
2009-12-09,33.25,33.58000183105469,33.150001525878906,33.58000183105469,16.814077377319336,5370700,SO
2009-12-10,33.470001220703125,33.91999816894531,33.470001220703125,33.779998779296875,16.91421127319336,5161900,SO
2009-12-11,33.849998474121094,34.2599983215332,33.75,34.220001220703125,17.134531021118164,4933200,SO
2009-12-14,34.470001220703125,34.470001220703125,34.0,34.16999816894531,17.109493255615234,3242100,SO
2009-12-15,34.119998931884766,34.220001220703125,33.77000045776367,34.099998474121094,17.07444953918457,3489300,SO
2009-12-16,34.08000183105469,34.290000915527344,33.5099983215332,33.880001068115234,16.964290618896484,3821200,SO
2009-12-17,33.939998626708984,33.939998626708984,33.40999984741211,33.5,16.774019241333008,5488700,SO
2009-12-18,33.560001373291016,33.83000183105469,33.470001220703125,33.790000915527344,16.919231414794922,5245700,SO
2009-12-21,33.79999923706055,34.02000045776367,33.709999084472656,33.7400016784668,16.89418601989746,3065600,SO
2009-12-22,33.849998474121094,33.939998626708984,33.36000061035156,33.400001525878906,16.723949432373047,3091400,SO
2009-12-23,33.45000076293945,33.59000015258789,33.189998626708984,33.290000915527344,16.668869018554688,3912300,SO
2009-12-24,33.29999923706055,33.54999923706055,33.22999954223633,33.45000076293945,16.748985290527344,1326900,SO
2009-12-28,33.43000030517578,33.59000015258789,33.310001373291016,33.439998626708984,16.74397087097168,2448600,SO
2009-12-29,33.47999954223633,33.59000015258789,33.38999938964844,33.52000045776367,16.78403091430664,1789000,SO
2009-12-30,33.41999816894531,33.70000076293945,33.33000183105469,33.68000030517578,16.864145278930664,2063800,SO
2009-12-31,33.619998931884766,33.75,33.189998626708984,33.31999969482422,16.683887481689453,3235300,SO
2010-01-04,33.43000030517578,33.560001373291016,33.16999816894531,33.25,16.648832321166992,5119300,SO
2010-01-05,33.349998474121094,33.349998474121094,32.5,32.58000183105469,16.3133544921875,4948100,SO
2010-01-06,32.68000030517578,33.209999084472656,32.560001373291016,33.040000915527344,16.543685913085938,5061700,SO
2010-01-07,33.09000015258789,33.09000015258789,32.630001068115234,32.900001525878906,16.473594665527344,3481100,SO
2010-01-08,32.91999816894531,32.91999816894531,32.599998474121094,32.83000183105469,16.43853187561035,3513800,SO
2010-01-11,33.029998779296875,33.31999969482422,32.86000061035156,33.2599983215332,16.653844833374023,3609500,SO
2010-01-12,33.220001220703125,33.43000030517578,33.0,33.04999923706055,16.54869270324707,4354600,SO
2010-01-13,33.209999084472656,33.61000061035156,33.11000061035156,33.52000045776367,16.78403091430664,4961300,SO
2010-01-14,33.4900016784668,33.5099983215332,33.27000045776367,33.439998626708984,16.74397087097168,2654200,SO
2010-01-15,33.150001525878906,33.36000061035156,32.93000030517578,33.34000015258789,16.69390106201172,7412400,SO
2010-01-19,33.38999938964844,33.650001525878906,33.099998474121094,33.650001525878906,16.849124908447266,4693100,SO
2010-01-20,33.5099983215332,33.540000915527344,33.13999938964844,33.43000030517578,16.738964080810547,8748000,SO
2010-01-21,33.4900016784668,33.72999954223633,33.0099983215332,33.150001525878906,16.59876823425293,4380800,SO
2010-01-22,33.130001068115234,33.349998474121094,32.52000045776367,32.540000915527344,16.29332733154297,5910100,SO
2010-01-25,32.790000915527344,32.91999816894531,32.43000030517578,32.79999923706055,16.423511505126953,4476600,SO
2010-01-26,32.779998779296875,33.11000061035156,32.599998474121094,32.970001220703125,16.508638381958008,5362200,SO
2010-01-27,32.91999816894531,33.22999954223633,32.11000061035156,32.90999984741211,16.478595733642578,9757100,SO
2010-01-28,32.41999816894531,32.58000183105469,31.940000534057617,31.950000762939453,16.21369171142578,5068900,SO
2010-01-29,32.060001373291016,32.20000076293945,31.850000381469727,32.0,16.23906707763672,5421300,SO
2010-02-01,32.09000015258789,32.13999938964844,31.75,32.0,16.23906707763672,3769100,SO
2010-02-02,31.979999542236328,32.16999816894531,31.709999084472656,32.150001525878906,16.3151912689209,4712400,SO
2010-02-03,32.0,32.13999938964844,31.850000381469727,32.0,16.23906707763672,3143100,SO
2010-02-04,31.889999389648438,32.029998779296875,31.579999923706055,31.579999923706055,16.025930404663086,4895000,SO
2010-02-05,31.56999969482422,31.739999771118164,31.309999465942383,31.700000762939453,16.086828231811523,7399800,SO
2010-02-08,31.690000534057617,31.709999084472656,31.100000381469727,31.1299991607666,15.79757022857666,3802600,SO
2010-02-09,31.280000686645508,31.600000381469727,31.15999984741211,31.290000915527344,15.878762245178223,4218000,SO
2010-02-10,31.290000915527344,31.360000610351562,31.010000228881836,31.280000686645508,15.873687744140625,3165800,SO
2010-02-11,31.190000534057617,31.3799991607666,30.850000381469727,31.31999969482422,15.893987655639648,3605200,SO
2010-02-12,31.09000015258789,31.270000457763672,30.989999771118164,31.170000076293945,15.817870140075684,6222500,SO
2010-02-16,31.530000686645508,31.920000076293945,31.010000228881836,31.8799991607666,16.17816925048828,3797300,SO
2010-02-17,32.02000045776367,32.099998474121094,31.579999923706055,31.639999389648438,16.056381225585938,3320700,SO
2010-02-18,31.579999923706055,31.8700008392334,31.579999923706055,31.809999465942383,16.14264678955078,2976400,SO
2010-02-19,31.739999771118164,32.349998474121094,31.729999542236328,32.290000915527344,16.386228561401367,4247500,SO
2010-02-22,32.40999984741211,32.4900016784668,32.209999084472656,32.34000015258789,16.411605834960938,3799400,SO
2010-02-23,32.33000183105469,32.45000076293945,32.02000045776367,32.02000045776367,16.24921989440918,4049500,SO
2010-02-24,32.040000915527344,32.220001220703125,31.729999542236328,32.130001068115234,16.305042266845703,3603200,SO
2010-02-25,31.93000030517578,32.029998779296875,31.59000015258789,32.0099983215332,16.244138717651367,3895700,SO
2010-02-26,32.06999969482422,32.09000015258789,31.75,31.770000457763672,16.12235450744629,3852100,SO
2010-03-01,31.889999389648438,32.130001068115234,31.829999923706055,32.060001373291016,16.26951789855957,2971100,SO
2010-03-02,32.20000076293945,32.369998931884766,32.02000045776367,32.22999954223633,16.355789184570312,3216800,SO
2010-03-03,32.33000183105469,32.369998931884766,32.0099983215332,32.18000030517578,16.33041763305664,3455100,SO
2010-03-04,32.18000030517578,32.31999969482422,32.0,32.290000915527344,16.386228561401367,3264100,SO
2010-03-05,32.099998474121094,32.2400016784668,32.029998779296875,32.220001220703125,16.3507137298584,5062900,SO
2010-03-08,32.4900016784668,32.4900016784668,32.22999954223633,32.349998474121094,16.41668128967285,3070100,SO
2010-03-09,32.380001068115234,32.40999984741211,32.08000183105469,32.310001373291016,16.396385192871094,10894400,SO
2010-03-10,32.31999969482422,32.45000076293945,32.150001525878906,32.36000061035156,16.4217586517334,3721100,SO
2010-03-11,32.2599983215332,32.5,32.22999954223633,32.5,16.492801666259766,2547900,SO
2010-03-12,32.52000045776367,32.540000915527344,32.2599983215332,32.47999954223633,16.482650756835938,3238000,SO
2010-03-15,32.52000045776367,32.88999938964844,32.470001220703125,32.86000061035156,16.675487518310547,3353700,SO
2010-03-16,32.86000061035156,33.27000045776367,32.689998626708984,33.209999084472656,16.853105545043945,4859400,SO
2010-03-17,33.2400016784668,33.45000076293945,33.11000061035156,33.45000076293945,16.97490119934082,3424600,SO
2010-03-18,33.400001525878906,33.459999084472656,33.25,33.380001068115234,16.93937110900879,3375900,SO
2010-03-19,33.18000030517578,33.5,33.130001068115234,33.18000030517578,16.837879180908203,8063000,SO
2010-03-22,33.18000030517578,33.290000915527344,33.040000915527344,33.11000061035156,16.80236053466797,3480300,SO
2010-03-23,33.150001525878906,33.349998474121094,33.0099983215332,33.349998474121094,16.924150466918945,4174100,SO
2010-03-24,33.33000183105469,33.33000183105469,33.0099983215332,33.029998779296875,16.761762619018555,2922400,SO
2010-03-25,33.18000030517578,33.22999954223633,32.849998474121094,33.0099983215332,16.751611709594727,3877800,SO
2010-03-26,33.02000045776367,33.29999923706055,32.939998626708984,33.099998474121094,16.797283172607422,2678400,SO
2010-03-29,33.11000061035156,33.349998474121094,33.11000061035156,33.34000015258789,16.91908073425293,2640100,SO
2010-03-30,33.38999938964844,33.45000076293945,33.04999923706055,33.209999084472656,16.853105545043945,3324300,SO
2010-03-31,33.150001525878906,33.25,33.0,33.15999984741211,16.82773208618164,2740600,SO
2010-04-01,33.290000915527344,33.45000076293945,33.20000076293945,33.41999816894531,16.959671020507812,2661500,SO
2010-04-05,33.5099983215332,33.52000045776367,33.310001373291016,33.4900016784668,16.995197296142578,2126800,SO
2010-04-06,33.380001068115234,33.880001068115234,33.29999923706055,33.880001068115234,17.193115234375,3050600,SO
2010-04-07,33.790000915527344,33.81999969482422,33.5,33.560001373291016,17.030723571777344,3302600,SO
2010-04-08,33.47999954223633,33.58000183105469,33.349998474121094,33.5099983215332,17.005346298217773,2773400,SO
2010-04-09,33.61000061035156,33.93000030517578,33.31999969482422,33.93000030517578,17.21848487854004,3197200,SO
2010-04-12,33.90999984741211,33.9900016784668,33.849998474121094,33.95000076293945,17.228639602661133,2429000,SO
2010-04-13,33.88999938964844,33.970001220703125,33.720001220703125,33.90999984741211,17.208337783813477,3045000,SO
2010-04-14,33.79999923706055,34.0,33.70000076293945,33.9900016784668,17.248933792114258,3038900,SO
2010-04-15,33.88999938964844,33.959999084472656,33.70000076293945,33.95000076293945,17.228639602661133,2774400,SO
2010-04-16,33.93000030517578,33.9900016784668,33.7599983215332,33.869998931884766,17.188034057617188,4463400,SO
2010-04-19,33.90999984741211,34.20000076293945,33.810001373291016,34.09000015258789,17.2996768951416,3428600,SO
2010-04-20,34.2400016784668,34.439998626708984,34.209999084472656,34.400001525878906,17.45699691772461,2881600,SO
2010-04-21,34.41999816894531,34.54999923706055,34.31999969482422,34.45000076293945,17.48236846923828,3076800,SO
2010-04-22,34.2599983215332,34.59000015258789,34.150001525878906,34.54999923706055,17.533117294311523,3319700,SO
2010-04-23,34.599998474121094,34.72999954223633,34.310001373291016,34.72999954223633,17.624462127685547,3459200,SO
2010-04-26,34.779998779296875,35.16999816894531,34.70000076293945,34.869998931884766,17.695499420166016,5202400,SO
2010-04-27,34.9900016784668,35.20000076293945,34.439998626708984,34.5,17.507741928100586,5196700,SO
2010-04-28,34.970001220703125,35.45000076293945,34.709999084472656,35.2599983215332,17.893417358398438,9756900,SO
2010-04-29,34.84000015258789,34.84000015258789,34.5,34.63999938964844,17.808595657348633,6296800,SO
2010-04-30,34.66999816894531,35.029998779296875,34.54999923706055,34.560001373291016,17.767467498779297,6479700,SO
2010-05-03,34.75,34.84000015258789,34.5099983215332,34.61000061035156,17.793167114257812,5212500,SO
2010-05-04,34.459999084472656,34.619998931884766,34.220001220703125,34.31999969482422,17.64408302307129,5907400,SO
2010-05-05,34.25,34.849998474121094,34.02000045776367,34.02000045776367,17.489843368530273,7230300,SO
2010-05-06,34.0099983215332,34.150001525878906,32.040000915527344,33.47999954223633,17.21223258972168,13046900,SO
2010-05-07,33.56999969482422,34.27000045776367,33.31999969482422,33.91999816894531,17.438432693481445,14377500,SO
2010-05-10,34.68000030517578,34.97999954223633,34.5,34.869998931884766,17.926836013793945,5961600,SO
2010-05-11,34.689998626708984,35.099998474121094,34.56999969482422,34.880001068115234,17.931982040405273,5170100,SO
2010-05-12,34.81999969482422,35.099998474121094,34.709999084472656,35.060001373291016,18.02452278137207,3646500,SO
2010-05-13,34.970001220703125,35.029998779296875,34.58000183105469,34.630001068115234,17.803451538085938,4665400,SO
2010-05-14,34.52000045776367,34.77000045776367,34.310001373291016,34.470001220703125,17.7211971282959,3821700,SO
2010-05-17,34.619998931884766,34.7400016784668,34.16999816894531,34.630001068115234,17.803451538085938,3470000,SO
2010-05-18,34.7400016784668,34.79999923706055,34.13999938964844,34.27000045776367,17.618377685546875,5314400,SO
2010-05-19,34.189998626708984,34.310001373291016,33.779998779296875,33.93000030517578,17.443586349487305,5971800,SO
2010-05-20,33.5099983215332,33.970001220703125,33.369998931884766,33.40999984741211,17.176239013671875,11055600,SO
2010-05-21,33.08000183105469,33.619998931884766,33.0099983215332,33.619998931884766,17.284215927124023,6904200,SO
2010-05-24,33.439998626708984,33.599998474121094,33.060001373291016,33.11000061035156,17.02202033996582,6329400,SO
2010-05-25,32.86000061035156,33.06999969482422,32.45000076293945,32.9900016784668,16.9603214263916,6889300,SO
2010-05-26,33.20000076293945,33.20000076293945,32.540000915527344,32.66999816894531,16.795808792114258,8774700,SO
2010-05-27,33.0,33.09000015258789,32.720001220703125,32.91999816894531,16.924333572387695,5475400,SO
2010-05-28,33.0,33.06999969482422,32.619998931884766,32.70000076293945,16.811233520507812,7506200,SO
2010-06-01,32.56999969482422,32.7599983215332,32.2599983215332,32.27000045776367,16.590166091918945,6616300,SO
2010-06-02,32.470001220703125,32.709999084472656,32.22999954223633,32.689998626708984,16.80608558654785,5779100,SO
2010-06-03,32.630001068115234,33.0,32.630001068115234,32.83000183105469,16.878063201904297,4789400,SO
2010-06-04,32.61000061035156,32.61000061035156,32.040000915527344,32.130001068115234,16.51819610595703,7466100,SO
2010-06-07,32.790000915527344,32.790000915527344,32.25,32.279998779296875,16.59530258178711,5066600,SO
2010-06-08,32.369998931884766,32.849998474121094,32.130001068115234,32.84000015258789,16.883203506469727,5628000,SO
2010-06-09,32.88999938964844,32.88999938964844,32.470001220703125,32.56999969482422,16.74439239501953,3925900,SO
2010-06-10,32.869998931884766,33.040000915527344,32.689998626708984,33.02000045776367,16.975744247436523,4602300,SO
2010-06-11,32.7599983215332,33.029998779296875,32.59000015258789,33.029998779296875,16.980886459350586,3565800,SO
2010-06-14,33.25,33.349998474121094,33.04999923706055,33.16999816894531,17.05286407470703,3420600,SO
2010-06-15,33.400001525878906,33.720001220703125,33.27000045776367,33.709999084472656,17.330476760864258,2718000,SO
2010-06-16,33.56999969482422,33.86000061035156,33.47999954223633,33.86000061035156,17.407594680786133,3171100,SO
2010-06-17,33.90999984741211,34.09000015258789,33.66999816894531,34.02000045776367,17.489843368530273,3753700,SO
2010-06-18,34.08000183105469,34.189998626708984,33.95000076293945,34.11000061035156,17.536113739013672,4646100,SO
2010-06-21,34.25,34.36000061035156,33.810001373291016,33.91999816894531,17.438432693481445,3692100,SO
2010-06-22,33.900001525878906,34.060001373291016,33.5099983215332,33.540000915527344,17.243080139160156,4921600,SO
2010-06-23,33.56999969482422,33.630001068115234,33.189998626708984,33.34000015258789,17.140260696411133,3432400,SO
2010-06-24,33.290000915527344,33.689998626708984,33.25,33.29999923706055,17.119691848754883,4291700,SO
2010-06-25,33.380001068115234,33.41999816894531,33.099998474121094,33.279998779296875,17.10940933227539,5234500,SO
2010-06-28,33.41999816894531,33.959999084472656,33.290000915527344,33.810001373291016,17.381887435913086,4107000,SO
2010-06-29,33.560001373291016,33.75,33.27000045776367,33.63999938964844,17.294485092163086,5505300,SO
2010-06-30,33.66999816894531,33.720001220703125,33.18000030517578,33.279998779296875,17.10940933227539,4567200,SO
2010-07-01,33.33000183105469,33.43000030517578,33.0,33.369998931884766,17.155685424804688,5057400,SO
2010-07-02,33.4900016784668,33.650001525878906,33.29999923706055,33.380001068115234,17.16082000732422,4491700,SO
2010-07-06,33.58000183105469,33.599998474121094,33.25,33.5,17.22251319885254,8049700,SO
2010-07-07,33.529998779296875,34.56999969482422,33.43000030517578,34.529998779296875,17.75204086303711,6020200,SO
2010-07-08,34.4900016784668,34.560001373291016,34.2400016784668,34.52000045776367,17.74690055847168,4398000,SO
2010-07-09,34.54999923706055,34.75,34.380001068115234,34.709999084472656,17.844579696655273,3172700,SO
2010-07-12,34.56999969482422,34.79999923706055,34.470001220703125,34.779998779296875,17.88056182861328,3336300,SO
2010-07-13,34.849998474121094,34.97999954223633,34.720001220703125,34.88999938964844,17.93712043762207,3396700,SO
2010-07-14,34.81999969482422,34.95000076293945,34.619998931884766,34.90999984741211,17.947402954101562,2854700,SO
2010-07-15,34.93000030517578,35.09000015258789,34.79999923706055,35.02000045776367,18.003952026367188,7236800,SO
2010-07-16,34.849998474121094,35.130001068115234,34.7599983215332,34.779998779296875,17.88056182861328,4914000,SO
2010-07-19,34.959999084472656,35.5,34.86000061035156,35.41999816894531,18.209596633911133,4410100,SO
2010-07-20,35.16999816894531,35.84000015258789,35.11000061035156,35.84000015258789,18.42551612854004,6615000,SO
2010-07-21,35.779998779296875,35.779998779296875,35.220001220703125,35.369998931884766,18.183889389038086,4538000,SO
2010-07-22,35.56999969482422,35.84000015258789,35.369998931884766,35.650001525878906,18.327850341796875,4046100,SO
2010-07-23,35.58000183105469,35.900001525878906,35.4900016784668,35.88999938964844,18.451229095458984,3292600,SO
2010-07-26,35.689998626708984,36.099998474121094,35.689998626708984,36.08000183105469,18.548908233642578,3216300,SO
2010-07-27,36.279998779296875,36.779998779296875,36.09000015258789,36.72999954223633,18.88307762145996,4951900,SO
2010-07-28,36.650001525878906,36.650001525878906,36.2599983215332,36.59000015258789,18.811100006103516,5459200,SO
2010-07-29,35.41999816894531,35.77000045776367,35.04999923706055,35.4900016784668,18.475330352783203,8191000,SO
2010-07-30,35.34000015258789,35.459999084472656,35.11000061035156,35.33000183105469,18.39203453063965,5692200,SO
2010-08-02,35.4900016784668,35.86000061035156,35.459999084472656,35.84000015258789,18.657529830932617,4687300,SO
2010-08-03,35.70000076293945,35.95000076293945,35.529998779296875,35.61000061035156,18.53779411315918,3966700,SO
2010-08-04,35.68000030517578,35.90999984741211,35.5,35.77000045776367,18.62108612060547,4309400,SO
2010-08-05,35.650001525878906,35.95000076293945,35.529998779296875,35.91999816894531,18.699169158935547,3139700,SO
2010-08-06,35.720001220703125,35.97999954223633,35.560001373291016,35.880001068115234,18.678354263305664,3837000,SO
2010-08-09,35.970001220703125,36.189998626708984,35.91999816894531,36.150001525878906,18.81890296936035,3904000,SO
2010-08-10,35.970001220703125,36.619998931884766,35.939998626708984,36.36000061035156,18.928226470947266,5753600,SO
2010-08-11,36.02000045776367,36.220001220703125,35.849998474121094,35.86000061035156,18.667938232421875,4801500,SO
2010-08-12,35.77000045776367,35.900001525878906,35.52000045776367,35.779998779296875,18.626293182373047,3659700,SO
2010-08-13,35.61000061035156,36.13999938964844,35.599998474121094,35.84000015258789,18.657529830932617,3408000,SO
2010-08-16,35.68000030517578,35.91999816894531,35.599998474121094,35.869998931884766,18.673141479492188,2898500,SO
2010-08-17,36.0,36.2400016784668,35.880001068115234,36.060001373291016,18.77206039428711,3431700,SO
2010-08-18,36.04999923706055,36.06999969482422,35.720001220703125,35.95000076293945,18.71478843688965,3915100,SO
2010-08-19,35.849998474121094,35.880001068115234,35.279998779296875,35.4900016784668,18.475330352783203,3904600,SO
2010-08-20,35.189998626708984,35.86000061035156,35.189998626708984,35.779998779296875,18.626293182373047,4357800,SO
2010-08-23,35.84000015258789,36.2599983215332,35.81999969482422,35.880001068115234,18.678354263305664,4687900,SO
2010-08-24,35.75,36.56999969482422,35.70000076293945,36.41999816894531,18.95945930480957,5787500,SO
2010-08-25,36.290000915527344,36.41999816894531,35.970001220703125,36.279998779296875,18.88657569885254,4637300,SO
2010-08-26,36.31999969482422,36.40999984741211,36.0,36.13999938964844,18.813697814941406,2996400,SO
2010-08-27,36.290000915527344,37.0,36.2599983215332,36.970001220703125,19.24578094482422,6071200,SO
2010-08-30,36.810001373291016,36.81999969482422,36.52000045776367,36.52000045776367,19.011520385742188,3300700,SO
2010-08-31,36.5,36.72999954223633,36.27000045776367,36.689998626708984,19.100019454956055,4294000,SO
2010-09-01,36.84000015258789,36.939998626708984,36.619998931884766,36.900001525878906,19.2093448638916,8933300,SO
2010-09-02,36.880001068115234,36.900001525878906,36.540000915527344,36.84000015258789,19.178104400634766,3076700,SO
2010-09-03,36.86000061035156,37.0,36.630001068115234,36.9900016784668,19.256195068359375,3280900,SO
2010-09-07,36.970001220703125,37.22999954223633,36.900001525878906,36.900001525878906,19.2093448638916,3407400,SO
2010-09-08,36.959999084472656,37.15999984741211,36.86000061035156,36.959999084472656,19.240575790405273,2786600,SO
2010-09-09,37.130001068115234,37.27000045776367,36.959999084472656,37.130001068115234,19.32907485961914,2687000,SO
2010-09-10,37.0099983215332,37.130001068115234,36.849998474121094,37.11000061035156,19.31865882873535,2314500,SO
2010-09-13,37.25,37.34000015258789,37.060001373291016,37.25,19.391550064086914,2921100,SO
2010-09-14,37.130001068115234,37.43000030517578,37.06999969482422,37.220001220703125,19.37592887878418,2587300,SO
2010-09-15,37.2599983215332,37.33000183105469,37.060001373291016,37.15999984741211,19.344690322875977,3210400,SO
2010-09-16,37.150001525878906,37.16999816894531,36.849998474121094,37.0099983215332,19.2666072845459,3081500,SO
2010-09-17,37.15999984741211,37.189998626708984,36.88999938964844,37.060001373291016,19.292631149291992,4401300,SO
2010-09-20,37.09000015258789,37.5,37.029998779296875,37.470001220703125,19.506067276000977,3195600,SO
2010-09-21,37.40999984741211,37.41999816894531,37.040000915527344,37.189998626708984,19.360305786132812,4077800,SO
2010-09-22,37.220001220703125,37.59000015258789,37.130001068115234,37.470001220703125,19.506067276000977,3790800,SO
2010-09-23,37.380001068115234,37.400001525878906,36.91999816894531,37.0,19.26140022277832,3602800,SO
2010-09-24,37.22999954223633,37.599998474121094,37.16999816894531,37.4900016784668,19.516475677490234,3268100,SO
2010-09-27,37.4900016784668,37.72999954223633,37.380001068115234,37.52000045776367,19.532108306884766,2685700,SO
2010-09-28,37.650001525878906,37.650001525878906,37.31999969482422,37.52000045776367,19.532108306884766,3725200,SO
2010-09-29,37.47999954223633,37.47999954223633,37.25,37.41999816894531,19.480043411254883,3042800,SO
2010-09-30,37.45000076293945,37.56999969482422,37.18000030517578,37.2400016784668,19.38633918762207,4318500,SO
2010-10-01,37.31999969482422,37.38999938964844,37.099998474121094,37.13999938964844,19.33427619934082,4786700,SO
2010-10-04,37.150001525878906,37.41999816894531,37.13999938964844,37.40999984741211,19.47484016418457,3925400,SO
2010-10-05,37.61000061035156,37.790000915527344,37.470001220703125,37.790000915527344,19.67266082763672,3067000,SO
2010-10-06,37.88999938964844,37.88999938964844,37.54999923706055,37.7400016784668,19.64662742614746,2720900,SO
2010-10-07,37.72999954223633,37.869998931884766,37.68000030517578,37.790000915527344,19.67266082763672,2645900,SO
2010-10-08,37.779998779296875,37.869998931884766,37.52000045776367,37.709999084472656,19.631010055541992,2601700,SO
2010-10-11,37.54999923706055,37.779998779296875,37.470001220703125,37.540000915527344,19.542510986328125,2491000,SO
2010-10-12,37.54999923706055,37.61000061035156,37.29999923706055,37.4900016784668,19.516475677490234,2961900,SO
2010-10-13,37.61000061035156,37.630001068115234,37.400001525878906,37.5099983215332,19.526893615722656,3426300,SO
2010-10-14,37.38999938964844,37.70000076293945,37.38999938964844,37.54999923706055,19.54771614074707,3256300,SO
2010-10-15,37.65999984741211,37.790000915527344,37.5099983215332,37.68000030517578,19.615386962890625,3372100,SO
2010-10-18,37.720001220703125,37.9900016784668,37.650001525878906,37.95000076293945,19.75594711303711,3586100,SO
2010-10-19,37.7400016784668,37.9900016784668,37.72999954223633,37.869998931884766,19.714296340942383,3872000,SO
2010-10-20,37.90999984741211,38.2400016784668,37.84000015258789,38.0099983215332,19.78718376159668,3968400,SO
2010-10-21,38.13999938964844,38.279998779296875,37.959999084472656,38.130001068115234,19.849651336669922,7215000,SO
2010-10-22,38.18000030517578,38.47999954223633,38.13999938964844,38.31999969482422,19.948556900024414,9210700,SO
2010-10-25,38.439998626708984,38.619998931884766,38.150001525878906,38.18000030517578,19.875675201416016,7727300,SO
2010-10-26,38.189998626708984,38.400001525878906,38.029998779296875,38.279998779296875,19.92774200439453,3336000,SO
2010-10-27,38.119998931884766,38.310001373291016,37.77000045776367,38.29999923706055,19.938156127929688,5815000,SO
2010-10-28,37.970001220703125,37.970001220703125,37.58000183105469,37.810001373291016,19.919715881347656,3849600,SO
2010-10-29,37.66999816894531,37.900001525878906,37.59000015258789,37.869998931884766,19.95131492614746,4005900,SO
2010-11-01,37.93000030517578,38.040000915527344,37.41999816894531,37.58000183105469,19.798542022705078,3369400,SO
2010-11-02,37.7599983215332,38.040000915527344,37.650001525878906,37.97999954223633,20.009265899658203,3040000,SO
2010-11-03,38.09000015258789,38.09000015258789,37.66999816894531,37.90999984741211,19.972393035888672,3044000,SO
2010-11-04,38.119998931884766,38.470001220703125,37.95000076293945,38.45000076293945,20.25688362121582,4297900,SO
2010-11-05,38.369998931884766,38.47999954223633,38.2400016784668,38.470001220703125,20.267419815063477,2565100,SO
2010-11-08,38.22999954223633,38.369998931884766,37.9900016784668,38.31999969482422,20.18839454650879,2770700,SO
2010-11-09,38.29999923706055,38.38999938964844,38.150001525878906,38.25,20.151517868041992,3012000,SO
2010-11-10,38.20000076293945,38.20000076293945,37.880001068115234,37.970001220703125,20.004009246826172,3734500,SO
2010-11-11,37.79999923706055,38.290000915527344,37.79999923706055,38.2599983215332,20.15678596496582,3667300,SO
2010-11-12,38.220001220703125,38.220001220703125,37.810001373291016,38.09000015258789,20.067222595214844,3032700,SO
2010-11-15,38.130001068115234,38.439998626708984,38.130001068115234,38.33000183105469,20.193674087524414,2805500,SO
2010-11-16,38.11000061035156,38.34000015258789,38.0099983215332,38.130001068115234,20.088298797607422,5340700,SO
2010-11-17,38.220001220703125,38.2400016784668,37.7599983215332,37.90999984741211,19.972393035888672,3241700,SO
2010-11-18,38.119998931884766,38.16999816894531,37.7599983215332,38.029998779296875,20.03561782836914,3294900,SO
2010-11-19,38.029998779296875,38.130001068115234,37.75,38.06999969482422,20.056684494018555,2785100,SO
2010-11-22,38.119998931884766,38.33000183105469,37.900001525878906,38.22999954223633,20.1409854888916,3142400,SO
2010-11-23,38.029998779296875,38.099998474121094,37.75,37.959999084472656,19.998735427856445,2975900,SO
2010-11-24,38.08000183105469,38.09000015258789,37.849998474121094,38.0099983215332,20.02507972717285,1969800,SO
2010-11-26,37.88999938964844,38.029998779296875,37.70000076293945,37.83000183105469,19.930246353149414,1643600,SO
2010-11-29,37.66999816894531,37.7599983215332,37.349998474121094,37.54999923706055,19.782733917236328,3376700,SO
2010-11-30,37.33000183105469,37.81999969482422,37.31999969482422,37.720001220703125,19.872299194335938,3807300,SO
2010-12-01,38.029998779296875,38.349998474121094,37.91999816894531,38.22999954223633,20.1409854888916,3585200,SO
2010-12-02,38.290000915527344,38.290000915527344,37.97999954223633,38.08000183105469,20.061960220336914,3670200,SO
2010-12-03,37.97999954223633,38.22999954223633,37.79999923706055,38.119998931884766,20.08303451538086,4154000,SO
2010-12-06,38.029998779296875,38.20000076293945,38.0,38.08000183105469,20.061960220336914,2678900,SO
2010-12-07,38.310001373291016,38.349998474121094,37.849998474121094,37.88999938964844,19.961856842041016,2832700,SO
2010-12-08,37.970001220703125,38.0099983215332,37.43000030517578,37.58000183105469,19.798542022705078,4492400,SO
2010-12-09,37.599998474121094,37.9900016784668,37.5099983215332,37.93000030517578,19.982933044433594,3032400,SO
2010-12-10,37.959999084472656,38.08000183105469,37.7400016784668,37.81999969482422,19.924983978271484,2516700,SO
2010-12-13,37.810001373291016,38.0,37.79999923706055,37.900001525878906,19.96712875366211,2866600,SO
2010-12-14,37.849998474121094,37.97999954223633,37.77000045776367,37.86000061035156,19.94605827331543,3904200,SO
2010-12-15,37.81999969482422,37.900001525878906,37.650001525878906,37.70000076293945,19.86176109313965,3243800,SO
2010-12-16,37.81999969482422,37.880001068115234,37.630001068115234,37.790000915527344,19.909177780151367,4159200,SO
2010-12-17,37.709999084472656,38.0,37.630001068115234,37.900001525878906,19.96712875366211,6600200,SO
2010-12-20,37.97999954223633,38.349998474121094,37.95000076293945,38.279998779296875,20.167327880859375,4343400,SO
2010-12-21,38.380001068115234,38.400001525878906,38.18000030517578,38.34000015258789,20.198936462402344,2346500,SO
2010-12-22,38.279998779296875,38.43000030517578,38.189998626708984,38.2400016784668,20.146249771118164,2480000,SO
2010-12-23,38.27000045776367,38.34000015258789,38.150001525878906,38.2599983215332,20.15678596496582,1687200,SO
2010-12-27,38.16999816894531,38.41999816894531,38.15999984741211,38.279998779296875,20.167327880859375,1278400,SO
2010-12-28,38.27000045776367,38.41999816894531,38.16999816894531,38.41999816894531,20.241073608398438,1368500,SO
2010-12-29,38.4900016784668,38.4900016784668,38.220001220703125,38.41999816894531,20.241073608398438,1629000,SO
2010-12-30,38.33000183105469,38.43000030517578,38.209999084472656,38.29999923706055,20.177867889404297,1663200,SO
2010-12-31,38.310001373291016,38.38999938964844,38.16999816894531,38.22999954223633,20.1409854888916,1871500,SO
2011-01-03,38.369998931884766,38.5,38.18000030517578,38.41999816894531,20.241073608398438,3440500,SO
2011-01-04,38.29999923706055,38.540000915527344,38.119998931884766,38.5,20.283235549926758,4073900,SO
2011-01-05,38.380001068115234,38.439998626708984,37.970001220703125,38.099998474121094,20.07248878479004,4373900,SO
2011-01-06,38.119998931884766,38.20000076293945,37.720001220703125,37.88999938964844,19.961856842041016,11959500,SO
2011-01-07,38.029998779296875,38.099998474121094,37.7599983215332,38.08000183105469,20.061960220336914,10130100,SO
2011-01-10,37.84000015258789,37.91999816894531,37.599998474121094,37.7599983215332,19.893375396728516,10871200,SO
2011-01-11,37.79999923706055,37.95000076293945,37.630001068115234,37.84000015258789,19.935518264770508,3175200,SO
2011-01-12,37.93000030517578,38.18000030517578,37.86000061035156,38.08000183105469,20.061960220336914,2240500,SO
2011-01-13,38.060001373291016,38.31999969482422,37.959999084472656,38.279998779296875,20.167327880859375,3167800,SO
2011-01-14,38.25,38.5,38.119998931884766,38.5,20.283235549926758,2980400,SO
2011-01-18,38.380001068115234,38.470001220703125,38.310001373291016,38.400001525878906,20.230546951293945,3634000,SO
2011-01-19,38.41999816894531,38.65999984741211,38.38999938964844,38.45000076293945,20.25688362121582,5444200,SO
2011-01-20,38.56999969482422,38.790000915527344,38.33000183105469,38.400001525878906,20.230546951293945,5048500,SO
2011-01-21,38.5099983215332,38.52000045776367,38.209999084472656,38.25,20.151517868041992,5319100,SO
2011-01-24,38.33000183105469,38.45000076293945,38.290000915527344,38.400001525878906,20.230546951293945,4622900,SO
2011-01-25,38.40999984741211,38.68000030517578,38.34000015258789,38.459999084472656,20.26215362548828,5156700,SO
2011-01-26,38.459999084472656,38.540000915527344,38.099998474121094,38.15999984741211,20.104097366333008,6082100,SO
2011-01-27,38.18000030517578,38.27000045776367,37.959999084472656,38.15999984741211,20.104097366333008,5523600,SO
2011-01-28,38.099998474121094,38.34000015258789,37.709999084472656,37.77000045776367,19.898632049560547,4486800,SO
2011-01-31,37.880001068115234,38.0,37.54999923706055,37.619998931884766,19.819610595703125,3709800,SO
2011-02-01,37.849998474121094,37.939998626708984,37.52000045776367,37.939998626708984,19.988204956054688,3798300,SO
2011-02-02,37.81999969482422,37.900001525878906,37.529998779296875,37.619998931884766,19.819610595703125,3906600,SO
2011-02-03,37.29999923706055,37.65999984741211,37.150001525878906,37.59000015258789,20.046255111694336,3952500,SO
2011-02-04,37.560001373291016,37.58000183105469,37.04999923706055,37.34000015258789,19.912935256958008,3015200,SO
2011-02-07,37.33000183105469,37.5,37.220001220703125,37.470001220703125,19.982263565063477,2890300,SO
2011-02-08,37.470001220703125,37.47999954223633,37.2599983215332,37.36000061035156,19.923603057861328,3787200,SO
2011-02-09,37.34000015258789,37.689998626708984,37.25,37.59000015258789,20.046255111694336,3710500,SO
2011-02-10,37.54999923706055,37.599998474121094,37.27000045776367,37.369998931884766,19.928936004638672,3384400,SO
2011-02-11,37.560001373291016,38.189998626708984,37.5099983215332,38.029998779296875,20.280906677246094,6223600,SO
2011-02-14,38.130001068115234,38.130001068115234,37.59000015258789,37.970001220703125,20.24890899658203,3664800,SO
2011-02-15,37.81999969482422,38.18000030517578,37.779998779296875,38.13999938964844,20.33956527709961,3405000,SO
2011-02-16,38.15999984741211,38.16999816894531,37.61000061035156,37.880001068115234,20.200908660888672,3584100,SO
2011-02-17,37.959999084472656,38.150001525878906,37.79999923706055,37.81999969482422,20.168909072875977,4194200,SO
2011-02-18,37.869998931884766,38.09000015258789,37.66999816894531,37.869998931884766,20.19556999206543,4068600,SO
2011-02-22,37.630001068115234,37.9900016784668,37.630001068115234,37.88999938964844,20.206241607666016,3600700,SO
2011-02-23,37.849998474121094,37.95000076293945,37.720001220703125,37.79999923706055,20.158245086669922,3726500,SO
2011-02-24,37.709999084472656,37.91999816894531,37.66999816894531,37.75,20.131582260131836,3289100,SO
2011-02-25,37.91999816894531,38.060001373291016,37.70000076293945,38.060001373291016,20.29690170288086,2693400,SO
2011-02-28,38.189998626708984,38.189998626708984,37.84000015258789,38.11000061035156,20.32356834411621,4592400,SO
2011-03-01,37.95000076293945,38.15999984741211,37.689998626708984,37.709999084472656,20.110252380371094,3493600,SO
2011-03-02,37.720001220703125,37.88999938964844,37.61000061035156,37.83000183105469,20.17424774169922,2638000,SO
2011-03-03,37.9900016784668,38.220001220703125,37.91999816894531,38.209999084472656,20.376901626586914,2639100,SO
2011-03-04,38.11000061035156,38.25,37.72999954223633,37.970001220703125,20.24890899658203,3055100,SO
2011-03-07,38.099998474121094,38.290000915527344,38.0099983215332,38.06999969482422,20.302234649658203,3819100,SO
2011-03-08,38.22999954223633,38.4900016784668,38.209999084472656,38.38999938964844,20.4728946685791,3558000,SO
2011-03-09,38.369998931884766,38.58000183105469,38.18000030517578,38.5099983215332,20.536882400512695,3214700,SO
2011-03-10,38.279998779296875,38.619998931884766,38.16999816894531,38.40999984741211,20.483556747436523,5217500,SO
2011-03-11,38.43000030517578,38.619998931884766,38.16999816894531,38.279998779296875,20.41423225402832,3169900,SO
2011-03-14,37.900001525878906,37.900001525878906,37.529998779296875,37.650001525878906,20.078250885009766,5597800,SO
2011-03-15,37.380001068115234,37.45000076293945,36.959999084472656,37.0099983215332,19.736955642700195,10836400,SO
2011-03-16,36.939998626708984,37.209999084472656,36.5099983215332,36.79999923706055,19.624961853027344,7147700,SO
2011-03-17,37.09000015258789,37.09000015258789,36.58000183105469,36.869998931884766,19.662281036376953,5154600,SO
2011-03-18,37.2400016784668,37.5,36.900001525878906,37.0,19.731624603271484,5962900,SO
2011-03-21,37.15999984741211,37.459999084472656,37.15999984741211,37.41999816894531,19.955596923828125,2837500,SO
2011-03-22,37.40999984741211,37.560001373291016,37.33000183105469,37.38999938964844,19.93960189819336,3336400,SO
2011-03-23,37.34000015258789,37.4900016784668,37.209999084472656,37.4900016784668,19.992929458618164,2085000,SO
2011-03-24,37.56999969482422,37.70000076293945,37.349998474121094,37.540000915527344,20.019590377807617,2049800,SO
2011-03-25,37.61000061035156,37.720001220703125,37.529998779296875,37.58000183105469,20.04093360900879,1997900,SO
2011-03-28,37.61000061035156,37.75,37.439998626708984,37.54999923706055,20.024925231933594,2609800,SO
2011-03-29,37.540000915527344,37.709999084472656,37.36000061035156,37.70000076293945,20.10492515563965,2550400,SO
2011-03-30,37.77000045776367,38.189998626708984,37.77000045776367,38.119998931884766,20.328901290893555,2870400,SO
2011-03-31,38.02000045776367,38.20000076293945,37.93000030517578,38.11000061035156,20.32356834411621,2798600,SO
2011-04-01,38.150001525878906,38.310001373291016,38.02000045776367,38.310001373291016,20.43022918701172,3347200,SO
2011-04-04,38.34000015258789,38.369998931884766,38.220001220703125,38.310001373291016,20.43022918701172,2556200,SO
2011-04-05,38.279998779296875,38.459999084472656,38.25,38.2599983215332,20.40355682373047,2937000,SO
2011-04-06,38.31999969482422,38.70000076293945,38.29999923706055,38.66999816894531,20.622209548950195,3130600,SO
2011-04-07,38.59000015258789,38.75,38.40999984741211,38.709999084472656,20.64354133605957,3422500,SO
2011-04-08,38.75,38.75,38.27000045776367,38.400001525878906,20.478225708007812,3083800,SO
2011-04-11,38.27000045776367,38.369998931884766,37.61000061035156,37.779998779296875,20.147581100463867,5538500,SO
2011-04-12,37.709999084472656,37.779998779296875,37.47999954223633,37.47999954223633,19.98759651184082,4006200,SO
2011-04-13,37.58000183105469,37.849998474121094,37.52000045776367,37.58000183105469,20.04093360900879,3000500,SO
2011-04-14,37.5,37.93000030517578,37.43000030517578,37.84000015258789,20.179582595825195,3747900,SO
2011-04-15,38.02000045776367,38.5,37.869998931884766,38.33000183105469,20.440889358520508,4759300,SO
2011-04-18,38.13999938964844,38.36000061035156,37.93000030517578,38.279998779296875,20.41423225402832,3988100,SO
2011-04-19,38.2599983215332,38.29999923706055,38.130001068115234,38.189998626708984,20.366226196289062,2776500,SO
2011-04-20,38.47999954223633,38.599998474121094,38.31999969482422,38.4900016784668,20.526220321655273,3278800,SO
2011-04-21,38.58000183105469,38.58000183105469,38.33000183105469,38.560001373291016,20.563549041748047,1992300,SO
2011-04-25,38.540000915527344,38.599998474121094,38.400001525878906,38.529998779296875,20.547548294067383,1962600,SO
2011-04-26,38.630001068115234,38.75,38.529998779296875,38.619998931884766,20.59554100036621,4500000,SO
2011-04-27,38.720001220703125,38.9900016784668,38.61000061035156,38.90999984741211,20.750207901000977,5124100,SO
2011-04-28,38.5099983215332,38.869998931884766,38.45000076293945,38.849998474121094,20.97315216064453,4319200,SO
2011-04-29,38.66999816894531,39.04999923706055,38.65999984741211,39.040000915527344,21.075727462768555,3579200,SO
2011-05-02,39.16999816894531,39.189998626708984,39.0,39.04999923706055,21.081130981445312,3261700,SO
2011-05-03,38.91999816894531,39.310001373291016,38.849998474121094,39.290000915527344,21.210691452026367,8817900,SO
2011-05-04,39.290000915527344,39.75,39.22999954223633,39.52000045776367,21.334854125976562,6106000,SO
2011-05-05,39.45000076293945,39.4900016784668,39.119998931884766,39.290000915527344,21.210691452026367,4877900,SO
2011-05-06,39.5,39.599998474121094,39.27000045776367,39.5,21.324064254760742,3747200,SO
2011-05-09,39.459999084472656,39.75,39.33000183105469,39.720001220703125,21.44283676147461,3606400,SO
2011-05-10,39.720001220703125,39.939998626708984,39.560001373291016,39.90999984741211,21.54540252685547,3910600,SO
2011-05-11,39.77000045776367,40.08000183105469,39.65999984741211,39.9900016784668,21.588586807250977,5280300,SO
2011-05-12,39.959999084472656,40.459999084472656,39.880001068115234,40.41999816894531,21.82071876525879,4900000,SO
2011-05-13,40.43000030517578,40.560001373291016,40.189998626708984,40.4900016784668,21.85851287841797,3675800,SO
2011-05-16,40.369998931884766,40.68000030517578,40.189998626708984,40.2599983215332,21.73434829711914,3650600,SO
2011-05-17,40.209999084472656,40.70000076293945,40.150001525878906,40.599998474121094,21.917890548706055,4729900,SO
2011-05-18,40.540000915527344,40.599998474121094,40.2400016784668,40.4900016784668,21.85851287841797,3507700,SO
2011-05-19,40.560001373291016,40.869998931884766,40.470001220703125,40.81999969482422,22.03665542602539,4331600,SO
2011-05-20,40.77000045776367,40.81999969482422,40.41999816894531,40.470001220703125,21.84770965576172,4084700,SO
2011-05-23,40.08000183105469,40.459999084472656,40.08000183105469,40.119998931884766,21.658771514892578,3185500,SO
2011-05-24,40.18000030517578,40.220001220703125,39.900001525878906,40.11000061035156,21.653364181518555,2247800,SO
2011-05-25,39.95000076293945,40.09000015258789,39.70000076293945,39.939998626708984,21.56158447265625,2782600,SO
2011-05-26,39.849998474121094,39.959999084472656,39.66999816894531,39.88999938964844,21.534591674804688,2811600,SO
2011-05-27,39.90999984741211,40.08000183105469,39.72999954223633,39.79999923706055,21.486007690429688,2256600,SO
2011-05-31,39.91999816894531,40.09000015258789,39.70000076293945,40.08000183105469,21.63717269897461,4133600,SO
2011-06-01,40.029998779296875,40.11000061035156,39.65999984741211,39.68000030517578,21.421234130859375,3422900,SO
2011-06-02,39.72999954223633,39.7599983215332,39.33000183105469,39.66999816894531,21.41582489013672,3087800,SO
2011-06-03,39.349998474121094,39.61000061035156,39.220001220703125,39.369998931884766,21.25387954711914,3097600,SO
2011-06-06,39.619998931884766,39.619998931884766,39.18000030517578,39.34000015258789,21.237689971923828,2628400,SO
2011-06-07,39.4900016784668,39.66999816894531,39.34000015258789,39.34000015258789,21.237689971923828,3105300,SO
2011-06-08,39.41999816894531,39.66999816894531,39.25,39.58000183105469,21.36724853515625,4119200,SO
2011-06-09,39.59000015258789,39.650001525878906,39.31999969482422,39.529998779296875,21.34025001525879,2935900,SO
2011-06-10,39.38999938964844,39.56999969482422,39.29999923706055,39.33000183105469,21.23227882385254,2952900,SO
2011-06-13,39.43000030517578,39.810001373291016,39.310001373291016,39.650001525878906,21.40503692626953,2915800,SO
2011-06-14,39.86000061035156,39.880001068115234,39.560001373291016,39.65999984741211,21.41043472290039,3077300,SO
2011-06-15,39.5,39.83000183105469,39.25,39.33000183105469,21.23227882385254,3509500,SO
2011-06-16,39.33000183105469,39.790000915527344,39.33000183105469,39.65999984741211,21.41043472290039,3192100,SO
2011-06-17,39.88999938964844,40.099998474121094,39.7400016784668,39.810001373291016,21.491411209106445,4653700,SO
2011-06-20,39.790000915527344,40.0,39.56999969482422,40.0,21.59398078918457,2759000,SO
2011-06-21,40.04999923706055,40.04999923706055,39.650001525878906,39.86000061035156,21.51840591430664,6669200,SO
2011-06-22,39.81999969482422,39.81999969482422,39.54999923706055,39.560001373291016,21.35645294189453,2939200,SO
2011-06-23,39.38999938964844,39.41999816894531,39.04999923706055,39.34000015258789,21.237689971923828,4626000,SO
2011-06-24,39.540000915527344,39.790000915527344,39.43000030517578,39.43000030517578,21.28626823425293,4267300,SO
2011-06-27,39.470001220703125,39.91999816894531,39.470001220703125,39.790000915527344,21.480615615844727,3180100,SO
2011-06-28,39.939998626708984,40.2400016784668,39.810001373291016,40.209999084472656,21.707347869873047,4253600,SO
2011-06-29,40.209999084472656,40.29999923706055,40.09000015258789,40.2400016784668,21.72354507446289,3862900,SO
2011-06-30,40.34000015258789,40.40999984741211,40.04999923706055,40.380001068115234,21.79912757873535,3483500,SO
2011-07-01,40.40999984741211,40.7599983215332,40.29999923706055,40.720001220703125,21.982669830322266,3143700,SO
2011-07-05,40.630001068115234,40.790000915527344,40.459999084472656,40.59000015258789,21.912490844726562,3566300,SO
2011-07-06,40.59000015258789,40.779998779296875,40.33000183105469,40.63999938964844,21.939485549926758,3026700,SO
2011-07-07,40.79999923706055,40.84000015258789,40.2599983215332,40.47999954223633,21.853116989135742,4328600,SO
2011-07-08,40.2599983215332,40.400001525878906,40.16999816894531,40.310001373291016,21.761337280273438,3126200,SO
2011-07-11,40.060001373291016,40.310001373291016,39.900001525878906,40.13999938964844,21.669557571411133,4157400,SO
2011-07-12,40.0099983215332,40.5099983215332,40.0,40.31999969482422,21.766740798950195,3886900,SO
2011-07-13,40.529998779296875,40.56999969482422,40.2599983215332,40.31999969482422,21.766740798950195,3312600,SO
2011-07-14,40.2599983215332,40.41999816894531,40.08000183105469,40.099998474121094,21.647960662841797,3255700,SO
2011-07-15,40.150001525878906,40.29999923706055,40.029998779296875,40.220001220703125,21.712751388549805,3404600,SO
2011-07-18,40.11000061035156,40.16999816894531,39.91999816894531,39.9900016784668,21.588586807250977,3413900,SO
2011-07-19,40.150001525878906,40.369998931884766,39.83000183105469,40.2599983215332,21.73434829711914,2910300,SO
2011-07-20,40.25,40.45000076293945,40.150001525878906,40.31999969482422,21.766740798950195,3350500,SO
2011-07-21,40.4900016784668,40.869998931884766,40.45000076293945,40.79999923706055,22.02585792541504,4291700,SO
2011-07-22,40.810001373291016,40.849998474121094,40.52000045776367,40.58000183105469,21.9070987701416,3024200,SO
2011-07-25,40.13999938964844,40.47999954223633,40.08000183105469,40.310001373291016,21.761337280273438,3563100,SO
2011-07-26,40.290000915527344,40.38999938964844,40.119998931884766,40.2599983215332,21.73434829711914,3703200,SO
2011-07-27,40.29999923706055,40.810001373291016,40.02000045776367,40.20000076293945,21.70195770263672,8200200,SO
2011-07-28,39.9900016784668,39.9900016784668,39.720001220703125,39.7599983215332,21.7199764251709,5039800,SO
2011-07-29,39.63999938964844,39.72999954223633,39.43000030517578,39.540000915527344,21.599803924560547,5372100,SO
2011-08-01,39.790000915527344,39.91999816894531,39.45000076293945,39.65999984741211,21.665348052978516,4169400,SO
2011-08-02,39.540000915527344,39.790000915527344,39.459999084472656,39.470001220703125,21.561555862426758,5446100,SO
2011-08-03,39.5,39.68000030517578,39.31999969482422,39.56999969482422,21.616180419921875,5836200,SO
2011-08-04,39.38999938964844,39.97999954223633,39.2599983215332,39.279998779296875,21.457765579223633,10701800,SO
2011-08-05,39.34000015258789,39.959999084472656,39.20000076293945,39.869998931884766,21.780065536499023,14082100,SO
2011-08-08,39.279998779296875,40.04999923706055,38.150001525878906,38.33000183105469,20.938806533813477,18851800,SO
2011-08-09,38.65999984741211,38.65999984741211,35.72999954223633,38.310001373291016,20.927879333496094,21403400,SO
2011-08-10,37.91999816894531,38.790000915527344,37.58000183105469,38.029998779296875,20.77492332458496,12315400,SO
2011-08-11,38.310001373291016,39.689998626708984,38.13999938964844,39.40999984741211,21.528779983520508,11556300,SO
2011-08-12,39.650001525878906,39.72999954223633,38.9900016784668,39.209999084472656,21.41953468322754,8210900,SO
2011-08-15,39.45000076293945,40.43000030517578,39.31999969482422,40.40999984741211,22.07505989074707,7197400,SO
2011-08-16,40.0,40.34000015258789,39.7599983215332,40.25,21.987659454345703,5240500,SO
2011-08-17,40.400001525878906,40.849998474121094,40.2599983215332,40.61000061035156,22.184316635131836,6675600,SO
2011-08-18,40.119998931884766,40.52000045776367,39.790000915527344,40.209999084472656,21.965805053710938,9533300,SO
2011-08-19,39.959999084472656,40.33000183105469,39.86000061035156,39.970001220703125,21.834697723388672,6292200,SO
2011-08-22,40.40999984741211,40.40999984741211,39.86000061035156,40.02000045776367,21.862014770507812,6813500,SO
2011-08-23,40.130001068115234,40.630001068115234,39.869998931884766,40.619998931884766,22.18977928161621,7892200,SO
2011-08-24,40.59000015258789,41.29999923706055,40.56999969482422,41.22999954223633,22.523006439208984,7927100,SO
2011-08-25,41.20000076293945,41.20000076293945,40.58000183105469,40.88999938964844,22.337278366088867,5842900,SO
2011-08-26,40.77000045776367,40.91999816894531,40.060001373291016,40.83000183105469,22.304506301879883,6244200,SO
2011-08-29,41.060001373291016,41.29999923706055,40.72999954223633,41.099998474121094,22.45199203491211,5769600,SO
2011-08-30,41.02000045776367,41.29999923706055,40.97999954223633,41.18000030517578,22.495689392089844,5723300,SO
2011-08-31,41.29999923706055,41.40999984741211,41.150001525878906,41.36000061035156,22.59402847290039,6982500,SO
2011-09-01,41.36000061035156,41.400001525878906,41.060001373291016,41.119998931884766,22.462913513183594,4544600,SO
2011-09-02,40.790000915527344,41.25,40.75,41.15999984741211,22.48477554321289,6502200,SO
2011-09-06,40.59000015258789,41.25,40.310001373291016,41.2400016784668,22.528478622436523,9347400,SO
2011-09-07,41.36000061035156,41.40999984741211,41.09000015258789,41.31999969482422,22.572174072265625,5512600,SO
2011-09-08,41.20000076293945,41.56999969482422,41.08000183105469,41.36000061035156,22.59402847290039,4729100,SO
2011-09-09,41.130001068115234,41.130001068115234,40.52000045776367,40.7400016784668,22.255332946777344,6031700,SO
2011-09-12,40.5099983215332,41.380001068115234,40.459999084472656,41.369998931884766,22.599483489990234,6035900,SO
2011-09-13,41.290000915527344,41.56999969482422,40.97999954223633,41.54999923706055,22.697818756103516,4672400,SO
2011-09-14,41.54999923706055,41.97999954223633,41.45000076293945,41.7400016784668,22.801610946655273,6010100,SO
2011-09-15,41.900001525878906,42.099998474121094,41.7400016784668,42.06999969482422,22.981876373291016,4793300,SO
2011-09-16,42.2599983215332,42.650001525878906,42.11000061035156,42.59000015258789,23.26594352722168,8174100,SO
2011-09-19,42.189998626708984,42.54999923706055,42.060001373291016,42.36000061035156,23.14029312133789,4830900,SO
2011-09-20,42.540000915527344,43.09000015258789,42.220001220703125,42.810001373291016,23.3861141204834,7602500,SO
2011-09-21,42.72999954223633,43.0,42.31999969482422,42.52000045776367,23.22770118713379,6135100,SO
2011-09-22,42.04999923706055,42.31999969482422,41.52000045776367,42.11000061035156,23.00372886657715,8724300,SO
2011-09-23,42.060001373291016,42.540000915527344,41.939998626708984,42.41999816894531,23.17306900024414,6232400,SO
2011-09-26,42.650001525878906,42.7400016784668,42.189998626708984,42.41999816894531,23.17306900024414,5779800,SO
2011-09-27,42.7599983215332,42.86000061035156,42.189998626708984,42.29999923706055,23.107524871826172,7459700,SO
2011-09-28,42.380001068115234,42.79999923706055,42.189998626708984,42.27000045776367,23.09113121032715,5584200,SO
2011-09-29,42.650001525878906,42.869998931884766,42.400001525878906,42.869998931884766,23.418903350830078,6580600,SO
2011-09-30,42.68000030517578,42.9900016784668,42.369998931884766,42.369998931884766,23.1457576751709,6114000,SO
2011-10-03,42.4900016784668,42.849998474121094,42.0,42.0099983215332,22.949108123779297,5738000,SO
2011-10-04,41.84000015258789,42.0,41.0,41.810001373291016,22.839853286743164,7900000,SO
2011-10-05,41.869998931884766,41.88999938964844,41.029998779296875,41.33000183105469,22.577634811401367,7031400,SO
2011-10-06,41.41999816894531,42.060001373291016,41.38999938964844,42.04999923706055,22.970949172973633,5269000,SO
2011-10-07,42.02000045776367,42.560001373291016,42.02000045776367,42.369998931884766,23.1457576751709,5368500,SO
2011-10-10,42.689998626708984,42.959999084472656,42.5,42.95000076293945,23.462600708007812,3752500,SO
2011-10-11,42.91999816894531,42.93000030517578,42.47999954223633,42.68000030517578,23.315099716186523,3477300,SO
2011-10-12,42.81999969482422,42.900001525878906,42.540000915527344,42.709999084472656,23.331499099731445,3619700,SO
2011-10-13,42.599998474121094,42.68000030517578,42.290000915527344,42.4900016784668,23.211320877075195,3192400,SO
2011-10-14,42.70000076293945,42.849998474121094,42.529998779296875,42.66999816894531,23.309640884399414,4174600,SO
2011-10-17,42.65999984741211,42.970001220703125,42.529998779296875,42.90999984741211,23.440752029418945,3708300,SO
2011-10-18,42.83000183105469,43.099998474121094,42.58000183105469,42.88999938964844,23.429824829101562,4751700,SO
2011-10-19,42.97999954223633,43.47999954223633,42.900001525878906,42.97999954223633,23.47899627685547,4541500,SO
2011-10-20,43.060001373291016,43.400001525878906,43.02000045776367,43.27000045776367,23.637420654296875,19772000,SO
2011-10-21,43.47999954223633,43.939998626708984,43.439998626708984,43.939998626708984,24.003419876098633,19220100,SO
2011-10-24,43.95000076293945,43.95000076293945,43.25,43.380001068115234,23.697509765625,21582800,SO
2011-10-25,43.33000183105469,43.47999954223633,43.06999969482422,43.119998931884766,23.55547332763672,4915000,SO
2011-10-26,43.27000045776367,43.38999938964844,42.779998779296875,43.119998931884766,23.55547332763672,5484200,SO
2011-10-27,43.59000015258789,43.81999969482422,43.34000015258789,43.63999938964844,23.839536666870117,5619500,SO
2011-10-28,43.63999938964844,43.70000076293945,43.0099983215332,43.310001373291016,23.659269332885742,4699600,SO
2011-10-31,43.15999984741211,43.45000076293945,43.150001525878906,43.20000076293945,23.599172592163086,4013100,SO
2011-11-01,42.90999984741211,43.25,42.599998474121094,42.66999816894531,23.309640884399414,6352500,SO
2011-11-02,43.099998474121094,43.5,43.06999969482422,43.22999954223633,23.615558624267578,4565500,SO
2011-11-03,42.88999938964844,43.38999938964844,42.810001373291016,43.31999969482422,23.926517486572266,4808600,SO
2011-11-04,43.119998931884766,43.279998779296875,42.869998931884766,43.20000076293945,23.860240936279297,4049000,SO
2011-11-07,43.209999084472656,43.68000030517578,43.099998474121094,43.650001525878906,24.108783721923828,3511400,SO
2011-11-08,43.689998626708984,43.970001220703125,43.470001220703125,43.959999084472656,24.280010223388672,4915500,SO
2011-11-09,43.54999923706055,43.720001220703125,43.15999984741211,43.189998626708984,23.854713439941406,4608300,SO
2011-11-10,43.5,43.65999984741211,43.2400016784668,43.599998474121094,24.081172943115234,4271000,SO
2011-11-11,43.81999969482422,43.939998626708984,43.75,43.939998626708984,24.26896095275879,2855900,SO
2011-11-14,43.900001525878906,43.93000030517578,43.470001220703125,43.54999923706055,24.053550720214844,2811300,SO
2011-11-15,43.5,43.560001373291016,43.290000915527344,43.45000076293945,23.998319625854492,2786800,SO
2011-11-16,43.2599983215332,43.5099983215332,43.099998474121094,43.130001068115234,23.82158660888672,3176900,SO
2011-11-17,43.099998474121094,43.31999969482422,42.79999923706055,43.040000915527344,23.771867752075195,4429500,SO
2011-11-18,43.15999984741211,43.38999938964844,43.099998474121094,43.20000076293945,23.860240936279297,3745000,SO
2011-11-21,43.09000015258789,43.16999816894531,42.68000030517578,43.0099983215332,23.75530433654785,4202000,SO
2011-11-22,43.02000045776367,43.099998474121094,42.529998779296875,42.619998931884766,23.539897918701172,3387400,SO
2011-11-23,42.5,42.54999923706055,42.11000061035156,42.20000076293945,23.307926177978516,3637800,SO
2011-11-25,42.25,42.59000015258789,42.209999084472656,42.470001220703125,23.457054138183594,1709400,SO
2011-11-28,42.93000030517578,43.040000915527344,42.5099983215332,42.720001220703125,23.595129013061523,3373200,SO
2011-11-29,42.959999084472656,43.40999984741211,42.86000061035156,43.2599983215332,23.893386840820312,3114800,SO
2011-11-30,43.619998931884766,43.93000030517578,43.459999084472656,43.90999984741211,24.252378463745117,6607300,SO
2011-12-01,43.93000030517578,44.279998779296875,43.7400016784668,44.060001373291016,24.335233688354492,4438600,SO
2011-12-02,44.220001220703125,44.220001220703125,43.7599983215332,43.7599983215332,24.169536590576172,3775200,SO
2011-12-05,44.06999969482422,44.38999938964844,44.040000915527344,44.279998779296875,24.456743240356445,4105100,SO
2011-12-06,44.40999984741211,44.91999816894531,44.130001068115234,44.720001220703125,24.69976043701172,4744700,SO
2011-12-07,44.689998626708984,44.70000076293945,44.310001373291016,44.380001068115234,24.511981964111328,4034900,SO
2011-12-08,44.38999938964844,44.400001525878906,43.91999816894531,44.0,24.302085876464844,3421500,SO
2011-12-09,44.08000183105469,44.65999984741211,44.08000183105469,44.560001373291016,24.611392974853516,4080600,SO
2011-12-12,44.209999084472656,44.5,43.90999984741211,44.209999084472656,24.418081283569336,4738700,SO
2011-12-13,44.08000183105469,44.54999923706055,44.08000183105469,44.31999969482422,24.47884178161621,3961500,SO
2011-12-14,44.369998931884766,44.459999084472656,44.060001373291016,44.13999938964844,24.379423141479492,3111200,SO
2011-12-15,44.349998474121094,44.77000045776367,44.22999954223633,44.720001220703125,24.69976043701172,4246300,SO
2011-12-16,44.790000915527344,44.900001525878906,44.41999816894531,44.54999923706055,24.605871200561523,6812200,SO
2011-12-19,44.709999084472656,44.79999923706055,44.29999923706055,44.560001373291016,24.611392974853516,3412400,SO
2011-12-20,44.81999969482422,45.45000076293945,44.70000076293945,45.41999816894531,25.086393356323242,5569400,SO
2011-12-21,45.4900016784668,45.93000030517578,45.439998626708984,45.86000061035156,25.32941246032715,5226400,SO
2011-12-22,45.810001373291016,45.88999938964844,45.59000015258789,45.75,25.26866340637207,3475800,SO
2011-12-23,45.880001068115234,46.119998931884766,45.84000015258789,45.900001525878906,25.351503372192383,3054700,SO
2011-12-27,45.959999084472656,46.54999923706055,45.900001525878906,46.540000915527344,25.70499038696289,2913600,SO
2011-12-28,46.59000015258789,46.689998626708984,46.29999923706055,46.349998474121094,25.600053787231445,2688400,SO
2011-12-29,46.43000030517578,46.650001525878906,46.349998474121094,46.59000015258789,25.732608795166016,1925200,SO
2011-12-30,46.650001525878906,46.68000030517578,46.279998779296875,46.290000915527344,25.566905975341797,2150400,SO
2012-01-03,45.869998931884766,46.060001373291016,44.810001373291016,45.029998779296875,24.870983123779297,7006000,SO
2012-01-04,45.060001373291016,45.47999954223633,44.93000030517578,45.0,24.854412078857422,3702300,SO
2012-01-05,44.970001220703125,45.099998474121094,44.5,44.939998626708984,24.821277618408203,4461100,SO
2012-01-06,45.0,45.0,44.40999984741211,44.47999954223633,24.56721305847168,4722100,SO
2012-01-09,44.709999084472656,45.0,44.619998931884766,44.95000076293945,24.826801300048828,3054000,SO
2012-01-10,45.09000015258789,45.09000015258789,44.790000915527344,44.790000915527344,24.738433837890625,4814300,SO
2012-01-11,44.779998779296875,45.099998474121094,44.779998779296875,45.060001373291016,24.88755989074707,3108400,SO
2012-01-12,45.099998474121094,45.15999984741211,44.900001525878906,45.11000061035156,24.915180206298828,3332000,SO
2012-01-13,44.79999923706055,45.310001373291016,44.790000915527344,45.27000045776367,25.00355339050293,3943000,SO
2012-01-17,45.369998931884766,45.63999938964844,45.029998779296875,45.189998626708984,24.9593563079834,4214400,SO
2012-01-18,45.2599983215332,45.47999954223633,44.810001373291016,45.45000076293945,25.102964401245117,3607700,SO
2012-01-19,45.43000030517578,45.45000076293945,44.849998474121094,44.97999954223633,24.84337043762207,4009400,SO
2012-01-20,45.06999969482422,45.29999923706055,44.970001220703125,45.29999923706055,25.020112991333008,3378700,SO
2012-01-23,45.290000915527344,45.40999984741211,45.20000076293945,45.369998931884766,25.058780670166016,4317900,SO
2012-01-24,45.11000061035156,45.16999816894531,44.77000045776367,44.900001525878906,24.799182891845703,4889700,SO
2012-01-25,44.95000076293945,45.25,44.33000183105469,45.119998931884766,24.920692443847656,8062200,SO
2012-01-26,45.150001525878906,45.349998474121094,44.810001373291016,45.31999969482422,25.031156539916992,17165200,SO
2012-01-27,45.27000045776367,45.310001373291016,44.91999816894531,45.02000045776367,24.865461349487305,16127900,SO
2012-01-30,44.939998626708984,45.119998931884766,44.689998626708984,45.040000915527344,24.876510620117188,17102000,SO
2012-01-31,45.15999984741211,45.560001373291016,45.04999923706055,45.560001373291016,25.163721084594727,5049400,SO
2012-02-01,45.56999969482422,45.68000030517578,45.34000015258789,45.380001068115234,25.06429100036621,4048600,SO
2012-02-02,44.86000061035156,44.93000030517578,44.220001220703125,44.279998779296875,24.71434211730957,6605200,SO
2012-02-03,44.369998931884766,44.560001373291016,44.040000915527344,44.29999923706055,24.725521087646484,4643100,SO
2012-02-06,44.2599983215332,44.4900016784668,44.15999984741211,44.20000076293945,24.66969871520996,4168700,SO
2012-02-07,44.13999938964844,44.66999816894531,44.060001373291016,44.4900016784668,24.831552505493164,4511000,SO
2012-02-08,44.59000015258789,44.70000076293945,44.45000076293945,44.61000061035156,24.898529052734375,3767600,SO
2012-02-09,44.63999938964844,44.709999084472656,44.400001525878906,44.68000030517578,24.93760871887207,3276900,SO
2012-02-10,44.52000045776367,44.77000045776367,44.36000061035156,44.61000061035156,24.898529052734375,3954900,SO
2012-02-13,44.77000045776367,44.779998779296875,44.38999938964844,44.41999816894531,24.7924861907959,2404600,SO
2012-02-14,44.310001373291016,44.59000015258789,44.18000030517578,44.540000915527344,24.859460830688477,2865000,SO
2012-02-15,44.41999816894531,44.529998779296875,44.029998779296875,44.20000076293945,24.66969871520996,3179400,SO
2012-02-16,44.16999816894531,44.470001220703125,44.13999938964844,44.41999816894531,24.7924861907959,3413500,SO
2012-02-17,44.56999969482422,44.619998931884766,44.34000015258789,44.380001068115234,24.77016830444336,4264100,SO
2012-02-21,44.369998931884766,44.400001525878906,43.90999984741211,44.060001373291016,24.591554641723633,3507400,SO
2012-02-22,44.09000015258789,44.25,43.849998474121094,44.18000030517578,24.658536911010742,2877600,SO
2012-02-23,44.16999816894531,44.29999923706055,43.880001068115234,44.2400016784668,24.6920223236084,2978100,SO
2012-02-24,44.209999084472656,44.65999984741211,44.119998931884766,44.540000915527344,24.859460830688477,3487400,SO
2012-02-27,44.369998931884766,44.65999984741211,44.279998779296875,44.43000030517578,24.798063278198242,2921800,SO
2012-02-28,44.529998779296875,44.72999954223633,44.279998779296875,44.34000015258789,24.747840881347656,2810500,SO
2012-02-29,44.34000015258789,44.47999954223633,44.099998474121094,44.189998626708984,24.66411018371582,4513900,SO
2012-03-01,44.18000030517578,44.529998779296875,44.08000183105469,44.369998931884766,24.764575958251953,2969900,SO
2012-03-02,44.349998474121094,44.4900016784668,44.119998931884766,44.27000045776367,24.708763122558594,2294800,SO
2012-03-05,44.130001068115234,44.29999923706055,43.95000076293945,44.20000076293945,24.66969871520996,4262900,SO
2012-03-06,44.130001068115234,44.7599983215332,44.02000045776367,44.650001525878906,24.920860290527344,6172300,SO
2012-03-07,44.70000076293945,44.70000076293945,44.380001068115234,44.630001068115234,24.90969467163086,3253300,SO
2012-03-08,44.7599983215332,44.900001525878906,44.650001525878906,44.77000045776367,24.98783302307129,3174700,SO
2012-03-09,44.77000045776367,45.15999984741211,44.560001373291016,45.11000061035156,25.177602767944336,3761600,SO
2012-03-12,45.060001373291016,45.5,45.060001373291016,45.38999938964844,25.333871841430664,3246800,SO
2012-03-13,45.45000076293945,45.4900016784668,45.130001068115234,45.40999984741211,25.34504508972168,2688300,SO
2012-03-14,45.470001220703125,45.470001220703125,44.65999984741211,44.849998474121094,25.03247833251953,3885600,SO
2012-03-15,44.79999923706055,45.029998779296875,44.5,44.869998931884766,25.043651580810547,3557000,SO
2012-03-16,44.83000183105469,44.86000061035156,44.130001068115234,44.34000015258789,24.747840881347656,7134800,SO
2012-03-19,44.34000015258789,44.41999816894531,44.0,44.029998779296875,24.57480812072754,4221100,SO
2012-03-20,43.97999954223633,44.029998779296875,43.709999084472656,44.02000045776367,24.56922721862793,4518700,SO
2012-03-21,44.040000915527344,44.189998626708984,43.88999938964844,43.959999084472656,24.535747528076172,2891100,SO
2012-03-22,43.849998474121094,44.15999984741211,43.75,44.06999969482422,24.59714126586914,4685100,SO
2012-03-23,44.08000183105469,44.27000045776367,44.0099983215332,44.119998931884766,24.625038146972656,2941100,SO
2012-03-26,44.2400016784668,44.630001068115234,44.209999084472656,44.5099983215332,24.842714309692383,2934800,SO
2012-03-27,44.529998779296875,45.0,44.529998779296875,44.7599983215332,24.982248306274414,3990600,SO
2012-03-28,44.70000076293945,44.869998931884766,44.43000030517578,44.630001068115234,24.90969467163086,2920000,SO
2012-03-29,44.43000030517578,44.900001525878906,44.310001373291016,44.84000015258789,25.02690315246582,3425900,SO
2012-03-30,44.86000061035156,44.93000030517578,44.630001068115234,44.93000030517578,25.077136993408203,4256000,SO
2012-04-02,44.91999816894531,45.13999938964844,44.72999954223633,45.060001373291016,25.149688720703125,3370000,SO
2012-04-03,45.0,45.2599983215332,44.959999084472656,45.2400016784668,25.250160217285156,4455900,SO
2012-04-04,45.02000045776367,45.25,44.97999954223633,45.15999984741211,25.205507278442383,3337900,SO
2012-04-05,45.06999969482422,45.08000183105469,44.77000045776367,44.970001220703125,25.099470138549805,2570900,SO
2012-04-09,44.72999954223633,44.900001525878906,44.650001525878906,44.720001220703125,24.959917068481445,2990100,SO
2012-04-10,44.61000061035156,44.630001068115234,44.220001220703125,44.36000061035156,24.75899314880371,3989700,SO
2012-04-11,44.54999923706055,44.61000061035156,44.290000915527344,44.5,24.837129592895508,3279900,SO
2012-04-12,44.65999984741211,44.7599983215332,44.41999816894531,44.7599983215332,24.982248306274414,3063800,SO
2012-04-13,44.7400016784668,45.16999816894531,44.68000030517578,44.7400016784668,24.971086502075195,4084000,SO
2012-04-16,44.790000915527344,45.25,44.75,45.18000030517578,25.216670989990234,3360600,SO
2012-04-17,45.279998779296875,45.41999816894531,44.90999984741211,45.38999938964844,25.333871841430664,2501200,SO
2012-04-18,45.310001373291016,45.720001220703125,45.209999084472656,45.54999923706055,25.42318344116211,2924400,SO
2012-04-19,45.56999969482422,45.79999923706055,45.34000015258789,45.5,25.395275115966797,2939600,SO
2012-04-20,45.560001373291016,45.900001525878906,45.400001525878906,45.83000183105469,25.579465866088867,4223800,SO
2012-04-23,45.630001068115234,45.75,45.470001220703125,45.58000183105469,25.4399356842041,2500100,SO
2012-04-24,45.650001525878906,45.91999816894531,45.61000061035156,45.869998931884766,25.601787567138672,2944900,SO
2012-04-25,45.650001525878906,45.86000061035156,45.400001525878906,45.47999954223633,25.384113311767578,5492300,SO
2012-04-26,45.529998779296875,45.90999984741211,45.38999938964844,45.88999938964844,25.61295509338379,13071800,SO
2012-04-27,45.93000030517578,45.9900016784668,45.7599983215332,45.9900016784668,25.66876220703125,13521000,SO
2012-04-30,45.90999984741211,46.0,45.79999923706055,45.939998626708984,25.64086151123047,14827000,SO
2012-05-01,46.02000045776367,46.25,45.81999969482422,46.13999938964844,25.75248146057129,3687400,SO
2012-05-02,46.09000015258789,46.13999938964844,45.849998474121094,45.900001525878906,25.618532180786133,4283500,SO
2012-05-03,45.27000045776367,45.52000045776367,45.119998931884766,45.189998626708984,25.494415283203125,4821400,SO
2012-05-04,44.959999084472656,45.59000015258789,44.95000076293945,45.36000061035156,25.590320587158203,6386000,SO
2012-05-07,45.27000045776367,45.5,45.209999084472656,45.439998626708984,25.635452270507812,4083300,SO
2012-05-08,45.34000015258789,45.7599983215332,45.27000045776367,45.70000076293945,25.78213119506836,5152400,SO
2012-05-09,45.36000061035156,45.58000183105469,45.31999969482422,45.369998931884766,25.595964431762695,3756500,SO
2012-05-10,45.459999084472656,45.77000045776367,45.40999984741211,45.650001525878906,25.753934860229492,3436600,SO
2012-05-11,45.54999923706055,45.880001068115234,45.47999954223633,45.540000915527344,25.691875457763672,3658900,SO
2012-05-14,45.439998626708984,45.63999938964844,45.290000915527344,45.45000076293945,25.641094207763672,3406300,SO
2012-05-15,45.70000076293945,45.7599983215332,45.279998779296875,45.400001525878906,25.612884521484375,3501800,SO
2012-05-16,45.56999969482422,45.56999969482422,45.20000076293945,45.380001068115234,25.601598739624023,3142400,SO
2012-05-17,45.33000183105469,45.439998626708984,45.20000076293945,45.20000076293945,25.50004768371582,3649900,SO
2012-05-18,45.41999816894531,45.70000076293945,45.290000915527344,45.47999954223633,25.65802001953125,6169900,SO
2012-05-21,45.58000183105469,45.599998474121094,45.22999954223633,45.5099983215332,25.674949645996094,3559000,SO
2012-05-22,45.5,45.709999084472656,45.40999984741211,45.54999923706055,25.697513580322266,3518000,SO
2012-05-23,45.459999084472656,45.75,45.22999954223633,45.369998931884766,25.595964431762695,3131700,SO
2012-05-24,45.400001525878906,45.810001373291016,45.33000183105469,45.599998474121094,25.7257137298584,2589800,SO
2012-05-25,45.599998474121094,45.83000183105469,45.58000183105469,45.689998626708984,25.776491165161133,2123000,SO
2012-05-29,45.79999923706055,45.880001068115234,45.630001068115234,45.869998931884766,25.878047943115234,1856600,SO
2012-05-30,45.75,46.29999923706055,45.709999084472656,45.849998474121094,25.86676025390625,4590100,SO
2012-05-31,45.90999984741211,46.220001220703125,45.7400016784668,45.90999984741211,25.900611877441406,3912300,SO
2012-06-01,45.619998931884766,46.20000076293945,45.619998931884766,45.95000076293945,25.923187255859375,3951000,SO
2012-06-04,45.939998626708984,46.13999938964844,45.77000045776367,46.060001373291016,25.9852294921875,2557900,SO
2012-06-05,46.029998779296875,46.29999923706055,45.91999816894531,46.119998931884766,26.019081115722656,3565700,SO
2012-06-06,46.29999923706055,47.029998779296875,46.150001525878906,47.029998779296875,26.53246307373047,5663200,SO
2012-06-07,47.189998626708984,47.40999984741211,47.029998779296875,47.29999923706055,26.684797286987305,5090900,SO
2012-06-08,47.279998779296875,47.400001525878906,47.02000045776367,47.380001068115234,26.729930877685547,3897500,SO
2012-06-11,47.380001068115234,47.75,47.209999084472656,47.33000183105469,26.701723098754883,2819500,SO
2012-06-12,47.369998931884766,47.38999938964844,46.84000015258789,47.310001373291016,26.690439224243164,3176300,SO
2012-06-13,47.22999954223633,47.59000015258789,46.970001220703125,47.45000076293945,26.769426345825195,2430700,SO
2012-06-14,47.5,47.79999923706055,47.36000061035156,47.619998931884766,26.86532211303711,3322300,SO
2012-06-15,47.779998779296875,48.189998626708984,47.66999816894531,48.0,27.07969856262207,5032100,SO
2012-06-18,47.97999954223633,48.45000076293945,47.97999954223633,48.290000915527344,27.24332046508789,3352100,SO
2012-06-19,48.400001525878906,48.40999984741211,47.65999984741211,47.70000076293945,26.91045570373535,4722700,SO
2012-06-20,47.16999816894531,47.4900016784668,46.56999969482422,46.7599983215332,26.380146026611328,7635900,SO
2012-06-21,46.77000045776367,47.130001068115234,46.40999984741211,46.459999084472656,26.210895538330078,4482000,SO
2012-06-22,46.56999969482422,46.66999816894531,46.43000030517578,46.54999923706055,26.261667251586914,3744900,SO
2012-06-25,46.36000061035156,46.459999084472656,46.130001068115234,46.25,26.09242057800293,3807900,SO
2012-06-26,46.380001068115234,46.529998779296875,46.189998626708984,46.34000015258789,26.14319610595703,3172800,SO
2012-06-27,46.41999816894531,46.869998931884766,46.41999816894531,46.599998474121094,26.28987693786621,2511400,SO
2012-06-28,46.459999084472656,46.66999816894531,46.099998474121094,46.65999984741211,26.323720932006836,2994400,SO
2012-06-29,46.7599983215332,46.88999938964844,46.150001525878906,46.29999923706055,26.12062644958496,6757100,SO
2012-07-02,46.45000076293945,46.849998474121094,46.349998474121094,46.709999084472656,26.351940155029297,3783800,SO
2012-07-03,46.63999938964844,46.7400016784668,46.31999969482422,46.4900016784668,26.227825164794922,2074100,SO
2012-07-05,46.47999954223633,46.59000015258789,46.25,46.45000076293945,26.20526123046875,3155500,SO
2012-07-06,46.27000045776367,46.599998474121094,46.25,46.540000915527344,26.256027221679688,2369500,SO
2012-07-09,46.43000030517578,46.86000061035156,46.400001525878906,46.83000183105469,26.419639587402344,3614400,SO
2012-07-10,46.790000915527344,46.97999954223633,46.77000045776367,46.939998626708984,26.4816837310791,3117800,SO
2012-07-11,46.900001525878906,47.220001220703125,46.81999969482422,47.189998626708984,26.622730255126953,2996500,SO
2012-07-12,47.15999984741211,47.380001068115234,46.970001220703125,47.20000076293945,26.628379821777344,2709900,SO
2012-07-13,47.2400016784668,47.66999816894531,47.22999954223633,47.61000061035156,26.859682083129883,2248900,SO
2012-07-16,47.560001373291016,47.68000030517578,47.41999816894531,47.58000183105469,26.842761993408203,2272400,SO
2012-07-17,47.599998474121094,47.91999816894531,47.5099983215332,47.70000076293945,26.91045570373535,2898300,SO
2012-07-18,47.61000061035156,47.810001373291016,47.459999084472656,47.810001373291016,26.97251319885254,2656200,SO
2012-07-19,47.779998779296875,47.83000183105469,47.34000015258789,47.70000076293945,26.91045570373535,13952900,SO
2012-07-20,47.59000015258789,47.880001068115234,47.5,47.77000045776367,26.949949264526367,14794500,SO
2012-07-23,47.7599983215332,47.88999938964844,47.459999084472656,47.630001068115234,26.870967864990234,15659100,SO
2012-07-24,47.59000015258789,47.72999954223633,46.84000015258789,47.11000061035156,26.577604293823242,4960800,SO
2012-07-25,47.150001525878906,47.45000076293945,47.0,47.400001525878906,26.741209030151367,3383700,SO
2012-07-26,47.529998779296875,48.189998626708984,47.529998779296875,48.08000183105469,27.124841690063477,3782600,SO
2012-07-27,48.25,48.59000015258789,48.20000076293945,48.41999816894531,27.316652297973633,3599800,SO
2012-07-30,48.349998474121094,48.4900016784668,48.11000061035156,48.33000183105469,27.265871047973633,3165400,SO
2012-07-31,48.43000030517578,48.45000076293945,48.150001525878906,48.150001525878906,27.164325714111328,3757400,SO
2012-08-01,48.29999923706055,48.56999969482422,47.880001068115234,47.88999938964844,27.017650604248047,5319400,SO
2012-08-02,47.400001525878906,47.529998779296875,46.790000915527344,47.09000015258789,26.840953826904297,4470300,SO
2012-08-03,47.40999984741211,47.459999084472656,47.040000915527344,47.349998474121094,26.989152908325195,4635400,SO
2012-08-06,47.47999954223633,47.630001068115234,47.369998931884766,47.38999938964844,27.011951446533203,2451600,SO
2012-08-07,47.56999969482422,47.599998474121094,47.119998931884766,47.13999938964844,26.86944580078125,3871900,SO
2012-08-08,47.209999084472656,47.25,46.75,46.93000030517578,26.749755859375,2918900,SO
2012-08-09,46.900001525878906,47.0,46.75,46.810001373291016,26.68135643005371,2251300,SO
2012-08-10,46.77000045776367,46.95000076293945,46.560001373291016,46.91999816894531,26.744050979614258,2226400,SO
2012-08-13,46.81999969482422,46.88999938964844,46.619998931884766,46.779998779296875,26.66425132751465,1917700,SO
2012-08-14,46.77000045776367,46.95000076293945,46.400001525878906,46.599998474121094,26.5616512298584,2802400,SO
2012-08-15,46.630001068115234,46.720001220703125,46.349998474121094,46.38999938964844,26.441953659057617,2455400,SO
2012-08-16,46.529998779296875,46.529998779296875,46.060001373291016,46.06999969482422,26.259557723999023,3326200,SO
2012-08-17,45.97999954223633,46.09000015258789,45.900001525878906,46.08000183105469,26.265260696411133,4442800,SO
2012-08-20,46.0,46.04999923706055,45.810001373291016,45.970001220703125,26.20255470275879,2858500,SO
2012-08-21,45.93000030517578,45.97999954223633,45.52000045776367,45.81999969482422,26.117061614990234,4846200,SO
2012-08-22,45.630001068115234,46.18000030517578,45.630001068115234,46.09000015258789,26.270957946777344,5237400,SO
2012-08-23,45.90999984741211,45.959999084472656,45.52000045776367,45.58000183105469,25.980270385742188,3781100,SO
2012-08-24,45.529998779296875,45.93000030517578,45.5,45.880001068115234,26.151262283325195,2547900,SO
2012-08-27,45.90999984741211,46.15999984741211,45.849998474121094,46.029998779296875,26.23675537109375,2696000,SO
2012-08-28,45.9900016784668,46.029998779296875,45.689998626708984,45.77000045776367,26.088563919067383,2391800,SO
2012-08-29,45.779998779296875,45.790000915527344,45.400001525878906,45.52000045776367,25.946063995361328,3031400,SO
2012-08-30,45.5099983215332,45.560001373291016,45.31999969482422,45.380001068115234,25.866260528564453,2235400,SO
2012-08-31,45.439998626708984,45.54999923706055,45.099998474121094,45.33000183105469,25.8377685546875,3989100,SO
2012-09-04,45.29999923706055,45.599998474121094,45.209999084472656,45.470001220703125,25.917558670043945,2778100,SO
2012-09-05,45.59000015258789,45.619998931884766,45.34000015258789,45.369998931884766,25.860565185546875,2713000,SO
2012-09-06,45.65999984741211,46.06999969482422,45.54999923706055,46.06999969482422,26.259557723999023,4217200,SO
2012-09-07,46.099998474121094,46.150001525878906,45.83000183105469,45.90999984741211,26.168354034423828,2810800,SO
2012-09-10,46.0,46.0099983215332,45.68000030517578,45.689998626708984,26.042957305908203,2141200,SO
2012-09-11,45.68000030517578,45.709999084472656,45.40999984741211,45.41999816894531,25.889060974121094,2990600,SO
2012-09-12,45.43000030517578,45.619998931884766,45.130001068115234,45.31999969482422,25.83205795288086,2820300,SO
2012-09-13,45.29999923706055,45.939998626708984,45.290000915527344,45.91999816894531,26.174060821533203,4283900,SO
2012-09-14,45.869998931884766,45.869998931884766,44.70000076293945,45.04999923706055,25.67816925048828,8401700,SO
2012-09-17,45.060001373291016,45.220001220703125,44.63999938964844,44.93000030517578,25.60976219177246,8779100,SO
2012-09-18,44.9900016784668,45.029998779296875,44.77000045776367,44.959999084472656,25.626869201660156,3843700,SO
2012-09-19,44.959999084472656,45.22999954223633,44.849998474121094,45.16999816894531,25.746559143066406,4507000,SO
2012-09-20,45.119998931884766,45.349998474121094,45.04999923706055,45.2400016784668,25.786462783813477,3377400,SO
2012-09-21,45.34000015258789,45.380001068115234,45.119998931884766,45.2599983215332,25.797861099243164,5740500,SO
2012-09-24,45.38999938964844,45.88999938964844,45.310001373291016,45.81999969482422,26.117061614990234,2872800,SO
2012-09-25,45.900001525878906,46.08000183105469,45.70000076293945,45.7400016784668,26.07147216796875,2887800,SO
2012-09-26,45.7400016784668,46.400001525878906,45.7400016784668,46.11000061035156,26.282365798950195,3146900,SO
2012-09-27,46.15999984741211,46.18000030517578,45.79999923706055,45.91999816894531,26.174060821533203,2455900,SO
2012-09-28,45.81999969482422,46.18000030517578,45.66999816894531,46.09000015258789,26.270957946777344,3744600,SO
2012-10-01,46.08000183105469,46.189998626708984,45.59000015258789,45.66999816894531,26.031564712524414,3494900,SO
2012-10-02,45.63999938964844,45.81999969482422,45.40999984741211,45.56999969482422,25.974559783935547,2604900,SO
2012-10-03,45.720001220703125,45.93000030517578,45.56999969482422,45.849998474121094,26.134159088134766,2441900,SO
2012-10-04,45.900001525878906,46.099998474121094,45.810001373291016,45.970001220703125,26.20255470275879,2609000,SO
2012-10-05,46.20000076293945,46.25,45.869998931884766,45.970001220703125,26.20255470275879,3715200,SO
2012-10-08,45.90999984741211,46.16999816894531,45.720001220703125,46.06999969482422,26.259557723999023,2053300,SO
2012-10-09,46.040000915527344,46.13999938964844,45.7599983215332,45.95000076293945,26.191162109375,2928500,SO
2012-10-10,46.0,46.11000061035156,45.810001373291016,45.959999084472656,26.196863174438477,2561700,SO
2012-10-11,46.150001525878906,46.150001525878906,45.70000076293945,45.720001220703125,26.060062408447266,3089900,SO
2012-10-12,45.849998474121094,46.06999969482422,45.540000915527344,45.61000061035156,25.997360229492188,1869000,SO
2012-10-15,45.599998474121094,45.66999816894531,45.310001373291016,45.650001525878906,26.02016830444336,2209100,SO
2012-10-16,45.779998779296875,46.02000045776367,45.58000183105469,45.88999938964844,26.15694808959961,2997300,SO
2012-10-17,46.06999969482422,46.68000030517578,45.91999816894531,46.540000915527344,26.527454376220703,3986600,SO
2012-10-18,46.560001373291016,46.86000061035156,46.43000030517578,46.79999923706055,26.67565155029297,2862600,SO
2012-10-19,46.75,47.09000015258789,46.540000915527344,46.63999938964844,26.584461212158203,3928200,SO
2012-10-22,46.5099983215332,46.75,46.400001525878906,46.54999923706055,26.53314781188965,3509300,SO
2012-10-23,46.310001373291016,46.54999923706055,46.09000015258789,46.20000076293945,26.333669662475586,2863000,SO
2012-10-24,46.220001220703125,46.4900016784668,45.97999954223633,46.040000915527344,26.242460250854492,3210600,SO
2012-10-25,46.27000045776367,46.459999084472656,45.95000076293945,46.22999954223633,26.350757598876953,10407000,SO
2012-10-26,46.27000045776367,46.439998626708984,46.0,46.33000183105469,26.407760620117188,10141600,SO
2012-10-31,46.52000045776367,46.93000030517578,46.349998474121094,46.84000015258789,26.698457717895508,4460100,SO
2012-11-01,46.70000076293945,46.70000076293945,45.9900016784668,46.02000045776367,26.50836753845215,5159800,SO
2012-11-02,46.27000045776367,46.400001525878906,45.7599983215332,45.77000045776367,26.36435890197754,8239800,SO
2012-11-05,45.52000045776367,45.52000045776367,44.5099983215332,44.619998931884766,25.70193862915039,5788600,SO
2012-11-06,44.619998931884766,44.790000915527344,44.0099983215332,44.13999938964844,25.425451278686523,6185000,SO
2012-11-07,44.0,44.08000183105469,42.70000076293945,42.79999923706055,24.653593063354492,7283900,SO
2012-11-08,43.189998626708984,43.849998474121094,43.02000045776367,43.2599983215332,24.91855812072754,7306600,SO
2012-11-09,43.099998474121094,43.34000015258789,42.81999969482422,43.029998779296875,24.78607177734375,4430900,SO
2012-11-12,43.02000045776367,43.06999969482422,42.47999954223633,42.58000183105469,24.526859283447266,2918400,SO
2012-11-13,42.45000076293945,43.040000915527344,42.40999984741211,42.95000076293945,24.739986419677734,5488700,SO
2012-11-14,42.9900016784668,43.02000045776367,42.56999969482422,42.880001068115234,24.699674606323242,5157400,SO
2012-11-15,42.869998931884766,43.27000045776367,42.279998779296875,42.540000915527344,24.50381851196289,6475900,SO
2012-11-16,42.52000045776367,42.7599983215332,42.25,42.689998626708984,24.590229034423828,6760400,SO
2012-11-19,42.869998931884766,42.900001525878906,42.40999984741211,42.77000045776367,24.636301040649414,5212800,SO
2012-11-20,42.65999984741211,42.720001220703125,42.040000915527344,42.43000030517578,24.440467834472656,7856700,SO
2012-11-21,42.45000076293945,42.65999984741211,41.779998779296875,42.279998779296875,24.35405921936035,5465200,SO
2012-11-23,42.27000045776367,42.369998931884766,41.75,42.029998779296875,24.210060119628906,2863500,SO
2012-11-26,41.880001068115234,42.7400016784668,41.849998474121094,42.630001068115234,24.555667877197266,5116400,SO
2012-11-27,42.61000061035156,42.900001525878906,42.540000915527344,42.790000915527344,24.6478328704834,4185400,SO
2012-11-28,42.70000076293945,42.83000183105469,42.33000183105469,42.7599983215332,24.63054656982422,4596000,SO
2012-11-29,42.7599983215332,43.310001373291016,42.4900016784668,43.290000915527344,24.93583106994629,5465200,SO
2012-11-30,43.20000076293945,43.560001373291016,43.0099983215332,43.54999923706055,25.085607528686523,6124200,SO
2012-12-03,43.56999969482422,43.599998474121094,42.9900016784668,43.16999816894531,24.866710662841797,3674100,SO
2012-12-04,43.18000030517578,43.25,42.84000015258789,42.900001525878906,24.711191177368164,3099300,SO
2012-12-05,42.93000030517578,43.72999954223633,42.810001373291016,43.459999084472656,25.033750534057617,4884300,SO
2012-12-06,43.95000076293945,44.0,43.540000915527344,43.72999954223633,25.189279556274414,5398400,SO
2012-12-07,43.7400016784668,43.95000076293945,43.43000030517578,43.72999954223633,25.189279556274414,3858700,SO
2012-12-10,43.72999954223633,43.86000061035156,43.52000045776367,43.68000030517578,25.16048240661621,3400900,SO
2012-12-11,43.68000030517578,43.84000015258789,43.459999084472656,43.599998474121094,25.114402770996094,3966700,SO
2012-12-12,43.58000183105469,43.779998779296875,43.29999923706055,43.380001068115234,24.987680435180664,4996900,SO
2012-12-13,43.33000183105469,43.380001068115234,43.0099983215332,43.150001525878906,24.855195999145508,3571400,SO
2012-12-14,43.02000045776367,43.13999938964844,42.7400016784668,42.95000076293945,24.739986419677734,6417300,SO
2012-12-17,42.93000030517578,43.77000045776367,42.93000030517578,43.7400016784668,25.195049285888672,4587000,SO
2012-12-18,43.7400016784668,44.13999938964844,43.65999984741211,43.880001068115234,25.27568817138672,9073600,SO
2012-12-19,43.97999954223633,43.97999954223633,43.31999969482422,43.31999969482422,24.953109741210938,5621400,SO
2012-12-20,43.459999084472656,43.560001373291016,43.099998474121094,43.5099983215332,25.062562942504883,4362400,SO
2012-12-21,43.43000030517578,43.47999954223633,42.970001220703125,43.31999969482422,24.953109741210938,6883900,SO
2012-12-24,43.4900016784668,43.4900016784668,42.90999984741211,43.11000061035156,24.8321533203125,1576100,SO
2012-12-26,43.16999816894531,43.41999816894531,42.75,42.81999969482422,24.665111541748047,3109800,SO
2012-12-27,42.7400016784668,42.880001068115234,42.25,42.68000030517578,24.584457397460938,4079800,SO
2012-12-28,42.439998626708984,42.970001220703125,42.2400016784668,42.33000183105469,24.382856369018555,3799700,SO
2012-12-31,42.220001220703125,42.849998474121094,42.040000915527344,42.810001373291016,24.659337997436523,4581500,SO
2013-01-02,43.34000015258789,43.779998779296875,43.189998626708984,43.779998779296875,25.218088150024414,4568400,SO
2013-01-03,43.7599983215332,43.900001525878906,43.65999984741211,43.77000045776367,25.21231460571289,3847700,SO
2013-01-04,43.81999969482422,44.209999084472656,43.04999923706055,44.15999984741211,25.436969757080078,4448200,SO
2013-01-07,44.0,44.09000015258789,43.279998779296875,43.38999938964844,24.993438720703125,6904300,SO
2013-01-08,43.34000015258789,43.4900016784668,43.029998779296875,43.27000045776367,24.92431640625,3109800,SO
2013-01-09,43.290000915527344,43.310001373291016,42.95000076293945,43.060001373291016,24.803354263305664,4477000,SO
2013-01-10,43.13999938964844,43.25,43.0099983215332,43.220001220703125,24.895517349243164,5915700,SO
2013-01-11,43.279998779296875,43.369998931884766,43.06999969482422,43.15999984741211,24.86094856262207,4185000,SO
2013-01-14,43.18000030517578,43.29999923706055,43.02000045776367,43.04999923706055,24.79759407043457,4425300,SO
2013-01-15,43.029998779296875,43.06999969482422,42.83000183105469,42.9900016784668,24.763036727905273,4309200,SO
2013-01-16,42.88999938964844,43.060001373291016,42.81999969482422,42.90999984741211,24.71693992614746,5123400,SO
2013-01-17,43.04999923706055,43.04999923706055,42.81999969482422,43.0,24.768789291381836,5378400,SO
2013-01-18,43.150001525878906,43.4900016784668,43.09000015258789,43.4900016784668,25.051040649414062,4893100,SO
2013-01-22,43.45000076293945,43.869998931884766,43.43000030517578,43.849998474121094,25.25840187072754,4570600,SO
2013-01-23,43.79999923706055,43.880001068115234,43.630001068115234,43.869998931884766,25.26992416381836,3780700,SO
2013-01-24,43.95000076293945,44.29999923706055,43.95000076293945,44.209999084472656,25.465768814086914,3750900,SO
2013-01-25,44.29999923706055,44.84000015258789,44.189998626708984,44.45000076293945,25.604015350341797,14997700,SO
2013-01-28,44.22999954223633,44.540000915527344,44.130001068115234,44.349998474121094,25.54641342163086,14596300,SO
2013-01-29,44.36000061035156,44.7400016784668,44.33000183105469,44.619998931884766,25.70193862915039,15103600,SO
2013-01-30,44.95000076293945,45.0,44.13999938964844,44.529998779296875,25.650094985961914,7488900,SO
2013-01-31,44.0,44.22999954223633,43.79999923706055,44.22999954223633,25.760766983032227,4666200,SO
2013-02-01,44.290000915527344,44.40999984741211,43.939998626708984,44.0099983215332,25.63262367248535,3793300,SO
2013-02-04,43.880001068115234,43.90999984741211,43.75,43.810001373291016,25.516141891479492,3734600,SO
2013-02-05,43.97999954223633,44.09000015258789,43.619998931884766,43.630001068115234,25.411300659179688,3796300,SO
2013-02-06,43.540000915527344,43.86000061035156,43.369998931884766,43.83000183105469,25.527788162231445,8528800,SO
2013-02-07,43.869998931884766,44.08000183105469,43.720001220703125,43.83000183105469,25.527788162231445,2830200,SO
2013-02-08,43.88999938964844,43.88999938964844,43.630001068115234,43.849998474121094,25.539432525634766,2355200,SO
2013-02-11,43.849998474121094,44.2400016784668,43.790000915527344,44.060001373291016,25.6617431640625,2311700,SO
2013-02-12,44.06999969482422,44.16999816894531,43.90999984741211,44.15999984741211,25.719985961914062,1956400,SO
2013-02-13,44.119998931884766,44.290000915527344,44.060001373291016,44.16999816894531,25.72581672668457,2332000,SO
2013-02-14,44.11000061035156,44.220001220703125,43.79999923706055,43.90999984741211,25.57437515258789,3142500,SO
2013-02-15,44.040000915527344,44.11000061035156,43.91999816894531,44.11000061035156,25.690872192382812,3704600,SO
2013-02-19,44.20000076293945,44.630001068115234,44.150001525878906,44.47999954223633,25.906362533569336,3239100,SO
2013-02-20,44.439998626708984,44.77000045776367,44.400001525878906,44.54999923706055,25.947141647338867,3274900,SO
2013-02-21,44.529998779296875,44.720001220703125,44.400001525878906,44.43000030517578,25.877239227294922,2969200,SO
2013-02-22,44.59000015258789,44.869998931884766,44.5099983215332,44.7400016784668,26.05780029296875,2925500,SO
2013-02-25,44.84000015258789,45.2400016784668,44.529998779296875,44.540000915527344,25.941307067871094,4841300,SO
2013-02-26,44.68000030517578,45.06999969482422,44.54999923706055,44.709999084472656,26.040319442749023,3783700,SO
2013-02-27,44.709999084472656,45.189998626708984,44.630001068115234,45.06999969482422,26.250011444091797,3649300,SO
2013-02-28,45.13999938964844,45.25,44.869998931884766,45.0099983215332,26.21505355834961,4838900,SO
2013-03-01,44.880001068115234,45.0,44.68000030517578,44.83000183105469,26.1102237701416,4588900,SO
2013-03-04,44.689998626708984,45.04999923706055,44.54999923706055,45.029998779296875,26.22669792175293,3407500,SO
2013-03-05,45.060001373291016,45.439998626708984,44.959999084472656,45.36000061035156,26.41889762878418,3232200,SO
2013-03-06,45.540000915527344,45.63999938964844,45.27000045776367,45.47999954223633,26.48880386352539,3519500,SO
2013-03-07,45.470001220703125,45.66999816894531,45.34000015258789,45.38999938964844,26.436370849609375,4160400,SO
2013-03-08,45.400001525878906,45.43000030517578,44.939998626708984,45.31999969482422,26.395614624023438,3902600,SO
2013-03-11,45.220001220703125,45.310001373291016,45.130001068115234,45.310001373291016,26.38977813720703,2394800,SO
2013-03-12,45.310001373291016,45.31999969482422,45.029998779296875,45.20000076293945,26.325716018676758,2279100,SO
2013-03-13,45.220001220703125,45.310001373291016,45.08000183105469,45.290000915527344,26.378129959106445,1879500,SO
2013-03-14,45.2599983215332,45.40999984741211,45.130001068115234,45.369998931884766,26.424724578857422,2833100,SO
2013-03-15,45.189998626708984,45.54999923706055,44.90999984741211,45.52000045776367,26.5120906829834,5057100,SO
2013-03-18,45.369998931884766,45.52000045776367,45.209999084472656,45.310001373291016,26.38977813720703,3054100,SO
2013-03-19,45.41999816894531,45.540000915527344,45.209999084472656,45.470001220703125,26.48296546936035,2157700,SO
2013-03-20,45.599998474121094,45.81999969482422,45.41999816894531,45.790000915527344,26.66934585571289,2564200,SO
2013-03-21,45.7400016784668,45.810001373291016,45.43000030517578,45.43000030517578,26.459667205810547,2608400,SO
2013-03-22,45.400001525878906,45.72999954223633,45.29999923706055,45.65999984741211,26.5936336517334,2733000,SO
2013-03-25,45.75,45.93000030517578,45.52000045776367,45.630001068115234,26.57616424560547,3512000,SO
2013-03-26,45.72999954223633,46.18000030517578,45.689998626708984,46.13999938964844,26.873199462890625,3253600,SO
2013-03-27,45.97999954223633,46.439998626708984,45.88999938964844,46.36000061035156,27.001333236694336,3685800,SO
2013-03-28,46.400001525878906,46.95000076293945,46.349998474121094,46.91999816894531,27.327497482299805,4086100,SO
2013-04-01,46.84000015258789,46.84000015258789,46.56999969482422,46.7400016784668,27.222654342651367,2142200,SO
2013-04-02,46.790000915527344,46.90999984741211,46.68000030517578,46.81999969482422,27.269248962402344,3424200,SO
2013-04-03,46.81999969482422,46.900001525878906,46.58000183105469,46.689998626708984,27.193527221679688,3523300,SO
2013-04-04,46.75,47.29999923706055,46.720001220703125,47.22999954223633,27.508041381835938,4709200,SO
2013-04-05,47.09000015258789,47.22999954223633,46.810001373291016,47.189998626708984,27.4847354888916,3842200,SO
2013-04-08,47.060001373291016,47.4900016784668,46.84000015258789,47.4900016784668,27.65947151184082,2651200,SO
2013-04-09,47.5,47.56999969482422,47.150001525878906,47.310001373291016,27.55463981628418,3379100,SO
2013-04-10,47.43000030517578,47.63999938964844,47.310001373291016,47.45000076293945,27.636171340942383,3314500,SO
2013-04-11,47.5099983215332,47.70000076293945,47.38999938964844,47.619998931884766,27.735183715820312,2285000,SO
2013-04-12,47.540000915527344,47.900001525878906,47.439998626708984,47.880001068115234,27.886613845825195,2939900,SO
2013-04-15,47.720001220703125,48.099998474121094,47.36000061035156,47.36000061035156,27.583757400512695,4355100,SO
2013-04-16,47.58000183105469,48.189998626708984,47.18000030517578,48.130001068115234,28.032222747802734,4275700,SO
2013-04-17,48.0099983215332,48.20000076293945,47.720001220703125,47.959999084472656,27.9332275390625,4121900,SO
2013-04-18,48.0,48.20000076293945,47.65999984741211,47.869998931884766,27.88079833984375,3433500,SO
2013-04-19,47.9900016784668,48.5099983215332,47.900001525878906,48.5099983215332,28.25355339050293,3775600,SO
2013-04-22,48.470001220703125,48.599998474121094,48.220001220703125,48.470001220703125,28.230249404907227,2744100,SO
2013-04-23,48.52000045776367,48.7400016784668,48.349998474121094,48.650001525878906,28.3350830078125,3196300,SO
2013-04-24,47.95000076293945,48.2400016784668,47.189998626708984,48.029998779296875,27.973983764648438,7003300,SO
2013-04-25,48.0099983215332,48.20000076293945,47.70000076293945,48.09000015258789,28.0089168548584,11107800,SO
2013-04-26,48.099998474121094,48.349998474121094,47.880001068115234,47.95000076293945,27.927385330200195,10787200,SO
2013-04-29,48.09000015258789,48.25,47.91999816894531,48.13999938964844,28.038047790527344,11412000,SO
2013-04-30,48.099998474121094,48.25,47.959999084472656,48.22999954223633,28.090471267700195,3969300,SO
2013-05-01,48.290000915527344,48.29999923706055,47.77000045776367,47.84000015258789,27.863319396972656,3544600,SO
2013-05-02,47.54999923706055,47.63999938964844,47.0099983215332,47.22999954223633,27.802688598632812,4503100,SO
2013-05-03,47.40999984741211,47.540000915527344,47.189998626708984,47.2599983215332,27.820337295532227,3140100,SO
2013-05-06,47.2599983215332,47.349998474121094,46.7599983215332,46.7599983215332,27.526016235351562,2753400,SO
2013-05-07,47.0099983215332,47.27000045776367,46.81999969482422,47.27000045776367,27.826248168945312,3473800,SO
2013-05-08,47.27000045776367,47.290000915527344,46.900001525878906,46.93000030517578,27.626087188720703,2120800,SO
2013-05-09,46.900001525878906,47.04999923706055,46.04999923706055,46.220001220703125,27.208139419555664,3663200,SO
2013-05-10,46.2400016784668,46.310001373291016,45.810001373291016,46.099998474121094,27.137500762939453,3712400,SO
2013-05-13,45.959999084472656,46.060001373291016,45.630001068115234,45.84000015258789,26.98444938659668,3161300,SO
2013-05-14,45.75,46.36000061035156,45.75,46.2599983215332,27.231674194335938,3783800,SO
2013-05-15,46.25,47.04999923706055,46.119998931884766,46.65999984741211,27.467151641845703,3211700,SO
2013-05-16,46.59000015258789,46.689998626708984,46.2599983215332,46.29999923706055,27.255231857299805,2698200,SO
2013-05-17,46.439998626708984,46.599998474121094,46.11000061035156,46.599998474121094,27.431827545166016,3381200,SO
2013-05-20,46.52000045776367,46.66999816894531,46.25,46.400001525878906,27.314105987548828,3182000,SO
2013-05-21,46.33000183105469,46.58000183105469,46.119998931884766,46.439998626708984,27.337635040283203,3135200,SO
2013-05-22,46.41999816894531,46.869998931884766,45.560001373291016,45.7599983215332,26.937353134155273,4751200,SO
2013-05-23,45.58000183105469,45.7400016784668,45.0,45.52000045776367,26.796070098876953,5067300,SO
2013-05-24,45.400001525878906,45.459999084472656,45.02000045776367,45.20000076293945,26.60770034790039,3514600,SO
2013-05-28,45.38999938964844,45.540000915527344,44.75,44.88999938964844,26.425214767456055,4164900,SO
2013-05-29,44.66999816894531,44.66999816894531,43.709999084472656,44.2599983215332,26.054349899291992,6558700,SO
2013-05-30,44.41999816894531,44.95000076293945,44.119998931884766,44.130001068115234,25.977827072143555,4551700,SO
2013-05-31,44.0099983215332,44.7400016784668,43.900001525878906,43.900001525878906,25.842435836791992,5920500,SO
2013-06-03,43.9900016784668,44.43000030517578,43.25,44.09000015258789,25.95427703857422,6858800,SO
2013-06-04,44.0099983215332,44.20000076293945,43.68000030517578,43.95000076293945,25.871864318847656,4301200,SO
2013-06-05,43.86000061035156,43.93000030517578,43.560001373291016,43.689998626708984,25.718812942504883,4568300,SO
2013-06-06,43.849998474121094,44.540000915527344,43.70000076293945,44.43000030517578,26.1544189453125,6556700,SO
2013-06-07,44.560001373291016,44.86000061035156,44.18000030517578,44.439998626708984,26.160316467285156,6141000,SO
2013-06-10,44.470001220703125,44.619998931884766,44.18000030517578,44.400001525878906,26.136762619018555,3525300,SO
2013-06-11,44.20000076293945,44.61000061035156,44.06999969482422,44.2599983215332,26.054349899291992,3773700,SO
2013-06-12,44.459999084472656,44.59000015258789,43.79999923706055,43.91999816894531,25.854198455810547,3768700,SO
2013-06-13,43.90999984741211,44.65999984741211,43.779998779296875,44.650001525878906,26.28392791748047,4084300,SO
2013-06-14,44.59000015258789,44.7599983215332,44.380001068115234,44.4900016784668,26.189741134643555,4414300,SO
2013-06-17,44.75,45.060001373291016,44.380001068115234,44.52000045776367,26.20740509033203,3550700,SO
2013-06-18,44.630001068115234,44.88999938964844,44.45000076293945,44.75,26.342796325683594,3507100,SO
2013-06-19,44.7400016784668,44.75,43.560001373291016,43.56999969482422,25.648178100585938,4637700,SO
2013-06-20,43.41999816894531,43.529998779296875,42.31999969482422,42.47999954223633,25.00652313232422,6965400,SO
2013-06-21,43.150001525878906,43.59000015258789,42.33000183105469,43.099998474121094,25.371501922607422,9914300,SO
2013-06-24,42.84000015258789,43.33000183105469,42.470001220703125,42.939998626708984,25.277307510375977,4379300,SO
2013-06-25,43.130001068115234,43.81999969482422,42.90999984741211,43.560001373291016,25.642288208007812,5035900,SO
2013-06-26,43.79999923706055,44.16999816894531,43.68000030517578,44.029998779296875,25.918954849243164,3435000,SO
2013-06-27,44.150001525878906,44.4900016784668,43.939998626708984,44.0,25.90129280090332,2884300,SO
2013-06-28,43.779998779296875,44.22999954223633,43.52000045776367,44.130001068115234,25.977827072143555,4859700,SO
2013-07-01,44.2400016784668,44.439998626708984,43.650001525878906,43.810001373291016,25.789453506469727,4845500,SO
2013-07-02,43.61000061035156,43.900001525878906,43.470001220703125,43.61000061035156,25.671716690063477,4468000,SO
2013-07-03,43.45000076293945,43.52000045776367,43.27000045776367,43.400001525878906,25.548107147216797,2318000,SO
2013-07-05,43.5099983215332,43.56999969482422,42.93000030517578,43.13999938964844,25.39504623413086,5048600,SO
2013-07-08,43.38999938964844,43.900001525878906,43.220001220703125,43.849998474121094,25.8129940032959,3633800,SO
2013-07-09,43.970001220703125,44.15999984741211,43.77000045776367,44.119998931884766,25.971927642822266,3055000,SO
2013-07-10,44.06999969482422,44.279998779296875,43.849998474121094,44.22999954223633,26.036699295043945,2776700,SO
2013-07-11,44.84000015258789,44.9900016784668,44.52000045776367,44.959999084472656,26.466415405273438,3517600,SO
2013-07-12,44.95000076293945,45.029998779296875,44.630001068115234,44.9900016784668,26.48407745361328,3660400,SO
2013-07-15,44.97999954223633,45.709999084472656,44.86000061035156,45.54999923706055,26.8137264251709,3737200,SO
2013-07-16,45.59000015258789,45.65999984741211,45.15999984741211,45.25,26.637134552001953,3691100,SO
2013-07-17,45.5,45.52000045776367,45.0099983215332,45.2599983215332,26.643016815185547,3792100,SO
2013-07-18,45.43000030517578,45.75,45.279998779296875,45.619998931884766,26.854936599731445,2965900,SO
2013-07-19,45.619998931884766,45.709999084472656,45.369998931884766,45.560001373291016,26.81962013244629,2640800,SO
2013-07-22,45.5099983215332,45.650001525878906,45.40999984741211,45.5099983215332,26.79017448425293,2918600,SO
2013-07-23,45.560001373291016,45.689998626708984,45.40999984741211,45.619998931884766,26.854936599731445,2004600,SO
2013-07-24,45.59000015258789,45.59000015258789,44.83000183105469,45.040000915527344,26.513505935668945,2469500,SO
2013-07-25,44.93000030517578,45.18000030517578,44.849998474121094,45.13999938964844,26.572372436523438,12347200,SO
2013-07-26,44.93000030517578,45.369998931884766,44.79999923706055,45.34000015258789,26.690109252929688,13119600,SO
2013-07-29,45.220001220703125,45.560001373291016,45.150001525878906,45.400001525878906,26.725431442260742,11789600,SO
2013-07-30,45.58000183105469,45.75,45.2400016784668,45.41999816894531,26.737197875976562,3727400,SO
2013-07-31,45.04999923706055,45.33000183105469,44.20000076293945,44.84000015258789,26.395776748657227,9603000,SO
2013-08-01,44.459999084472656,44.47999954223633,43.9900016784668,44.349998474121094,26.40589141845703,5072400,SO
2013-08-02,44.31999969482422,44.380001068115234,44.0099983215332,44.34000015258789,26.39994239807129,3315000,SO
2013-08-05,44.220001220703125,44.220001220703125,43.93000030517578,44.06999969482422,26.239194869995117,2774400,SO
2013-08-06,44.060001373291016,44.06999969482422,43.709999084472656,43.77000045776367,26.06056785583496,3029400,SO
2013-08-07,43.619998931884766,44.16999816894531,43.540000915527344,44.13999938964844,26.280860900878906,3463500,SO
2013-08-08,44.220001220703125,44.25,43.81999969482422,44.040000915527344,26.221324920654297,3454300,SO
2013-08-09,43.95000076293945,44.099998474121094,43.79999923706055,43.869998931884766,26.120101928710938,2660900,SO
2013-08-12,43.7599983215332,43.77000045776367,43.41999816894531,43.560001373291016,25.935535430908203,3216900,SO
2013-08-13,43.599998474121094,43.79999923706055,43.40999984741211,43.779998779296875,26.066524505615234,5083600,SO
2013-08-14,43.65999984741211,43.72999954223633,43.349998474121094,43.61000061035156,25.965295791625977,4278200,SO
2013-08-15,43.290000915527344,43.5,42.81999969482422,42.900001525878906,25.54257583618164,4609100,SO
2013-08-16,42.779998779296875,42.939998626708984,42.13999938964844,42.38999938964844,25.238924026489258,4420000,SO
2013-08-19,42.279998779296875,42.54999923706055,41.97999954223633,42.04999923706055,25.0364933013916,3460100,SO
2013-08-20,41.97999954223633,42.68000030517578,41.91999816894531,42.25,25.15557289123535,3463800,SO
2013-08-21,42.150001525878906,42.189998626708984,41.54999923706055,41.66999816894531,24.810230255126953,3754500,SO
2013-08-22,41.68000030517578,42.119998931884766,41.66999816894531,41.93000030517578,24.965036392211914,3359700,SO
2013-08-23,42.0,42.40999984741211,41.849998474121094,42.22999954223633,25.14366340637207,2692100,SO
2013-08-26,42.2599983215332,42.29999923706055,41.849998474121094,41.900001525878906,24.947181701660156,2477200,SO
2013-08-27,41.70000076293945,41.97999954223633,41.56999969482422,41.68000030517578,24.816184997558594,4564100,SO
2013-08-28,41.70000076293945,41.86000061035156,41.400001525878906,41.63999938964844,24.792375564575195,3604500,SO
2013-08-29,41.560001373291016,41.619998931884766,41.34000015258789,41.439998626708984,24.673290252685547,3663600,SO
2013-08-30,41.5,41.66999816894531,41.310001373291016,41.619998931884766,24.780460357666016,5548900,SO
2013-09-03,41.810001373291016,41.939998626708984,40.959999084472656,41.09000015258789,24.464906692504883,5024500,SO
2013-09-04,41.06999969482422,41.09000015258789,40.650001525878906,40.88999938964844,24.3458251953125,4357400,SO
2013-09-05,40.83000183105469,41.0,40.630001068115234,40.75,24.262474060058594,3590000,SO
2013-09-06,40.97999954223633,41.5,40.97999954223633,41.119998931884766,24.482763290405273,5333200,SO
2013-09-09,41.15999984741211,41.310001373291016,41.0,41.22999954223633,24.548259735107422,3115600,SO
2013-09-10,41.31999969482422,41.43000030517578,41.15999984741211,41.40999984741211,24.655426025390625,2785400,SO
2013-09-11,41.40999984741211,41.43000030517578,40.79999923706055,41.02000045776367,24.423233032226562,4870000,SO
2013-09-12,41.060001373291016,41.310001373291016,40.70000076293945,40.7599983215332,24.268417358398438,7721900,SO
2013-09-13,40.83000183105469,41.119998931884766,40.83000183105469,40.959999084472656,24.38750648498535,3330800,SO
2013-09-16,41.349998474121094,41.599998474121094,40.86000061035156,40.939998626708984,24.375591278076172,5017100,SO
2013-09-17,40.900001525878906,41.25,40.900001525878906,41.150001525878906,24.500621795654297,3134100,SO
2013-09-18,41.16999816894531,42.959999084472656,41.0,42.630001068115234,25.381816864013672,7768000,SO
2013-09-19,42.65999984741211,42.84000015258789,42.04999923706055,42.29999923706055,25.185333251953125,4726300,SO
2013-09-20,42.29999923706055,42.380001068115234,41.709999084472656,41.779998779296875,24.875730514526367,5664600,SO
2013-09-23,41.529998779296875,42.43000030517578,41.52000045776367,42.16999816894531,25.107933044433594,4262700,SO
2013-09-24,42.189998626708984,42.310001373291016,41.93000030517578,42.08000183105469,25.054346084594727,3285400,SO
2013-09-25,41.9900016784668,42.209999084472656,41.720001220703125,41.720001220703125,24.840003967285156,3563400,SO
2013-09-26,41.77000045776367,41.90999984741211,41.31999969482422,41.529998779296875,24.72687530517578,3335700,SO
2013-09-27,41.40999984741211,41.619998931884766,41.11000061035156,41.22999954223633,24.548259735107422,2795300,SO
2013-09-30,41.0,41.34000015258789,40.970001220703125,41.18000030517578,24.518489837646484,4026300,SO
2013-10-01,41.29999923706055,41.38999938964844,41.04999923706055,41.279998779296875,24.578027725219727,3055300,SO
2013-10-02,41.189998626708984,41.349998474121094,40.95000076293945,41.33000183105469,24.607799530029297,3785300,SO
2013-10-03,41.119998931884766,41.119998931884766,40.54999923706055,40.560001373291016,24.149343490600586,8917100,SO
2013-10-04,40.61000061035156,40.75,40.40999984741211,40.65999984741211,24.20888328552246,3197400,SO
2013-10-07,40.52000045776367,40.720001220703125,40.36000061035156,40.4900016784668,24.107662200927734,3069400,SO
2013-10-08,40.4900016784668,41.29999923706055,40.4900016784668,41.0099983215332,24.41727066040039,5341100,SO
2013-10-09,41.119998931884766,41.88999938964844,41.040000915527344,41.27000045776367,24.57207489013672,5990400,SO
2013-10-10,41.459999084472656,41.59000015258789,40.689998626708984,41.56999969482422,24.750688552856445,4469700,SO
2013-10-11,41.529998779296875,41.72999954223633,41.369998931884766,41.689998626708984,24.8221378326416,3143800,SO
2013-10-14,41.52000045776367,41.529998779296875,40.83000183105469,41.349998474121094,24.619699478149414,4493600,SO
2013-10-15,41.31999969482422,41.369998931884766,40.77000045776367,40.849998474121094,24.32200813293457,5917500,SO
2013-10-16,40.939998626708984,41.279998779296875,40.849998474121094,41.279998779296875,24.578027725219727,4030700,SO
2013-10-17,41.220001220703125,41.9900016784668,40.970001220703125,41.90999984741211,24.953134536743164,3820100,SO
2013-10-18,42.09000015258789,42.20000076293945,41.77000045776367,41.939998626708984,24.97099494934082,3732800,SO
2013-10-21,41.869998931884766,41.90999984741211,41.47999954223633,41.7599983215332,24.863819122314453,3809200,SO
2013-10-22,41.900001525878906,42.560001373291016,41.75,42.279998779296875,25.173429489135742,6337500,SO
2013-10-23,42.22999954223633,42.939998626708984,42.20000076293945,42.290000915527344,25.17938804626465,4988000,SO
2013-10-24,42.41999816894531,42.459999084472656,41.900001525878906,42.0099983215332,25.012664794921875,16948500,SO
2013-10-25,41.970001220703125,42.5,41.849998474121094,42.459999084472656,25.28060531616211,13307100,SO
2013-10-28,42.41999816894531,42.63999938964844,42.25,42.439998626708984,25.268680572509766,18817000,SO
2013-10-29,42.56999969482422,42.599998474121094,42.15999984741211,42.38999938964844,25.238924026489258,4590300,SO
2013-10-30,42.20000076293945,42.47999954223633,41.81999969482422,41.900001525878906,24.947181701660156,6787500,SO
2013-10-31,41.380001068115234,41.400001525878906,40.61000061035156,40.90999984741211,24.65607452392578,7689400,SO
2013-11-01,41.040000915527344,41.220001220703125,40.81999969482422,41.02000045776367,24.722379684448242,4357700,SO
2013-11-04,41.310001373291016,41.4900016784668,41.0099983215332,41.4900016784668,25.005640029907227,5523800,SO
2013-11-05,41.45000076293945,41.90999984741211,41.09000015258789,41.099998474121094,24.770587921142578,6317100,SO
2013-11-06,41.27000045776367,41.77000045776367,41.20000076293945,41.77000045776367,25.174394607543945,4889600,SO
2013-11-07,41.81999969482422,42.040000915527344,41.470001220703125,41.52000045776367,25.02371597290039,4689100,SO
2013-11-08,41.36000061035156,41.369998931884766,40.58000183105469,41.209999084472656,24.836877822875977,10856200,SO
2013-11-11,41.220001220703125,41.560001373291016,41.029998779296875,41.5,25.011659622192383,4285300,SO
2013-11-12,41.41999816894531,41.54999923706055,41.13999938964844,41.38999938964844,24.94537353515625,5275900,SO
2013-11-13,41.220001220703125,41.7599983215332,41.0099983215332,41.7400016784668,25.156309127807617,5750100,SO
2013-11-14,41.83000183105469,42.43000030517578,41.810001373291016,42.36000061035156,25.529972076416016,7081800,SO
2013-11-15,42.31999969482422,42.43000030517578,41.86000061035156,42.41999816894531,25.566137313842773,6590800,SO
2013-11-18,42.41999816894531,42.45000076293945,42.16999816894531,42.33000183105469,25.511890411376953,6557200,SO
2013-11-19,42.349998474121094,42.470001220703125,42.040000915527344,42.06999969482422,25.35519790649414,5259800,SO
2013-11-20,42.16999816894531,42.18000030517578,41.33000183105469,41.400001525878906,24.95139503479004,6644600,SO
2013-11-21,41.470001220703125,41.68000030517578,41.119998931884766,41.369998931884766,24.933307647705078,5025300,SO
2013-11-22,41.349998474121094,41.5099983215332,41.209999084472656,41.22999954223633,24.84893798828125,3615000,SO
2013-11-25,41.25,41.31999969482422,41.0,41.0,24.710317611694336,5015600,SO
2013-11-26,41.04999923706055,41.08000183105469,40.709999084472656,40.72999954223633,24.547588348388672,5395000,SO
2013-11-27,40.779998779296875,40.83000183105469,40.45000076293945,40.68000030517578,24.51746368408203,4270300,SO
2013-11-29,40.63999938964844,40.959999084472656,40.5099983215332,40.630001068115234,24.48731803894043,3135200,SO
2013-12-02,40.720001220703125,40.849998474121094,40.119998931884766,40.7400016784668,24.553621292114258,6553400,SO
2013-12-03,40.75,41.099998474121094,40.54999923706055,40.880001068115234,24.637985229492188,5660400,SO
2013-12-04,40.84000015258789,41.11000061035156,40.45000076293945,41.09000015258789,24.764564514160156,4719000,SO
2013-12-05,40.970001220703125,41.16999816894531,40.7400016784668,40.939998626708984,24.674156188964844,5459500,SO
2013-12-06,41.310001373291016,41.709999084472656,41.099998474121094,41.43000030517578,24.9694766998291,4506500,SO
2013-12-09,41.31999969482422,41.31999969482422,40.810001373291016,41.040000915527344,24.73442268371582,6119000,SO
2013-12-10,41.0099983215332,41.02000045776367,40.41999816894531,40.459999084472656,24.384864807128906,8025300,SO
2013-12-11,40.41999816894531,40.56999969482422,40.18000030517578,40.279998779296875,24.276382446289062,8224900,SO
2013-12-12,40.20000076293945,40.47999954223633,40.029998779296875,40.20000076293945,24.228160858154297,6265800,SO
2013-12-13,40.290000915527344,40.369998931884766,40.029998779296875,40.119998931884766,24.179948806762695,3481800,SO
2013-12-16,40.2400016784668,40.619998931884766,40.22999954223633,40.380001068115234,24.336654663085938,3872300,SO
2013-12-17,40.380001068115234,40.540000915527344,40.15999984741211,40.310001373291016,24.294458389282227,4259400,SO
2013-12-18,40.369998931884766,41.209999084472656,40.15999984741211,41.0099983215332,24.716341018676758,7686000,SO
2013-12-19,41.0,41.0,40.40999984741211,40.790000915527344,24.583755493164062,5585400,SO
2013-12-20,40.869998931884766,41.25,40.790000915527344,41.060001373291016,24.746482849121094,7506700,SO
2013-12-23,41.130001068115234,41.25,40.849998474121094,40.880001068115234,24.637985229492188,4112300,SO
2013-12-24,40.790000915527344,41.119998931884766,40.630001068115234,40.959999084472656,24.68621253967285,1392900,SO
2013-12-26,40.959999084472656,41.060001373291016,40.66999816894531,40.75,24.559650421142578,2956800,SO
2013-12-27,40.709999084472656,40.95000076293945,40.61000061035156,40.86000061035156,24.62594223022461,3355500,SO
2013-12-30,40.810001373291016,41.130001068115234,40.77000045776367,41.0,24.710317611694336,4644200,SO
2013-12-31,41.040000915527344,41.20000076293945,40.880001068115234,41.11000061035156,24.7766170501709,4239700,SO
2014-01-02,41.130001068115234,41.130001068115234,40.59000015258789,40.689998626708984,24.523483276367188,5512000,SO
2014-01-03,40.66999816894531,40.7599983215332,40.27000045776367,40.470001220703125,24.390899658203125,4198400,SO
2014-01-06,40.54999923706055,40.689998626708984,40.279998779296875,40.400001525878906,24.34870147705078,4527000,SO
2014-01-07,40.47999954223633,40.779998779296875,40.41999816894531,40.7599983215332,24.56566619873047,4705500,SO
2014-01-08,40.720001220703125,40.779998779296875,40.29999923706055,40.400001525878906,24.34870147705078,4268100,SO
2014-01-09,40.5,40.63999938964844,40.290000915527344,40.619998931884766,24.481290817260742,3898700,SO
2014-01-10,40.790000915527344,41.689998626708984,40.650001525878906,41.38999938964844,24.94537353515625,6171100,SO
2014-01-13,41.36000061035156,41.47999954223633,41.18000030517578,41.27000045776367,24.873044967651367,4845200,SO
2014-01-14,41.31999969482422,41.43000030517578,41.06999969482422,41.099998474121094,24.770587921142578,5058200,SO
2014-01-15,41.119998931884766,41.220001220703125,40.959999084472656,41.08000183105469,24.75853729248047,3802800,SO
2014-01-16,41.08000183105469,41.25,40.93000030517578,41.2400016784668,24.85496711730957,3272700,SO
2014-01-17,41.2599983215332,41.369998931884766,41.09000015258789,41.15999984741211,24.806753158569336,3314000,SO
2014-01-21,41.349998474121094,41.68000030517578,41.33000183105469,41.650001525878906,25.102069854736328,3514600,SO
2014-01-22,41.619998931884766,41.79999923706055,41.540000915527344,41.599998474121094,25.071929931640625,2759900,SO
2014-01-23,41.459999084472656,41.560001373291016,41.27000045776367,41.43000030517578,24.9694766998291,4225600,SO
2014-01-24,41.34000015258789,41.81999969482422,41.16999816894531,41.220001220703125,24.842910766601562,6492000,SO
2014-01-27,41.25,41.47999954223633,41.099998474121094,41.25,24.86098289489746,6050700,SO
2014-01-28,41.29999923706055,41.40999984741211,41.04999923706055,41.25,24.86098289489746,5490400,SO
2014-01-29,41.47999954223633,41.869998931884766,40.5,40.88999938964844,24.644025802612305,11948600,SO
2014-01-30,40.36000061035156,40.91999816894531,40.29999923706055,40.88999938964844,24.953418731689453,5007500,SO
2014-01-31,40.77000045776367,41.380001068115234,40.54999923706055,41.2400016784668,25.16701889038086,7338400,SO
2014-02-03,41.279998779296875,41.959999084472656,41.11000061035156,41.25,25.173107147216797,8760600,SO
2014-02-04,41.380001068115234,41.380001068115234,40.790000915527344,41.0,25.020551681518555,5192400,SO
2014-02-05,40.900001525878906,41.04999923706055,40.7599983215332,40.81999969482422,24.91070556640625,3811600,SO
2014-02-06,40.83000183105469,41.060001373291016,40.70000076293945,40.90999984741211,24.965620040893555,3104000,SO
2014-02-07,41.04999923706055,41.29999923706055,40.95000076293945,41.099998474121094,25.081579208374023,4295400,SO
2014-02-10,41.0,41.43000030517578,40.88999938964844,41.279998779296875,25.19141960144043,2840900,SO
2014-02-11,41.279998779296875,41.77000045776367,41.27000045776367,41.689998626708984,25.441627502441406,3454500,SO
2014-02-12,41.650001525878906,41.75,41.45000076293945,41.61000061035156,25.392810821533203,2473400,SO
2014-02-13,41.529998779296875,42.310001373291016,41.5,42.22999954223633,25.77115821838379,4588900,SO
2014-02-14,42.130001068115234,42.54999923706055,42.04999923706055,42.52000045776367,25.948135375976562,3178100,SO
2014-02-18,42.4900016784668,42.720001220703125,42.439998626708984,42.540000915527344,25.960351943969727,3396200,SO
2014-02-19,42.43000030517578,42.70000076293945,42.099998474121094,42.16999816894531,25.73455238342285,2898600,SO
2014-02-20,42.2400016784668,42.58000183105469,42.060001373291016,42.400001525878906,25.874908447265625,2924000,SO
2014-02-21,42.43000030517578,42.7400016784668,42.29999923706055,42.349998474121094,25.844398498535156,3286500,SO
2014-02-24,42.380001068115234,42.70000076293945,42.099998474121094,42.119998931884766,25.704030990600586,3582100,SO
2014-02-25,42.130001068115234,42.5,42.029998779296875,42.16999816894531,25.73455238342285,3228000,SO
2014-02-26,42.290000915527344,42.310001373291016,41.9900016784668,42.0,25.63081169128418,2756300,SO
2014-02-27,41.97999954223633,42.130001068115234,41.66999816894531,42.0099983215332,25.636903762817383,3688700,SO
2014-02-28,42.040000915527344,42.40999984741211,41.91999816894531,42.349998474121094,25.844398498535156,4809800,SO
2014-03-03,42.220001220703125,42.5,42.029998779296875,42.04999923706055,25.661319732666016,3504700,SO
2014-03-04,42.31999969482422,42.439998626708984,42.16999816894531,42.33000183105469,25.832181930541992,4069500,SO
2014-03-05,42.34000015258789,42.5099983215332,42.15999984741211,42.220001220703125,25.765066146850586,3430000,SO
2014-03-06,42.40999984741211,42.47999954223633,41.86000061035156,42.040000915527344,25.655221939086914,3666800,SO
2014-03-07,41.90999984741211,42.130001068115234,41.59000015258789,42.099998474121094,25.69182777404785,3858400,SO
2014-03-10,42.09000015258789,42.33000183105469,41.90999984741211,42.15999984741211,25.728445053100586,3896500,SO
2014-03-11,42.2400016784668,42.279998779296875,41.900001525878906,42.04999923706055,25.661319732666016,2748900,SO
2014-03-12,42.0,42.63999938964844,41.9900016784668,42.630001068115234,26.015277862548828,3777900,SO
2014-03-13,42.70000076293945,43.290000915527344,42.630001068115234,43.15999984741211,26.338701248168945,5031600,SO
2014-03-14,43.119998931884766,43.650001525878906,43.0099983215332,43.4900016784668,26.540096282958984,5978900,SO
2014-03-17,43.54999923706055,43.70000076293945,43.349998474121094,43.52000045776367,26.558399200439453,3866100,SO
2014-03-18,43.58000183105469,43.650001525878906,43.349998474121094,43.45000076293945,26.51568031311035,2893000,SO
2014-03-19,43.439998626708984,43.54999923706055,42.540000915527344,42.790000915527344,26.1129093170166,5773700,SO
2014-03-20,42.65999984741211,42.790000915527344,42.189998626708984,42.790000915527344,26.1129093170166,4829300,SO
2014-03-21,42.900001525878906,43.279998779296875,42.810001373291016,42.91999816894531,26.192241668701172,7029000,SO
2014-03-24,42.959999084472656,43.2400016784668,42.95000076293945,43.18000030517578,26.350914001464844,2943100,SO
2014-03-25,43.25,43.5,42.97999954223633,43.43000030517578,26.503480911254883,3120700,SO
2014-03-26,43.470001220703125,43.54999923706055,43.150001525878906,43.150001525878906,26.332599639892578,4589100,SO
2014-03-27,43.04999923706055,43.439998626708984,42.95000076293945,43.400001525878906,26.485172271728516,6178600,SO
2014-03-28,43.400001525878906,43.45000076293945,43.16999816894531,43.369998931884766,26.466861724853516,3255800,SO
2014-03-31,43.54999923706055,44.0,43.5,43.939998626708984,26.81471061706543,4632600,SO
2014-04-01,43.880001068115234,43.90999984741211,43.470001220703125,43.5,26.546184539794922,3817500,SO
2014-04-02,43.52000045776367,43.56999969482422,43.18000030517578,43.290000915527344,26.418039321899414,4237000,SO
2014-04-03,43.380001068115234,43.52000045776367,43.20000076293945,43.310001373291016,26.43024444580078,3690600,SO
2014-04-04,43.4900016784668,44.09000015258789,43.400001525878906,43.70000076293945,26.668241500854492,5012900,SO
2014-04-07,43.65999984741211,44.34000015258789,43.560001373291016,44.209999084472656,26.979473114013672,6346000,SO
2014-04-08,44.16999816894531,44.72999954223633,43.83000183105469,44.709999084472656,27.284603118896484,5820300,SO
2014-04-09,44.65999984741211,44.65999984741211,43.91999816894531,44.369998931884766,27.07711410522461,4493200,SO
2014-04-10,44.38999938964844,44.75,44.189998626708984,44.29999923706055,27.034406661987305,3987700,SO
2014-04-11,44.29999923706055,44.7400016784668,44.27000045776367,44.56999969482422,27.199169158935547,4596000,SO
2014-04-14,44.689998626708984,44.81999969482422,44.459999084472656,44.650001525878906,27.248001098632812,3606800,SO
2014-04-15,44.720001220703125,45.560001373291016,44.720001220703125,45.25,27.614145278930664,7221400,SO
2014-04-16,45.36000061035156,45.83000183105469,45.290000915527344,45.81999969482422,27.96199607849121,4996200,SO
2014-04-17,45.369998931884766,45.70000076293945,45.02000045776367,45.119998931884766,27.534807205200195,4943500,SO
2014-04-21,45.15999984741211,45.43000030517578,44.84000015258789,45.15999984741211,27.559215545654297,3821600,SO
2014-04-22,45.25,45.400001525878906,45.029998779296875,45.34000015258789,27.669063568115234,4150900,SO
2014-04-23,45.439998626708984,45.61000061035156,45.15999984741211,45.220001220703125,27.595834732055664,3459200,SO
2014-04-24,45.150001525878906,45.70000076293945,44.970001220703125,45.68000030517578,27.87655258178711,4305000,SO
2014-04-25,45.689998626708984,46.31999969482422,45.689998626708984,46.2599983215332,28.230501174926758,5437800,SO
2014-04-28,46.27000045776367,46.70000076293945,46.2400016784668,46.68000030517578,28.48680877685547,8447700,SO
2014-04-29,46.619998931884766,46.810001373291016,46.2599983215332,46.36000061035156,28.29153823852539,6164100,SO
2014-04-30,46.5,46.790000915527344,45.650001525878906,45.83000183105469,27.96809196472168,8737900,SO
2014-05-01,45.099998474121094,45.45000076293945,44.869998931884766,45.220001220703125,27.915618896484375,5998000,SO
2014-05-02,45.0099983215332,45.150001525878906,44.04999923706055,44.18000030517578,27.27359962463379,7540300,SO
2014-05-05,44.15999984741211,44.5099983215332,44.060001373291016,44.4900016784668,27.464967727661133,4846400,SO
2014-05-06,44.43000030517578,44.58000183105469,44.290000915527344,44.349998474121094,27.378538131713867,2900400,SO
2014-05-07,44.40999984741211,45.0,44.400001525878906,44.86000061035156,27.693378448486328,5183000,SO
2014-05-08,44.88999938964844,44.91999816894531,44.150001525878906,44.20000076293945,27.285934448242188,5380000,SO
2014-05-09,44.150001525878906,44.470001220703125,43.650001525878906,43.66999816894531,26.95875358581543,6577700,SO
2014-05-12,43.77000045776367,43.81999969482422,43.20000076293945,43.2599983215332,26.705657958984375,4941400,SO
2014-05-13,43.41999816894531,43.66999816894531,43.08000183105469,43.310001373291016,26.736520767211914,4464000,SO
2014-05-14,43.36000061035156,44.0,43.31999969482422,43.72999954223633,26.995803833007812,4692000,SO
2014-05-15,43.650001525878906,44.040000915527344,43.43000030517578,43.439998626708984,26.816774368286133,4268200,SO
2014-05-16,43.349998474121094,43.65999984741211,43.27000045776367,43.5099983215332,26.859983444213867,4053300,SO
2014-05-19,43.459999084472656,43.5,42.810001373291016,42.81999969482422,26.434032440185547,4717700,SO
2014-05-20,42.88999938964844,43.150001525878906,42.54999923706055,42.77000045776367,26.40316390991211,3484700,SO
2014-05-21,42.880001068115234,42.93000030517578,42.63999938964844,42.84000015258789,26.44637680053711,2638000,SO
2014-05-22,42.959999084472656,43.279998779296875,42.91999816894531,43.189998626708984,26.662439346313477,3298600,SO
2014-05-23,43.18000030517578,43.36000061035156,43.029998779296875,43.08000183105469,26.594539642333984,2705100,SO
2014-05-27,43.2400016784668,43.34000015258789,42.9900016784668,43.15999984741211,26.643917083740234,4120800,SO
2014-05-28,43.22999954223633,43.47999954223633,43.20000076293945,43.45000076293945,26.822946548461914,3266900,SO
2014-05-29,43.45000076293945,43.54999923706055,43.189998626708984,43.540000915527344,26.87851333618164,2995400,SO
2014-05-30,43.400001525878906,43.79999923706055,43.33000183105469,43.779998779296875,27.026657104492188,3930500,SO
2014-06-02,43.709999084472656,43.849998474121094,43.52000045776367,43.66999816894531,26.95875358581543,2622100,SO
2014-06-03,43.70000076293945,43.849998474121094,43.4900016784668,43.66999816894531,26.95875358581543,2926600,SO
2014-06-04,43.650001525878906,43.790000915527344,43.5,43.72999954223633,26.995803833007812,3395500,SO
2014-06-05,43.63999938964844,44.279998779296875,43.619998931884766,44.119998931884766,27.23655891418457,3500300,SO
2014-06-06,44.2400016784668,44.459999084472656,43.810001373291016,43.88999938964844,27.094575881958008,3725900,SO
2014-06-09,43.7599983215332,43.880001068115234,43.40999984741211,43.63999938964844,26.94023895263672,4138200,SO
2014-06-10,43.470001220703125,43.790000915527344,43.45000076293945,43.61000061035156,26.92171287536621,4161000,SO
2014-06-11,43.58000183105469,43.61000061035156,43.09000015258789,43.09000015258789,26.6007080078125,3944100,SO
2014-06-12,43.119998931884766,43.61000061035156,42.779998779296875,43.47999954223633,26.841468811035156,4648700,SO
2014-06-13,43.45000076293945,43.709999084472656,43.2400016784668,43.529998779296875,26.872333526611328,2983800,SO
2014-06-16,43.52000045776367,44.220001220703125,43.45000076293945,43.70000076293945,26.977275848388672,5251000,SO
2014-06-17,43.54999923706055,43.720001220703125,43.33000183105469,43.43000030517578,26.810606002807617,5127800,SO
2014-06-18,43.5,44.54999923706055,43.41999816894531,44.529998779296875,27.48965835571289,6044000,SO
2014-06-19,44.560001373291016,44.970001220703125,44.5099983215332,44.720001220703125,27.606952667236328,7358800,SO
2014-06-20,44.84000015258789,44.849998474121094,44.2400016784668,44.25,27.316802978515625,8205200,SO
2014-06-23,44.130001068115234,44.400001525878906,44.029998779296875,44.220001220703125,27.298290252685547,5372500,SO
2014-06-24,44.68000030517578,44.689998626708984,44.130001068115234,44.189998626708984,27.279767990112305,6902100,SO
2014-06-25,44.220001220703125,44.75,44.220001220703125,44.66999816894531,27.57607650756836,4393500,SO
2014-06-26,44.689998626708984,44.81999969482422,44.470001220703125,44.810001373291016,27.66250991821289,3337500,SO
2014-06-27,44.650001525878906,45.209999084472656,44.58000183105469,45.060001373291016,27.81685447692871,3863100,SO
2014-06-30,45.18000030517578,45.58000183105469,45.09000015258789,45.380001068115234,28.01439094543457,4446700,SO
2014-07-01,45.369998931884766,45.369998931884766,44.959999084472656,45.08000183105469,27.82919692993164,3594500,SO
2014-07-02,45.040000915527344,45.040000915527344,44.119998931884766,44.2599983215332,27.322980880737305,6467300,SO
2014-07-03,44.06999969482422,44.06999969482422,43.66999816894531,44.0099983215332,27.168657302856445,4023100,SO
2014-07-07,43.91999816894531,44.29999923706055,43.91999816894531,44.209999084472656,27.2921142578125,4135500,SO
2014-07-08,44.25,44.790000915527344,44.25,44.540000915527344,27.495838165283203,4718200,SO
2014-07-09,44.68000030517578,44.68000030517578,44.18000030517578,44.459999084472656,27.446443557739258,3720300,SO
2014-07-10,44.47999954223633,44.90999984741211,44.38999938964844,44.63999938964844,27.557580947875977,5181800,SO
2014-07-11,44.630001068115234,44.900001525878906,44.380001068115234,44.529998779296875,27.48965835571289,4019100,SO
2014-07-14,44.52000045776367,44.65999984741211,44.150001525878906,44.18000030517578,27.27359962463379,3831100,SO
2014-07-15,44.18000030517578,44.5,44.150001525878906,44.470001220703125,27.45262336730957,3744700,SO
2014-07-16,44.599998474121094,44.779998779296875,44.310001373291016,44.77000045776367,27.6378231048584,3802100,SO
2014-07-17,44.599998474121094,44.849998474121094,44.5099983215332,44.54999923706055,27.50200843811035,4331300,SO
2014-07-18,44.709999084472656,44.95000076293945,44.400001525878906,44.88999938964844,27.711894989013672,3263600,SO
2014-07-21,44.88999938964844,45.04999923706055,44.68000030517578,44.90999984741211,27.7242431640625,2977000,SO
2014-07-22,45.029998779296875,45.119998931884766,44.86000061035156,44.90999984741211,27.7242431640625,2808200,SO
2014-07-23,45.09000015258789,45.09000015258789,44.790000915527344,44.810001373291016,27.66250991821289,3476000,SO
2014-07-24,44.90999984741211,44.90999984741211,44.540000915527344,44.779998779296875,27.64398765563965,3955400,SO
2014-07-25,44.869998931884766,44.9900016784668,44.599998474121094,44.7400016784668,27.619304656982422,7059000,SO
2014-07-28,44.619998931884766,45.43000030517578,44.619998931884766,45.36000061035156,28.002044677734375,5568900,SO
2014-07-29,45.470001220703125,45.470001220703125,44.66999816894531,44.86000061035156,27.693378448486328,5499600,SO
2014-07-30,45.0,45.0,44.0099983215332,44.380001068115234,27.39706802368164,6945200,SO
2014-07-31,43.88999938964844,43.88999938964844,43.220001220703125,43.290000915527344,27.044090270996094,5675300,SO
2014-08-01,43.34000015258789,43.83000183105469,43.25,43.31999969482422,27.062833786010742,4193700,SO
2014-08-04,43.380001068115234,43.40999984741211,42.349998474121094,43.099998474121094,26.925403594970703,6639300,SO
2014-08-05,42.939998626708984,43.20000076293945,42.45000076293945,42.599998474121094,26.6130313873291,4339700,SO
2014-08-06,42.43000030517578,42.43000030517578,41.869998931884766,42.16999816894531,26.34441375732422,10041500,SO
2014-08-07,42.349998474121094,42.869998931884766,42.2599983215332,42.619998931884766,26.625539779663086,4409500,SO
2014-08-08,42.709999084472656,43.540000915527344,42.70000076293945,43.529998779296875,27.194032669067383,4982400,SO
2014-08-11,43.529998779296875,43.599998474121094,43.040000915527344,43.060001373291016,26.90041732788086,4739800,SO
2014-08-12,43.04999923706055,43.380001068115234,43.0,43.220001220703125,27.0003662109375,3515000,SO
2014-08-13,42.849998474121094,43.279998779296875,42.66999816894531,43.06999969482422,26.90665626525879,5265700,SO
2014-08-14,43.150001525878906,43.470001220703125,43.11000061035156,43.43000030517578,27.131567001342773,3162300,SO
2014-08-15,43.43000030517578,43.81999969482422,43.279998779296875,43.41999816894531,27.125314712524414,4392400,SO
2014-08-18,43.529998779296875,43.720001220703125,43.279998779296875,43.380001068115234,27.100318908691406,2979800,SO
2014-08-19,43.54999923706055,43.810001373291016,43.349998474121094,43.79999923706055,27.362703323364258,2720600,SO
2014-08-20,43.56999969482422,43.84000015258789,43.54999923706055,43.810001373291016,27.368961334228516,2639700,SO
2014-08-21,43.88999938964844,44.13999938964844,43.79999923706055,43.88999938964844,27.418930053710938,3109600,SO
2014-08-22,43.81999969482422,44.040000915527344,43.5,43.68000030517578,27.287736892700195,2823900,SO
2014-08-25,43.79999923706055,44.02000045776367,43.720001220703125,43.900001525878906,27.425172805786133,2091500,SO
2014-08-26,43.9900016784668,44.08000183105469,43.5,43.540000915527344,27.20028305053711,2242600,SO
2014-08-27,43.540000915527344,43.84000015258789,43.540000915527344,43.83000183105469,27.38144874572754,2384400,SO
2014-08-28,43.689998626708984,44.27000045776367,43.689998626708984,44.22999954223633,27.63132667541504,2949900,SO
2014-08-29,44.18000030517578,44.400001525878906,44.060001373291016,44.400001525878906,27.737539291381836,2615100,SO
2014-09-02,44.31999969482422,44.439998626708984,43.61000061035156,43.79999923706055,27.362703323364258,3755100,SO
2014-09-03,43.939998626708984,44.2599983215332,43.939998626708984,44.18000030517578,27.6001033782959,2807400,SO
2014-09-04,44.06999969482422,44.220001220703125,43.779998779296875,44.15999984741211,27.587604522705078,3249800,SO
2014-09-05,44.31999969482422,44.790000915527344,44.2599983215332,44.790000915527344,27.981176376342773,6021000,SO
2014-09-08,44.709999084472656,44.81999969482422,44.349998474121094,44.560001373291016,27.83749008178711,3189100,SO
2014-09-09,44.41999816894531,44.5,43.900001525878906,43.970001220703125,27.468908309936523,6825800,SO
2014-09-10,43.900001525878906,43.9900016784668,43.599998474121094,43.7599983215332,27.33770751953125,2939700,SO
2014-09-11,43.810001373291016,44.099998474121094,43.619998931884766,44.060001373291016,27.525136947631836,2844600,SO
2014-09-12,43.849998474121094,43.88999938964844,43.25,43.36000061035156,27.087831497192383,4234500,SO
2014-09-15,43.41999816894531,43.68000030517578,43.220001220703125,43.369998931884766,27.09406852722168,3919700,SO
2014-09-16,43.400001525878906,44.09000015258789,43.400001525878906,43.93000030517578,27.443918228149414,4118800,SO
2014-09-17,43.75,44.06999969482422,43.33000183105469,43.56999969482422,27.219017028808594,4115300,SO
2014-09-18,43.529998779296875,43.72999954223633,43.040000915527344,43.279998779296875,27.03785514831543,4775700,SO
2014-09-19,43.36000061035156,43.77000045776367,43.349998474121094,43.689998626708984,27.293977737426758,5639100,SO
2014-09-22,43.619998931884766,43.84000015258789,43.40999984741211,43.470001220703125,27.15654945373535,5335600,SO
2014-09-23,43.470001220703125,43.599998474121094,43.31999969482422,43.400001525878906,27.112823486328125,3316400,SO
2014-09-24,43.43000030517578,43.59000015258789,43.27000045776367,43.45000076293945,27.14405632019043,3662200,SO
2014-09-25,43.400001525878906,43.66999816894531,43.33000183105469,43.33000183105469,27.069091796875,4323400,SO
2014-09-26,43.31999969482422,43.599998474121094,43.06999969482422,43.45000076293945,27.14405632019043,3378300,SO
2014-09-29,43.33000183105469,43.66999816894531,43.099998474121094,43.630001068115234,27.25650405883789,3374100,SO
2014-09-30,43.66999816894531,44.0099983215332,43.47999954223633,43.650001525878906,27.268999099731445,4050500,SO
2014-10-01,43.79999923706055,44.279998779296875,43.709999084472656,44.09000015258789,27.54387664794922,5901500,SO
2014-10-02,43.97999954223633,44.439998626708984,43.97999954223633,44.130001068115234,27.568859100341797,6439700,SO
2014-10-03,44.20000076293945,44.25,43.54999923706055,44.13999938964844,27.575092315673828,5366900,SO
2014-10-06,44.29999923706055,44.369998931884766,43.91999816894531,44.06999969482422,27.531370162963867,3494800,SO
2014-10-07,43.97999954223633,44.58000183105469,43.939998626708984,44.13999938964844,27.575092315673828,4618100,SO
2014-10-08,44.16999816894531,45.099998474121094,44.15999984741211,45.040000915527344,28.137351989746094,5802800,SO
2014-10-09,45.0,45.40999984741211,44.790000915527344,44.83000183105469,28.00617218017578,10329900,SO
2014-10-10,45.040000915527344,45.400001525878906,44.95000076293945,45.11000061035156,28.181081771850586,6564800,SO
2014-10-13,45.0,46.4900016784668,44.97999954223633,45.849998474121094,28.643375396728516,10676800,SO
2014-10-14,46.13999938964844,47.310001373291016,46.0099983215332,46.900001525878906,29.29933738708496,11546100,SO
2014-10-15,46.7599983215332,47.68000030517578,45.81999969482422,46.849998474121094,29.26810073852539,11743000,SO
2014-10-16,46.369998931884766,46.70000076293945,45.900001525878906,46.369998931884766,28.968225479125977,9931500,SO
2014-10-17,46.4900016784668,46.540000915527344,45.52000045776367,46.220001220703125,28.874523162841797,8993400,SO
2014-10-20,46.25,46.90999984741211,46.220001220703125,46.779998779296875,29.22435760498047,5548600,SO
2014-10-21,46.869998931884766,47.0,46.58000183105469,46.93000030517578,29.318071365356445,5173300,SO
2014-10-22,46.880001068115234,47.38999938964844,46.849998474121094,47.189998626708984,29.480501174926758,5346000,SO
2014-10-23,47.150001525878906,47.439998626708984,46.91999816894531,47.209999084472656,29.492992401123047,4837400,SO
2014-10-24,47.209999084472656,47.5,47.13999938964844,47.40999984741211,29.617948532104492,3322900,SO
2014-10-27,47.459999084472656,47.689998626708984,47.209999084472656,47.380001068115234,29.599205017089844,4309600,SO
2014-10-28,47.47999954223633,47.59000015258789,46.65999984741211,47.369998931884766,29.592947006225586,8737400,SO
2014-10-29,46.75,47.220001220703125,45.939998626708984,46.41999816894531,28.999469757080078,9906100,SO
2014-10-30,46.20000076293945,46.5099983215332,45.970001220703125,46.45000076293945,29.35015106201172,13175400,SO
2014-10-31,46.630001068115234,46.689998626708984,45.86000061035156,46.36000061035156,29.29328727722168,7530200,SO
2014-11-03,46.41999816894531,46.90999984741211,46.369998931884766,46.77000045776367,29.55234146118164,6521700,SO
2014-11-04,46.59000015258789,47.130001068115234,46.52000045776367,46.939998626708984,29.659765243530273,5769900,SO
2014-11-05,46.84000015258789,47.970001220703125,46.84000015258789,47.959999084472656,30.30428123474121,9145600,SO
2014-11-06,47.72999954223633,47.849998474121094,46.83000183105469,47.0099983215332,29.703989028930664,8836900,SO
2014-11-07,47.060001373291016,47.36000061035156,46.88999938964844,47.130001068115234,29.77982521057129,5179500,SO
2014-11-10,47.22999954223633,47.709999084472656,47.04999923706055,47.59000015258789,30.070478439331055,7325000,SO
2014-11-11,47.59000015258789,47.7400016784668,47.349998474121094,47.58000183105469,30.064167022705078,3751600,SO
2014-11-12,47.11000061035156,47.31999969482422,46.790000915527344,47.099998474121094,29.760868072509766,7148500,SO
2014-11-13,47.20000076293945,47.439998626708984,46.7400016784668,46.939998626708984,29.659765243530273,6020400,SO
2014-11-14,46.84000015258789,46.93000030517578,46.459999084472656,46.63999938964844,29.47021484375,4937500,SO
2014-11-17,46.779998779296875,47.20000076293945,46.560001373291016,47.08000183105469,29.748226165771484,4181700,SO
2014-11-18,47.29999923706055,47.4900016784668,46.97999954223633,47.25,29.855655670166016,3837000,SO
2014-11-19,47.099998474121094,47.369998931884766,46.93000030517578,47.27000045776367,29.86829376220703,3807200,SO
2014-11-20,47.209999084472656,47.38999938964844,46.900001525878906,47.11000061035156,29.767181396484375,3242200,SO
2014-11-21,47.31999969482422,47.369998931884766,46.83000183105469,47.25,29.855655670166016,4304300,SO
2014-11-24,47.29999923706055,47.36000061035156,46.619998931884766,46.709999084472656,29.514434814453125,3938100,SO
2014-11-25,46.75,46.75,46.29999923706055,46.470001220703125,29.362796783447266,5812000,SO
2014-11-26,46.5,46.959999084472656,46.5,46.81999969482422,29.583938598632812,3554200,SO
2014-11-28,46.970001220703125,47.650001525878906,46.970001220703125,47.43000030517578,29.969377517700195,3030200,SO
2014-12-01,47.150001525878906,48.310001373291016,47.06999969482422,47.689998626708984,30.1336612701416,8389600,SO
2014-12-02,47.79999923706055,48.16999816894531,47.41999816894531,47.90999984741211,30.272676467895508,6949800,SO
2014-12-03,48.060001373291016,48.13999938964844,47.720001220703125,47.900001525878906,30.266359329223633,4661000,SO
2014-12-04,47.900001525878906,48.130001068115234,47.650001525878906,47.90999984741211,30.272676467895508,2910000,SO
2014-12-05,47.439998626708984,47.70000076293945,47.220001220703125,47.540000915527344,30.038890838623047,4755900,SO
2014-12-08,47.560001373291016,48.220001220703125,47.560001373291016,48.04999923706055,30.36113739013672,4903800,SO
2014-12-09,48.15999984741211,48.36000061035156,47.810001373291016,48.13999938964844,30.418004989624023,3999600,SO
2014-12-10,47.970001220703125,48.43000030517578,47.88999938964844,47.91999816894531,30.278993606567383,4163300,SO
2014-12-11,47.900001525878906,48.650001525878906,47.900001525878906,48.400001525878906,30.582294464111328,4558800,SO
2014-12-12,48.099998474121094,48.70000076293945,47.90999984741211,47.91999816894531,30.278993606567383,3724600,SO
2014-12-15,48.04999923706055,48.22999954223633,47.5,47.849998474121094,30.234766006469727,4515900,SO
2014-12-16,47.90999984741211,48.38999938964844,47.459999084472656,47.7599983215332,30.17790412902832,5401000,SO
2014-12-17,47.970001220703125,48.349998474121094,47.77000045776367,48.29999923706055,30.519100189208984,4442200,SO
2014-12-18,48.31999969482422,49.0,48.099998474121094,49.0,30.96141815185547,4911800,SO
2014-12-19,48.939998626708984,49.31999969482422,48.7599983215332,49.02000045776367,30.974056243896484,8100200,SO
2014-12-22,49.34000015258789,49.4900016784668,48.880001068115234,49.36000061035156,31.188880920410156,3999700,SO
2014-12-23,49.29999923706055,49.470001220703125,49.119998931884766,49.16999816894531,31.068815231323242,3171600,SO
2014-12-24,49.16999816894531,50.130001068115234,49.16999816894531,49.90999984741211,31.536418914794922,3812600,SO
2014-12-26,50.0,50.869998931884766,49.959999084472656,50.470001220703125,31.890256881713867,5746300,SO
2014-12-29,50.41999816894531,51.279998779296875,50.41999816894531,50.880001068115234,32.149314880371094,6266500,SO
2014-12-30,50.81999969482422,50.81999969482422,49.75,49.77000045776367,31.447954177856445,4130100,SO
2014-12-31,49.95000076293945,50.099998474121094,49.04999923706055,49.11000061035156,31.030916213989258,4963300,SO
2015-01-02,49.189998626708984,49.439998626708984,48.84000015258789,49.369998931884766,31.195201873779297,4645300,SO
2015-01-05,49.380001068115234,49.4900016784668,48.90999984741211,49.15999984741211,31.0625057220459,7028700,SO
2015-01-06,49.20000076293945,50.18000030517578,49.18000030517578,49.75,31.4353084564209,9358300,SO
2015-01-07,49.790000915527344,50.439998626708984,49.599998474121094,50.29999923706055,31.782827377319336,4917000,SO
2015-01-08,50.40999984741211,50.689998626708984,50.220001220703125,50.34000015258789,31.808109283447266,4532500,SO
2015-01-09,50.31999969482422,50.36000061035156,49.630001068115234,49.70000076293945,31.40372085571289,4121000,SO
2015-01-12,49.95000076293945,50.0,49.439998626708984,49.709999084472656,31.410036087036133,4086100,SO
2015-01-13,50.0099983215332,50.5,49.52000045776367,49.68000030517578,31.391090393066406,5422100,SO
2015-01-14,49.70000076293945,50.20000076293945,49.439998626708984,50.189998626708984,31.713335037231445,6205300,SO
2015-01-15,50.40999984741211,50.880001068115234,50.119998931884766,50.79999923706055,32.09877395629883,5685100,SO
2015-01-16,50.68000030517578,51.38999938964844,50.619998931884766,51.349998474121094,32.446285247802734,5718600,SO
2015-01-20,51.400001525878906,51.68000030517578,51.16999816894531,51.65999984741211,32.642173767089844,4081400,SO
2015-01-21,51.470001220703125,52.09000015258789,51.189998626708984,52.0099983215332,32.86332321166992,5409200,SO
2015-01-22,52.0,52.2599983215332,51.650001525878906,52.130001068115234,32.93914794921875,4674500,SO
2015-01-23,52.130001068115234,52.470001220703125,52.0,52.22999954223633,33.00235366821289,4190200,SO
2015-01-26,52.060001373291016,52.27000045776367,51.68000030517578,52.22999954223633,33.00235366821289,4231600,SO
2015-01-27,52.11000061035156,52.709999084472656,52.11000061035156,52.41999816894531,33.122398376464844,3566800,SO
2015-01-28,52.41999816894531,53.15999984741211,52.060001373291016,52.16999816894531,32.96441650390625,5202800,SO
2015-01-29,52.040000915527344,52.90999984741211,51.900001525878906,52.790000915527344,33.356178283691406,4455000,SO
2015-01-30,52.29999923706055,52.4900016784668,50.63999938964844,50.720001220703125,32.0482177734375,12554600,SO
2015-02-02,50.650001525878906,50.93000030517578,50.119998931884766,50.779998779296875,32.086124420166016,7073200,SO
2015-02-03,50.77000045776367,50.95000076293945,50.36000061035156,50.79999923706055,32.09877395629883,8289200,SO
2015-02-04,50.959999084472656,51.13999938964844,49.31999969482422,49.459999084472656,31.25206756591797,10485600,SO
2015-02-05,49.56999969482422,49.880001068115234,49.04999923706055,49.709999084472656,31.410036087036133,6201900,SO
2015-02-06,49.43000030517578,49.439998626708984,47.869998931884766,48.16999816894531,30.43695640563965,8955000,SO
2015-02-09,48.209999084472656,48.33000183105469,47.63999938964844,47.790000915527344,30.196855545043945,6633900,SO
2015-02-10,47.720001220703125,48.79999923706055,47.720001220703125,48.68000030517578,30.759220123291016,5821800,SO
2015-02-11,48.41999816894531,48.66999816894531,47.65999984741211,47.95000076293945,30.297956466674805,7656800,SO
2015-02-12,47.599998474121094,47.630001068115234,46.290000915527344,46.560001373291016,29.74534034729004,11259900,SO
2015-02-13,46.43000030517578,46.540000915527344,45.540000915527344,45.880001068115234,29.310914993286133,8657600,SO
2015-02-17,45.689998626708984,46.13999938964844,45.220001220703125,45.540000915527344,29.09369468688965,8987100,SO
2015-02-18,45.880001068115234,46.970001220703125,45.689998626708984,46.84000015258789,29.92422103881836,7461300,SO
2015-02-19,46.79999923706055,46.869998931884766,46.0099983215332,46.189998626708984,29.508960723876953,4223000,SO
2015-02-20,46.11000061035156,46.220001220703125,45.599998474121094,46.13999938964844,29.47701644897461,4090200,SO
2015-02-23,46.279998779296875,46.540000915527344,46.130001068115234,46.470001220703125,29.687847137451172,5160200,SO
2015-02-24,46.459999084472656,47.0099983215332,46.2599983215332,46.88999938964844,29.956165313720703,5445200,SO
2015-02-25,47.02000045776367,47.04999923706055,45.86000061035156,45.91999816894531,29.336469650268555,5992500,SO
2015-02-26,46.029998779296875,46.150001525878906,45.68000030517578,45.7599983215332,29.23424530029297,3778200,SO
2015-02-27,45.7599983215332,45.939998626708984,45.52000045776367,45.790000915527344,29.253421783447266,4178000,SO
2015-03-02,45.79999923706055,45.79999923706055,44.650001525878906,44.869998931884766,28.665664672851562,7013000,SO
2015-03-03,45.09000015258789,45.189998626708984,44.560001373291016,45.150001525878906,28.84454345703125,5061400,SO
2015-03-04,45.04999923706055,45.04999923706055,44.61000061035156,44.83000183105469,28.640113830566406,3828800,SO
2015-03-05,44.959999084472656,45.22999954223633,44.81999969482422,45.02000045776367,28.76148796081543,5425400,SO
2015-03-06,44.52000045776367,44.560001373291016,43.880001068115234,44.09000015258789,28.167356491088867,11523800,SO
2015-03-09,44.11000061035156,44.43000030517578,43.970001220703125,44.0099983215332,28.11625099182129,6110200,SO
2015-03-10,43.97999954223633,44.560001373291016,43.790000915527344,43.93000030517578,28.06513214111328,8559300,SO
2015-03-11,43.90999984741211,44.209999084472656,43.54999923706055,43.720001220703125,27.93098258972168,4848600,SO
2015-03-12,43.86000061035156,44.56999969482422,43.81999969482422,44.459999084472656,28.403722763061523,6403700,SO
2015-03-13,44.400001525878906,44.45000076293945,43.75,43.95000076293945,28.07792091369629,5691800,SO
2015-03-16,44.119998931884766,44.91999816894531,44.119998931884766,44.630001068115234,28.512332916259766,4384300,SO
2015-03-17,44.47999954223633,44.77000045776367,44.27000045776367,44.31999969482422,28.31429100036621,3484900,SO
2015-03-18,44.31999969482422,45.4900016784668,44.130001068115234,45.13999938964844,28.838151931762695,7083000,SO
2015-03-19,45.0099983215332,45.41999816894531,44.59000015258789,44.65999984741211,28.531505584716797,4986900,SO
2015-03-20,44.709999084472656,45.18000030517578,44.650001525878906,44.970001220703125,28.729555130004883,7186400,SO
2015-03-23,45.040000915527344,45.36000061035156,45.02000045776367,45.16999816894531,28.857315063476562,3767300,SO
2015-03-24,45.06999969482422,45.33000183105469,44.439998626708984,44.52000045776367,28.44206428527832,4293100,SO
2015-03-25,44.65999984741211,44.86000061035156,44.02000045776367,44.029998779296875,28.129009246826172,4067000,SO
2015-03-26,44.040000915527344,44.31999969482422,43.70000076293945,43.7599983215332,27.95652961730957,5948400,SO
2015-03-27,43.75,44.369998931884766,43.75,44.0099983215332,28.11625099182129,5766300,SO
2015-03-30,44.2400016784668,44.52000045776367,44.06999969482422,44.33000183105469,28.3206729888916,4078100,SO
2015-03-31,44.27000045776367,44.47999954223633,43.970001220703125,44.279998779296875,28.288734436035156,5798100,SO
2015-04-01,44.349998474121094,44.70000076293945,43.900001525878906,44.619998931884766,28.50594711303711,5318100,SO
2015-04-02,44.52000045776367,44.79999923706055,44.45000076293945,44.63999938964844,28.518728256225586,3347900,SO
2015-04-06,44.79999923706055,45.439998626708984,44.77000045776367,44.91999816894531,28.697616577148438,5505900,SO
2015-04-07,44.959999084472656,45.0,44.20000076293945,44.2599983215332,28.275957107543945,5035800,SO
2015-04-08,44.279998779296875,44.38999938964844,43.900001525878906,44.34000015258789,28.32707405090332,6025800,SO
2015-04-09,44.189998626708984,44.4900016784668,43.849998474121094,44.470001220703125,28.410125732421875,6419800,SO
2015-04-10,44.5,44.86000061035156,44.33000183105469,44.619998931884766,28.50594711303711,3615700,SO
2015-04-13,44.47999954223633,44.63999938964844,44.119998931884766,44.20000076293945,28.237628936767578,3258700,SO
2015-04-14,44.27000045776367,44.470001220703125,44.119998931884766,44.349998474121094,28.333452224731445,3473800,SO
2015-04-15,44.34000015258789,44.75,44.119998931884766,44.20000076293945,28.237628936767578,3878000,SO
2015-04-16,44.20000076293945,44.29999923706055,43.79999923706055,44.11000061035156,28.180131912231445,3797600,SO
2015-04-17,44.02000045776367,44.40999984741211,43.970001220703125,44.11000061035156,28.180131912231445,4251200,SO
2015-04-20,44.25,45.060001373291016,44.119998931884766,44.7599983215332,28.595380783081055,4797500,SO
2015-04-21,44.810001373291016,45.119998931884766,44.310001373291016,44.41999816894531,28.3781681060791,4762700,SO
2015-04-22,44.59000015258789,44.7599983215332,44.279998779296875,44.47999954223633,28.41651153564453,4343700,SO
2015-04-23,44.470001220703125,44.900001525878906,44.45000076293945,44.689998626708984,28.550661087036133,4055900,SO
2015-04-24,44.689998626708984,45.22999954223633,44.630001068115234,44.869998931884766,28.665664672851562,3485600,SO
2015-04-27,44.97999954223633,45.04999923706055,44.27000045776367,44.31999969482422,28.31429100036621,4099900,SO
2015-04-28,44.33000183105469,44.66999816894531,44.08000183105469,44.65999984741211,28.531505584716797,4540700,SO
2015-04-29,44.220001220703125,44.77000045776367,43.959999084472656,44.650001525878906,28.525117874145508,5460000,SO
2015-04-30,44.56999969482422,44.56999969482422,43.97999954223633,44.29999923706055,28.301511764526367,8463100,SO
2015-05-01,44.2400016784668,44.869998931884766,44.2400016784668,44.81999969482422,28.63371467590332,5969400,SO
2015-05-04,44.900001525878906,45.33000183105469,44.66999816894531,44.97999954223633,28.735933303833008,4957700,SO
2015-05-05,44.810001373291016,44.900001525878906,44.13999938964844,44.27000045776367,28.282344818115234,7076600,SO
2015-05-06,44.33000183105469,44.5,43.77000045776367,44.08000183105469,28.16096305847168,6705400,SO
2015-05-07,44.220001220703125,44.560001373291016,44.060001373291016,44.22999954223633,28.256803512573242,5118500,SO
2015-05-08,44.63999938964844,44.720001220703125,43.7599983215332,44.150001525878906,28.205684661865234,8423800,SO
2015-05-11,44.150001525878906,44.290000915527344,43.5099983215332,43.59000015258789,27.847925186157227,8343600,SO
2015-05-12,43.5,43.540000915527344,43.11000061035156,43.470001220703125,27.771259307861328,7320700,SO
2015-05-13,43.630001068115234,43.7400016784668,43.27000045776367,43.380001068115234,27.713769912719727,6066400,SO
2015-05-14,42.95000076293945,43.400001525878906,42.95000076293945,43.18000030517578,27.93566131591797,4831600,SO
2015-05-15,43.279998779296875,43.83000183105469,43.209999084472656,43.720001220703125,28.28502655029297,5156300,SO
2015-05-18,43.52000045776367,43.81999969482422,43.41999816894531,43.650001525878906,28.2397403717041,3484500,SO
2015-05-19,43.40999984741211,43.72999954223633,43.349998474121094,43.66999816894531,28.252670288085938,3759700,SO
2015-05-20,43.65999984741211,44.0,43.619998931884766,43.66999816894531,28.252670288085938,4028000,SO
2015-05-21,43.65999984741211,43.709999084472656,43.220001220703125,43.380001068115234,28.065065383911133,4894500,SO
2015-05-22,43.29999923706055,43.33000183105469,42.88999938964844,43.22999954223633,27.9680118560791,4890400,SO
2015-05-26,43.119998931884766,43.349998474121094,42.72999954223633,43.29999923706055,28.013303756713867,6725900,SO
2015-05-27,43.29999923706055,43.939998626708984,43.18000030517578,43.72999954223633,28.29149627685547,6778900,SO
2015-05-28,43.70000076293945,43.77000045776367,43.31999969482422,43.5099983215332,28.149158477783203,4283400,SO
2015-05-29,43.5099983215332,43.88999938964844,43.369998931884766,43.689998626708984,28.265625,6216400,SO
2015-06-01,43.77000045776367,43.91999816894531,43.5,43.66999816894531,28.252670288085938,4620300,SO
2015-06-02,43.58000183105469,43.68000030517578,43.0099983215332,43.279998779296875,28.00035858154297,6006700,SO
2015-06-03,43.310001373291016,43.349998474121094,42.75,43.119998931884766,27.8968448638916,7415300,SO
2015-06-04,42.90999984741211,43.459999084472656,42.869998931884766,43.18000030517578,27.93566131591797,7610500,SO
2015-06-05,42.810001373291016,42.900001525878906,42.5099983215332,42.65999984741211,27.5992488861084,7291400,SO
2015-06-08,42.959999084472656,42.959999084472656,42.33000183105469,42.599998474121094,27.5604248046875,6370600,SO
2015-06-09,42.459999084472656,42.70000076293945,42.400001525878906,42.439998626708984,27.4569149017334,4216800,SO
2015-06-10,42.7599983215332,42.83000183105469,42.29999923706055,42.34000015258789,27.392223358154297,4067500,SO
2015-06-11,42.59000015258789,42.7400016784668,42.41999816894531,42.59000015258789,27.553958892822266,3042600,SO
2015-06-12,42.439998626708984,42.619998931884766,42.2599983215332,42.29999923706055,27.366344451904297,3041000,SO
2015-06-15,42.279998779296875,42.310001373291016,42.04999923706055,42.09000015258789,27.23048973083496,3669800,SO
2015-06-16,42.130001068115234,42.52000045776367,41.970001220703125,42.47999954223633,27.482807159423828,4178600,SO
2015-06-17,42.45000076293945,42.77000045776367,42.16999816894531,42.689998626708984,27.618663787841797,4189100,SO
2015-06-18,42.900001525878906,43.470001220703125,42.77000045776367,43.31999969482422,28.0262451171875,5020900,SO
2015-06-19,43.31999969482422,43.38999938964844,42.709999084472656,42.72999954223633,27.6445369720459,5783000,SO
2015-06-22,42.77000045776367,42.900001525878906,42.43000030517578,42.5099983215332,27.50221061706543,3869900,SO
2015-06-23,42.5099983215332,42.52000045776367,41.91999816894531,42.04999923706055,27.204605102539062,5017600,SO
2015-06-24,42.040000915527344,42.16999816894531,41.689998626708984,41.70000076293945,26.978166580200195,4542400,SO
2015-06-25,41.849998474121094,41.900001525878906,41.56999969482422,41.61000061035156,26.919937133789062,4179300,SO
2015-06-26,41.599998474121094,41.959999084472656,41.400001525878906,41.88999938964844,27.101099014282227,4040400,SO
2015-06-29,41.90999984741211,42.56999969482422,41.88999938964844,41.959999084472656,27.146379470825195,6503300,SO
2015-06-30,42.099998474121094,42.150001525878906,41.7400016784668,41.900001525878906,27.107561111450195,5100000,SO
2015-07-01,42.0099983215332,42.189998626708984,41.84000015258789,42.18000030517578,27.2887020111084,4675600,SO
2015-07-02,42.45000076293945,42.95000076293945,42.41999816894531,42.88999938964844,27.74805450439453,4937400,SO
2015-07-06,42.93000030517578,43.29999923706055,42.79999923706055,43.119998931884766,27.8968448638916,4995400,SO
2015-07-07,43.349998474121094,44.470001220703125,43.29999923706055,44.2599983215332,28.63438606262207,11156100,SO
2015-07-08,44.08000183105469,44.59000015258789,44.04999923706055,44.20000076293945,28.595561981201172,6661200,SO
2015-07-09,44.18000030517578,44.29999923706055,43.150001525878906,43.27000045776367,27.993894577026367,6778200,SO
2015-07-10,43.29999923706055,43.65999984741211,43.150001525878906,43.36000061035156,28.0521240234375,6654000,SO
2015-07-13,43.52000045776367,43.720001220703125,43.18000030517578,43.400001525878906,28.078001022338867,3302300,SO
2015-07-14,43.5,43.630001068115234,43.040000915527344,43.209999084472656,27.955078125,3663900,SO
2015-07-15,43.22999954223633,43.380001068115234,43.0099983215332,43.369998931884766,28.058584213256836,2934700,SO
2015-07-16,43.400001525878906,44.0,43.400001525878906,43.97999954223633,28.453229904174805,4513200,SO
2015-07-17,43.779998779296875,43.83000183105469,43.5,43.5099983215332,28.149158477783203,5229000,SO
2015-07-20,43.470001220703125,43.47999954223633,43.060001373291016,43.31999969482422,28.0262451171875,3589300,SO
2015-07-21,43.279998779296875,43.29999923706055,42.900001525878906,43.209999084472656,27.955078125,4799300,SO
2015-07-22,43.2400016784668,43.560001373291016,43.18000030517578,43.25,27.9809513092041,3232800,SO
2015-07-23,43.18000030517578,43.18000030517578,42.45000076293945,42.97999954223633,27.8062744140625,5249800,SO
2015-07-24,42.959999084472656,43.04999923706055,42.65999984741211,42.880001068115234,27.741579055786133,4456700,SO
2015-07-27,43.0099983215332,43.61000061035156,42.939998626708984,43.439998626708984,28.103872299194336,3547600,SO
2015-07-28,43.400001525878906,43.66999816894531,43.27000045776367,43.540000915527344,28.168575286865234,4650200,SO
2015-07-29,43.400001525878906,43.61000061035156,43.0099983215332,43.56999969482422,28.187978744506836,5008800,SO
2015-07-30,43.459999084472656,44.45000076293945,43.45000076293945,44.380001068115234,28.712024688720703,6162100,SO
2015-07-31,44.7400016784668,45.099998474121094,44.63999938964844,44.72999954223633,28.938453674316406,4886400,SO
2015-08-03,44.75,45.09000015258789,44.70000076293945,44.959999084472656,29.087249755859375,4255600,SO
2015-08-04,44.869998931884766,44.869998931884766,44.33000183105469,44.41999816894531,28.737895965576172,3284700,SO
2015-08-05,44.790000915527344,44.84000015258789,44.4900016784668,44.61000061035156,28.860820770263672,3413500,SO
2015-08-06,44.70000076293945,45.099998474121094,44.38999938964844,45.060001373291016,29.15195655822754,5458200,SO
2015-08-07,44.97999954223633,45.689998626708984,44.810001373291016,45.529998779296875,29.456018447875977,5697400,SO
2015-08-10,45.529998779296875,45.869998931884766,45.33000183105469,45.459999084472656,29.41073226928711,4345100,SO
2015-08-11,45.599998474121094,46.29999923706055,45.40999984741211,45.90999984741211,29.701866149902344,4382600,SO
2015-08-12,45.75,46.70000076293945,45.75,46.56999969482422,30.12885093688965,7594900,SO
2015-08-13,45.790000915527344,46.31999969482422,45.68000030517578,46.15999984741211,30.215917587280273,5564300,SO
2015-08-14,45.970001220703125,46.34000015258789,45.81999969482422,46.33000183105469,30.327198028564453,4561200,SO
2015-08-17,46.5,46.5,46.16999816894531,46.29999923706055,30.307565689086914,4835200,SO
2015-08-18,46.130001068115234,46.209999084472656,45.95000076293945,46.06999969482422,30.157011032104492,3917800,SO
2015-08-19,45.93000030517578,46.41999816894531,45.720001220703125,46.310001373291016,30.314109802246094,4723200,SO
2015-08-20,46.060001373291016,46.84000015258789,45.880001068115234,46.36000061035156,30.346839904785156,5842100,SO
2015-08-21,46.08000183105469,46.43000030517578,45.7599983215332,45.79999923706055,29.980266571044922,6848600,SO
2015-08-24,44.029998779296875,45.470001220703125,43.369998931884766,43.58000183105469,28.52707862854004,16210900,SO
2015-08-25,44.29999923706055,44.45000076293945,42.4900016784668,42.5,27.82012176513672,9664500,SO
2015-08-26,43.16999816894531,43.689998626708984,42.83000183105469,43.61000061035156,28.546714782714844,10130300,SO
2015-08-27,43.97999954223633,44.11000061035156,43.400001525878906,43.90999984741211,28.743083953857422,8610400,SO
2015-08-28,43.91999816894531,44.0,43.130001068115234,43.7400016784668,28.631807327270508,5295300,SO
2015-08-31,43.59000015258789,43.689998626708984,42.880001068115234,43.40999984741211,28.415796279907227,5855900,SO
2015-09-01,42.939998626708984,42.95000076293945,42.220001220703125,42.40999984741211,27.761199951171875,6926600,SO
2015-09-02,42.75,42.810001373291016,42.13999938964844,42.52000045776367,27.833202362060547,5784500,SO
2015-09-03,42.66999816894531,42.7599983215332,42.41999816894531,42.58000183105469,27.87248420715332,3854500,SO
2015-09-04,42.220001220703125,42.290000915527344,41.810001373291016,41.97999954223633,27.479732513427734,5488800,SO
2015-09-08,42.5,42.75,42.13999938964844,42.70000076293945,27.951030731201172,6349200,SO
2015-09-09,42.83000183105469,42.95000076293945,42.38999938964844,42.459999084472656,27.793926239013672,6482200,SO
2015-09-10,42.54999923706055,42.72999954223633,42.150001525878906,42.29999923706055,27.689197540283203,4986400,SO
2015-09-11,42.150001525878906,42.709999084472656,42.08000183105469,42.709999084472656,27.95757484436035,4311000,SO
2015-09-14,42.720001220703125,42.91999816894531,42.56999969482422,42.630001068115234,27.905216217041016,3514500,SO
2015-09-15,42.65999984741211,42.810001373291016,42.36000061035156,42.630001068115234,27.905216217041016,3446000,SO
2015-09-16,42.7400016784668,43.15999984741211,42.540000915527344,42.90999984741211,28.08849334716797,3280900,SO
2015-09-17,42.93000030517578,44.029998779296875,42.86000061035156,43.47999954223633,28.461618423461914,5311100,SO
2015-09-18,43.27000045776367,44.06999969482422,43.150001525878906,43.43000030517578,28.42888832092285,7028100,SO
2015-09-21,43.47999954223633,43.83000183105469,43.400001525878906,43.77000045776367,28.65144920349121,3808700,SO
2015-09-22,43.33000183105469,43.61000061035156,43.0,43.0099983215332,28.153953552246094,6091800,SO
2015-09-23,43.02000045776367,43.22999954223633,42.79999923706055,42.95000076293945,28.11467933654785,6377500,SO
2015-09-24,42.83000183105469,43.560001373291016,42.83000183105469,43.47999954223633,28.461618423461914,5336100,SO
2015-09-25,43.47999954223633,44.56999969482422,43.36000061035156,44.130001068115234,28.88709259033203,5687600,SO
2015-09-28,44.040000915527344,44.560001373291016,44.029998779296875,44.09000015258789,28.860919952392578,4533800,SO
2015-09-29,44.08000183105469,44.529998779296875,44.0,44.290000915527344,28.9918270111084,3984300,SO
2015-09-30,44.31999969482422,44.779998779296875,44.09000015258789,44.70000076293945,29.260223388671875,5246100,SO
2015-10-01,44.83000183105469,44.900001525878906,43.900001525878906,44.189998626708984,28.92637825012207,5220700,SO
2015-10-02,44.459999084472656,44.77000045776367,43.93000030517578,44.689998626708984,29.253665924072266,5412900,SO
2015-10-05,44.790000915527344,45.22999954223633,44.439998626708984,45.20000076293945,29.587512969970703,4323300,SO
2015-10-06,45.119998931884766,45.150001525878906,44.650001525878906,44.790000915527344,29.319128036499023,5117700,SO
2015-10-07,44.849998474121094,44.93000030517578,44.61000061035156,44.7599983215332,29.29949378967285,3413400,SO
2015-10-08,44.560001373291016,45.16999816894531,44.54999923706055,45.150001525878906,29.554779052734375,3166600,SO
2015-10-09,45.130001068115234,45.189998626708984,44.84000015258789,44.959999084472656,29.430402755737305,2994500,SO
2015-10-12,44.97999954223633,45.77000045776367,44.97999954223633,45.61000061035156,29.85588836669922,3437300,SO
2015-10-13,45.59000015258789,45.90999984741211,45.380001068115234,45.56999969482422,29.82969856262207,3857100,SO
2015-10-14,45.59000015258789,45.790000915527344,45.47999954223633,45.52000045776367,29.796985626220703,3324800,SO
2015-10-15,45.65999984741211,45.880001068115234,45.470001220703125,45.81999969482422,29.993356704711914,3324600,SO
2015-10-16,46.02000045776367,46.25,45.93000030517578,46.220001220703125,30.25519371032715,3480800,SO
2015-10-19,45.97999954223633,46.15999984741211,45.54999923706055,45.959999084472656,30.08500099182129,3652200,SO
2015-10-20,45.91999816894531,46.25,45.790000915527344,45.970001220703125,30.091543197631836,3355000,SO
2015-10-21,46.099998474121094,46.439998626708984,45.970001220703125,46.08000183105469,30.16354751586914,3098800,SO
2015-10-22,46.16999816894531,46.619998931884766,46.13999938964844,46.5,30.438478469848633,5578200,SO
2015-10-23,46.369998931884766,46.4900016784668,45.779998779296875,45.810001373291016,29.986814498901367,4552900,SO
2015-10-26,46.0,46.0,45.43000030517578,45.63999938964844,29.875534057617188,4503700,SO
2015-10-27,45.77000045776367,45.77000045776367,45.36000061035156,45.65999984741211,29.888629913330078,3692900,SO
2015-10-28,45.52000045776367,46.2599983215332,44.84000015258789,45.33000183105469,29.672609329223633,5882400,SO
2015-10-29,45.279998779296875,45.310001373291016,44.380001068115234,44.95000076293945,29.423856735229492,6763300,SO
2015-10-30,44.97999954223633,45.22999954223633,44.75,45.099998474121094,29.52204704284668,4375300,SO
2015-11-02,45.099998474121094,45.27000045776367,44.68000030517578,45.22999954223633,29.60713768005371,4821900,SO
2015-11-03,45.15999984741211,45.5099983215332,44.90999984741211,45.439998626708984,29.744613647460938,4099300,SO
2015-11-04,45.45000076293945,45.849998474121094,45.40999984741211,45.79999923706055,29.980266571044922,5014200,SO
2015-11-05,45.86000061035156,46.040000915527344,45.58000183105469,45.630001068115234,29.868988037109375,4604900,SO
2015-11-06,44.900001525878906,44.9900016784668,43.470001220703125,43.59000015258789,28.533611297607422,9996500,SO
2015-11-09,43.47999954223633,44.18000030517578,43.380001068115234,44.02000045776367,28.815099716186523,5376700,SO
2015-11-10,44.060001373291016,44.47999954223633,44.060001373291016,44.439998626708984,29.09003257751465,3117700,SO
2015-11-11,44.529998779296875,45.13999938964844,44.47999954223633,45.029998779296875,29.476238250732422,4667900,SO
2015-11-12,44.380001068115234,44.63999938964844,43.81999969482422,43.88999938964844,29.080678939819336,4239100,SO
2015-11-13,43.91999816894531,44.369998931884766,43.81999969482422,43.95000076293945,29.120431900024414,4829700,SO
2015-11-16,43.90999984741211,44.75,43.90999984741211,44.7400016784668,29.643861770629883,3432500,SO
2015-11-17,44.63999938964844,44.959999084472656,43.93000030517578,44.099998474121094,29.21980857849121,3454400,SO
2015-11-18,44.099998474121094,44.540000915527344,43.869998931884766,44.45000076293945,29.451705932617188,3942800,SO
2015-11-19,44.599998474121094,45.2599983215332,44.599998474121094,45.18000030517578,29.935401916503906,4401200,SO
2015-11-20,45.290000915527344,45.66999816894531,45.04999923706055,45.2400016784668,29.97515106201172,4320500,SO
2015-11-23,45.29999923706055,45.439998626708984,44.77000045776367,44.91999816894531,29.763124465942383,2949400,SO
2015-11-24,44.689998626708984,44.939998626708984,44.41999816894531,44.810001373291016,29.690237045288086,3146700,SO
2015-11-25,44.709999084472656,44.79999923706055,44.31999969482422,44.58000183105469,29.537845611572266,3505700,SO
2015-11-27,44.56999969482422,44.790000915527344,44.5,44.58000183105469,29.537845611572266,1331600,SO
2015-11-30,44.65999984741211,44.91999816894531,44.540000915527344,44.540000915527344,29.511348724365234,4521200,SO
2015-12-01,44.84000015258789,45.2400016784668,44.68000030517578,45.18000030517578,29.935401916503906,4938100,SO
2015-12-02,44.970001220703125,45.09000015258789,44.18000030517578,44.209999084472656,29.292699813842773,4574100,SO
2015-12-03,44.08000183105469,44.52000045776367,43.720001220703125,44.18000030517578,29.27281379699707,6922300,SO
2015-12-04,44.459999084472656,44.939998626708984,44.439998626708984,44.83000183105469,29.7034912109375,4387400,SO
2015-12-07,44.720001220703125,45.349998474121094,44.630001068115234,45.279998779296875,30.00164794921875,4642600,SO
2015-12-08,45.15999984741211,45.380001068115234,44.9900016784668,45.29999923706055,30.014917373657227,3311800,SO
2015-12-09,45.04999923706055,45.75,44.810001373291016,45.13999938964844,29.908893585205078,4412100,SO
2015-12-10,45.27000045776367,45.290000915527344,44.43000030517578,44.4900016784668,29.47821617126465,3734700,SO
2015-12-11,44.2400016784668,44.63999938964844,43.93000030517578,44.400001525878906,29.4185848236084,3720700,SO
2015-12-14,44.459999084472656,45.060001373291016,44.38999938964844,44.95000076293945,29.783010482788086,5394400,SO
2015-12-15,45.11000061035156,45.59000015258789,45.0099983215332,45.40999984741211,30.087787628173828,4650400,SO
2015-12-16,45.5,46.380001068115234,45.5,46.33000183105469,30.697372436523438,7342700,SO
2015-12-17,46.33000183105469,46.79999923706055,46.040000915527344,46.5099983215332,30.81662940979004,4499700,SO
2015-12-18,46.43000030517578,46.5099983215332,45.77000045776367,46.20000076293945,30.61123275756836,7841100,SO
2015-12-21,46.400001525878906,46.58000183105469,46.0,46.22999954223633,30.63111686706543,4250200,SO
2015-12-22,46.38999938964844,46.599998474121094,46.0,46.45000076293945,30.776874542236328,5124800,SO
2015-12-23,46.58000183105469,47.25,46.540000915527344,47.099998474121094,31.207557678222656,4714100,SO
2015-12-24,47.06999969482422,47.25,46.93000030517578,47.099998474121094,31.207557678222656,1503000,SO
2015-12-28,46.9900016784668,47.29999923706055,46.90999984741211,47.11000061035156,31.21416473388672,2801500,SO
2015-12-29,47.2599983215332,47.5,47.209999084472656,47.2599983215332,31.313560485839844,3175200,SO
2015-12-30,47.369998931884766,47.45000076293945,47.20000076293945,47.27000045776367,31.3201904296875,2524800,SO
2015-12-31,47.22999954223633,47.29999923706055,46.38999938964844,46.790000915527344,31.002153396606445,3879000,SO
2016-01-04,46.41999816894531,47.06999969482422,46.25,47.029998779296875,31.161176681518555,6946500,SO
2016-01-05,46.95000076293945,47.380001068115234,46.59000015258789,47.36000061035156,31.37982940673828,5830900,SO
2016-01-06,47.060001373291016,47.5,46.81999969482422,47.369998931884766,31.386459350585938,5868700,SO
2016-01-07,47.0,47.45000076293945,46.790000915527344,46.970001220703125,31.12142562866211,5837700,SO
2016-01-08,46.9900016784668,47.290000915527344,46.560001373291016,46.619998931884766,30.889516830444336,5220200,SO
2016-01-11,46.79999923706055,47.0099983215332,46.630001068115234,46.84000015258789,31.035282135009766,5870500,SO
2016-01-12,46.91999816894531,46.91999816894531,46.0,46.45000076293945,30.776874542236328,5762300,SO
2016-01-13,46.54999923706055,47.029998779296875,46.439998626708984,46.79999923706055,31.0087833404541,5860100,SO
2016-01-14,46.79999923706055,47.54999923706055,46.439998626708984,47.13999938964844,31.234052658081055,6057100,SO
2016-01-15,46.689998626708984,47.2400016784668,46.540000915527344,47.16999816894531,31.253938674926758,6536900,SO
2016-01-19,47.25,48.040000915527344,47.18000030517578,47.939998626708984,31.764118194580078,7627600,SO
2016-01-20,47.70000076293945,47.9900016784668,46.65999984741211,47.15999984741211,31.247295379638672,8026100,SO
2016-01-21,47.279998779296875,47.54999923706055,46.34000015258789,46.810001373291016,31.01540184020996,5876800,SO
2016-01-22,46.790000915527344,47.380001068115234,46.560001373291016,47.349998474121094,31.373197555541992,6019000,SO
2016-01-25,47.41999816894531,47.52000045776367,47.09000015258789,47.38999938964844,31.399703979492188,4287100,SO
2016-01-26,47.52000045776367,48.08000183105469,47.38999938964844,47.58000183105469,31.525585174560547,3946700,SO
2016-01-27,47.41999816894531,47.88999938964844,47.2400016784668,47.63999938964844,31.565343856811523,3350500,SO
2016-01-28,47.63999938964844,48.560001373291016,47.25,48.279998779296875,31.989391326904297,3980400,SO
2016-01-29,48.58000183105469,49.0,48.47999954223633,48.91999816894531,32.413448333740234,7181700,SO
2016-02-01,48.939998626708984,49.9900016784668,48.790000915527344,49.900001525878906,33.06278610229492,9996700,SO
2016-02-02,49.54999923706055,49.790000915527344,49.41999816894531,49.630001068115234,32.88388442993164,6308200,SO
2016-02-03,49.40999984741211,50.2400016784668,48.310001373291016,48.5099983215332,32.14179611206055,15188000,SO
2016-02-04,48.5,48.689998626708984,47.45000076293945,48.41999816894531,32.0821647644043,9049000,SO
2016-02-05,48.02000045776367,48.5,47.2599983215332,48.220001220703125,31.94965171813965,8747200,SO
2016-02-08,48.18000030517578,48.849998474121094,48.040000915527344,48.81999969482422,32.34719467163086,7027400,SO
2016-02-09,48.58000183105469,49.31999969482422,48.279998779296875,49.20000076293945,32.598976135253906,7085700,SO
2016-02-10,48.900001525878906,49.349998474121094,48.27000045776367,49.209999084472656,32.60560989379883,6086900,SO
2016-02-11,48.189998626708984,48.7599983215332,48.02000045776367,48.04999923706055,32.192230224609375,5963800,SO
2016-02-12,48.0,48.279998779296875,47.560001373291016,47.90999984741211,32.098426818847656,5077400,SO
2016-02-16,48.0099983215332,48.09000015258789,47.470001220703125,48.09000015258789,32.21902084350586,5147700,SO
2016-02-17,48.08000183105469,48.15999984741211,47.52000045776367,47.83000183105469,32.044830322265625,5218300,SO
2016-02-18,47.79999923706055,48.90999984741211,47.709999084472656,48.869998931884766,32.741600036621094,5743900,SO
2016-02-19,48.630001068115234,48.93000030517578,48.22999954223633,48.56999969482422,32.540611267089844,4602000,SO
2016-02-22,48.61000061035156,49.099998474121094,48.459999084472656,49.099998474121094,32.895694732666016,3403800,SO
2016-02-23,48.970001220703125,49.27000045776367,48.75,49.099998474121094,32.895694732666016,3495200,SO
2016-02-24,48.83000183105469,49.38999938964844,48.59000015258789,48.97999954223633,32.815303802490234,3567300,SO
2016-02-25,48.93000030517578,49.43000030517578,48.869998931884766,49.36000061035156,33.06990051269531,3652800,SO
2016-02-26,49.34000015258789,49.36000061035156,48.099998474121094,48.189998626708984,32.2860221862793,5511300,SO
2016-02-29,48.279998779296875,48.66999816894531,48.11000061035156,48.18000030517578,32.27932357788086,6043300,SO
2016-03-01,48.31999969482422,48.599998474121094,47.27000045776367,47.4900016784668,31.817045211791992,6889000,SO
2016-03-02,47.54999923706055,48.06999969482422,46.560001373291016,47.97999954223633,32.145328521728516,5464500,SO
2016-03-03,48.13999938964844,48.189998626708984,47.470001220703125,48.189998626708984,32.2860221862793,5192500,SO
2016-03-04,47.880001068115234,48.77000045776367,47.7400016784668,48.630001068115234,32.5808219909668,5305400,SO
2016-03-07,48.54999923706055,48.720001220703125,48.06999969482422,48.4900016784668,32.48701095581055,5271100,SO
2016-03-08,48.66999816894531,49.290000915527344,48.43000030517578,49.150001525878906,32.929195404052734,5362900,SO
2016-03-09,49.13999938964844,49.689998626708984,49.02000045776367,49.560001373291016,33.20387649536133,4501100,SO
2016-03-10,49.65999984741211,49.93000030517578,49.290000915527344,49.869998931884766,33.41157531738281,6727700,SO
2016-03-11,49.95000076293945,50.13999938964844,49.68000030517578,49.790000915527344,33.35797882080078,4940500,SO
2016-03-14,49.88999938964844,50.060001373291016,49.540000915527344,49.95000076293945,33.46518325805664,3787800,SO
2016-03-15,49.68000030517578,50.41999816894531,49.599998474121094,50.33000183105469,33.71977233886719,4564500,SO
2016-03-16,50.20000076293945,50.83000183105469,49.7400016784668,50.68000030517578,33.95425033569336,4506500,SO
2016-03-17,50.599998474121094,51.0,50.36000061035156,50.81999969482422,34.04804992675781,5230400,SO
2016-03-18,50.959999084472656,51.0099983215332,50.54999923706055,50.7599983215332,34.007850646972656,8057900,SO
2016-03-21,50.5,50.83000183105469,50.119998931884766,50.47999954223633,33.820255279541016,3499800,SO
2016-03-22,50.459999084472656,50.77000045776367,50.209999084472656,50.27000045776367,33.679569244384766,2882500,SO
2016-03-23,50.310001373291016,50.869998931884766,50.06999969482422,50.66999816894531,33.94755935668945,3151600,SO
2016-03-24,50.66999816894531,50.97999954223633,50.58000183105469,50.900001525878906,34.10164260864258,3587200,SO
2016-03-28,50.83000183105469,51.16999816894531,50.529998779296875,50.58000183105469,33.88726043701172,3063200,SO
2016-03-29,50.75,51.220001220703125,50.56999969482422,51.20000076293945,34.302642822265625,3943800,SO
2016-03-30,51.209999084472656,51.25,50.83000183105469,51.209999084472656,34.30935287475586,2851400,SO
2016-03-31,51.220001220703125,51.72999954223633,51.119998931884766,51.72999954223633,34.65772247314453,4999000,SO
2016-04-01,51.5,51.790000915527344,51.15999984741211,51.70000076293945,34.637630462646484,3728500,SO
2016-04-04,51.709999084472656,51.779998779296875,51.13999938964844,51.529998779296875,34.52372360229492,4262100,SO
2016-04-05,51.290000915527344,51.58000183105469,50.619998931884766,50.650001525878906,33.93416976928711,4815000,SO
2016-04-06,50.61000061035156,50.65999984741211,50.0099983215332,50.36000061035156,33.739864349365234,6000200,SO
2016-04-07,50.290000915527344,50.86000061035156,50.209999084472656,50.66999816894531,33.94755935668945,3670900,SO
2016-04-08,50.790000915527344,51.119998931884766,50.650001525878906,50.72999954223633,33.98775100708008,3778500,SO
2016-04-11,50.58000183105469,50.9900016784668,50.45000076293945,50.470001220703125,33.81355667114258,2965700,SO
2016-04-12,50.540000915527344,50.83000183105469,50.290000915527344,50.77000045776367,34.01456069946289,3475500,SO
2016-04-13,50.86000061035156,50.90999984741211,50.06999969482422,50.36000061035156,33.739864349365234,3029400,SO
2016-04-14,50.36000061035156,50.560001373291016,50.15999984741211,50.45000076293945,33.80016326904297,2993300,SO
2016-04-15,50.439998626708984,50.79999923706055,50.36000061035156,50.68000030517578,33.95425033569336,2689500,SO
2016-04-18,50.68000030517578,50.90999984741211,50.36000061035156,50.90999984741211,34.10835647583008,3017200,SO
2016-04-19,50.97999954223633,51.060001373291016,50.58000183105469,51.0,34.168643951416016,3499500,SO
2016-04-20,50.959999084472656,51.11000061035156,49.7400016784668,49.77000045776367,33.34457778930664,4965300,SO
2016-04-21,49.75,49.77000045776367,48.720001220703125,48.939998626708984,32.788509368896484,6023300,SO
2016-04-22,49.18000030517578,49.45000076293945,49.08000183105469,49.2599983215332,33.002899169921875,3285100,SO
2016-04-25,49.189998626708984,49.369998931884766,48.900001525878906,49.27000045776367,33.00959777832031,4136800,SO
2016-04-26,49.11000061035156,49.43000030517578,49.040000915527344,49.20000076293945,32.96269989013672,4334700,SO
2016-04-27,49.58000183105469,49.95000076293945,48.7599983215332,49.540000915527344,33.190486907958984,5822100,SO
2016-04-28,49.279998779296875,49.959999084472656,49.130001068115234,49.95000076293945,33.46518325805664,4577100,SO
2016-04-29,49.779998779296875,50.119998931884766,49.27000045776367,50.099998474121094,33.565673828125,5558600,SO
2016-05-02,50.25,50.689998626708984,50.09000015258789,50.40999984741211,33.77335739135742,5694600,SO
2016-05-03,50.349998474121094,50.650001525878906,50.27000045776367,50.5,33.833656311035156,3856300,SO
2016-05-04,50.31999969482422,51.540000915527344,50.31999969482422,51.36000061035156,34.40983963012695,6279400,SO
2016-05-05,51.150001525878906,51.560001373291016,50.34000015258789,50.619998931884766,33.914058685302734,7703300,SO
2016-05-06,49.150001525878906,49.560001373291016,48.83000183105469,49.4900016784668,33.156986236572266,23170100,SO
2016-05-09,49.650001525878906,50.18000030517578,49.560001373291016,49.810001373291016,33.37138366699219,7855400,SO
2016-05-10,50.0099983215332,50.33000183105469,49.650001525878906,50.13999938964844,33.59246826171875,6568700,SO
2016-05-11,50.290000915527344,50.349998474121094,49.869998931884766,50.31999969482422,33.713069915771484,5655800,SO
2016-05-12,49.7599983215332,50.33000183105469,49.34000015258789,50.15999984741211,33.98407745361328,5412500,SO
2016-05-13,50.099998474121094,50.209999084472656,49.68000030517578,49.88999938964844,33.801143646240234,4032000,SO
2016-05-16,49.75,49.959999084472656,49.5099983215332,49.939998626708984,33.835018157958984,4016700,SO
2016-05-17,49.70000076293945,49.880001068115234,48.72999954223633,49.08000183105469,33.25234603881836,5245400,SO
2016-05-18,48.849998474121094,49.08000183105469,47.939998626708984,48.040000915527344,32.54774475097656,4851600,SO
2016-05-19,47.9900016784668,48.689998626708984,47.619998931884766,48.66999816894531,32.97457504272461,4039400,SO
2016-05-20,48.81999969482422,48.86000061035156,48.380001068115234,48.650001525878906,32.96102523803711,4093500,SO
2016-05-23,48.7599983215332,48.83000183105469,48.06999969482422,48.09000015258789,32.58162307739258,3789000,SO
2016-05-24,48.310001373291016,48.540000915527344,48.04999923706055,48.459999084472656,32.83229446411133,4166400,SO
2016-05-25,48.41999816894531,48.77000045776367,48.189998626708984,48.54999923706055,32.893280029296875,3825300,SO
2016-05-26,48.470001220703125,49.25,48.470001220703125,49.220001220703125,33.34720230102539,3309600,SO
2016-05-27,49.22999954223633,49.349998474121094,48.95000076293945,49.15999984741211,33.30656051635742,3146600,SO
2016-05-31,48.95000076293945,49.439998626708984,48.84000015258789,49.439998626708984,33.49626922607422,7286700,SO
2016-06-01,49.43000030517578,49.650001525878906,49.29999923706055,49.56999969482422,33.58434295654297,5770500,SO
2016-06-02,49.5099983215332,49.619998931884766,49.0099983215332,49.36000061035156,33.44206619262695,3547500,SO
2016-06-03,49.709999084472656,50.43000030517578,49.709999084472656,50.18000030517578,33.997623443603516,4953400,SO
2016-06-06,50.40999984741211,50.40999984741211,49.849998474121094,50.130001068115234,33.9637451171875,4687400,SO
2016-06-07,50.150001525878906,50.45000076293945,50.0099983215332,50.09000015258789,33.93665313720703,3767900,SO
2016-06-08,50.0099983215332,50.369998931884766,50.0099983215332,50.369998931884766,34.1263427734375,2650300,SO
2016-06-09,50.40999984741211,50.93000030517578,50.38999938964844,50.86000061035156,34.45833969116211,3642000,SO
2016-06-10,50.70000076293945,51.22999954223633,50.70000076293945,51.11000061035156,34.62771224975586,5303600,SO
2016-06-13,51.0,51.34000015258789,50.90999984741211,50.9900016784668,34.54640197753906,5246700,SO
2016-06-14,51.0099983215332,51.33000183105469,50.7400016784668,51.33000183105469,34.776771545410156,5316200,SO
2016-06-15,51.33000183105469,51.400001525878906,50.709999084472656,50.880001068115234,34.47188949584961,4478000,SO
2016-06-16,50.91999816894531,51.220001220703125,50.7400016784668,51.060001373291016,34.593833923339844,4323300,SO
2016-06-17,51.18000030517578,51.209999084472656,50.65999984741211,51.150001525878906,34.65481185913086,9984900,SO
2016-06-20,51.0,51.150001525878906,50.41999816894531,50.939998626708984,34.51253128051758,5473700,SO
2016-06-21,50.9900016784668,51.220001220703125,50.68000030517578,50.900001525878906,34.48542404174805,3472000,SO
2016-06-22,50.97999954223633,51.06999969482422,50.72999954223633,50.849998474121094,34.45155715942383,3022900,SO
2016-06-23,50.88999938964844,51.06999969482422,50.63999938964844,51.060001373291016,34.593833923339844,4063400,SO
2016-06-24,50.75,51.689998626708984,50.630001068115234,51.189998626708984,34.68191146850586,10508200,SO
2016-06-27,51.2400016784668,52.349998474121094,51.15999984741211,52.20000076293945,35.3661994934082,9457200,SO
2016-06-28,52.060001373291016,52.459999084472656,51.61000061035156,52.310001373291016,35.44072723388672,8531400,SO
2016-06-29,52.400001525878906,52.5,52.040000915527344,52.220001220703125,35.3797607421875,5943500,SO
2016-06-30,52.31999969482422,53.63999938964844,52.220001220703125,53.630001068115234,36.33504104614258,9498400,SO
2016-07-01,53.75,53.95000076293945,53.029998779296875,53.83000183105469,36.47054672241211,6238600,SO
2016-07-05,53.79999923706055,54.41999816894531,53.79999923706055,54.25,36.75510787963867,6321700,SO
2016-07-06,54.349998474121094,54.4900016784668,53.93000030517578,54.439998626708984,36.883827209472656,5605600,SO
2016-07-07,54.31999969482422,54.31999969482422,53.5,53.65999984741211,36.35536193847656,5507900,SO
2016-07-08,53.41999816894531,54.16999816894531,52.95000076293945,54.13999938964844,36.68057632446289,5985800,SO
2016-07-11,53.88999938964844,54.08000183105469,53.470001220703125,53.790000915527344,36.44344711303711,6353700,SO
2016-07-12,53.5,53.63999938964844,52.779998779296875,52.84000015258789,35.79981994628906,6030600,SO
2016-07-13,53.099998474121094,53.189998626708984,52.83000183105469,53.130001068115234,35.99629211425781,4883300,SO
2016-07-14,53.31999969482422,53.70000076293945,53.04999923706055,53.61000061035156,36.321495056152344,8252100,SO
2016-07-15,53.689998626708984,53.869998931884766,53.189998626708984,53.630001068115234,36.33504104614258,4609200,SO
2016-07-18,53.650001525878906,53.90999984741211,53.560001373291016,53.619998931884766,36.32826614379883,3561100,SO
2016-07-19,53.630001068115234,53.79999923706055,53.45000076293945,53.619998931884766,36.32826614379883,3091800,SO
2016-07-20,53.650001525878906,53.790000915527344,53.20000076293945,53.33000183105469,36.13178253173828,3869400,SO
2016-07-21,53.220001220703125,53.970001220703125,53.08000183105469,53.900001525878906,36.517974853515625,5540900,SO
2016-07-22,53.849998474121094,54.63999938964844,53.779998779296875,54.540000915527344,36.951576232910156,5064700,SO
2016-07-25,54.5,54.599998474121094,54.209999084472656,54.540000915527344,36.951576232910156,3925300,SO
2016-07-26,54.529998779296875,54.56999969482422,54.209999084472656,54.45000076293945,36.8906135559082,6097900,SO
2016-07-27,54.13999938964844,54.47999954223633,53.220001220703125,53.540000915527344,36.27406692504883,8647300,SO
2016-07-28,53.529998779296875,53.529998779296875,53.029998779296875,53.2599983215332,36.08436584472656,6076800,SO
2016-07-29,53.2599983215332,53.70000076293945,53.220001220703125,53.5,36.24696731567383,5759700,SO
2016-08-01,53.439998626708984,53.79999923706055,53.369998931884766,53.650001525878906,36.34859848022461,4159600,SO
2016-08-02,53.4900016784668,53.58000183105469,53.150001525878906,53.36000061035156,36.1521110534668,3715900,SO
2016-08-03,53.40999984741211,53.47999954223633,52.75,53.040000915527344,35.93531036376953,5053600,SO
2016-08-04,53.099998474121094,53.400001525878906,53.0099983215332,53.15999984741211,36.01661682128906,3228900,SO
2016-08-05,53.0,53.11000061035156,52.4900016784668,52.63999938964844,35.664306640625,5165100,SO
2016-08-08,52.709999084472656,53.040000915527344,52.439998626708984,52.689998626708984,35.69817352294922,3422100,SO
2016-08-09,52.7400016784668,53.0099983215332,52.560001373291016,52.84000015258789,35.79981994628906,4201500,SO
2016-08-10,52.90999984741211,53.130001068115234,52.790000915527344,52.880001068115234,35.82691192626953,5836900,SO
2016-08-11,52.33000183105469,52.380001068115234,52.0,52.31999969482422,35.826908111572266,4479800,SO
2016-08-12,52.47999954223633,52.70000076293945,52.33000183105469,52.349998474121094,35.847450256347656,3190800,SO
2016-08-15,52.34000015258789,52.47999954223633,51.459999084472656,51.4900016784668,35.25855255126953,4124500,SO
2016-08-16,51.40999984741211,51.43000030517578,50.81999969482422,50.959999084472656,34.8956184387207,5030200,SO
2016-08-17,50.09000015258789,51.56999969482422,50.0,51.470001220703125,35.2448616027832,21768000,SO
2016-08-18,51.40999984741211,52.33000183105469,51.33000183105469,52.310001373291016,35.82006072998047,7694200,SO
2016-08-19,52.099998474121094,52.11000061035156,51.68000030517578,51.959999084472656,35.58039093017578,6552800,SO
2016-08-22,52.09000015258789,52.2400016784668,51.93000030517578,52.0,35.607784271240234,4830900,SO
2016-08-23,52.040000915527344,52.279998779296875,51.70000076293945,51.709999084472656,35.409202575683594,3655700,SO
2016-08-24,51.560001373291016,51.88999938964844,51.31999969482422,51.790000915527344,35.4639892578125,4076800,SO
2016-08-25,51.880001068115234,52.040000915527344,51.72999954223633,51.86000061035156,35.51191329956055,4108300,SO
2016-08-26,51.900001525878906,52.2599983215332,50.880001068115234,51.04999923706055,34.957252502441406,6110800,SO
2016-08-29,51.5099983215332,51.5099983215332,51.13999938964844,51.34000015258789,35.155845642089844,4705000,SO
2016-08-30,51.22999954223633,51.560001373291016,50.90999984741211,50.959999084472656,34.8956184387207,5579900,SO
2016-08-31,50.959999084472656,51.36000061035156,50.84000015258789,51.33000183105469,35.14900207519531,6173400,SO
2016-09-01,51.2400016784668,51.369998931884766,51.0099983215332,51.18000030517578,35.04627227783203,3613600,SO
2016-09-02,51.20000076293945,51.849998474121094,51.150001525878906,51.79999923706055,35.470829010009766,3869300,SO
2016-09-06,51.90999984741211,52.45000076293945,51.83000183105469,52.130001068115234,35.69681167602539,5491400,SO
2016-09-07,52.15999984741211,52.34000015258789,51.939998626708984,52.220001220703125,35.75844192504883,3564500,SO
2016-09-08,52.2599983215332,52.5099983215332,52.08000183105469,52.470001220703125,35.92961883544922,4375900,SO
2016-09-09,52.08000183105469,52.16999816894531,50.79999923706055,50.869998931884766,34.83400344848633,6415800,SO
2016-09-12,50.779998779296875,52.099998474121094,50.77000045776367,51.959999084472656,35.58039093017578,10137000,SO
2016-09-13,51.779998779296875,51.869998931884766,50.900001525878906,51.2599983215332,35.1010627746582,7083900,SO
2016-09-14,51.400001525878906,51.709999084472656,51.11000061035156,51.349998474121094,35.162681579589844,5147900,SO
2016-09-15,51.27000045776367,51.619998931884766,51.15999984741211,51.459999084472656,35.23801803588867,4984800,SO
2016-09-16,51.619998931884766,52.13999938964844,51.279998779296875,51.970001220703125,35.58723449707031,16959300,SO
2016-09-19,52.099998474121094,52.459999084472656,52.0,52.43000030517578,35.90223693847656,4464900,SO
2016-09-20,52.52000045776367,52.65999984741211,52.130001068115234,52.13999938964844,35.703651428222656,3429100,SO
2016-09-21,52.09000015258789,53.209999084472656,51.849998474121094,53.18000030517578,36.41580581665039,4880000,SO
2016-09-22,53.36000061035156,53.560001373291016,53.09000015258789,53.47999954223633,36.62123489379883,4134100,SO
2016-09-23,53.33000183105469,53.630001068115234,53.25,53.529998779296875,36.65547180175781,4282700,SO
2016-09-26,53.54999923706055,53.630001068115234,53.279998779296875,53.310001373291016,36.50482940673828,4689600,SO
2016-09-27,53.52000045776367,53.72999954223633,52.7599983215332,52.84000015258789,36.1829948425293,5774100,SO
2016-09-28,52.95000076293945,53.02000045776367,52.5099983215332,52.70000076293945,36.087120056152344,5819700,SO
2016-09-29,52.5099983215332,52.59000015258789,51.81999969482422,52.04999923706055,35.64202880859375,5877900,SO
2016-09-30,52.08000183105469,52.380001068115234,51.11000061035156,51.29999923706055,35.128440856933594,7048700,SO
2016-10-03,51.209999084472656,51.27000045776367,50.34000015258789,50.720001220703125,34.731285095214844,5459100,SO
2016-10-04,50.65999984741211,50.65999984741211,49.540000915527344,49.84000015258789,34.128692626953125,10301300,SO
2016-10-05,49.88999938964844,50.2400016784668,49.40999984741211,49.52000045776367,33.909576416015625,5617300,SO
2016-10-06,49.369998931884766,49.720001220703125,49.13999938964844,49.43000030517578,33.84793472290039,6087200,SO
2016-10-07,49.84000015258789,50.08000183105469,49.15999984741211,49.15999984741211,33.663047790527344,5247100,SO
2016-10-10,49.279998779296875,49.779998779296875,49.16999816894531,49.75,34.067054748535156,4510200,SO
2016-10-11,49.58000183105469,49.720001220703125,49.15999984741211,49.40999984741211,33.83424377441406,5868600,SO
2016-10-12,49.689998626708984,50.150001525878906,49.4900016784668,50.029998779296875,34.258792877197266,5651400,SO
2016-10-13,50.099998474121094,51.06999969482422,50.060001373291016,50.7599983215332,34.75867462158203,5275400,SO
2016-10-14,50.63999938964844,51.029998779296875,50.439998626708984,50.560001373291016,34.62171936035156,3947800,SO
2016-10-17,50.68000030517578,50.900001525878906,50.58000183105469,50.689998626708984,34.710731506347656,3054200,SO
2016-10-18,50.97999954223633,51.2599983215332,50.33000183105469,51.09000015258789,34.98464584350586,4333300,SO
2016-10-19,51.04999923706055,51.130001068115234,50.59000015258789,50.72999954223633,34.73812484741211,4769800,SO
2016-10-20,50.849998474121094,51.209999084472656,50.58000183105469,50.720001220703125,34.731285095214844,3180500,SO
2016-10-21,50.5,50.779998779296875,50.29999923706055,50.529998779296875,34.6011848449707,3342700,SO
2016-10-24,50.75,50.91999816894531,50.369998931884766,50.849998474121094,34.820308685302734,3335100,SO
2016-10-25,50.7599983215332,51.06999969482422,50.68000030517578,50.970001220703125,34.90247344970703,3587000,SO
2016-10-26,50.959999084472656,51.060001373291016,50.560001373291016,50.970001220703125,34.90247344970703,3983900,SO
2016-10-27,50.84000015258789,50.93000030517578,50.380001068115234,50.7599983215332,34.75867462158203,4776700,SO
2016-10-28,50.84000015258789,50.9900016784668,50.4900016784668,50.70000076293945,34.71759033203125,5012700,SO
2016-10-31,50.849998474121094,52.22999954223633,50.66999816894531,51.56999969482422,35.313331604003906,6497900,SO
2016-11-01,51.619998931884766,51.68000030517578,50.290000915527344,50.47999954223633,34.56694030761719,6475800,SO
2016-11-02,50.31999969482422,50.400001525878906,49.52000045776367,50.189998626708984,34.36835479736328,6211100,SO
2016-11-03,50.22999954223633,50.630001068115234,50.0099983215332,50.38999938964844,34.50532150268555,4428800,SO
2016-11-04,50.560001373291016,50.77000045776367,50.0,50.11000061035156,34.313575744628906,4807200,SO
2016-11-07,50.2599983215332,50.630001068115234,49.439998626708984,50.619998931884766,34.662803649902344,6570700,SO
2016-11-08,50.75,51.040000915527344,50.529998779296875,50.7599983215332,34.75867462158203,5678000,SO
2016-11-09,49.709999084472656,49.880001068115234,48.91999816894531,49.220001220703125,33.70412826538086,13795200,SO
2016-11-10,49.02000045776367,49.02000045776367,47.08000183105469,47.90999984741211,32.80708694458008,11719200,SO
2016-11-11,47.95000076293945,48.22999954223633,47.56999969482422,47.779998779296875,32.71806716918945,6956300,SO
2016-11-14,47.5099983215332,47.720001220703125,46.81999969482422,47.630001068115234,32.6153678894043,7942000,SO
2016-11-15,48.150001525878906,48.529998779296875,47.869998931884766,48.34000015258789,33.10154342651367,5828500,SO
2016-11-16,48.5,48.61000061035156,47.91999816894531,48.43000030517578,33.16318893432617,7003800,SO
2016-11-17,47.790000915527344,47.84000015258789,47.45000076293945,47.5,32.906837463378906,5224300,SO
2016-11-18,47.560001373291016,47.650001525878906,46.88999938964844,47.130001068115234,32.6505126953125,5611600,SO
2016-11-21,47.25,47.619998931884766,47.04999923706055,47.540000915527344,32.93455123901367,5330100,SO
2016-11-22,47.47999954223633,47.72999954223633,47.189998626708984,47.599998474121094,32.97612380981445,4976800,SO
2016-11-23,47.22999954223633,47.560001373291016,47.09000015258789,47.22999954223633,32.71979522705078,4562700,SO
2016-11-25,47.40999984741211,47.95000076293945,47.40999984741211,47.779998779296875,33.10081481933594,2486200,SO
2016-11-28,47.83000183105469,48.380001068115234,47.79999923706055,48.310001373291016,33.467994689941406,5546900,SO
2016-11-29,48.16999816894531,48.709999084472656,48.099998474121094,48.310001373291016,33.467994689941406,7445800,SO
2016-11-30,47.849998474121094,47.849998474121094,46.790000915527344,46.81999969482422,32.43575668334961,9665800,SO
2016-12-01,46.72999954223633,46.7400016784668,46.20000076293945,46.59000015258789,32.27642822265625,5569200,SO
2016-12-02,46.91999816894531,47.16999816894531,46.52000045776367,46.7599983215332,32.39418411254883,4386200,SO
2016-12-05,46.599998474121094,46.880001068115234,46.2400016784668,46.869998931884766,32.47039031982422,5010000,SO
2016-12-06,47.150001525878906,47.150001525878906,46.7599983215332,46.93000030517578,32.511962890625,4573200,SO
2016-12-07,47.0,47.41999816894531,47.0,47.150001525878906,32.66437530517578,5727200,SO
2016-12-08,46.88999938964844,47.459999084472656,46.58000183105469,47.40999984741211,32.844505310058594,5520100,SO
2016-12-09,47.40999984741211,47.95000076293945,47.31999969482422,47.939998626708984,33.211669921875,5025300,SO
2016-12-12,47.83000183105469,48.75,47.810001373291016,48.720001220703125,33.75202941894531,5017600,SO
2016-12-13,48.81999969482422,49.209999084472656,48.630001068115234,49.189998626708984,34.07762908935547,5624500,SO
2016-12-14,49.36000061035156,49.63999938964844,48.400001525878906,48.47999954223633,33.58576583862305,6903800,SO
2016-12-15,48.029998779296875,48.56999969482422,47.790000915527344,48.459999084472656,33.571903228759766,6247800,SO
2016-12-16,48.5,49.0,48.40999984741211,48.91999816894531,33.890586853027344,6843500,SO
2016-12-19,49.04999923706055,49.290000915527344,48.68000030517578,49.09000015258789,34.00836181640625,2990700,SO
2016-12-20,49.09000015258789,49.380001068115234,48.900001525878906,49.20000076293945,34.08456039428711,2949400,SO
2016-12-21,49.2599983215332,49.54999923706055,49.20000076293945,49.2400016784668,34.11227798461914,2837400,SO
2016-12-22,49.150001525878906,49.380001068115234,48.959999084472656,49.36000061035156,34.19541549682617,2953300,SO
2016-12-23,49.36000061035156,49.5,49.20000076293945,49.33000183105469,34.17462158203125,1923900,SO
2016-12-27,49.31999969482422,49.459999084472656,49.09000015258789,49.29999923706055,34.153839111328125,1992900,SO
2016-12-28,49.36000061035156,49.439998626708984,48.79999923706055,48.900001525878906,33.876739501953125,2520600,SO
2016-12-29,49.189998626708984,49.439998626708984,48.90999984741211,49.369998931884766,34.20233154296875,2766600,SO
2016-12-30,49.439998626708984,49.54999923706055,49.029998779296875,49.189998626708984,34.07762908935547,3484300,SO
2017-01-03,49.150001525878906,49.25,48.66999816894531,49.040000915527344,33.973731994628906,3974400,SO
2017-01-04,49.02000045776367,49.29999923706055,48.84000015258789,48.9900016784668,33.9390869140625,3864000,SO
2017-01-05,49.04999923706055,49.209999084472656,48.61000061035156,49.13999938964844,34.042991638183594,4844400,SO
2017-01-06,48.959999084472656,49.20000076293945,48.7599983215332,49.0099983215332,33.95292663574219,4800200,SO
2017-01-09,48.900001525878906,49.15999984741211,48.47999954223633,48.529998779296875,33.620391845703125,4271400,SO
2017-01-10,48.599998474121094,48.599998474121094,48.189998626708984,48.380001068115234,33.5164909362793,3569400,SO
2017-01-11,48.279998779296875,48.81999969482422,48.25,48.7400016784668,33.7658805847168,2636400,SO
2017-01-12,48.79999923706055,49.099998474121094,48.540000915527344,49.0,33.94600296020508,3500500,SO
2017-01-13,48.83000183105469,48.91999816894531,48.400001525878906,48.79999923706055,33.807456970214844,3590700,SO
2017-01-17,48.95000076293945,49.72999954223633,48.88999938964844,49.689998626708984,34.42401885986328,4882300,SO
2017-01-18,49.54999923706055,49.849998474121094,49.5,49.619998931884766,34.375526428222656,3444500,SO
2017-01-19,49.279998779296875,49.5,48.900001525878906,49.04999923706055,33.980648040771484,3738500,SO
2017-01-20,49.09000015258789,49.25,48.81999969482422,49.060001373291016,33.987571716308594,3598500,SO
2017-01-23,49.209999084472656,49.29999923706055,48.81999969482422,48.83000183105469,33.8282470703125,3170500,SO
2017-01-24,48.83000183105469,49.13999938964844,48.5,48.56999969482422,33.64812088012695,5507300,SO
2017-01-25,48.470001220703125,48.52000045776367,48.22999954223633,48.4900016784668,33.59269332885742,4373400,SO
2017-01-26,48.45000076293945,48.7400016784668,48.34000015258789,48.630001068115234,33.68968963623047,3485700,SO
2017-01-27,48.7400016784668,48.86000061035156,48.36000061035156,48.47999954223633,33.58576583862305,4255200,SO
2017-01-30,48.619998931884766,48.66999816894531,48.25,48.65999984741211,33.7104606628418,4040900,SO
2017-01-31,48.7400016784668,49.599998474121094,48.68000030517578,49.43000030517578,34.243900299072266,5863000,SO
2017-02-01,49.119998931884766,49.119998931884766,48.11000061035156,48.54999923706055,33.63425827026367,7546400,SO
2017-02-02,48.58000183105469,49.02000045776367,48.459999084472656,48.97999954223633,33.932159423828125,4380500,SO
2017-02-03,49.02000045776367,49.13999938964844,48.7400016784668,48.83000183105469,33.8282470703125,3389300,SO
2017-02-06,48.970001220703125,49.09000015258789,48.720001220703125,48.7599983215332,33.77973937988281,3145700,SO
2017-02-07,48.86000061035156,48.90999984741211,48.61000061035156,48.77000045776367,33.78667068481445,3710500,SO
2017-02-08,48.849998474121094,49.34000015258789,48.81999969482422,49.220001220703125,34.098411560058594,3932000,SO
2017-02-09,49.220001220703125,49.40999984741211,48.709999084472656,48.86000061035156,33.84901809692383,4827900,SO
2017-02-10,48.810001373291016,49.15999984741211,48.7400016784668,49.04999923706055,33.980648040771484,3502600,SO
2017-02-13,49.060001373291016,49.290000915527344,48.86000061035156,49.220001220703125,34.098411560058594,3348800,SO
2017-02-14,49.0099983215332,49.02000045776367,48.25,48.59000015258789,33.66197204589844,5319300,SO
2017-02-15,48.349998474121094,48.400001525878906,47.95000076293945,48.349998474121094,33.49570846557617,6017600,SO
2017-02-16,47.849998474121094,48.27000045776367,47.7599983215332,48.2400016784668,33.81111145019531,5632700,SO
2017-02-17,48.290000915527344,48.36000061035156,47.68000030517578,47.79999923706055,33.502716064453125,7118300,SO
2017-02-21,47.7400016784668,48.34000015258789,47.56999969482422,48.279998779296875,33.839141845703125,8673400,SO
2017-02-22,48.2599983215332,49.09000015258789,48.0099983215332,48.9900016784668,34.3367805480957,7522600,SO
2017-02-23,49.0,49.86000061035156,48.939998626708984,49.66999816894531,34.813377380371094,8940900,SO
2017-02-24,49.79999923706055,50.58000183105469,49.779998779296875,50.5,35.39512634277344,8351200,SO
2017-02-27,50.45000076293945,50.45000076293945,50.20000076293945,50.27000045776367,35.23392105102539,4650300,SO
2017-02-28,50.13999938964844,50.88999938964844,50.119998931884766,50.81999969482422,35.619407653808594,6668400,SO
2017-03-01,50.27000045776367,50.56999969482422,49.970001220703125,50.060001373291016,35.086734771728516,7153800,SO
2017-03-02,49.779998779296875,50.56999969482422,49.63999938964844,50.31999969482422,35.26897048950195,5343900,SO
2017-03-03,50.34000015258789,50.61000061035156,49.939998626708984,50.369998931884766,35.30400466918945,5710800,SO
2017-03-06,50.599998474121094,50.61000061035156,50.15999984741211,50.2400016784668,35.21289825439453,4245200,SO
2017-03-07,50.099998474121094,50.5,50.060001373291016,50.400001525878906,35.325042724609375,4507300,SO
2017-03-08,50.040000915527344,50.040000915527344,49.650001525878906,49.77000045776367,34.88346481323242,4324800,SO
2017-03-09,49.900001525878906,49.9900016784668,49.45000076293945,49.5,34.694236755371094,4246900,SO
2017-03-10,49.77000045776367,49.77000045776367,49.29999923706055,49.630001068115234,34.78535079956055,5128100,SO
2017-03-13,49.59000015258789,49.790000915527344,49.529998779296875,49.72999954223633,34.855445861816406,4403000,SO
2017-03-14,49.689998626708984,50.029998779296875,49.599998474121094,49.880001068115234,34.96056365966797,3294200,SO
2017-03-15,49.939998626708984,50.849998474121094,49.79999923706055,50.630001068115234,35.48624038696289,4398600,SO
2017-03-16,50.45000076293945,50.5,50.029998779296875,50.189998626708984,35.17784118652344,3785900,SO
2017-03-17,50.41999816894531,50.95000076293945,50.20000076293945,50.66999816894531,35.514286041259766,9720000,SO
2017-03-20,50.70000076293945,50.880001068115234,50.2599983215332,50.380001068115234,35.311012268066406,3839300,SO
2017-03-21,50.310001373291016,51.15999984741211,50.20000076293945,51.0099983215332,35.75257873535156,5945200,SO
2017-03-22,51.06999969482422,51.470001220703125,50.709999084472656,50.72999954223633,35.55632400512695,6175500,SO
2017-03-23,50.630001068115234,51.04999923706055,50.18000030517578,50.369998931884766,35.30400466918945,8531000,SO
2017-03-24,50.369998931884766,50.619998931884766,50.15999984741211,50.41999816894531,35.33905792236328,5248800,SO
2017-03-27,50.54999923706055,50.79999923706055,50.119998931884766,50.29999923706055,35.254947662353516,3680500,SO
2017-03-28,50.18000030517578,50.31999969482422,49.970001220703125,50.09000015258789,35.10776901245117,5733600,SO
2017-03-29,49.81999969482422,50.13999938964844,49.540000915527344,49.95000076293945,35.00963592529297,7637000,SO
2017-03-30,49.75,49.849998474121094,49.310001373291016,49.66999816894531,34.813377380371094,5575700,SO
2017-03-31,49.630001068115234,50.0,49.61000061035156,49.779998779296875,34.890480041503906,6506900,SO
2017-04-03,49.68000030517578,49.97999954223633,49.400001525878906,49.959999084472656,35.01664352416992,5177600,SO
2017-04-04,49.959999084472656,50.189998626708984,49.7599983215332,50.02000045776367,35.05868911743164,3854400,SO
2017-04-05,49.91999816894531,50.47999954223633,49.84000015258789,50.43000030517578,35.346065521240234,3586700,SO
2017-04-06,50.25,50.33000183105469,49.900001525878906,50.130001068115234,35.13579559326172,6301900,SO
2017-04-07,50.209999084472656,50.279998779296875,49.65999984741211,49.689998626708984,34.827396392822266,7308600,SO
2017-04-10,49.689998626708984,49.86000061035156,49.380001068115234,49.66999816894531,34.813377380371094,5021300,SO
2017-04-11,49.63999938964844,49.70000076293945,49.18000030517578,49.29999923706055,34.55405044555664,9536000,SO
2017-04-12,49.11000061035156,49.77000045776367,49.0099983215332,49.65999984741211,34.806373596191406,7684800,SO
2017-04-13,49.68000030517578,49.68000030517578,49.310001373291016,49.41999816894531,34.638160705566406,5981700,SO
2017-04-17,49.52000045776367,49.83000183105469,49.47999954223633,49.779998779296875,34.890480041503906,3201700,SO
2017-04-18,49.86000061035156,50.04999923706055,49.7599983215332,49.970001220703125,35.02366256713867,3755700,SO
2017-04-19,49.90999984741211,49.970001220703125,49.599998474121094,49.75,34.86944580078125,3742400,SO
2017-04-20,49.75,49.779998779296875,49.290000915527344,49.77000045776367,34.88346481323242,5219000,SO
2017-04-21,49.709999084472656,50.150001525878906,49.709999084472656,49.97999954223633,35.03065872192383,4433200,SO
2017-04-24,50.029998779296875,50.20000076293945,49.68000030517578,50.150001525878906,35.14981460571289,4097100,SO
2017-04-25,49.9900016784668,50.18000030517578,49.81999969482422,50.15999984741211,35.156822204589844,3176500,SO
2017-04-26,50.060001373291016,50.33000183105469,49.939998626708984,49.970001220703125,35.02366256713867,2781600,SO
2017-04-27,50.029998779296875,50.31999969482422,50.0,50.06999969482422,35.0937385559082,2944400,SO
2017-04-28,50.0,50.029998779296875,49.689998626708984,49.79999923706055,34.90449523925781,7684700,SO
2017-05-01,49.810001373291016,49.86000061035156,49.54999923706055,49.59000015258789,34.7573127746582,3018200,SO
2017-05-02,49.70000076293945,49.86000061035156,49.45000076293945,49.5099983215332,34.701236724853516,4031100,SO
2017-05-03,49.58000183105469,49.84000015258789,49.45000076293945,49.470001220703125,34.6732063293457,4202100,SO
2017-05-04,49.400001525878906,49.849998474121094,49.2599983215332,49.790000915527344,34.89749526977539,4635300,SO
2017-05-05,49.880001068115234,50.13999938964844,49.790000915527344,50.06999969482422,35.0937385559082,4593200,SO
2017-05-08,50.099998474121094,50.130001068115234,49.790000915527344,50.029998779296875,35.065704345703125,3817400,SO
2017-05-09,50.0,50.08000183105469,49.810001373291016,49.97999954223633,35.03065872192383,5246100,SO
2017-05-10,50.0,50.029998779296875,49.599998474121094,49.869998931884766,34.95356369018555,5279700,SO
2017-05-11,49.25,49.779998779296875,49.150001525878906,49.77000045776367,35.293941497802734,5507100,SO
2017-05-12,49.810001373291016,50.02000045776367,49.7400016784668,49.869998931884766,35.3648681640625,3996400,SO
2017-05-15,49.86000061035156,50.029998779296875,49.77000045776367,49.97999954223633,35.44287109375,3452600,SO
2017-05-16,49.88999938964844,49.939998626708984,49.34000015258789,49.34000015258789,34.989013671875,4477900,SO
2017-05-17,49.34000015258789,49.86000061035156,49.34000015258789,49.63999938964844,35.201759338378906,4554600,SO
2017-05-18,49.79999923706055,49.97999954223633,49.41999816894531,49.77000045776367,35.293941497802734,4243600,SO
2017-05-19,49.68000030517578,49.880001068115234,49.540000915527344,49.880001068115234,35.3719482421875,6325400,SO
2017-05-22,49.81999969482422,50.040000915527344,49.65999984741211,50.0099983215332,35.464141845703125,5880200,SO
2017-05-23,50.04999923706055,50.400001525878906,50.0,50.08000183105469,35.51378631591797,5441600,SO
2017-05-24,50.189998626708984,50.470001220703125,50.150001525878906,50.380001068115234,35.72651672363281,4048700,SO
2017-05-25,50.380001068115234,50.619998931884766,50.25,50.5,35.81161880493164,5144200,SO
2017-05-26,50.5,50.54999923706055,50.349998474121094,50.45000076293945,35.776161193847656,3265900,SO
2017-05-30,50.470001220703125,50.7400016784668,50.34000015258789,50.56999969482422,35.86125183105469,3848600,SO
2017-05-31,50.65999984741211,50.93000030517578,50.599998474121094,50.61000061035156,35.88962936401367,8671000,SO
2017-06-01,50.650001525878906,50.97999954223633,50.529998779296875,50.93000030517578,36.11655807495117,5270300,SO
2017-06-02,51.029998779296875,51.16999816894531,50.84000015258789,51.0099983215332,36.17327880859375,4994400,SO
2017-06-05,50.93000030517578,50.97999954223633,50.77000045776367,50.810001373291016,36.031455993652344,3221700,SO
2017-06-06,51.09000015258789,51.18000030517578,50.709999084472656,50.790000915527344,36.01728057861328,3850700,SO
2017-06-07,50.7599983215332,51.119998931884766,50.709999084472656,51.0099983215332,36.17327880859375,4475500,SO
2017-06-08,51.0099983215332,51.0099983215332,50.4900016784668,50.7400016784668,35.9818229675293,5667000,SO
2017-06-09,50.630001068115234,50.72999954223633,50.34000015258789,50.68000030517578,35.93926239013672,3498100,SO
2017-06-12,50.86000061035156,51.34000015258789,50.75,50.849998474121094,36.0598258972168,4967500,SO
2017-06-13,50.79999923706055,51.15999984741211,50.689998626708984,51.060001373291016,36.208744049072266,3653400,SO
2017-06-14,51.36000061035156,51.630001068115234,51.209999084472656,51.220001220703125,36.322200775146484,4916000,SO
2017-06-15,51.209999084472656,51.75,51.189998626708984,51.709999084472656,36.66968536376953,5185300,SO
2017-06-16,51.779998779296875,51.970001220703125,51.45000076293945,51.529998779296875,36.54203414916992,8791500,SO
2017-06-19,51.4900016784668,51.66999816894531,51.22999954223633,51.41999816894531,36.46403503417969,4144600,SO
2017-06-20,51.43000030517578,51.7400016784668,51.41999816894531,51.709999084472656,36.66968536376953,2724000,SO
2017-06-21,51.72999954223633,51.77000045776367,51.0,51.20000076293945,36.30801773071289,3678000,SO
2017-06-22,51.04999923706055,51.04999923706055,50.25,50.380001068115234,35.72651672363281,5180000,SO
2017-06-23,50.29999923706055,50.400001525878906,49.7599983215332,49.84000015258789,35.34359359741211,5480700,SO
2017-06-26,49.88999938964844,50.36000061035156,49.72999954223633,50.099998474121094,35.5279655456543,3721100,SO
2017-06-27,49.900001525878906,49.9900016784668,49.279998779296875,49.400001525878906,35.031578063964844,4399200,SO
2017-06-28,49.52000045776367,49.54999923706055,49.099998474121094,49.150001525878906,34.85427474975586,4316100,SO
2017-06-29,48.7400016784668,48.75,48.15999984741211,48.290000915527344,34.244422912597656,7203200,SO
2017-06-30,48.2400016784668,48.45000076293945,47.869998931884766,47.880001068115234,33.953670501708984,5782900,SO
2017-07-03,47.9900016784668,48.04999923706055,47.58000183105469,47.650001525878906,33.79057312011719,2804200,SO
2017-07-05,47.720001220703125,47.72999954223633,47.34000015258789,47.41999816894531,33.62747573852539,4753800,SO
2017-07-06,47.279998779296875,47.4900016784668,47.130001068115234,47.400001525878906,33.61328125,4044800,SO
2017-07-07,47.45000076293945,47.599998474121094,47.279998779296875,47.36000061035156,33.58491516113281,3510100,SO
2017-07-10,47.65999984741211,47.66999816894531,47.27000045776367,47.279998779296875,33.528194427490234,3980100,SO
2017-07-11,47.36000061035156,47.41999816894531,47.09000015258789,47.279998779296875,33.528194427490234,3380700,SO
2017-07-12,47.54999923706055,47.65999984741211,47.470001220703125,47.5099983215332,33.69129943847656,3439700,SO
2017-07-13,47.619998931884766,47.650001525878906,47.099998474121094,47.119998931884766,33.41471862792969,3334900,SO
2017-07-14,47.41999816894531,47.560001373291016,47.220001220703125,47.2599983215332,33.51401138305664,3453800,SO
2017-07-17,47.25,47.310001373291016,46.90999984741211,47.040000915527344,33.358001708984375,5191000,SO
2017-07-18,47.099998474121094,47.16999816894531,46.869998931884766,47.119998931884766,33.41471862792969,4916700,SO
2017-07-19,47.20000076293945,47.29999923706055,47.08000183105469,47.22999954223633,33.492733001708984,3519900,SO
2017-07-20,47.310001373291016,47.43000030517578,47.189998626708984,47.31999969482422,33.55655288696289,3373800,SO
2017-07-21,47.27000045776367,47.880001068115234,47.20000076293945,47.880001068115234,33.953670501708984,4117200,SO
2017-07-24,47.86000061035156,47.880001068115234,47.2400016784668,47.25,33.50691604614258,4513300,SO
2017-07-25,47.290000915527344,47.31999969482422,46.7599983215332,46.779998779296875,33.173622131347656,4010400,SO
2017-07-26,46.779998779296875,47.400001525878906,46.709999084472656,47.400001525878906,33.61328125,4153200,SO
2017-07-27,47.189998626708984,47.81999969482422,47.04999923706055,47.81999969482422,33.9111328125,4629100,SO
2017-07-28,47.810001373291016,47.970001220703125,47.2599983215332,47.5099983215332,33.69129943847656,4263400,SO
2017-07-31,47.5099983215332,48.0,47.33000183105469,47.93000030517578,33.9891357421875,5973100,SO
2017-08-01,48.029998779296875,49.060001373291016,48.0099983215332,48.529998779296875,34.414608001708984,8875900,SO
2017-08-02,48.5099983215332,50.08000183105469,47.90999984741211,49.779998779296875,35.30104064941406,9067300,SO
2017-08-03,49.47999954223633,49.70000076293945,49.18000030517578,49.36000061035156,35.00320816040039,6066700,SO
2017-08-04,49.099998474121094,49.2400016784668,48.540000915527344,48.790000915527344,34.5989875793457,5375300,SO
2017-08-07,48.779998779296875,49.040000915527344,48.689998626708984,49.0,34.747901916503906,4051000,SO
2017-08-08,48.90999984741211,49.20000076293945,48.779998779296875,49.119998931884766,34.8330192565918,5256800,SO
2017-08-09,49.20000076293945,49.220001220703125,48.779998779296875,48.849998474121094,34.641544342041016,5181900,SO
2017-08-10,48.810001373291016,48.959999084472656,48.56999969482422,48.810001373291016,34.613182067871094,3319000,SO
2017-08-11,48.810001373291016,48.86000061035156,48.2599983215332,48.41999816894531,34.336605072021484,3227000,SO
2017-08-14,48.41999816894531,48.650001525878906,48.31999969482422,48.63999938964844,34.49262237548828,3773300,SO
2017-08-15,48.529998779296875,48.959999084472656,48.5,48.959999084472656,34.719547271728516,2917400,SO
2017-08-16,48.880001068115234,49.150001525878906,48.86000061035156,48.9900016784668,34.74082565307617,3033300,SO
2017-08-17,48.41999816894531,48.45000076293945,47.900001525878906,47.91999816894531,34.38917922973633,3346400,SO
2017-08-18,47.84000015258789,48.4900016784668,47.689998626708984,48.29999923706055,34.66188049316406,4853000,SO
2017-08-21,48.34000015258789,48.43000030517578,48.06999969482422,48.290000915527344,34.65470504760742,4699300,SO
2017-08-22,48.20000076293945,48.220001220703125,47.779998779296875,47.95000076293945,34.410701751708984,4134600,SO
2017-08-23,47.9900016784668,48.08000183105469,47.849998474121094,48.040000915527344,34.47529602050781,3224200,SO
2017-08-24,48.029998779296875,48.13999938964844,47.880001068115234,48.02000045776367,34.460941314697266,2877800,SO
2017-08-25,48.20000076293945,48.5099983215332,47.97999954223633,48.310001373291016,34.6690559387207,3792600,SO
2017-08-28,48.43000030517578,48.4900016784668,48.099998474121094,48.349998474121094,34.69776153564453,2549300,SO
2017-08-29,48.40999984741211,48.47999954223633,48.11000061035156,48.18000030517578,34.57575607299805,2334300,SO
2017-08-30,48.150001525878906,48.2400016784668,47.95000076293945,48.209999084472656,34.5972900390625,2460800,SO
2017-08-31,48.349998474121094,48.5,48.209999084472656,48.2599983215332,34.6331672668457,4325500,SO
2017-09-01,48.31999969482422,48.31999969482422,47.880001068115234,48.2599983215332,34.6331672668457,3112800,SO
2017-09-05,48.310001373291016,49.189998626708984,48.209999084472656,49.15999984741211,35.279048919677734,6725300,SO
2017-09-06,49.349998474121094,49.459999084472656,49.08000183105469,49.279998779296875,35.365177154541016,7368000,SO
2017-09-07,49.29999923706055,50.0,49.099998474121094,49.95000076293945,35.84598159790039,7074800,SO
2017-09-08,49.72999954223633,50.27000045776367,49.599998474121094,50.20000076293945,36.025390625,5696200,SO
2017-09-11,50.04999923706055,50.63999938964844,49.959999084472656,50.61000061035156,36.31962585449219,5297700,SO
2017-09-12,50.4900016784668,50.58000183105469,49.2599983215332,49.560001373291016,35.56610107421875,5912600,SO
2017-09-13,49.52000045776367,49.560001373291016,49.15999984741211,49.41999816894531,35.465633392333984,4398500,SO
2017-09-14,49.650001525878906,50.4900016784668,49.439998626708984,50.400001525878906,36.168922424316406,6166900,SO
2017-09-15,50.599998474121094,50.79999923706055,50.31999969482422,50.63999938964844,36.341156005859375,7244800,SO
2017-09-18,50.70000076293945,50.720001220703125,49.72999954223633,50.06999969482422,35.93209457397461,3859900,SO
2017-09-19,50.06999969482422,50.099998474121094,49.68000030517578,49.869998931884766,35.78856658935547,5110100,SO
2017-09-20,50.02000045776367,50.099998474121094,49.2400016784668,49.45000076293945,35.48716354370117,4721000,SO
2017-09-21,49.4900016784668,49.63999938964844,49.2400016784668,49.27000045776367,35.35798645019531,3040000,SO
2017-09-22,49.36000061035156,49.40999984741211,48.7599983215332,48.81999969482422,35.035064697265625,4155500,SO
2017-09-25,48.79999923706055,49.15999984741211,48.779998779296875,49.029998779296875,35.18574523925781,4518300,SO
2017-09-26,49.0,49.029998779296875,48.65999984741211,48.790000915527344,35.01352310180664,3976300,SO
2017-09-27,48.529998779296875,48.77000045776367,48.290000915527344,48.52000045776367,34.81975173950195,6676300,SO
2017-09-28,48.41999816894531,48.959999084472656,48.369998931884766,48.939998626708984,35.12117004394531,5880800,SO
2017-09-29,49.029998779296875,49.43000030517578,48.56999969482422,49.13999938964844,35.26469421386719,7244900,SO
2017-10-02,49.16999816894531,49.439998626708984,48.95000076293945,49.13999938964844,35.26469421386719,4478500,SO
2017-10-03,48.970001220703125,48.97999954223633,48.619998931884766,48.790000915527344,35.01352310180664,3546000,SO
2017-10-04,48.7400016784668,49.13999938964844,48.70000076293945,49.099998474121094,35.235992431640625,4321500,SO
2017-10-05,49.13999938964844,49.470001220703125,48.939998626708984,49.36000061035156,35.422576904296875,4040700,SO
2017-10-06,49.18000030517578,49.61000061035156,49.02000045776367,49.59000015258789,35.58763122558594,3208900,SO
2017-10-09,49.56999969482422,49.709999084472656,49.5099983215332,49.650001525878906,35.63068771362305,2955500,SO
2017-10-10,49.7400016784668,50.2599983215332,49.63999938964844,50.2400016784668,36.0540885925293,4139000,SO
2017-10-11,50.09000015258789,50.7599983215332,50.09000015258789,50.47999954223633,36.22633361816406,4431800,SO
2017-10-12,50.47999954223633,50.849998474121094,50.38999938964844,50.7400016784668,36.41291427612305,3420200,SO
2017-10-13,50.849998474121094,51.13999938964844,50.75,50.939998626708984,36.55643081665039,4632200,SO
2017-10-16,50.84000015258789,51.279998779296875,50.810001373291016,51.13999938964844,36.69997024536133,4365000,SO
2017-10-17,51.06999969482422,51.220001220703125,50.72999954223633,51.13999938964844,36.69997024536133,3691300,SO
2017-10-18,51.029998779296875,51.27000045776367,50.869998931884766,51.27000045776367,36.79325866699219,2699600,SO
2017-10-19,51.29999923706055,52.029998779296875,51.279998779296875,52.0,37.3171501159668,4804600,SO
2017-10-20,51.900001525878906,52.34000015258789,51.79999923706055,52.209999084472656,37.46784591674805,4122800,SO
2017-10-23,52.13999938964844,52.279998779296875,51.959999084472656,52.20000076293945,37.46066665649414,3000000,SO
2017-10-24,52.099998474121094,52.40999984741211,51.900001525878906,52.369998931884766,37.58266830444336,4889300,SO
2017-10-25,52.18000030517578,52.33000183105469,51.689998626708984,52.209999084472656,37.46784591674805,4600000,SO
2017-10-26,52.349998474121094,52.59000015258789,52.0099983215332,52.060001373291016,37.36018371582031,3501800,SO
2017-10-27,51.97999954223633,52.29999923706055,51.81999969482422,52.09000015258789,37.381717681884766,3179000,SO
2017-10-30,52.040000915527344,52.16999816894531,51.83000183105469,52.09000015258789,37.381717681884766,3346000,SO
2017-10-31,52.02000045776367,52.279998779296875,51.880001068115234,52.20000076293945,37.46066665649414,4721100,SO
2017-11-01,52.400001525878906,52.400001525878906,51.7599983215332,52.08000183105469,37.374549865722656,3957600,SO
2017-11-02,52.380001068115234,53.27000045776367,52.20000076293945,53.25,38.21418762207031,6568500,SO
2017-11-03,53.09000015258789,53.5099983215332,52.41999816894531,52.439998626708984,37.632896423339844,4841800,SO
2017-11-06,52.34000015258789,52.349998474121094,51.560001373291016,51.650001525878906,37.06597137451172,5631700,SO
2017-11-07,51.720001220703125,51.9900016784668,51.310001373291016,51.720001220703125,37.1162109375,5454100,SO
2017-11-08,51.7400016784668,52.0,51.2400016784668,51.77000045776367,37.15208435058594,5425000,SO
2017-11-09,51.75,52.02000045776367,51.560001373291016,52.0099983215332,37.324310302734375,3633300,SO
2017-11-10,51.72999954223633,51.72999954223633,51.31999969482422,51.36000061035156,36.85784912109375,3501800,SO
2017-11-13,51.45000076293945,51.9900016784668,51.400001525878906,51.81999969482422,37.18796157836914,2780200,SO
2017-11-14,51.709999084472656,52.34000015258789,51.650001525878906,52.310001373291016,37.539608001708984,3890000,SO
2017-11-15,52.34000015258789,52.650001525878906,51.849998474121094,51.91999816894531,37.25972366333008,3589400,SO
2017-11-16,51.95000076293945,52.029998779296875,51.58000183105469,51.939998626708984,37.274078369140625,4356100,SO
2017-11-17,51.369998931884766,51.630001068115234,50.95000076293945,50.970001220703125,36.991031646728516,5389200,SO
2017-11-20,51.04999923706055,51.31999969482422,50.970001220703125,51.18000030517578,37.14344024658203,2950600,SO
2017-11-21,51.2599983215332,51.4900016784668,51.18000030517578,51.29999923706055,37.23052978515625,2592000,SO
2017-11-22,51.36000061035156,51.439998626708984,51.119998931884766,51.36000061035156,37.274078369140625,2643000,SO
2017-11-24,51.400001525878906,51.65999984741211,51.36000061035156,51.38999938964844,37.29584884643555,1155800,SO
2017-11-27,51.40999984741211,51.65999984741211,51.22999954223633,51.560001373291016,37.41923141479492,3981300,SO
2017-11-28,51.599998474121094,51.66999816894531,51.189998626708984,51.4900016784668,37.36842346191406,4185900,SO
2017-11-29,51.279998779296875,51.369998931884766,50.79999923706055,51.09000015258789,37.078147888183594,5099200,SO
2017-11-30,51.209999084472656,51.5,51.06999969482422,51.20000076293945,37.15796661376953,5499800,SO
2017-12-01,51.45000076293945,51.540000915527344,50.84000015258789,51.11000061035156,37.0926513671875,4709900,SO
2017-12-04,51.369998931884766,51.459999084472656,50.22999954223633,50.33000183105469,36.52656936645508,5505000,SO
2017-12-05,50.220001220703125,50.5,49.70000076293945,50.36000061035156,36.54833984375,5578200,SO
2017-12-06,50.459999084472656,50.95000076293945,50.41999816894531,50.88999938964844,36.9329833984375,4041000,SO
2017-12-07,51.150001525878906,51.34000015258789,50.45000076293945,51.33000183105469,37.2523078918457,6637900,SO
2017-12-08,51.220001220703125,51.43000030517578,50.93000030517578,51.060001373291016,37.05636215209961,4791400,SO
2017-12-11,51.2599983215332,51.75,50.93000030517578,51.68000030517578,37.506317138671875,5095400,SO
2017-12-12,51.560001373291016,51.880001068115234,51.16999816894531,51.189998626708984,37.150699615478516,4031900,SO
2017-12-13,51.349998474121094,51.93000030517578,51.27000045776367,51.68000030517578,37.506317138671875,5115800,SO
2017-12-14,51.529998779296875,51.70000076293945,51.029998779296875,51.52000045776367,37.39020538330078,4534800,SO
2017-12-15,51.90999984741211,52.0,51.220001220703125,51.310001373291016,37.23779296875,9391300,SO
2017-12-18,51.2599983215332,51.4900016784668,50.470001220703125,50.54999923706055,36.68622589111328,5331800,SO
2017-12-19,50.540000915527344,50.599998474121094,49.779998779296875,49.810001373291016,36.1491813659668,7315000,SO
2017-12-20,49.79999923706055,50.04999923706055,49.630001068115234,49.939998626708984,36.24352264404297,7125700,SO
2017-12-21,49.7599983215332,50.29999923706055,49.41999816894531,49.4900016784668,35.91693878173828,10331200,SO
2017-12-22,49.529998779296875,49.540000915527344,48.47999954223633,48.5,35.198455810546875,7877200,SO
2017-12-26,48.5099983215332,48.75,48.02000045776367,48.04999923706055,34.87187576293945,3961500,SO
2017-12-27,48.04999923706055,48.27000045776367,47.91999816894531,48.04999923706055,34.87187576293945,4185700,SO
2017-12-28,48.09000015258789,48.439998626708984,48.08000183105469,48.279998779296875,35.03880310058594,2994500,SO
2017-12-29,48.349998474121094,48.470001220703125,48.0099983215332,48.09000015258789,34.900909423828125,3632900,SO
2018-01-02,48.0099983215332,48.06999969482422,46.959999084472656,47.16999816894531,34.23322296142578,7278800,SO
2018-01-03,47.04999923706055,47.369998931884766,46.84000015258789,46.900001525878906,34.03727722167969,6292800,SO
2018-01-04,46.88999938964844,47.09000015258789,46.58000183105469,46.70000076293945,33.89212417602539,5231500,SO
2018-01-05,46.790000915527344,46.95000076293945,46.439998626708984,46.779998779296875,33.950191497802734,6120500,SO
2018-01-08,46.900001525878906,47.22999954223633,46.72999954223633,47.20000076293945,34.25501251220703,7945500,SO
2018-01-09,47.20000076293945,47.25,46.58000183105469,46.61000061035156,33.82681655883789,5694500,SO
2018-01-10,46.459999084472656,46.5099983215332,45.810001373291016,45.959999084472656,33.355072021484375,7197000,SO
2018-01-11,45.650001525878906,45.84000015258789,45.08000183105469,45.25,32.83980178833008,6867800,SO
2018-01-12,45.08000183105469,45.369998931884766,44.439998626708984,44.84000015258789,32.54224395751953,8591200,SO
2018-01-16,44.939998626708984,45.150001525878906,44.310001373291016,44.65999984741211,32.41161346435547,9767000,SO
2018-01-17,44.619998931884766,45.279998779296875,44.560001373291016,45.04999923706055,32.69465255737305,10598400,SO
2018-01-18,44.970001220703125,45.13999938964844,44.2599983215332,44.900001525878906,32.58578872680664,9885100,SO
2018-01-19,44.9900016784668,45.06999969482422,44.40999984741211,44.439998626708984,32.25194549560547,8808600,SO
2018-01-22,44.61000061035156,44.720001220703125,43.970001220703125,44.040000915527344,31.96165657043457,9649500,SO
2018-01-23,43.66999816894531,44.75,43.15999984741211,44.470001220703125,32.273712158203125,10273700,SO
2018-01-24,44.439998626708984,44.59000015258789,44.08000183105469,44.08000183105469,31.990694046020508,8133000,SO
2018-01-25,44.08000183105469,44.689998626708984,44.029998779296875,44.619998931884766,32.38257598876953,6763800,SO
2018-01-26,44.650001525878906,44.84000015258789,43.97999954223633,44.310001373291016,32.157596588134766,8851900,SO
2018-01-29,44.16999816894531,44.209999084472656,43.849998474121094,43.9900016784668,31.92537498474121,5900400,SO
2018-01-30,43.97999954223633,44.91999816894531,43.97999954223633,44.79999923706055,32.513214111328125,8254700,SO
2018-01-31,44.75,45.150001525878906,44.5099983215332,45.11000061035156,32.73820114135742,9355200,SO
2018-02-01,45.11000061035156,45.29999923706055,44.220001220703125,44.380001068115234,32.208404541015625,9120700,SO
2018-02-02,44.20000076293945,44.529998779296875,44.02000045776367,44.16999816894531,32.055999755859375,7211600,SO
2018-02-05,44.22999954223633,44.720001220703125,43.52000045776367,43.720001220703125,31.729413986206055,9907400,SO
2018-02-06,43.34000015258789,43.880001068115234,42.630001068115234,43.4900016784668,31.562496185302734,14707700,SO
2018-02-07,43.38999938964844,43.93000030517578,43.18000030517578,43.34000015258789,31.453638076782227,10125300,SO
2018-02-08,43.20000076293945,44.04999923706055,43.029998779296875,43.400001525878906,31.497180938720703,9475700,SO
2018-02-09,43.380001068115234,44.650001525878906,43.29999923706055,44.33000183105469,32.172119140625,11018600,SO
2018-02-12,44.33000183105469,44.869998931884766,43.970001220703125,44.68000030517578,32.426124572753906,7209700,SO
2018-02-13,44.58000183105469,44.84000015258789,44.099998474121094,44.619998931884766,32.38257598876953,6832400,SO
2018-02-14,44.349998474121094,44.43000030517578,43.560001373291016,43.58000183105469,31.627811431884766,8010300,SO
2018-02-15,43.849998474121094,44.56999969482422,43.72999954223633,44.560001373291016,32.33903503417969,8512300,SO
2018-02-16,43.97999954223633,44.060001373291016,43.5099983215332,43.93000030517578,32.30228042602539,7861100,SO
2018-02-20,43.7400016784668,43.91999816894531,43.189998626708984,43.470001220703125,31.96402931213379,8368500,SO
2018-02-21,43.58000183105469,43.849998474121094,42.90999984741211,42.91999816894531,31.55961036682129,8576300,SO
2018-02-22,42.91999816894531,43.43000030517578,42.380001068115234,43.02000045776367,31.633132934570312,7088800,SO
2018-02-23,43.02000045776367,44.220001220703125,42.9900016784668,44.06999969482422,32.405208587646484,5648000,SO
2018-02-26,44.290000915527344,44.5,43.86000061035156,44.029998779296875,32.37580108642578,6777700,SO
2018-02-27,44.0099983215332,44.31999969482422,43.400001525878906,43.400001525878906,31.912561416625977,6709500,SO
2018-02-28,43.439998626708984,43.540000915527344,42.93000030517578,43.060001373291016,31.662555694580078,7518600,SO
2018-03-01,43.08000183105469,44.220001220703125,43.08000183105469,43.97999954223633,32.33903884887695,9698300,SO
2018-03-02,43.97999954223633,44.66999816894531,43.58000183105469,44.20000076293945,32.50080871582031,8117400,SO
2018-03-05,44.119998931884766,45.099998474121094,44.040000915527344,44.84000015258789,32.97140884399414,10168200,SO
2018-03-06,44.900001525878906,44.900001525878906,44.02000045776367,44.099998474121094,32.427276611328125,6080600,SO
2018-03-07,44.06999969482422,44.2400016784668,43.470001220703125,43.66999816894531,32.11109161376953,6400400,SO
2018-03-08,43.70000076293945,43.939998626708984,43.349998474121094,43.40999984741211,31.91990852355957,6059700,SO
2018-03-09,43.439998626708984,43.7599983215332,43.310001373291016,43.7599983215332,32.177276611328125,5335400,SO
2018-03-12,43.619998931884766,43.88999938964844,43.4900016784668,43.81999969482422,32.22138977050781,5337300,SO
2018-03-13,43.86000061035156,44.08000183105469,43.470001220703125,43.59000015258789,32.05226516723633,6201500,SO
2018-03-14,43.68000030517578,44.2400016784668,43.65999984741211,44.04999923706055,32.39051818847656,4019400,SO
2018-03-15,44.0,44.47999954223633,43.79999923706055,43.93000030517578,32.30228042602539,4937200,SO
2018-03-16,43.91999816894531,44.290000915527344,43.84000015258789,44.189998626708984,32.49345779418945,9154500,SO
2018-03-19,44.20000076293945,44.630001068115234,43.939998626708984,44.16999816894531,32.47874450683594,6060400,SO
2018-03-20,44.189998626708984,44.38999938964844,43.709999084472656,43.849998474121094,32.243446350097656,4360100,SO
2018-03-21,43.900001525878906,44.459999084472656,43.790000915527344,43.900001525878906,32.28022003173828,4510100,SO
2018-03-22,43.900001525878906,44.619998931884766,43.79999923706055,43.810001373291016,32.21403884887695,9938000,SO
2018-03-23,43.93000030517578,43.9900016784668,43.02000045776367,43.11000061035156,31.699312210083008,5458100,SO
2018-03-26,43.189998626708984,43.90999984741211,43.06999969482422,43.81999969482422,32.22138977050781,6647700,SO
2018-03-27,43.81999969482422,44.880001068115234,43.68000030517578,44.529998779296875,32.74346160888672,6241700,SO
2018-03-28,44.619998931884766,44.97999954223633,44.400001525878906,44.63999938964844,32.824344635009766,4792500,SO
2018-03-29,44.75,45.04999923706055,44.560001373291016,44.65999984741211,32.83905029296875,4507100,SO
2018-04-02,44.72999954223633,44.95000076293945,43.900001525878906,44.209999084472656,32.50816345214844,4895200,SO
2018-04-03,44.22999954223633,44.43000030517578,44.029998779296875,44.16999816894531,32.47874450683594,4563000,SO
2018-04-04,44.20000076293945,44.86000061035156,43.970001220703125,44.790000915527344,32.93463897705078,5422400,SO
2018-04-05,44.79999923706055,45.15999984741211,44.11000061035156,45.0099983215332,33.096405029296875,4187400,SO
2018-04-06,45.040000915527344,45.2400016784668,44.66999816894531,44.790000915527344,32.93463897705078,4113500,SO
2018-04-09,44.79999923706055,45.060001373291016,44.619998931884766,44.77000045776367,32.91994094848633,3227000,SO
2018-04-10,44.7599983215332,44.88999938964844,44.16999816894531,44.29999923706055,32.574344635009766,4422500,SO
2018-04-11,44.33000183105469,44.540000915527344,44.099998474121094,44.470001220703125,32.6993408203125,3536200,SO
2018-04-12,44.47999954223633,44.70000076293945,43.75,43.81999969482422,32.22138977050781,4581200,SO
2018-04-13,43.93000030517578,44.15999984741211,43.86000061035156,43.939998626708984,32.30961608886719,4847000,SO
2018-04-16,44.099998474121094,45.09000015258789,44.09000015258789,45.06999969482422,33.14052963256836,6830200,SO
2018-04-17,45.13999938964844,46.0099983215332,44.95000076293945,45.81999969482422,33.6920166015625,6351800,SO
2018-04-18,45.869998931884766,46.290000915527344,45.40999984741211,45.43000030517578,33.405242919921875,4027300,SO
2018-04-19,45.349998474121094,45.619998931884766,45.099998474121094,45.599998474121094,33.530250549316406,4297600,SO
2018-04-20,45.65999984741211,45.869998931884766,45.119998931884766,45.220001220703125,33.25082778930664,4990300,SO
2018-04-23,45.27000045776367,45.47999954223633,45.06999969482422,45.2400016784668,33.265533447265625,3525200,SO
2018-04-24,45.380001068115234,45.900001525878906,45.220001220703125,45.70000076293945,33.6037712097168,5078300,SO
2018-04-25,45.59000015258789,46.31999969482422,45.56999969482422,46.029998779296875,33.846431732177734,6090700,SO
2018-04-26,46.0099983215332,46.2400016784668,45.880001068115234,46.09000015258789,33.89053726196289,4231000,SO
2018-04-27,46.0,46.75,45.90999984741211,46.400001525878906,34.11850357055664,4888700,SO
2018-04-30,46.529998779296875,46.619998931884766,46.11000061035156,46.119998931884766,33.91260528564453,4999300,SO
2018-05-01,46.0,46.119998931884766,45.66999816894531,45.810001373291016,33.68465805053711,5998100,SO
2018-05-02,45.810001373291016,46.43000030517578,45.619998931884766,46.25,34.00819778442383,5186800,SO
2018-05-03,46.11000061035156,46.470001220703125,45.75,46.2599983215332,34.01554870605469,4566300,SO
2018-05-04,46.27000045776367,46.58000183105469,46.0099983215332,46.029998779296875,33.846431732177734,4151000,SO
2018-05-07,46.029998779296875,46.189998626708984,45.36000061035156,45.45000076293945,33.419944763183594,5224700,SO
2018-05-08,45.279998779296875,45.34000015258789,44.13999938964844,44.150001525878906,32.46403503417969,6020400,SO
2018-05-09,44.290000915527344,44.31999969482422,43.61000061035156,43.790000915527344,32.19932556152344,4662400,SO
2018-05-10,44.0,44.7599983215332,43.90999984741211,44.709999084472656,32.87580490112305,4247800,SO
2018-05-11,44.720001220703125,45.130001068115234,44.59000015258789,44.93000030517578,33.037593841552734,3467900,SO
2018-05-14,44.95000076293945,45.130001068115234,44.29999923706055,44.54999923706055,32.7581672668457,4243700,SO
2018-05-15,44.41999816894531,44.5099983215332,44.02000045776367,44.209999084472656,32.50816345214844,4828700,SO
2018-05-16,44.22999954223633,44.470001220703125,43.619998931884766,43.88999938964844,32.27285385131836,4736200,SO
2018-05-17,43.90999984741211,43.970001220703125,43.529998779296875,43.619998931884766,32.07432174682617,5043800,SO
2018-05-18,43.130001068115234,43.380001068115234,42.41999816894531,42.72999954223633,31.858102798461914,6696800,SO
2018-05-21,43.27000045776367,43.720001220703125,43.029998779296875,43.439998626708984,32.38745880126953,8321700,SO
2018-05-22,43.5,43.849998474121094,43.279998779296875,43.54999923706055,32.46947479248047,4643900,SO
2018-05-23,43.65999984741211,44.060001373291016,43.619998931884766,43.9900016784668,32.797542572021484,5352600,SO
2018-05-24,43.93000030517578,44.36000061035156,43.77000045776367,44.25,32.991371154785156,4156300,SO
2018-05-25,44.290000915527344,44.63999938964844,44.290000915527344,44.52000045776367,33.192684173583984,4511400,SO
2018-05-29,44.40999984741211,44.720001220703125,44.18000030517578,44.29999923706055,33.02865219116211,7259900,SO
2018-05-30,44.16999816894531,44.81999969482422,43.959999084472656,44.7400016784668,33.35670471191406,4749600,SO
2018-05-31,44.689998626708984,45.150001525878906,44.400001525878906,44.900001525878906,33.47599411010742,6990400,SO
2018-06-01,44.810001373291016,44.88999938964844,44.0099983215332,44.20000076293945,32.954097747802734,4029600,SO
2018-06-04,44.38999938964844,44.599998474121094,43.91999816894531,43.93000030517578,32.7527961730957,4196700,SO
2018-06-05,44.029998779296875,44.150001525878906,43.540000915527344,43.77000045776367,32.63351058959961,5533600,SO
2018-06-06,43.93000030517578,43.9900016784668,42.79999923706055,42.88999938964844,31.977397918701172,5945100,SO
2018-06-07,43.04999923706055,43.59000015258789,42.83000183105469,43.18000030517578,32.193626403808594,4871400,SO
2018-06-08,43.209999084472656,43.38999938964844,42.970001220703125,43.279998779296875,32.26817321777344,3981500,SO
2018-06-11,43.2599983215332,43.33000183105469,42.72999954223633,42.84000015258789,31.94011878967285,4887300,SO
2018-06-12,42.84000015258789,43.4900016784668,42.810001373291016,43.439998626708984,32.38745880126953,4338400,SO
2018-06-13,43.45000076293945,43.939998626708984,43.209999084472656,43.779998779296875,32.64095687866211,7778200,SO
2018-06-14,43.779998779296875,44.43000030517578,43.75,44.209999084472656,32.9615592956543,5690100,SO
2018-06-15,44.099998474121094,44.47999954223633,43.779998779296875,44.43000030517578,33.12558364868164,10329400,SO
2018-06-18,44.38999938964844,44.779998779296875,44.2599983215332,44.56999969482422,33.229949951171875,4592300,SO
2018-06-19,44.619998931884766,45.08000183105469,44.58000183105469,45.060001373291016,33.59528350830078,7068200,SO
2018-06-20,45.040000915527344,45.220001220703125,44.84000015258789,45.04999923706055,33.58782958984375,4269700,SO
2018-06-21,45.04999923706055,45.45000076293945,44.959999084472656,45.290000915527344,33.76677322387695,4932800,SO
2018-06-22,45.47999954223633,45.93000030517578,45.25,45.810001373291016,34.154457092285156,6345600,SO
2018-06-25,45.97999954223633,46.720001220703125,45.86000061035156,46.599998474121094,34.74345397949219,6812100,SO
2018-06-26,46.09000015258789,46.58000183105469,45.72999954223633,46.09000015258789,34.36321258544922,5917300,SO
2018-06-27,46.0,46.439998626708984,45.93000030517578,46.33000183105469,34.542152404785156,3929900,SO
2018-06-28,46.5,46.849998474121094,46.27000045776367,46.34000015258789,34.54960250854492,5500400,SO
2018-06-29,46.310001373291016,46.59000015258789,46.0,46.310001373291016,34.52724075317383,4017100,SO
2018-07-02,46.41999816894531,46.90999984741211,46.369998931884766,46.900001525878906,34.967132568359375,4198900,SO
2018-07-03,46.83000183105469,47.34000015258789,46.70000076293945,47.0,35.04167938232422,2346200,SO
2018-07-05,47.02000045776367,47.560001373291016,46.83000183105469,47.560001373291016,35.45919418334961,4763200,SO
2018-07-06,47.54999923706055,47.849998474121094,47.470001220703125,47.7599983215332,35.60831069946289,3550300,SO
2018-07-09,47.689998626708984,47.709999084472656,46.189998626708984,46.369998931884766,34.57197952270508,4564200,SO
2018-07-10,46.25,47.72999954223633,46.02000045776367,47.34000015258789,35.29517364501953,8859400,SO
2018-07-11,47.400001525878906,47.88999938964844,47.31999969482422,47.77000045776367,35.61577224731445,5138500,SO
2018-07-12,47.75,48.06999969482422,47.59000015258789,47.97999954223633,35.7723274230957,6483300,SO
2018-07-13,47.900001525878906,48.119998931884766,47.540000915527344,47.959999084472656,35.75743103027344,3508100,SO
2018-07-16,47.7599983215332,47.959999084472656,47.4900016784668,47.709999084472656,35.57103729248047,3172200,SO
2018-07-17,47.79999923706055,47.900001525878906,47.5099983215332,47.650001525878906,35.52630615234375,2192300,SO
2018-07-18,47.72999954223633,47.72999954223633,47.18000030517578,47.54999923706055,35.45174789428711,3163800,SO
2018-07-19,47.599998474121094,48.2400016784668,47.599998474121094,47.91999816894531,35.72761535644531,4496700,SO
2018-07-20,47.66999816894531,47.81999969482422,47.20000076293945,47.52000045776367,35.429378509521484,4342400,SO
2018-07-23,47.58000183105469,47.70000076293945,47.130001068115234,47.36000061035156,35.31008529663086,2342800,SO
2018-07-24,47.189998626708984,47.68000030517578,46.65999984741211,47.540000915527344,35.44428634643555,4285800,SO
2018-07-25,47.31999969482422,47.790000915527344,47.310001373291016,47.54999923706055,35.45174789428711,3674500,SO
2018-07-26,47.91999816894531,48.22999954223633,47.75,48.08000183105469,35.8469123840332,5977700,SO
2018-07-27,48.130001068115234,48.290000915527344,47.790000915527344,47.970001220703125,35.764896392822266,3439700,SO
2018-07-30,47.91999816894531,48.04999923706055,47.650001525878906,47.90999984741211,35.72013854980469,3360500,SO
2018-07-31,48.04999923706055,48.650001525878906,48.0,48.599998474121094,36.23459243774414,5986100,SO
2018-08-01,48.41999816894531,48.470001220703125,47.65999984741211,48.08000183105469,35.8469123840332,5303600,SO
2018-08-02,48.08000183105469,48.540000915527344,47.90999984741211,48.470001220703125,36.137664794921875,4906800,SO
2018-08-03,48.439998626708984,49.029998779296875,48.20000076293945,48.93000030517578,36.48062515258789,4288600,SO
2018-08-06,48.900001525878906,49.43000030517578,48.84000015258789,48.9900016784668,36.52536392211914,4468300,SO
2018-08-07,48.93000030517578,49.220001220703125,48.709999084472656,49.08000183105469,36.592472076416016,4575700,SO
2018-08-08,47.45000076293945,47.5,46.70000076293945,46.880001068115234,34.952213287353516,10954000,SO
2018-08-09,46.09000015258789,46.869998931884766,45.880001068115234,46.810001373291016,34.9000244140625,7202200,SO
2018-08-10,46.720001220703125,46.81999969482422,46.060001373291016,46.130001068115234,34.39303970336914,6840000,SO
2018-08-13,46.27000045776367,46.459999084472656,46.04999923706055,46.400001525878906,34.594356536865234,4918200,SO
2018-08-14,46.400001525878906,46.81999969482422,46.310001373291016,46.720001220703125,34.83292007446289,4402900,SO
2018-08-15,46.81999969482422,47.43000030517578,46.68000030517578,47.150001525878906,35.15352249145508,6350100,SO
2018-08-16,47.060001373291016,47.619998931884766,46.93000030517578,47.5,35.41447448730469,6024400,SO
2018-08-17,46.93000030517578,47.099998474121094,46.650001525878906,46.970001220703125,35.467323303222656,5421500,SO
2018-08-20,46.90999984741211,46.939998626708984,46.54999923706055,46.61000061035156,35.195499420166016,4245200,SO
2018-08-21,46.5099983215332,46.56999969482422,45.93000030517578,46.0,34.73487091064453,5648200,SO
2018-08-22,45.9900016784668,46.0,45.08000183105469,45.2599983215332,34.17609405517578,7524100,SO
2018-08-23,45.27000045776367,45.4900016784668,45.029998779296875,45.13999938964844,34.08547592163086,5877300,SO
2018-08-24,45.16999816894531,45.220001220703125,44.93000030517578,45.029998779296875,34.002418518066406,6664300,SO
2018-08-27,45.040000915527344,45.09000015258789,44.45000076293945,44.630001068115234,33.70039367675781,7225400,SO
2018-08-28,44.54999923706055,44.630001068115234,44.31999969482422,44.33000183105469,33.47384262084961,6929800,SO
2018-08-29,44.41999816894531,44.66999816894531,44.349998474121094,44.540000915527344,33.63241958618164,6845900,SO
2018-08-30,44.540000915527344,44.63999938964844,44.060001373291016,44.189998626708984,33.368141174316406,5573000,SO
2018-08-31,44.18000030517578,44.38999938964844,43.630001068115234,43.779998779296875,33.058536529541016,6210000,SO
2018-09-04,43.77000045776367,44.27000045776367,43.720001220703125,43.88999938964844,33.141597747802734,7283500,SO
2018-09-05,43.88999938964844,44.66999816894531,43.81999969482422,44.65999984741211,33.72303771972656,9068300,SO
2018-09-06,44.79999923706055,45.97999954223633,44.650001525878906,45.7599983215332,34.55364227294922,11908100,SO
2018-09-07,45.34000015258789,45.47999954223633,44.31999969482422,44.33000183105469,33.47384262084961,9198200,SO
2018-09-10,44.540000915527344,44.66999816894531,44.130001068115234,44.36000061035156,33.49650573730469,6248800,SO
2018-09-11,44.369998931884766,44.41999816894531,44.0,44.16999816894531,33.353031158447266,6197300,SO
2018-09-12,44.15999984741211,44.459999084472656,43.709999084472656,44.119998931884766,33.31526565551758,4486500,SO
2018-09-13,44.11000061035156,44.33000183105469,43.65999984741211,44.290000915527344,33.443641662597656,5140300,SO
2018-09-14,44.15999984741211,44.209999084472656,43.61000061035156,43.900001525878906,33.14915466308594,5383500,SO
2018-09-17,43.95000076293945,44.459999084472656,43.810001373291016,44.38999938964844,33.51914978027344,4496000,SO
2018-09-18,44.380001068115234,44.880001068115234,44.22999954223633,44.790000915527344,33.821189880371094,5845800,SO
2018-09-19,44.810001373291016,44.810001373291016,43.54999923706055,43.70000076293945,32.998130798339844,7345600,SO
2018-09-20,43.650001525878906,43.68000030517578,43.099998474121094,43.290000915527344,32.688533782958984,10364700,SO
2018-09-21,43.209999084472656,44.13999938964844,43.150001525878906,44.0099983215332,33.23221969604492,13119100,SO
2018-09-24,43.90999984741211,44.310001373291016,43.61000061035156,43.83000183105469,33.0963020324707,9173100,SO
2018-09-25,43.43000030517578,43.459999084472656,42.68000030517578,42.72999954223633,32.26567459106445,9874500,SO
2018-09-26,42.880001068115234,43.20000076293945,42.56999969482422,42.65999984741211,32.21281814575195,10275500,SO
2018-09-27,42.689998626708984,43.7400016784668,42.650001525878906,43.2400016784668,32.650787353515625,9961800,SO
2018-09-28,43.33000183105469,43.77000045776367,43.279998779296875,43.599998474121094,32.922611236572266,7748800,SO
2018-10-01,43.4900016784668,43.5,42.93000030517578,43.18000030517578,32.6054801940918,4762300,SO
2018-10-02,43.36000061035156,43.65999984741211,43.2400016784668,43.43000030517578,32.79424285888672,5066700,SO
2018-10-03,43.40999984741211,43.459999084472656,42.5099983215332,42.790000915527344,32.31099319458008,6818000,SO
2018-10-04,42.68000030517578,43.349998474121094,42.540000915527344,42.97999954223633,32.4544563293457,8156500,SO
2018-10-05,43.04999923706055,43.939998626708984,42.97999954223633,43.709999084472656,33.00568771362305,6106900,SO
2018-10-08,43.810001373291016,44.34000015258789,43.66999816894531,43.91999816894531,33.16425704956055,5947300,SO
2018-10-09,43.97999954223633,44.349998474121094,43.810001373291016,44.119998931884766,33.31526565551758,5865400,SO
2018-10-10,44.189998626708984,44.63999938964844,43.93000030517578,43.939998626708984,33.17934799194336,7005100,SO
2018-10-11,44.09000015258789,44.20000076293945,43.369998931884766,43.540000915527344,32.87731170654297,8222900,SO
2018-10-12,43.4900016784668,43.72999954223633,43.029998779296875,43.58000183105469,32.90752410888672,6174300,SO
2018-10-15,43.7400016784668,44.63999938964844,43.599998474121094,44.220001220703125,33.390785217285156,6543100,SO
2018-10-16,44.119998931884766,44.77000045776367,43.900001525878906,44.5099983215332,33.609764099121094,4487600,SO
2018-10-17,44.40999984741211,44.58000183105469,44.15999984741211,44.310001373291016,33.458736419677734,4176200,SO
2018-10-18,44.43000030517578,44.529998779296875,44.09000015258789,44.29999923706055,33.451202392578125,4606600,SO
2018-10-19,44.290000915527344,45.58000183105469,44.220001220703125,45.06999969482422,34.03262710571289,6466500,SO
2018-10-22,45.04999923706055,45.33000183105469,44.70000076293945,44.970001220703125,33.95711135864258,3815500,SO
2018-10-23,44.959999084472656,45.349998474121094,44.54999923706055,44.72999954223633,33.775882720947266,5034600,SO
2018-10-24,44.91999816894531,46.2599983215332,44.630001068115234,46.02000045776367,34.74997329711914,7469400,SO
2018-10-25,45.81999969482422,45.81999969482422,45.040000915527344,45.27000045776367,34.18365478515625,5570100,SO
2018-10-26,45.5,45.689998626708984,44.5099983215332,44.86000061035156,33.87405776977539,7821300,SO
2018-10-29,45.040000915527344,45.959999084472656,44.970001220703125,45.88999938964844,34.65181350708008,6919600,SO
2018-10-30,46.0,46.33000183105469,45.16999816894531,45.81999969482422,34.59895706176758,7970200,SO
2018-10-31,45.5,45.5,44.619998931884766,45.029998779296875,34.002418518066406,8395700,SO
2018-11-01,45.040000915527344,45.16999816894531,44.45000076293945,44.900001525878906,33.90425491333008,5398200,SO
2018-11-02,44.97999954223633,45.0,44.33000183105469,44.7400016784668,33.783451080322266,5800200,SO
2018-11-05,44.880001068115234,45.439998626708984,44.849998474121094,45.25,34.16854476928711,5316900,SO
2018-11-06,45.20000076293945,45.68000030517578,45.11000061035156,45.66999816894531,34.48568344116211,5054200,SO
2018-11-07,45.779998779296875,47.099998474121094,45.619998931884766,47.0099983215332,35.497535705566406,8829300,SO
2018-11-08,47.04999923706055,47.220001220703125,46.2400016784668,46.58000183105469,35.17284393310547,5475600,SO
2018-11-09,46.560001373291016,47.0,46.31999969482422,46.810001373291016,35.346519470214844,6378300,SO
2018-11-12,46.650001525878906,47.47999954223633,46.529998779296875,46.88999938964844,35.40692138671875,5580200,SO
2018-11-13,46.779998779296875,47.380001068115234,46.630001068115234,47.27000045776367,35.6938591003418,5165700,SO
2018-11-14,47.099998474121094,47.689998626708984,47.0099983215332,47.400001525878906,35.79202651977539,6180800,SO
2018-11-15,47.25,47.2599983215332,46.560001373291016,47.18000030517578,35.62590408325195,7808400,SO
2018-11-16,46.880001068115234,47.20000076293945,46.58000183105469,46.88999938964844,35.86299514770508,7552000,SO
2018-11-19,46.790000915527344,47.18000030517578,46.68000030517578,47.040000915527344,35.97772979736328,5301300,SO
2018-11-20,47.09000015258789,47.33000183105469,46.369998931884766,46.65999984741211,35.68709182739258,6324500,SO
2018-11-21,46.5,46.599998474121094,45.540000915527344,45.630001068115234,34.89930725097656,6920800,SO
2018-11-23,45.77000045776367,45.869998931884766,45.38999938964844,45.720001220703125,34.968143463134766,2805400,SO
2018-11-26,45.72999954223633,45.939998626708984,45.349998474121094,45.650001525878906,34.91460418701172,5739300,SO
2018-11-27,45.63999938964844,46.25,45.4900016784668,46.09000015258789,35.251121520996094,6882000,SO
2018-11-28,46.09000015258789,46.290000915527344,45.81999969482422,46.119998931884766,35.274085998535156,5182600,SO
2018-11-29,46.119998931884766,46.54999923706055,45.650001525878906,46.540000915527344,35.595306396484375,4810900,SO
2018-11-30,46.63999938964844,47.369998931884766,46.5099983215332,47.33000183105469,36.19952392578125,7133600,SO
2018-12-03,47.08000183105469,47.4900016784668,46.869998931884766,47.4900016784668,36.3218994140625,4647500,SO
2018-12-04,47.65999984741211,47.88999938964844,47.16999816894531,47.2400016784668,36.13068771362305,7202200,SO
2018-12-06,47.40999984741211,47.470001220703125,45.61000061035156,46.52000045776367,35.58001708984375,8745600,SO
2018-12-07,46.5,47.54999923706055,46.20000076293945,46.97999954223633,35.93183517456055,5786900,SO
2018-12-10,47.0,47.41999816894531,46.310001373291016,47.220001220703125,36.11540222167969,5023500,SO
2018-12-11,47.400001525878906,47.779998779296875,47.279998779296875,47.560001373291016,36.375431060791016,5526400,SO
2018-12-12,47.560001373291016,47.83000183105469,46.93000030517578,47.0099983215332,35.95478057861328,5418900,SO
2018-12-13,47.150001525878906,47.97999954223633,47.150001525878906,47.54999923706055,36.3677864074707,5298800,SO
2018-12-14,47.5099983215332,47.720001220703125,47.11000061035156,47.33000183105469,36.19952392578125,3710600,SO
2018-12-17,47.400001525878906,47.68000030517578,45.880001068115234,46.0,35.18229293823242,6726300,SO
2018-12-18,46.20000076293945,46.58000183105469,45.40999984741211,45.529998779296875,34.82282638549805,6184700,SO
2018-12-19,45.7400016784668,46.040000915527344,45.08000183105469,45.279998779296875,34.631614685058594,8112000,SO
2018-12-20,45.279998779296875,45.689998626708984,44.47999954223633,45.09000015258789,34.48630142211914,8836400,SO
2018-12-21,44.939998626708984,46.2400016784668,44.81999969482422,45.09000015258789,34.48630142211914,12739700,SO
2018-12-24,44.939998626708984,45.2599983215332,42.93000030517578,43.02000045776367,32.903099060058594,5339800,SO
2018-12-26,43.13999938964844,43.65999984741211,42.5,43.63999938964844,33.3773078918457,5686400,SO
2018-12-27,43.599998474121094,43.95000076293945,42.93000030517578,43.95000076293945,33.6143913269043,7048100,SO
2018-12-28,44.0099983215332,44.380001068115234,43.7599983215332,43.95000076293945,33.6143913269043,4722700,SO
2018-12-31,43.959999084472656,44.150001525878906,43.43000030517578,43.91999816894531,33.59144592285156,4394000,SO
2019-01-02,43.88999938964844,43.95000076293945,43.2599983215332,43.720001220703125,33.438480377197266,5756100,SO
2019-01-03,43.7599983215332,44.689998626708984,43.7599983215332,44.34000015258789,33.91266632080078,9405500,SO
2019-01-04,44.119998931884766,44.72999954223633,44.040000915527344,44.709999084472656,34.195655822753906,5680700,SO
2019-01-07,44.5099983215332,44.7599983215332,44.18000030517578,44.61000061035156,34.119178771972656,5397800,SO
2019-01-08,44.61000061035156,45.970001220703125,44.5,45.880001068115234,35.09052276611328,7246200,SO
2019-01-09,45.79999923706055,46.040000915527344,45.31999969482422,45.4900016784668,34.792232513427734,6687600,SO
2019-01-10,45.599998474121094,46.41999816894531,45.380001068115234,46.34000015258789,35.44233703613281,4634900,SO
2019-01-11,46.220001220703125,46.790000915527344,45.81999969482422,46.61000061035156,35.64885711669922,6137000,SO
2019-01-14,46.189998626708984,46.459999084472656,45.54999923706055,46.15999984741211,35.30467224121094,6328900,SO
2019-01-15,46.08000183105469,47.09000015258789,46.06999969482422,46.790000915527344,35.78651428222656,5433100,SO
2019-01-16,46.529998779296875,46.939998626708984,46.2599983215332,46.869998931884766,35.84770584106445,5475300,SO
2019-01-17,46.86000061035156,47.11000061035156,46.630001068115234,47.06999969482422,36.00067138671875,3578600,SO
2019-01-18,47.099998474121094,47.2400016784668,46.88999938964844,47.220001220703125,36.11540222167969,4015400,SO
2019-01-22,46.959999084472656,47.220001220703125,46.4900016784668,47.06999969482422,36.00067138671875,5292400,SO
2019-01-23,47.06999969482422,47.61000061035156,46.97999954223633,47.58000183105469,36.3907356262207,4754800,SO
2019-01-24,47.599998474121094,48.0,47.18000030517578,47.959999084472656,36.68136978149414,4812200,SO
2019-01-25,47.849998474121094,48.16999816894531,47.369998931884766,47.5,36.32954788208008,4862400,SO
2019-01-28,47.5099983215332,47.619998931884766,47.11000061035156,47.43000030517578,36.2760124206543,3927000,SO
2019-01-29,47.58000183105469,47.84000015258789,47.369998931884766,47.58000183105469,36.3907356262207,5205000,SO
2019-01-30,47.4900016784668,48.119998931884766,47.36000061035156,47.869998931884766,36.61254119873047,3556200,SO
2019-01-31,47.93000030517578,48.68000030517578,47.560001373291016,48.599998474121094,37.170860290527344,7149000,SO
2019-02-01,48.540000915527344,48.650001525878906,47.939998626708984,48.4900016784668,37.086734771728516,4216100,SO
2019-02-04,48.099998474121094,48.61000061035156,47.810001373291016,48.61000061035156,37.17850112915039,4306300,SO
2019-02-05,48.56999969482422,48.810001373291016,48.310001373291016,48.72999954223633,37.27029037475586,5116600,SO
2019-02-06,48.56999969482422,48.79999923706055,48.400001525878906,48.540000915527344,37.12497329711914,3224100,SO
2019-02-07,48.540000915527344,49.18000030517578,48.33000183105469,49.15999984741211,37.59916687011719,4178500,SO
2019-02-08,49.0,49.130001068115234,48.720001220703125,49.119998931884766,37.568572998046875,4033100,SO
2019-02-11,49.04999923706055,49.380001068115234,49.02000045776367,49.2400016784668,37.66035461425781,5158600,SO
2019-02-12,49.2599983215332,49.619998931884766,48.93000030517578,49.369998931884766,37.759788513183594,3926000,SO
2019-02-13,49.310001373291016,49.349998474121094,49.0,49.220001220703125,37.645057678222656,3815300,SO
2019-02-14,49.20000076293945,49.45000076293945,48.939998626708984,49.20000076293945,37.629756927490234,4007900,SO
2019-02-15,48.84000015258789,48.959999084472656,48.45000076293945,48.560001373291016,37.598785400390625,4647700,SO
2019-02-19,48.540000915527344,48.959999084472656,48.41999816894531,48.91999816894531,37.87752151489258,6270500,SO
2019-02-20,49.02000045776367,50.0,48.75,49.7400016784668,38.51243209838867,9627100,SO
2019-02-21,49.33000183105469,50.349998474121094,49.2400016784668,50.220001220703125,38.884090423583984,8402900,SO
2019-02-22,50.11000061035156,50.540000915527344,49.689998626708984,50.369998931884766,39.00022506713867,7245500,SO
2019-02-25,50.25,50.290000915527344,49.27000045776367,49.560001373291016,38.373069763183594,5728100,SO
2019-02-26,49.72999954223633,49.79999923706055,49.0099983215332,49.220001220703125,38.10980987548828,6112700,SO
2019-02-27,49.09000015258789,49.540000915527344,49.0099983215332,49.380001068115234,38.23369598388672,3288500,SO
2019-02-28,49.36000061035156,49.880001068115234,49.13999938964844,49.689998626708984,38.473716735839844,6105400,SO
2019-03-01,49.790000915527344,50.08000183105469,49.349998474121094,49.97999954223633,38.69825744628906,4261600,SO
2019-03-04,50.099998474121094,50.189998626708984,49.619998931884766,50.099998474121094,38.791175842285156,4078700,SO
2019-03-05,50.0,50.31999969482422,49.959999084472656,50.06999969482422,38.767948150634766,3951300,SO
2019-03-06,50.22999954223633,50.31999969482422,49.93000030517578,50.130001068115234,38.81440353393555,3603300,SO
2019-03-07,50.27000045776367,50.63999938964844,50.16999816894531,50.4900016784668,39.093135833740234,5103300,SO
2019-03-08,50.52000045776367,50.90999984741211,50.310001373291016,50.900001525878906,39.41059494018555,4039000,SO
2019-03-11,50.90999984741211,51.40999984741211,50.849998474121094,51.400001525878906,39.797725677490234,5685900,SO
2019-03-12,51.439998626708984,51.81999969482422,51.380001068115234,51.68000030517578,40.01453399658203,5173100,SO
2019-03-13,51.650001525878906,51.869998931884766,51.470001220703125,51.72999954223633,40.05323791503906,4390900,SO
2019-03-14,51.75,51.95000076293945,51.45000076293945,51.529998779296875,39.89839172363281,4696200,SO
2019-03-15,51.47999954223633,51.93000030517578,51.29999923706055,51.86000061035156,40.153900146484375,8350500,SO
2019-03-18,51.880001068115234,51.91999816894531,51.540000915527344,51.779998779296875,40.091949462890625,4443600,SO
2019-03-19,51.779998779296875,51.790000915527344,50.77000045776367,50.9900016784668,39.48027801513672,6250400,SO
2019-03-20,51.029998779296875,51.54999923706055,50.88999938964844,51.18000030517578,39.62738037109375,4241000,SO
2019-03-21,51.13999938964844,51.65999984741211,51.099998474121094,51.56999969482422,39.92935562133789,3091600,SO
2019-03-22,51.72999954223633,52.310001373291016,51.560001373291016,51.880001068115234,40.16938400268555,6068100,SO
2019-03-25,52.0,52.20000076293945,51.75,52.04999923706055,40.301002502441406,3043300,SO
2019-03-26,52.099998474121094,52.540000915527344,52.0,52.529998779296875,40.67265701293945,3253000,SO
2019-03-27,52.56999969482422,52.650001525878906,51.9900016784668,52.22999954223633,40.44037628173828,3441100,SO
2019-03-28,52.279998779296875,52.31999969482422,51.2599983215332,51.349998474121094,39.75900650024414,4552300,SO
2019-03-29,51.470001220703125,51.68000030517578,51.209999084472656,51.68000030517578,40.01453399658203,6053500,SO
2019-04-01,51.68000030517578,51.68000030517578,50.97999954223633,51.40999984741211,39.80547332763672,5059100,SO
2019-04-02,51.5,51.65999984741211,51.02000045776367,51.63999938964844,39.98356628417969,4050200,SO
2019-04-03,51.599998474121094,51.66999816894531,51.189998626708984,51.5,39.87515640258789,4654600,SO
2019-04-04,51.68000030517578,51.689998626708984,50.88999938964844,51.20000076293945,39.642879486083984,3881200,SO
2019-04-05,51.290000915527344,51.709999084472656,51.099998474121094,51.650001525878906,39.99129867553711,3983000,SO
2019-04-08,51.619998931884766,51.70000076293945,51.279998779296875,51.5099983215332,39.882896423339844,3675900,SO
2019-04-09,51.5,51.97999954223633,51.41999816894531,51.95000076293945,40.223575592041016,3972500,SO
2019-04-10,51.9900016784668,52.41999816894531,51.70000076293945,51.77000045776367,40.08422088623047,4464400,SO
2019-04-11,51.88999938964844,52.22999954223633,51.7400016784668,52.119998931884766,40.3552131652832,4481300,SO
2019-04-12,51.959999084472656,52.5099983215332,51.630001068115234,52.5,40.64943313598633,3819300,SO
2019-04-15,52.5,52.810001373291016,52.380001068115234,52.720001220703125,40.81977844238281,4936000,SO
2019-04-16,52.61000061035156,52.97999954223633,52.16999816894531,52.38999938964844,40.56425094604492,5586500,SO
2019-04-17,52.5,52.5,52.06999969482422,52.15999984741211,40.386173248291016,3582300,SO
2019-04-18,52.09000015258789,52.45000076293945,51.900001525878906,51.959999084472656,40.231327056884766,3717100,SO
2019-04-22,51.959999084472656,52.20000076293945,51.79999923706055,51.93000030517578,40.208091735839844,3290100,SO
2019-04-23,51.959999084472656,52.18000030517578,51.45000076293945,51.84000015258789,40.138404846191406,4253000,SO
2019-04-24,51.880001068115234,52.369998931884766,51.84000015258789,52.22999954223633,40.44037628173828,3069600,SO
2019-04-25,52.06999969482422,52.630001068115234,51.900001525878906,52.439998626708984,40.60297775268555,2755500,SO
2019-04-26,52.709999084472656,53.0,52.47999954223633,52.540000915527344,40.68041229248047,2810600,SO
2019-04-29,52.439998626708984,52.52000045776367,52.040000915527344,52.2599983215332,40.46359634399414,3315100,SO
2019-04-30,52.349998474121094,53.290000915527344,52.18000030517578,53.220001220703125,41.20691680908203,7218500,SO
2019-05-01,52.22999954223633,53.209999084472656,52.15999984741211,52.52000045776367,40.664920806884766,6057600,SO
2019-05-02,52.599998474121094,53.11000061035156,52.2400016784668,52.75,40.84299850463867,4842100,SO
2019-05-03,52.88999938964844,53.369998931884766,52.7599983215332,53.2400016784668,41.2224006652832,3490500,SO
2019-05-06,53.15999984741211,53.400001525878906,52.849998474121094,53.0099983215332,41.044307708740234,4033800,SO
2019-05-07,53.0099983215332,53.220001220703125,52.63999938964844,52.86000061035156,40.92816925048828,3557800,SO
2019-05-08,52.84000015258789,52.9900016784668,52.15999984741211,52.20000076293945,40.417144775390625,3965100,SO
2019-05-09,52.2599983215332,52.61000061035156,52.18000030517578,52.36000061035156,40.54103088378906,4080500,SO
2019-05-10,52.22999954223633,53.41999816894531,52.22999954223633,53.369998931884766,41.32304382324219,4165800,SO
2019-05-13,53.29999923706055,54.13999938964844,53.25,54.099998474121094,41.888275146484375,6482400,SO
2019-05-14,53.900001525878906,54.040000915527344,53.5099983215332,53.630001068115234,41.52436447143555,4294500,SO
2019-05-15,53.7400016784668,53.9900016784668,53.599998474121094,53.63999938964844,41.532108306884766,4033100,SO
2019-05-16,53.59000015258789,54.279998779296875,53.52000045776367,54.060001373291016,41.8572998046875,5262200,SO
2019-05-17,53.06999969482422,54.0,53.0099983215332,53.81999969482422,42.15494155883789,4847500,SO
2019-05-20,53.9900016784668,54.18000030517578,53.79999923706055,54.08000183105469,42.35858917236328,3459500,SO
2019-05-21,54.08000183105469,54.439998626708984,53.849998474121094,53.970001220703125,42.272430419921875,3435000,SO
2019-05-22,54.04999923706055,54.220001220703125,53.88999938964844,54.11000061035156,42.38208770751953,3904700,SO
2019-05-23,54.20000076293945,54.439998626708984,54.04999923706055,54.34000015258789,42.56223678588867,4640800,SO
2019-05-24,54.400001525878906,54.77000045776367,54.290000915527344,54.349998474121094,42.57006072998047,2830100,SO
2019-05-28,54.400001525878906,54.470001220703125,53.459999084472656,53.560001373291016,41.95130157470703,4747900,SO
2019-05-29,53.7400016784668,53.81999969482422,52.779998779296875,52.88999938964844,41.426513671875,3254200,SO
2019-05-30,53.0,53.34000015258789,52.83000183105469,53.0,41.512664794921875,3254800,SO
2019-05-31,53.099998474121094,53.56999969482422,52.970001220703125,53.5,41.904296875,3925000,SO
2019-06-03,53.5,54.209999084472656,53.36000061035156,54.15999984741211,42.421241760253906,4210400,SO
2019-06-04,54.09000015258789,54.27000045776367,53.150001525878906,54.20000076293945,42.45259094238281,3868500,SO
2019-06-05,54.189998626708984,55.04999923706055,54.06999969482422,54.810001373291016,42.93036651611328,5624000,SO
2019-06-06,55.04999923706055,55.439998626708984,54.7400016784668,55.380001068115234,43.37682342529297,4727200,SO
2019-06-07,55.529998779296875,55.95000076293945,54.70000076293945,54.709999084472656,42.85205078125,4097200,SO
2019-06-10,54.709999084472656,54.790000915527344,54.119998931884766,54.47999954223633,42.6718864440918,4450800,SO
2019-06-11,54.369998931884766,54.779998779296875,54.2599983215332,54.54999923706055,42.726715087890625,3396000,SO
2019-06-12,54.7599983215332,55.150001525878906,54.68000030517578,55.150001525878906,43.196685791015625,2884700,SO
2019-06-13,55.150001525878906,55.27000045776367,54.68000030517578,55.150001525878906,43.196685791015625,3444600,SO
2019-06-14,55.369998931884766,55.79999923706055,55.220001220703125,55.650001525878906,43.58831024169922,4081200,SO
2019-06-17,55.630001068115234,55.84000015258789,55.119998931884766,55.5,43.4708137512207,2989100,SO
2019-06-18,55.720001220703125,55.75,54.790000915527344,55.2599983215332,43.282833099365234,3842100,SO
2019-06-19,55.02000045776367,56.0099983215332,54.9900016784668,55.7400016784668,43.6588020324707,6153400,SO
2019-06-20,55.81999969482422,56.22999954223633,55.439998626708984,56.02000045776367,43.878108978271484,4018700,SO
2019-06-21,55.849998474121094,56.31999969482422,55.52000045776367,56.27000045776367,44.07391357421875,8627300,SO
2019-06-24,56.33000183105469,56.540000915527344,55.95000076293945,56.279998779296875,44.081756591796875,3741200,SO
2019-06-25,56.25,56.38999938964844,55.880001068115234,55.97999954223633,43.846771240234375,2704600,SO
2019-06-26,55.849998474121094,55.880001068115234,54.959999084472656,54.97999954223633,43.06351852416992,4704100,SO
2019-06-27,55.15999984741211,55.310001373291016,54.65999984741211,55.08000183105469,43.14185333251953,3413800,SO
2019-06-28,55.029998779296875,55.560001373291016,54.849998474121094,55.279998779296875,43.298500061035156,5611000,SO
2019-07-01,55.099998474121094,55.27000045776367,54.439998626708984,54.84000015258789,42.95386505126953,4354100,SO
2019-07-02,55.09000015258789,55.880001068115234,55.060001373291016,55.86000061035156,43.752784729003906,2913900,SO
2019-07-03,56.0,56.540000915527344,56.0,56.310001373291016,44.10525131225586,2629500,SO
2019-07-05,55.93000030517578,56.40999984741211,55.349998474121094,56.36000061035156,44.1444091796875,3133900,SO
2019-07-08,56.470001220703125,56.56999969482422,55.9900016784668,56.310001373291016,44.10525131225586,2789200,SO
2019-07-09,56.43000030517578,56.63999938964844,56.08000183105469,56.560001373291016,44.30106735229492,3590900,SO
2019-07-10,56.66999816894531,57.08000183105469,56.34000015258789,56.90999984741211,44.575218200683594,3406100,SO
2019-07-11,56.81999969482422,56.900001525878906,56.099998474121094,56.4900016784668,44.24623489379883,3583400,SO
2019-07-12,56.56999969482422,56.619998931884766,55.56999969482422,55.66999816894531,43.60396957397461,4341300,SO
2019-07-15,55.540000915527344,56.209999084472656,55.5,56.11000061035156,43.9485969543457,4005300,SO
2019-07-16,56.0,56.15999984741211,55.41999816894531,55.65999984741211,43.59613800048828,3127400,SO
2019-07-17,55.779998779296875,56.11000061035156,55.68000030517578,55.790000915527344,43.697959899902344,3223800,SO
2019-07-18,55.86000061035156,56.2400016784668,55.34000015258789,56.130001068115234,43.96426010131836,3379900,SO
2019-07-19,55.970001220703125,56.2400016784668,55.25,55.27000045776367,43.2906608581543,5517800,SO
2019-07-22,55.400001525878906,55.61000061035156,54.869998931884766,55.47999954223633,43.455142974853516,4623300,SO
2019-07-23,55.5,55.619998931884766,55.0099983215332,55.41999816894531,43.40814208984375,3023300,SO
2019-07-24,55.459999084472656,55.66999816894531,55.099998474121094,55.63999938964844,43.580474853515625,3613900,SO
2019-07-25,55.540000915527344,55.810001373291016,55.25,55.36000061035156,43.36116027832031,3280900,SO
2019-07-26,55.34000015258789,55.83000183105469,55.20000076293945,55.7400016784668,43.6588020324707,2288700,SO
2019-07-29,55.95000076293945,56.20000076293945,55.650001525878906,56.11000061035156,43.9485969543457,3329300,SO
2019-07-30,56.11000061035156,56.20000076293945,55.02000045776367,55.290000915527344,43.30632781982422,6918500,SO
2019-07-31,55.75,56.63999938964844,55.150001525878906,56.20000076293945,44.01908493041992,7190500,SO
2019-08-01,56.25,57.369998931884766,55.88999938964844,56.97999954223633,44.63003158569336,6143400,SO
2019-08-02,57.279998779296875,57.75,56.790000915527344,57.36000061035156,44.92766571044922,4389100,SO
2019-08-05,57.5099983215332,57.709999084472656,55.689998626708984,55.93000030517578,43.8076171875,5779800,SO
2019-08-06,55.9900016784668,57.13999938964844,55.380001068115234,56.939998626708984,44.59870147705078,5004100,SO
2019-08-07,57.0,57.81999969482422,56.279998779296875,57.45000076293945,44.998172760009766,5139500,SO
2019-08-08,57.459999084472656,58.290000915527344,57.040000915527344,58.189998626708984,45.57777404785156,3842300,SO
2019-08-09,58.189998626708984,58.560001373291016,57.939998626708984,58.33000183105469,45.68743896484375,3097500,SO
2019-08-12,58.43000030517578,58.779998779296875,58.290000915527344,58.68000030517578,45.96157455444336,3080000,SO
2019-08-13,58.2599983215332,58.33000183105469,57.13999938964844,57.20000076293945,44.80234146118164,10429300,SO
2019-08-14,57.349998474121094,57.880001068115234,56.959999084472656,57.060001373291016,44.69269943237305,13002000,SO
2019-08-15,57.150001525878906,57.84000015258789,56.88999938964844,57.630001068115234,45.13916015625,5623600,SO
2019-08-16,57.20000076293945,57.619998931884766,56.970001220703125,57.47999954223633,45.511295318603516,6259100,SO
2019-08-19,57.400001525878906,58.279998779296875,57.22999954223633,57.939998626708984,45.87550735473633,4640400,SO
2019-08-20,57.900001525878906,58.0,57.58000183105469,57.689998626708984,45.67756271362305,4010300,SO
2019-08-21,57.65999984741211,57.970001220703125,57.380001068115234,57.95000076293945,45.883426666259766,4406500,SO
2019-08-22,58.0,58.58000183105469,57.779998779296875,58.45000076293945,46.27931594848633,4368700,SO
2019-08-23,58.599998474121094,58.84000015258789,57.40999984741211,57.68000030517578,45.66964340209961,4926200,SO
2019-08-26,57.709999084472656,58.34000015258789,57.599998474121094,58.34000015258789,46.19221878051758,3838100,SO
2019-08-27,58.459999084472656,58.68000030517578,57.70000076293945,57.7599983215332,45.73298263549805,6155600,SO
2019-08-28,57.959999084472656,58.34000015258789,57.619998931884766,57.810001373291016,45.7725715637207,5194400,SO
2019-08-29,58.099998474121094,58.150001525878906,57.59000015258789,58.119998931884766,46.01802062988281,4883300,SO
2019-08-30,58.16999816894531,58.45000076293945,57.81999969482422,58.2599983215332,46.128868103027344,7426700,SO
2019-09-03,58.279998779296875,59.79999923706055,58.2400016784668,59.77000045776367,47.32444763183594,9082500,SO
2019-09-04,59.9900016784668,60.650001525878906,59.720001220703125,60.11000061035156,47.59366989135742,5577900,SO
2019-09-05,59.720001220703125,59.900001525878906,59.099998474121094,59.5,47.110679626464844,6242300,SO
2019-09-06,59.7599983215332,59.900001525878906,59.41999816894531,59.68000030517578,47.25319290161133,4680700,SO
2019-09-09,59.459999084472656,59.630001068115234,58.810001373291016,59.02000045776367,46.73061752319336,4730900,SO
2019-09-10,58.900001525878906,59.189998626708984,58.56999969482422,59.189998626708984,46.865230560302734,4459100,SO
2019-09-11,59.09000015258789,59.790000915527344,58.869998931884766,59.709999084472656,47.27695083618164,4344200,SO
2019-09-12,60.0,60.380001068115234,59.560001373291016,59.9900016784668,47.49864196777344,4333700,SO
2019-09-13,59.77000045776367,60.29999923706055,59.529998779296875,60.130001068115234,47.609493255615234,5492500,SO
2019-09-16,60.20000076293945,60.290000915527344,59.720001220703125,59.86000061035156,47.395713806152344,4658600,SO
2019-09-17,59.95000076293945,60.81999969482422,59.95000076293945,60.54999923706055,47.94203186035156,3962000,SO
2019-09-18,60.79999923706055,60.90999984741211,60.29999923706055,60.79999923706055,48.139984130859375,3896900,SO
2019-09-19,60.900001525878906,61.13999938964844,60.79999923706055,61.060001373291016,48.34584426879883,3502700,SO
2019-09-20,61.20000076293945,61.25,60.630001068115234,61.11000061035156,48.38543701171875,7474800,SO
2019-09-23,61.060001373291016,61.439998626708984,60.880001068115234,61.31999969482422,48.55171585083008,3888900,SO
2019-09-24,61.52000045776367,62.36000061035156,61.5,61.97999954223633,49.074283599853516,5090400,SO
2019-09-25,61.970001220703125,62.060001373291016,61.41999816894531,61.72999954223633,48.87633514404297,4208300,SO
2019-09-26,61.79999923706055,62.08000183105469,61.599998474121094,61.86000061035156,48.97926330566406,2890300,SO
2019-09-27,61.88999938964844,62.0,61.380001068115234,61.77000045776367,48.908016204833984,2991400,SO
2019-09-30,61.83000183105469,62.040000915527344,61.599998474121094,61.77000045776367,48.908016204833984,3441800,SO
2019-10-01,61.599998474121094,61.91999816894531,61.400001525878906,61.880001068115234,48.99509811401367,3022400,SO
2019-10-02,61.869998931884766,61.900001525878906,60.959999084472656,61.150001525878906,48.4171028137207,4189000,SO
2019-10-03,61.20000076293945,61.43000030517578,60.869998931884766,61.36000061035156,48.5833854675293,4216200,SO
2019-10-04,61.439998626708984,62.18000030517578,61.209999084472656,62.04999923706055,49.129695892333984,3556700,SO
2019-10-07,62.0,62.08000183105469,61.619998931884766,61.91999816894531,49.026771545410156,3355000,SO
2019-10-08,61.91999816894531,62.029998779296875,61.349998474121094,61.36000061035156,48.5833854675293,3510900,SO
2019-10-09,61.56999969482422,62.099998474121094,61.5,61.900001525878906,49.010948181152344,2897100,SO
2019-10-10,61.630001068115234,62.11000061035156,61.279998779296875,61.79999923706055,48.931766510009766,3601000,SO
2019-10-11,61.7400016784668,61.939998626708984,61.29999923706055,61.52000045776367,48.710060119628906,3459100,SO
2019-10-14,61.630001068115234,61.7400016784668,60.779998779296875,60.91999816894531,48.23499298095703,2890700,SO
2019-10-15,60.970001220703125,61.150001525878906,60.540000915527344,60.70000076293945,48.0608024597168,3648200,SO
2019-10-16,60.61000061035156,61.20000076293945,60.45000076293945,61.09000015258789,48.36959457397461,4395400,SO
2019-10-17,61.02000045776367,61.2599983215332,60.66999816894531,61.060001373291016,48.34584426879883,3444500,SO
2019-10-18,60.869998931884766,61.279998779296875,60.7599983215332,61.13999938964844,48.4091911315918,4178700,SO
2019-10-21,60.97999954223633,61.630001068115234,60.959999084472656,61.59000015258789,48.765480041503906,3146400,SO
2019-10-22,61.70000076293945,61.86000061035156,61.349998474121094,61.439998626708984,48.6467170715332,2667400,SO
2019-10-23,61.43000030517578,61.95000076293945,61.43000030517578,61.95000076293945,49.05052947998047,2796800,SO
2019-10-24,61.939998626708984,62.040000915527344,61.7599983215332,61.95000076293945,49.05052947998047,2452000,SO
2019-10-25,62.040000915527344,62.06999969482422,61.15999984741211,61.349998474121094,48.575462341308594,2865600,SO
2019-10-28,61.09000015258789,61.41999816894531,60.83000183105469,61.0099983215332,48.30625534057617,4342900,SO
2019-10-29,60.869998931884766,61.400001525878906,60.689998626708984,60.91999816894531,48.23499298095703,4874200,SO
2019-10-30,61.0099983215332,62.880001068115234,61.0,62.630001068115234,49.588932037353516,5253200,SO
2019-10-31,62.56999969482422,62.689998626708984,62.15999984741211,62.65999984741211,49.612674713134766,5169900,SO
2019-11-01,62.869998931884766,63.09000015258789,62.060001373291016,62.2599983215332,49.29597473144531,4353500,SO
2019-11-04,62.33000183105469,62.369998931884766,61.540000915527344,61.7400016784668,48.884254455566406,4050100,SO
2019-11-05,61.47999954223633,61.880001068115234,61.130001068115234,61.36000061035156,48.5833854675293,3958900,SO
2019-11-06,61.4900016784668,62.0099983215332,61.4900016784668,61.849998474121094,48.971343994140625,2812700,SO
2019-11-07,61.5,61.560001373291016,60.380001068115234,60.709999084472656,48.068721771240234,5991700,SO
2019-11-08,60.599998474121094,61.2599983215332,60.599998474121094,61.2599983215332,48.50420379638672,3909100,SO
2019-11-11,61.27000045776367,61.27000045776367,60.41999816894531,60.470001220703125,47.87869644165039,3400700,SO
2019-11-12,60.61000061035156,60.90999984741211,60.47999954223633,60.689998626708984,48.05289077758789,3337900,SO
2019-11-13,60.86000061035156,62.130001068115234,60.86000061035156,61.90999984741211,49.01884460449219,4965900,SO
2019-11-14,62.2599983215332,62.70000076293945,61.939998626708984,62.38999938964844,49.3989143371582,5399800,SO
2019-11-15,61.84000015258789,62.20000076293945,61.75,62.20000076293945,49.7427864074707,5433400,SO
2019-11-18,62.2599983215332,63.08000183105469,62.2599983215332,62.47999954223633,49.96670150756836,4968300,SO
2019-11-19,61.95000076293945,62.61000061035156,61.779998779296875,62.209999084472656,49.750789642333984,3639200,SO
2019-11-20,62.20000076293945,62.83000183105469,62.119998931884766,62.779998779296875,50.20661926269531,3057800,SO
2019-11-21,62.83000183105469,62.93000030517578,62.5099983215332,62.68000030517578,50.126651763916016,2776700,SO
2019-11-22,62.880001068115234,63.02000045776367,62.36000061035156,62.88999938964844,50.29460525512695,3629200,SO
2019-11-25,62.88999938964844,63.290000915527344,62.040000915527344,62.18000030517578,49.726806640625,6383700,SO
2019-11-26,62.34000015258789,62.38999938964844,61.9900016784668,62.25,49.782772064208984,8201000,SO
2019-11-27,62.310001373291016,62.45000076293945,61.900001525878906,62.310001373291016,49.830753326416016,3532000,SO
2019-11-29,62.5099983215332,62.88999938964844,61.9900016784668,61.9900016784668,49.57484436035156,1863800,SO
2019-12-02,61.84000015258789,62.0099983215332,61.349998474121094,61.599998474121094,49.26295471191406,4334100,SO
2019-12-03,62.08000183105469,62.400001525878906,61.75,62.369998931884766,49.87873840332031,4746300,SO
2019-12-04,62.310001373291016,62.95000076293945,62.25,62.689998626708984,50.13465118408203,5336100,SO
2019-12-05,62.540000915527344,62.84000015258789,62.369998931884766,62.7599983215332,50.19063186645508,3217000,SO
2019-12-06,62.720001220703125,62.84000015258789,62.099998474121094,62.13999938964844,49.69480895996094,3520600,SO
2019-12-09,62.13999938964844,62.27000045776367,61.31999969482422,61.439998626708984,49.13499069213867,4310500,SO
2019-12-10,61.439998626708984,61.439998626708984,60.09000015258789,60.33000183105469,48.24729537963867,7917500,SO
2019-12-11,60.650001525878906,61.0,60.34000015258789,60.689998626708984,48.53520584106445,5796500,SO
2019-12-12,60.5,61.04999923706055,60.27000045776367,60.709999084472656,48.55120086669922,6446500,SO
2019-12-13,60.650001525878906,61.18000030517578,60.439998626708984,60.7599983215332,48.591190338134766,5158600,SO
2019-12-16,60.9900016784668,62.31999969482422,60.97999954223633,62.27000045776367,49.798770904541016,7574900,SO
2019-12-17,62.400001525878906,64.26000213623047,62.33000183105469,63.70000076293945,50.94236755371094,10599000,SO
2019-12-18,63.56999969482422,63.869998931884766,63.18000030517578,63.630001068115234,50.88638687133789,6382800,SO
2019-12-19,63.59000015258789,63.630001068115234,62.38999938964844,63.06999969482422,50.43853759765625,8192100,SO
2019-12-20,63.75,64.1500015258789,63.31999969482422,63.86000061035156,51.0703239440918,11392300,SO
2019-12-23,63.7599983215332,63.95000076293945,63.13999938964844,63.2599983215332,50.59048843383789,3678000,SO
2019-12-24,63.27000045776367,63.290000915527344,62.959999084472656,63.130001068115234,50.486534118652344,1962500,SO
2019-12-26,63.09000015258789,63.2400016784668,62.900001525878906,63.16999816894531,50.51852035522461,2361000,SO
2019-12-27,63.04999923706055,63.47999954223633,62.9900016784668,63.459999084472656,50.75044631958008,2432000,SO
2019-12-30,63.2400016784668,63.40999984741211,62.93000030517578,63.34000015258789,50.654476165771484,2772700,SO
2019-12-31,63.310001373291016,63.720001220703125,63.18000030517578,63.70000076293945,50.94236755371094,3767500,SO
2020-01-02,63.650001525878906,63.66999816894531,62.41999816894531,62.619998931884766,50.07866668701172,4675900,SO
2020-01-03,62.529998779296875,62.90999984741211,62.43000030517578,62.560001373291016,50.03068923950195,3531800,SO
2020-01-06,62.560001373291016,63.0,62.5099983215332,62.810001373291016,50.23061752319336,3507600,SO
2020-01-07,62.560001373291016,62.72999954223633,62.2400016784668,62.619998931884766,50.07866668701172,3191700,SO
2020-01-08,62.70000076293945,62.84000015258789,62.380001068115234,62.599998474121094,50.06267166137695,3413600,SO
2020-01-09,62.70000076293945,63.279998779296875,62.54999923706055,63.2599983215332,50.59048843383789,3114700,SO
2020-01-10,63.41999816894531,63.810001373291016,63.310001373291016,63.65999984741211,50.91038513183594,4427800,SO
2020-01-13,63.75,64.81999969482422,63.709999084472656,64.54000091552734,51.614139556884766,5262100,SO
2020-01-14,64.55000305175781,64.91999816894531,64.41000366210938,64.91999816894531,51.91802978515625,5153300,SO
2020-01-15,65.0,65.69999694824219,64.93000030517578,65.58000183105469,52.44586944580078,3772400,SO
2020-01-16,65.69000244140625,66.19000244140625,65.61000061035156,66.1500015258789,52.90169143676758,3145900,SO
2020-01-17,66.33999633789062,67.33000183105469,66.22000122070312,67.26000213623047,53.789390563964844,6072600,SO
2020-01-21,67.33999633789062,68.30000305175781,67.26000213623047,68.12000274658203,54.4771614074707,4546600,SO
2020-01-22,68.25,68.58000183105469,68.12999725341797,68.30000305175781,54.62110137939453,3369800,SO
2020-01-23,67.97000122070312,68.98999786376953,67.9000015258789,68.95999908447266,55.148921966552734,3481200,SO
2020-01-24,69.0,69.5199966430664,68.86000061035156,69.44000244140625,55.53279495239258,5048900,SO
2020-01-27,69.41000366210938,70.06999969482422,69.33999633789062,69.73999786376953,55.77268981933594,4412300,SO
2020-01-28,69.75,70.44000244140625,69.5199966430664,70.05000305175781,56.02061462402344,4714600,SO
2020-01-29,70.05000305175781,70.33000183105469,69.6500015258789,70.0999984741211,56.06060028076172,3252100,SO
2020-01-30,70.05999755859375,70.9000015258789,69.7300033569336,70.8499984741211,56.66039276123047,3755400,SO
2020-01-31,70.86000061035156,71.0999984741211,70.11000061035156,70.4000015258789,56.3005256652832,5469000,SO
2020-02-03,70.66999816894531,70.77999877929688,70.19000244140625,70.69999694824219,56.54043197631836,3144600,SO
2020-02-04,70.44999694824219,70.76000213623047,69.41000366210938,69.54000091552734,55.612754821777344,5504400,SO
2020-02-05,69.4000015258789,69.55000305175781,68.5999984741211,69.02999877929688,55.204891204833984,6441600,SO
2020-02-06,68.75,69.43000030517578,68.55999755859375,68.83999633789062,55.05294418334961,5625700,SO
2020-02-07,69.02999877929688,69.13999938964844,68.30999755859375,68.37999725341797,54.68507385253906,3732400,SO
2020-02-10,68.54000091552734,68.5999984741211,68.08999633789062,68.44000244140625,54.73306655883789,3659800,SO
2020-02-11,68.56999969482422,68.77999877929688,68.2699966430664,68.58999633789062,54.85301971435547,3341900,SO
2020-02-12,68.33999633789062,68.9000015258789,68.16999816894531,68.62000274658203,54.87700653076172,3545000,SO
2020-02-13,68.5999984741211,69.66999816894531,68.54000091552734,69.54000091552734,55.612754821777344,4513500,SO
2020-02-14,69.12000274658203,69.2300033569336,68.76000213623047,69.0199966430664,55.693450927734375,5032000,SO
2020-02-18,69.16999816894531,69.55000305175781,69.1500015258789,69.4000015258789,56.00008010864258,5167500,SO
2020-02-19,69.37999725341797,69.43000030517578,68.5999984741211,68.61000061035156,55.36261749267578,4894000,SO
2020-02-20,67.55000305175781,69.91999816894531,67.52999877929688,69.80999755859375,56.33089828491211,5046500,SO
2020-02-21,69.62999725341797,70.37000274658203,68.95999908447266,68.98999786376953,55.669246673583984,5386400,SO
2020-02-24,68.73999786376953,69.47000122070312,67.69999694824219,67.80000305175781,54.709007263183594,5644300,SO
2020-02-25,67.9000015258789,68.12999725341797,66.58999633789062,66.86000061035156,53.95050811767578,5246600,SO
2020-02-26,66.77999877929688,67.55000305175781,66.1500015258789,66.19000244140625,53.40986633300781,5026400,SO
2020-02-27,65.77999877929688,66.27999877929688,62.869998931884766,62.880001068115234,50.738975524902344,8529100,SO
2020-02-28,61.70000076293945,61.86000061035156,59.06999969482422,60.36000061035156,48.70553970336914,15567600,SO
2020-03-02,60.65999984741211,64.1500015258789,60.27000045776367,63.93000030517578,51.58623504638672,7744600,SO
2020-03-03,64.7300033569336,66.0,63.61000061035156,63.900001525878906,51.562042236328125,9656500,SO
2020-03-04,64.63999938964844,67.83999633789062,64.62999725341797,67.80000305175781,54.709007263183594,6517200,SO
2020-03-05,67.0,68.55999755859375,66.30999755859375,67.56999969482422,54.5234260559082,7867000,SO
2020-03-06,65.51000213623047,67.16000366210938,63.5,66.87000274658203,53.95856857299805,9790800,SO
2020-03-09,62.86000061035156,65.11000061035156,61.70000076293945,62.15999984741211,50.15799331665039,8520000,SO
2020-03-10,63.09000015258789,63.380001068115234,58.970001220703125,62.02000045776367,50.04502487182617,10316600,SO
2020-03-11,60.439998626708984,60.7400016784668,57.09000015258789,58.18000030517578,46.94646453857422,7726600,SO
2020-03-12,53.81999969482422,56.68000030517578,50.029998779296875,52.189998626708984,42.1130256652832,10790400,SO
2020-03-13,55.119998931884766,55.189998626708984,51.0,53.970001220703125,43.54934310913086,9862400,SO
2020-03-16,48.91999816894531,52.630001068115234,47.33000183105469,47.619998931884766,38.425411224365234,10451100,SO
2020-03-17,49.0099983215332,56.58000183105469,48.93000030517578,56.560001373291016,45.639259338378906,10298100,SO
2020-03-18,53.0099983215332,56.150001525878906,50.540000915527344,55.91999816894531,45.12282943725586,8141700,SO
2020-03-19,55.91999816894531,56.02000045776367,50.5099983215332,50.900001525878906,41.07210922241211,6855400,SO
2020-03-20,51.0099983215332,51.220001220703125,46.150001525878906,46.36000061035156,37.4087028503418,11839200,SO
2020-03-23,45.68000030517578,45.84000015258789,41.959999084472656,43.22999954223633,34.88304138183594,10346000,SO
2020-03-24,45.56999969482422,49.38999938964844,44.709999084472656,49.040000915527344,39.57123565673828,8055000,SO
2020-03-25,48.90999984741211,52.0,47.220001220703125,50.13999938964844,40.45884323120117,8206500,SO
2020-03-26,50.0,55.79999923706055,49.900001525878906,55.13999938964844,44.49343490600586,8647300,SO
2020-03-27,53.220001220703125,58.2599983215332,53.0,56.0099983215332,45.19544982910156,10065000,SO
2020-03-30,56.720001220703125,58.369998931884766,56.2599983215332,57.9900016784668,46.793155670166016,7222600,SO
2020-03-31,57.0,57.290000915527344,53.59000015258789,54.13999938964844,43.686519622802734,9803300,SO
2020-04-01,51.900001525878906,52.43000030517578,49.2599983215332,50.13999938964844,40.45884323120117,6932900,SO
2020-04-02,49.40999984741211,52.849998474121094,49.310001373291016,52.400001525878906,42.2824821472168,5471100,SO
2020-04-03,51.59000015258789,52.81999969482422,49.939998626708984,50.27000045776367,40.56373977661133,6180300,SO
2020-04-06,52.529998779296875,56.20000076293945,52.22999954223633,55.400001525878906,44.7032356262207,6795800,SO
2020-04-07,57.36000061035156,57.5,54.880001068115234,55.119998931884766,44.477291107177734,6086000,SO
2020-04-08,55.279998779296875,58.619998931884766,54.79999923706055,58.18000030517578,46.94646453857422,5636100,SO
2020-04-09,58.90999984741211,61.86000061035156,58.810001373291016,60.33000183105469,48.681339263916016,7529500,SO
2020-04-13,60.0,60.22999954223633,57.15999984741211,57.720001220703125,46.57528305053711,4771400,SO
2020-04-14,59.06999969482422,59.59000015258789,58.040000915527344,59.0,47.6081428527832,4522300,SO
2020-04-15,57.97999954223633,57.9900016784668,55.47999954223633,55.88999938964844,45.09861755371094,5571900,SO
2020-04-16,56.220001220703125,56.45000076293945,55.02000045776367,55.31999969482422,44.6386833190918,5003600,SO
2020-04-17,56.5,57.849998474121094,56.0099983215332,57.470001220703125,46.37355422973633,4648100,SO
2020-04-20,56.7599983215332,56.7599983215332,55.220001220703125,55.529998779296875,44.80812072753906,4436400,SO
2020-04-21,54.90999984741211,55.81999969482422,54.400001525878906,55.5,44.78392028808594,5497900,SO
2020-04-22,56.47999954223633,57.630001068115234,56.22999954223633,57.04999923706055,46.03464126586914,3662900,SO
2020-04-23,57.0099983215332,57.5,56.099998474121094,56.79999923706055,45.832923889160156,4653200,SO
2020-04-24,56.90999984741211,58.189998626708984,56.290000915527344,57.72999954223633,46.58334732055664,4860100,SO
2020-04-27,58.189998626708984,59.22999954223633,57.970001220703125,58.47999954223633,47.18853759765625,4661900,SO
2020-04-28,59.209999084472656,59.880001068115234,57.7599983215332,58.060001373291016,46.849632263183594,3713900,SO
2020-04-29,59.220001220703125,59.29999923706055,57.27000045776367,57.369998931884766,46.29285430908203,4590300,SO
2020-04-30,57.439998626708984,57.45000076293945,55.66999816894531,56.72999954223633,45.776432037353516,8494300,SO
2020-05-01,56.18000030517578,56.31999969482422,54.09000015258789,54.40999984741211,43.90437698364258,4758700,SO
2020-05-04,54.470001220703125,55.11000061035156,53.66999816894531,54.91999816894531,44.31591796875,4480200,SO
2020-05-05,55.2400016784668,56.2599983215332,55.15999984741211,55.630001068115234,44.88882064819336,4002700,SO
2020-05-06,55.93000030517578,55.93000030517578,53.5,53.63999938964844,43.283058166503906,3796700,SO
2020-05-07,54.279998779296875,54.75,53.869998931884766,54.22999954223633,43.75913619995117,4697700,SO
2020-05-08,54.810001373291016,55.63999938964844,54.54999923706055,55.40999984741211,44.71131134033203,4349200,SO
2020-05-11,54.869998931884766,56.0,54.02000045776367,55.810001373291016,45.03406524658203,6946800,SO
2020-05-12,56.040000915527344,56.869998931884766,55.22999954223633,55.52000045776367,44.800052642822266,8897900,SO
2020-05-13,55.16999816894531,55.459999084472656,53.31999969482422,53.790000915527344,43.40409851074219,7166300,SO
2020-05-14,53.22999954223633,54.810001373291016,52.70000076293945,54.75,44.17873001098633,5028800,SO
2020-05-15,53.599998474121094,53.720001220703125,51.9900016784668,52.540000915527344,42.896888732910156,7756200,SO
2020-05-18,53.959999084472656,54.84000015258789,53.75,54.41999816894531,44.43183898925781,4266000,SO
2020-05-19,54.09000015258789,54.369998931884766,53.560001373291016,53.56999969482422,43.73784637451172,3199300,SO
2020-05-20,54.189998626708984,55.31999969482422,53.75,54.83000183105469,44.7665901184082,6340900,SO
2020-05-21,54.72999954223633,55.099998474121094,53.689998626708984,53.83000183105469,43.95012283325195,3198500,SO
2020-05-22,53.720001220703125,54.619998931884766,53.58000183105469,54.58000183105469,44.56247329711914,4437800,SO
2020-05-26,55.5,55.83000183105469,54.540000915527344,54.65999984741211,44.627784729003906,6801200,SO
2020-05-27,55.650001525878906,55.650001525878906,54.38999938964844,55.0099983215332,44.91354751586914,4483100,SO
2020-05-28,55.689998626708984,57.04999923706055,55.52000045776367,56.90999984741211,46.46482849121094,4551000,SO
2020-05-29,56.529998779296875,57.709999084472656,56.18000030517578,57.06999969482422,46.595458984375,6581700,SO
2020-06-01,57.099998474121094,58.119998931884766,56.52000045776367,57.70000076293945,47.109825134277344,3119300,SO
2020-06-02,57.939998626708984,58.040000915527344,57.06999969482422,58.0,47.35476303100586,4098400,SO
2020-06-03,58.34000015258789,59.31999969482422,58.099998474121094,58.709999084472656,47.93445587158203,3717700,SO
2020-06-04,58.40999984741211,58.65999984741211,57.09000015258789,57.95000076293945,47.313941955566406,3346300,SO
2020-06-05,58.349998474121094,60.02000045776367,58.2599983215332,58.45000076293945,47.722171783447266,4681600,SO
2020-06-08,58.29999923706055,60.470001220703125,58.130001068115234,60.27000045776367,49.20814514160156,5035800,SO
2020-06-09,59.349998474121094,59.689998626708984,58.2599983215332,59.36000061035156,48.46515655517578,7344200,SO
2020-06-10,59.2599983215332,60.279998779296875,58.91999816894531,59.20000076293945,48.33452606201172,5150100,SO
2020-06-11,58.0,58.189998626708984,55.81999969482422,56.09000015258789,45.79532241821289,5447600,SO
2020-06-12,57.31999969482422,57.45000076293945,55.400001525878906,56.16999816894531,45.86063766479492,4533700,SO
2020-06-15,55.29999923706055,56.959999084472656,54.52000045776367,56.41999816894531,46.064762115478516,4628200,SO
2020-06-16,57.65999984741211,58.029998779296875,55.869998931884766,56.220001220703125,45.90147399902344,5000900,SO
2020-06-17,56.47999954223633,56.52000045776367,55.29999923706055,56.040000915527344,45.75449752807617,4593200,SO
2020-06-18,55.709999084472656,56.20000076293945,55.209999084472656,56.11000061035156,45.81166076660156,3770300,SO
2020-06-19,56.88999938964844,57.099998474121094,53.61000061035156,53.61000061035156,43.770503997802734,10434600,SO
2020-06-22,53.95000076293945,54.81999969482422,53.34000015258789,54.66999816894531,44.635948181152344,4692700,SO
2020-06-23,55.290000915527344,55.439998626708984,53.2599983215332,53.27000045776367,43.49290466308594,6071100,SO
2020-06-24,52.880001068115234,53.04999923706055,51.709999084472656,52.380001068115234,42.76626205444336,6370300,SO
2020-06-25,52.099998474121094,52.25,50.720001220703125,51.25,41.84365463256836,6995100,SO
2020-06-26,51.16999816894531,51.880001068115234,50.400001525878906,50.91999816894531,41.574214935302734,6730000,SO
2020-06-29,51.369998931884766,51.560001373291016,50.619998931884766,51.560001373291016,42.09675979614258,3956200,SO
2020-06-30,51.650001525878906,52.15999984741211,51.130001068115234,51.849998474121094,42.33353042602539,5075800,SO
2020-07-01,51.86000061035156,53.060001373291016,51.65999984741211,52.869998931884766,43.166324615478516,3873300,SO
2020-07-02,53.290000915527344,53.43000030517578,52.66999816894531,52.790000915527344,43.101009368896484,3413100,SO
2020-07-06,52.9900016784668,53.4900016784668,52.060001373291016,52.61000061035156,42.954044342041016,3318800,SO
2020-07-07,52.0,52.880001068115234,51.650001525878906,52.720001220703125,43.043853759765625,3520800,SO
2020-07-08,52.52000045776367,53.31999969482422,52.45000076293945,53.060001373291016,43.32144546508789,3346100,SO
2020-07-09,52.72999954223633,52.77000045776367,51.41999816894531,51.939998626708984,42.40700912475586,3700500,SO
2020-07-10,52.0,53.40999984741211,52.0,53.22999954223633,43.46024703979492,4034500,SO
2020-07-13,53.310001373291016,53.880001068115234,52.869998931884766,53.18000030517578,43.41942596435547,3562200,SO
2020-07-14,53.060001373291016,54.18000030517578,53.04999923706055,53.68000030517578,43.827667236328125,6023600,SO
2020-07-15,54.41999816894531,54.58000183105469,52.90999984741211,53.02000045776367,43.288795471191406,4380200,SO
2020-07-16,53.15999984741211,53.90999984741211,53.04999923706055,53.7400016784668,43.876644134521484,3201100,SO
2020-07-17,54.099998474121094,54.75,53.93000030517578,54.58000183105469,44.56247329711914,3806100,SO
2020-07-20,54.34000015258789,54.650001525878906,54.060001373291016,54.2599983215332,44.30120086669922,3044100,SO
2020-07-21,54.22999954223633,55.38999938964844,54.220001220703125,54.869998931884766,44.79924774169922,3954700,SO
2020-07-22,54.720001220703125,56.27000045776367,53.959999084472656,55.779998779296875,45.5422248840332,3870400,SO
2020-07-23,55.59000015258789,56.04999923706055,55.16999816894531,55.560001373291016,45.36260986328125,3690900,SO
2020-07-24,55.84000015258789,56.29999923706055,54.650001525878906,54.849998474121094,44.78291702270508,2741800,SO
2020-07-27,54.77000045776367,54.84000015258789,53.95000076293945,54.2599983215332,44.30120086669922,3341400,SO
2020-07-28,54.099998474121094,55.63999938964844,54.099998474121094,55.279998779296875,45.133995056152344,2702900,SO
2020-07-29,55.5,55.619998931884766,54.72999954223633,55.38999938964844,45.22380065917969,3248400,SO
2020-07-30,55.310001373291016,55.529998779296875,54.27000045776367,55.2400016784668,45.10133743286133,4483900,SO
2020-07-31,54.869998931884766,54.97999954223633,53.77000045776367,54.61000061035156,44.58696365356445,5643600,SO
2020-08-03,54.56999969482422,54.61000061035156,53.880001068115234,54.0099983215332,44.097084045410156,3927600,SO
2020-08-04,53.880001068115234,54.72999954223633,53.79999923706055,54.439998626708984,44.44816589355469,3803600,SO
2020-08-05,54.599998474121094,54.63999938964844,53.279998779296875,53.400001525878906,43.59904479980469,4043300,SO
2020-08-06,53.29999923706055,54.06999969482422,53.06999969482422,53.88999938964844,43.99911117553711,2713500,SO
2020-08-07,53.560001373291016,54.93000030517578,53.560001373291016,54.689998626708984,44.652286529541016,3145000,SO
2020-08-10,54.84000015258789,55.369998931884766,54.58000183105469,55.06999969482422,44.96253967285156,2255500,SO
2020-08-11,55.27000045776367,55.380001068115234,54.029998779296875,54.189998626708984,44.24404525756836,5215700,SO
2020-08-12,54.52000045776367,55.38999938964844,54.25,54.86000061035156,44.79109191894531,4673200,SO
2020-08-13,54.619998931884766,55.04999923706055,54.45000076293945,55.0099983215332,44.91354751586914,3926100,SO
2020-08-14,54.150001525878906,54.25,53.41999816894531,53.560001373291016,44.24443054199219,3122000,SO
2020-08-17,53.560001373291016,54.029998779296875,53.25,53.59000015258789,44.26920700073242,2725500,SO
2020-08-18,53.58000183105469,53.72999954223633,52.83000183105469,53.04999923706055,43.82312774658203,6647500,SO
2020-08-19,53.369998931884766,53.47999954223633,52.939998626708984,53.189998626708984,43.938785552978516,2594200,SO
2020-08-20,52.849998474121094,53.119998931884766,52.08000183105469,52.25,43.16228103637695,3309500,SO
2020-08-21,52.459999084472656,52.54999923706055,51.86000061035156,52.369998931884766,43.26140213012695,3536900,SO
2020-08-24,52.38999938964844,52.95000076293945,51.970001220703125,52.86000061035156,43.66617965698242,3386100,SO
2020-08-25,53.029998779296875,53.060001373291016,52.189998626708984,52.40999984741211,43.29444885253906,2409100,SO
2020-08-26,52.0099983215332,52.220001220703125,51.459999084472656,51.720001220703125,42.724464416503906,3015300,SO
2020-08-27,51.75,52.36000061035156,51.650001525878906,52.20000076293945,43.120975494384766,3543000,SO
2020-08-28,52.29999923706055,52.5099983215332,51.86000061035156,52.41999816894531,43.30270767211914,2867000,SO
2020-08-31,52.11000061035156,52.650001525878906,52.040000915527344,52.18000030517578,43.10445022583008,3863500,SO
2020-09-01,52.02000045776367,52.31999969482422,51.59000015258789,51.810001373291016,42.798797607421875,3214200,SO
2020-09-02,51.77000045776367,53.4900016784668,51.61000061035156,53.209999084472656,43.95530319213867,4046900,SO
2020-09-03,53.40999984741211,53.939998626708984,52.189998626708984,52.599998474121094,43.45140075683594,4326000,SO
2020-09-04,52.709999084472656,52.869998931884766,51.52000045776367,52.290000915527344,43.195316314697266,3475700,SO
2020-09-08,52.43000030517578,53.31999969482422,51.869998931884766,52.849998474121094,43.65791702270508,6763200,SO
2020-09-09,53.15999984741211,53.810001373291016,52.66999816894531,52.849998474121094,43.65791702270508,4665400,SO
2020-09-10,52.060001373291016,52.11000061035156,51.400001525878906,51.560001373291016,42.592288970947266,6263300,SO
2020-09-11,51.529998779296875,51.959999084472656,51.220001220703125,51.7599983215332,42.75749969482422,3803000,SO
2020-09-14,51.9900016784668,53.189998626708984,51.9900016784668,52.86000061035156,43.66617965698242,3705700,SO
2020-09-15,53.119998931884766,53.79999923706055,52.7400016784668,53.0099983215332,43.79008865356445,3519000,SO
2020-09-16,52.79999923706055,53.81999969482422,52.79999923706055,53.290000915527344,44.021392822265625,2842000,SO
2020-09-17,52.97999954223633,53.54999923706055,52.560001373291016,53.52000045776367,44.21139144897461,3841900,SO
2020-09-18,53.150001525878906,53.4900016784668,52.709999084472656,52.810001373291016,43.6248779296875,6289200,SO
2020-09-21,52.720001220703125,53.150001525878906,52.209999084472656,53.029998779296875,43.806610107421875,4813100,SO
2020-09-22,52.939998626708984,53.66999816894531,52.70000076293945,53.119998931884766,43.880958557128906,4047500,SO
2020-09-23,53.29999923706055,53.29999923706055,52.47999954223633,52.529998779296875,43.39358139038086,2786700,SO
2020-09-24,52.529998779296875,53.189998626708984,52.0099983215332,53.04999923706055,43.82312774658203,3146300,SO
2020-09-25,52.70000076293945,53.849998474121094,52.529998779296875,53.810001373291016,44.45095443725586,3061900,SO
2020-09-28,54.0,54.70000076293945,53.61000061035156,53.709999084472656,44.36833572387695,4436000,SO
2020-09-29,53.95000076293945,54.18000030517578,53.220001220703125,53.70000076293945,44.360084533691406,2951300,SO
2020-09-30,53.97999954223633,54.5,53.880001068115234,54.220001220703125,44.78964614868164,4659900,SO
2020-10-01,54.29999923706055,54.7400016784668,53.97999954223633,54.619998931884766,45.12006378173828,5565800,SO
2020-10-02,54.310001373291016,56.56999969482422,54.09000015258789,56.2599983215332,46.474830627441406,6696900,SO
2020-10-05,56.31999969482422,57.36000061035156,56.27000045776367,57.16999816894531,47.2265510559082,5229100,SO
2020-10-06,57.040000915527344,58.83000183105469,56.91999816894531,57.83000183105469,47.771759033203125,4779300,SO
2020-10-07,58.18000030517578,58.61000061035156,57.68000030517578,57.79999923706055,47.74697494506836,3224300,SO
2020-10-08,58.0,58.959999084472656,57.900001525878906,58.709999084472656,48.49871063232422,3003000,SO
2020-10-09,59.0,59.20000076293945,58.380001068115234,58.7400016784668,48.52348327636719,3920600,SO
2020-10-12,58.689998626708984,59.189998626708984,58.439998626708984,58.86000061035156,48.62261962890625,3807100,SO
2020-10-13,58.45000076293945,58.70000076293945,57.45000076293945,58.34000015258789,48.19305419921875,3590500,SO
2020-10-14,58.150001525878906,58.45000076293945,57.810001373291016,58.0,47.91218948364258,2596600,SO
2020-10-15,57.61000061035156,58.209999084472656,57.380001068115234,58.02000045776367,47.928714752197266,3356700,SO
2020-10-16,58.279998779296875,58.54999923706055,57.81999969482422,58.349998474121094,48.20132064819336,3241600,SO
2020-10-19,58.43000030517578,59.04999923706055,58.0099983215332,58.040000915527344,47.945228576660156,3989500,SO
2020-10-20,58.2599983215332,58.790000915527344,57.9900016784668,58.599998474121094,48.4078254699707,3384500,SO
2020-10-21,58.220001220703125,59.16999816894531,58.15999984741211,58.869998931884766,48.6308708190918,3900500,SO
2020-10-22,58.849998474121094,60.619998931884766,58.70000076293945,60.560001373291016,50.02693176269531,4964000,SO
2020-10-23,60.7599983215332,61.2599983215332,60.4900016784668,60.849998474121094,50.2664909362793,4395200,SO
2020-10-26,60.27000045776367,60.84000015258789,59.81999969482422,60.61000061035156,50.06824493408203,3949400,SO
2020-10-27,60.77000045776367,61.099998474121094,60.209999084472656,60.209999084472656,49.7378044128418,3484200,SO
2020-10-28,59.5,60.04999923706055,58.18000030517578,58.36000061035156,48.2095832824707,4240300,SO
2020-10-29,57.93000030517578,59.220001220703125,57.0,58.209999084472656,48.08567810058594,3758900,SO
2020-10-30,58.18000030517578,58.59000015258789,56.91999816894531,57.45000076293945,47.45785140991211,4145200,SO
2020-11-02,58.02000045776367,59.25,57.779998779296875,59.0099983215332,48.74652099609375,3659400,SO
2020-11-03,59.630001068115234,60.619998931884766,59.52000045776367,59.86000061035156,49.44868087768555,3121200,SO
2020-11-04,59.52000045776367,60.959999084472656,59.29999923706055,59.7599983215332,49.36607360839844,4100000,SO
2020-11-05,59.93000030517578,61.380001068115234,59.93000030517578,60.16999816894531,49.70476150512695,2758600,SO
2020-11-06,60.27000045776367,60.790000915527344,59.630001068115234,59.959999084472656,49.53129196166992,2971200,SO
2020-11-09,62.189998626708984,64.48999786376953,61.5,62.31999969482422,51.48082733154297,6353000,SO
2020-11-10,62.619998931884766,64.66999816894531,62.529998779296875,64.16999816894531,53.00905990600586,5515400,SO
2020-11-11,64.23999786376953,64.58000183105469,63.72999954223633,63.91999816894531,52.80253219604492,3459900,SO
2020-11-12,63.54999923706055,64.51000213623047,62.970001220703125,63.52000045776367,52.47210693359375,4189700,SO
2020-11-13,63.0,64.1500015258789,62.95000076293945,63.900001525878906,53.32328414916992,3654500,SO
2020-11-16,64.80000305175781,64.93000030517578,63.689998626708984,64.12000274658203,53.50687026977539,4014000,SO
2020-11-17,63.650001525878906,63.790000915527344,62.2400016784668,62.36000061035156,52.03818893432617,3770800,SO
2020-11-18,62.720001220703125,63.08000183105469,61.720001220703125,61.779998779296875,51.554176330566406,3990500,SO
2020-11-19,61.72999954223633,61.72999954223633,60.41999816894531,61.06999969482422,50.96169662475586,3394000,SO
2020-11-20,60.97999954223633,61.470001220703125,60.63999938964844,60.880001068115234,50.80314636230469,3967300,SO
2020-11-23,60.95000076293945,61.0099983215332,60.369998931884766,60.45000076293945,50.44432067871094,3324400,SO
2020-11-24,60.9900016784668,61.470001220703125,60.5,61.189998626708984,51.061832427978516,3353100,SO
2020-11-25,61.06999969482422,61.45000076293945,60.400001525878906,60.88999938964844,50.811492919921875,2849800,SO
2020-11-27,60.790000915527344,60.79999923706055,60.220001220703125,60.650001525878906,50.61122512817383,1694800,SO
2020-11-30,60.2599983215332,60.470001220703125,59.459999084472656,59.849998474121094,49.943634033203125,6823000,SO
2020-12-01,60.58000183105469,61.849998474121094,60.040000915527344,60.56999969482422,50.54446792602539,5216800,SO
2020-12-02,60.5099983215332,61.93000030517578,60.189998626708984,61.880001068115234,51.637630462646484,3892400,SO
2020-12-03,61.65999984741211,62.209999084472656,61.380001068115234,61.880001068115234,51.637630462646484,4171400,SO
2020-12-04,61.939998626708984,62.20000076293945,61.04999923706055,61.52000045776367,51.33721923828125,2928600,SO
2020-12-07,61.290000915527344,62.13999938964844,61.16999816894531,61.72999954223633,51.512454986572266,4111000,SO
2020-12-08,61.369998931884766,61.5,60.619998931884766,61.0,50.90330123901367,3677400,SO
2020-12-09,61.0,61.27000045776367,60.470001220703125,60.77000045776367,50.71135330200195,2691400,SO
2020-12-10,60.93000030517578,61.189998626708984,60.439998626708984,60.5,50.48604202270508,3206000,SO
2020-12-11,60.27000045776367,60.619998931884766,60.189998626708984,60.41999816894531,50.41928482055664,2139800,SO
2020-12-14,61.08000183105469,61.220001220703125,59.630001068115234,59.65999984741211,49.78508377075195,3017500,SO
2020-12-15,60.369998931884766,61.22999954223633,59.790000915527344,60.86000061035156,50.786468505859375,3116300,SO
2020-12-16,61.04999923706055,61.54999923706055,60.25,60.43000030517578,50.427635192871094,2670800,SO
2020-12-17,60.810001373291016,61.439998626708984,60.75,61.06999969482422,50.96169662475586,2991500,SO
2020-12-18,61.06999969482422,61.2599983215332,59.810001373291016,60.13999938964844,50.185638427734375,7612100,SO
2020-12-21,59.720001220703125,60.06999969482422,59.04999923706055,60.0,50.06880187988281,4059200,SO
2020-12-22,59.93000030517578,60.04999923706055,59.619998931884766,59.720001220703125,49.83515167236328,2714800,SO
2020-12-23,60.0099983215332,60.369998931884766,59.36000061035156,59.380001068115234,49.55143356323242,2462400,SO
2020-12-24,59.58000183105469,59.849998474121094,59.29999923706055,59.79999923706055,49.90190124511719,858000,SO
2020-12-28,60.02000045776367,60.52000045776367,59.709999084472656,59.9900016784668,50.06046676635742,2293800,SO
2020-12-29,60.0099983215332,60.5,59.91999816894531,60.06999969482422,50.127220153808594,1746700,SO
2020-12-30,60.06999969482422,60.869998931884766,60.029998779296875,60.61000061035156,50.57784652709961,1963800,SO
2020-12-31,60.58000183105469,61.47999954223633,60.45000076293945,61.43000030517578,51.262115478515625,2417300,SO
2021-01-04,61.380001068115234,61.4900016784668,58.95000076293945,59.36000061035156,49.53474044799805,4774300,SO
2021-01-05,59.529998779296875,59.970001220703125,59.27000045776367,59.75,49.86019515991211,3905200,SO
2021-01-06,60.060001373291016,61.599998474121094,59.849998474121094,61.209999084472656,51.07852554321289,4102500,SO
2021-01-07,61.380001068115234,61.54999923706055,60.810001373291016,61.13999938964844,51.020118713378906,4690300,SO
2021-01-08,61.06999969482422,61.709999084472656,60.77000045776367,61.56999969482422,51.37894058227539,3965800,SO
2021-01-11,61.189998626708984,61.720001220703125,60.75,61.209999084472656,51.07852554321289,2873300,SO
2021-01-12,61.04999923706055,61.150001525878906,58.5,58.81999969482422,49.0841178894043,7012200,SO
2021-01-13,58.86000061035156,59.97999954223633,58.849998474121094,59.709999084472656,49.82680892944336,3949500,SO
2021-01-14,59.58000183105469,59.689998626708984,58.97999954223633,59.040000915527344,49.267704010009766,3776700,SO
2021-01-15,58.75,59.849998474121094,58.459999084472656,59.65999984741211,49.78508377075195,4107900,SO
2021-01-19,60.310001373291016,61.13999938964844,59.88999938964844,61.060001373291016,50.95335388183594,6270300,SO
2021-01-20,60.779998779296875,61.130001068115234,60.15999984741211,60.650001525878906,50.61122512817383,5151000,SO
2021-01-21,60.0,60.59000015258789,59.61000061035156,59.880001068115234,49.96867370605469,3530400,SO
2021-01-22,59.720001220703125,60.540000915527344,59.630001068115234,60.13999938964844,50.185638427734375,3079400,SO
2021-01-25,59.869998931884766,61.040000915527344,59.58000183105469,61.02000045776367,50.919986724853516,4013100,SO
2021-01-26,60.88999938964844,60.939998626708984,59.689998626708984,59.689998626708984,49.810115814208984,3222800,SO
2021-01-27,59.5,59.68000030517578,58.130001068115234,58.540000915527344,48.8504638671875,5062700,SO
2021-01-28,58.75,60.27000045776367,58.650001525878906,59.040000915527344,49.267704010009766,2764400,SO
2021-01-29,58.7599983215332,59.27000045776367,58.209999084472656,58.91999816894531,49.16756820678711,3464500,SO
2021-02-01,59.290000915527344,59.77000045776367,58.630001068115234,59.11000061035156,49.326114654541016,3257200,SO
2021-02-02,59.29999923706055,60.70000076293945,58.939998626708984,59.63999938964844,49.76839065551758,3391700,SO
2021-02-03,59.599998474121094,59.88999938964844,59.310001373291016,59.45000076293945,49.60984802246094,3165000,SO
2021-02-04,59.54999923706055,60.470001220703125,59.45000076293945,60.34000015258789,50.35252380371094,3223600,SO
2021-02-05,60.630001068115234,61.2400016784668,60.34000015258789,60.880001068115234,50.80314636230469,3087200,SO
2021-02-08,60.939998626708984,61.279998779296875,60.630001068115234,60.72999954223633,50.677974700927734,3550200,SO
2021-02-09,60.83000183105469,60.88999938964844,60.40999984741211,60.63999938964844,50.602874755859375,2077400,SO
2021-02-10,60.91999816894531,61.220001220703125,60.58000183105469,60.93000030517578,50.84488296508789,3022400,SO
2021-02-11,60.97999954223633,61.52000045776367,60.599998474121094,61.290000915527344,51.145286560058594,4502600,SO
2021-02-12,60.45000076293945,60.70000076293945,59.5099983215332,60.099998474121094,50.681480407714844,4867000,SO
2021-02-16,60.0099983215332,60.099998474121094,59.290000915527344,59.29999923706055,50.0068473815918,3039600,SO
2021-02-17,59.369998931884766,59.43000030517578,58.93000030517578,59.27000045776367,49.98154830932617,2933200,SO
2021-02-18,59.31999969482422,60.34000015258789,59.25,59.849998474121094,50.47065353393555,4530700,SO
2021-02-19,59.7599983215332,59.869998931884766,59.08000183105469,59.310001373291016,50.015281677246094,3194800,SO
2021-02-22,59.31999969482422,59.56999969482422,58.439998626708984,59.290000915527344,49.99842071533203,4076100,SO
2021-02-23,59.220001220703125,60.290000915527344,58.90999984741211,58.91999816894531,49.686397552490234,3990600,SO
2021-02-24,58.77000045776367,58.93000030517578,58.13999938964844,58.380001068115234,49.23102569580078,5076900,SO
2021-02-25,58.279998779296875,58.650001525878906,57.619998931884766,57.7599983215332,48.708187103271484,4064300,SO
2021-02-26,58.04999923706055,58.34000015258789,56.689998626708984,56.720001220703125,47.83116912841797,6092400,SO
2021-03-01,57.27000045776367,58.58000183105469,57.27000045776367,57.779998779296875,48.72505187988281,3210700,SO
2021-03-02,57.810001373291016,58.33000183105469,57.11000061035156,57.83000183105469,48.7672233581543,3574200,SO
2021-03-03,57.5,57.779998779296875,57.060001373291016,57.59000015258789,48.564823150634766,3859400,SO
2021-03-04,57.810001373291016,58.689998626708984,57.02000045776367,57.40999984741211,48.41303634643555,4843400,SO
2021-03-05,57.56999969482422,58.63999938964844,57.060001373291016,58.349998474121094,49.20573043823242,4435200,SO
2021-03-08,59.150001525878906,59.869998931884766,58.61000061035156,59.61000061035156,50.26826858520508,7440100,SO
2021-03-09,59.70000076293945,59.959999084472656,59.2400016784668,59.40999984741211,50.099609375,4703100,SO
2021-03-10,59.40999984741211,60.20000076293945,59.290000915527344,59.779998779296875,50.411617279052734,4075700,SO
2021-03-11,59.56999969482422,60.150001525878906,59.25,59.279998779296875,49.9899787902832,3351000,SO
2021-03-12,59.58000183105469,60.220001220703125,59.33000183105469,59.84000015258789,50.46223449707031,4062400,SO
2021-03-15,60.0,61.130001068115234,59.86000061035156,60.97999954223633,51.42356491088867,3470200,SO
2021-03-16,60.779998779296875,61.45000076293945,60.619998931884766,61.25,51.6512565612793,4410500,SO
2021-03-17,61.25,61.279998779296875,60.66999816894531,60.70000076293945,51.18745803833008,3850300,SO
2021-03-18,60.709999084472656,60.90999984741211,59.81999969482422,60.400001525878906,50.93446350097656,4042900,SO
2021-03-19,59.79999923706055,60.279998779296875,58.529998779296875,59.70000076293945,50.34416198730469,8891400,SO
2021-03-22,59.5,59.88999938964844,59.279998779296875,59.689998626708984,50.335723876953125,3026900,SO
2021-03-23,59.7599983215332,60.970001220703125,59.52000045776367,60.630001068115234,51.128421783447266,3601400,SO
2021-03-24,60.279998779296875,61.290000915527344,60.189998626708984,60.689998626708984,51.17901611328125,3485600,SO
2021-03-25,61.0,61.810001373291016,60.720001220703125,61.380001068115234,51.760887145996094,4303700,SO
2021-03-26,61.34000015258789,61.7400016784668,60.869998931884766,61.65999984741211,51.997013092041016,2929100,SO
2021-03-29,61.65999984741211,62.599998474121094,61.58000183105469,62.31999969482422,52.55357360839844,4505600,SO
2021-03-30,62.02000045776367,62.029998779296875,61.150001525878906,61.540000915527344,51.895809173583984,3008300,SO
2021-03-31,61.630001068115234,62.279998779296875,61.5,62.15999984741211,52.41865158081055,4346900,SO
2021-04-01,62.25,62.33000183105469,61.58000183105469,62.33000183105469,52.56200408935547,3396300,SO
2021-04-05,62.20000076293945,62.970001220703125,62.20000076293945,62.65999984741211,52.84029006958008,3104000,SO
2021-04-06,62.45000076293945,63.150001525878906,62.2599983215332,63.11000061035156,53.21976089477539,2879900,SO
2021-04-07,63.13999938964844,63.36000061035156,62.599998474121094,62.79999923706055,52.958351135253906,2311400,SO
2021-04-08,62.939998626708984,63.33000183105469,62.68000030517578,62.86000061035156,53.00894546508789,3717500,SO
2021-04-09,62.970001220703125,63.13999938964844,62.68000030517578,62.72999954223633,52.89931869506836,2641800,SO
2021-04-12,62.81999969482422,63.220001220703125,62.630001068115234,62.88999938964844,53.034244537353516,3240900,SO
2021-04-13,62.5,63.86000061035156,62.5,63.560001373291016,53.5992431640625,4413500,SO
2021-04-14,63.380001068115234,63.93000030517578,63.2599983215332,63.88999938964844,53.87753677368164,3455000,SO
2021-04-15,63.91999816894531,64.61000061035156,63.68000030517578,64.48999786376953,54.38349914550781,4773900,SO
2021-04-16,65.0,65.26000213623047,64.56999969482422,65.01000213623047,54.822025299072266,5307800,SO
2021-04-19,65.0199966430664,65.13999938964844,64.4000015258789,64.91999816894531,54.74611282348633,3555000,SO
2021-04-20,64.91000366210938,66.4000015258789,64.81999969482422,66.08999633789062,55.73274612426758,4870900,SO
2021-04-21,66.18000030517578,66.4000015258789,65.38999938964844,65.7300033569336,55.42918014526367,3331700,SO
2021-04-22,65.62999725341797,65.94000244140625,65.05000305175781,65.0999984741211,54.89790344238281,3975400,SO
2021-04-23,65.18000030517578,65.63999938964844,65.05000305175781,65.33000183105469,55.091861724853516,3885800,SO
2021-04-26,65.45999908447266,65.45999908447266,64.5199966430664,64.66000366210938,54.52686309814453,3924700,SO
2021-04-27,64.58000183105469,64.6500015258789,64.18000030517578,64.33000183105469,54.24857711791992,2967900,SO
2021-04-28,64.38999938964844,64.62999725341797,64.08999633789062,64.33999633789062,54.25700759887695,3610200,SO
2021-04-29,64.19000244140625,65.33999633789062,64.0999984741211,65.16000366210938,54.94851303100586,5034800,SO
2021-04-30,65.37000274658203,66.2300033569336,65.01000213623047,66.16999816894531,55.80021667480469,5414000,SO
2021-05-03,66.18000030517578,66.69999694824219,65.83000183105469,66.05000305175781,55.69902801513672,3764600,SO
2021-05-04,66.22000122070312,66.70999908447266,65.8499984741211,66.41999816894531,56.01103973388672,3815300,SO
2021-05-05,66.20999908447266,66.30000305175781,64.87000274658203,65.44999694824219,55.19305419921875,4259400,SO
2021-05-06,65.58999633789062,66.16999816894531,65.2300033569336,66.05000305175781,55.69902801513672,3333600,SO
2021-05-07,65.91999816894531,66.51000213623047,65.80000305175781,66.26000213623047,55.87612533569336,3608800,SO
2021-05-10,66.44999694824219,66.93000030517578,66.29000091552734,66.30999755859375,55.91828536987305,3753400,SO
2021-05-11,66.30000305175781,66.45999908447266,65.43000030517578,65.80000305175781,55.48820114135742,4057700,SO
2021-05-12,65.6500015258789,65.7300033569336,64.30999755859375,64.36000061035156,54.27387237548828,3781500,SO
2021-05-13,64.51000213623047,66.16000366210938,64.4000015258789,65.7300033569336,55.42918014526367,3533700,SO
2021-05-14,65.16000366210938,65.55999755859375,65.05000305175781,65.11000061035156,55.4632453918457,3859600,SO
2021-05-17,65.11000061035156,65.66999816894531,64.4000015258789,64.44000244140625,54.89252471923828,4449900,SO
2021-05-18,64.44999694824219,64.77999877929688,64.0999984741211,64.16000366210938,54.65401077270508,4955800,SO
2021-05-19,63.720001220703125,64.0,63.02000045776367,63.97999954223633,54.50067138671875,4758900,SO
2021-05-20,64.0,64.56999969482422,63.790000915527344,64.05999755859375,54.56881332397461,3520000,SO
2021-05-21,64.26000213623047,64.58999633789062,63.849998474121094,64.37999725341797,54.841400146484375,6245500,SO
2021-05-24,64.62999725341797,64.77999877929688,64.22000122070312,64.41999816894531,54.87548065185547,2566200,SO
2021-05-25,64.4000015258789,64.43000030517578,63.72999954223633,64.08000183105469,54.58586120605469,3634500,SO
2021-05-26,63.9900016784668,64.05999755859375,63.599998474121094,63.720001220703125,54.27919006347656,2895300,SO
2021-05-27,63.939998626708984,63.970001220703125,63.529998779296875,63.65999984741211,54.22807693481445,5675000,SO
2021-05-28,64.0,64.13999938964844,63.72999954223633,63.91999816894531,54.44955825805664,3754600,SO
2021-06-01,64.12999725341797,64.18000030517578,63.310001373291016,63.43000030517578,54.03215789794922,4008900,SO
2021-06-02,63.66999816894531,64.37999725341797,63.310001373291016,63.900001525878906,54.432533264160156,3012600,SO
2021-06-03,63.95000076293945,64.68000030517578,63.56999969482422,64.45999908447266,54.9095573425293,3245100,SO
2021-06-04,64.62000274658203,64.7699966430664,64.30999755859375,64.3499984741211,54.815853118896484,2950200,SO
2021-06-07,64.5,64.93000030517578,64.29000091552734,64.66999816894531,55.088436126708984,5518800,SO
2021-06-08,64.80000305175781,64.80000305175781,63.400001525878906,63.439998626708984,54.040679931640625,4757400,SO
2021-06-09,63.41999816894531,63.720001220703125,63.06999969482422,63.630001068115234,54.202518463134766,4454800,SO
2021-06-10,63.7400016784668,63.939998626708984,63.47999954223633,63.880001068115234,54.415489196777344,3162600,SO
2021-06-11,63.7599983215332,63.970001220703125,63.4900016784668,63.849998474121094,54.38992691040039,3123400,SO
2021-06-14,63.77000045776367,64.13999938964844,63.540000915527344,63.790000915527344,54.33882522583008,3300900,SO
2021-06-15,63.900001525878906,64.68000030517578,63.81999969482422,64.31999969482422,54.79029083251953,3155700,SO
2021-06-16,64.37000274658203,64.58000183105469,62.959999084472656,62.97999954223633,53.64883041381836,4200200,SO
2021-06-17,63.0099983215332,63.63999938964844,62.72999954223633,63.349998474121094,53.964012145996094,4425800,SO
2021-06-18,63.040000915527344,63.09000015258789,61.380001068115234,61.45000076293945,52.34552001953125,6549300,SO
2021-06-21,61.720001220703125,62.91999816894531,61.540000915527344,62.5,53.23995590209961,4303000,SO
2021-06-22,62.36000061035156,62.7400016784668,62.040000915527344,62.08000183105469,52.882179260253906,3626200,SO
2021-06-23,62.0099983215332,62.060001373291016,61.22999954223633,61.470001220703125,52.36255645751953,4500900,SO
2021-06-24,61.540000915527344,61.58000183105469,60.93000030517578,60.97999954223633,51.94515609741211,4963900,SO
2021-06-25,60.970001220703125,61.599998474121094,60.59000015258789,61.529998779296875,52.41366958618164,4703900,SO
2021-06-28,61.75,61.91999816894531,61.34000015258789,61.4900016784668,52.37959671020508,2363300,SO
2021-06-29,61.220001220703125,61.66999816894531,60.279998779296875,60.459999084472656,51.502193450927734,4097100,SO
2021-06-30,60.45000076293945,60.689998626708984,60.119998931884766,60.5099983215332,51.54478073120117,4155200,SO
2021-07-01,60.79999923706055,61.650001525878906,60.599998474121094,61.47999954223633,52.37106704711914,3635500,SO
2021-07-02,61.5099983215332,61.61000061035156,61.25,61.529998779296875,52.41366958618164,2940600,SO
2021-07-06,61.52000045776367,61.66999816894531,60.7599983215332,61.63999938964844,52.50736999511719,3030600,SO
2021-07-07,61.5,61.77000045776367,61.189998626708984,61.689998626708984,52.54995346069336,3001400,SO
2021-07-08,61.400001525878906,61.84000015258789,61.290000915527344,61.54999923706055,52.43069839477539,3480100,SO
2021-07-09,61.65999984741211,61.779998779296875,61.060001373291016,61.470001220703125,52.36255645751953,3688600,SO
2021-07-12,61.34000015258789,61.88999938964844,61.150001525878906,61.79999923706055,52.64366149902344,3121400,SO
2021-07-13,61.720001220703125,61.84000015258789,61.119998931884766,61.34000015258789,52.25181579589844,2426200,SO
2021-07-14,61.31999969482422,62.13999938964844,61.060001373291016,61.88999938964844,52.72032165527344,2969500,SO
2021-07-15,61.560001373291016,62.720001220703125,61.560001373291016,62.66999816894531,53.3847541809082,3600700,SO
2021-07-16,62.7400016784668,63.439998626708984,62.56999969482422,63.11000061035156,53.759559631347656,3651400,SO
2021-07-19,62.93000030517578,63.630001068115234,61.810001373291016,62.790000915527344,53.48698806762695,6866700,SO
2021-07-20,63.0,63.95000076293945,62.79999923706055,62.95000076293945,53.62327575683594,4566500,SO
2021-07-21,63.040000915527344,63.61000061035156,62.75,62.81999969482422,53.512542724609375,3966100,SO
2021-07-22,62.88999938964844,63.400001525878906,62.81999969482422,62.97999954223633,53.64883041381836,4387500,SO
2021-07-23,63.06999969482422,63.97999954223633,63.0,63.86000061035156,54.39844512939453,2823600,SO
2021-07-26,63.900001525878906,64.12999725341797,63.5,63.72999954223633,54.287715911865234,3960800,SO
2021-07-27,63.58000183105469,64.83000183105469,63.2400016784668,64.54000091552734,54.977699279785156,5830100,SO
2021-07-28,64.70999908447266,64.70999908447266,63.54999923706055,63.9900016784668,54.50919723510742,5104800,SO
2021-07-29,63.790000915527344,64.69000244140625,63.68000030517578,64.45999908447266,54.9095573425293,4512500,SO
2021-07-30,64.19000244140625,64.87000274658203,63.709999084472656,63.869998931884766,54.40696716308594,5192100,SO
2021-08-02,63.9900016784668,64.41999816894531,63.75,64.08000183105469,54.58586120605469,3616700,SO
2021-08-03,64.0999984741211,64.55000305175781,63.689998626708984,64.12999725341797,54.628440856933594,4137500,SO
2021-08-04,64.0,64.16000366210938,63.13999938964844,64.02999877929688,54.54326248168945,4537700,SO
2021-08-05,64.13999938964844,64.80999755859375,63.959999084472656,64.77999877929688,55.1821403503418,3792300,SO
2021-08-06,64.83000183105469,65.0999984741211,64.51000213623047,64.69999694824219,55.113990783691406,3327000,SO
2021-08-09,64.83999633789062,64.91000366210938,64.4000015258789,64.8499984741211,55.241764068603516,2906600,SO
2021-08-10,64.91999816894531,65.43000030517578,64.5999984741211,65.20999908447266,55.548439025878906,3484600,SO
2021-08-11,65.25,66.0,65.20999908447266,65.62999725341797,55.90620422363281,3452600,SO
2021-08-12,65.6500015258789,65.97000122070312,65.5199966430664,65.72000122070312,55.982872009277344,5412400,SO
2021-08-13,65.1500015258789,65.63999938964844,64.97000122070312,65.52999877929688,56.387290954589844,3635200,SO
2021-08-16,65.62999725341797,66.86000061035156,65.55999755859375,66.37999725341797,57.118709564208984,5504500,SO
2021-08-17,66.36000061035156,66.61000061035156,65.88999938964844,66.44999694824219,57.17893981933594,5004300,SO
2021-08-18,66.44000244140625,66.5199966430664,65.77999877929688,66.01000213623047,56.80033493041992,3545700,SO
2021-08-19,66.05999755859375,66.70999908447266,65.9800033569336,66.37999725341797,57.118709564208984,4005800,SO
2021-08-20,66.37000274658203,67.45999908447266,65.95999908447266,67.31999969482422,57.92755889892578,4319000,SO
2021-08-23,67.13999938964844,67.31999969482422,66.61000061035156,66.66999816894531,57.36823272705078,4798200,SO
2021-08-24,66.61000061035156,66.61000061035156,65.44000244140625,65.7300033569336,56.55939483642578,5062700,SO
2021-08-25,65.62000274658203,66.16000366210938,65.4000015258789,65.87000274658203,56.67988204956055,3037100,SO
2021-08-26,65.87999725341797,66.2699966430664,65.66999816894531,66.13999938964844,56.91218948364258,3378600,SO
2021-08-27,66.2699966430664,66.41999816894531,65.83000183105469,65.98999786376953,56.783119201660156,3579600,SO
2021-08-30,65.86000061035156,65.98999786376953,65.6500015258789,65.75,56.57659912109375,3221100,SO
2021-08-31,65.6500015258789,65.95999908447266,65.38999938964844,65.7300033569336,56.55939483642578,4581500,SO
2021-09-01,65.97000122070312,66.76000213623047,65.8499984741211,66.4800033569336,57.20476531982422,3574900,SO
2021-09-02,66.5999984741211,66.9800033569336,66.52999877929688,66.8499984741211,57.523136138916016,3544200,SO
2021-09-03,66.79000091552734,66.79000091552734,66.19000244140625,66.2699966430664,57.024051666259766,2891300,SO
2021-09-07,66.86000061035156,67.11000061035156,66.06999969482422,66.19000244140625,56.9552116394043,6416900,SO
2021-09-08,66.22000122070312,67.45999908447266,66.01000213623047,67.30999755859375,57.91895294189453,4759600,SO
2021-09-09,67.26000213623047,67.54000091552734,67.08999633789062,67.18000030517578,57.80709457397461,4789800,SO
2021-09-10,67.04000091552734,67.11000061035156,66.11000061035156,66.20999908447266,56.97241973876953,3818800,SO
2021-09-13,66.63999938964844,66.87000274658203,66.02999877929688,66.33000183105469,57.07569122314453,3243700,SO
2021-09-14,66.4000015258789,66.63999938964844,65.7699966430664,65.97000122070312,56.765907287597656,3252700,SO
2021-09-15,65.76000213623047,66.33999633789062,65.41999816894531,66.01000213623047,56.80033493041992,3037000,SO
2021-09-16,66.12999725341797,66.33999633789062,65.20999908447266,65.37999725341797,56.25822448730469,4049400,SO
2021-09-17,65.01000213623047,65.37999725341797,64.08000183105469,64.13999938964844,55.19122314453125,9457600,SO
2021-09-20,64.05000305175781,64.5,63.290000915527344,63.959999084472656,55.03635025024414,4444100,SO
2021-09-21,64.1500015258789,64.68000030517578,63.79999923706055,63.810001373291016,54.90727233886719,3381600,SO
2021-09-22,64.01000213623047,64.16999816894531,63.47999954223633,63.61000061035156,54.735172271728516,3500100,SO
2021-09-23,63.619998931884766,64.08000183105469,63.31999969482422,63.400001525878906,54.55447769165039,2802500,SO
2021-09-24,63.31999969482422,63.7400016784668,63.0099983215332,63.15999984741211,54.34795379638672,3449600,SO
2021-09-27,63.150001525878906,63.709999084472656,62.400001525878906,62.439998626708984,53.728416442871094,3375400,SO
2021-09-28,62.470001220703125,62.619998931884766,61.560001373291016,61.939998626708984,53.29817581176758,5101000,SO
2021-09-29,61.970001220703125,63.130001068115234,61.810001373291016,62.63999938964844,53.900508880615234,3889600,SO
2021-09-30,62.810001373291016,62.90999984741211,61.93000030517578,61.970001220703125,53.32398986816406,4987400,SO
2021-10-01,62.349998474121094,62.380001068115234,61.59000015258789,61.75,53.134681701660156,4654900,SO
2021-10-04,61.560001373291016,62.630001068115234,61.5,62.43000030517578,53.719818115234375,6268900,SO
2021-10-05,62.65999984741211,62.849998474121094,61.91999816894531,62.060001373291016,53.401432037353516,4266400,SO
2021-10-06,61.81999969482422,62.779998779296875,61.459999084472656,62.72999954223633,53.97794723510742,3386900,SO
2021-10-07,63.0,63.47999954223633,62.5,62.66999816894531,53.92632293701172,2863400,SO
2021-10-08,62.650001525878906,62.959999084472656,62.380001068115234,62.560001373291016,53.8316764831543,2624000,SO
2021-10-11,62.380001068115234,62.47999954223633,61.75,61.91999816894531,53.28095245361328,3238300,SO
2021-10-12,61.95000076293945,62.41999816894531,61.7599983215332,62.099998474121094,53.435848236083984,2600900,SO
2021-10-13,62.04999923706055,62.560001373291016,61.5099983215332,62.5099983215332,53.788639068603516,3200100,SO
2021-10-14,62.7599983215332,63.34000015258789,62.529998779296875,63.2599983215332,54.43400192260742,2853900,SO
2021-10-15,63.25,63.70000076293945,63.0099983215332,63.130001068115234,54.322147369384766,2895900,SO
2021-10-18,62.63999938964844,62.75,62.0099983215332,62.45000076293945,53.73701858520508,4180200,SO
2021-10-19,62.630001068115234,63.150001525878906,62.540000915527344,62.970001220703125,54.18446350097656,2661200,SO
2021-10-20,63.209999084472656,63.970001220703125,63.209999084472656,63.709999084472656,54.82122802734375,2688200,SO
2021-10-21,63.849998474121094,64.18000030517578,63.7599983215332,64.16000366210938,55.208438873291016,2895000,SO
2021-10-22,64.16999816894531,64.25,62.900001525878906,62.95000076293945,54.16726303100586,5067200,SO
2021-10-25,62.79999923706055,63.209999084472656,62.619998931884766,62.810001373291016,54.04679489135742,2632300,SO
2021-10-26,62.93000030517578,63.86000061035156,62.849998474121094,63.279998779296875,54.45121765136719,3686000,SO
2021-10-27,63.22999954223633,63.439998626708984,62.58000183105469,62.63999938964844,53.900508880615234,2854400,SO
2021-10-28,62.52000045776367,62.84000015258789,62.2599983215332,62.7400016784668,53.9865608215332,2714600,SO
2021-10-29,62.709999084472656,63.09000015258789,62.060001373291016,62.31999969482422,53.625160217285156,3718700,SO
2021-11-01,62.400001525878906,62.75,62.18000030517578,62.47999954223633,53.76283645629883,3469600,SO
2021-11-02,62.68000030517578,62.7599983215332,62.08000183105469,62.4900016784668,53.77144241333008,3806200,SO
2021-11-03,62.29999923706055,62.70000076293945,61.90999984741211,62.54999923706055,53.823062896728516,4064100,SO
2021-11-04,62.61000061035156,62.7400016784668,61.77000045776367,62.5,53.78004455566406,3797400,SO
2021-11-05,62.72999954223633,63.36000061035156,62.560001373291016,63.099998474121094,54.296329498291016,3611600,SO
2021-11-08,63.34000015258789,63.36000061035156,62.2400016784668,62.619998931884766,53.883296966552734,4727100,SO
2021-11-09,62.65999984741211,63.56999969482422,62.5099983215332,63.349998474121094,54.51144790649414,5442700,SO
2021-11-10,63.099998474121094,63.95000076293945,62.970001220703125,63.86000061035156,54.95029830932617,3753300,SO
2021-11-11,63.63999938964844,63.810001373291016,62.720001220703125,63.04999923706055,54.2533073425293,3772600,SO
2021-11-12,62.189998626708984,62.43000030517578,61.630001068115234,61.88999938964844,53.81850814819336,4157600,SO
2021-11-15,62.11000061035156,62.38999938964844,61.77000045776367,62.20000076293945,54.08808898925781,3473700,SO
2021-11-16,62.349998474121094,62.650001525878906,61.970001220703125,62.0,53.91416931152344,4492500,SO
2021-11-17,62.0,62.290000915527344,61.52000045776367,62.16999816894531,54.06200408935547,3727000,SO
2021-11-18,61.9900016784668,62.040000915527344,61.47999954223633,61.630001068115234,53.5924186706543,3160400,SO
2021-11-19,61.7599983215332,62.72999954223633,61.5099983215332,62.66999816894531,54.496788024902344,5363700,SO
2021-11-22,62.59000015258789,63.22999954223633,62.279998779296875,63.119998931884766,54.88809585571289,3622900,SO
2021-11-23,63.25,63.58000183105469,62.79999923706055,63.0099983215332,54.792449951171875,3391400,SO
2021-11-24,63.11000061035156,63.2400016784668,62.72999954223633,63.099998474121094,54.87071228027344,2793800,SO
2021-11-26,62.7400016784668,63.099998474121094,61.95000076293945,62.040000915527344,53.948951721191406,2353900,SO
2021-11-29,62.290000915527344,63.0,62.0,62.81999969482422,54.62723159790039,6722200,SO
2021-11-30,62.68000030517578,62.68000030517578,60.9900016784668,61.099998474121094,53.13154220581055,6875800,SO
2021-12-01,61.45000076293945,62.63999938964844,61.099998474121094,61.13999938964844,53.166324615478516,5750300,SO
2021-12-02,61.349998474121094,62.7400016784668,61.310001373291016,62.0099983215332,53.92286682128906,5742000,SO
2021-12-03,62.470001220703125,62.86000061035156,61.83000183105469,62.83000183105469,54.63592529296875,5959400,SO
2021-12-06,63.93000030517578,65.91000366210938,63.650001525878906,64.66000366210938,56.22726058959961,8959500,SO
2021-12-07,64.4000015258789,64.87000274658203,63.91999816894531,64.47000122070312,56.06203842163086,4280400,SO
2021-12-08,64.5199966430664,64.91000366210938,64.26000213623047,64.75,56.30553436279297,4511100,SO
2021-12-09,64.7699966430664,64.91000366210938,64.06999969482422,64.56999969482422,56.14899826049805,4872800,SO
2021-12-10,64.88999938964844,65.44000244140625,64.56999969482422,65.08000183105469,56.59248352050781,4207500,SO
2021-12-13,65.05000305175781,66.55999755859375,65.0,66.18000030517578,57.549034118652344,8051400,SO
2021-12-14,66.16999816894531,66.45999908447266,65.66999816894531,65.97000122070312,57.366416931152344,4289700,SO
2021-12-15,65.62999725341797,67.0199966430664,65.62999725341797,66.75,58.044681549072266,5217700,SO
2021-12-16,66.7300033569336,67.66000366210938,66.55999755859375,67.55000305175781,58.74036407470703,4740400,SO
2021-12-17,67.5,68.20999908447266,66.75,66.83999633789062,58.12294387817383,10776000,SO
2021-12-20,66.13999938964844,67.25,65.7300033569336,67.12000274658203,58.3664436340332,4457300,SO
2021-12-21,67.3499984741211,67.5,66.2699966430664,66.38999938964844,57.73164749145508,6802800,SO
2021-12-22,66.26000213623047,66.73999786376953,66.26000213623047,66.6500015258789,57.95772933959961,2349700,SO
2021-12-23,66.80000305175781,67.05000305175781,66.5199966430664,66.54000091552734,57.86207580566406,2126500,SO
2021-12-27,66.69999694824219,66.9800033569336,66.37000274658203,66.95999908447266,58.2273063659668,1888800,SO
2021-12-28,67.1500015258789,67.73999786376953,67.0,67.7300033569336,58.896888732910156,2152800,SO
2021-12-29,67.75,68.12000274658203,67.66000366210938,68.06999969482422,59.19253921508789,2321300,SO
2021-12-30,68.22000122070312,68.43000030517578,67.7699966430664,68.36000061035156,59.4447135925293,3203800,SO
2021-12-31,68.26000213623047,68.87999725341797,68.16000366210938,68.58000183105469,59.63602066040039,3609700,SO
2022-01-03,68.5,68.54000091552734,67.36000061035156,68.16999816894531,59.27949905395508,3616600,SO
2022-01-04,68.0199966430664,69.12000274658203,67.93000030517578,68.16999816894531,59.27949905395508,5259900,SO
2022-01-05,67.6500015258789,68.97000122070312,67.6500015258789,68.25,59.34906005859375,4542900,SO
2022-01-06,68.33000183105469,68.69999694824219,67.80999755859375,68.16999816894531,59.27949905395508,4015300,SO
2022-01-07,67.87999725341797,69.13999938964844,67.47000122070312,68.63999938964844,59.688201904296875,4380300,SO
2022-01-10,68.58999633789062,69.2300033569336,68.37000274658203,68.52999877929688,59.5925407409668,5599200,SO
2022-01-11,68.52999877929688,68.68000030517578,67.22000122070312,67.6500015258789,58.82732009887695,4071900,SO
2022-01-12,67.30999755859375,67.94000244140625,67.18000030517578,67.77999877929688,58.940364837646484,3043500,SO
2022-01-13,67.87000274658203,68.52999877929688,67.54000091552734,68.3499984741211,59.43601608276367,3617800,SO
2022-01-14,68.4000015258789,68.73999786376953,67.91999816894531,68.66000366210938,59.705589294433594,5700600,SO
2022-01-18,68.29000091552734,68.48999786376953,67.31999969482422,68.01000213623047,59.140357971191406,4240300,SO
2022-01-19,68.12000274658203,68.93000030517578,67.75,68.33000183105469,59.418636322021484,3728000,SO
2022-01-20,68.43000030517578,68.94000244140625,67.79000091552734,67.87999725341797,59.027305603027344,4225100,SO
2022-01-21,68.52999877929688,68.70999908447266,67.66000366210938,67.80999755859375,58.96644973754883,5959000,SO
2022-01-24,67.7699966430664,68.0999984741211,65.4000015258789,67.37000274658203,58.58382797241211,8840400,SO
2022-01-25,66.94000244140625,67.80000305175781,66.70999908447266,67.25,58.47947311401367,8001100,SO
2022-01-26,67.19000244140625,68.04000091552734,66.44000244140625,67.0199966430664,58.27947998046875,6076000,SO
2022-01-27,67.5,68.69000244140625,67.4800033569336,68.02999877929688,59.157745361328125,6318100,SO
2022-01-28,68.0,69.02999877929688,67.63999938964844,69.0,60.00127029418945,6140300,SO
2022-01-31,68.43000030517578,69.7699966430664,68.29000091552734,69.48999786376953,60.42734146118164,14481900,SO
2022-02-01,69.2300033569336,69.27999877929688,67.44000244140625,67.98999786376953,59.12295913696289,6632600,SO
2022-02-02,68.05000305175781,68.94000244140625,67.58999633789062,68.80999755859375,59.83602523803711,6443600,SO
2022-02-03,69.0,69.38999938964844,68.41000366210938,69.25,60.218658447265625,5654100,SO
2022-02-04,68.6500015258789,69.27999877929688,68.13999938964844,68.69000244140625,59.731689453125,6456000,SO
2022-02-07,67.9000015258789,68.11000061035156,67.20999908447266,67.6500015258789,58.82732009887695,7758700,SO
2022-02-08,68.18000030517578,68.2699966430664,67.63999938964844,67.88999938964844,59.036014556884766,4136900,SO
2022-02-09,68.33000183105469,68.38999938964844,67.70999908447266,68.08000183105469,59.20124053955078,4001200,SO
2022-02-10,67.80000305175781,67.80000305175781,65.81999969482422,65.94999694824219,57.34902572631836,7823100,SO
2022-02-11,66.2300033569336,67.16000366210938,66.16000366210938,66.79000091552734,58.07947540283203,8139100,SO
2022-02-14,66.9000015258789,67.05999755859375,65.18000030517578,65.8499984741211,57.26206588745117,7365500,SO
2022-02-15,66.27999877929688,66.47000122070312,64.66000366210938,65.0199966430664,56.54030990600586,6117700,SO
2022-02-16,65.06999969482422,65.47000122070312,64.30999755859375,64.87000274658203,56.409881591796875,7320400,SO
2022-02-17,63.880001068115234,65.08999633789062,63.45000076293945,64.79000091552734,56.34030532836914,7046400,SO
2022-02-18,63.79999923706055,64.30999755859375,63.40999984741211,63.77000045776367,56.0240364074707,9113100,SO
2022-02-22,63.880001068115234,64.54000091552734,63.16999816894531,64.29000091552734,56.480873107910156,7425800,SO
2022-02-23,64.30000305175781,64.58999633789062,62.72999954223633,62.84000015258789,55.207000732421875,5992500,SO
2022-02-24,62.5,62.970001220703125,61.77000045776367,62.880001068115234,55.24214172363281,8625500,SO
2022-02-25,63.52000045776367,65.08000183105469,63.310001373291016,65.04000091552734,57.13976287841797,8768800,SO
2022-02-28,64.5999984741211,64.9800033569336,64.0999984741211,64.7699966430664,56.902565002441406,8132900,SO
2022-03-01,64.7300033569336,65.05999755859375,62.970001220703125,64.0999984741211,56.31394577026367,7192400,SO
2022-03-02,64.13999938964844,64.8499984741211,63.970001220703125,64.56999969482422,56.72686767578125,4959200,SO
2022-03-03,64.86000061035156,66.73999786376953,64.83999633789062,66.4000015258789,58.33456802368164,6799700,SO
2022-03-04,65.93000030517578,67.61000061035156,65.66000366210938,67.58000183105469,59.37124252319336,6514700,SO
2022-03-07,67.80000305175781,69.63999938964844,66.9000015258789,69.2300033569336,60.82083511352539,9994900,SO
2022-03-08,68.91999816894531,69.48999786376953,67.7300033569336,67.81999969482422,59.582096099853516,7528900,SO
2022-03-09,68.2699966430664,68.44999694824219,67.06999969482422,67.12000274658203,58.96712112426758,5795800,SO
2022-03-10,67.01000213623047,68.75,66.8499984741211,68.61000061035156,60.2761344909668,5693500,SO
2022-03-11,68.33000183105469,69.1500015258789,68.33000183105469,68.69000244140625,60.34641647338867,4415500,SO
2022-03-14,68.94000244140625,69.44999694824219,68.27999877929688,68.66000366210938,60.320045471191406,4530200,SO
2022-03-15,69.38999938964844,69.5,68.33999633789062,68.66000366210938,60.320045471191406,4836700,SO
2022-03-16,68.44000244140625,68.68000030517578,67.4800033569336,68.5199966430664,60.19705581665039,5351500,SO
2022-03-17,68.58000183105469,69.08999633789062,68.23999786376953,68.41000366210938,60.10042953491211,5035900,SO
2022-03-18,68.55999755859375,68.81999969482422,67.61000061035156,68.02999877929688,59.766578674316406,8192100,SO
2022-03-21,68.25,69.2300033569336,68.16000366210938,68.88999938964844,60.52212905883789,4730600,SO
2022-03-22,68.95999908447266,69.02999877929688,68.22000122070312,68.81999969482422,60.46061325073242,3441000,SO
2022-03-23,68.80000305175781,69.23999786376953,68.37999725341797,68.79000091552734,60.434268951416016,3724000,SO
2022-03-24,68.76000213623047,69.58000183105469,68.7300033569336,69.30000305175781,60.882328033447266,3889000,SO
2022-03-25,69.5,70.93000030517578,69.37999725341797,70.93000030517578,62.3143310546875,5845600,SO
2022-03-28,70.98999786376953,71.16999816894531,70.30000305175781,71.0,62.37583923339844,3276800,SO
2022-03-29,71.0,72.06999969482422,70.72000122070312,72.05999755859375,63.30706787109375,5422300,SO
2022-03-30,72.0,72.5,71.7699966430664,72.5,63.693626403808594,3956900,SO
2022-03-31,72.48999786376953,73.18000030517578,72.37999725341797,72.51000213623047,63.702396392822266,5688300,SO
2022-04-01,72.33000183105469,74.19000244140625,71.97000122070312,74.12000274658203,65.11685180664062,6034300,SO
2022-04-04,73.44999694824219,73.62000274658203,72.4800033569336,73.12000274658203,64.23831939697266,4660800,SO
2022-04-05,73.41999816894531,75.13999938964844,73.31999969482422,74.3499984741211,65.31890106201172,6729800,SO
2022-04-06,74.68000030517578,76.52999877929688,74.41000366210938,76.51000213623047,67.21654510498047,6877400,SO
2022-04-07,76.05000305175781,76.26000213623047,75.04000091552734,75.76000213623047,66.5576400756836,6436300,SO
2022-04-08,75.98999786376953,76.69000244140625,75.63999938964844,76.48999786376953,67.19896697998047,3731200,SO
2022-04-11,76.48999786376953,76.87000274658203,74.36000061035156,74.4800033569336,65.43312072753906,8172500,SO
2022-04-12,74.45999908447266,75.93000030517578,73.98999786376953,75.54000091552734,66.36437225341797,6069500,SO
2022-04-13,75.55000305175781,75.63999938964844,74.55999755859375,75.36000061035156,66.20621490478516,4667200,SO
2022-04-14,75.41000366210938,76.27999877929688,74.9800033569336,75.98999786376953,66.75970458984375,5925800,SO
2022-04-18,76.0,76.56999969482422,75.45999908447266,75.83000183105469,66.619140625,3716600,SO
2022-04-19,76.22000122070312,76.44000244140625,75.43000030517578,76.2699966430664,67.00568389892578,3759200,SO
2022-04-20,76.91000366210938,77.08000183105469,76.4000015258789,76.5,67.20775604248047,4583000,SO
2022-04-21,76.27999877929688,77.23999786376953,76.0999984741211,76.45999908447266,67.17262268066406,4898800,SO
2022-04-22,76.5,76.79000091552734,75.81999969482422,75.91000366210938,66.68942260742188,4861700,SO
2022-04-25,76.13999938964844,76.31999969482422,73.94000244140625,74.97000122070312,65.86360931396484,7424100,SO
2022-04-26,74.75,75.41999816894531,73.72000122070312,73.73999786376953,64.78301239013672,6880500,SO
2022-04-27,73.9000015258789,74.5199966430664,72.8499984741211,73.4800033569336,64.55458068847656,6407600,SO
2022-04-28,74.63999938964844,76.13999938964844,73.9000015258789,75.58000183105469,66.39949798583984,5702100,SO
2022-04-29,75.29000091552734,75.37000274658203,73.2699966430664,73.38999938964844,64.47552490234375,8189500,SO
2022-05-02,74.04000091552734,74.2699966430664,72.12999725341797,73.20999908447266,64.3173828125,6371900,SO
2022-05-03,73.18000030517578,74.52999877929688,72.86000061035156,73.12000274658203,64.23831939697266,4747600,SO
2022-05-04,73.55000305175781,74.77999877929688,73.20999908447266,74.56999969482422,65.5121841430664,5712500,SO
2022-05-05,74.25,75.13999938964844,73.43000030517578,74.05999755859375,65.06414031982422,4969700,SO
2022-05-06,73.87000274658203,74.87000274658203,73.5199966430664,74.66999816894531,65.60004425048828,5242400,SO
2022-05-09,74.30000305175781,75.0,73.30000305175781,74.2300033569336,65.2135009765625,6063500,SO
2022-05-10,74.30000305175781,75.37000274658203,72.55000305175781,73.19999694824219,64.30859375,5314100,SO
2022-05-11,73.41000366210938,74.98999786376953,73.19999694824219,73.9800033569336,64.99385833740234,5758900,SO
2022-05-12,73.9800033569336,74.30999755859375,72.55000305175781,74.08000183105469,65.08171844482422,6631400,SO
2022-05-13,73.9000015258789,74.02999877929688,72.66999816894531,73.6500015258789,65.30339050292969,5018100,SO
2022-05-16,73.91000366210938,74.61000061035156,73.58999633789062,74.25,65.83537292480469,4537900,SO
2022-05-17,74.5,74.61000061035156,72.9000015258789,74.1500015258789,65.74671173095703,4527900,SO
2022-05-18,74.5999984741211,74.77999877929688,73.6500015258789,73.81999969482422,65.4541015625,5498700,SO
2022-05-19,73.70999908447266,73.8499984741211,72.5199966430664,73.33000183105469,65.01963806152344,5814900,SO
2022-05-20,73.27999877929688,73.7699966430664,72.44000244140625,73.41000366210938,65.090576171875,5758200,SO
2022-05-23,74.11000061035156,74.69999694824219,73.37999725341797,74.1500015258789,65.74671173095703,3927300,SO
2022-05-24,74.41999816894531,75.97000122070312,74.0199966430664,75.69000244140625,67.1121826171875,7298300,SO
2022-05-25,75.80000305175781,76.08999633789062,75.13999938964844,75.69000244140625,67.1121826171875,3859800,SO
2022-05-26,76.25,76.30000305175781,75.23999786376953,75.29000091552734,66.75751495361328,3561800,SO
2022-05-27,75.11000061035156,76.11000061035156,75.05999755859375,76.06999969482422,67.4491195678711,3773800,SO
2022-05-31,75.33000183105469,75.98999786376953,74.97000122070312,75.66000366210938,67.08558654785156,8118800,SO
2022-06-01,75.80000305175781,75.91999816894531,74.76000213623047,75.55000305175781,66.988037109375,4902600,SO
2022-06-02,76.13999938964844,76.23999786376953,74.12000274658203,75.94999694824219,67.34271240234375,4732900,SO
2022-06-03,75.68000030517578,75.93000030517578,75.12000274658203,75.26000213623047,66.7309341430664,2686200,SO
2022-06-06,75.48999786376953,75.97000122070312,75.2699966430664,75.3499984741211,66.81070709228516,4674500,SO
2022-06-07,75.36000061035156,75.72000122070312,74.80000305175781,75.69000244140625,67.1121826171875,3471200,SO
2022-06-08,75.41000366210938,75.61000061035156,74.54000091552734,74.62999725341797,66.17230224609375,2981600,SO
2022-06-09,74.8499984741211,75.4000015258789,72.83999633789062,72.88999938964844,64.6294937133789,4184800,SO
2022-06-10,72.55000305175781,72.77999877929688,71.62000274658203,72.13999938964844,63.96450424194336,4967400,SO
2022-06-13,71.31999969482422,71.58000183105469,68.37999725341797,68.75,60.95869064331055,6507600,SO
2022-06-14,68.80999755859375,68.87999725341797,66.11000061035156,66.77999877929688,59.21194839477539,6889000,SO
2022-06-15,66.95999908447266,67.45999908447266,65.69000244140625,66.56999969482422,59.02573776245117,6543300,SO
2022-06-16,65.81999969482422,66.29000091552734,64.94000244140625,66.27999877929688,58.76860046386719,7006200,SO
2022-06-17,66.4000015258789,66.61000061035156,64.79000091552734,65.38999938964844,57.97947692871094,9042000,SO
2022-06-21,65.75,67.43000030517578,65.58000183105469,67.1500015258789,59.54001998901367,6334900,SO
2022-06-22,66.69999694824219,68.23999786376953,66.6500015258789,67.69000244140625,60.01881408691406,5613500,SO
2022-06-23,68.12000274658203,69.43000030517578,67.88999938964844,69.27999877929688,61.428627014160156,5067600,SO
2022-06-24,69.69999694824219,70.04000091552734,69.25,69.83000183105469,61.916290283203125,4607600,SO
2022-06-27,69.38999938964844,70.68000030517578,69.29000091552734,70.37000274658203,62.39509582519531,3679500,SO
2022-06-28,70.70999908447266,71.43000030517578,70.55999755859375,70.62000274658203,62.61677169799805,3788700,SO
2022-06-29,70.86000061035156,71.30999755859375,70.33999633789062,70.66999816894531,62.661094665527344,2910400,SO
2022-06-30,70.33000183105469,71.69999694824219,70.16999816894531,71.30999755859375,63.22856140136719,5389200,SO
2022-07-01,71.75,73.23999786376953,71.44000244140625,73.13999938964844,64.85115814208984,5053400,SO
2022-07-05,72.91999816894531,73.02999877929688,69.8499984741211,70.81999969482422,62.79410934448242,5903000,SO
2022-07-06,71.06999969482422,72.22000122070312,70.63999938964844,71.47000122070312,63.37043762207031,4338900,SO
2022-07-07,71.63999938964844,72.08000183105469,71.11000061035156,71.29000091552734,63.21083450317383,2622600,SO
2022-07-08,71.29000091552734,71.52999877929688,70.81999969482422,71.19000244140625,63.12215805053711,3294700,SO
2022-07-11,71.0,71.79000091552734,70.9000015258789,71.7699966430664,63.63642120361328,4028200,SO
2022-07-12,71.55999755859375,72.52999877929688,71.33999633789062,71.9800033569336,63.82262420654297,3887100,SO
2022-07-13,71.41999816894531,72.18000030517578,71.18000030517578,71.19999694824219,63.13102722167969,3727100,SO
2022-07-14,69.94999694824219,71.95999908447266,69.91999816894531,71.86000061035156,63.71624755859375,3119600,SO
2022-07-15,72.43000030517578,72.48999786376953,71.44000244140625,72.33000183105469,64.13297271728516,4975700,SO
2022-07-18,72.18000030517578,72.30000305175781,71.38999938964844,71.69000244140625,63.565486907958984,3699800,SO
2022-07-19,72.06999969482422,72.29000091552734,71.58000183105469,71.75,63.61871337890625,5626800,SO
2022-07-20,71.79000091552734,71.98999786376953,70.76000213623047,70.94000244140625,62.900508880615234,4217100,SO
2022-07-21,70.93000030517578,71.08000183105469,70.3499984741211,70.8499984741211,62.82069396972656,3434200,SO
2022-07-22,71.30999755859375,71.95999908447266,71.13999938964844,71.94000244140625,63.78717803955078,3437400,SO
2022-07-25,71.79000091552734,72.69999694824219,71.5999984741211,72.69000244140625,64.4521713256836,3227600,SO
2022-07-26,72.70999908447266,73.6500015258789,72.56999969482422,73.51000213623047,65.17923736572266,2717500,SO
2022-07-27,73.1500015258789,73.44999694824219,72.56999969482422,73.26000213623047,64.95758056640625,6341700,SO
2022-07-28,73.93000030517578,76.0,73.26000213623047,75.83999633789062,67.24518585205078,5841000,SO
2022-07-29,75.83999633789062,77.61000061035156,75.6500015258789,76.88999938964844,68.17619323730469,7830100,SO
2022-08-01,76.66999816894531,77.2699966430664,76.13999938964844,76.68000030517578,67.989990234375,4324600,SO
2022-08-02,76.9800033569336,77.5,75.86000061035156,75.93000030517578,67.32498168945312,4795000,SO
2022-08-03,75.88999938964844,77.4000015258789,74.75,77.26000213623047,68.5042724609375,4436900,SO
2022-08-04,77.5,78.77999877929688,77.45999908447266,77.97000122070312,69.13379669189453,5241900,SO
2022-08-05,77.54000091552734,77.87000274658203,76.41999816894531,77.2699966430664,68.51311492919922,4136200,SO
2022-08-08,77.8499984741211,78.1500015258789,76.91000366210938,77.19000244140625,68.44219970703125,4259600,SO
2022-08-09,77.52999877929688,78.41000366210938,77.47000122070312,78.25,69.3820571899414,3149600,SO
2022-08-10,78.47000122070312,78.62000274658203,77.91999816894531,78.29000091552734,69.41753387451172,3140900,SO
2022-08-11,78.27999877929688,78.81999969482422,77.69000244140625,77.9000015258789,69.07172393798828,3619600,SO
2022-08-12,77.62999725341797,78.16999816894531,77.4800033569336,78.12000274658203,69.87677001953125,3152400,SO
2022-08-15,78.12999725341797,78.6500015258789,77.94999694824219,78.37000274658203,70.10039520263672,5578300,SO
2022-08-16,78.36000061035156,79.37999725341797,78.20999908447266,79.06999969482422,70.72652435302734,4122900,SO
2022-08-17,78.93000030517578,79.54000091552734,78.83999633789062,79.25,70.88751220703125,3602600,SO
2022-08-18,79.26000213623047,79.95999908447266,79.20999908447266,79.72000122070312,71.30792999267578,2867300,SO
2022-08-19,79.9000015258789,80.56999969482422,79.58999633789062,80.16000366210938,71.70150756835938,3483400,SO
2022-08-22,79.83000183105469,80.04000091552734,78.9000015258789,79.11000061035156,70.7623062133789,2593600,SO
2022-08-23,79.23999786376953,79.23999786376953,78.51000213623047,78.79000091552734,70.47606658935547,2234100,SO
2022-08-24,79.0199966430664,79.1500015258789,78.30999755859375,78.87000274658203,70.54762268066406,2508000,SO
2022-08-25,79.01000213623047,79.16000366210938,78.26000213623047,79.12000274658203,70.77125549316406,2471000,SO
2022-08-26,79.18000030517578,79.4800033569336,78.13999938964844,78.19999694824219,69.94831085205078,3091400,SO
2022-08-29,77.77999877929688,79.23999786376953,77.51000213623047,78.68000030517578,70.37767791748047,2714300,SO
2022-08-30,78.61000061035156,78.79000091552734,77.26000213623047,77.58000183105469,69.39375305175781,3087000,SO
2022-08-31,77.5199966430664,78.08999633789062,77.05000305175781,77.06999969482422,68.93756103515625,4301400,SO
2022-09-01,77.25,78.9000015258789,77.16999816894531,78.7699966430664,70.45817565917969,3740300,SO
2022-09-02,78.91000366210938,79.6500015258789,77.62000274658203,77.87000274658203,69.65312957763672,3128300,SO
2022-09-06,78.19999694824219,78.97000122070312,77.58999633789062,77.77999877929688,69.57262420654297,4134200,SO
2022-09-07,78.16000366210938,79.93000030517578,78.1500015258789,79.75,71.33476257324219,5148100,SO
2022-09-08,79.54000091552734,80.0199966430664,79.04000091552734,79.41000366210938,71.0306396484375,2684100,SO
2022-09-09,79.72000122070312,80.08000183105469,79.19000244140625,79.5199966430664,71.12904357910156,3240400,SO
2022-09-12,79.5999984741211,80.31999969482422,79.4000015258789,80.1500015258789,71.69256591796875,3368300,SO
2022-09-13,79.47000122070312,79.77999877929688,77.88999938964844,78.2300033569336,69.97515869140625,3211600,SO
2022-09-14,78.3499984741211,79.73999786376953,78.3499984741211,79.43000030517578,71.04853820800781,2905800,SO
2022-09-15,79.1500015258789,79.1500015258789,77.2300033569336,77.29000091552734,69.13434600830078,3976900,SO
2022-09-16,77.2699966430664,77.83000183105469,76.91000366210938,77.25,69.09857177734375,8144500,SO
2022-09-19,77.02999877929688,78.33999633789062,76.69000244140625,78.2699966430664,70.01094055175781,3977700,SO
2022-09-20,77.81999969482422,77.91000366210938,76.41000366210938,77.22000122070312,69.07173156738281,2999100,SO
2022-09-21,77.62999725341797,78.22000122070312,76.12000274658203,76.12999725341797,68.09674072265625,2458700,SO
2022-09-22,76.12999725341797,76.54000091552734,75.55000305175781,75.94000244140625,67.92681121826172,2831100,SO
2022-09-23,75.30000305175781,75.5199966430664,74.23999786376953,74.98999786376953,67.07703399658203,3283500,SO
2022-09-26,74.94000244140625,74.94999694824219,72.20999908447266,73.1500015258789,65.43119049072266,4095300,SO
2022-09-27,73.5999984741211,73.5999984741211,71.45999908447266,71.72000122070312,64.152099609375,3975500,SO
2022-09-28,72.5999984741211,72.94999694824219,71.68000030517578,72.5199966430664,64.86766815185547,4003600,SO
2022-09-29,72.44999694824219,72.66999816894531,69.2699966430664,69.37999725341797,62.05900192260742,3994400,SO
2022-09-30,69.79000091552734,70.0999984741211,67.8499984741211,68.0,60.82462692260742,7156100,SO
2022-10-03,69.2699966430664,70.27999877929688,68.5199966430664,69.7300033569336,62.3720703125,4279600,SO
2022-10-04,69.86000061035156,71.11000061035156,69.33000183105469,70.69000244140625,63.23078536987305,4521500,SO
2022-10-05,69.97000122070312,69.97000122070312,68.01000213623047,68.7300033569336,61.477596282958984,4030500,SO
2022-10-06,68.5,68.58000183105469,65.66999816894531,65.7300033569336,58.79416275024414,6649900,SO
2022-10-07,65.83000183105469,65.98999786376953,63.790000915527344,64.12000274658203,57.35404586791992,4889300,SO
2022-10-10,64.26000213623047,64.9800033569336,63.939998626708984,63.9900016784668,57.23776626586914,2943500,SO
2022-10-11,63.650001525878906,64.55000305175781,63.369998931884766,63.63999938964844,56.92469787597656,3906900,SO
2022-10-12,63.54999923706055,63.790000915527344,61.47999954223633,61.5,55.0105094909668,5066300,SO
2022-10-13,60.959999084472656,64.13999938964844,60.709999084472656,64.05000305175781,57.291439056396484,5246700,SO
2022-10-14,64.6500015258789,65.7699966430664,63.20000076293945,63.5099983215332,56.80841064453125,5079900,SO
2022-10-17,64.08000183105469,65.1500015258789,64.08000183105469,64.27999877929688,57.49715805053711,4018700,SO
2022-10-18,65.16999816894531,65.86000061035156,64.81999969482422,65.38999938964844,58.49003982543945,3841500,SO
2022-10-19,64.55000305175781,65.12000274658203,64.18000030517578,64.69000244140625,57.86389923095703,3158900,SO
2022-10-20,65.04000091552734,65.04000091552734,63.38999938964844,63.5,56.799468994140625,4098700,SO
2022-10-21,63.560001373291016,64.80000305175781,63.36000061035156,64.5,57.693946838378906,5225600,SO
2022-10-24,64.62000274658203,65.04000091552734,63.810001373291016,64.58999633789062,57.774444580078125,4327100,SO
2022-10-25,64.69000244140625,65.79000091552734,64.68000030517578,65.72000122070312,58.785213470458984,3752900,SO
2022-10-26,66.0,66.44000244140625,65.12000274658203,65.63999938964844,58.713653564453125,4312800,SO
2022-10-27,66.45999908447266,66.88999938964844,65.0199966430664,65.16999816894531,58.293251037597656,7106500,SO
2022-10-28,65.51000213623047,67.12000274658203,65.51000213623047,66.33999633789062,59.339786529541016,4509800,SO
2022-10-31,65.98999786376953,66.27999877929688,65.1500015258789,65.4800033569336,58.57054138183594,5054800,SO
2022-11-01,65.7699966430664,66.05999755859375,64.9800033569336,65.52999877929688,58.61525344848633,3196200,SO
2022-11-02,65.33999633789062,66.63999938964844,64.7699966430664,64.80000305175781,57.96229553222656,4289200,SO
2022-11-03,64.26000213623047,65.44000244140625,63.880001068115234,64.8499984741211,58.00701141357422,4163200,SO
2022-11-04,65.0,65.29000091552734,63.95000076293945,64.91000366210938,58.06068801879883,3542500,SO
2022-11-07,64.81999969482422,64.81999969482422,62.41999816894531,63.36000061035156,56.67424392700195,5010800,SO
2022-11-08,63.54999923706055,64.37000274658203,63.38999938964844,63.95000076293945,57.20197677612305,3346800,SO
2022-11-09,63.869998931884766,64.37000274658203,63.310001373291016,63.439998626708984,56.74579620361328,3404700,SO
2022-11-10,65.0,65.80000305175781,63.95000076293945,65.70999908447266,58.776275634765625,5143100,SO
2022-11-11,65.8499984741211,65.88999938964844,64.5199966430664,65.08999633789062,58.22168731689453,4638900,SO
2022-11-14,65.47000122070312,65.83999633789062,64.5199966430664,64.54000091552734,57.729732513427734,5160600,SO
2022-11-15,65.29000091552734,65.94000244140625,64.66000366210938,65.88999938964844,58.93727111816406,5905900,SO
2022-11-16,66.0,66.45999908447266,65.4800033569336,65.83000183105469,58.88359832763672,5338500,SO
2022-11-17,65.30999755859375,65.73999786376953,64.61000061035156,64.91999816894531,58.06962966918945,4464500,SO
2022-11-18,64.69999694824219,65.62999725341797,64.41000366210938,65.56999969482422,59.271873474121094,5202900,SO
2022-11-21,65.37999725341797,65.91999816894531,65.11000061035156,65.7300033569336,59.4165153503418,4837600,SO
2022-11-22,65.98999786376953,66.44000244140625,65.55000305175781,65.94999694824219,59.615379333496094,3760800,SO
2022-11-23,65.81999969482422,66.37999725341797,65.5999984741211,66.36000061035156,59.986000061035156,3900000,SO
2022-11-25,66.62999725341797,67.19000244140625,66.52999877929688,66.91000366210938,60.48316955566406,1435600,SO
2022-11-28,66.41000366210938,66.7699966430664,65.58000183105469,65.83999633789062,59.51594543457031,4907700,SO
2022-11-29,65.45999908447266,65.76000213623047,65.02999877929688,65.7300033569336,59.4165153503418,4408600,SO
2022-11-30,65.62000274658203,67.83000183105469,65.47000122070312,67.63999938964844,61.14305877685547,8262100,SO
2022-12-01,67.94000244140625,68.55999755859375,67.16000366210938,67.72000122070312,61.215370178222656,4807100,SO
2022-12-02,67.12000274658203,67.54000091552734,66.77999877929688,67.33999633789062,60.871864318847656,4003500,SO
2022-12-05,66.79000091552734,67.7699966430664,66.69000244140625,67.4800033569336,60.99843978881836,4281000,SO
2022-12-06,67.8499984741211,68.51000213623047,67.77999877929688,68.4800033569336,61.902381896972656,6586400,SO
2022-12-07,68.3499984741211,69.2699966430664,68.23999786376953,68.5,61.920448303222656,4855000,SO
2022-12-08,68.3499984741211,69.13999938964844,68.11000061035156,68.68000030517578,62.083160400390625,3668000,SO
2022-12-09,68.31999969482422,68.73999786376953,68.02999877929688,68.36000061035156,61.79389953613281,3466000,SO
2022-12-12,69.75,71.11000061035156,69.29000091552734,71.02999877929688,64.20743560791016,5793900,SO
2022-12-13,71.87999725341797,72.38999938964844,70.47000122070312,71.20999908447266,64.3701400756836,4377400,SO
2022-12-14,71.43000030517578,72.05000305175781,70.5,71.11000061035156,64.27975463867188,5043500,SO
2022-12-15,70.6500015258789,71.37000274658203,70.18000030517578,70.37000274658203,63.610836029052734,6068900,SO
2022-12-16,69.95999908447266,70.2300033569336,68.4000015258789,69.43000030517578,62.76112747192383,18469900,SO
2022-12-19,69.16999816894531,69.45999908447266,68.5,68.91000366210938,62.29107666015625,4358400,SO
2022-12-20,68.8499984741211,70.0,68.47000122070312,69.47000122070312,62.79728317260742,4940700,SO
2022-12-21,69.80999755859375,71.19000244140625,69.61000061035156,70.7300033569336,63.93625259399414,6730000,SO
2022-12-22,70.63999938964844,70.88999938964844,69.69000244140625,70.76000213623047,63.96337127685547,3546000,SO
2022-12-23,70.63999938964844,71.75,70.63999938964844,71.73999786376953,64.84922790527344,2981700,SO
2022-12-27,71.75,72.43000030517578,71.4000015258789,72.2699966430664,65.32833862304688,3682900,SO
2022-12-28,72.41999816894531,72.83000183105469,71.47000122070312,71.6500015258789,64.76788330078125,2282600,SO
2022-12-29,71.94999694824219,72.4800033569336,71.88999938964844,72.19000244140625,65.25602722167969,2367300,SO
2022-12-30,72.18000030517578,72.2699966430664,70.80999755859375,71.41000366210938,64.55094146728516,2910900,SO
2023-01-03,71.43000030517578,72.0199966430664,70.69000244140625,71.9000015258789,64.993896484375,3761200,SO
2023-01-04,72.02999877929688,73.04000091552734,71.81999969482422,72.51000213623047,65.5452880859375,3857500,SO
2023-01-05,72.0,72.2300033569336,70.12000274658203,70.37999725341797,63.619876861572266,4098700,SO
2023-01-06,71.13999938964844,72.05999755859375,70.91999816894531,71.62999725341797,64.74980926513672,4040800,SO
2023-01-09,71.4000015258789,72.19000244140625,71.23999786376953,71.5,64.63228607177734,3168300,SO
2023-01-10,71.37000274658203,71.37000274658203,70.44000244140625,71.11000061035156,64.27975463867188,3215000,SO
2023-01-11,71.1500015258789,71.63999938964844,70.9800033569336,71.55999755859375,64.68653106689453,2965400,SO
2023-01-12,71.41999816894531,71.52999877929688,70.2699966430664,70.33999633789062,63.58371353149414,5082000,SO
2023-01-13,69.94999694824219,70.56999969482422,69.33000183105469,70.31999969482422,63.56565475463867,3637100,SO
2023-01-17,70.05000305175781,70.91999816894531,69.91000366210938,70.05000305175781,63.321571350097656,3601900,SO
2023-01-18,70.19999694824219,70.25,67.68000030517578,67.72000122070312,61.215370178222656,3494900,SO
2023-01-19,67.47000122070312,67.61000061035156,66.33000183105469,66.44999694824219,60.067352294921875,3967500,SO
2023-01-20,66.33000183105469,67.16000366210938,65.12999725341797,67.12000274658203,60.672996520996094,3963000,SO
2023-01-23,66.94999694824219,67.76000213623047,66.55000305175781,66.86000061035156,60.43797302246094,3502400,SO
2023-01-24,68.79000091552734,71.18000030517578,65.83999633789062,66.69999694824219,60.29334259033203,3444200,SO
2023-01-25,66.19999694824219,67.37000274658203,65.76000213623047,67.26000213623047,60.799560546875,3796000,SO
2023-01-26,66.94999694824219,67.76000213623047,66.7699966430664,67.5199966430664,61.034576416015625,3235500,SO
2023-01-27,67.33999633789062,68.16999816894531,67.02999877929688,68.0,61.468475341796875,2904300,SO
2023-01-30,67.68000030517578,68.25,67.41999816894531,67.43000030517578,60.953224182128906,3498400,SO
2023-01-31,67.68000030517578,67.80000305175781,66.87000274658203,67.68000030517578,61.17921829223633,5420900,SO
2023-02-01,67.48999786376953,69.44000244140625,67.38999938964844,68.86000061035156,62.24587631225586,5792400,SO
2023-02-02,68.79000091552734,69.20999908447266,67.48999786376953,68.62000274658203,62.02892303466797,4820500,SO
2023-02-03,68.13999938964844,68.2699966430664,66.23999786376953,67.2699966430664,60.808589935302734,3888200,SO
2023-02-06,67.1500015258789,67.95999908447266,66.9000015258789,67.9000015258789,61.37808609008789,3000200,SO
2023-02-07,67.37000274658203,67.86000061035156,66.5199966430664,67.73999786376953,61.23345184326172,3226000,SO
2023-02-08,67.30999755859375,67.30999755859375,65.95999908447266,66.44999694824219,60.067352294921875,2619600,SO
2023-02-09,66.52999877929688,67.22000122070312,65.70999908447266,65.77999877929688,59.46170425415039,3243000,SO
2023-02-10,65.8499984741211,66.98999786376953,65.63999938964844,66.87999725341797,60.45604705810547,2592400,SO
2023-02-13,66.80000305175781,67.44999694824219,66.80000305175781,67.12999725341797,60.68203353881836,2345000,SO
2023-02-14,67.0,67.51000213623047,66.41000366210938,66.6500015258789,60.248146057128906,2705300,SO
2023-02-15,66.43000030517578,66.79000091552734,66.0999984741211,66.7699966430664,60.356624603271484,3758800,SO
2023-02-16,66.5999984741211,66.62999725341797,65.13999938964844,65.86000061035156,59.534027099609375,5312200,SO
2023-02-17,64.93000030517578,66.97000122070312,64.86000061035156,66.62999725341797,60.858428955078125,5356500,SO
2023-02-21,66.05999755859375,66.2699966430664,65.36000061035156,65.55000305175781,59.87199020385742,3088400,SO
2023-02-22,65.4800033569336,66.20999908447266,65.02999877929688,65.23999786376953,59.58883285522461,3523600,SO
2023-02-23,65.12999725341797,65.36000061035156,64.4000015258789,64.73999786376953,59.13213348388672,7870800,SO
2023-02-24,64.16999816894531,64.6500015258789,63.709999084472656,64.55999755859375,58.96773147583008,5468100,SO
2023-02-27,64.76000213623047,65.58000183105469,64.20999908447266,64.37000274658203,58.794189453125,4839900,SO
2023-02-28,64.12999725341797,64.41999816894531,63.02000045776367,63.060001373291016,57.5976676940918,4751200,SO
2023-03-01,62.59000015258789,62.709999084472656,61.72999954223633,62.31999969482422,56.921756744384766,5571900,SO
2023-03-02,62.45000076293945,63.70000076293945,62.25,63.66999816894531,58.15481948852539,5766100,SO
2023-03-03,63.66999816894531,64.87999725341797,63.20000076293945,64.80999755859375,59.19607162475586,4965500,SO
2023-03-06,64.70999908447266,65.33999633789062,64.6500015258789,65.2300033569336,59.57969665527344,4832700,SO
2023-03-07,65.12000274658203,65.58999633789062,64.04000091552734,64.33000183105469,58.757659912109375,4115000,SO
2023-03-08,64.25,64.91000366210938,63.880001068115234,64.7300033569336,59.12300491333008,3238900,SO
2023-03-09,64.91999816894531,65.91000366210938,64.41999816894531,64.55000305175781,58.9586067199707,3564800,SO
2023-03-10,64.80999755859375,64.9000015258789,63.630001068115234,63.939998626708984,58.40143585205078,3892600,SO
2023-03-13,63.790000915527344,66.77999877929688,63.790000915527344,65.1500015258789,59.506622314453125,5202200,SO
2023-03-14,65.62000274658203,66.38999938964844,65.43000030517578,66.18000030517578,60.44741439819336,5092400,SO
2023-03-15,66.04000091552734,68.02999877929688,65.83000183105469,67.6500015258789,61.79007339477539,6256400,SO
2023-03-16,67.4000015258789,68.63999938964844,67.30999755859375,68.12000274658203,62.219364166259766,6737200,SO
2023-03-17,69.0,69.05000305175781,67.3499984741211,67.9000015258789,62.0184211730957,10618900,SO
2023-03-20,68.0,70.41999816894531,67.91999816894531,68.55000305175781,62.612117767333984,5773400,SO
2023-03-21,68.44999694824219,68.61000061035156,66.2300033569336,67.12999725341797,61.31511306762695,6030900,SO
2023-03-22,66.9800033569336,68.18000030517578,66.69999694824219,66.70999908447266,60.93149948120117,6618600,SO
2023-03-23,66.70999908447266,67.41999816894531,66.05999755859375,66.33999633789062,60.59354782104492,4542600,SO
2023-03-24,66.5199966430664,68.5999984741211,66.41999816894531,68.58999633789062,62.64863967895508,4885300,SO
2023-03-27,68.86000061035156,69.12999725341797,68.05000305175781,68.23999786376953,62.3289680480957,4100400,SO
2023-03-28,68.19999694824219,68.95999908447266,68.0199966430664,68.38999938964844,62.46597671508789,5637000,SO
2023-03-29,68.63999938964844,69.58000183105469,68.63999938964844,69.33999633789062,63.33367919921875,4229000,SO
2023-03-30,69.41999816894531,69.76000213623047,68.8499984741211,69.05999755859375,63.07793426513672,3997100,SO
2023-03-31,69.19999694824219,69.61000061035156,68.7699966430664,69.58000183105469,63.55289840698242,5195200,SO
2023-04-03,69.13999938964844,69.62999725341797,68.25,68.97000122070312,62.99573516845703,4323500,SO
2023-04-04,69.12999725341797,69.66000366210938,68.72000122070312,69.62999725341797,63.59856414794922,3067100,SO
2023-04-05,70.0,71.66999816894531,69.7699966430664,71.5,65.30657958984375,4522100,SO
2023-04-06,71.91000366210938,72.55000305175781,71.66999816894531,72.30999755859375,66.0464096069336,4504800,SO
2023-04-10,71.88999938964844,72.05000305175781,71.13999938964844,72.04000091552734,65.79981231689453,3175800,SO
2023-04-11,72.0199966430664,72.13999938964844,71.38999938964844,71.83000183105469,65.60799407958984,3239100,SO
2023-04-12,71.8499984741211,72.61000061035156,71.41999816894531,72.12000274658203,65.87288665771484,3811400,SO
2023-04-13,71.83999633789062,72.48999786376953,70.9000015258789,72.45999908447266,66.18342590332031,4190000,SO
2023-04-14,71.97000122070312,72.33000183105469,71.68000030517578,71.94000244140625,65.70846557617188,3349900,SO
2023-04-17,72.16999816894531,72.48999786376953,71.58000183105469,72.33999633789062,66.0738296508789,2988200,SO
2023-04-18,72.30000305175781,72.79000091552734,72.08000183105469,72.58000183105469,66.29303741455078,3267200,SO
2023-04-19,72.80999755859375,73.25,72.61000061035156,72.80999755859375,66.50311279296875,2987100,SO
2023-04-20,72.81999969482422,73.27999877929688,72.61000061035156,73.0199966430664,66.6949234008789,3696800,SO
2023-04-21,73.68000030517578,73.9800033569336,73.0999984741211,73.61000061035156,67.23381042480469,3184800,SO
2023-04-24,73.66000366210938,74.1500015258789,73.22000122070312,74.0999984741211,67.68135833740234,2616800,SO
2023-04-25,74.2300033569336,74.45999908447266,73.76000213623047,73.9800033569336,67.5717544555664,3337400,SO
2023-04-26,73.54000091552734,73.6500015258789,72.45999908447266,72.58999633789062,66.30216979980469,3999000,SO
2023-04-27,72.80000305175781,73.62000274658203,72.62000274658203,73.51000213623047,67.14248657226562,4126300,SO
2023-04-28,73.54000091552734,74.02999877929688,73.08999633789062,73.55000305175781,67.17900848388672,4598700,SO
2023-05-01,73.5,74.55999755859375,73.33000183105469,74.08999633789062,67.67222595214844,4044500,SO
2023-05-02,74.25,74.36000061035156,73.08000183105469,73.1500015258789,66.81364440917969,4180300,SO
2023-05-03,73.5999984741211,74.19000244140625,73.19000244140625,73.33000183105469,66.97807312011719,3240500,SO
2023-05-04,73.44000244140625,74.29000091552734,72.52999877929688,74.25,67.81836700439453,4305200,SO
2023-05-05,73.77999877929688,74.95999908447266,73.66000366210938,74.94000244140625,68.4486083984375,3945500,SO
2023-05-08,74.80999755859375,75.16000366210938,74.2699966430664,74.56999969482422,68.11065673828125,2971600,SO
2023-05-09,74.31999969482422,74.87999725341797,74.02999877929688,74.69000244140625,68.22026062011719,4205600,SO
2023-05-10,74.95999908447266,75.75,74.80000305175781,75.66000366210938,69.10623168945312,4021700,SO
2023-05-11,75.58999633789062,75.80000305175781,74.38999938964844,74.6500015258789,68.18373107910156,3206600,SO
2023-05-12,74.16999816894531,74.25,72.79000091552734,73.3499984741211,67.63052368164062,4820400,SO
2023-05-15,73.54000091552734,73.63999938964844,72.08999633789062,72.41999816894531,66.77303314208984,3706000,SO
2023-05-16,72.36000061035156,72.54000091552734,70.55000305175781,70.9000015258789,65.37155151367188,4008200,SO
2023-05-17,71.01000213623047,71.33000183105469,70.47000122070312,70.94000244140625,65.40843200683594,4411600,SO
2023-05-18,70.6500015258789,71.12999725341797,70.3499984741211,71.05000305175781,65.50985717773438,4355300,SO
2023-05-19,71.41000366210938,71.80999755859375,70.91000366210938,71.41000366210938,65.841796875,4665600,SO
2023-05-22,71.5999984741211,71.80000305175781,70.94000244140625,70.94999694824219,65.41764068603516,2913800,SO
2023-05-23,70.6500015258789,71.4000015258789,70.62999725341797,71.1500015258789,65.60205078125,4500000,SO
2023-05-24,71.05000305175781,71.66999816894531,70.7300033569336,70.8499984741211,65.32544708251953,4044700,SO
2023-05-25,71.0999984741211,71.19000244140625,69.66999816894531,69.81999969482422,64.37576293945312,4980700,SO
2023-05-26,69.72000122070312,69.80000305175781,69.0199966430664,69.47000122070312,64.05307006835938,5056000,SO
2023-05-30,69.45999908447266,70.19000244140625,69.16999816894531,69.83000183105469,64.38497924804688,4197200,SO
2023-05-31,69.83000183105469,70.29000091552734,69.1500015258789,69.75,64.31121826171875,6383300,SO
2023-06-01,69.98999786376953,69.98999786376953,68.93000030517578,69.18000030517578,63.78567123413086,5021800,SO
2023-06-02,68.88999938964844,69.87999725341797,68.58999633789062,69.44999694824219,64.03460693359375,4840700,SO
2023-06-05,69.33999633789062,70.16000366210938,69.25,69.69000244140625,64.25590515136719,3445300,SO
2023-06-06,70.16000366210938,70.30999755859375,69.3499984741211,69.37000274658203,63.96086502075195,5025700,SO
2023-06-07,69.37999725341797,70.37999725341797,68.80999755859375,70.12999725341797,64.66158294677734,4954200,SO
2023-06-08,70.33999633789062,71.11000061035156,69.86000061035156,71.08000183105469,65.53752136230469,4215900,SO
2023-06-09,71.0999984741211,71.3499984741211,70.3499984741211,71.26000213623047,65.7034912109375,3937100,SO
2023-06-12,71.4800033569336,71.5,70.66000366210938,70.83999633789062,65.31622314453125,3395000,SO
2023-06-13,70.33000183105469,70.87999725341797,69.94000244140625,70.44999694824219,64.9566421508789,4128900,SO
2023-06-14,70.5999984741211,71.41000366210938,70.37000274658203,70.4800033569336,64.98430633544922,4249300,SO
2023-06-15,70.87999725341797,71.3499984741211,70.54000091552734,70.76000213623047,65.24246215820312,4141900,SO
2023-06-16,70.63999938964844,72.19000244140625,70.55999755859375,71.76000213623047,66.16450500488281,9349900,SO
2023-06-20,71.4800033569336,71.62000274658203,70.29000091552734,70.33999633789062,64.85521697998047,3723600,SO
2023-06-21,70.18000030517578,71.66000366210938,69.83999633789062,71.63999938964844,66.05384063720703,2958000,SO
2023-06-22,71.91000366210938,72.02999877929688,71.08999633789062,71.30000305175781,65.74036407470703,2513800,SO
2023-06-23,71.47000122070312,71.72000122070312,70.41000366210938,70.44999694824219,64.9566421508789,4605200,SO
2023-06-26,70.66000366210938,71.75,70.41999816894531,71.7300033569336,66.13683319091797,3078300,SO
2023-06-27,71.8499984741211,71.94000244140625,70.8499984741211,71.12000274658203,65.57440185546875,4005800,SO
2023-06-28,71.0,71.08000183105469,69.70999908447266,69.87000274658203,64.42185974121094,3895000,SO
2023-06-29,69.51000213623047,69.88999938964844,68.66999816894531,69.13999938964844,63.7487907409668,5376100,SO
2023-06-30,69.43000030517578,70.38999938964844,68.8499984741211,70.25,64.7722396850586,5505600,SO
2023-07-03,70.5,70.66999816894531,70.11000061035156,70.56999969482422,65.0672836303711,2156300,SO
2023-07-05,70.36000061035156,72.08000183105469,70.36000061035156,71.68000030517578,66.09072875976562,5197600,SO
2023-07-06,71.12999725341797,71.22000122070312,70.37000274658203,70.79000091552734,65.27012634277344,3966800,SO
2023-07-07,70.38999938964844,71.13999938964844,70.06999969482422,70.68000030517578,65.16870880126953,3455800,SO
2023-07-10,70.58000183105469,70.70999908447266,69.75,70.13999938964844,64.67081451416016,2652000,SO
2023-07-11,70.16000366210938,70.75,69.75,70.7300033569336,65.21480560302734,2770600,SO
2023-07-12,70.93000030517578,71.70999908447266,70.55000305175781,71.58999633789062,66.00774383544922,3708400,SO
2023-07-13,71.51000213623047,71.75,71.05999755859375,71.4800033569336,65.90632629394531,4050600,SO
2023-07-14,71.29000091552734,71.66999816894531,71.01000213623047,71.37999725341797,65.81411743164062,2810400,SO
2023-07-17,71.23999786376953,71.33999633789062,70.16000366210938,70.18000030517578,64.70768737792969,2941200,SO
2023-07-18,70.18000030517578,70.41000366210938,68.80999755859375,69.08999633789062,63.702674865722656,3611600,SO
2023-07-19,69.22000122070312,70.43000030517578,69.01000213623047,70.13999938964844,64.67081451416016,3383900,SO
2023-07-20,70.36000061035156,71.30000305175781,69.9800033569336,71.06999969482422,65.5282974243164,6103700,SO
2023-07-21,71.36000061035156,73.29000091552734,71.18000030517578,73.05999755859375,67.36312866210938,5326200,SO
2023-07-24,73.23999786376953,73.37000274658203,72.5,72.94999694824219,67.26171112060547,3446600,SO
2023-07-25,72.69999694824219,73.18000030517578,72.4000015258789,72.61000061035156,66.94821166992188,3997200,SO
2023-07-26,72.51000213623047,73.83999633789062,72.45999908447266,73.08999633789062,67.39078521728516,3005600,SO
2023-07-27,72.80999755859375,73.0199966430664,72.38999938964844,72.86000061035156,67.17872619628906,5379900,SO
2023-07-28,73.30999755859375,73.63999938964844,72.16000366210938,72.3499984741211,66.70848083496094,5362800,SO
2023-07-31,72.70999908447266,72.87999725341797,72.0,72.33999633789062,66.69927215576172,6777500,SO
2023-08-01,72.27999877929688,72.54000091552734,71.25,71.27999877929688,65.721923828125,3892700,SO
2023-08-02,71.0199966430664,71.63999938964844,70.88999938964844,70.97000122070312,65.43609619140625,3746600,SO
2023-08-03,71.36000061035156,71.9800033569336,68.5999984741211,68.62000274658203,63.26934051513672,5397400,SO
2023-08-04,68.73999786376953,69.62000274658203,67.51000213623047,67.83999633789062,62.55014419555664,4105500,SO
2023-08-07,68.0,68.52999877929688,67.83999633789062,68.0199966430664,62.71611785888672,3197200,SO
2023-08-08,68.01000213623047,68.83000183105469,67.68000030517578,68.80999755859375,63.44451904296875,3567200,SO
2023-08-09,68.81999969482422,69.70999908447266,68.75,69.19000244140625,63.79489517211914,3729200,SO
2023-08-10,69.69999694824219,69.97000122070312,69.0999984741211,69.41000366210938,63.99773406982422,2583800,SO
2023-08-11,69.33999633789062,69.69999694824219,68.93000030517578,69.5,64.08071899414062,3230300,SO
2023-08-14,69.41000366210938,69.73999786376953,68.5999984741211,68.83000183105469,63.46296691894531,2773200,SO
2023-08-15,68.37000274658203,68.52999877929688,67.69999694824219,67.77999877929688,62.49484634399414,3450200,SO
2023-08-16,68.08999633789062,68.4800033569336,67.77999877929688,68.11000061035156,62.79909896850586,2246900,SO
2023-08-17,68.23999786376953,69.08000183105469,68.12000274658203,68.25,62.928184509277344,2620500,SO
2023-08-18,67.58000183105469,68.19999694824219,67.45999908447266,67.80999755859375,63.17039108276367,2682700,SO
2023-08-21,67.75,67.8499984741211,67.13999938964844,67.61000061035156,62.984092712402344,2308900,SO
2023-08-22,67.48999786376953,67.95999908447266,67.22000122070312,67.7300033569336,63.09587478637695,2060700,SO
2023-08-23,68.11000061035156,68.1500015258789,67.23999786376953,67.55000305175781,62.92818832397461,2655000,SO
2023-08-24,67.55000305175781,68.63999938964844,67.41000366210938,67.43000030517578,62.8163948059082,2414700,SO
2023-08-25,67.61000061035156,68.44000244140625,67.47000122070312,68.08999633789062,63.431243896484375,2227400,SO
2023-08-28,68.20999908447266,68.41000366210938,67.7300033569336,68.12999725341797,63.468502044677734,2380400,SO
2023-08-29,68.30000305175781,68.5999984741211,67.91000366210938,68.56999969482422,63.87839126586914,2535700,SO
2023-08-30,68.55000305175781,69.18000030517578,68.18000030517578,68.62000274658203,63.92498016357422,3583400,SO
2023-08-31,68.81999969482422,68.83000183105469,67.69999694824219,67.7300033569336,63.09587478637695,4063800,SO
2023-09-01,68.22000122070312,68.52999877929688,66.41000366210938,67.22000122070312,62.62076950073242,3505400,SO
2023-09-05,67.05000305175781,67.33000183105469,65.93000030517578,66.30000305175781,61.76371383666992,3197800,SO
2023-09-06,66.45999908447266,66.55000305175781,65.97000122070312,66.25,61.717132568359375,5730300,SO
2023-09-07,66.79000091552734,67.93000030517578,66.73999786376953,67.11000061035156,62.51828384399414,3728600,SO
2023-09-08,67.19999694824219,67.94000244140625,66.9800033569336,67.93000030517578,63.282188415527344,4412100,SO
2023-09-11,67.83000183105469,68.44999694824219,67.70999908447266,68.12999725341797,63.468502044677734,2838600,SO
2023-09-12,68.08000183105469,68.87999725341797,67.44999694824219,68.5999984741211,63.90633773803711,3754600,SO
2023-09-13,68.98999786376953,69.98999786376953,68.73999786376953,69.5,64.74476623535156,3632100,SO
2023-09-14,69.91000366210938,70.97000122070312,69.73999786376953,70.9000015258789,66.0489730834961,3698700,SO
2023-09-15,70.51000213623047,71.43000030517578,70.51000213623047,71.08999633789062,66.22596740722656,7353100,SO
2023-09-18,71.20999908447266,71.30000305175781,70.41000366210938,70.94999694824219,66.09555053710938,3686800,SO
2023-09-19,70.98999786376953,71.23999786376953,70.58999633789062,70.91000366210938,66.05828857421875,3961500,SO
2023-09-20,71.1500015258789,71.73999786376953,70.70999908447266,71.19999694824219,66.32845306396484,4072900,SO
2023-09-21,71.16999816894531,71.19999694824219,69.87000274658203,69.9000015258789,65.11739349365234,3982700,SO
2023-09-22,69.5999984741211,69.98999786376953,69.12000274658203,69.37000274658203,64.62367248535156,3528500,SO
2023-09-25,69.05999755859375,69.4000015258789,68.66999816894531,69.29000091552734,64.54913330078125,3038000,SO
2023-09-26,68.80999755859375,69.11000061035156,66.80000305175781,67.11000061035156,62.51828384399414,3948400,SO
2023-09-27,67.0,67.44000244140625,66.02999877929688,66.13999938964844,61.614662170410156,4712500,SO
2023-09-28,66.52999877929688,66.70999908447266,64.93000030517578,65.06999969482422,60.61786651611328,5083500,SO
2023-09-29,65.81999969482422,65.9000015258789,64.36000061035156,64.72000122070312,60.29182052612305,4928500,SO
2023-10-02,64.30000305175781,64.4800033569336,61.91999816894531,62.709999084472656,58.419342041015625,7772700,SO
2023-10-03,62.29999923706055,64.37999725341797,61.560001373291016,64.02999877929688,59.64902114868164,8589500,SO
2023-10-04,64.30000305175781,64.7300033569336,63.36000061035156,64.62000274658203,60.19866180419922,5147200,SO
2023-10-05,64.43000030517578,65.06999969482422,63.720001220703125,64.58999633789062,60.17070770263672,5269100,SO
2023-10-06,63.4900016784668,65.13999938964844,62.2599983215332,64.97000122070312,60.52470779418945,5158400,SO
2023-10-09,65.0,65.93000030517578,64.87999725341797,65.91000366210938,61.40039825439453,3845600,SO
2023-10-10,66.0,66.55999755859375,65.68000030517578,66.44000244140625,61.894134521484375,4253000,SO
2023-10-11,66.80000305175781,67.27999877929688,66.27999877929688,67.0999984741211,62.508968353271484,3908100,SO
2023-10-12,66.91999816894531,67.1500015258789,65.25,65.69999694824219,61.20476150512695,4192400,SO
2023-10-13,66.3499984741211,66.86000061035156,66.0,66.55000305175781,61.996612548828125,3368600,SO
2023-10-16,67.06999969482422,67.72000122070312,66.58000183105469,67.5,62.88160705566406,4242000,SO
2023-10-17,67.11000061035156,67.55000305175781,66.55000305175781,67.11000061035156,62.51828384399414,4596300,SO
2023-10-18,67.0999984741211,67.5199966430664,66.41000366210938,66.5999984741211,62.043182373046875,3545000,SO
2023-10-19,66.5999984741211,67.33999633789062,66.23999786376953,66.44000244140625,61.894134521484375,4067000,SO
2023-10-20,66.19000244140625,67.11000061035156,65.69999694824219,65.7300033569336,61.23271560668945,4195000,SO
2023-10-23,65.08000183105469,66.2300033569336,64.52999877929688,65.43000030517578,60.95323944091797,3700200,SO
2023-10-24,66.05999755859375,66.63999938964844,65.88999938964844,66.44999694824219,61.9034538269043,3782100,SO
2023-10-25,66.12000274658203,66.73999786376953,65.81999969482422,66.61000061035156,62.052490234375,3781700,SO
2023-10-26,66.62999725341797,67.63999938964844,66.54000091552734,67.16000366210938,62.564876556396484,4655100,SO
2023-10-27,66.80000305175781,67.58999633789062,66.12000274658203,66.52999877929688,61.97797393798828,4214300,SO
2023-10-30,66.86000061035156,67.31999969482422,66.61000061035156,66.79000091552734,62.22018051147461,3945800,SO
2023-10-31,67.01000213623047,67.5999984741211,66.69999694824219,67.30000305175781,62.6953010559082,4856500,SO
2023-11-01,67.63999938964844,68.80999755859375,67.12999725341797,68.43000030517578,63.74797058105469,4880600,SO
2023-11-02,67.37999725341797,70.55999755859375,67.37999725341797,70.12000274658203,65.32234191894531,5970700,SO
2023-11-03,70.55999755859375,71.33000183105469,70.37000274658203,70.38999938964844,65.57386779785156,5554400,SO
2023-11-06,70.41000366210938,70.72000122070312,69.22000122070312,69.2300033569336,64.49324035644531,5497000,SO
2023-11-07,69.36000061035156,69.4800033569336,68.55000305175781,68.72000122070312,64.01812744140625,5092600,SO
2023-11-08,68.44999694824219,68.66999816894531,67.5199966430664,68.5999984741211,63.90633773803711,4665700,SO
2023-11-09,68.80999755859375,69.19000244140625,67.94999694824219,68.04000091552734,63.38466262817383,5923300,SO
2023-11-10,68.38999938964844,68.44000244140625,67.69999694824219,68.0999984741211,63.4405517578125,5902500,SO
2023-11-13,67.94999694824219,68.19999694824219,67.19000244140625,67.33999633789062,62.73255157470703,5187100,SO
2023-11-14,68.23999786376953,69.29000091552734,68.12999725341797,69.20999908447266,64.47460174560547,5711500,SO
2023-11-15,69.08000183105469,69.80999755859375,68.68000030517578,68.7699966430664,64.06470489501953,3392300,SO
2023-11-16,69.38999938964844,70.3499984741211,69.26000213623047,70.2699966430664,65.46208190917969,4517100,SO
2023-11-17,69.98999786376953,70.05000305175781,69.29000091552734,69.7699966430664,65.65027618408203,4594500,SO
2023-11-20,69.6500015258789,69.6500015258789,68.62999725341797,69.44000244140625,65.33976745605469,3353000,SO
2023-11-21,69.62999725341797,69.88999938964844,68.83000183105469,69.6500015258789,65.537353515625,3251400,SO
2023-11-22,69.93000030517578,69.94000244140625,69.20999908447266,69.58999633789062,65.48090362548828,2753000,SO
2023-11-24,69.68000030517578,69.81999969482422,69.30999755859375,69.61000061035156,65.49972534179688,1119300,SO
2023-11-27,69.62999725341797,70.41000366210938,69.44000244140625,70.26000213623047,66.11133575439453,3794300,SO
2023-11-28,70.27999877929688,71.1500015258789,69.93000030517578,70.48999786376953,66.32775115966797,4804700,SO
2023-11-29,70.58000183105469,70.97000122070312,69.91000366210938,70.2300033569336,66.0831298828125,4201800,SO
2023-11-30,70.33999633789062,71.27999877929688,70.22000122070312,70.9800033569336,66.788818359375,8114700,SO
2023-12-01,70.91000366210938,71.52999877929688,70.4000015258789,71.5199966430664,67.29692840576172,3996100,SO
2023-12-04,71.25,71.79000091552734,71.16000366210938,71.27999877929688,67.07111358642578,4205900,SO
2023-12-05,71.37999725341797,71.45999908447266,70.79000091552734,70.93000030517578,66.74177551269531,3635500,SO
2023-12-06,71.0999984741211,72.30000305175781,71.0999984741211,72.26000213623047,67.99324798583984,4829500,SO
2023-12-07,72.47000122070312,72.55000305175781,71.55999755859375,71.6500015258789,67.41925811767578,3575900,SO
2023-12-08,71.69000244140625,72.19000244140625,70.94000244140625,71.5,67.27812957763672,2711200,SO
2023-12-11,71.2300033569336,71.55999755859375,70.83999633789062,71.36000061035156,67.14639282226562,4000800,SO
2023-12-12,71.48999786376953,71.48999786376953,70.12999725341797,70.47000122070312,66.30895233154297,4376000,SO
2023-12-13,70.55999755859375,73.0999984741211,70.0999984741211,73.08000183105469,68.76483154296875,5762900,SO
2023-12-14,73.2300033569336,73.41999816894531,71.33000183105469,71.5,67.27812957763672,6377300,SO
2023-12-15,70.83999633789062,70.9800033569336,70.02999877929688,70.86000061035156,66.67591094970703,12327600,SO
2023-12-18,70.66999816894531,71.68000030517578,70.66000366210938,71.41999816894531,67.20284271240234,5131900,SO
2023-12-19,71.1500015258789,71.94999694824219,71.02999877929688,71.26000213623047,67.05230712890625,3733500,SO
2023-12-20,71.22000122070312,71.44000244140625,69.66999816894531,69.69000244140625,65.57500457763672,4363800,SO
2023-12-21,69.91999816894531,70.16000366210938,68.70999908447266,69.37000274658203,65.2739028930664,4146700,SO
2023-12-22,69.80000305175781,70.19999694824219,69.33000183105469,69.44000244140625,65.33976745605469,3013400,SO
2023-12-26,69.30000305175781,69.8499984741211,69.18000030517578,69.44999694824219,65.34915924072266,2131000,SO
2023-12-27,69.22000122070312,69.66999816894531,69.01000213623047,69.41000366210938,65.31153106689453,2771900,SO
2023-12-28,69.36000061035156,70.31999969482422,69.27999877929688,70.16000366210938,66.01725006103516,2790500,SO
2023-12-29,69.8499984741211,70.26000213623047,69.62999725341797,70.12000274658203,65.97960662841797,2895500,SO
2024-01-02,69.66999816894531,70.95999908447266,69.5999984741211,70.8499984741211,66.66649627685547,3955100,SO
2024-01-03,71.0,72.30000305175781,70.98999786376953,72.23999786376953,67.97441864013672,6290500,SO
2024-01-04,72.30999755859375,72.54000091552734,71.58000183105469,71.70999908447266,67.47572326660156,3442500,SO
2024-01-05,71.73999786376953,71.8499984741211,70.70999908447266,71.61000061035156,67.38162994384766,5670200,SO
2024-01-08,71.5,72.18000030517578,71.18000030517578,72.16000366210938,67.89916229248047,3296400,SO
2024-01-09,71.69999694824219,72.01000213623047,71.33999633789062,71.87000274658203,67.62627410888672,3073600,SO
2024-01-10,71.98999786376953,71.98999786376953,71.3499984741211,71.83000183105469,67.58863830566406,2563200,SO
2024-01-11,72.0,72.0,70.41999816894531,70.58000183105469,66.41243743896484,3407600,SO
2024-01-12,71.05000305175781,71.56999969482422,70.80999755859375,71.41999816894531,67.20284271240234,3184000,SO
2024-01-16,71.0999984741211,71.0999984741211,70.18000030517578,70.31999969482422,66.16780090332031,3515000,SO
2024-01-17,70.0,70.88999938964844,69.11000061035156,69.62999725341797,65.5185317993164,3775800,SO
2024-01-18,69.30999755859375,69.47000122070312,68.44999694824219,68.7699966430664,64.70931243896484,3797300,SO
2024-01-19,68.91000366210938,69.33000183105469,68.44999694824219,68.94999694824219,64.87870025634766,5003300,SO
2024-01-22,68.94000244140625,69.3499984741211,68.08999633789062,68.81999969482422,64.75636291503906,3670700,SO
2024-01-23,68.76000213623047,68.94999694824219,68.47000122070312,68.83000183105469,64.76578521728516,5660300,SO
2024-01-24,69.22000122070312,69.41000366210938,67.69999694824219,68.19999694824219,64.1729736328125,6257700,SO
2024-01-25,68.83999633789062,69.26000213623047,68.29000091552734,69.23999786376953,65.15158081054688,3897800,SO
2024-01-26,69.23999786376953,69.44000244140625,68.58999633789062,69.11000061035156,65.02925109863281,5987600,SO
2024-01-29,69.1500015258789,69.29000091552734,68.68000030517578,69.19000244140625,65.10453033447266,4673800,SO
2024-01-30,69.11000061035156,69.58000183105469,68.70999908447266,69.25,65.16098022460938,4578700,SO
2024-01-31,70.0,70.33000183105469,69.06999969482422,69.5199966430664,65.41502380371094,8371500,SO
2024-02-01,69.0999984741211,70.52999877929688,68.80000305175781,70.5,66.33716583251953,4554400,SO
2024-02-02,69.81999969482422,69.95999908447266,67.95999908447266,68.6500015258789,64.5964126586914,5652100,SO
2024-02-05,68.30000305175781,68.33999633789062,67.06999969482422,67.18000030517578,63.21321105957031,5015400,SO
2024-02-06,67.08000183105469,67.68000030517578,66.94000244140625,67.4000015258789,63.42021560668945,3471600,SO
2024-02-07,67.54000091552734,67.7699966430664,66.80000305175781,66.94999694824219,62.996788024902344,4406200,SO
2024-02-08,66.61000061035156,67.02999877929688,66.36000061035156,66.94000244140625,62.98737716674805,3811100,SO
2024-02-09,66.62999725341797,67.19999694824219,66.51000213623047,66.91000366210938,62.95914077758789,3792800,SO
2024-02-12,66.94000244140625,68.33000183105469,66.62999725341797,68.30999755859375,64.2764892578125,4782800,SO
2024-02-13,68.0,68.55999755859375,66.48999786376953,67.51000213623047,63.52371597290039,5357500,SO
2024-02-14,67.45999908447266,67.88999938964844,67.2300033569336,67.80999755859375,63.80600357055664,4146900,SO
2024-02-15,67.05000305175781,68.19999694824219,66.08000183105469,66.83000183105469,62.88386917114258,10332900,SO
2024-02-16,65.98999786376953,66.63999938964844,65.80000305175781,66.4800033569336,63.21669387817383,8509100,SO
2024-02-20,66.62000274658203,68.33999633789062,66.43000030517578,67.04000091552734,63.74921417236328,6385800,SO
2024-02-21,67.44000244140625,67.8499984741211,67.11000061035156,67.7300033569336,64.40533447265625,4256500,SO
2024-02-22,67.16999816894531,67.58000183105469,66.54000091552734,67.27999877929688,63.9774284362793,3530400,SO
2024-02-23,67.31999969482422,68.05999755859375,67.22000122070312,67.69000244140625,64.36730194091797,3222200,SO
2024-02-26,67.41000366210938,67.5,66.23999786376953,66.25,62.997982025146484,4060000,SO
2024-02-27,66.4000015258789,66.73999786376953,66.08000183105469,66.45999908447266,63.19767379760742,4146900,SO
2024-02-28,66.45999908447266,66.81999969482422,66.19999694824219,66.80999755859375,63.530494689941406,5211700,SO
2024-02-29,67.12000274658203,67.63999938964844,66.80000305175781,67.25,63.94889450073242,8578100,SO
2024-03-01,67.02999877929688,67.12000274658203,65.98999786376953,66.86000061035156,63.57804489135742,4748200,SO
2024-03-04,66.87000274658203,68.29000091552734,66.62000274658203,68.19999694824219,64.85225677490234,4285900,SO
2024-03-05,68.5,69.26000213623047,67.55000305175781,67.9800033569336,64.64306640625,4542800,SO
2024-03-06,68.47000122070312,68.91999816894531,67.9800033569336,68.58000183105469,65.21361541748047,4629200,SO
2024-03-07,69.19999694824219,69.41999816894531,68.76000213623047,69.25,65.85072326660156,4896000,SO
2024-03-08,69.33000183105469,69.51000213623047,68.55999755859375,69.01000213623047,65.62249755859375,3705200,SO
2024-03-11,68.91999816894531,69.87999725341797,68.69000244140625,69.77999877929688,66.35470581054688,3490900,SO
2024-03-12,69.44000244140625,70.0999984741211,69.02999877929688,69.3499984741211,65.94581604003906,3255400,SO
2024-03-13,69.83999633789062,70.43000030517578,69.80000305175781,69.94000244140625,66.50685119628906,5086200,SO
2024-03-14,69.6500015258789,69.93000030517578,68.80000305175781,69.37999725341797,65.9743423461914,4212500,SO
2024-03-15,68.95999908447266,69.7699966430664,68.69999694824219,69.08999633789062,65.69857025146484,8653700,SO
2024-03-18,69.18000030517578,69.62000274658203,68.98999786376953,69.41999816894531,66.01238250732422,2688800,SO
2024-03-19,69.62999725341797,70.33000183105469,69.0199966430664,70.20999908447266,66.76359558105469,3848600,SO
2024-03-20,70.12000274658203,70.66000366210938,69.88999938964844,70.2300033569336,66.78262329101562,4251000,SO
2024-03-21,70.44000244140625,70.80000305175781,69.87000274658203,69.9000015258789,66.46881103515625,2864700,SO
2024-03-22,70.29000091552734,70.5199966430664,69.79000091552734,69.80000305175781,66.37373352050781,3137900,SO
2024-03-25,69.9000015258789,70.0999984741211,69.5199966430664,69.76000213623047,66.335693359375,2065200,SO
2024-03-26,69.55000305175781,69.72000122070312,69.1500015258789,69.2699966430664,65.86973571777344,4360500,SO
2024-03-27,69.63999938964844,71.06999969482422,69.5999984741211,71.05000305175781,67.56237030029297,4328300,SO
2024-03-28,71.0199966430664,71.91000366210938,70.80000305175781,71.73999786376953,68.2184829711914,4731200,SO
2024-04-01,71.48999786376953,71.69999694824219,70.55999755859375,71.0999984741211,67.60990905761719,3147500,SO
2024-04-02,71.23999786376953,72.08000183105469,71.08999633789062,71.33999633789062,67.83812713623047,3829400,SO
2024-04-03,71.44000244140625,71.70999908447266,70.80000305175781,70.9800033569336,67.49579620361328,3798400,SO
2024-04-04,70.9800033569336,71.37000274658203,69.66000366210938,70.05000305175781,66.6114501953125,6240900,SO
2024-04-05,69.55000305175781,70.16000366210938,69.16000366210938,69.91000366210938,66.47834014892578,5302600,SO
2024-04-08,69.76000213623047,70.31999969482422,69.62999725341797,70.05999755859375,66.62095642089844,3400300,SO
2024-04-09,70.36000061035156,70.5999984741211,69.86000061035156,70.58999633789062,67.12493896484375,4811600,SO
2024-04-10,69.37000274658203,69.91000366210938,68.97000122070312,69.7699966430664,66.34519958496094,8425000,SO
2024-04-11,70.11000061035156,70.11000061035156,68.95999908447266,69.58000183105469,66.1645278930664,3297600,SO
2024-04-12,69.83999633789062,69.93000030517578,68.31999969482422,68.7300033569336,65.35623931884766,4818400,SO
2024-04-15,68.98999786376953,69.4800033569336,67.94999694824219,68.38999938964844,65.03292846679688,3974100,SO
2024-04-16,68.23999786376953,68.23999786376953,67.52999877929688,67.7699966430664,64.44336700439453,4426800,SO
2024-04-17,68.08999633789062,69.9800033569336,68.0199966430664,69.80000305175781,66.37373352050781,6705800,SO
2024-04-18,70.0,70.69000244140625,69.43000030517578,70.56999969482422,67.10592651367188,4602100,SO
2024-04-19,70.87000274658203,72.18000030517578,70.69999694824219,72.1500015258789,68.60836029052734,6549300,SO
2024-04-22,71.9000015258789,73.1500015258789,71.66000366210938,72.9800033569336,69.39762878417969,5387600,SO
2024-04-23,72.97000122070312,73.7699966430664,72.55000305175781,73.25,69.65437316894531,6054400,SO
2024-04-24,72.75,74.22000122070312,72.11000061035156,73.91000366210938,70.281982421875,5661800,SO
2024-04-25,73.87000274658203,74.8499984741211,73.22000122070312,74.37000274658203,70.71939849853516,6164400,SO
2024-04-26,74.37000274658203,74.44000244140625,73.13999938964844,73.20999908447266,69.6163330078125,5478800,SO
2024-04-29,73.66999816894531,74.4800033569336,73.66999816894531,74.38999938964844,70.73841094970703,3851400,SO
2024-04-30,73.91000366210938,74.55000305175781,73.2300033569336,73.5,69.89209747314453,5271300,SO
2024-05-01,73.37999725341797,75.12999725341797,73.19999694824219,74.5199966430664,70.86203002929688,5241700,SO
2024-05-02,75.01000213623047,75.91999816894531,74.63999938964844,75.33000183105469,71.63227081298828,5468400,SO
2024-05-03,75.8499984741211,75.9800033569336,74.91000366210938,75.8499984741211,72.12674713134766,4578200,SO
2024-05-06,75.51000213623047,76.27999877929688,74.87999725341797,75.47000122070312,71.76538848876953,8062100,SO
2024-05-07,75.19999694824219,77.06999969482422,75.19999694824219,76.94999694824219,73.1727523803711,8919700,SO
2024-05-08,76.88999938964844,77.7699966430664,76.66000366210938,77.62999725341797,73.81937408447266,6695000,SO
2024-05-09,77.58999633789062,78.30000305175781,77.0999984741211,78.25,74.40894317626953,5542600,SO
2024-05-10,78.69000244140625,78.73999786376953,77.83999633789062,78.13999938964844,74.30433654785156,4939800,SO
2024-05-13,78.5,78.94000244140625,78.33999633789062,78.69999694824219,74.83685302734375,4420100,SO
2024-05-14,79.0,79.16000366210938,78.37000274658203,78.70999908447266,74.84634399414062,5224300,SO
2024-05-15,79.11000061035156,79.7699966430664,79.02999877929688,79.29000091552734,75.39788818359375,4130000,SO
2024-05-16,79.2300033569336,79.8499984741211,79.2300033569336,79.37999725341797,75.48346710205078,5718800,SO
2024-05-17,78.66999816894531,79.68000030517578,78.2300033569336,79.54000091552734,76.32793426513672,4833700,SO
2024-05-20,79.68000030517578,79.69999694824219,78.97000122070312,79.19000244140625,75.99207305908203,2984100,SO
2024-05-21,79.30999755859375,80.13999938964844,79.25,79.77999877929688,76.55823516845703,3694100,SO
2024-05-22,79.31999969482422,79.61000061035156,78.55999755859375,78.69000244140625,75.51225280761719,3356200,SO
2024-05-23,78.33000183105469,78.33999633789062,77.11000061035156,77.16999816894531,74.05364227294922,3890000,SO
2024-05-24,77.33000183105469,77.81999969482422,77.25,77.75,74.61021423339844,2424700,SO
2024-05-28,77.55999755859375,78.33000183105469,77.27999877929688,77.54000091552734,74.40869903564453,2941700,SO
2024-05-29,77.05000305175781,77.37999725341797,76.63999938964844,77.19999694824219,74.08242797851562,4413800,SO
2024-05-30,77.4000015258789,78.0999984741211,76.87000274658203,78.08000183105469,74.92689514160156,4237900,SO
2024-05-31,78.33000183105469,80.2300033569336,78.1500015258789,80.13999938964844,76.90370178222656,7168000,SO
2024-06-03,79.77999877929688,80.48999786376953,79.27999877929688,80.38999938964844,77.14360809326172,4539700,SO
2024-06-04,80.25,80.83999633789062,79.55999755859375,80.70999908447266,77.45067596435547,5106500,SO
2024-06-05,80.66999816894531,80.66999816894531,79.16999816894531,79.41999816894531,76.2127685546875,4245700,SO
2024-06-06,79.47000122070312,79.87999725341797,78.58999633789062,78.6500015258789,75.473876953125,4210900,SO
2024-06-07,78.2300033569336,78.61000061035156,77.88999938964844,77.94000244140625,74.79254150390625,3865800,SO
2024-06-10,77.86000061035156,79.01000213623047,77.61000061035156,78.97000122070312,75.78095245361328,5509200,SO
2024-06-11,78.44000244140625,79.05000305175781,78.05000305175781,78.5,75.32992553710938,3814900,SO
2024-06-12,79.4000015258789,79.4000015258789,77.83000183105469,78.44000244140625,75.27235412597656,2825600,SO
2024-06-13,78.55999755859375,78.91000366210938,77.80999755859375,78.69000244140625,75.51225280761719,2678100,SO
2024-06-14,78.48999786376953,78.97000122070312,78.0,78.6500015258789,75.473876953125,2444400,SO
2024-06-17,78.06999969482422,78.5999984741211,77.44000244140625,77.68000030517578,74.54304504394531,3747600,SO
2024-06-18,77.62000274658203,78.0199966430664,77.25,77.94000244140625,74.79254150390625,3356300,SO
2024-06-20,78.13999938964844,79.06999969482422,77.66000366210938,78.87000274658203,75.68498992919922,3996500,SO
2024-06-21,78.9800033569336,79.43000030517578,78.30000305175781,78.45999908447266,75.29154205322266,8470400,SO
2024-06-24,78.45999908447266,79.58000183105469,78.37000274658203,79.33999633789062,76.1360092163086,2574400,SO
2024-06-25,79.23999786376953,79.30000305175781,77.80999755859375,78.0199966430664,74.86930084228516,2998900,SO
2024-06-26,77.7699966430664,78.44999694824219,77.44999694824219,78.20999908447266,75.05164337158203,2856000,SO
2024-06-27,78.19999694824219,78.33000183105469,77.51000213623047,78.04000091552734,74.88851165771484,3040800,SO
2024-06-28,78.0199966430664,78.19999694824219,77.18000030517578,77.56999969482422,74.4374771118164,6227000,SO
2024-07-01,78.02999877929688,78.47000122070312,76.95999908447266,77.0,73.89049530029297,2936500,SO
2024-07-02,77.27999877929688,77.83999633789062,77.0,77.55000305175781,74.41829681396484,2766600,SO
2024-07-03,77.61000061035156,78.37999725341797,77.55999755859375,77.72000122070312,74.58142852783203,1432800,SO
2024-07-05,77.83000183105469,78.62999725341797,77.47000122070312,78.04000091552734,74.88851165771484,2343600,SO
2024-07-08,78.0199966430664,78.22000122070312,77.62000274658203,77.80000305175781,74.658203125,2359600,SO
2024-07-09,77.70999908447266,78.70999908447266,77.70999908447266,78.12000274658203,74.96527862548828,2623600,SO
2024-07-10,78.43000030517578,78.54000091552734,77.79000091552734,78.44000244140625,75.27235412597656,2443100,SO
2024-07-11,78.69999694824219,80.06999969482422,78.61000061035156,79.86000061035156,76.635009765625,3542500,SO
2024-07-12,80.0,80.3499984741211,79.62999725341797,79.98999786376953,76.75975799560547,3682300,SO
2024-07-15,79.5199966430664,80.25,79.30000305175781,80.05000305175781,76.81733703613281,4114000,SO
2024-07-16,80.5,81.19000244140625,80.26000213623047,81.12000274658203,77.84413146972656,3211400,SO
2024-07-17,81.37999725341797,82.83999633789062,81.18000030517578,81.62999725341797,78.33352661132812,4313700,SO
2024-07-18,81.05999755859375,82.26000213623047,81.05999755859375,81.30999755859375,78.02644348144531,2921900,SO
2024-07-19,81.83000183105469,81.83000183105469,81.04000091552734,81.4000015258789,78.1128158569336,2729800,SO
2024-07-22,81.4800033569336,82.16999816894531,81.33000183105469,81.8499984741211,78.54463958740234,3619900,SO
2024-07-23,81.73999786376953,81.81999969482422,81.29000091552734,81.3499984741211,78.06483459472656,2188300,SO
2024-07-24,82.05000305175781,82.69000244140625,81.51000213623047,82.66999816894531,79.33153533935547,4190600,SO
2024-07-25,82.97000122070312,83.45999908447266,81.31999969482422,81.66000366210938,78.3623275756836,4028800,SO
2024-07-26,81.94999694824219,82.51000213623047,81.81999969482422,82.16999816894531,78.85171508789062,4010100,SO
2024-07-29,82.41999816894531,83.30000305175781,82.19999694824219,83.05000305175781,79.69618225097656,3571700,SO
2024-07-30,82.63999938964844,83.48999786376953,82.54000091552734,83.37999725341797,80.01285552978516,4032500,SO
2024-07-31,82.94000244140625,83.69999694824219,82.29000091552734,83.5199966430664,80.14720153808594,7362300,SO
2024-08-01,83.91999816894531,87.68000030517578,83.33000183105469,87.56999969482422,84.03366088867188,8598500,SO
2024-08-02,88.37999725341797,89.23999786376953,86.41999816894531,88.58000183105469,85.00286865234375,7196600,SO
2024-08-05,88.98999786376953,89.68000030517578,86.4000015258789,86.56999969482422,83.07403564453125,6380200,SO
2024-08-06,86.80000305175781,87.86000061035156,86.44000244140625,86.44999694824219,82.9588851928711,4332800,SO
2024-08-07,86.80999755859375,87.83999633789062,86.5,87.29000091552734,83.76496124267578,5028600,SO
2024-08-08,86.45999908447266,87.43000030517578,86.25,86.45999908447266,82.96847534179688,4337300,SO
2024-08-09,86.55000305175781,86.88999938964844,85.62000274658203,86.80000305175781,83.29475402832031,3974000,SO
2024-08-12,87.0,87.30000305175781,86.47000122070312,87.19999694824219,83.6785888671875,3641200,SO
2024-08-13,87.4000015258789,87.69000244140625,86.80999755859375,87.19999694824219,83.6785888671875,3408900,SO
2024-08-14,86.77999877929688,87.77999877929688,86.58000183105469,87.19000244140625,83.66900634765625,2284200,SO
2024-08-15,86.5,87.19000244140625,86.2699966430664,87.01000213623047,83.49626159667969,2810600,SO
2024-08-16,87.38999938964844,87.8499984741211,86.75,87.36000061035156,83.83213806152344,3754400,SO
2024-08-19,86.83000183105469,87.02999877929688,86.5199966430664,86.94000244140625,84.1224136352539,2670400,SO
2024-08-20,87.02999877929688,87.5199966430664,86.55999755859375,86.80000305175781,83.98694610595703,3576500,SO
2024-08-21,86.76000213623047,87.69999694824219,86.66000366210938,87.56999969482422,84.73200225830078,4543000,SO
2024-08-22,87.5199966430664,87.5199966430664,86.02999877929688,86.41000366210938,83.60958862304688,5935200,SO
2024-08-23,86.68000030517578,86.87999725341797,86.04000091552734,86.12000274658203,83.32899475097656,3987500,SO
2024-08-26,86.27999877929688,86.81999969482422,86.19000244140625,86.48999786376953,83.68699645996094,3965900,SO
2024-08-27,86.31999969482422,86.63999938964844,85.6500015258789,85.73999786376953,82.96129608154297,3129900,SO
2024-08-28,86.02999877929688,86.69999694824219,85.51000213623047,85.75,82.97097778320312,4115900,SO
2024-08-29,85.58999633789062,85.87000274658203,84.87999725341797,85.80000305175781,83.01935577392578,5020100,SO
2024-08-30,85.91000366210938,86.5199966430664,85.62999725341797,86.4000015258789,83.59991455078125,4137400,SO
2024-09-03,86.43000030517578,89.23999786376953,86.36000061035156,88.91000366210938,86.02857208251953,6486800,SO
2024-09-04,89.43000030517578,90.25,88.41000366210938,89.12999725341797,86.24144744873047,4189800,SO
2024-09-05,89.9800033569336,90.33999633789062,88.87000274658203,89.51000213623047,86.609130859375,4598200,SO
2024-09-06,89.54000091552734,89.8499984741211,88.22000122070312,88.41000366210938,85.5447769165039,4614200,SO
2024-09-09,88.44000244140625,89.41000366210938,88.4000015258789,89.31999969482422,86.42528533935547,3854300,SO
2024-09-10,89.5,90.19999694824219,89.33999633789062,89.63999938964844,86.73490905761719,4104500,SO
2024-09-11,89.31999969482422,89.4000015258789,88.13999938964844,88.7699966430664,85.89311218261719,3877200,SO
2024-09-12,88.86000061035156,89.22000122070312,88.30999755859375,88.48999786376953,85.6221694946289,3527100,SO
2024-09-13,88.55999755859375,89.5,88.22000122070312,89.44000244140625,86.54139709472656,2311700,SO
2024-09-16,89.0,90.12999725341797,89.0,89.88999938964844,86.976806640625,3701100,SO
2024-09-17,89.77999877929688,89.83999633789062,89.11000061035156,89.6500015258789,86.74459075927734,3019200,SO
2024-09-18,89.52999877929688,89.75,88.47000122070312,89.01000213623047,86.12532806396484,3676000,SO
2024-09-19,88.6500015258789,89.01000213623047,88.0,88.86000061035156,85.98019409179688,7627700,SO
2024-09-20,90.12000274658203,90.13999938964844,88.47000122070312,89.69999694824219,86.79296112060547,9736500,SO
2024-09-23,89.8499984741211,90.58999633789062,89.52999877929688,90.5199966430664,87.58639526367188,3825100,SO
2024-09-24,89.98999786376953,90.8499984741211,89.48999786376953,89.7300033569336,86.8219985961914,6222400,SO
2024-09-25,90.1500015258789,90.55000305175781,88.91999816894531,89.3499984741211,86.45430755615234,3457200,SO
2024-09-26,88.88999938964844,89.62000274658203,88.6500015258789,88.94999694824219,86.06727600097656,3742400,SO
2024-09-27,89.19000244140625,90.12999725341797,88.91000366210938,90.0999984741211,87.18000030517578,4531700,SO
2024-09-30,90.05000305175781,90.62999725341797,89.55000305175781,90.18000030517578,87.25741577148438,6838500,SO
2024-10-01,90.45999908447266,91.7699966430664,90.0,90.87999725341797,87.93472290039062,4029900,SO
2024-10-02,90.25,91.81999969482422,90.12000274658203,91.58999633789062,88.62171173095703,4869000,SO
2024-10-03,91.81999969482422,91.87000274658203,90.19000244140625,90.69999694824219,87.76055908203125,6120700,SO
2024-10-04,89.9000015258789,90.4800033569336,89.3499984741211,90.30999755859375,87.3832015991211,3432300,SO
2024-10-07,90.05999755859375,90.2300033569336,88.66999816894531,88.88999938964844,86.00921630859375,4871300,SO
2024-10-08,89.19999694824219,89.72000122070312,88.80000305175781,89.29000091552734,86.39625549316406,2865500,SO
2024-10-09,89.44000244140625,90.0,88.80999755859375,88.93000030517578,86.04792022705078,4127800,SO
2024-10-10,88.97000122070312,89.80000305175781,88.20999908447266,88.26000213623047,85.3996353149414,3288000,SO
2024-10-11,88.61000061035156,89.08000183105469,88.31999969482422,88.95999908447266,86.07694244384766,3081200,SO
2024-10-14,88.75,89.94999694824219,88.75,89.83999633789062,86.92842864990234,2764600,SO
2024-10-15,90.5,91.4000015258789,90.36000061035156,90.70999908447266,87.77023315429688,3716600,SO
2024-10-16,90.9800033569336,92.45999908447266,90.5999984741211,92.29000091552734,89.29902648925781,3425700,SO
2024-10-17,92.30999755859375,92.8499984741211,92.0199966430664,92.69999694824219,89.69573974609375,3908700,SO
2024-10-18,92.69999694824219,93.3499984741211,92.0199966430664,93.23999786376953,90.21823120117188,3663400,SO
2024-10-21,93.41999816894531,93.7300033569336,92.61000061035156,92.7300033569336,89.72477722167969,3188100,SO
2024-10-22,92.3499984741211,93.19000244140625,92.11000061035156,93.08000183105469,90.06343078613281,3021100,SO
2024-10-23,92.91000366210938,94.18000030517578,92.83000183105469,94.1500015258789,91.0987548828125,4738900,SO
2024-10-24,93.87999725341797,94.44999694824219,93.33000183105469,93.61000061035156,90.57624816894531,2722300,SO
2024-10-25,94.13999938964844,94.19000244140625,91.80999755859375,91.87999725341797,88.90231323242188,2498800,SO
2024-10-28,92.22000122070312,92.69000244140625,91.76000213623047,91.79000091552734,88.81523895263672,2773000,SO
2024-10-29,91.0,91.02999877929688,89.62999725341797,89.81999969482422,86.90907287597656,5860700,SO
2024-10-30,90.33000183105469,90.33000183105469,89.04000091552734,89.36000061035156,86.46398162841797,7005800,SO
2024-10-31,90.69000244140625,92.37999725341797,90.12000274658203,91.02999877929688,88.07986450195312,10247100,SO
2024-11-01,91.0,91.0,88.30000305175781,88.54000091552734,85.67056274414062,6817400,SO
2024-11-04,88.54000091552734,89.20999908447266,87.5,88.12000274658203,85.26417541503906,4745100,SO
2024-11-05,88.18000030517578,88.77999877929688,87.77999877929688,88.69999694824219,85.82537078857422,4438000,SO
2024-11-06,88.19999694824219,88.73999786376953,87.11000061035156,87.41999816894531,84.58685302734375,4708100,SO
2024-11-07,87.51000213623047,87.7300033569336,86.37000274658203,86.93000030517578,84.11273956298828,4574500,SO
2024-11-08,87.44000244140625,88.79000091552734,87.1500015258789,88.63999938964844,85.76731872558594,3805900,SO
2024-11-11,88.13999938964844,89.12999725341797,88.13999938964844,88.33000183105469,85.46736907958984,2899600,SO
2024-11-12,88.4000015258789,88.62999725341797,87.5999984741211,87.70999908447266,84.86746215820312,4171500,SO
2024-11-13,88.2300033569336,88.2300033569336,86.77999877929688,87.5199966430664,84.68360900878906,3329800,SO
2024-11-14,87.48999786376953,87.5,86.61000061035156,86.77999877929688,83.96760559082031,3316300,SO
2024-11-15,86.66999816894531,88.0,86.66999816894531,87.93000030517578,85.08032989501953,4464500,SO
2024-11-18,87.0,88.16999816894531,86.83999633789062,88.04000091552734,85.89006042480469,4991500,SO
2024-11-19,87.80999755859375,88.38999938964844,87.13999938964844,88.29000091552734,86.13394927978516,3546400,SO
2024-11-20,88.0999984741211,88.41000366210938,87.80000305175781,87.97000122070312,85.82176971435547,4239900,SO
2024-11-21,87.8499984741211,88.41000366210938,87.37000274658203,88.13999938964844,85.98761749267578,5635600,SO
2024-11-22,88.55000305175781,88.62999725341797,87.58000183105469,87.5999984741211,85.46080017089844,3440000,SO
2024-11-25,87.94999694824219,88.44000244140625,87.41000366210938,88.41999816894531,86.26077270507812,5833900,SO
2024-11-26,88.52999877929688,89.36000061035156,88.13999938964844,89.33000183105469,87.1485595703125,3509100,SO
2024-11-27,89.68000030517578,90.23999786376953,89.33999633789062,89.73999786376953,87.54853820800781,3504700,SO
2024-11-29,89.91000366210938,90.08999633789062,88.91999816894531,89.12999725341797,86.95343780517578,2364000,SO
2024-12-02,89.38999938964844,89.38999938964844,87.63999938964844,87.7699966430664,85.62664031982422,4030000,SO
2024-12-03,88.2699966430664,88.5,86.23999786376953,86.26000213623047,84.15352630615234,5724600,SO
2024-12-04,86.16999816894531,86.47000122070312,85.5,85.8499984741211,83.7535400390625,3795700,SO
2024-12-05,85.9000015258789,86.6500015258789,85.88999938964844,86.19000244140625,84.08523559570312,3007600,SO
2024-12-06,86.12000274658203,86.44000244140625,84.5,84.80999755859375,82.73892974853516,4798300,SO
2024-12-09,84.9000015258789,85.19999694824219,83.8499984741211,84.30999755859375,82.25114440917969,3866600,SO
2024-12-10,84.11000061035156,84.68000030517578,83.23999786376953,84.38999938964844,82.32918548583984,3250000,SO
2024-12-11,84.16000366210938,84.36000061035156,83.0,83.25,81.21703338623047,5066800,SO
2024-12-12,83.56999969482422,84.16999816894531,83.18000030517578,83.37000274658203,81.33409881591797,3053900,SO
2024-12-13,83.2699966430664,83.38999938964844,82.70999908447266,83.19999694824219,81.16824340820312,2549300,SO
2024-12-16,83.16000366210938,83.33999633789062,81.81999969482422,81.87999725341797,79.88047790527344,4716300,SO
2024-12-17,81.55000305175781,83.36000061035156,81.37999725341797,83.27999877929688,81.24629974365234,5500700,SO
2024-12-18,82.88999938964844,83.19999694824219,81.44999694824219,81.5,79.509765625,4016000,SO
2024-12-19,81.5,82.79000091552734,81.37999725341797,81.77999877929688,79.78292846679688,4044400,SO
2024-12-20,81.75,83.0999984741211,81.4000015258789,82.86000061035156,80.83655548095703,7725000,SO
2024-12-23,82.8499984741211,83.0999984741211,81.95999908447266,83.04000091552734,81.01215362548828,2556400,SO
2024-12-24,83.05999755859375,83.16999816894531,82.70999908447266,83.16000366210938,81.12923431396484,1146300,SO
2024-12-26,82.70999908447266,83.18000030517578,82.5,82.83999633789062,80.81703186035156,2177500,SO
2024-12-27,82.31999969482422,83.31999969482422,82.26000213623047,83.13999938964844,81.1097183227539,2603000,SO
2024-12-30,82.79000091552734,82.95999908447266,82.02999877929688,82.37999725341797,80.36827087402344,3813100,SO
2024-12-31,82.44000244140625,82.79000091552734,81.6500015258789,82.31999969482422,80.30974578857422,2987200,SO
2025-01-02,82.87000274658203,82.98999786376953,81.80999755859375,82.06999969482422,80.06584930419922,2653100,SO
2025-01-03,82.2699966430664,83.0,82.0999984741211,82.31999969482422,80.30974578857422,4648000,SO
2025-01-06,82.02999877929688,82.37999725341797,80.45999908447266,80.95999908447266,78.98295593261719,5375500,SO
2025-01-07,81.11000061035156,82.0999984741211,80.97000122070312,81.08999633789062,79.10977935791016,4533300,SO
2025-01-08,81.5199966430664,83.05000305175781,81.30999755859375,83.0199966430664,80.99264526367188,7807500,SO
2025-01-10,82.30000305175781,82.93000030517578,81.19999694824219,81.31999969482422,79.33415985107422,5002300,SO
2025-01-13,81.73999786376953,81.95999908447266,80.5,81.87000274658203,79.87073516845703,3555600,SO
2025-01-14,82.0,82.23999786376953,81.41000366210938,82.05000305175781,80.04633331298828,3693200,SO
2025-01-15,82.9000015258789,83.20999908447266,82.0,82.33999633789062,80.3292465209961,4113300,SO
2025-01-16,82.0999984741211,83.93000030517578,81.95999908447266,83.88999938964844,81.84140014648438,4452800,SO
2025-01-17,83.68000030517578,84.48999786376953,83.3499984741211,83.9000015258789,81.85115814208984,5407000,SO
2025-01-21,84.18000030517578,85.47000122070312,84.0999984741211,84.7300033569336,82.660888671875,5647500,SO
2025-01-22,84.27999877929688,84.55999755859375,82.45999908447266,82.5199966430664,80.50485229492188,5195000,SO
2025-01-23,82.5199966430664,82.9000015258789,82.12999725341797,82.26000213623047,80.25121307373047,5846700,SO
2025-01-24,82.08999633789062,83.91000366210938,82.05000305175781,83.4800033569336,81.44142150878906,6574400,SO
2025-01-27,83.91000366210938,86.6500015258789,82.87000274658203,86.5,84.38766479492188,7700200,SO
2025-01-28,86.13999938964844,86.27999877929688,83.52999877929688,83.54000091552734,81.49994659423828,6138500,SO
2025-01-29,83.87999725341797,84.44999694824219,82.69000244140625,82.83000183105469,80.80728912353516,5771800,SO
2025-01-30,83.80000305175781,85.0999984741211,83.5,84.93000030517578,82.85601043701172,6408100,SO
2025-01-31,84.51000213623047,84.73999786376953,83.43000030517578,83.94999694824219,81.89993286132812,4685500,SO
2025-02-03,83.5199966430664,84.37999725341797,83.0,83.97000122070312,81.91944885253906,6165300,SO
2025-02-04,83.69999694824219,83.88999938964844,82.77999877929688,83.19999694824219,81.16824340820312,4716200,SO
2025-02-05,83.87999725341797,84.19000244140625,83.2300033569336,83.87000274658203,81.82188415527344,4161500,SO
2025-02-06,84.2300033569336,84.2300033569336,82.9000015258789,83.79000091552734,81.74384307861328,3339000,SO
2025-02-07,83.58999633789062,84.66000366210938,83.16000366210938,84.58000183105469,82.5145492553711,5077900,SO
2025-02-10,84.69999694824219,85.52999877929688,84.18000030517578,85.51000213623047,83.42184448242188,4141600,SO
2025-02-11,85.23999786376953,86.52999877929688,84.29000091552734,86.44999694824219,84.33888244628906,4376900,SO
2025-02-12,85.45999908447266,86.87000274658203,85.0,86.80999755859375,84.69009399414062,4723000,SO
2025-02-13,86.79000091552734,87.02999877929688,86.02999877929688,86.77999877929688,84.66082000732422,4396300,SO
2025-02-14,87.0199966430664,87.4800033569336,85.4800033569336,85.58000183105469,83.49012756347656,4390800,SO
2025-02-18,84.9000015258789,85.9000015258789,84.66999816894531,85.88999938964844,84.50350952148438,4207600,SO
2025-02-19,86.0,86.61000061035156,85.37999725341797,86.4800033569336,85.083984375,5049800,SO
2025-02-20,84.5,89.0,84.5,87.81999969482422,86.40235137939453,9109200,SO
2025-02-21,87.55000305175781,88.9800033569336,87.0999984741211,88.4000015258789,86.97299194335938,5347900,SO
2025-02-24,88.87999725341797,89.62999725341797,88.06999969482422,88.88999938964844,87.45507049560547,5476400,SO
2025-02-25,89.22000122070312,90.02999877929688,88.93000030517578,89.8499984741211,88.39958190917969,4871100,SO
2025-02-26,89.37999725341797,89.45999908447266,88.2300033569336,88.75,87.31733703613281,5241800,SO
2025-02-27,88.25,89.06999969482422,87.94999694824219,88.29000091552734,86.86476135253906,5155700,SO
2025-02-28,89.33000183105469,89.80000305175781,88.33000183105469,89.79000091552734,88.34054565429688,6142200,SO
2025-03-03,89.61000061035156,90.8499984741211,89.33999633789062,90.8499984741211,89.38343811035156,5725400,SO
2025-03-04,91.4000015258789,92.33000183105469,89.76000213623047,89.88999938964844,88.43893432617188,8846200,SO
2025-03-05,89.20999908447266,90.19000244140625,88.37999725341797,88.6500015258789,87.21895599365234,4595700,SO
2025-03-06,88.25,89.16000366210938,87.08999633789062,88.72000122070312,87.28782653808594,5368300,SO
2025-03-07,88.55000305175781,91.7699966430664,88.5199966430664,91.4000015258789,89.924560546875,6728000,SO
2025-03-10,91.44999694824219,93.4800033569336,91.19999694824219,92.95999908447266,91.4593734741211,7370100,SO
2025-03-11,92.5,92.68000030517578,89.95999908447266,90.0999984741211,88.64554595947266,6760600,SO
2025-03-12,89.41999816894531,89.61000061035156,88.30000305175781,88.68000030517578,87.24846649169922,4536200,SO
2025-03-13,89.11000061035156,90.0,88.68000030517578,89.62999725341797,88.1831283569336,3587200,SO
2025-03-14,89.36000061035156,90.54000091552734,88.77999877929688,90.37999725341797,88.9210205078125,2990800,SO
2025-03-17,90.3499984741211,91.41000366210938,89.87000274658203,90.54000091552734,89.07844543457031,3649800,SO
2025-03-18,90.12999725341797,90.47000122070312,89.66000366210938,90.2300033569336,88.77345275878906,3505400,SO
2025-03-19,90.0,90.48999786376953,89.2699966430664,89.5999984741211,88.15361022949219,3366200,SO
2025-03-20,89.91999816894531,90.05999755859375,89.13999938964844,89.97000122070312,88.51764678955078,4652800,SO
2025-03-21,89.83999633789062,90.66999816894531,88.75,89.36000061035156,87.91749572753906,8327300,SO
2025-03-24,89.16000366210938,90.13999938964844,88.7699966430664,88.87999725341797,87.44523620605469,3641000,SO
2025-03-25,88.91999816894531,88.91999816894531,87.4000015258789,87.7300033569336,86.31381225585938,3912800,SO
2025-03-26,88.0,89.19999694824219,87.8499984741211,89.05999755859375,87.62232971191406,3953300,SO
2025-03-27,89.47000122070312,90.27999877929688,89.0,90.02999877929688,88.57667541503906,3830500,SO
2025-03-28,90.87999725341797,91.44000244140625,90.2699966430664,91.12999725341797,89.65892028808594,4483700,SO
2025-03-31,91.55000305175781,92.69000244140625,91.08999633789062,91.94999694824219,90.4656753540039,6340400,SO
2025-04-01,91.5999984741211,92.16999816894531,91.1500015258789,91.81999969482422,90.33777618408203,4178900,SO
2025-04-02,92.0,92.05000305175781,90.70999908447266,91.30000305175781,89.82617950439453,4704500,SO
2025-04-03,92.7300033569336,93.30000305175781,92.0,92.55999755859375,91.06582641601562,6392600,SO
2025-04-04,93.20999908447266,93.6500015258789,88.48999786376953,88.94000244140625,87.5042724609375,8268800,SO
2025-04-07,87.75,89.43000030517578,86.36000061035156,87.22000122070312,85.8120346069336,8150900,SO
2025-04-08,88.69000244140625,88.69000244140625,86.16000366210938,86.86000061035156,85.45785522460938,6248000,SO
2025-04-09,86.30999755859375,89.4000015258789,85.0,87.80000305175781,86.38267517089844,7694500,SO
2025-04-10,87.9800033569336,89.69999694824219,87.0,88.88999938964844,87.45507049560547,7047400,SO
2025-04-11,88.45999908447266,90.18000030517578,87.68000030517578,89.86000061035156,88.40941619873047,4022000,SO
2025-04-14,89.7699966430664,91.69000244140625,89.16000366210938,91.16000366210938,89.68843841552734,3330900,SO
2025-04-15,91.55999755859375,91.69999694824219,90.93000030517578,91.0199966430664,89.55068969726562,2381200,SO
2025-04-16,91.9000015258789,91.9000015258789,90.26000213623047,90.47000122070312,89.00957489013672,2731300,SO
2025-04-17,90.88999938964844,93.04000091552734,90.80999755859375,91.80999755859375,90.32794189453125,3462000,SO
2025-04-21,91.62000274658203,91.70999908447266,89.58000183105469,90.2300033569336,88.77345275878906,3015000,SO
2025-04-22,90.44000244140625,92.22000122070312,90.25,91.86000061035156,90.37713623046875,3849500,SO
2025-04-23,91.4800033569336,91.58000183105469,90.16999816894531,91.12999725341797,89.65892028808594,5214600,SO
2025-04-24,91.04000091552734,91.44000244140625,90.2699966430664,91.05000305175781,89.58020782470703,3018400,SO
2025-04-25,91.05000305175781,91.33999633789062,90.1500015258789,90.43000030517578,88.97022247314453,3442800,SO
2025-04-28,90.3499984741211,91.05000305175781,89.81999969482422,90.75,89.2850570678711,2332200,SO
2025-04-29,90.5999984741211,91.5999984741211,90.33999633789062,91.44999694824219,89.97374725341797,3234900,SO
2025-04-30,91.8499984741211,92.2300033569336,90.4000015258789,91.88999938964844,90.40664672851562,5934700,SO
2025-05-01,92.44000244140625,92.44000244140625,90.75,91.45999908447266,89.98359680175781,5319700,SO
2025-05-02,91.33999633789062,91.8499984741211,90.37000274658203,91.05000305175781,89.58020782470703,4060800,SO
2025-05-05,91.30000305175781,91.55000305175781,90.12999725341797,91.05000305175781,89.58020782470703,3572800,SO
2025-05-06,91.06999969482422,91.83999633789062,90.9000015258789,91.22000122070312,89.74746704101562,2995100,SO
2025-05-07,90.94000244140625,92.55999755859375,90.94000244140625,92.11000061035156,90.62309265136719,5011300,SO
2025-05-08,91.6500015258789,92.05000305175781,90.16999816894531,90.30999755859375,88.8521499633789,3711500,SO
2025-05-09,90.31999969482422,90.83999633789062,90.04000091552734,90.3499984741211,88.89151000976562,2982500,SO
2025-05-12,89.3499984741211,89.72000122070312,87.45999908447266,87.77999877929688,86.36299896240234,6666100,SO
2025-05-13,87.79000091552734,88.26000213623047,85.51000213623047,85.56999969482422,84.18867492675781,7041400,SO
2025-05-14,85.19999694824219,85.58000183105469,83.08999633789062,84.91000366210938,83.5393295288086,8015100,SO
2025-05-15,85.61000061035156,87.4000015258789,85.61000061035156,87.37999725341797,85.96944427490234,5255900,SO
2025-05-16,87.29000091552734,88.73999786376953,87.12999725341797,88.70999908447266,87.27798461914062,4181800,SO
2025-05-19,88.55999755859375,89.54000091552734,88.08000183105469,89.4800033569336,88.77610778808594,5997500,SO
2025-05-20,89.33999633789062,91.0,89.19999694824219,90.83000183105469,90.11548614501953,9612400,SO
2025-05-21,90.69999694824219,90.80999755859375,89.29000091552734,89.66000366210938,88.95469665527344,9104500,SO
2025-05-22,89.48999786376953,89.48999786376953,88.38999938964844,88.83999633789062,88.1411361694336,5055500,SO
2025-05-23,89.54000091552734,89.75,88.12000274658203,89.63999938964844,88.93484497070312,3129500,SO
2025-05-27,90.01000213623047,90.2699966430664,89.56999969482422,89.91999816894531,89.21263885498047,4316700,SO
2025-05-28,89.62999725341797,89.91999816894531,87.5999984741211,88.22000122070312,87.52601623535156,5217900,SO
2025-05-29,87.88999938964844,88.80000305175781,87.41000366210938,88.75,88.05184936523438,3670400,SO
2025-05-30,88.66000366210938,90.06999969482422,88.33999633789062,90.0,89.2920150756836,10682400,SO
2025-06-02,89.30000305175781,90.0199966430664,88.83999633789062,89.94000244140625,89.23249053955078,4338600,SO
2025-06-03,89.94000244140625,90.08999633789062,88.70999908447266,89.58999633789062,88.88523864746094,5353800,SO
2025-06-04,89.5999984741211,89.62000274658203,88.2699966430664,88.29000091552734,87.59546661376953,5816000,SO
2025-06-05,89.30000305175781,89.30999755859375,88.08000183105469,88.37999725341797,87.68475341796875,6725100,SO
2025-06-06,88.54000091552734,88.68000030517578,87.7300033569336,88.26000213623047,87.56570434570312,3995800,SO
2025-06-09,87.72000122070312,89.16999816894531,87.48999786376953,88.5,87.80381774902344,3907800,SO
2025-06-10,88.66999816894531,89.52999877929688,88.56999969482422,89.30000305175781,88.59752655029297,3969000,SO
2025-06-11,89.20999908447266,89.6500015258789,88.91999816894531,89.55000305175781,88.8455581665039,5151500,SO
2025-06-12,89.8499984741211,91.05000305175781,89.41999816894531,90.36000061035156,89.64918518066406,7122500,SO
2025-06-13,90.76000213623047,91.06999969482422,89.93000030517578,90.3499984741211,89.6392593383789,5059000,SO
2025-06-16,90.55999755859375,90.93000030517578,88.79000091552734,88.94000244140625,88.2403564453125,5374100,SO
2025-06-17,88.94999694824219,89.18000030517578,87.8499984741211,88.41999816894531,87.72444152832031,4413400,SO
2025-06-18,88.54000091552734,88.95999908447266,88.1500015258789,88.62999725341797,87.93279266357422,5189700,SO
2025-06-20,88.5999984741211,89.95999908447266,88.47000122070312,89.30000305175781,88.59752655029297,10746100,SO
2025-06-23,89.69999694824219,90.73999786376953,89.44000244140625,90.66999816894531,89.95674133300781,5907600,SO
2025-06-24,90.4800033569336,91.29000091552734,90.44000244140625,90.88999938964844,90.17501068115234,4558100,SO
2025-06-25,90.55999755859375,90.69000244140625,89.80999755859375,90.4000015258789,89.68887329101562,5548300,SO
2025-06-26,90.43000030517578,91.0,89.47000122070312,90.3499984741211,89.6392593383789,6003400,SO
2025-06-27,90.23999786376953,91.30000305175781,90.19000244140625,90.9000015258789,90.1849365234375,5228200,SO
2025-06-30,90.58999633789062,91.94000244140625,90.43000030517578,91.83000183105469,91.10762023925781,4924600,SO
2025-07-01,92.0,92.5199966430664,91.2699966430664,92.30000305175781,91.57392120361328,7399400,SO
2025-07-02,91.79000091552734,92.19999694824219,90.48999786376953,91.1500015258789,90.43296813964844,6437200,SO
2025-07-03,91.0,91.97000122070312,90.63999938964844,91.51000213623047,90.7901382446289,3467200,SO
2025-07-07,91.44000244140625,91.7300033569336,91.1500015258789,91.66000366210938,90.93895721435547,3433100,SO
2025-07-08,90.9000015258789,91.56999969482422,90.37999725341797,91.26000213623047,90.54210662841797,4600000,SO
2025-07-09,91.4000015258789,91.9800033569336,90.76000213623047,91.95999908447266,91.2365951538086,3236200,SO
2025-07-10,91.44999694824219,93.68000030517578,91.44999694824219,93.26000213623047,92.52637481689453,6686800,SO
2025-07-11,92.8499984741211,93.0199966430664,92.2300033569336,92.66000366210938,91.93109130859375,5014900,SO
2025-07-14,92.62000274658203,93.29000091552734,92.12000274658203,92.68000030517578,91.95093536376953,7698600,SO
2025-07-15,92.55000305175781,93.0,91.87000274658203,92.47000122070312,91.74258422851562,5215600,SO
2025-07-16,92.37999725341797,93.44000244140625,92.26000213623047,93.30000305175781,92.56605529785156,4498100,SO
2025-07-17,93.0,93.80999755859375,92.77999877929688,93.33000183105469,92.59581756591797,4489200,SO
2025-07-18,93.52999877929688,94.62999725341797,93.37000274658203,94.0999984741211,93.3597640991211,4197800,SO
2025-07-21,94.26000213623047,95.29000091552734,94.1500015258789,94.79000091552734,94.0443344116211,4206800,SO
2025-07-22,95.12000274658203,96.44000244140625,94.80000305175781,95.8499984741211,95.09599304199219,3889500,SO
2025-07-23,95.75,95.94000244140625,94.56999969482422,95.12999725341797,94.38166046142578,4353400,SO
2025-07-24,95.16999816894531,95.69000244140625,94.93000030517578,95.0,94.252685546875,3904600,SO
2025-07-25,94.91000366210938,95.54000091552734,94.91000366210938,95.3499984741211,94.59992980957031,3069800,SO
2025-07-28,95.19999694824219,95.31999969482422,93.95999908447266,94.30000305175781,93.55818939208984,5481400,SO
2025-07-29,94.55000305175781,95.23999786376953,94.3499984741211,95.19999694824219,94.45110321044922,5217400,SO
2025-07-30,95.30000305175781,95.62000274658203,94.63999938964844,94.9000015258789,94.15347290039062,6808000,SO
2025-07-31,94.87999725341797,95.9000015258789,92.91000366210938,94.4800033569336,93.73677825927734,12682300,SO
2025-08-01,95.23999786376953,95.5199966430664,94.1500015258789,94.98999786376953,94.24275970458984,7496800,SO
2025-08-04,95.12000274658203,96.19999694824219,95.0199966430664,96.0,95.24481201171875,5838300,SO
2025-08-05,95.76000213623047,96.41999816894531,93.95999908447266,94.38999938964844,93.6474838256836,6033400,SO
2025-08-06,94.72000122070312,95.54000091552734,94.16999816894531,94.68000030517578,93.9352035522461,3656300,SO
2025-08-07,94.4000015258789,95.56999969482422,94.30999755859375,95.3499984741211,94.59992980957031,4162500,SO
2025-08-08,95.56999969482422,95.79000091552734,94.47000122070312,94.69000244140625,93.94512176513672,4148300,SO
2025-08-11,95.0199966430664,95.33999633789062,94.2300033569336,94.56999969482422,93.82606506347656,4313200,SO
2025-08-12,94.6500015258789,94.68000030517578,93.27999877929688,93.95999908447266,93.22086334228516,7908600,SO
2025-08-13,93.88999938964844,94.86000061035156,93.4000015258789,94.79000091552734,94.0443344116211,5478100,SO
2025-08-14,94.69999694824219,94.69999694824219,93.75,94.19000244140625,93.44905853271484,5252500,SO
2025-08-15,94.33000183105469,94.76000213623047,93.62999725341797,94.06999969482422,93.32999420166016,5698500,SO
2025-08-18,93.58000183105469,93.63999938964844,92.7699966430664,92.8499984741211,92.8499984741211,5070500,SO
2025-08-19,92.87999725341797,94.22000122070312,92.83999633789062,94.18000030517578,94.18000030517578,4691000,SO
2025-08-20,94.5,95.63999938964844,94.33000183105469,94.93000030517578,94.93000030517578,5556600,SO
2025-08-21,94.95999908447266,95.18000030517578,94.36000061035156,94.62000274658203,94.62000274658203,3294400,SO
2025-08-22,95.05999755859375,95.5,94.08000183105469,94.4800033569336,94.4800033569336,3304900,SO
2025-08-25,94.2300033569336,94.48999786376953,92.98999786376953,93.12999725341797,93.12999725341797,2559500,SO
2025-08-26,93.1500015258789,93.5,92.48999786376953,93.08999633789062,93.08999633789062,3699500,SO
2025-08-27,93.19000244140625,93.45999908447266,92.80999755859375,93.27999877929688,93.27999877929688,3089900,SO
2025-08-28,93.04000091552734,93.04000091552734,92.06999969482422,92.23999786376953,92.23999786376953,2797400,SO
2025-08-29,92.47000122070312,92.80999755859375,92.22000122070312,92.30000305175781,92.30000305175781,3227600,SO
2025-09-02,92.23999786376953,92.81999969482422,91.62999725341797,92.08999633789062,92.08999633789062,3467500,SO
2025-09-03,91.63999938964844,91.97000122070312,91.16999816894531,91.66000366210938,91.66000366210938,3481000,SO
2025-09-04,92.23999786376953,92.44000244140625,91.43000030517578,91.87000274658203,91.87000274658203,3468700,SO
2025-09-05,91.9800033569336,92.37999725341797,91.55000305175781,91.77999877929688,91.77999877929688,3166400,SO
2025-09-08,91.43000030517578,91.8499984741211,90.58999633789062,90.83000183105469,90.83000183105469,3712000,SO
2025-09-09,90.68000030517578,91.5,90.52999877929688,91.20999908447266,91.20999908447266,2889600,SO
2025-09-10,91.0999984741211,91.66999816894531,90.72000122070312,91.55999755859375,91.55999755859375,4309800,SO
2025-09-11,91.55000305175781,92.13999938964844,91.22000122070312,92.12999725341797,92.12999725341797,3701900,SO
2025-09-12,91.87999725341797,92.44000244140625,91.72000122070312,92.2699966430664,92.2699966430664,4076300,SO
2025-09-15,92.01000213623047,92.4000015258789,91.55999755859375,92.27999877929688,92.27999877929688,3922300,SO
2025-09-16,92.0999984741211,92.31999969482422,91.3499984741211,91.36000061035156,91.36000061035156,6625700,SO
2025-09-17,91.58999633789062,92.05999755859375,91.4000015258789,91.62999725341797,91.62999725341797,5065100,SO
2025-09-18,90.7699966430664,91.87999725341797,90.70999908447266,91.44999694824219,91.44999694824219,6073900,SO
2025-09-19,91.04000091552734,92.30000305175781,90.3499984741211,91.80000305175781,91.80000305175781,9381500,SO
2025-09-22,91.87999725341797,92.58000183105469,91.62999725341797,92.33000183105469,92.33000183105469,5569500,SO
2025-09-23,92.30000305175781,93.72000122070312,92.11000061035156,93.72000122070312,93.72000122070312,4413500,SO
2025-09-24,93.61000061035156,94.44000244140625,93.16000366210938,94.41000366210938,94.41000366210938,4826500,SO
2025-09-25,94.58999633789062,95.05999755859375,93.58000183105469,93.69000244140625,93.69000244140625,6968400,SO
2025-09-26,94.08000183105469,94.66999816894531,93.83000183105469,94.52999877929688,94.52999877929688,5203400,SO
2025-09-29,94.5,94.52999877929688,93.44999694824219,93.91000366210938,93.91000366210938,8002600,SO
2025-09-30,93.83000183105469,95.02999877929688,93.63999938964844,94.7699966430664,94.7699966430664,7481500,SO
2025-10-01,94.91999816894531,95.37999725341797,94.61000061035156,94.80000305175781,94.80000305175781,4625900,SO
2025-10-02,94.18000030517578,94.52999877929688,93.52999877929688,93.88999938964844,93.88999938964844,4436200,SO
2025-10-03,93.5,94.8499984741211,93.5,94.54000091552734,94.54000091552734,6022100,SO
2025-10-06,94.43000030517578,95.52999877929688,94.4000015258789,95.48999786376953,95.48999786376953,4870200,SO
2025-10-07,95.48999786376953,96.7699966430664,95.30000305175781,96.41999816894531,96.41999816894531,5607700,SO
2025-10-08,96.79000091552734,96.79000091552734,95.5,96.18000030517578,96.18000030517578,3700500,SO
2025-10-09,96.66000366210938,96.66000366210938,96.01000213623047,96.12999725341797,96.12999725341797,4113900,SO
2025-10-10,96.66000366210938,98.36000061035156,96.44999694824219,98.29000091552734,98.29000091552734,5296400,SO
2025-10-13,97.62000274658203,98.41999816894531,97.19000244140625,98.08000183105469,98.08000183105469,4261800,SO
2025-10-14,98.69999694824219,99.80999755859375,98.45999908447266,99.68000030517578,99.68000030517578,5343000,SO
2025-10-15,99.5999984741211,100.23999786376953,99.16999816894531,99.72000122070312,99.72000122070312,7287400,SO
2025-10-16,100.12000274658203,100.83999633789062,98.37999725341797,98.43000030517578,98.43000030517578,4927000,SO
2025-10-17,99.12000274658203,99.1500015258789,97.61000061035156,97.80000305175781,97.80000305175781,4916300,SO
2025-10-20,98.4000015258789,98.41000366210938,97.33999633789062,97.69000244140625,97.69000244140625,5044900,SO
2025-10-21,98.20999908447266,98.29000091552734,96.52999877929688,97.0,97.0,4582900,SO
2025-10-22,96.9800033569336,98.11000061035156,96.44000244140625,97.4800033569336,97.4800033569336,3438200,SO
2025-10-23,97.87000274658203,98.0,96.12000274658203,96.1500015258789,96.1500015258789,3194500,SO
