Date,Open,High,Low,Close,Adj Close,Volume,Ticker
2000-01-03,6.640625,6.757812976837158,6.617187976837158,6.71875,5.245026588439941,3431200,UNH
2000-01-04,6.671875,6.78125,6.617187976837158,6.632812976837158,5.1779398918151855,5997600,UNH
2000-01-05,6.640625,6.773437976837158,6.578125,6.617187976837158,5.165740489959717,10562400,UNH
2000-01-06,6.625,6.9375,6.609375,6.859375,5.354806423187256,15300000,UNH
2000-01-07,7.1875,7.6875,7.109375,7.664062976837158,5.98298978805542,16160800,UNH
2000-01-10,7.726562976837158,7.734375,7.476562976837158,7.53125,5.879307270050049,9336000,UNH
2000-01-11,7.375,7.664062976837158,7.335937976837158,7.546875,5.891506195068359,9988000,UNH
2000-01-12,7.484375,7.625,7.4375,7.476562976837158,5.836616516113281,6378400,UNH
2000-01-13,7.515625,7.742187976837158,7.476562976837158,7.710937976837158,6.019582271575928,6981600,UNH
2000-01-14,7.75,7.851562976837158,7.6875,7.703125,6.013484001159668,9292800,UNH
2000-01-18,7.53125,7.625,7.28125,7.375,5.757330417633057,5514400,UNH
2000-01-19,7.3125,7.554687976837158,7.3125,7.4375,5.806122779846191,7730400,UNH
2000-01-20,7.4375,7.625,7.3125,7.625,5.952495098114014,8457600,UNH
2000-01-21,7.625,7.625,7.21875,7.296875,5.6963419914245605,12880800,UNH
2000-01-24,7.171875,7.257812976837158,6.820312976837158,6.898437976837158,5.385300159454346,9503200,UNH
2000-01-25,6.9375,7.023437976837158,6.820312976837158,6.898437976837158,5.385300159454346,8416000,UNH
2000-01-26,6.8125,7.039062976837158,6.8125,6.882812976837158,5.373103141784668,8797600,UNH
2000-01-27,6.882812976837158,6.914062976837158,6.734375,6.773437976837158,5.287716865539551,9053600,UNH
2000-01-28,6.53125,6.828125,6.53125,6.578125,5.135245323181152,12754400,UNH
2000-01-31,6.578125,6.90625,6.570312976837158,6.625,5.171839714050293,4790400,UNH
2000-02-01,6.6875,6.929687976837158,6.640625,6.804687976837158,5.31211519241333,3984000,UNH
2000-02-02,6.859375,7.0625,6.859375,6.984375,5.452388286590576,6660000,UNH
2000-02-03,6.921875,7.0,6.882812976837158,6.921875,5.403596878051758,13720800,UNH
2000-02-04,6.953125,7.101562976837158,6.953125,7.09375,5.537773132324219,7199200,UNH
2000-02-07,7.0,7.3125,6.976562976837158,7.273437976837158,5.678046703338623,11616800,UNH
2000-02-08,7.0,7.140625,6.96875,7.0,5.464584827423096,8325600,UNH
2000-02-09,7.0625,7.085937976837158,6.71875,6.742187976837158,5.2633233070373535,7526400,UNH
2000-02-10,7.234375,7.554687976837158,7.132812976837158,7.234375,5.647549629211426,20888000,UNH
2000-02-11,7.140625,7.390625,6.984375,7.0,5.464584827423096,18896000,UNH
2000-02-14,7.078125,7.1875,7.046875,7.109375,5.549969673156738,7276000,UNH
2000-02-15,7.296875,7.679687976837158,7.28125,7.421875,5.7939229011535645,16885600,UNH
2000-02-16,7.460937976837158,7.8125,7.414062976837158,7.664062976837158,5.98298978805542,16412800,UNH
2000-02-17,7.75,8.085938453674316,7.734375,7.859375,6.135460376739502,12419200,UNH
2000-02-18,7.765625,7.8125,7.15625,7.234375,5.647549629211426,15170400,UNH
2000-02-22,7.25,7.453125,7.210937976837158,7.351562976837158,5.739035129547119,5828800,UNH
2000-02-23,7.28125,7.3125,7.109375,7.15625,5.586564540863037,9806400,UNH
2000-02-24,7.078125,7.09375,6.492187976837158,6.578125,5.135245323181152,13012000,UNH
2000-02-25,6.578125,6.609375,6.320312976837158,6.40625,5.001071453094482,9658400,UNH
2000-02-28,6.375,6.554687976837158,6.3125,6.429687976837158,5.019367694854736,8533600,UNH
2000-02-29,6.398437976837158,6.492187976837158,6.375,6.390625,4.98887300491333,7711200,UNH
2000-03-01,6.390625,6.921875,6.226562976837158,6.828125,5.3304123878479,12564800,UNH
2000-03-02,6.84375,6.875,6.5,6.5625,5.123048305511475,7538400,UNH
2000-03-03,6.554687976837158,6.914062976837158,6.507812976837158,6.804687976837158,5.31211519241333,3794400,UNH
2000-03-06,6.789062976837158,6.789062976837158,6.53125,6.5625,5.123048305511475,4090400,UNH
2000-03-07,6.4375,6.453125,6.109375,6.125,4.781512260437012,8610400,UNH
2000-03-08,6.109375,6.179687976837158,5.796875,5.953125,4.647336959838867,10363200,UNH
2000-03-09,5.953125,6.203125,5.890625,6.132812976837158,4.787610054016113,6700000,UNH
2000-03-10,6.125,6.375,6.070312976837158,6.359375,4.964478015899658,6710400,UNH
2000-03-13,6.125,6.3125,6.125,6.257812976837158,4.885192394256592,6282400,UNH
2000-03-14,6.234375,6.304687976837158,6.132812976837158,6.257812976837158,4.885192394256592,3949600,UNH
2000-03-15,6.210937976837158,6.46875,6.1875,6.429687976837158,5.019367694854736,12876000,UNH
2000-03-16,6.328125,6.648437976837158,6.21875,6.515625,5.086456775665283,11164000,UNH
2000-03-17,6.625,6.75,6.398437976837158,6.453125,5.037663459777832,9671200,UNH
2000-03-20,6.484375,6.671875,6.460937976837158,6.625,5.171839714050293,5468800,UNH
2000-03-21,6.625,6.796875,6.625,6.75,5.269420623779297,4168800,UNH
2000-03-22,6.71875,6.867187976837158,6.5,6.617187976837158,5.165740489959717,5897600,UNH
2000-03-23,6.5625,6.828125,6.53125,6.828125,5.3304123878479,6003200,UNH
2000-03-24,6.820312976837158,7.195312976837158,6.804687976837158,7.179687976837158,5.604861736297607,8687200,UNH
2000-03-27,7.101562976837158,7.109375,6.921875,6.96875,5.440190315246582,4664800,UNH
2000-03-28,6.875,7.023437976837158,6.867187976837158,6.921875,5.403596878051758,3800800,UNH
2000-03-29,6.929687976837158,6.992187976837158,6.8125,6.960937976837158,5.434092044830322,3594400,UNH
2000-03-30,6.953125,7.234375,6.945312976837158,7.15625,5.589574813842773,5237600,UNH
2000-03-31,7.15625,7.460937976837158,7.054687976837158,7.453125,5.821454048156738,7032800,UNH
2000-04-03,7.421875,7.8125,7.414062976837158,7.757812976837158,6.059440612792969,7430400,UNH
2000-04-04,7.75,7.75,7.21875,7.59375,5.931295871734619,8253600,UNH
2000-04-05,7.492187976837158,7.617187976837158,7.382812976837158,7.5,5.858070373535156,5006400,UNH
2000-04-06,7.492187976837158,7.75,7.453125,7.710937976837158,6.022827625274658,5516000,UNH
2000-04-07,7.695312976837158,7.726562976837158,7.53125,7.71875,6.028930187225342,5463200,UNH
2000-04-10,7.828125,8.03125,7.820312976837158,7.984375,6.236400604248047,7511200,UNH
2000-04-11,7.875,8.179688453674316,7.757812976837158,8.179688453674316,6.388957500457764,10399200,UNH
2000-04-12,8.125,8.609375,8.09375,8.484375,6.62693977355957,10133600,UNH
2000-04-13,8.523438453674316,8.570313453674316,7.914062976837158,8.296875,6.4804887771606445,13784000,UNH
2000-04-14,8.21875,8.21875,7.734375,7.992187976837158,6.242504596710205,5155200,UNH
2000-04-17,7.921875,8.070313453674316,7.71875,7.96875,6.224197864532471,5120800,UNH
2000-04-18,7.875,8.148438453674316,7.804687976837158,8.109375,6.334035873413086,4708000,UNH
2000-04-19,7.9375,8.21875,7.921875,8.085938453674316,6.315729141235352,5062400,UNH
2000-04-20,7.929687976837158,8.539063453674316,7.929687976837158,8.390625,6.553713321685791,9542400,UNH
2000-04-24,8.4375,8.71875,8.429688453674316,8.679688453674316,6.7794928550720215,5580000,UNH
2000-04-25,8.671875,8.671875,8.4375,8.53125,6.663552761077881,12896000,UNH
2000-04-26,8.5625,8.648438453674316,8.375,8.414063453674316,6.572023391723633,8431200,UNH
2000-04-27,8.46875,8.5625,8.359375,8.382813453674316,6.547611713409424,7212800,UNH
2000-04-28,8.5,8.5,8.273438453674316,8.335938453674316,6.511000156402588,5775200,UNH
2000-05-01,8.257813453674316,8.3125,8.0625,8.070313453674316,6.303525924682617,6320800,UNH
2000-05-02,8.125,8.140625,7.835937976837158,7.875,6.15097188949585,12139200,UNH
2000-05-03,7.8125,7.828125,7.53125,7.65625,5.980109691619873,15127200,UNH
2000-05-04,8.054688453674316,8.054688453674316,7.75,7.804687976837158,6.096053123474121,17708000,UNH
2000-05-05,7.929687976837158,7.984375,7.851562976837158,7.882812976837158,6.157073020935059,11467200,UNH
2000-05-08,7.882812976837158,8.28125,7.828125,8.25,6.443876266479492,8276000,UNH
2000-05-09,8.15625,8.53125,8.125,8.484375,6.62693977355957,8402400,UNH
2000-05-10,8.53125,8.75,8.46875,8.546875,6.675756931304932,10783200,UNH
2000-05-11,8.632813453674316,8.828125,8.59375,8.648438453674316,6.755087375640869,12660000,UNH
2000-05-12,8.757813453674316,8.960938453674316,8.648438453674316,8.921875,6.968660354614258,12364000,UNH
2000-05-15,9.0,9.375,9.0,9.328125,7.285971641540527,13902400,UNH
2000-05-16,9.6875,9.6875,9.320313453674316,9.453125,7.383607387542725,12806400,UNH
2000-05-17,9.359375,9.46875,9.28125,9.328125,7.285971641540527,8849600,UNH
2000-05-18,9.34375,9.820313453674316,9.335938453674316,9.6875,7.5666728019714355,13567200,UNH
2000-05-19,9.609375,9.679688453674316,9.453125,9.546875,7.456831455230713,8583200,UNH
2000-05-22,9.609375,9.695313453674316,9.320313453674316,9.539063453674316,7.450732231140137,7230400,UNH
2000-05-23,9.5,9.585938453674316,9.390625,9.429688453674316,7.365302562713623,6759200,UNH
2000-05-24,9.5625,9.90625,9.5625,9.734375,7.60328483581543,19460000,UNH
2000-05-25,9.75,9.851563453674316,9.539063453674316,9.570313453674316,7.475138187408447,22335200,UNH
2000-05-26,9.5,9.695313453674316,9.398438453674316,9.484375,7.408016204833984,6431200,UNH
2000-05-30,9.578125,9.804688453674316,9.484375,9.492188453674316,7.414118766784668,7100800,UNH
2000-05-31,9.507813453674316,9.5625,9.3125,9.320313453674316,7.279874801635742,7738400,UNH
2000-06-01,9.304688453674316,9.632813453674316,9.265625,9.5,7.420218467712402,9206400,UNH
2000-06-02,9.46875,9.539063453674316,9.320313453674316,9.359375,7.3103814125061035,7372800,UNH
2000-06-05,9.359375,9.53125,9.335938453674316,9.367188453674316,7.316483974456787,5560800,UNH
2000-06-06,9.34375,9.453125,9.0625,9.171875,7.163928985595703,8763200,UNH
2000-06-07,9.171875,9.335938453674316,9.140625,9.203125,7.18833589553833,7371200,UNH
2000-06-08,9.242188453674316,9.390625,9.226563453674316,9.25,7.224951267242432,6693600,UNH
2000-06-09,9.265625,9.71875,9.265625,9.617188453674316,7.511752605438232,4442400,UNH
2000-06-12,9.617188453674316,10.046875,9.5,9.98828125,7.8016037940979,11328000,UNH
2000-06-13,10.0,10.375,10.0,10.09375,7.883980751037598,18617600,UNH
2000-06-14,10.09375,10.414063453674316,10.03125,10.25,8.006026268005371,8972000,UNH
2000-06-15,10.257813453674316,10.390625,10.25,10.25,8.006026268005371,10037600,UNH
2000-06-16,10.234375,10.296875,10.03125,10.09375,7.883980751037598,9452000,UNH
2000-06-19,10.195313453674316,10.234375,9.992188453674316,10.0,7.810758590698242,8903200,UNH
2000-06-20,10.03125,10.234375,10.007813453674316,10.023438453674316,7.829067230224609,5228800,UNH
2000-06-21,9.984375,10.1875,9.921875,10.132813453674316,7.914495944976807,3891200,UNH
2000-06-22,10.101563453674316,10.359375,9.992188453674316,10.046875,7.847374439239502,8808800,UNH
2000-06-23,10.0625,10.109375,9.929688453674316,9.984375,7.798552513122559,5790400,UNH
2000-06-26,10.0,10.1875,9.96875,9.96875,7.786350727081299,8347200,UNH
2000-06-27,10.0625,10.085938453674316,9.90625,10.023438453674316,7.829067230224609,8472000,UNH
2000-06-28,10.046875,10.414063453674316,9.734375,10.314453125,8.056367874145508,8736000,UNH
2000-06-29,10.375,11.125,10.328125,10.75,8.396566390991211,19946400,UNH
2000-06-30,10.75,11.0,10.703125,10.71875,8.37215518951416,8524000,UNH
2000-07-03,10.679688453674316,11.007813453674316,10.664063453674316,11.007813453674316,8.597938537597656,4158400,UNH
2000-07-05,11.039063453674316,11.242188453674316,10.9375,11.125,8.689467430114746,7004800,UNH
2000-07-06,10.90625,11.492188453674316,10.882813453674316,11.46875,8.957965850830078,13102400,UNH
2000-07-07,11.375,11.429688453674316,11.078125,11.21875,8.762690544128418,12748000,UNH
2000-07-10,11.125,11.148438453674316,10.78125,10.921875,8.530817031860352,6252800,UNH
2000-07-11,10.921875,11.15625,10.90625,10.960938453674316,8.561323165893555,8452000,UNH
2000-07-12,10.960938453674316,11.289063453674316,10.929688453674316,11.15625,8.713879585266113,13590400,UNH
2000-07-13,11.03125,11.140625,10.65625,10.71875,8.37215518951416,9004000,UNH
2000-07-14,10.71875,10.8125,10.40625,10.5625,8.250114440917969,11498400,UNH
2000-07-17,10.5625,10.945313453674316,10.484375,10.867188453674316,8.488096237182617,8053600,UNH
2000-07-18,10.375,10.539063453674316,10.203125,10.40625,8.128071784973145,18284000,UNH
2000-07-19,10.5625,10.65625,10.46875,10.492188453674316,8.195194244384766,5704800,UNH
2000-07-20,10.5,10.664063453674316,10.328125,10.609375,8.286725997924805,4423200,UNH
2000-07-21,10.734375,10.75,10.515625,10.625,8.298928260803223,3734400,UNH
2000-07-24,10.5625,10.632813453674316,10.226563453674316,10.289063453674316,8.036537170410156,5619200,UNH
2000-07-25,10.289063453674316,10.304688453674316,9.84375,9.84375,7.68871545791626,10554400,UNH
2000-07-26,9.84375,9.992188453674316,9.765625,9.773438453674316,7.633796691894531,11900800,UNH
2000-07-27,9.796875,10.328125,9.796875,10.234375,7.993824005126953,11498400,UNH
2000-07-28,10.226563453674316,10.304688453674316,10.109375,10.148438453674316,7.926699638366699,4742400,UNH
2000-07-31,10.195313453674316,10.4375,10.148438453674316,10.226563453674316,7.987722873687744,5440000,UNH
2000-08-01,10.164063453674316,10.507813453674316,10.164063453674316,10.429688453674316,8.146376609802246,3895200,UNH
2000-08-02,10.3125,10.59375,10.226563453674316,10.453125,8.164687156677246,9508800,UNH
2000-08-03,10.34375,10.625,10.234375,10.617188453674316,8.292831420898438,12517600,UNH
2000-08-04,10.6875,11.0,10.6875,10.960938453674316,8.561323165893555,9188000,UNH
2000-08-07,11.03125,11.1875,10.992188453674316,10.992188453674316,8.585733413696289,6219200,UNH
2000-08-08,11.0625,11.085938453674316,10.859375,10.875,8.49420166015625,6905600,UNH
2000-08-09,10.875,11.015625,10.6875,10.984375,8.579629898071289,6224800,UNH
2000-08-10,10.96875,11.085938453674316,10.851563453674316,11.046875,8.628445625305176,4545600,UNH
2000-08-11,10.984375,11.5625,10.984375,11.53125,9.006782531738281,11681600,UNH
2000-08-14,11.5625,11.796875,11.5625,11.6875,9.128822326660156,7801600,UNH
2000-08-15,11.578125,11.65625,11.507813453674316,11.632813453674316,9.086112022399902,5898400,UNH
2000-08-16,11.671875,11.671875,11.453125,11.523438453674316,9.000679969787598,3748800,UNH
2000-08-17,11.460938453674316,11.828125,11.460938453674316,11.601563453674316,9.061697006225586,4786400,UNH
2000-08-18,11.609375,11.609375,11.28125,11.421875,8.921351432800293,8038400,UNH
2000-08-21,11.421875,11.554688453674316,11.390625,11.476563453674316,8.964067459106445,4527200,UNH
2000-08-22,11.46875,11.765625,11.46875,11.6875,9.128822326660156,4323200,UNH
2000-08-23,11.671875,11.679688453674316,11.351563453674316,11.421875,8.921351432800293,5681600,UNH
2000-08-24,11.453125,11.539063453674316,11.375,11.40625,8.909148216247559,4443200,UNH
2000-08-25,11.382813453674316,11.40625,11.15625,11.21875,8.762690544128418,8910400,UNH
2000-08-28,11.25,11.359375,11.21875,11.25,8.787100791931152,4236000,UNH
2000-08-29,11.296875,11.507813453674316,11.289063453674316,11.34375,8.860328674316406,4428000,UNH
2000-08-30,11.34375,11.375,11.25,11.328125,8.848126411437988,4172800,UNH
2000-08-31,11.3125,11.984375,11.304688453674316,11.814453125,9.227984428405762,6971200,UNH
2000-09-01,11.875,11.9375,11.671875,11.742188453674316,9.171539306640625,4242400,UNH
2000-09-05,11.75,11.859375,11.554688453674316,11.796875,9.214256286621094,3391200,UNH
2000-09-06,11.625,11.71875,11.5625,11.5625,9.031189918518066,6530400,UNH
2000-09-07,11.5625,11.617188453674316,11.453125,11.476563453674316,8.964067459106445,4832800,UNH
2000-09-08,11.296875,11.429688453674316,11.296875,11.3125,8.835921287536621,5390400,UNH
2000-09-11,11.3125,11.742188453674316,11.3125,11.6875,9.128822326660156,6009600,UNH
2000-09-12,11.8125,12.039063453674316,11.40625,11.429688453674316,8.927450180053711,7288000,UNH
2000-09-13,11.320313453674316,11.507813453674316,11.210938453674316,11.4375,8.933551788330078,8502400,UNH
2000-09-14,11.679688453674316,11.953125,11.65625,11.8125,9.226457595825195,7286400,UNH
2000-09-15,11.796875,11.953125,11.460938453674316,11.585938453674316,9.0494966506958,7742400,UNH
2000-09-18,11.578125,11.671875,11.382813453674316,11.398438453674316,8.903042793273926,7361600,UNH
2000-09-19,11.585938453674316,11.96875,11.515625,11.789063453674316,9.208151817321777,7596800,UNH
2000-09-20,11.710938453674316,11.75,11.445313453674316,11.539063453674316,9.012882232666016,5052800,UNH
2000-09-21,11.703125,11.898438453674316,11.695313453674316,11.804688453674316,9.220356941223145,5604800,UNH
2000-09-22,11.804688453674316,12.28125,11.734375,12.226563453674316,9.549872398376465,15180800,UNH
2000-09-25,12.25,12.53125,12.039063453674316,12.164063453674316,9.501057624816895,6460800,UNH
2000-09-26,12.0,12.273438453674316,11.953125,12.179688453674316,9.51325798034668,4830400,UNH
2000-09-27,12.234375,12.40625,12.210938453674316,12.25,9.568181991577148,9971200,UNH
2000-09-28,12.3125,12.492188453674316,12.265625,12.429688453674316,9.708531379699707,10519200,UNH
2000-09-29,12.445313453674316,12.640625,12.328125,12.34375,9.64140510559082,8254400,UNH
2000-10-02,12.375,13.28125,12.15625,13.242188453674316,10.343153953552246,10532800,UNH
2000-10-03,13.125,13.492188453674316,12.984375,13.164063453674316,10.28213119506836,8753600,UNH
2000-10-04,12.984375,13.34375,12.78125,12.820313453674316,10.01363468170166,7397600,UNH
2000-10-05,12.757813453674316,13.25,12.726563453674316,13.101563453674316,10.233309745788574,8195200,UNH
2000-10-06,13.109375,13.125,12.765625,12.867188453674316,10.050248146057129,5328000,UNH
2000-10-09,12.867188453674316,13.007813453674316,12.765625,12.875,10.056352615356445,4176000,UNH
2000-10-10,12.953125,13.429688453674316,12.929688453674316,13.234375,10.337050437927246,12500000,UNH
2000-10-11,13.078125,13.382813453674316,12.929688453674316,13.1875,10.30043888092041,13369600,UNH
2000-10-12,13.21875,13.3125,12.59375,12.6875,9.909895896911621,10779200,UNH
2000-10-13,12.703125,13.078125,12.703125,12.984375,10.1417818069458,6508000,UNH
2000-10-16,13.171875,13.625,13.171875,13.617188453674316,10.636053085327148,15316000,UNH
2000-10-17,14.0,14.0,13.28125,13.351563453674316,10.428581237792969,11013600,UNH
2000-10-18,13.257813453674316,13.265625,13.085938453674316,13.101563453674316,10.233309745788574,18152000,UNH
2000-10-19,13.101563453674316,13.203125,12.789063453674316,13.070313453674316,10.208904266357422,10554400,UNH
2000-10-20,13.015625,13.226563453674316,12.9375,13.164063453674316,10.28213119506836,8279200,UNH
2000-10-23,13.085938453674316,13.25,12.976563453674316,13.070313453674316,10.208904266357422,4642400,UNH
2000-10-24,13.078125,13.492188453674316,13.078125,13.328125,10.410279273986816,8260000,UNH
2000-10-25,13.125,13.453125,12.914063453674316,13.0625,10.202801704406738,18965600,UNH
2000-10-26,13.1875,13.554688453674316,13.1875,13.429688453674316,10.489603042602539,13609600,UNH
2000-10-27,13.65625,13.90625,13.5625,13.710938453674316,10.709280967712402,13244000,UNH
2000-10-30,13.9375,14.625,13.84375,14.5,11.325597763061523,16620000,UNH
2000-10-31,14.328125,14.390625,13.601563453674316,13.671875,10.67877197265625,14316800,UNH
2000-11-01,13.679688453674316,13.6875,13.109375,13.265625,10.36146068572998,15431200,UNH
2000-11-02,13.453125,13.5,13.03125,13.03125,10.17839527130127,9264800,UNH
2000-11-03,13.140625,13.453125,13.109375,13.265625,10.36146068572998,9104000,UNH
2000-11-06,13.375,13.6875,13.296875,13.632813453674316,10.648258209228516,16323200,UNH
2000-11-07,13.632813453674316,13.640625,13.359375,13.59375,10.617749214172363,11733600,UNH
2000-11-08,13.75,14.125,13.710938453674316,13.8125,10.788609504699707,7455200,UNH
2000-11-09,13.71875,14.226563453674316,13.695313453674316,14.203125,11.093718528747559,16479200,UNH
2000-11-10,14.125,14.3125,14.09375,14.125,11.032694816589355,7906400,UNH
2000-11-13,14.1875,14.1875,13.546875,13.742188453674316,10.733689308166504,12493600,UNH
2000-11-14,13.835938453674316,14.359375,13.664063453674316,14.164063453674316,11.063204765319824,11344000,UNH
2000-11-15,14.375,14.515625,14.257813453674316,14.367188453674316,11.221866607666016,15515200,UNH
2000-11-16,14.4375,14.742188453674316,14.375,14.40625,11.252373695373535,9970400,UNH
2000-11-17,14.375,14.734375,14.328125,14.429688453674316,11.270684242248535,10740000,UNH
2000-11-20,14.25,14.578125,14.164063453674316,14.375,11.227961540222168,18385600,UNH
2000-11-21,14.375,14.539063453674316,14.320313453674316,14.40625,11.252373695373535,8228000,UNH
2000-11-22,14.296875,14.304688453674316,13.796875,14.085938453674316,11.002185821533203,14561600,UNH
2000-11-24,14.171875,14.546875,14.09375,14.382813453674316,11.234068870544434,4035200,UNH
2000-11-27,14.304688453674316,14.546875,13.976563453674316,14.40625,11.252373695373535,13892800,UNH
2000-11-28,14.609375,14.9375,14.46875,14.546875,11.362212181091309,11324000,UNH
2000-11-29,14.4375,14.828125,14.398438453674316,14.78125,11.54527473449707,8297600,UNH
2000-11-30,14.820313453674316,15.054688453674316,14.609375,14.664063453674316,11.453744888305664,11784000,UNH
2000-12-01,14.648438453674316,14.734375,14.382813453674316,14.5,11.325597763061523,9815200,UNH
2000-12-04,14.546875,14.875,14.375,14.609375,11.411035537719727,6685600,UNH
2000-12-05,14.734375,15.195313453674316,14.6875,14.796875,11.557479858398438,7825600,UNH
2000-12-06,14.765625,15.117188453674316,14.59375,14.71875,11.496460914611816,10204800,UNH
2000-12-07,14.78125,14.984375,14.359375,14.59375,11.398822784423828,6588000,UNH
2000-12-08,14.8125,15.0625,14.6875,14.90625,11.642908096313477,7756800,UNH
2000-12-11,14.90625,15.203125,14.90625,15.054688453674316,11.758853912353516,8472800,UNH
2000-12-12,14.90625,14.90625,14.71875,14.789063453674316,11.551382064819336,6848000,UNH
2000-12-13,15.117188453674316,15.125,14.679688453674316,14.765625,11.533075332641602,9902400,UNH
2000-12-14,14.5625,14.726563453674316,14.226563453674316,14.414063453674316,11.258476257324219,10673600,UNH
2000-12-15,14.6875,14.898438453674316,14.625,14.6875,11.472047805786133,18532800,UNH
2000-12-18,14.65625,15.3125,14.515625,15.109375,11.801568984985352,8542400,UNH
2000-12-19,14.8125,14.929688453674316,14.421875,14.632813453674316,11.429339408874512,11905600,UNH
2000-12-20,14.3125,15.054688453674316,14.296875,14.734375,11.508660316467285,11152800,UNH
2000-12-21,14.96875,15.09375,14.796875,15.085938453674316,11.783262252807617,7305600,UNH
2000-12-22,15.140625,15.226563453674316,14.765625,14.9375,11.667318344116211,6125600,UNH
2000-12-26,14.9375,15.375,14.75,15.3125,11.960219383239746,4935600,UNH
2000-12-27,15.28125,15.375,14.78125,15.21875,11.887001037597656,5977600,UNH
2000-12-28,15.25,15.65625,15.03125,15.625,12.204305648803711,5698800,UNH
2000-12-29,15.8125,15.859375,15.328125,15.34375,11.984628677368164,3029200,UNH
2001-01-02,15.375,15.546875,14.53125,14.734375,11.508660316467285,4878000,UNH
2001-01-03,14.984375,15.15625,14.25,14.296875,11.166945457458496,7880400,UNH
2001-01-04,14.3125,14.59375,13.203125,13.296875,10.385870933532715,25899600,UNH
2001-01-05,13.546875,13.8125,13.390625,13.484375,10.532318115234375,8884800,UNH
2001-01-08,13.4375,13.859375,13.34375,13.4375,10.49570369720459,6092000,UNH
2001-01-09,13.59375,13.8125,13.359375,13.578125,10.60554313659668,5587200,UNH
2001-01-10,13.578125,14.296875,13.578125,14.125,11.032694816589355,7573200,UNH
2001-01-11,13.875,14.078125,13.59375,13.84375,10.813021659851074,8792800,UNH
2001-01-12,13.734375,13.890625,13.4375,13.546875,10.581132888793945,6419200,UNH
2001-01-16,13.546875,13.859375,13.3125,13.421875,10.483502388000488,8226800,UNH
2001-01-17,13.46875,13.59375,13.0,13.171875,10.288235664367676,11669600,UNH
2001-01-18,13.171875,13.296875,12.84375,13.0625,10.202801704406738,10007200,UNH
2001-01-19,13.0625,13.1875,12.625,12.890625,10.06855583190918,13198000,UNH
2001-01-22,13.25,13.953125,13.1875,13.828125,10.800814628601074,10538000,UNH
2001-01-23,13.828125,14.6875,13.828125,14.625,11.423235893249512,10196800,UNH
2001-01-24,14.46875,14.984375,14.296875,14.921875,11.65511417388916,5084800,UNH
2001-01-25,14.921875,15.171875,14.828125,15.125,11.813773155212402,8775200,UNH
2001-01-26,15.0,15.25,14.828125,14.953125,11.679524421691895,4901600,UNH
2001-01-29,14.952500343322754,14.952500343322754,14.654999732971191,14.6899995803833,11.47400188446045,4058800,UNH
2001-01-30,14.457500457763672,14.494999885559082,14.15999984741211,14.270000457763672,11.145953178405762,8954000,UNH
2001-01-31,14.1875,14.1875,13.729999542236328,14.102499961853027,11.015122413635254,7565600,UNH
2001-02-01,14.199999809265137,14.475000381469727,13.975000381469727,14.1850004196167,11.079560279846191,8748000,UNH
2001-02-02,14.975000381469727,15.517499923706055,14.962499618530273,15.274999618530273,11.93093490600586,18066800,UNH
2001-02-05,15.2475004196167,15.635000228881836,15.164999961853027,15.602499961853027,12.186738967895508,9640000,UNH
2001-02-06,15.712499618530273,15.744999885559082,15.225000381469727,15.225000381469727,11.891880989074707,9046400,UNH
2001-02-07,15.475000381469727,16.09000015258789,15.46500015258789,15.467499732971191,12.081286430358887,9883200,UNH
2001-02-08,15.487500190734863,15.5,15.140000343322754,15.225000381469727,11.891880989074707,8996800,UNH
2001-02-09,14.850000381469727,14.962499618530273,14.5625,14.637499809265137,11.43299388885498,9462800,UNH
2001-02-12,14.837499618530273,15.1225004196167,14.507499694824219,14.779999732971191,11.544300079345703,10798000,UNH
2001-02-13,15.1875,15.1875,14.632499694824219,14.647500038146973,11.44080924987793,6012400,UNH
2001-02-14,14.975000381469727,15.017499923706055,14.22249984741211,14.25,11.130332946777344,7660000,UNH
2001-02-15,14.5625,14.699999809265137,14.0600004196167,14.0625,10.983880996704102,11206400,UNH
2001-02-16,14.0625,14.449999809265137,14.0625,14.227499961853027,11.11275863647461,7935200,UNH
2001-02-20,14.587499618530273,14.625,13.8125,14.149999618530273,11.052223205566406,7041200,UNH
2001-02-21,14.375,14.404999732971191,13.977499961853027,14.119999885559082,11.028789520263672,7615200,UNH
2001-02-22,14.225000381469727,14.237500190734863,13.5024995803833,13.765000343322754,10.751507759094238,8439600,UNH
2001-02-23,13.774999618530273,13.774999618530273,13.242500305175781,13.582500457763672,10.608963966369629,7837600,UNH
2001-02-26,13.819999694824219,14.25,13.675000190734863,14.047499656677246,10.972159385681152,7338400,UNH
2001-02-27,14.324999809265137,14.649999618530273,14.177499771118164,14.352499961853027,11.210392951965332,8135200,UNH
2001-02-28,14.5,14.8725004196167,14.487500190734863,14.807499885559082,11.565779685974121,7023200,UNH
2001-03-01,15.0,15.125,14.382499694824219,14.7475004196167,11.518915176391602,10278400,UNH
2001-03-02,14.837499618530273,15.2475004196167,14.725000381469727,15.197500228881836,11.870402336120605,6264400,UNH
2001-03-05,15.197500228881836,15.197500228881836,14.699999809265137,15.0,11.716140747070312,6898800,UNH
2001-03-06,15.050000190734863,15.162500381469727,14.824999809265137,15.1274995803833,11.81572151184082,6894000,UNH
2001-03-07,15.125,15.25,15.037500381469727,15.125,11.813773155212402,6291600,UNH
2001-03-08,15.112500190734863,15.494999885559082,15.09749984741211,15.375,12.009037971496582,5147600,UNH
2001-03-09,15.4375,15.5,15.180000305175781,15.2475004196167,11.909454345703125,5487200,UNH
2001-03-12,15.050000190734863,15.149999618530273,14.774999618530273,14.914999961853027,11.649746894836426,5508400,UNH
2001-03-13,14.9375,14.994999885559082,14.52750015258789,14.725000381469727,11.501341819763184,9993200,UNH
2001-03-14,14.625,14.875,14.462499618530273,14.524999618530273,11.345124244689941,6459600,UNH
2001-03-15,14.524999618530273,14.699999809265137,14.412500381469727,14.477499961853027,11.308026313781738,5696400,UNH
2001-03-16,14.462499618530273,14.46500015258789,13.912500381469727,13.954999923706055,10.899914741516113,10479200,UNH
2001-03-19,14.037500381469727,14.324999809265137,13.800000190734863,14.1875,11.081513404846191,7978400,UNH
2001-03-20,14.175000190734863,14.52750015258789,14.074999809265137,14.1875,11.081513404846191,5508400,UNH
2001-03-21,13.9375,14.087499618530273,13.550000190734863,13.574999809265137,10.603102684020996,12255200,UNH
2001-03-22,13.625,13.675000190734863,12.637499809265137,13.175000190734863,10.290677070617676,17008000,UNH
2001-03-23,13.369999885559082,13.805000305175781,13.242500305175781,13.625,10.642160415649414,8599600,UNH
2001-03-26,13.6875,14.337499618530273,13.6875,14.024999618530273,10.954584121704102,5816000,UNH
2001-03-27,14.087499618530273,14.1875,14.037500381469727,14.085000038146973,11.00145149230957,9350000,UNH
2001-03-28,14.0625,14.369999885559082,13.962499618530273,14.024999618530273,10.954584121704102,10938800,UNH
2001-03-29,14.125,14.4975004196167,14.100000381469727,14.447500228881836,11.290632247924805,6665200,UNH
2001-03-30,14.625,14.925000190734863,14.539999961853027,14.8149995803833,11.577828407287598,11462400,UNH
2001-04-02,14.8149995803833,15.0,14.555000305175781,14.625,11.42934799194336,7739600,UNH
2001-04-03,14.75,14.949999809265137,14.5,14.557499885559082,11.376594543457031,9202000,UNH
2001-04-04,14.574999809265137,15.119999885559082,14.475000381469727,14.96500015258789,11.695053100585938,8889200,UNH
2001-04-05,15.22249984741211,15.25,14.962499618530273,15.0,11.722408294677734,15155600,UNH
2001-04-06,15.0,15.050000190734863,14.557499885559082,14.734999656677246,11.515313148498535,7660800,UNH
2001-04-09,14.875,14.987500190734863,14.787500381469727,14.944999694824219,11.679424285888672,6402800,UNH
2001-04-10,14.375,14.9375,14.125,14.787500381469727,11.5563383102417,21452800,UNH
2001-04-11,14.6274995803833,14.800000190734863,14.324999809265137,14.454999923706055,11.296492576599121,10278400,UNH
2001-04-12,14.454999923706055,14.824999809265137,14.4375,14.607500076293945,11.415670394897461,6153200,UNH
2001-04-16,14.797499656677246,14.984999656677246,14.397500038146973,14.557499885559082,11.376594543457031,6614000,UNH
2001-04-17,14.524999618530273,15.017499923706055,14.494999885559082,14.760000228881836,11.534847259521484,8026800,UNH
2001-04-18,14.762499809265137,15.172499656677246,14.725000381469727,15.170000076293945,11.85525894165039,12273200,UNH
2001-04-19,15.170000076293945,15.2475004196167,15.0024995803833,15.100000381469727,11.800552368164062,7152800,UNH
2001-04-20,15.050000190734863,15.137499809265137,14.9375,15.052499771118164,11.763436317443848,6340000,UNH
2001-04-23,15.182499885559082,15.5,14.899999618530273,14.9350004196167,11.671603202819824,7620800,UNH
2001-04-24,15.007499694824219,15.232500076293945,15.0,15.1899995803833,11.870888710021973,4900400,UNH
2001-04-25,15.1899995803833,15.850000381469727,15.0625,15.75,12.308524131774902,7560000,UNH
2001-04-26,15.899999618530273,16.3125,15.757499694824219,16.217500686645508,12.673874855041504,10723200,UNH
2001-04-27,16.5625,16.850000381469727,16.15250015258789,16.30500030517578,12.742253303527832,12341200,UNH
2001-04-30,16.375,16.600000381469727,16.1875,16.3700008392334,12.79305362701416,7725200,UNH
2001-05-01,16.137500762939453,16.575000762939453,16.137500762939453,16.540000915527344,12.925907135009766,7168400,UNH
2001-05-02,16.25,16.252500534057617,15.800000190734863,15.800000190734863,12.347602844238281,21074800,UNH
2001-05-03,15.5,15.802499771118164,15.369999885559082,15.399999618530273,12.034998893737793,15918000,UNH
2001-05-04,15.227499961853027,15.354999542236328,14.949999809265137,15.287500381469727,11.947087287902832,14088400,UNH
2001-05-07,15.25,15.282500267028809,15.0600004196167,15.199999809265137,11.878704071044922,6767600,UNH
2001-05-08,15.149999618530273,15.149999618530273,14.635000228881836,14.77750015258789,11.548523902893066,10938400,UNH
2001-05-09,14.712499618530273,15.087499618530273,14.640000343322754,14.800000190734863,11.566104888916016,11662000,UNH
2001-05-10,14.800000190734863,14.862500190734863,14.3125,14.354999542236328,11.218340873718262,14080800,UNH
2001-05-11,14.649999618530273,14.742500305175781,14.335000038146973,14.612500190734863,11.419576644897461,6279600,UNH
2001-05-14,14.762499809265137,14.925000190734863,14.625,14.787500381469727,11.5563383102417,4814000,UNH
2001-05-15,14.787500381469727,15.050000190734863,14.699999809265137,14.819999694824219,11.581737518310547,6251200,UNH
2001-05-16,14.625,15.3125,14.600000381469727,15.192500114440918,11.872840881347656,5676800,UNH
2001-05-17,14.824999809265137,14.850000381469727,14.375,14.592499732971191,11.403949737548828,13045200,UNH
2001-05-18,14.399999618530273,14.574999809265137,14.012499809265137,14.180000305175781,11.08157730102539,14292000,UNH
2001-05-21,13.989999771118164,14.262499809265137,13.7524995803833,13.869999885559082,10.839319229125977,14784000,UNH
2001-05-22,13.875,13.912500381469727,13.375,13.574999809265137,10.608772277832031,22848400,UNH
2001-05-23,13.125,13.412500381469727,13.125,13.257499694824219,10.360654830932617,27742800,UNH
2001-05-24,13.274999618530273,13.869999885559082,13.225000381469727,13.824999809265137,10.80414867401123,21636000,UNH
2001-05-25,13.524999618530273,13.800000190734863,13.524999618530273,13.612500190734863,10.638080596923828,10410000,UNH
2001-05-29,13.787500381469727,13.795000076293945,13.274999618530273,13.449999809265137,10.511091232299805,9436800,UNH
2001-05-30,13.512499809265137,13.97249984741211,13.462499618530273,13.805000305175781,10.788524627685547,13345200,UNH
2001-05-31,14.125,14.484999656677246,13.962499618530273,14.375,11.233967781066895,14947200,UNH
2001-06-01,14.3125,14.319999694824219,13.97249984741211,14.175000190734863,11.077672004699707,9252800,UNH
2001-06-04,14.175000190734863,14.3125,13.992500305175781,14.1899995803833,11.089396476745605,6000400,UNH
2001-06-05,14.1875,14.3725004196167,14.055000305175781,14.279999732971191,11.15972900390625,8168800,UNH
2001-06-06,14.3125,14.720000267028809,14.204999923706055,14.600000381469727,11.409808158874512,9837200,UNH
2001-06-07,14.600000381469727,14.75,14.262499809265137,14.444999694824219,11.288678169250488,5886400,UNH
2001-06-08,14.447500228881836,14.649999618530273,14.357500076293945,14.557499885559082,11.376594543457031,4761200,UNH
2001-06-11,14.550000190734863,14.550000190734863,14.0625,14.177499771118164,11.079628944396973,7986400,UNH
2001-06-12,14.177499771118164,14.300000190734863,13.875,14.199999809265137,11.097211837768555,7834400,UNH
2001-06-13,14.324999809265137,14.492500305175781,14.210000038146973,14.399999618530273,11.253512382507324,5786800,UNH
2001-06-14,14.517499923706055,14.675000190734863,14.375,14.545000076293945,11.366825103759766,8593200,UNH
2001-06-15,14.324999809265137,14.412500381469727,14.197500228881836,14.28499984741211,11.163640975952148,8583600,UNH
2001-06-18,14.300000190734863,14.649999618530273,14.255000114440918,14.600000381469727,11.409808158874512,7112400,UNH
2001-06-19,14.850000381469727,14.850000381469727,14.3774995803833,14.507499694824219,11.337520599365234,4019200,UNH
2001-06-20,14.532500267028809,14.899999618530273,14.399999618530273,14.699999809265137,11.487958908081055,5333600,UNH
2001-06-21,14.850000381469727,15.287500381469727,14.819999694824219,15.140000343322754,11.831816673278809,8900800,UNH
2001-06-22,14.925000190734863,15.392499923706055,14.899999618530273,15.292499542236328,11.950992584228516,7057200,UNH
2001-06-25,15.425000190734863,15.6225004196167,15.399999618530273,15.572500228881836,12.169809341430664,7188400,UNH
2001-06-26,15.352499961853027,15.539999961853027,15.352499961853027,15.4375,12.064313888549805,5282000,UNH
2001-06-27,15.399999618530273,15.8725004196167,15.397500038146973,15.725000381469727,12.288991928100586,7210000,UNH
2001-06-28,15.654999732971191,15.795000076293945,15.515000343322754,15.637499809265137,12.220605850219727,8438800,UNH
2001-06-29,15.637499809265137,15.734999656677246,15.335000038146973,15.4375,12.064313888549805,10572800,UNH
2001-07-02,15.494999885559082,15.729999542236328,15.3125,15.614999771118164,12.20302677154541,6340400,UNH
2001-07-03,15.612500190734863,15.662500381469727,15.512499809265137,15.569999694824219,12.16785717010498,5186000,UNH
2001-07-05,15.25,15.537500381469727,15.25,15.477499961853027,12.095571517944336,8037600,UNH
2001-07-06,15.479999542236328,15.522500038146973,15.375,15.479999542236328,12.097522735595703,9109600,UNH
2001-07-09,15.649999618530273,15.949999809265137,15.550000190734863,15.875,12.40621566772461,11081600,UNH
2001-07-10,15.725000381469727,15.899999618530273,15.6274995803833,15.725000381469727,12.288991928100586,4155600,UNH
2001-07-11,15.7475004196167,15.992500305175781,15.704999923706055,15.869999885559082,12.402305603027344,5451200,UNH
2001-07-12,15.774999618530273,16.292499542236328,15.635000228881836,16.267499923706055,12.71295166015625,6953600,UNH
2001-07-13,16.25,16.497499465942383,16.219999313354492,16.447500228881836,12.853619575500488,7370000,UNH
2001-07-16,16.434999465942383,16.434999465942383,15.949999809265137,16.174999237060547,12.640660285949707,10996400,UNH
2001-07-17,16.270000457763672,16.5,16.190000534057617,16.4950008392334,12.890740394592285,6964400,UNH
2001-07-18,16.5,16.732500076293945,16.399999618530273,16.59000015258789,12.964978218078613,4762000,UNH
2001-07-19,16.737499237060547,16.852500915527344,16.55500030517578,16.657499313354492,13.017729759216309,5118000,UNH
2001-07-20,16.582500457763672,16.774999618530273,16.28499984741211,16.454999923706055,12.859479904174805,4970000,UNH
2001-07-23,16.625,16.8125,16.360000610351562,16.4375,12.845803260803223,3278000,UNH
2001-07-24,16.375,16.5,16.087499618530273,16.252500534057617,12.701227188110352,3979200,UNH
2001-07-25,16.0,16.237499237060547,15.824999809265137,16.114999771118164,12.593771934509277,5373200,UNH
2001-07-26,16.114999771118164,16.405000686645508,16.0625,16.252500534057617,12.701227188110352,3200800,UNH
2001-07-27,16.375,16.5625,15.920000076293945,16.25,12.699272155761719,7972800,UNH
2001-07-30,16.309999465942383,16.940000534057617,16.302499771118164,16.637500762939453,13.002104759216309,9415600,UNH
2001-07-31,16.700000762939453,17.0,16.5575008392334,16.854999542236328,13.172075271606445,5433600,UNH
2001-08-01,16.5,16.875,16.162500381469727,16.25,12.699272155761719,13364400,UNH
2001-08-02,16.450000762939453,16.592500686645508,15.765000343322754,15.987500190734863,12.494128227233887,10416400,UNH
2001-08-03,16.1875,16.1875,15.7524995803833,16.072500228881836,12.560563087463379,3914800,UNH
2001-08-06,16.0,16.059999465942383,15.832500457763672,15.880000114440918,12.410123825073242,2504800,UNH
2001-08-07,15.975000381469727,16.122499465942383,15.899999618530273,16.094999313354492,12.578141212463379,3202800,UNH
2001-08-08,16.094999313354492,16.22249984741211,15.862500190734863,15.917499542236328,12.43942928314209,3197600,UNH
2001-08-09,15.854999542236328,16.075000762939453,15.6875,15.90999984741211,12.433565139770508,4291600,UNH
2001-08-10,15.887499809265137,16.177499771118164,15.875,16.094999313354492,12.578141212463379,2673200,UNH
2001-08-13,16.217500686645508,16.427499771118164,16.15250015258789,16.3174991607666,12.752023696899414,3058800,UNH
2001-08-14,16.342500686645508,16.487499237060547,16.217500686645508,16.375,12.796956062316895,2083600,UNH
2001-08-15,16.325000762939453,16.487499237060547,16.3174991607666,16.350000381469727,12.777422904968262,3250400,UNH
2001-08-16,16.350000381469727,16.655000686645508,16.299999237060547,16.600000381469727,12.972797393798828,3902400,UNH
2001-08-17,16.450000762939453,16.677499771118164,16.27750015258789,16.405000686645508,12.820405960083008,3858000,UNH
2001-08-20,16.405000686645508,16.6200008392334,16.299999237060547,16.522499084472656,12.912227630615234,2973600,UNH
2001-08-21,16.584999084472656,16.809999465942383,16.565000534057617,16.684999465942383,13.039219856262207,3092400,UNH
2001-08-22,16.625,16.897499084472656,16.577499389648438,16.844999313354492,13.164260864257812,6982400,UNH
2001-08-23,16.934999465942383,17.1875,16.8799991607666,17.1875,13.43191909790039,8267200,UNH
2001-08-24,17.3125,17.325000762939453,17.002500534057617,17.02750015258789,13.306883811950684,5888000,UNH
2001-08-27,17.02750015258789,17.322500228881836,17.02750015258789,17.125,13.383086204528809,3996000,UNH
2001-08-28,17.2450008392334,17.36750030517578,17.075000762939453,17.232500076293945,13.467090606689453,5410400,UNH
2001-08-29,17.362499237060547,17.387500762939453,17.209999084472656,17.3125,13.529610633850098,7060800,UNH
2001-08-30,17.36750030517578,17.5,17.107500076293945,17.1825008392334,13.428018569946289,15083600,UNH
2001-08-31,17.1825008392334,17.225000381469727,16.832500457763672,17.014999389648438,13.297115325927734,7135600,UNH
2001-09-04,17.014999389648438,17.100000381469727,16.94499969482422,16.997499465942383,13.283441543579102,7621600,UNH
2001-09-05,16.975000381469727,17.25,16.975000381469727,17.075000762939453,13.344005584716797,7783600,UNH
2001-09-06,17.077499389648438,17.077499389648438,16.712499618530273,16.71500015258789,13.062668800354004,11350400,UNH
2001-09-07,16.5,16.575000762939453,16.162500381469727,16.325000762939453,12.757890701293945,9340000,UNH
2001-09-10,16.350000381469727,16.65999984741211,16.325000762939453,16.600000381469727,12.972797393798828,6265600,UNH
2001-09-17,16.5,16.5,16.00749969482422,16.127500534057617,12.603541374206543,7342800,UNH
2001-09-18,16.137500762939453,16.137500762939453,15.595000267028809,15.625,12.210836410522461,10604400,UNH
2001-09-19,15.862500190734863,15.949999809265137,15.225000381469727,15.4375,12.064313888549805,11763200,UNH
2001-09-20,15.4375,15.6225004196167,15.324999809265137,15.352499961853027,11.997885704040527,11702000,UNH
2001-09-21,14.899999618530273,15.125,14.699999809265137,14.987500190734863,11.712639808654785,9954400,UNH
2001-09-24,15.4975004196167,15.5,15.227499961853027,15.40250015258789,12.03696060180664,10732000,UNH
2001-09-25,15.5,15.925000190734863,15.475000381469727,15.7475004196167,12.306572914123535,13761600,UNH
2001-09-26,15.8725004196167,16.4375,15.637499809265137,16.399999618530273,12.816492080688477,10426400,UNH
2001-09-27,16.622499465942383,16.799999237060547,16.450000762939453,16.497499465942383,12.892691612243652,14284000,UNH
2001-09-28,16.575000762939453,16.737499237060547,16.325000762939453,16.625,12.992328643798828,13672800,UNH
2001-10-01,16.6299991607666,16.905000686645508,16.575000762939453,16.725000381469727,13.070488929748535,10371200,UNH
2001-10-02,16.725000381469727,16.815000534057617,16.537500381469727,16.815000534057617,13.140814781188965,6199600,UNH
2001-10-03,16.877500534057617,17.09000015258789,16.6875,16.815000534057617,13.140814781188965,10845600,UNH
2001-10-04,16.850000381469727,17.149999618530273,16.700000762939453,17.024999618530273,13.304932594299316,9160400,UNH
2001-10-05,17.087499618530273,17.309999465942383,16.912500381469727,17.155000686645508,13.406526565551758,4912400,UNH
2001-10-08,17.012500762939453,17.155000686645508,16.852500915527344,17.024999618530273,13.304932594299316,4842800,UNH
2001-10-09,17.024999618530273,17.094999313354492,16.815000534057617,17.020000457763672,13.301026344299316,5490000,UNH
2001-10-10,17.020000457763672,17.309999465942383,16.982500076293945,17.229999542236328,13.465133666992188,5781200,UNH
2001-10-11,17.292499542236328,17.434999465942383,16.832500457763672,16.920000076293945,13.222872734069824,10624400,UNH
2001-10-12,16.9375,16.9375,16.477500915527344,16.772499084472656,13.107600212097168,7058800,UNH
2001-10-15,16.522499084472656,17.094999313354492,16.522499084472656,17.05500030517578,13.328375816345215,5676400,UNH
2001-10-16,17.25,17.325000762939453,17.075000762939453,17.149999618530273,13.402616500854492,5624400,UNH
2001-10-17,17.172500610351562,17.237499237060547,16.75749969482422,17.012500762939453,13.29516887664795,8776400,UNH
2001-10-18,17.18000030517578,17.200000762939453,16.712499618530273,16.952499389648438,13.248275756835938,8037200,UNH
2001-10-19,16.892499923706055,17.11750030517578,16.825000762939453,16.90250015258789,13.209197044372559,4982400,UNH
2001-10-22,16.90250015258789,17.372499465942383,16.889999389648438,17.212499618530273,13.45146656036377,5991200,UNH
2001-10-23,17.325000762939453,17.329999923706055,16.96500015258789,17.002500534057617,13.287347793579102,5245600,UNH
2001-10-24,17.024999618530273,17.024999618530273,16.5,16.5,12.894649505615234,12027200,UNH
2001-10-25,16.6200008392334,16.875,16.399999618530273,16.625,12.992328643798828,13698400,UNH
2001-10-26,16.5,17.200000762939453,16.475000381469727,16.852500915527344,13.170125007629395,11688000,UNH
2001-10-29,16.989999771118164,17.125,16.760000228881836,16.81999969482422,13.14472484588623,4933600,UNH
2001-10-30,17.0625,17.112499237060547,16.625,16.707500457763672,13.056806564331055,4770000,UNH
2001-10-31,16.770000457763672,16.787500381469727,16.377500534057617,16.4375,12.845803260803223,6725200,UNH
2001-11-01,16.612499237060547,16.612499237060547,16.149999618530273,16.30500030517578,12.742253303527832,12727200,UNH
2001-11-02,16.424999237060547,16.662500381469727,16.30500030517578,16.387500762939453,12.806733131408691,7049600,UNH
2001-11-05,16.497499465942383,16.6825008392334,16.447500228881836,16.52750015258789,12.916139602661133,4936000,UNH
2001-11-06,16.674999237060547,17.155000686645508,16.424999237060547,16.684999465942383,13.039219856262207,10031200,UNH
2001-11-07,16.9375,16.950000762939453,16.212499618530273,16.475000381469727,12.875107765197754,7729600,UNH
2001-11-08,16.5,16.5,15.947500228881836,16.047500610351562,12.541020393371582,12485200,UNH
2001-11-09,16.100000381469727,16.102500915527344,15.75,15.882499694824219,12.41207218170166,7875600,UNH
2001-11-12,15.975000381469727,16.170000076293945,15.604999542236328,16.104999542236328,12.585952758789062,5857600,UNH
2001-11-13,16.104999542236328,16.34000015258789,16.075000762939453,16.237499237060547,12.68950366973877,4131600,UNH
2001-11-14,16.274999618530273,16.40250015258789,16.040000915527344,16.260000228881836,12.707088470458984,3448000,UNH
2001-11-15,16.260000228881836,16.542499542236328,16.2549991607666,16.287500381469727,12.72857666015625,2955200,UNH
2001-11-16,16.424999237060547,16.469999313354492,16.3075008392334,16.360000610351562,12.785238265991211,3953600,UNH
2001-11-19,16.575000762939453,16.864999771118164,16.360000610351562,16.850000381469727,13.168163299560547,9357200,UNH
2001-11-20,16.850000381469727,17.712499618530273,16.850000381469727,17.684999465942383,13.820710182189941,17129600,UNH
2001-11-21,17.684999465942383,17.950000762939453,17.524999618530273,17.717500686645508,13.846114158630371,8177200,UNH
2001-11-23,17.717500686645508,17.84749984741211,17.625,17.80500030517578,13.914488792419434,1906800,UNH
2001-11-26,17.537500381469727,17.875,17.412500381469727,17.862499237060547,13.959429740905762,10623600,UNH
2001-11-27,17.690000534057617,17.795000076293945,17.625,17.78499984741211,13.89886474609375,6812800,UNH
2001-11-28,17.78499984741211,18.049999237060547,17.697500228881836,17.924999237060547,14.008273124694824,6678000,UNH
2001-11-29,17.875,17.950000762939453,17.65250015258789,17.825000762939453,13.93012809753418,3621600,UNH
2001-11-30,17.825000762939453,17.8700008392334,17.662500381469727,17.862499237060547,13.959429740905762,4274800,UNH
2001-12-03,17.63249969482422,17.887500762939453,17.594999313354492,17.832500457763672,13.935985565185547,4538400,UNH
2001-12-04,17.8125,17.84749984741211,17.637500762939453,17.822500228881836,13.928174018859863,4272400,UNH
2001-12-05,17.962499618530273,18.094999313354492,17.639999389648438,17.989999771118164,14.059073448181152,6498000,UNH
2001-12-06,18.0,18.11750030517578,17.829999923706055,18.047500610351562,14.104009628295898,5562000,UNH
2001-12-07,18.049999237060547,18.125,17.947500228881836,18.03499984741211,14.094244956970215,7320800,UNH
2001-12-10,17.975000381469727,18.014999389648438,17.764999389648438,17.8799991607666,13.973104476928711,4570400,UNH
2001-12-11,18.200000762939453,18.200000762939453,17.8125,17.934999465942383,14.016094207763672,12632800,UNH
2001-12-12,17.6875,17.690000534057617,16.952499389648438,17.424999237060547,13.617528915405273,11105200,UNH
2001-12-13,17.375,17.614999771118164,17.28499984741211,17.5,13.676137924194336,5158400,UNH
2001-12-14,17.424999237060547,17.762500762939453,17.15999984741211,17.739999771118164,13.863696098327637,6288800,UNH
2001-12-17,17.549999237060547,17.862499237060547,17.502500534057617,17.737499237060547,13.861746788024902,6554400,UNH
2001-12-18,17.700000762939453,17.857500076293945,17.579999923706055,17.75,13.871512413024902,7292400,UNH
2001-12-19,17.875,17.897499084472656,17.237499237060547,17.354999542236328,13.562824249267578,14377200,UNH
2001-12-20,17.5,17.5,17.25,17.315000534057617,13.531569480895996,8088400,UNH
2001-12-21,17.3125,17.40999984741211,17.020000457763672,17.344999313354492,13.555010795593262,11612400,UNH
2001-12-24,17.375,17.6825008392334,17.344999313354492,17.565000534057617,13.72694206237793,3302000,UNH
2001-12-26,17.684999465942383,17.697500228881836,17.510000228881836,17.559999465942383,13.723026275634766,3177600,UNH
2001-12-27,17.5625,17.65999984741211,17.427499771118164,17.637500762939453,13.783598899841309,2908400,UNH
2001-12-28,17.637500762939453,17.762500762939453,17.600000381469727,17.700000762939453,13.832441329956055,3930800,UNH
2001-12-31,17.75749969482422,17.985000610351562,17.645000457763672,17.6924991607666,13.826578140258789,4166400,UNH
2002-01-02,17.5,17.672500610351562,17.287500381469727,17.604999542236328,13.758191108703613,4607200,UNH
2002-01-03,17.427499771118164,17.572500228881836,17.299999237060547,17.407499313354492,13.603850364685059,5070000,UNH
2002-01-04,17.440000534057617,17.607500076293945,17.387500762939453,17.5,13.676137924194336,2894800,UNH
2002-01-07,17.549999237060547,17.61750030517578,17.149999618530273,17.387500762939453,13.588225364685059,3896800,UNH
2002-01-08,17.337499618530273,17.362499237060547,17.1299991607666,17.34000015258789,13.55109977722168,5042000,UNH
2002-01-09,17.3125,17.56999969482422,17.302499771118164,17.389999389648438,13.590180397033691,6437600,UNH
2002-01-10,17.3174991607666,17.712499618530273,17.3174991607666,17.649999618530273,13.793365478515625,5205200,UNH
2002-01-11,17.662500381469727,18.00749969482422,17.55500030517578,17.9375,14.018044471740723,5914800,UNH
2002-01-14,17.940000534057617,18.309999465942383,17.940000534057617,18.125,14.164580345153809,7298800,UNH
2002-01-15,18.149999618530273,18.174999237060547,17.975000381469727,18.162500381469727,14.193879127502441,5045600,UNH
2002-01-16,18.270000457763672,18.477500915527344,18.18000030517578,18.25,14.26225757598877,7812000,UNH
2002-01-17,18.200000762939453,18.25,18.0,18.084999084472656,14.133315086364746,5668000,UNH
2002-01-18,18.082500457763672,18.360000610351562,18.024999618530273,18.145000457763672,14.180211067199707,5612000,UNH
2002-01-22,18.087499618530273,18.299999237060547,18.037500381469727,18.137500762939453,14.17434310913086,5226800,UNH
2002-01-23,18.225000381469727,18.25,17.940000534057617,18.100000381469727,14.145035743713379,5626400,UNH
2002-01-24,18.25,18.622499465942383,18.25,18.582500457763672,14.522102355957031,17440400,UNH
2002-01-25,18.524999618530273,18.700000762939453,18.375,18.549999237060547,14.496708869934082,8096000,UNH
2002-01-28,18.514999389648438,18.549999237060547,18.287500381469727,18.5,14.457633972167969,4985200,UNH
2002-01-29,18.5,18.614999771118164,18.200000762939453,18.237499237060547,14.25249195098877,11738800,UNH
2002-01-30,18.237499237060547,18.239999771118164,17.952499389648438,18.125,14.164580345153809,6111200,UNH
2002-01-31,18.34749984741211,18.59000015258789,18.1875,18.587499618530273,14.52601146697998,8150000,UNH
2002-02-01,18.59000015258789,18.75,18.55500030517578,18.74250030517578,14.647148132324219,5052800,UNH
2002-02-04,18.625,18.747499465942383,18.412500381469727,18.475000381469727,14.438097953796387,3544800,UNH
2002-02-05,18.475000381469727,18.90999984741211,18.475000381469727,18.75,14.653008460998535,9528800,UNH
2002-02-06,18.739999771118164,18.8799991607666,18.512500762939453,18.649999618530273,14.574860572814941,4558400,UNH
2002-02-07,18.649999618530273,18.80500030517578,18.584999084472656,18.774999618530273,14.672539710998535,5109200,UNH
2002-02-08,18.774999618530273,18.797500610351562,18.452499389648438,18.607500076293945,14.54163932800293,4526400,UNH
2002-02-11,18.600000381469727,18.709999084472656,18.392499923706055,18.600000381469727,14.535784721374512,5208400,UNH
2002-02-12,18.700000762939453,18.9375,18.674999237060547,18.889999389648438,14.762421607971191,6916400,UNH
2002-02-13,18.889999389648438,18.892499923706055,18.625,18.799999237060547,14.692078590393066,4550400,UNH
2002-02-14,18.877500534057617,18.934999465942383,18.537500381469727,18.63249969482422,14.561176300048828,6866400,UNH
2002-02-15,18.625,18.625,18.392499923706055,18.577499389648438,14.518203735351562,5624800,UNH
2002-02-19,18.502500534057617,18.59749984741211,18.412500381469727,18.452499389648438,14.420516014099121,2720800,UNH
2002-02-20,18.329999923706055,18.600000381469727,18.100000381469727,18.469999313354492,14.434192657470703,7030800,UNH
2002-02-21,18.450000762939453,18.7549991607666,18.412500381469727,18.729999542236328,14.637377738952637,7390800,UNH
2002-02-22,18.799999237060547,18.799999237060547,18.637500762939453,18.6825008392334,14.600255012512207,6266800,UNH
2002-02-25,18.737499237060547,18.774999618530273,18.5674991607666,18.592500686645508,14.529919624328613,6018800,UNH
2002-02-26,18.594999313354492,18.65250015258789,18.375,18.424999237060547,14.399022102355957,7226400,UNH
2002-02-27,18.225000381469727,18.440000534057617,17.950000762939453,18.237499237060547,14.25249195098877,7901600,UNH
2002-02-28,18.337499618530273,18.40999984741211,17.952499389648438,18.122499465942383,14.162623405456543,8864000,UNH
2002-03-01,18.149999618530273,18.209999084472656,17.770000457763672,17.8125,13.920358657836914,8964000,UNH
2002-03-04,17.702499389648438,17.75,16.962499618530273,17.032499313354492,13.310789108276367,18821600,UNH
2002-03-05,17.012500762939453,17.36750030517578,17.0049991607666,17.1875,13.43191909790039,11461600,UNH
2002-03-06,17.299999237060547,17.627500534057617,17.299999237060547,17.50749969482422,13.681999206542969,7760800,UNH
2002-03-07,17.502500534057617,17.674999237060547,17.329999923706055,17.649999618530273,13.793365478515625,9818000,UNH
2002-03-08,17.850000381469727,17.924999237060547,17.770000457763672,17.86750030517578,13.963338851928711,7263200,UNH
2002-03-11,17.86750030517578,18.30500030517578,17.825000762939453,18.270000457763672,14.2778902053833,7952800,UNH
2002-03-12,18.200000762939453,18.422500610351562,18.102500915527344,18.334999084472656,14.328686714172363,7435600,UNH
2002-03-13,18.337499618530273,18.5674991607666,18.28499984741211,18.412500381469727,14.389254570007324,6050000,UNH
2002-03-14,18.387500762939453,18.600000381469727,18.297500610351562,18.600000381469727,14.535784721374512,6421600,UNH
2002-03-15,18.649999618530273,18.719999313354492,18.572500228881836,18.637500762939453,14.565086364746094,8298400,UNH
2002-03-18,18.637500762939453,18.81999969482422,18.46500015258789,18.732500076293945,14.639333724975586,5922400,UNH
2002-03-19,18.792499542236328,18.844999313354492,18.577499389648438,18.827499389648438,14.713565826416016,5578400,UNH
2002-03-20,18.90250015258789,18.924999237060547,18.760000228881836,18.825000762939453,14.711625099182129,3534400,UNH
2002-03-21,18.707500457763672,18.895000457763672,18.707500457763672,18.834999084472656,14.719429969787598,4208800,UNH
2002-03-22,18.8174991607666,18.872499465942383,18.6299991607666,18.670000076293945,14.590487480163574,4612800,UNH
2002-03-25,18.517499923706055,18.670000076293945,18.517499923706055,18.587499618530273,14.52601146697998,4145200,UNH
2002-03-26,18.587499618530273,18.6875,18.5625,18.594999313354492,14.531883239746094,6843200,UNH
2002-03-27,18.549999237060547,18.962499618530273,18.502500534057617,18.850000381469727,14.737100601196289,6808800,UNH
2002-03-28,19.049999237060547,19.200000762939453,18.90250015258789,19.104999542236328,14.936460494995117,7059600,UNH
2002-04-01,19.0,19.037500381469727,18.782499313354492,18.97249984741211,14.83287239074707,2827600,UNH
2002-04-02,19.149999618530273,19.399999618530273,19.075000762939453,19.2549991607666,15.053733825683594,6759200,UNH
2002-04-03,19.25749969482422,19.325000762939453,18.987499237060547,19.162500381469727,14.981423377990723,5457200,UNH
2002-04-04,19.162500381469727,19.3075008392334,19.079999923706055,19.209999084472656,15.0185546875,4071200,UNH
2002-04-05,19.25,19.450000762939453,19.225000381469727,19.360000610351562,15.135820388793945,5567600,UNH
2002-04-08,19.212499618530273,19.487499237060547,19.1924991607666,19.270000457763672,15.065470695495605,4983600,UNH
2002-04-09,19.412500381469727,19.412500381469727,19.260000228881836,19.325000762939453,15.108461380004883,5236400,UNH
2002-04-10,19.375,19.5,19.3125,19.487499237060547,15.235501289367676,5315600,UNH
2002-04-11,19.5,19.665000915527344,19.40250015258789,19.587499618530273,15.313690185546875,7431600,UNH
2002-04-12,19.59000015258789,19.59000015258789,19.075000762939453,19.200000762939453,15.010733604431152,8284400,UNH
2002-04-15,19.25,19.25,18.9375,19.125,14.952095031738281,7513600,UNH
2002-04-16,19.3125,19.3125,19.002500534057617,19.212499618530273,15.020501136779785,6786000,UNH
2002-04-17,19.487499237060547,20.045000076293945,19.362499237060547,19.892499923706055,15.552143096923828,15121200,UNH
2002-04-18,20.100000381469727,21.200000762939453,20.049999237060547,21.065000534057617,16.46880340576172,25330800,UNH
2002-04-19,21.174999237060547,21.5049991607666,20.907499313354492,21.44499969482422,16.765899658203125,12965200,UNH
2002-04-22,21.44499969482422,21.934999465942383,21.375,21.497499465942383,16.80694007873535,13741200,UNH
2002-04-23,21.5,21.579999923706055,21.237499237060547,21.287500381469727,16.64276123046875,11564800,UNH
2002-04-24,21.290000915527344,21.844999313354492,21.290000915527344,21.497499465942383,16.80694007873535,7490000,UNH
2002-04-25,21.674999237060547,22.420000076293945,21.635000228881836,21.75,17.00434684753418,13598000,UNH
2002-04-26,21.752500534057617,21.975000381469727,21.399999618530273,21.510000228881836,16.816707611083984,10620800,UNH
2002-04-29,21.510000228881836,21.622499465942383,21.252500534057617,21.5,16.808900833129883,9427200,UNH
2002-04-30,21.607500076293945,22.1825008392334,21.59000015258789,21.952499389648438,17.162660598754883,9374800,UNH
2002-05-01,22.225000381469727,22.934999465942383,22.225000381469727,22.40250015258789,17.514480590820312,13777200,UNH
2002-05-02,22.405000686645508,22.575000762939453,22.212499618530273,22.482500076293945,17.5770206451416,9292000,UNH
2002-05-03,22.5,22.725000381469727,22.262500762939453,22.387500762939453,17.50274658203125,6946400,UNH
2002-05-06,22.25749969482422,22.825000762939453,22.252500534057617,22.4375,17.541833877563477,5678800,UNH
2002-05-07,22.4375,22.6875,21.850000381469727,22.137500762939453,17.307294845581055,8957200,UNH
2002-05-08,22.137500762939453,22.549999237060547,21.587499618530273,22.477500915527344,17.5731143951416,9952000,UNH
2002-05-09,22.479999542236328,22.837499618530273,22.125,22.125,17.29752540588379,8422000,UNH
2002-05-10,22.139999389648438,22.489999771118164,22.030000686645508,22.049999237060547,17.2388858795166,5848400,UNH
2002-05-13,22.0,22.075000762939453,21.627500534057617,21.967500686645508,17.17439079284668,6313200,UNH
2002-05-14,21.967500686645508,21.967500686645508,21.47249984741211,21.850000381469727,17.082538604736328,8843200,UNH
2002-05-15,21.799999237060547,22.387500762939453,21.799999237060547,22.09749984741211,17.27602195739746,7772800,UNH
2002-05-16,22.3125,22.420000076293945,22.075000762939453,22.25,17.395246505737305,6234800,UNH
2002-05-17,22.127500534057617,22.469999313354492,21.924999237060547,22.137500762939453,17.307294845581055,6108800,UNH
2002-05-20,21.75,21.797500610351562,21.375,21.725000381469727,16.984798431396484,7725200,UNH
2002-05-21,21.727500915527344,21.924999237060547,21.565000534057617,21.799999237060547,17.043432235717773,7406000,UNH
2002-05-22,21.612499237060547,21.825000762939453,21.5,21.592500686645508,16.88121223449707,4470400,UNH
2002-05-23,21.837499618530273,22.010000228881836,21.71500015258789,22.0,17.199804306030273,7124000,UNH
2002-05-24,21.899999618530273,22.287500381469727,21.875,22.112499237060547,17.28775978088379,5966800,UNH
2002-05-28,22.049999237060547,22.299999237060547,21.975000381469727,22.219999313354492,17.371801376342773,4355200,UNH
2002-05-29,22.25,22.5575008392334,22.225000381469727,22.47249984741211,17.569196701049805,6769200,UNH
2002-05-30,22.537500381469727,22.895000457763672,22.475000381469727,22.795000076293945,17.82132911682129,10878800,UNH
2002-05-31,22.575000762939453,22.825000762939453,22.392499923706055,22.700000762939453,17.7470645904541,5923600,UNH
2002-06-03,22.5,22.875,22.462499618530273,22.592500686645508,17.663022994995117,7082800,UNH
2002-06-04,22.592500686645508,22.75,22.274999618530273,22.5,17.5907039642334,8448800,UNH
2002-06-05,22.524999618530273,23.02750015258789,22.485000610351562,22.9424991607666,17.936655044555664,7126400,UNH
2002-06-06,22.979999542236328,23.1200008392334,22.674999237060547,22.875,17.883874893188477,9927200,UNH
2002-06-07,23.0,23.649999618530273,22.950000762939453,23.59749984741211,18.448734283447266,16947600,UNH
2002-06-10,23.59749984741211,23.864999771118164,23.5,23.760000228881836,18.575780868530273,7187200,UNH
2002-06-11,24.225000381469727,24.44499969482422,24.162500381469727,24.287500381469727,18.988189697265625,13393600,UNH
2002-06-12,24.287500381469727,24.47249984741211,24.125,24.260000228881836,18.96668243408203,8467200,UNH
2002-06-13,24.1299991607666,24.325000762939453,23.799999237060547,23.862499237060547,18.655920028686523,6043600,UNH
2002-06-14,23.924999237060547,24.075000762939453,22.787500381469727,22.934999465942383,17.93079376220703,16908800,UNH
2002-06-17,23.375,23.747499465942383,23.372499465942383,23.5,18.372507095336914,11331200,UNH
2002-06-18,23.407499313354492,24.137500762939453,23.405000686645508,23.84749984741211,18.64419174194336,7998000,UNH
2002-06-19,24.112499237060547,24.399999618530273,24.0,24.325000762939453,19.017498016357422,7468800,UNH
2002-06-20,24.177499771118164,24.272499084472656,23.924999237060547,24.03499984741211,18.79077911376953,9300800,UNH
2002-06-21,23.8125,24.049999237060547,23.262500762939453,23.399999618530273,18.294334411621094,12666800,UNH
2002-06-24,23.399999618530273,23.40250015258789,22.024999618530273,22.5049991607666,17.594614028930664,12966400,UNH
2002-06-25,22.5674991607666,22.729999542236328,22.0,22.4375,17.541833877563477,12705600,UNH
2002-06-26,22.0,22.799999237060547,21.899999618530273,22.75,17.786163330078125,12123200,UNH
2002-06-27,22.752500534057617,23.0,22.337499618530273,22.987499237060547,17.971837997436523,9781200,UNH
2002-06-28,22.875,23.27750015258789,22.454999923706055,22.887500762939453,17.893651962280273,14964400,UNH
2002-07-01,23.200000762939453,23.25,22.700000762939453,23.087499618530273,18.050010681152344,10658000,UNH
2002-07-02,23.0,23.1875,22.212499618530273,22.5625,17.639564514160156,15376800,UNH
2002-07-03,22.565000534057617,23.087499618530273,21.774999618530273,22.549999237060547,17.62978744506836,10966000,UNH
2002-07-05,22.950000762939453,22.97249984741211,22.639999389648438,22.969999313354492,17.95815658569336,4461200,UNH
2002-07-08,23.325000762939453,23.524999618530273,23.155000686645508,23.34000015258789,18.24742317199707,7991600,UNH
2002-07-09,23.424999237060547,23.5575008392334,22.950000762939453,22.979999542236328,17.965978622436523,9804000,UNH
2002-07-10,22.862499237060547,23.0049991607666,21.969999313354492,22.0625,17.248668670654297,12147200,UNH
2002-07-11,22.0,22.459999084472656,21.457500457763672,22.412500381469727,17.522300720214844,16940400,UNH
2002-07-12,23.225000381469727,23.375,22.774999618530273,23.030000686645508,18.005069732666016,14453600,UNH
2002-07-15,23.092500686645508,23.1299991607666,22.002500534057617,23.084999084472656,18.048063278198242,13169200,UNH
2002-07-16,22.625,22.982500076293945,22.375,22.4375,17.541833877563477,11535200,UNH
2002-07-17,22.747499465942383,23.125,22.5625,23.125,18.079336166381836,12235200,UNH
2002-07-18,23.452499389648438,24.075000762939453,21.954999923706055,22.424999237060547,17.532073974609375,23974000,UNH
2002-07-19,22.625,22.8075008392334,22.002500534057617,22.049999237060547,17.2388858795166,17581600,UNH
2002-07-22,22.049999237060547,22.200000762939453,20.375,20.610000610351562,16.113082885742188,20810400,UNH
2002-07-23,20.6875,21.25,20.3700008392334,20.9424991607666,16.37303352355957,15755200,UNH
2002-07-24,20.600000381469727,22.1875,20.510000228881836,22.1875,17.346393585205078,15815200,UNH
2002-07-25,21.875,22.75,21.075000762939453,21.809999465942383,17.05125617980957,14739600,UNH
2002-07-26,21.625,21.780000686645508,21.079999923706055,21.4325008392334,16.75612449645996,12287600,UNH
2002-07-29,21.762500762939453,22.049999237060547,21.287500381469727,21.790000915527344,17.03562355041504,11758000,UNH
2002-07-30,21.625,22.30500030517578,20.977500915527344,21.337499618530273,16.681856155395508,17766800,UNH
2002-07-31,21.399999618530273,22.100000381469727,21.024999618530273,21.915000915527344,17.133352279663086,13916800,UNH
2002-08-01,21.837499618530273,21.875,21.11750030517578,21.5575008392334,16.853845596313477,11552000,UNH
2002-08-02,21.524999618530273,21.52750015258789,20.985000610351562,21.272499084472656,16.631031036376953,8817200,UNH
2002-08-05,21.125,21.237499237060547,20.512500762939453,20.53499984741211,16.054454803466797,10998800,UNH
2002-08-06,20.8125,21.31999969482422,20.75,21.075000762939453,16.476633071899414,10178400,UNH
2002-08-07,21.5,21.5625,20.737499237060547,21.36750030517578,16.70530128479004,10469200,UNH
2002-08-08,21.225000381469727,22.174999237060547,21.225000381469727,22.047500610351562,17.2369327545166,8567200,UNH
2002-08-09,21.9375,22.2450008392334,21.350000381469727,22.075000762939453,17.258432388305664,7523200,UNH
2002-08-12,21.837499618530273,22.387500762939453,21.774999618530273,22.3125,17.44411277770996,7393200,UNH
2002-08-13,22.149999618530273,22.434999465942383,21.65999984741211,21.702499389648438,16.967212677001953,7125600,UNH
2002-08-14,21.702499389648438,22.5,21.657499313354492,22.5,17.5907039642334,7322000,UNH
2002-08-15,22.799999237060547,22.84749984741211,21.987499237060547,22.03499984741211,17.227157592773438,10296400,UNH
2002-08-16,22.0,22.434999465942383,21.875,22.15250015258789,17.31903076171875,6504800,UNH
2002-08-19,22.21500015258789,22.5,22.1299991607666,22.4375,17.541833877563477,5017600,UNH
2002-08-20,22.274999618530273,22.75,22.200000762939453,22.299999237060547,17.434341430664062,5895200,UNH
2002-08-21,22.537500381469727,22.649999618530273,22.1299991607666,22.3174991607666,17.448026657104492,4560800,UNH
2002-08-22,22.5,23.1875,22.434999465942383,22.9950008392334,17.977705001831055,10267600,UNH
2002-08-23,22.9325008392334,23.1299991607666,22.462499618530273,22.559999465942383,17.637605667114258,5392400,UNH
2002-08-26,22.774999618530273,22.774999618530273,22.440000534057617,22.592500686645508,17.663022994995117,4666000,UNH
2002-08-27,22.537500381469727,22.56999969482422,21.977500915527344,22.0625,17.248668670654297,6842400,UNH
2002-08-28,21.975000381469727,22.197500228881836,21.552499771118164,21.637500762939453,16.916397094726562,4984800,UNH
2002-08-29,21.540000915527344,21.962499618530273,21.447500228881836,21.827499389648438,17.064931869506836,5432400,UNH
2002-08-30,21.899999618530273,22.502500534057617,21.860000610351562,22.087499618530273,17.268213272094727,5183600,UNH
2002-09-03,21.99250030517578,21.9950008392334,21.065000534057617,21.1299991607666,16.519624710083008,6598400,UNH
2002-09-04,21.1924991607666,21.700000762939453,21.00749969482422,21.700000762939453,16.965255737304688,8457200,UNH
2002-09-05,21.512500762939453,21.65250015258789,21.325000762939453,21.5625,16.857765197753906,7490400,UNH
2002-09-06,21.674999237060547,21.864999771118164,21.512500762939453,21.65999984741211,16.933984756469727,8617600,UNH
2002-09-09,21.65999984741211,22.184999465942383,21.549999237060547,22.110000610351562,17.28579330444336,4929600,UNH
2002-09-10,22.1200008392334,22.40999984741211,22.014999389648438,22.200000762939453,17.356168746948242,4556400,UNH
2002-09-11,22.2549991607666,22.385000228881836,22.125,22.19499969482422,17.352251052856445,2970800,UNH
2002-09-12,22.127500534057617,22.614999771118164,21.977500915527344,22.415000915527344,17.52425193786621,5632800,UNH
2002-09-13,22.415000915527344,22.982500076293945,22.165000915527344,22.950000762939453,17.942522048950195,7474400,UNH
2002-09-16,22.950000762939453,23.1200008392334,22.770000457763672,23.1200008392334,18.075428009033203,6383200,UNH
2002-09-17,23.219999313354492,23.352500915527344,22.8075008392334,22.872499465942383,17.881933212280273,6578000,UNH
2002-09-18,22.6875,22.97249984741211,22.602500915527344,22.950000762939453,17.942522048950195,7571600,UNH
2002-09-19,22.75,22.787500381469727,22.375,22.399999618530273,17.512521743774414,9670000,UNH
2002-09-20,22.325000762939453,22.542499542236328,22.325000762939453,22.5049991607666,17.594614028930664,9586800,UNH
2002-09-23,22.50749969482422,22.735000610351562,22.1875,22.447500228881836,17.54964828491211,7859600,UNH
2002-09-24,22.049999237060547,22.149999618530273,21.5049991607666,21.592500686645508,16.88121223449707,9770400,UNH
2002-09-25,21.962499618530273,22.049999237060547,21.702499389648438,21.834999084472656,17.0708065032959,9602400,UNH
2002-09-26,22.0,22.024999618530273,21.5625,21.885000228881836,17.109888076782227,13634000,UNH
2002-09-27,21.875,22.292499542236328,21.844999313354492,21.850000381469727,17.082538604736328,9158000,UNH
2002-09-30,21.799999237060547,21.950000762939453,21.600000381469727,21.80500030517578,17.047338485717773,10308000,UNH
2002-10-01,21.887500762939453,22.1200008392334,21.799999237060547,22.11750030517578,17.291664123535156,12082800,UNH
2002-10-02,21.99250030517578,22.5,21.987499237060547,22.375,17.49298095703125,9407200,UNH
2002-10-03,22.649999618530273,23.014999389648438,22.56999969482422,22.895000457763672,17.899517059326172,9960800,UNH
2002-10-04,22.829999923706055,22.892499923706055,22.337499618530273,22.467500686645508,17.565296173095703,8780400,UNH
2002-10-07,22.4375,22.997499465942383,22.375,22.5625,17.639564514160156,10882000,UNH
2002-10-08,22.662500381469727,23.0,22.407499313354492,22.927499771118164,17.9249267578125,9143200,UNH
2002-10-09,22.787500381469727,23.1875,22.674999237060547,22.7450008392334,17.78225326538086,9857200,UNH
2002-10-10,22.747499465942383,23.399999618530273,22.747499465942383,23.045000076293945,18.01679039001465,13088400,UNH
2002-10-11,23.1875,23.55500030517578,23.1875,23.372499465942383,18.272830963134766,9843200,UNH
2002-10-14,23.332500457763672,23.735000610351562,23.302499771118164,23.6875,18.519100189208984,12294400,UNH
2002-10-15,24.125,24.2450008392334,23.895000457763672,24.11750030517578,18.85527992248535,11356800,UNH
2002-10-16,24.11750030517578,24.587499618530273,24.0674991607666,24.4950008392334,19.15041732788086,12774400,UNH
2002-10-17,24.979999542236328,25.1200008392334,24.200000762939453,24.424999237060547,19.09569549560547,16254000,UNH
2002-10-18,24.40999984741211,25.125,24.3700008392334,24.9325008392334,19.492460250854492,11264000,UNH
2002-10-21,24.975000381469727,25.25,24.6924991607666,24.829999923706055,19.41231918334961,9056000,UNH
2002-10-22,24.832500457763672,25.25,24.6200008392334,24.735000610351562,19.338054656982422,9114000,UNH
2002-10-23,24.7450008392334,25.110000610351562,24.497499465942383,25.092500686645508,19.61754035949707,7117600,UNH
2002-10-24,24.924999237060547,25.0,24.50749969482422,24.56999969482422,19.20903968811035,9154800,UNH
2002-10-25,24.572500228881836,24.9375,23.625,24.272499084472656,18.976463317871094,15302400,UNH
2002-10-28,24.274999618530273,24.274999618530273,23.524999618530273,23.90999984741211,18.693056106567383,11838000,UNH
2002-10-29,23.8125,23.875,23.260000228881836,23.670000076293945,18.505414962768555,7964800,UNH
2002-10-30,23.844999313354492,24.137500762939453,23.614999771118164,23.832500457763672,18.632469177246094,5423200,UNH
2002-10-31,24.0,24.125,22.25,22.737499237060547,17.776378631591797,22192400,UNH
2002-11-01,22.737499237060547,23.3700008392334,22.399999618530273,23.172500610351562,18.116466522216797,13972000,UNH
2002-11-04,23.572500228881836,23.747499465942383,23.232500076293945,23.352500915527344,18.257192611694336,8641600,UNH
2002-11-05,23.337499618530273,23.5625,22.59749984741211,22.802499771118164,17.827198028564453,9198800,UNH
2002-11-06,23.0,23.799999237060547,22.899999618530273,23.6299991607666,18.474143981933594,11367600,UNH
2002-11-07,23.662500381469727,24.024999618530273,23.542499542236328,23.75749969482422,18.573827743530273,7851200,UNH
2002-11-08,23.760000228881836,23.760000228881836,21.627500534057617,21.707500457763672,16.97113037109375,38267600,UNH
2002-11-11,22.075000762939453,22.1875,21.375,21.997499465942383,17.197839736938477,17381200,UNH
2002-11-12,22.0,22.5,21.8174991607666,22.329999923706055,17.457796096801758,10819200,UNH
2002-11-13,22.267499923706055,22.75,22.264999389648438,22.547500610351562,17.627845764160156,8793200,UNH
2002-11-14,22.75,22.962499618530273,22.604999542236328,22.674999237060547,17.727523803710938,8702800,UNH
2002-11-15,22.649999618530273,23.362499237060547,22.600000381469727,23.225000381469727,18.157514572143555,7656400,UNH
2002-11-18,23.262500762939453,23.467500686645508,23.125,23.24250030517578,18.17119789123535,6014400,UNH
2002-11-19,23.2450008392334,23.262500762939453,22.642499923706055,22.875,17.883874893188477,7996000,UNH
2002-11-20,22.274999618530273,22.607500076293945,22.075000762939453,22.4375,17.541833877563477,18701600,UNH
2002-11-21,22.479999542236328,22.497499465942383,20.780000686645508,21.22249984741211,16.59193992614746,37980400,UNH
2002-11-22,21.395000457763672,21.75,21.0625,21.155000686645508,16.539169311523438,16452400,UNH
2002-11-25,20.732500076293945,20.732500076293945,18.760000228881836,19.112499237060547,14.942325592041016,56801200,UNH
2002-11-26,19.375,19.947500228881836,19.375,19.774999618530273,15.460271835327148,30924400,UNH
2002-11-27,20.25,20.28499984741211,19.947500228881836,20.09749984741211,15.712413787841797,14601600,UNH
2002-11-29,20.09749984741211,20.450000762939453,20.09749984741211,20.362499237060547,15.919586181640625,5710000,UNH
2002-12-02,20.462499618530273,20.55500030517578,19.100000381469727,19.162500381469727,14.981423377990723,20198000,UNH
2002-12-03,19.165000915527344,19.792499542236328,19.0674991607666,19.732500076293945,15.42705249786377,16115600,UNH
2002-12-04,19.725000381469727,20.875,19.607500076293945,20.770000457763672,16.238176345825195,21419200,UNH
2002-12-05,20.772499084472656,20.899999618530273,20.125,20.825000762939453,16.281171798706055,15631200,UNH
2002-12-06,20.825000762939453,21.18000030517578,20.702499389648438,20.837499618530273,16.290945053100586,9826400,UNH
2002-12-09,20.84000015258789,21.122499465942383,20.200000762939453,20.232500076293945,15.817952156066895,11081600,UNH
2002-12-10,20.232500076293945,20.68000030517578,20.232500076293945,20.454999923706055,15.99190616607666,8882000,UNH
2002-12-11,20.674999237060547,20.924999237060547,20.625,20.767499923706055,16.236221313476562,5769600,UNH
2002-12-12,20.825000762939453,20.959999084472656,20.725000381469727,20.940000534057617,16.371084213256836,6933600,UNH
2002-12-13,21.022499084472656,21.049999237060547,20.3125,20.479999542236328,16.01144790649414,8337200,UNH
2002-12-16,20.479999542236328,20.674999237060547,20.352500915527344,20.674999237060547,16.163902282714844,12798400,UNH
2002-12-17,20.549999237060547,20.737499237060547,20.522499084472656,20.59000015258789,16.09744644165039,5204400,UNH
2002-12-18,20.602500915527344,20.735000610351562,20.31999969482422,20.502500534057617,16.02904510498047,5330800,UNH
2002-12-19,20.625,20.950000762939453,20.1875,20.5,16.027080535888672,9201600,UNH
2002-12-20,20.399999618530273,20.59749984741211,20.032499313354492,20.272499084472656,15.849221229553223,11512800,UNH
2002-12-23,20.350000381469727,20.957500457763672,20.299999237060547,20.93000030517578,16.363262176513672,7364000,UNH
2002-12-24,20.997499465942383,21.162500381469727,20.917499542236328,21.0674991607666,16.47076416015625,2969600,UNH
2002-12-26,21.145000457763672,21.145000457763672,20.75,20.797500610351562,16.259681701660156,3905200,UNH
2002-12-27,20.9375,20.9375,20.559999465942383,20.5625,16.07594871520996,3376800,UNH
2002-12-30,20.587499618530273,20.967500686645508,20.375,20.899999618530273,16.339813232421875,6438400,UNH
2002-12-31,20.90250015258789,20.985000610351562,20.65250015258789,20.875,16.320262908935547,4596800,UNH
2003-01-02,20.877500534057617,21.427499771118164,20.700000762939453,21.427499771118164,16.752222061157227,10068400,UNH
2003-01-03,21.5,21.774999618530273,21.427499771118164,21.645000457763672,16.922256469726562,8318000,UNH
2003-01-06,21.600000381469727,21.6825008392334,21.049999237060547,21.100000381469727,16.49616813659668,9381600,UNH
2003-01-07,21.102500915527344,21.102500915527344,20.6875,20.94499969482422,16.3749942779541,8544400,UNH
2003-01-08,21.0,21.25,20.93000030517578,21.125,16.515714645385742,5682400,UNH
2003-01-09,21.125,21.337499618530273,20.877500534057617,21.125,16.515714645385742,7050800,UNH
2003-01-10,21.0,21.045000076293945,20.737499237060547,20.862499237060547,16.31049156188965,6765200,UNH
2003-01-13,20.700000762939453,20.959999084472656,20.537500381469727,20.662500381469727,16.154125213623047,7900000,UNH
2003-01-14,20.662500381469727,20.662500381469727,20.4375,20.5625,16.07594871520996,7093200,UNH
2003-01-15,20.6875,20.760000228881836,20.350000381469727,20.5,16.027080535888672,9206400,UNH
2003-01-16,20.524999618530273,20.6200008392334,20.25,20.565000534057617,16.077899932861328,8652000,UNH
2003-01-17,20.5625,21.212499618530273,20.5,21.084999084472656,16.484447479248047,8505600,UNH
2003-01-21,21.084999084472656,21.292499542236328,20.774999618530273,20.790000915527344,16.25380516052246,7129600,UNH
2003-01-22,20.825000762939453,21.209999084472656,20.625,20.6875,16.17367935180664,11032000,UNH
2003-01-23,20.875,21.274999618530273,20.875,21.197500228881836,16.572402954101562,15162000,UNH
2003-01-24,21.200000762939453,21.512500762939453,21.122499465942383,21.202499389648438,16.576297760009766,13107600,UNH
2003-01-27,21.165000915527344,21.165000915527344,20.59000015258789,20.63249969482422,16.130674362182617,8908400,UNH
2003-01-28,20.780000686645508,21.084999084472656,20.674999237060547,21.037500381469727,16.447311401367188,8867600,UNH
2003-01-29,21.040000915527344,21.497499465942383,20.862499237060547,21.497499465942383,16.80694007873535,10755200,UNH
2003-01-30,21.4424991607666,21.649999618530273,21.362499237060547,21.424999237060547,16.75025177001953,8853600,UNH
2003-01-31,21.350000381469727,21.977500915527344,21.350000381469727,21.975000381469727,17.180261611938477,9518400,UNH
2003-02-03,21.977500915527344,22.1875,21.325000762939453,21.5049991607666,16.812793731689453,14044000,UNH
2003-02-04,21.50749969482422,21.50749969482422,20.887500762939453,21.075000762939453,16.476633071899414,13009600,UNH
2003-02-05,21.077499389648438,21.4325008392334,20.982500076293945,20.982500076293945,16.4043025970459,7538400,UNH
2003-02-06,20.985000610351562,21.2549991607666,20.892499923706055,21.0049991607666,16.421899795532227,7111600,UNH
2003-02-07,21.25,21.31999969482422,21.077499389648438,21.162500381469727,16.54503631591797,7011200,UNH
2003-02-10,21.219999313354492,21.475000381469727,21.162500381469727,21.399999618530273,16.7307071685791,5423200,UNH
2003-02-11,21.4375,21.5,20.842500686645508,20.860000610351562,16.308536529541016,11144800,UNH
2003-02-12,20.875,20.969999313354492,19.825000762939453,20.059999465942383,15.683093070983887,20561200,UNH
2003-02-13,19.8125,20.184999465942383,19.684999465942383,19.9375,15.587323188781738,12744400,UNH
2003-02-14,19.940000534057617,19.9950008392334,19.600000381469727,19.9950008392334,15.63227367401123,11654800,UNH
2003-02-18,20.024999618530273,20.59000015258789,20.024999618530273,20.5049991607666,16.030994415283203,6559600,UNH
2003-02-19,20.5,20.774999618530273,20.417499542236328,20.475000381469727,16.007545471191406,6644000,UNH
2003-02-20,20.475000381469727,20.625,20.137500762939453,20.375,15.929361343383789,8484400,UNH
2003-02-21,20.375,20.747499465942383,20.084999084472656,20.547500610351562,16.064224243164062,10335200,UNH
2003-02-24,20.3125,20.315000534057617,19.950000762939453,20.0625,15.685046195983887,9526800,UNH
2003-02-25,19.962499618530273,20.24250030517578,19.8075008392334,20.200000762939453,15.7925386428833,9771200,UNH
2003-02-26,20.200000762939453,20.637500762939453,20.149999618530273,20.545000076293945,16.0622615814209,7871600,UNH
2003-02-27,20.625,20.75749969482422,20.405000686645508,20.65999984741211,16.15218162536621,8824000,UNH
2003-02-28,20.625,20.875,20.600000381469727,20.725000381469727,16.202993392944336,6041200,UNH
2003-03-03,20.825000762939453,21.082500457763672,20.815000534057617,20.957500457763672,16.3847599029541,7499200,UNH
2003-03-04,20.959999084472656,21.059999465942383,20.610000610351562,20.610000610351562,16.113082885742188,7731200,UNH
2003-03-05,20.672500610351562,21.049999237060547,20.600000381469727,21.049999237060547,16.457080841064453,9066400,UNH
2003-03-06,20.860000610351562,21.237499237060547,20.857500076293945,21.127500534057617,16.517671585083008,9167600,UNH
2003-03-07,21.0,21.427499771118164,20.975000381469727,21.350000381469727,16.691627502441406,8483200,UNH
2003-03-10,21.350000381469727,21.40999984741211,20.899999618530273,20.952499389648438,16.380855560302734,6504800,UNH
2003-03-11,21.012500762939453,21.06999969482422,20.737499237060547,20.877500534057617,16.322221755981445,4983200,UNH
2003-03-12,20.825000762939453,20.979999542236328,20.547500610351562,20.912500381469727,16.349578857421875,8335600,UNH
2003-03-13,20.997499465942383,21.427499771118164,20.977500915527344,21.427499771118164,16.752222061157227,8240400,UNH
2003-03-14,21.46500015258789,21.532499313354492,20.875,20.90999984741211,16.347625732421875,9812000,UNH
2003-03-17,20.985000610351562,21.735000610351562,20.94499969482422,21.672500610351562,16.943756103515625,11094400,UNH
2003-03-18,21.649999618530273,21.899999618530273,21.5674991607666,21.809999465942383,17.05125617980957,7786400,UNH
2003-03-19,21.770000457763672,21.9375,21.584999084472656,21.9375,17.150943756103516,6547600,UNH
2003-03-20,21.737499237060547,22.020000457763672,21.540000915527344,21.84749984741211,17.080570220947266,6178800,UNH
2003-03-21,22.100000381469727,22.475000381469727,22.014999389648438,22.475000381469727,17.571157455444336,7850400,UNH
2003-03-24,22.477500915527344,22.477500915527344,21.954999923706055,22.325000762939453,17.453887939453125,7697200,UNH
2003-03-25,22.327499389648438,22.822500228881836,22.212499618530273,22.665000915527344,17.71969985961914,8354000,UNH
2003-03-26,22.604999542236328,22.732500076293945,22.375,22.40250015258789,17.514480590820312,6722400,UNH
2003-03-27,22.40250015258789,22.485000610351562,22.037500381469727,22.4325008392334,17.53792953491211,7393200,UNH
2003-03-28,22.424999237060547,23.03499984741211,22.34749984741211,23.03499984741211,18.014997482299805,9069200,UNH
2003-03-31,22.875,23.172500610351562,22.719999313354492,22.917499542236328,17.923099517822266,7777600,UNH
2003-04-01,22.917499542236328,23.037500381469727,22.375,22.81999969482422,17.84685707092285,11131600,UNH
2003-04-02,22.924999237060547,23.239999771118164,22.844999313354492,22.917499542236328,17.923099517822266,9322800,UNH
2003-04-03,23.024999618530273,23.407499313354492,22.774999618530273,23.25,18.183141708374023,8679600,UNH
2003-04-04,23.0,23.462499618530273,22.997499465942383,23.082500457763672,18.052141189575195,8158000,UNH
2003-04-07,23.25749969482422,23.625,23.092500686645508,23.107500076293945,18.071691513061523,9087200,UNH
2003-04-08,23.104999542236328,23.497499465942383,22.967500686645508,23.424999237060547,18.32000160217285,10516800,UNH
2003-04-09,23.424999237060547,23.545000076293945,23.042499542236328,23.104999542236328,18.069732666015625,7107200,UNH
2003-04-10,23.104999542236328,23.104999542236328,22.717500686645508,22.90999984741211,17.917240142822266,10178000,UNH
2003-04-11,22.90999984741211,23.31999969482422,22.662500381469727,23.232500076293945,18.16945457458496,6285200,UNH
2003-04-14,23.232500076293945,23.704999923706055,22.987499237060547,23.53499984741211,18.406030654907227,6379200,UNH
2003-04-15,23.53499984741211,23.577499389648438,23.024999618530273,23.440000534057617,18.331741333007812,12858000,UNH
2003-04-16,23.5,23.77750015258789,22.049999237060547,22.512500762939453,17.606367111206055,32850400,UNH
2003-04-17,22.512500762939453,23.107500076293945,22.459999084472656,22.962499618530273,17.95829200744629,13449200,UNH
2003-04-21,22.96500015258789,23.247499465942383,22.30500030517578,22.3799991607666,17.502735137939453,11239600,UNH
2003-04-22,22.25,22.90999984741211,22.200000762939453,22.825000762939453,17.85076332092285,10440000,UNH
2003-04-23,22.825000762939453,22.860000610351562,22.5625,22.6875,17.743228912353516,6598400,UNH
2003-04-24,22.837499618530273,22.959999084472656,22.362499237060547,22.774999618530273,17.8116512298584,13541200,UNH
2003-04-25,22.762500762939453,23.075000762939453,22.639999389648438,22.674999237060547,17.733448028564453,7132800,UNH
2003-04-28,22.642499923706055,22.75,22.412500381469727,22.707500457763672,17.75887107849121,7626000,UNH
2003-04-29,22.707500457763672,22.8125,22.524999618530273,22.627500534057617,17.696300506591797,7396800,UNH
2003-04-30,22.5674991607666,23.075000762939453,22.450000762939453,23.032499313354492,18.013044357299805,15325200,UNH
2003-05-01,23.032499313354492,23.072500228881836,22.625,22.732500076293945,17.77841567993164,7833200,UNH
2003-05-02,22.502500534057617,23.225000381469727,22.362499237060547,23.162500381469727,18.11471939086914,12119600,UNH
2003-05-05,23.212499618530273,23.575000762939453,23.184999465942383,23.334999084472656,18.249618530273438,9244000,UNH
2003-05-06,23.334999084472656,23.5625,23.297500610351562,23.520000457763672,18.39430809020996,5408800,UNH
2003-05-07,23.520000457763672,23.5674991607666,23.170000076293945,23.190000534057617,18.136215209960938,6044800,UNH
2003-05-08,23.190000534057617,23.424999237060547,23.0,23.052499771118164,18.02867889404297,5580400,UNH
2003-05-09,23.15999984741211,23.372499465942383,23.09749984741211,23.372499465942383,18.278940200805664,3480800,UNH
2003-05-12,23.325000762939453,23.6200008392334,23.232500076293945,23.552499771118164,18.419721603393555,4229200,UNH
2003-05-13,23.49250030517578,23.524999618530273,23.290000915527344,23.405000686645508,18.304370880126953,4456800,UNH
2003-05-14,23.387500762939453,23.5,23.287500381469727,23.407499313354492,18.306316375732422,5080800,UNH
2003-05-15,23.387500762939453,23.497499465942383,23.059999465942383,23.297500610351562,18.220293045043945,7245600,UNH
2003-05-16,23.297500610351562,24.037500381469727,23.28499984741211,23.852500915527344,18.654340744018555,19221200,UNH
2003-05-19,23.790000915527344,24.09000015258789,23.572500228881836,23.575000762939453,18.437313079833984,8457200,UNH
2003-05-20,23.729999542236328,24.452499389648438,23.6875,23.9375,18.720821380615234,17442800,UNH
2003-05-21,23.9375,24.55500030517578,23.75,24.475000381469727,19.141185760498047,12160000,UNH
2003-05-22,24.274999618530273,24.479999542236328,24.147499084472656,24.197500228881836,18.924148559570312,8098000,UNH
2003-05-23,24.09000015258789,24.24250030517578,23.780000686645508,23.8700008392334,18.668020248413086,5964400,UNH
2003-05-27,23.837499618530273,24.184999465942383,23.837499618530273,23.84000015258789,18.644559860229492,7092800,UNH
2003-05-28,23.9375,24.05500030517578,23.6875,23.864999771118164,18.664113998413086,7568800,UNH
2003-05-29,23.864999771118164,24.075000762939453,23.63249969482422,23.762500762939453,18.583948135375977,6176800,UNH
2003-05-30,23.762500762939453,24.0,23.532499313354492,23.985000610351562,18.75796890258789,6593200,UNH
2003-06-02,24.017499923706055,24.114999771118164,23.542499542236328,23.584999084472656,18.445138931274414,9913600,UNH
2003-06-03,23.502500534057617,24.017499923706055,23.424999237060547,23.997499465942383,18.767742156982422,8828400,UNH
2003-06-04,24.0,24.049999237060547,23.774999618530273,23.837499618530273,18.642606735229492,6177600,UNH
2003-06-05,23.84000015258789,24.274999618530273,23.672500610351562,24.252500534057617,18.967164993286133,7504000,UNH
2003-06-06,24.252500534057617,24.625,24.252500534057617,24.46500015258789,19.133352279663086,7203600,UNH
2003-06-09,24.467500686645508,24.725000381469727,24.219999313354492,24.287500381469727,18.994543075561523,6990000,UNH
2003-06-10,24.5,24.962499618530273,24.5,24.707500457763672,19.323007583618164,7956800,UNH
2003-06-11,24.707500457763672,25.3125,24.707500457763672,25.3125,19.796161651611328,9931600,UNH
2003-06-12,25.3125,25.5625,25.170000076293945,25.5049991607666,19.946706771850586,6752400,UNH
2003-06-13,25.5049991607666,25.6875,25.155000686645508,25.225000381469727,19.72772216796875,5492800,UNH
2003-06-16,25.600000381469727,25.787500381469727,25.4375,25.75,20.138320922851562,5888800,UNH
2003-06-17,25.9325008392334,26.27750015258789,25.9325008392334,26.22249984741211,20.507841110229492,8028000,UNH
2003-06-18,26.25,26.334999084472656,26.0,26.06999969482422,20.388572692871094,6985200,UNH
2003-06-19,26.06999969482422,26.125,24.8700008392334,24.96500015258789,19.524389266967773,8929800,UNH
2003-06-20,25.170000076293945,25.524999618530273,24.8799991607666,25.295000076293945,19.782472610473633,11751400,UNH
2003-06-23,25.174999237060547,25.19499969482422,24.770000457763672,25.165000915527344,19.680809020996094,6885200,UNH
2003-06-24,25.21500015258789,25.739999771118164,25.114999771118164,25.260000228881836,19.755102157592773,5043000,UNH
2003-06-25,25.079999923706055,25.309999465942383,24.625,25.0049991607666,19.55567741394043,7099800,UNH
2003-06-26,25.0049991607666,25.3799991607666,24.770000457763672,25.280000686645508,19.770753860473633,3667000,UNH
2003-06-27,25.5,25.5,25.0,25.110000610351562,19.637794494628906,3061000,UNH
2003-06-30,25.399999618530273,25.459999084472656,25.0,25.125,19.64952278137207,3873600,UNH
2003-07-01,25.125,25.15999984741211,24.75,25.155000686645508,19.67298126220703,3967600,UNH
2003-07-02,25.059999465942383,25.799999237060547,25.024999618530273,25.739999771118164,20.130495071411133,4742800,UNH
2003-07-03,25.735000610351562,25.815000534057617,25.385000228881836,25.454999923706055,19.907594680786133,2006200,UNH
2003-07-07,25.53499984741211,26.104999542236328,25.520000457763672,25.989999771118164,20.326007843017578,4246400,UNH
2003-07-08,25.989999771118164,26.209999084472656,25.75,26.100000381469727,20.412044525146484,4300800,UNH
2003-07-09,26.100000381469727,26.4950008392334,25.889999389648438,26.1299991607666,20.435501098632812,4942000,UNH
2003-07-10,26.075000762939453,26.21500015258789,25.545000076293945,25.780000686645508,20.161779403686523,4005400,UNH
2003-07-11,25.5,26.0,25.43000030517578,25.600000381469727,20.020999908447266,5327000,UNH
2003-07-14,25.600000381469727,25.809999465942383,24.905000686645508,24.924999237060547,19.493112564086914,9717200,UNH
2003-07-15,25.0049991607666,25.114999771118164,24.78499984741211,25.014999389648438,19.563493728637695,7472200,UNH
2003-07-16,25.049999237060547,25.125,24.075000762939453,24.30500030517578,19.00821876525879,8215600,UNH
2003-07-17,24.625,26.079999923706055,23.625,25.895000457763672,20.251707077026367,17773400,UNH
2003-07-18,26.020000457763672,26.229999542236328,25.600000381469727,26.219999313354492,20.505887985229492,6584200,UNH
2003-07-21,26.219999313354492,26.360000610351562,25.1200008392334,26.2450008392334,20.525440216064453,5512000,UNH
2003-07-22,26.375,26.5,26.174999237060547,26.415000915527344,20.658390045166016,4936000,UNH
2003-07-23,26.875,27.625,26.3700008392334,27.2549991607666,21.315330505371094,11104200,UNH
2003-07-24,27.280000686645508,27.30500030517578,26.625,26.625,20.8226261138916,4639200,UNH
2003-07-25,26.6299991607666,27.094999313354492,26.3799991607666,27.05500030517578,21.158924102783203,5298000,UNH
2003-07-28,26.899999618530273,27.5,26.885000228881836,27.334999084472656,21.377897262573242,4351000,UNH
2003-07-29,27.334999084472656,27.975000381469727,27.334999084472656,27.575000762939453,21.56560707092285,6255600,UNH
2003-07-30,27.875,28.125,27.200000762939453,27.375,21.409183502197266,14137600,UNH
2003-07-31,26.760000228881836,26.809999465942383,25.920000076293945,26.045000076293945,20.36903190612793,12282200,UNH
2003-08-01,26.049999237060547,26.700000762939453,25.799999237060547,26.25,20.529356002807617,7297400,UNH
2003-08-04,26.049999237060547,26.3700008392334,25.579999923706055,26.200000762939453,20.490243911743164,5352200,UNH
2003-08-05,26.200000762939453,26.200000762939453,25.424999237060547,25.424999237060547,19.884143829345703,5949200,UNH
2003-08-06,25.350000381469727,25.354999542236328,23.7549991607666,24.395000457763672,19.07861328125,19397000,UNH
2003-08-07,24.5,25.075000762939453,24.5,24.985000610351562,19.54003143310547,8590800,UNH
2003-08-08,24.985000610351562,25.540000915527344,24.790000915527344,24.934999465942383,19.500930786132812,5909600,UNH
2003-08-11,24.940000534057617,25.774999618530273,24.940000534057617,25.389999389648438,19.85677719116211,6006000,UNH
2003-08-12,25.5,25.639999389648438,25.15999984741211,25.579999923706055,20.005367279052734,4338600,UNH
2003-08-13,25.774999618530273,25.864999771118164,25.165000915527344,25.219999313354492,19.723817825317383,4183800,UNH
2003-08-14,25.5,25.760000228881836,25.174999237060547,25.604999542236328,20.024913787841797,3394200,UNH
2003-08-15,25.604999542236328,25.649999618530273,25.25,25.604999542236328,20.024913787841797,1746800,UNH
2003-08-18,25.799999237060547,26.204999923706055,25.625,25.829999923706055,20.200881958007812,3114400,UNH
2003-08-19,25.71500015258789,25.90999984741211,25.540000915527344,25.735000610351562,20.12657928466797,2950400,UNH
2003-08-20,25.735000610351562,25.739999771118164,25.079999923706055,25.149999618530273,19.669069290161133,5701400,UNH
2003-08-21,25.149999618530273,25.329999923706055,24.7450008392334,24.790000915527344,19.387535095214844,6664000,UNH
2003-08-22,24.950000762939453,24.975000381469727,24.40999984741211,24.454999923706055,19.125534057617188,5652400,UNH
2003-08-25,24.405000686645508,24.4950008392334,24.274999618530273,24.350000381469727,19.043413162231445,4573600,UNH
2003-08-26,24.100000381469727,24.639999389648438,23.975000381469727,24.6200008392334,19.254575729370117,7245800,UNH
2003-08-27,24.5,24.610000610351562,24.325000762939453,24.475000381469727,19.141185760498047,3869000,UNH
2003-08-28,24.540000915527344,24.899999618530273,24.354999542236328,24.399999618530273,19.082523345947266,4282200,UNH
2003-08-29,24.274999618530273,24.770000457763672,24.270000457763672,24.71500015258789,19.328876495361328,3753600,UNH
2003-09-02,24.75,25.045000076293945,24.549999237060547,24.899999618530273,19.473560333251953,4537000,UNH
2003-09-03,24.975000381469727,25.155000686645508,24.700000762939453,24.774999618530273,19.375802993774414,6917200,UNH
2003-09-04,24.75,24.950000762939453,24.635000228881836,24.934999465942383,19.500930786132812,4987400,UNH
2003-09-05,24.934999465942383,25.024999618530273,24.71500015258789,24.799999237060547,19.39534568786621,4534000,UNH
2003-09-08,24.850000381469727,25.475000381469727,24.825000762939453,25.2549991607666,19.75119400024414,4746400,UNH
2003-09-09,25.25,25.399999618530273,25.059999465942383,25.155000686645508,19.67298126220703,3455200,UNH
2003-09-10,25.024999618530273,25.434999465942383,24.950000762939453,25.0,19.5517578125,2882600,UNH
2003-09-11,25.0049991607666,25.229999542236328,24.739999771118164,25.010000228881836,19.559585571289062,3250600,UNH
2003-09-12,24.950000762939453,25.209999084472656,24.770000457763672,24.950000762939453,19.512670516967773,6627200,UNH
2003-09-15,25.1200008392334,25.149999618530273,24.799999237060547,25.020000457763672,19.56740379333496,3561800,UNH
2003-09-16,25.0,25.104999542236328,24.899999618530273,25.040000915527344,19.583049774169922,3594600,UNH
2003-09-17,25.059999465942383,25.489999771118164,24.959999084472656,25.34000015258789,19.81766700744629,4220800,UNH
2003-09-18,25.2549991607666,25.44499969482422,25.19499969482422,25.295000076293945,19.782472610473633,6927000,UNH
2003-09-19,25.375,25.405000686645508,24.969999313354492,24.979999542236328,19.53612518310547,5179800,UNH
2003-09-22,24.985000610351562,25.0,24.600000381469727,24.850000381469727,19.434450149536133,5354600,UNH
2003-09-23,25.0,25.020000457763672,24.674999237060547,24.780000686645508,19.37970733642578,4412600,UNH
2003-09-24,24.700000762939453,24.799999237060547,24.520000457763672,24.524999618530273,19.180280685424805,4239400,UNH
2003-09-25,24.5,24.545000076293945,23.950000762939453,24.0,18.76968765258789,5348400,UNH
2003-09-26,24.024999618530273,24.264999389648438,24.0,24.165000915527344,18.898733139038086,5627000,UNH
2003-09-29,24.260000228881836,24.489999771118164,24.09000015258789,24.389999389648438,19.07469940185547,5646400,UNH
2003-09-30,24.475000381469727,25.260000228881836,24.399999618530273,25.15999984741211,19.67688751220703,7696800,UNH
2003-10-01,25.15999984741211,25.924999237060547,24.75,25.8799991607666,20.239986419677734,8299600,UNH
2003-10-02,25.8799991607666,26.34000015258789,25.684999465942383,26.125,20.431591033935547,6571600,UNH
2003-10-03,26.475000381469727,26.540000915527344,26.299999237060547,26.299999237060547,20.568449020385742,5902600,UNH
2003-10-06,26.299999237060547,26.350000381469727,25.594999313354492,25.75,20.138320922851562,4800000,UNH
2003-10-07,25.5,25.875,25.5,25.825000762939453,20.196969985961914,4290400,UNH
2003-10-08,25.825000762939453,25.950000762939453,25.59000015258789,25.625,20.040555953979492,3131000,UNH
2003-10-09,25.950000762939453,26.0,25.665000915527344,25.790000915527344,20.169597625732422,3717000,UNH
2003-10-10,25.790000915527344,26.145000457763672,25.790000915527344,26.084999084472656,20.400304794311523,2811000,UNH
2003-10-13,26.375,26.635000228881836,26.295000076293945,26.475000381469727,20.70531463623047,4213000,UNH
2003-10-14,26.475000381469727,26.475000381469727,26.049999237060547,26.225000381469727,20.509796142578125,3228400,UNH
2003-10-15,26.110000610351562,26.364999771118164,25.649999618530273,25.665000915527344,20.07184600830078,5604600,UNH
2003-10-16,26.274999618530273,27.0,26.200000762939453,26.690000534057617,20.87346649169922,8438000,UNH
2003-10-17,26.899999618530273,27.05500030517578,26.799999237060547,26.9950008392334,21.112003326416016,5051600,UNH
2003-10-20,27.200000762939453,27.5049991607666,27.094999313354492,27.450000762939453,21.46783447265625,6224000,UNH
2003-10-21,27.450000762939453,27.81999969482422,26.899999618530273,27.774999618530273,21.722007751464844,5840400,UNH
2003-10-22,27.774999618530273,27.774999618530273,27.350000381469727,27.5,21.506935119628906,2948000,UNH
2003-10-23,27.299999237060547,27.399999618530273,26.94499969482422,26.989999771118164,21.10807991027832,5065800,UNH
2003-10-24,26.989999771118164,27.315000534057617,26.69499969482422,27.125,21.21366310119629,4088800,UNH
2003-10-27,26.25,27.0,25.514999389648438,26.200000762939453,20.490243911743164,23816200,UNH
2003-10-28,26.25,26.674999237060547,26.05500030517578,26.174999237060547,20.4706974029541,11444600,UNH
2003-10-29,26.174999237060547,26.469999313354492,26.09000015258789,26.135000228881836,20.439414978027344,6759400,UNH
2003-10-30,26.350000381469727,26.360000610351562,25.309999465942383,25.524999618530273,19.962350845336914,9547600,UNH
2003-10-31,25.774999618530273,25.969999313354492,25.40999984741211,25.440000534057617,19.895872116088867,8392000,UNH
2003-11-03,25.649999618530273,25.690000534057617,25.155000686645508,25.209999084472656,19.71599578857422,8052800,UNH
2003-11-04,25.209999084472656,25.440000534057617,24.75,24.84000015258789,19.42662811279297,9676400,UNH
2003-11-05,24.739999771118164,25.065000534057617,24.625,25.0,19.5517578125,6968000,UNH
2003-11-06,25.0,25.024999618530273,24.415000915527344,24.549999237060547,19.199825286865234,7779600,UNH
2003-11-07,24.55500030517578,24.55500030517578,23.790000915527344,23.924999237060547,18.711030960083008,13116400,UNH
2003-11-10,23.885000228881836,24.25,23.885000228881836,24.1200008392334,18.86353874206543,7621400,UNH
2003-11-11,24.1200008392334,24.530000686645508,24.09000015258789,24.459999084472656,19.129444122314453,5906800,UNH
2003-11-12,24.049999237060547,24.875,24.049999237060547,24.81999969482422,19.410993576049805,6597800,UNH
2003-11-13,24.81999969482422,25.0049991607666,24.704999923706055,24.950000762939453,19.512670516967773,5786200,UNH
2003-11-14,24.950000762939453,25.125,24.725000381469727,24.84000015258789,19.42662811279297,4433200,UNH
2003-11-17,24.84000015258789,24.989999771118164,24.415000915527344,24.924999237060547,19.493112564086914,4000200,UNH
2003-11-18,24.950000762939453,25.0049991607666,24.5,24.549999237060547,19.199825286865234,4141400,UNH
2003-11-19,24.950000762939453,25.895000457763672,24.75,25.790000915527344,20.169597625732422,12004800,UNH
2003-11-20,25.700000762939453,25.770000457763672,25.295000076293945,25.399999618530273,19.864591598510742,5793000,UNH
2003-11-21,25.774999618530273,25.875,25.290000915527344,25.860000610351562,20.22434425354004,7094400,UNH
2003-11-24,25.975000381469727,26.40999984741211,25.94499969482422,26.399999618530273,20.646669387817383,5820400,UNH
2003-11-25,26.399999618530273,26.975000381469727,26.075000762939453,26.915000915527344,21.04942512512207,6366400,UNH
2003-11-26,26.950000762939453,26.954999923706055,26.625,26.885000228881836,21.02596664428711,4981400,UNH
2003-11-28,26.885000228881836,27.450000762939453,26.700000762939453,26.950000762939453,21.076801300048828,2435200,UNH
2003-12-01,27.024999618530273,27.34000015258789,26.950000762939453,27.325000762939453,21.370073318481445,4232600,UNH
2003-12-02,27.325000762939453,27.4950008392334,27.110000610351562,27.459999084472656,21.475656509399414,5649400,UNH
2003-12-03,27.5,27.56999969482422,27.05500030517578,27.25,21.311424255371094,4901200,UNH
2003-12-04,27.25,27.274999618530273,26.795000076293945,27.09000015258789,21.186290740966797,4582000,UNH
2003-12-05,27.06999969482422,27.06999969482422,26.540000915527344,26.68000030517578,20.86564826965332,4418000,UNH
2003-12-08,26.68000030517578,26.934999465942383,26.524999618530273,26.8799991607666,21.022058486938477,3248600,UNH
2003-12-09,26.975000381469727,27.020000457763672,26.635000228881836,26.700000762939453,20.88128662109375,3681400,UNH
2003-12-10,26.625,26.649999618530273,26.274999618530273,26.614999771118164,20.814809799194336,3880400,UNH
2003-12-11,26.739999771118164,27.145000457763672,26.704999923706055,26.875,21.018146514892578,4780000,UNH
2003-12-12,27.024999618530273,27.2549991607666,26.8799991607666,27.235000610351562,21.299697875976562,3349800,UNH
2003-12-15,27.5,27.559999465942383,27.190000534057617,27.239999771118164,21.30360984802246,4600600,UNH
2003-12-16,27.239999771118164,27.454999923706055,27.165000915527344,27.434999465942383,21.456104278564453,4246600,UNH
2003-12-17,27.440000534057617,27.989999771118164,27.395000457763672,27.959999084472656,21.86669158935547,7271600,UNH
2003-12-18,27.959999084472656,28.270000457763672,27.934999465942383,28.145000457763672,22.011375427246094,5528600,UNH
2003-12-19,28.174999237060547,28.225000381469727,27.7549991607666,28.024999618530273,21.917526245117188,6463200,UNH
2003-12-22,28.149999618530273,28.290000915527344,27.905000686645508,28.209999084472656,22.062213897705078,4738400,UNH
2003-12-23,28.149999618530273,28.21500015258789,27.920000076293945,28.010000228881836,21.905794143676758,3728400,UNH
2003-12-24,28.010000228881836,28.219999313354492,27.81999969482422,28.104999542236328,21.980093002319336,1288800,UNH
2003-12-26,28.174999237060547,28.350000381469727,28.114999771118164,28.25,22.093490600585938,1457400,UNH
2003-12-29,28.350000381469727,29.125,28.25,29.049999237060547,22.71915054321289,5714000,UNH
2003-12-30,29.049999237060547,29.049999237060547,28.639999389648438,28.905000686645508,22.60575294494629,3737800,UNH
2003-12-31,29.149999618530273,29.334999084472656,28.969999313354492,29.09000015258789,22.75043487548828,5115200,UNH
2004-01-02,29.524999618530273,29.65999984741211,29.209999084472656,29.520000457763672,23.08672523498535,6243600,UNH
2004-01-05,28.5,29.375,27.725000381469727,28.100000381469727,21.976181030273438,16714000,UNH
2004-01-06,28.125,28.594999313354492,28.079999923706055,28.389999389648438,22.20298194885254,8181800,UNH
2004-01-07,28.649999618530273,28.665000915527344,28.200000762939453,28.655000686645508,22.410228729248047,5916400,UNH
2004-01-08,28.655000686645508,28.975000381469727,28.655000686645508,28.71500015258789,22.457155227661133,5619200,UNH
2004-01-09,28.71500015258789,28.725000381469727,28.225000381469727,28.454999923706055,22.253828048706055,4552400,UNH
2004-01-12,28.575000762939453,28.655000686645508,28.225000381469727,28.350000381469727,22.17169952392578,4224400,UNH
2004-01-13,28.5,28.530000686645508,28.09000015258789,28.2549991607666,22.097396850585938,5563000,UNH
2004-01-14,28.475000381469727,28.989999771118164,28.350000381469727,28.989999771118164,22.672229766845703,5012800,UNH
2004-01-15,28.950000762939453,29.31999969482422,28.530000686645508,29.149999618530273,22.797351837158203,6498800,UNH
2004-01-16,29.299999237060547,29.399999618530273,28.96500015258789,29.329999923706055,22.938133239746094,4826200,UNH
2004-01-20,29.375,29.600000381469727,29.100000381469727,29.28499984741211,22.90293312072754,4150800,UNH
2004-01-21,29.299999237060547,29.350000381469727,29.0,29.219999313354492,22.852108001708984,4043400,UNH
2004-01-22,29.850000381469727,30.405000686645508,29.700000762939453,30.334999084472656,23.72410774230957,9719200,UNH
2004-01-23,30.334999084472656,30.334999084472656,29.3799991607666,29.834999084472656,23.33307647705078,5273200,UNH
2004-01-26,29.834999084472656,30.0,29.469999313354492,29.950000762939453,23.423004150390625,3292600,UNH
2004-01-27,29.985000610351562,29.9950008392334,29.594999313354492,29.729999542236328,23.250951766967773,3593000,UNH
2004-01-28,29.75,29.975000381469727,29.6299991607666,29.709999084472656,23.23531723022461,4438400,UNH
2004-01-29,29.950000762939453,30.5,29.665000915527344,30.454999923706055,23.81795310974121,6065400,UNH
2004-01-30,30.399999618530273,30.485000610351562,30.1200008392334,30.440000534057617,23.806230545043945,4653400,UNH
2004-02-02,30.405000686645508,30.46500015258789,29.834999084472656,30.010000228881836,23.46993064880371,8136800,UNH
2004-02-03,30.024999618530273,30.110000610351562,29.700000762939453,30.045000076293945,23.4973087310791,4115000,UNH
2004-02-04,30.045000076293945,30.1299991607666,29.885000228881836,30.03499984741211,23.489484786987305,3396800,UNH
2004-02-05,29.625,29.69499969482422,29.059999465942383,29.559999465942383,23.118003845214844,5426600,UNH
2004-02-06,29.399999618530273,29.875,29.174999237060547,29.809999465942383,23.31353187561035,3985600,UNH
2004-02-09,29.875,29.959999084472656,29.575000762939453,29.774999618530273,23.286148071289062,3283400,UNH
2004-02-10,29.709999084472656,30.100000381469727,29.704999923706055,30.0,23.462120056152344,11177200,UNH
2004-02-11,30.0,30.0,29.19499969482422,29.700000762939453,23.227502822875977,10029200,UNH
2004-02-12,29.850000381469727,29.979999542236328,29.56999969482422,29.600000381469727,23.1492862701416,8163000,UNH
2004-02-13,29.674999237060547,29.9950008392334,29.549999237060547,29.834999084472656,23.33307647705078,6720000,UNH
2004-02-17,30.0,30.360000610351562,29.850000381469727,30.25,23.657630920410156,4619800,UNH
2004-02-18,30.350000381469727,30.510000228881836,30.100000381469727,30.149999618530273,23.57942771911621,6803200,UNH
2004-02-19,30.475000381469727,30.899999618530273,30.364999771118164,30.524999618530273,23.872699737548828,6757200,UNH
2004-02-20,30.674999237060547,30.860000610351562,30.18000030517578,30.520000457763672,23.868793487548828,5626600,UNH
2004-02-23,30.649999618530273,30.719999313354492,30.399999618530273,30.604999542236328,23.93526268005371,4608600,UNH
2004-02-24,30.575000762939453,30.989999771118164,30.56999969482422,30.959999084472656,24.212905883789062,5143400,UNH
2004-02-25,30.924999237060547,31.114999771118164,30.700000762939453,30.940000534057617,24.197261810302734,5036600,UNH
2004-02-26,30.825000762939453,31.145000457763672,30.25,30.989999771118164,24.23636817932129,6991400,UNH
2004-02-27,31.0,31.149999618530273,30.8700008392334,31.0,24.24418830871582,4890400,UNH
2004-03-01,31.0,31.18000030517578,30.729999542236328,30.81999969482422,24.103418350219727,5242000,UNH
2004-03-02,30.834999084472656,30.975000381469727,30.549999237060547,30.639999389648438,23.962636947631836,5216000,UNH
2004-03-03,30.725000381469727,31.170000076293945,30.725000381469727,31.15999984741211,24.36931800842285,7821800,UNH
2004-03-04,31.225000381469727,31.25,30.924999237060547,31.25,24.4397029876709,5388400,UNH
2004-03-05,30.975000381469727,31.739999771118164,30.96500015258789,31.584999084472656,24.701705932617188,6338600,UNH
2004-03-08,31.59000015258789,31.59000015258789,31.200000762939453,31.225000381469727,24.42015266418457,4818400,UNH
2004-03-09,30.924999237060547,30.950000762939453,30.600000381469727,30.704999923706055,24.013473510742188,5029400,UNH
2004-03-10,30.84000015258789,30.975000381469727,30.65999984741211,30.809999465942383,24.095590591430664,5235000,UNH
2004-03-11,30.809999465942383,30.8799991607666,30.299999237060547,30.30500030517578,23.700647354125977,4574600,UNH
2004-03-12,30.55500030517578,31.0,30.399999618530273,30.90999984741211,24.17380142211914,4629800,UNH
2004-03-15,30.725000381469727,31.225000381469727,30.725000381469727,31.059999465942383,24.291112899780273,3550200,UNH
2004-03-16,31.25,31.69499969482422,31.184999465942383,31.454999923706055,24.60002326965332,5380600,UNH
2004-03-17,31.174999237060547,31.850000381469727,31.15999984741211,31.670000076293945,24.768171310424805,3813200,UNH
2004-03-18,31.670000076293945,32.099998474121094,31.65999984741211,32.040000915527344,25.057540893554688,4089600,UNH
2004-03-19,31.774999618530273,31.920000076293945,31.604999542236328,31.735000610351562,24.81901741027832,5538200,UNH
2004-03-22,31.735000610351562,31.875,31.329999923706055,31.475000381469727,24.61566925048828,4611000,UNH
2004-03-23,31.5,32.06999969482422,31.05500030517578,31.850000381469727,24.90894317626953,4958400,UNH
2004-03-24,31.799999237060547,31.799999237060547,30.860000610351562,30.9950008392334,24.24028205871582,6591600,UNH
2004-03-25,31.225000381469727,31.375,30.719999313354492,31.145000457763672,24.35758399963379,4577800,UNH
2004-03-26,31.100000381469727,31.225000381469727,30.94499969482422,31.03499984741211,24.271564483642578,3785800,UNH
2004-03-29,31.424999237060547,31.709999084472656,31.30500030517578,31.625,24.73298454284668,4554400,UNH
2004-03-30,32.084999084472656,32.084999084472656,31.549999237060547,31.81999969482422,24.897296905517578,3783800,UNH
2004-03-31,31.934999465942383,32.25,31.739999771118164,32.220001220703125,25.21026611328125,3800000,UNH
2004-04-01,32.17499923706055,32.5,32.15999984741211,32.48500061035156,25.417621612548828,4411800,UNH
2004-04-02,32.525001525878906,32.869998931884766,32.349998474121094,32.560001373291016,25.476299285888672,4385000,UNH
2004-04-05,32.875,33.5,32.810001373291016,33.5,26.211801528930664,5603400,UNH
2004-04-06,33.375,33.6150016784668,33.25,33.59000015258789,26.282215118408203,4191000,UNH
2004-04-07,33.5,33.505001068115234,33.09000015258789,33.43000030517578,26.15702247619629,3334200,UNH
2004-04-08,33.494998931884766,33.60499954223633,33.03499984741211,33.25,26.01618194580078,2611600,UNH
2004-04-12,33.474998474121094,34.10499954223633,33.380001068115234,34.040000915527344,26.634321212768555,3295200,UNH
2004-04-13,34.25,34.25,33.564998626708984,33.69499969482422,26.364368438720703,5088600,UNH
2004-04-14,33.70000076293945,34.125,32.90999984741211,33.45000076293945,26.172679901123047,5099000,UNH
2004-04-15,32.29999923706055,32.599998474121094,30.864999771118164,31.975000381469727,25.018577575683594,22416800,UNH
2004-04-16,32.0,32.92499923706055,31.625,32.70500183105469,25.589757919311523,9732400,UNH
2004-04-19,32.619998931884766,32.8650016784668,32.529998779296875,32.529998779296875,25.452817916870117,7295400,UNH
2004-04-20,32.404998779296875,32.46500015258789,31.649999618530273,31.75,24.842525482177734,6904400,UNH
2004-04-21,31.875,32.52000045776367,31.81999969482422,32.3849983215332,25.339374542236328,6768400,UNH
2004-04-22,32.209999084472656,33.16999816894531,32.209999084472656,33.10499954223633,25.90273666381836,6527400,UNH
2004-04-23,33.0,33.084999084472656,32.82500076293945,32.974998474121094,25.801010131835938,2523800,UNH
2004-04-26,32.97999954223633,33.04499816894531,31.80500030517578,31.950000762939453,24.999008178710938,9575400,UNH
2004-04-27,32.29999923706055,32.59000015258789,31.80500030517578,32.2599983215332,25.2415714263916,24536600,UNH
2004-04-28,32.2599983215332,32.279998779296875,31.549999237060547,31.674999237060547,24.78384017944336,7985400,UNH
2004-04-29,31.674999237060547,31.735000610351562,31.100000381469727,31.139999389648438,24.365236282348633,6735600,UNH
2004-04-30,31.139999389648438,31.229999542236328,30.5,30.739999771118164,24.052255630493164,8378400,UNH
2004-05-03,30.75,31.2549991607666,30.3700008392334,31.229999542236328,24.435653686523438,7755200,UNH
2004-05-04,30.924999237060547,31.024999618530273,30.709999084472656,30.75,24.060075759887695,7168200,UNH
2004-05-05,30.825000762939453,31.309999465942383,30.7549991607666,31.270000457763672,24.46695899963379,6424400,UNH
2004-05-06,31.045000076293945,31.165000915527344,30.4950008392334,30.850000381469727,24.138322830200195,6344200,UNH
2004-05-07,30.645000457763672,31.049999237060547,30.229999542236328,30.264999389648438,23.680599212646484,6557200,UNH
2004-05-10,30.264999389648438,30.264999389648438,29.30500030517578,30.170000076293945,23.60626983642578,8979600,UNH
2004-05-11,30.170000076293945,30.700000762939453,30.135000228881836,30.665000915527344,23.993572235107422,7510800,UNH
2004-05-12,30.510000228881836,31.075000762939453,30.440000534057617,30.940000534057617,24.208744049072266,6470400,UNH
2004-05-13,30.899999618530273,31.334999084472656,30.854999542236328,31.155000686645508,24.376972198486328,5878200,UNH
2004-05-14,31.100000381469727,31.530000686645508,30.78499984741211,31.260000228881836,24.45912742614746,5716400,UNH
2004-05-17,31.0,31.520000457763672,30.7549991607666,31.299999237060547,24.490419387817383,5237600,UNH
2004-05-18,31.360000610351562,31.735000610351562,31.309999465942383,31.479999542236328,24.63126564025879,5195400,UNH
2004-05-19,31.524999618530273,31.979999542236328,31.350000381469727,31.575000762939453,24.705589294433594,7940400,UNH
2004-05-20,31.524999618530273,31.530000686645508,30.905000686645508,31.31999969482422,24.506072998046875,7510600,UNH
2004-05-21,31.375,31.774999618530273,31.239999771118164,31.600000381469727,24.72515869140625,7680200,UNH
2004-05-24,31.600000381469727,32.064998626708984,31.53499984741211,31.860000610351562,24.928592681884766,6141800,UNH
2004-05-25,31.809999465942383,31.94499969482422,31.545000076293945,31.809999465942383,24.889463424682617,5592400,UNH
2004-05-26,31.809999465942383,31.985000610351562,31.25,31.5049991607666,24.650829315185547,9423800,UNH
2004-05-27,31.540000915527344,32.220001220703125,31.4950008392334,32.21500015258789,25.206356048583984,11126800,UNH
2004-05-28,32.19499969482422,32.65999984741211,32.099998474121094,32.625,25.527162551879883,7110800,UNH
2004-06-01,32.75,33.0,32.345001220703125,32.70000076293945,25.585845947265625,7209000,UNH
2004-06-02,32.81999969482422,32.93000030517578,32.400001525878906,32.84000015258789,25.695388793945312,5960600,UNH
2004-06-03,32.95000076293945,32.974998474121094,32.584999084472656,32.790000915527344,25.65625762939453,7407400,UNH
2004-06-04,32.79999923706055,32.845001220703125,32.3650016784668,32.474998474121094,25.409791946411133,5353400,UNH
2004-06-07,32.5,32.89500045776367,32.439998626708984,32.7599983215332,25.632789611816406,3784600,UNH
2004-06-08,32.20000076293945,32.599998474121094,32.029998779296875,32.529998779296875,25.452817916870117,6408600,UNH
2004-06-09,32.5,32.73500061035156,32.310001373291016,32.32500076293945,25.29242515563965,4101200,UNH
2004-06-10,32.474998474121094,32.53499984741211,31.844999313354492,31.93000030517578,24.983366012573242,5122600,UNH
2004-06-14,31.75,32.064998626708984,31.549999237060547,31.774999618530273,24.862083435058594,4372800,UNH
2004-06-15,31.875,32.04499816894531,31.604999542236328,31.860000610351562,24.928592681884766,4098400,UNH
2004-06-16,31.899999618530273,32.125,31.770000457763672,31.899999618530273,24.95988655090332,3614000,UNH
2004-06-17,31.924999237060547,32.10499954223633,31.80500030517578,31.875,24.940332412719727,4181000,UNH
2004-06-18,31.8799991607666,32.09000015258789,31.809999465942383,32.0,25.03813362121582,4981000,UNH
2004-06-21,32.0,32.0,31.020000457763672,31.114999771118164,24.345674514770508,9431600,UNH
2004-06-22,31.114999771118164,31.219999313354492,30.579999923706055,30.700000762939453,24.020963668823242,7446000,UNH
2004-06-23,30.71500015258789,30.850000381469727,30.375,30.729999542236328,24.044435501098633,6658600,UNH
2004-06-24,30.735000610351562,30.950000762939453,30.434999465942383,30.649999618530273,23.981843948364258,6023400,UNH
2004-06-25,30.799999237060547,31.149999618530273,30.725000381469727,30.864999771118164,24.150070190429688,5434800,UNH
2004-06-28,30.90999984741211,31.075000762939453,30.149999618530273,30.375,23.766666412353516,6539200,UNH
2004-06-29,30.5,30.94499969482422,30.5,30.704999923706055,24.02487564086914,4138400,UNH
2004-06-30,30.850000381469727,31.145000457763672,30.71500015258789,31.125,24.35349464416504,4474600,UNH
2004-07-01,30.649999618530273,31.05500030517578,30.5,30.899999618530273,24.177444458007812,5915400,UNH
2004-07-02,30.665000915527344,30.709999084472656,30.329999923706055,30.475000381469727,23.844913482666016,3731400,UNH
2004-07-06,30.350000381469727,30.385000228881836,29.670000076293945,30.040000915527344,23.50455093383789,7073200,UNH
2004-07-07,30.075000762939453,30.735000610351562,30.024999618530273,30.635000228881836,23.97010040283203,4909200,UNH
2004-07-08,30.6200008392334,30.80500030517578,30.1299991607666,30.165000915527344,23.602357864379883,4545800,UNH
2004-07-09,30.200000762939453,30.5,29.875,30.125,23.57105255126953,6050800,UNH
2004-07-12,30.25,30.43000030517578,29.905000686645508,30.270000457763672,23.684505462646484,4823600,UNH
2004-07-13,30.625,31.15999984741211,30.604999542236328,30.9950008392334,24.251785278320312,6332400,UNH
2004-07-14,31.149999618530273,31.434999465942383,30.8700008392334,30.950000762939453,24.216575622558594,6228600,UNH
2004-07-15,30.954999923706055,32.88999938964844,30.954999923706055,32.85499954223633,25.707117080688477,15104200,UNH
2004-07-16,33.0,33.03499984741211,32.630001068115234,32.81999969482422,25.67974090576172,9925000,UNH
2004-07-19,32.75,32.8849983215332,32.16999816894531,32.665000915527344,25.55845069885254,6634400,UNH
2004-07-20,32.79999923706055,32.970001220703125,32.435001373291016,32.970001220703125,25.797101974487305,5850600,UNH
2004-07-21,33.04999923706055,33.04999923706055,32.154998779296875,32.154998779296875,25.159408569335938,5563000,UNH
2004-07-22,31.889999389648438,32.185001373291016,31.399999618530273,31.969999313354492,25.01465606689453,6478200,UNH
2004-07-23,31.844999313354492,31.850000381469727,31.100000381469727,31.450000762939453,24.6077938079834,7330400,UNH
2004-07-26,31.309999465942383,31.954999923706055,31.309999465942383,31.844999313354492,24.91685676574707,7167400,UNH
2004-07-27,31.850000381469727,31.854999542236328,30.03499984741211,30.75,24.060075759887695,16582800,UNH
2004-07-28,31.0,31.100000381469727,30.309999465942383,30.899999618530273,24.177444458007812,7769600,UNH
2004-07-29,31.3700008392334,32.584999084472656,31.25,32.005001068115234,25.04205322265625,31397000,UNH
2004-07-30,31.719999313354492,31.934999465942383,31.075000762939453,31.450000762939453,24.6077938079834,12278400,UNH
2004-08-02,31.05500030517578,31.610000610351562,31.024999618530273,31.524999618530273,24.666471481323242,6589800,UNH
2004-08-03,31.5,31.594999313354492,31.125,31.155000686645508,24.376972198486328,6757400,UNH
2004-08-04,31.225000381469727,31.485000610351562,30.940000534057617,31.174999237060547,24.392623901367188,5282600,UNH
2004-08-05,31.200000762939453,31.475000381469727,30.979999542236328,30.979999542236328,24.24005126953125,4996400,UNH
2004-08-06,30.450000762939453,30.889999389648438,30.354999542236328,30.674999237060547,24.001399993896484,6629200,UNH
2004-08-09,30.75,30.850000381469727,30.604999542236328,30.684999465942383,24.009220123291016,4370000,UNH
2004-08-10,30.950000762939453,31.53499984741211,30.950000762939453,31.53499984741211,24.674297332763672,6317400,UNH
2004-08-11,31.225000381469727,32.185001373291016,31.190000534057617,32.099998474121094,25.116382598876953,6553000,UNH
2004-08-12,31.899999618530273,32.220001220703125,31.774999618530273,32.1349983215332,25.14376449584961,5930200,UNH
2004-08-13,32.165000915527344,32.5,32.165000915527344,32.45000076293945,25.390230178833008,6019600,UNH
2004-08-16,32.36000061035156,32.665000915527344,32.150001525878906,32.61000061035156,25.515417098999023,3798400,UNH
2004-08-17,32.4900016784668,32.61000061035156,32.224998474121094,32.5,25.429346084594727,5296000,UNH
2004-08-18,32.41999816894531,32.720001220703125,32.32500076293945,32.53499984741211,25.456750869750977,3572400,UNH
2004-08-19,32.5,32.529998779296875,32.05500030517578,32.45000076293945,25.390230178833008,3655400,UNH
2004-08-20,32.45000076293945,32.83000183105469,32.44499969482422,32.78499984741211,25.652353286743164,2773200,UNH
2004-08-23,32.685001373291016,32.92499923706055,32.34000015258789,32.47999954223633,25.413711547851562,3346200,UNH
2004-08-24,32.5,32.834999084472656,32.375,32.4900016784668,25.421527862548828,3101200,UNH
2004-08-25,32.4900016784668,32.630001068115234,32.290000915527344,32.584999084472656,25.495859146118164,3121400,UNH
2004-08-26,32.584999084472656,32.77000045776367,32.45000076293945,32.650001525878906,25.546724319458008,2476000,UNH
2004-08-27,32.650001525878906,32.93000030517578,32.625,32.81999969482422,25.67974090576172,2054200,UNH
2004-08-30,32.70000076293945,32.92499923706055,32.54999923706055,32.58000183105469,25.491941452026367,2512400,UNH
2004-08-31,32.724998474121094,33.08000183105469,32.625,33.064998626708984,25.871431350708008,4267400,UNH
2004-09-01,32.9900016784668,33.435001373291016,32.96500015258789,33.334999084472656,26.08268165588379,3915000,UNH
2004-09-02,33.209999084472656,33.75,32.92499923706055,33.67499923706055,26.348724365234375,3614600,UNH
2004-09-03,33.5,33.834999084472656,33.470001220703125,33.52000045776367,26.227439880371094,3393800,UNH
2004-09-07,33.52000045776367,34.119998931884766,33.52000045776367,34.09000015258789,26.673433303833008,5462800,UNH
2004-09-08,34.209999084472656,34.525001525878906,34.16999816894531,34.29999923706055,26.83774757385254,6229200,UNH
2004-09-09,34.29999923706055,34.44499969482422,34.209999084472656,34.29499816894531,26.833820343017578,4603200,UNH
2004-09-10,34.19499969482422,34.494998931884766,34.04499816894531,34.435001373291016,26.943384170532227,2878000,UNH
2004-09-13,34.5,34.82500076293945,34.415000915527344,34.505001068115234,26.998151779174805,4433200,UNH
2004-09-14,34.69499969482422,34.974998474121094,34.35499954223633,34.970001220703125,27.36198616027832,5230200,UNH
2004-09-15,34.724998474121094,35.27000045776367,34.66999816894531,35.13999938964844,27.4950008392334,7341000,UNH
2004-09-16,35.13999938964844,35.150001525878906,34.80500030517578,34.88999938964844,27.29938507080078,3947200,UNH
2004-09-17,34.540000915527344,34.97999954223633,34.400001525878906,34.90999984741211,27.315031051635742,5174400,UNH
2004-09-20,33.584999084472656,35.0,33.584999084472656,34.875,27.28766441345215,2920600,UNH
2004-09-21,35.07500076293945,35.5099983215332,34.85499954223633,35.255001068115234,27.584978103637695,4668200,UNH
2004-09-22,35.2599983215332,35.369998931884766,34.92499923706055,35.150001525878906,27.502832412719727,4616600,UNH
2004-09-23,35.34000015258789,35.34000015258789,34.75,35.04499816894531,27.420669555664062,4094400,UNH
2004-09-24,34.994998931884766,35.88999938964844,34.96500015258789,35.665000915527344,27.905786514282227,4486400,UNH
2004-09-27,35.665000915527344,36.32500076293945,35.439998626708984,36.290000915527344,28.39481544494629,6643600,UNH
2004-09-28,36.29499816894531,37.375,36.18000030517578,36.834999084472656,28.821239471435547,8995000,UNH
2004-09-29,36.834999084472656,36.834999084472656,35.974998474121094,36.11000061035156,28.253976821899414,11144000,UNH
2004-09-30,36.41999816894531,37.099998474121094,36.275001525878906,36.869998931884766,28.848609924316406,8119600,UNH
2004-10-01,37.04999923706055,37.375,36.60499954223633,36.880001068115234,28.856447219848633,7091400,UNH
2004-10-04,36.880001068115234,37.22999954223633,36.61000061035156,36.61000061035156,28.645191192626953,5804800,UNH
2004-10-05,36.6150016784668,37.275001525878906,36.540000915527344,36.904998779296875,28.876005172729492,5189200,UNH
2004-10-06,36.90999984741211,37.334999084472656,36.904998779296875,37.29999923706055,29.185075759887695,3495600,UNH
2004-10-07,37.29999923706055,37.595001220703125,37.13999938964844,37.44499969482422,29.29853057861328,6549400,UNH
2004-10-08,37.45000076293945,37.494998931884766,36.314998626708984,36.70000076293945,28.715600967407227,8382600,UNH
2004-10-11,36.775001525878906,37.0,36.525001525878906,36.625,28.656932830810547,3205800,UNH
2004-10-12,36.630001068115234,36.630001068115234,36.10499954223633,36.290000915527344,28.39481544494629,6306400,UNH
2004-10-13,36.459999084472656,36.46500015258789,35.79999923706055,36.005001068115234,28.17181396484375,7235600,UNH
2004-10-14,37.099998474121094,37.439998626708984,36.32500076293945,36.33000183105469,28.426109313964844,12697200,UNH
2004-10-15,36.32500076293945,36.8650016784668,35.44499969482422,36.67499923706055,28.696046829223633,12027400,UNH
2004-10-18,36.525001525878906,36.834999084472656,36.415000915527344,36.67499923706055,28.696046829223633,6348000,UNH
2004-10-19,36.29499816894531,36.29499816894531,32.30500030517578,33.25,26.01618194580078,43429800,UNH
2004-10-20,33.275001525878906,35.71500015258789,32.904998779296875,34.93000030517578,27.33068084716797,21949800,UNH
2004-10-21,34.80500030517578,35.125,33.5099983215332,34.125,26.700822830200195,15085200,UNH
2004-10-22,34.10499954223633,35.125,34.10499954223633,34.93000030517578,27.33068084716797,10189800,UNH
2004-10-25,34.67499923706055,35.0,34.23500061035156,34.599998474121094,27.072484970092773,6794200,UNH
2004-10-26,35.084999084472656,35.6150016784668,35.084999084472656,35.505001068115234,27.780595779418945,10955200,UNH
2004-10-27,35.7400016784668,36.61000061035156,35.5,36.400001525878906,28.480871200561523,7764400,UNH
2004-10-28,36.474998474121094,36.584999084472656,35.7400016784668,36.32500076293945,28.422189712524414,8391400,UNH
2004-10-29,36.224998474121094,36.375,35.95000076293945,36.20000076293945,28.32439613342285,6300200,UNH
2004-11-01,36.099998474121094,36.2599983215332,35.790000915527344,36.11000061035156,28.253976821899414,7565400,UNH
2004-11-02,36.25,36.76499938964844,35.95000076293945,35.96500015258789,28.14051055908203,8684200,UNH
2004-11-03,37.375,38.380001068115234,37.375,37.76499938964844,29.548900604248047,11935400,UNH
2004-11-04,37.75,38.95000076293945,37.625,38.875,30.41741943359375,11276200,UNH
2004-11-05,39.025001525878906,39.834999084472656,39.01499938964844,39.7400016784668,31.094221115112305,7749200,UNH
2004-11-08,39.54999923706055,39.93000030517578,39.4900016784668,39.72999954223633,31.086402893066406,4736400,UNH
2004-11-09,40.125,40.35499954223633,39.6150016784668,39.654998779296875,31.027721405029297,9697200,UNH
2004-11-10,39.724998474121094,40.7400016784668,39.6150016784668,40.47999954223633,31.673240661621094,7204200,UNH
2004-11-11,40.47999954223633,41.099998474121094,40.224998474121094,40.849998474121094,31.962736129760742,6447000,UNH
2004-11-12,40.849998474121094,40.849998474121094,39.79999923706055,40.75,31.88450050354004,9760200,UNH
2004-11-15,40.67499923706055,40.90999984741211,40.40999984741211,40.83000183105469,31.947111129760742,6983200,UNH
2004-11-16,40.77000045776367,40.869998931884766,40.11000061035156,40.3849983215332,31.598899841308594,4560400,UNH
2004-11-17,41.4900016784668,41.4900016784668,40.310001373291016,40.64500045776367,31.802352905273438,3888400,UNH
2004-11-18,40.92499923706055,41.400001525878906,40.775001525878906,41.26499938964844,32.28744125366211,4480800,UNH
2004-11-19,41.474998474121094,41.57500076293945,40.39500045776367,40.86000061035156,31.970563888549805,4417600,UNH
2004-11-22,40.54999923706055,41.11000061035156,40.349998474121094,40.9900016784668,32.07229232788086,4220000,UNH
2004-11-23,40.875,41.349998474121094,40.59000015258789,41.255001068115234,32.27963638305664,4670800,UNH
2004-11-24,41.255001068115234,41.400001525878906,40.974998474121094,41.130001068115234,32.18182373046875,2930000,UNH
2004-11-26,41.20000076293945,42.10499954223633,41.20000076293945,41.939998626708984,32.815616607666016,1899600,UNH
2004-11-29,42.040000915527344,42.17499923706055,41.415000915527344,41.4900016784668,32.463504791259766,5391800,UNH
2004-11-30,41.4900016784668,41.630001068115234,41.099998474121094,41.42499923706055,32.41264343261719,10285800,UNH
2004-12-01,41.0,41.47999954223633,40.7599983215332,41.06999969482422,32.1348762512207,10310000,UNH
2004-12-02,41.025001525878906,41.1349983215332,40.77000045776367,40.92499923706055,32.02140808105469,5520000,UNH
2004-12-03,40.939998626708984,41.44499969482422,40.915000915527344,41.154998779296875,32.201385498046875,5222800,UNH
2004-12-06,40.525001525878906,40.73500061035156,39.93000030517578,40.6150016784668,31.778873443603516,7039600,UNH
2004-12-07,40.42499923706055,40.54999923706055,39.630001068115234,39.849998474121094,31.180294036865234,9265400,UNH
2004-12-08,39.9900016784668,41.29999923706055,39.96500015258789,41.27000045776367,32.2913818359375,6558800,UNH
2004-12-09,41.17499923706055,42.40999984741211,40.90999984741211,42.375,33.155975341796875,7172600,UNH
2004-12-10,42.275001525878906,42.474998474121094,41.80500030517578,42.3849983215332,33.16378402709961,5186000,UNH
2004-12-13,42.48500061035156,43.53499984741211,42.334999084472656,42.8650016784668,33.539371490478516,12231200,UNH
2004-12-14,42.869998931884766,43.77000045776367,42.70500183105469,43.45000076293945,33.9970817565918,7446600,UNH
2004-12-15,43.45000076293945,43.470001220703125,42.744998931884766,43.1150016784668,33.734962463378906,4992200,UNH
2004-12-16,43.29999923706055,43.349998474121094,42.70500183105469,43.025001525878906,33.66454315185547,6913400,UNH
2004-12-17,42.665000915527344,43.29999923706055,42.525001525878906,42.68000030517578,33.394596099853516,7738800,UNH
2004-12-20,42.900001525878906,43.2400016784668,42.26499938964844,42.375,33.155975341796875,5266200,UNH
2004-12-21,42.70000076293945,42.95000076293945,42.38999938964844,42.61000061035156,33.33983612060547,4816000,UNH
2004-12-22,42.95000076293945,42.95000076293945,42.525001525878906,42.7400016784668,33.441558837890625,4714800,UNH
2004-12-23,42.71500015258789,42.900001525878906,42.5,42.5,33.25376510620117,2610400,UNH
2004-12-27,42.79999923706055,43.150001525878906,42.64500045776367,42.834999084472656,33.515892028808594,2981600,UNH
2004-12-28,42.98500061035156,43.564998626708984,42.77000045776367,43.4900016784668,34.02838897705078,3184400,UNH
2004-12-29,43.275001525878906,43.83000183105469,43.18000030517578,43.67499923706055,34.17314147949219,3312000,UNH
2004-12-30,43.70000076293945,44.099998474121094,43.625,43.92499923706055,34.36874008178711,3060400,UNH
2004-12-31,43.92499923706055,44.380001068115234,43.849998474121094,44.01499938964844,34.439178466796875,3056800,UNH
2005-01-03,43.599998474121094,43.869998931884766,43.2400016784668,43.310001373291016,33.88754653930664,6252600,UNH
2005-01-04,43.29999923706055,43.584999084472656,42.625,42.8650016784668,33.539371490478516,5582000,UNH
2005-01-05,42.875,43.54499816894531,42.790000915527344,43.01499938964844,33.65673828125,4577600,UNH
2005-01-06,43.099998474121094,44.04999923706055,43.099998474121094,43.96500015258789,34.40005111694336,4837600,UNH
2005-01-07,43.95000076293945,44.36000061035156,43.29999923706055,43.6150016784668,34.126197814941406,6653200,UNH
2005-01-10,43.599998474121094,44.25,43.57500076293945,43.79999923706055,34.27095031738281,5375200,UNH
2005-01-11,43.775001525878906,43.970001220703125,43.55500030517578,43.755001068115234,34.235740661621094,4238600,UNH
2005-01-12,44.0,44.25,43.790000915527344,44.04499816894531,34.462642669677734,4137400,UNH
2005-01-13,44.2599983215332,44.8650016784668,44.08000183105469,44.20000076293945,34.58390808105469,6493400,UNH
2005-01-14,44.20000076293945,44.845001220703125,44.15999984741211,44.779998779296875,35.037723541259766,4235600,UNH
2005-01-18,44.45000076293945,44.630001068115234,44.04999923706055,44.400001525878906,34.74043273925781,5881800,UNH
2005-01-19,44.400001525878906,44.474998474121094,43.79999923706055,44.13999938964844,34.5369873046875,4284600,UNH
2005-01-20,44.92499923706055,44.970001220703125,42.73500061035156,43.314998626708984,33.89146423339844,13230600,UNH
2005-01-21,43.31999969482422,44.59000015258789,43.31999969482422,44.42499923706055,34.75996780395508,9431400,UNH
2005-01-24,44.900001525878906,44.92499923706055,44.005001068115234,44.125,34.52524948120117,6587800,UNH
2005-01-25,44.125,44.72999954223633,43.790000915527344,43.875,34.32962417602539,4913600,UNH
2005-01-26,44.025001525878906,44.314998626708984,43.77000045776367,43.900001525878906,34.34919357299805,4652600,UNH
2005-01-27,43.400001525878906,44.349998474121094,43.400001525878906,44.22999954223633,34.60740280151367,5150800,UNH
2005-01-28,44.125,44.224998474121094,43.72999954223633,44.07500076293945,34.486114501953125,3807600,UNH
2005-01-31,44.20000076293945,44.584999084472656,44.16999816894531,44.45000076293945,34.779541015625,4454400,UNH
2005-02-01,44.474998474121094,45.5,44.404998779296875,45.34000015258789,35.475914001464844,6627400,UNH
2005-02-02,45.150001525878906,45.29999923706055,44.744998931884766,45.0,35.209877014160156,5495000,UNH
2005-02-03,45.0,45.48500061035156,44.83000183105469,45.279998779296875,35.428951263427734,4504400,UNH
2005-02-04,45.025001525878906,45.900001525878906,45.025001525878906,45.8849983215332,35.90232467651367,4584800,UNH
2005-02-07,45.439998626708984,45.439998626708984,44.375,44.46500015258789,34.79127883911133,9093200,UNH
2005-02-08,44.875,44.900001525878906,44.209999084472656,44.435001373291016,34.76778793334961,6125600,UNH
2005-02-09,44.70000076293945,44.81999969482422,43.45000076293945,43.59000015258789,34.10662841796875,5712600,UNH
2005-02-10,44.125,44.2599983215332,43.650001525878906,44.01499938964844,34.439178466796875,5493400,UNH
2005-02-11,44.04999923706055,44.439998626708984,43.73500061035156,43.875,34.32962417602539,5457600,UNH
2005-02-14,43.880001068115234,44.7400016784668,43.755001068115234,44.474998474121094,34.79909133911133,4230800,UNH
2005-02-15,44.650001525878906,45.130001068115234,44.6150016784668,45.099998474121094,35.28810119628906,5515600,UNH
2005-02-16,44.88999938964844,45.064998626708984,44.58000183105469,44.935001373291016,35.15900421142578,3695200,UNH
2005-02-17,44.810001373291016,44.93000030517578,44.369998931884766,44.5099983215332,34.82647705078125,4055600,UNH
2005-02-18,44.54999923706055,44.625,44.375,44.525001525878906,34.83821487426758,3898600,UNH
2005-02-22,44.01499938964844,44.20000076293945,43.32500076293945,43.45000076293945,33.9970817565918,7393400,UNH
2005-02-23,43.45000076293945,44.41999816894531,43.45000076293945,44.17499923706055,34.56436538696289,4139200,UNH
2005-02-24,44.18000030517578,44.650001525878906,43.810001373291016,44.650001525878906,34.93601608276367,4709200,UNH
2005-02-25,44.79999923706055,45.744998931884766,44.724998474121094,45.69499969482422,35.7536735534668,5175200,UNH
2005-02-28,45.459999084472656,45.94499969482422,45.20000076293945,45.58000183105469,35.663700103759766,4779200,UNH
2005-03-01,45.345001220703125,45.625,45.119998931884766,45.40999984741211,35.53068161010742,3699800,UNH
2005-03-02,45.10499954223633,46.33000183105469,45.084999084472656,45.724998474121094,35.77714920043945,4695800,UNH
2005-03-03,45.775001525878906,45.959999084472656,45.42499923706055,45.81999969482422,35.85148239135742,4119400,UNH
2005-03-04,46.099998474121094,46.82500076293945,45.959999084472656,46.64500045776367,36.49698257446289,3647600,UNH
2005-03-07,46.52000045776367,46.78499984741211,45.525001525878906,45.599998474121094,35.67933654785156,5007800,UNH
2005-03-08,45.595001220703125,45.73500061035156,45.130001068115234,45.17499923706055,35.3468017578125,5869600,UNH
2005-03-09,45.07500076293945,45.3849983215332,44.599998474121094,45.125,35.30768585205078,4079400,UNH
2005-03-10,45.224998474121094,45.92499923706055,45.224998474121094,45.709999084472656,35.76540756225586,4433000,UNH
2005-03-11,46.0,46.165000915527344,45.060001373291016,45.13999938964844,35.31940841674805,4051400,UNH
2005-03-14,45.13999938964844,45.70000076293945,44.939998626708984,45.23500061035156,35.393760681152344,3561000,UNH
2005-03-15,45.5,45.619998931884766,44.97999954223633,45.040000915527344,35.24116897583008,5361200,UNH
2005-03-16,45.005001068115234,45.099998474121094,44.70000076293945,45.040000915527344,35.24116897583008,4420000,UNH
2005-03-17,45.32500076293945,45.93000030517578,44.810001373291016,45.54999923706055,35.640220642089844,5190800,UNH
2005-03-18,45.67499923706055,45.880001068115234,45.165000915527344,45.625,35.69890213012695,6771200,UNH
2005-03-21,45.974998474121094,45.9900016784668,45.36000061035156,45.814998626708984,35.847557067871094,4991000,UNH
2005-03-22,45.939998626708984,46.70000076293945,45.939998626708984,46.025001525878906,36.01188278198242,5078200,UNH
2005-03-23,45.75,46.400001525878906,45.54999923706055,46.189998626708984,36.1409797668457,5375600,UNH
2005-03-24,46.189998626708984,46.72999954223633,46.084999084472656,46.42499923706055,36.32484436035156,4111200,UNH
2005-03-28,46.650001525878906,46.875,46.27000045776367,46.560001373291016,36.430477142333984,5015000,UNH
2005-03-29,46.775001525878906,46.80500030517578,46.400001525878906,46.54999923706055,36.422664642333984,5135600,UNH
2005-03-30,46.814998626708984,47.89500045776367,46.45000076293945,47.85499954223633,37.45582962036133,6992600,UNH
2005-03-31,47.779998779296875,48.32500076293945,47.64500045776367,47.689998626708984,37.32666778564453,7575800,UNH
2005-04-01,47.875,48.125,47.275001525878906,47.915000915527344,37.50278854370117,6994800,UNH
2005-04-04,47.77000045776367,48.369998931884766,47.63999938964844,48.25,37.764976501464844,7468400,UNH
2005-04-05,48.25,48.96500015258789,48.20500183105469,48.96500015258789,38.32461166381836,6652400,UNH
2005-04-06,48.96500015258789,49.45500183105469,48.849998474121094,49.02000045776367,38.36766052246094,5697400,UNH
2005-04-07,49.2400016784668,49.875,49.0,49.540000915527344,38.77465057373047,5129200,UNH
2005-04-08,49.79999923706055,49.82500076293945,48.9900016784668,49.20000076293945,38.50855255126953,5506200,UNH
2005-04-11,49.189998626708984,49.39500045776367,48.55500030517578,48.60499954223633,38.04283142089844,6149400,UNH
2005-04-12,48.61000061035156,48.720001220703125,47.67499923706055,48.599998474121094,38.0389289855957,7787200,UNH
2005-04-13,48.650001525878906,48.95000076293945,47.0,47.97999954223633,37.553646087646484,8299600,UNH
2005-04-14,46.599998474121094,48.095001220703125,46.25,46.95500183105469,36.75138854980469,14320400,UNH
2005-04-15,46.150001525878906,47.494998931884766,46.119998931884766,46.6349983215332,36.500919342041016,10236000,UNH
2005-04-18,46.29999923706055,46.72999954223633,44.775001525878906,45.584999084472656,35.67909240722656,11377400,UNH
2005-04-19,45.54999923706055,46.625,45.5,46.599998474121094,36.47352600097656,9370400,UNH
2005-04-20,46.92499923706055,46.92499923706055,45.900001525878906,46.07500076293945,36.062618255615234,6901200,UNH
2005-04-21,46.400001525878906,46.599998474121094,45.650001525878906,46.21500015258789,36.17219924926758,6278600,UNH
2005-04-22,46.03499984741211,46.040000915527344,45.334999084472656,45.630001068115234,35.714332580566406,5440200,UNH
2005-04-25,45.51499938964844,45.52000045776367,44.82500076293945,45.375,35.51472473144531,9156000,UNH
2005-04-26,45.20000076293945,45.69499969482422,44.994998931884766,45.029998779296875,35.24470520019531,5553800,UNH
2005-04-27,45.04999923706055,46.44499969482422,44.29999923706055,46.345001220703125,36.2739372253418,8586400,UNH
2005-04-28,46.375,46.44499969482422,45.67499923706055,46.244998931884766,36.19568634033203,6771000,UNH
2005-04-29,46.36000061035156,47.349998474121094,46.25,47.255001068115234,36.986209869384766,7281400,UNH
2005-05-02,47.029998779296875,47.650001525878906,47.029998779296875,47.34000015258789,37.052730560302734,5504800,UNH
2005-05-03,47.54999923706055,48.48500061035156,47.2599983215332,48.35499954223633,37.84714889526367,9787800,UNH
2005-05-04,48.625,49.275001525878906,48.599998474121094,48.650001525878906,38.07805252075195,8295200,UNH
2005-05-05,48.959999084472656,49.084999084472656,48.5,48.599998474121094,38.0389289855957,5563200,UNH
2005-05-06,48.95000076293945,49.45500183105469,48.90999984741211,49.20500183105469,38.512454986572266,6171200,UNH
2005-05-09,49.25,49.57500076293945,48.75,49.29499816894531,38.582908630371094,5509400,UNH
2005-05-10,49.084999084472656,49.47999954223633,48.814998626708984,48.93000030517578,38.297218322753906,5778000,UNH
2005-05-11,48.875,49.150001525878906,48.279998779296875,49.0,38.35199737548828,5226600,UNH
2005-05-12,49.224998474121094,49.48500061035156,49.0,49.02000045776367,38.36766052246094,5875200,UNH
2005-05-13,49.0,49.005001068115234,46.904998779296875,47.685001373291016,37.32275390625,8465000,UNH
2005-05-16,48.0,48.46500015258789,47.880001068115234,48.42499923706055,37.901947021484375,3817400,UNH
2005-05-17,48.099998474121094,48.71500015258789,47.849998474121094,48.685001373291016,38.10544204711914,4482000,UNH
2005-05-18,48.95000076293945,49.0099983215332,47.64500045776367,47.900001525878906,37.491031646728516,14641800,UNH
2005-05-19,48.0,48.35499954223633,47.86000061035156,48.29999923706055,37.80411148071289,8047200,UNH
2005-05-20,48.20000076293945,48.39500045776367,48.17499923706055,48.25,37.764976501464844,5964800,UNH
2005-05-23,48.349998474121094,48.8650016784668,48.189998626708984,48.70500183105469,38.12110137939453,6754800,UNH
2005-05-24,48.875,49.0,48.505001068115234,48.654998779296875,38.08197021484375,5595800,UNH
2005-05-25,48.75,48.875,48.185001373291016,48.34000015258789,37.83542251586914,3908200,UNH
2005-05-26,48.5,48.72999954223633,48.3849983215332,48.56999969482422,38.01544952392578,3173400,UNH
2005-05-27,48.630001068115234,49.0,48.41999816894531,48.8849983215332,38.26198196411133,3509200,UNH
2005-05-31,49.150001525878906,49.400001525878906,48.5,48.58000183105469,38.02326583862305,4026300,UNH
2005-06-01,48.70000076293945,49.54999923706055,48.5099983215332,49.22999954223633,38.532020568847656,4609700,UNH
2005-06-02,49.47999954223633,50.599998474121094,49.34000015258789,50.380001068115234,39.43212127685547,7376100,UNH
2005-06-03,50.72999954223633,51.33000183105469,50.4900016784668,50.599998474121094,39.60430908203125,5586200,UNH
2005-06-06,50.95000076293945,51.0,50.54999923706055,50.9900016784668,39.90956497192383,4030000,UNH
2005-06-07,52.0,52.18000030517578,50.9900016784668,51.709999084472656,40.47309875488281,7512100,UNH
2005-06-08,52.0,52.099998474121094,50.70000076293945,51.18000030517578,40.05828094482422,6118900,UNH
2005-06-09,51.029998779296875,52.040000915527344,50.79999923706055,51.75,40.504390716552734,4789300,UNH
2005-06-10,51.75,51.75,50.5099983215332,50.790000915527344,39.75302505493164,4118600,UNH
2005-06-13,50.93000030517578,51.380001068115234,50.900001525878906,51.189998626708984,40.066104888916016,3163300,UNH
2005-06-14,51.400001525878906,52.15999984741211,51.400001525878906,51.65999984741211,40.433963775634766,4838900,UNH
2005-06-15,52.08000183105469,52.08000183105469,51.04999923706055,51.56999969482422,40.363525390625,4267500,UNH
2005-06-16,51.599998474121094,51.880001068115234,51.15999984741211,51.540000915527344,40.34004211425781,3961400,UNH
2005-06-17,52.0,52.0,51.61000061035156,51.849998474121094,40.58269119262695,5565800,UNH
2005-06-20,51.79999923706055,52.0,49.13999938964844,51.59000015258789,40.379180908203125,4142800,UNH
2005-06-21,51.650001525878906,52.5,51.099998474121094,51.869998931884766,40.598323822021484,4175200,UNH
2005-06-22,51.91999816894531,52.06999969482422,51.369998931884766,51.369998931884766,40.20698547363281,4268800,UNH
2005-06-23,51.5,52.06999969482422,51.470001220703125,51.70000076293945,40.465274810791016,4397400,UNH
2005-06-24,51.650001525878906,52.060001373291016,51.290000915527344,51.29999923706055,40.15220260620117,5233300,UNH
2005-06-27,51.279998779296875,51.630001068115234,51.20000076293945,51.31999969482422,40.16783905029297,3162900,UNH
2005-06-28,51.650001525878906,52.79999923706055,51.599998474121094,52.689998626708984,41.24014663696289,4676900,UNH
2005-06-29,52.810001373291016,53.63999938964844,52.790000915527344,53.13999938964844,41.592369079589844,5446800,UNH
2005-06-30,53.13999938964844,53.630001068115234,52.0099983215332,52.13999938964844,40.809654235839844,6069000,UNH
2005-07-01,53.0,53.0,52.189998626708984,52.810001373291016,41.33405685424805,3879900,UNH
2005-07-05,53.04999923706055,53.66999816894531,52.75,53.22999954223633,41.66279220581055,4410600,UNH
2005-07-06,53.45000076293945,54.5,52.25,53.5,41.87413024902344,13158300,UNH
2005-07-07,53.5099983215332,54.5,53.25,53.4900016784668,41.86631393432617,10788600,UNH
2005-07-08,53.7599983215332,53.7599983215332,53.04999923706055,53.04999923706055,41.521915435791016,7231200,UNH
2005-07-11,53.060001373291016,53.349998474121094,52.43000030517578,52.43000030517578,41.03664779663086,6785600,UNH
2005-07-12,52.529998779296875,52.900001525878906,51.65999984741211,51.779998779296875,40.52789306640625,6813700,UNH
2005-07-13,51.79999923706055,51.900001525878906,50.900001525878906,51.400001525878906,40.230472564697266,7432600,UNH
2005-07-14,51.70000076293945,52.04999923706055,50.25,50.25,39.33037185668945,11669800,UNH
2005-07-15,50.54999923706055,51.5,50.36000061035156,50.81999969482422,39.7765007019043,8325200,UNH
2005-07-18,51.040000915527344,51.20000076293945,50.810001373291016,50.810001373291016,39.76866912841797,5178800,UNH
2005-07-19,51.060001373291016,51.09000015258789,49.95000076293945,50.58000183105469,39.588645935058594,6622100,UNH
2005-07-20,50.349998474121094,50.540000915527344,49.45000076293945,49.75,38.939002990722656,7005900,UNH
2005-07-21,49.0,49.75,47.75,49.15999984741211,38.47721481323242,13331400,UNH
2005-07-22,49.540000915527344,51.040000915527344,49.5099983215332,50.79999923706055,39.7608528137207,8936700,UNH
2005-07-25,51.0,51.29999923706055,50.61000061035156,50.79999923706055,39.7608528137207,6013500,UNH
2005-07-26,51.11000061035156,52.38999938964844,51.11000061035156,52.0,40.70008087158203,8586200,UNH
2005-07-27,52.150001525878906,52.5,51.11000061035156,51.41999816894531,40.246116638183594,6974900,UNH
2005-07-28,51.88999938964844,53.2400016784668,51.7599983215332,52.91999816894531,41.42015075683594,7996600,UNH
2005-07-29,52.91999816894531,52.939998626708984,52.20000076293945,52.29999923706055,40.93488693237305,6310200,UNH
2005-08-01,52.34000015258789,52.9900016784668,52.029998779296875,52.619998931884766,41.18534851074219,5474800,UNH
2005-08-02,52.619998931884766,53.04999923706055,52.52000045776367,53.029998779296875,41.506256103515625,5143300,UNH
2005-08-03,53.09000015258789,53.25,52.900001525878906,53.15999984741211,41.6080207824707,4557000,UNH
2005-08-04,53.16999816894531,53.29999923706055,52.81999969482422,52.959999084472656,41.45145797729492,4969400,UNH
2005-08-05,52.97999954223633,52.97999954223633,51.75,52.060001373291016,40.74704360961914,6605800,UNH
2005-08-08,52.290000915527344,52.290000915527344,51.04999923706055,51.18000030517578,40.05828094482422,4793400,UNH
2005-08-09,51.22999954223633,51.81999969482422,51.02000045776367,51.779998779296875,40.52789306640625,5291600,UNH
2005-08-10,52.02000045776367,52.400001525878906,51.61000061035156,51.61000061035156,40.39482879638672,3871700,UNH
2005-08-11,51.790000915527344,52.59000015258789,51.77000045776367,52.369998931884766,40.98967361450195,3648300,UNH
2005-08-12,53.0,53.380001068115234,51.72999954223633,52.09000015258789,40.77053451538086,2854800,UNH
2005-08-15,52.22999954223633,52.25,51.619998931884766,51.97999954223633,40.68442153930664,2574500,UNH
2005-08-16,52.0,52.22999954223633,51.099998474121094,51.099998474121094,39.99565124511719,3179200,UNH
2005-08-17,51.36000061035156,51.650001525878906,51.06999969482422,51.2599983215332,40.12091064453125,3490000,UNH
2005-08-18,51.400001525878906,51.709999084472656,51.25,51.29999923706055,40.15220260620117,2489300,UNH
2005-08-19,51.29999923706055,51.70000076293945,51.18000030517578,51.18000030517578,40.05828094482422,3139900,UNH
2005-08-22,51.560001373291016,51.70000076293945,51.20000076293945,51.36000061035156,40.19915771484375,2955400,UNH
2005-08-23,51.2599983215332,51.599998474121094,51.04999923706055,51.060001373291016,39.964351654052734,3124400,UNH
2005-08-24,51.34000015258789,51.439998626708984,50.459999084472656,50.630001068115234,39.62779235839844,3521900,UNH
2005-08-25,50.790000915527344,50.81999969482422,50.29999923706055,50.63999938964844,39.6356201171875,3349100,UNH
2005-08-26,50.689998626708984,50.900001525878906,50.22999954223633,50.45000076293945,39.48689270019531,3848200,UNH
2005-08-29,50.25,50.86000061035156,50.09000015258789,50.79999923706055,39.7608528137207,2925600,UNH
2005-08-30,50.79999923706055,50.880001068115234,50.380001068115234,50.47999954223633,39.510398864746094,4216600,UNH
2005-08-31,50.75,51.52000045776367,50.400001525878906,51.5,40.3087272644043,4497100,UNH
2005-09-01,51.5,52.349998474121094,51.5,52.04999923706055,40.73922348022461,5597500,UNH
2005-09-02,52.29999923706055,52.79999923706055,52.189998626708984,52.529998779296875,41.11491394042969,3555500,UNH
2005-09-06,52.650001525878906,53.2400016784668,52.599998474121094,53.189998626708984,41.63148498535156,4053500,UNH
2005-09-07,53.29999923706055,53.5,53.11000061035156,53.45000076293945,41.834991455078125,3663900,UNH
2005-09-08,53.790000915527344,54.029998779296875,53.150001525878906,53.83000183105469,42.13241958618164,5456300,UNH
2005-09-09,53.900001525878906,54.869998931884766,53.900001525878906,54.5099983215332,42.664642333984375,5095100,UNH
2005-09-12,54.7599983215332,54.779998779296875,54.099998474121094,54.27000045776367,42.47679901123047,4839700,UNH
2005-09-13,53.869998931884766,54.15999984741211,53.0,53.029998779296875,41.506256103515625,5865000,UNH
2005-09-14,53.04999923706055,53.279998779296875,52.81999969482422,52.939998626708984,41.43581008911133,4075700,UNH
2005-09-15,53.029998779296875,53.81999969482422,53.029998779296875,53.400001525878906,41.79584884643555,4587700,UNH
2005-09-16,53.52000045776367,54.060001373291016,53.189998626708984,54.04999923706055,42.304595947265625,6548500,UNH
2005-09-19,54.060001373291016,54.099998474121094,53.150001525878906,53.5,41.87413024902344,2731200,UNH
2005-09-20,53.79999923706055,53.88999938964844,52.40999984741211,52.619998931884766,41.18534851074219,4785000,UNH
2005-09-21,53.060001373291016,53.349998474121094,52.31999969482422,52.59000015258789,41.16188049316406,5282900,UNH
2005-09-22,52.599998474121094,53.86000061035156,52.59000015258789,53.630001068115234,41.97587966918945,5339400,UNH
2005-09-23,53.880001068115234,55.47999954223633,53.63999938964844,55.0,43.04817199707031,12424900,UNH
2005-09-26,55.4900016784668,55.810001373291016,55.099998474121094,55.400001525878906,43.36124801635742,5999200,UNH
2005-09-27,55.29999923706055,55.900001525878906,55.2599983215332,55.2599983215332,43.25166702270508,5005300,UNH
2005-09-28,55.900001525878906,55.900001525878906,54.86000061035156,55.34000015258789,43.314273834228516,5539800,UNH
2005-09-29,54.65999984741211,55.9900016784668,54.65999984741211,55.720001220703125,43.611698150634766,4683300,UNH
2005-09-30,55.720001220703125,56.65999984741211,55.66999816894531,56.20000076293945,43.98738098144531,6656300,UNH
2005-10-03,56.209999084472656,56.91999816894531,56.150001525878906,56.779998779296875,44.44136047363281,5065000,UNH
2005-10-04,57.04999923706055,58.0,56.880001068115234,57.060001373291016,44.660526275634766,6347800,UNH
2005-10-05,57.04999923706055,57.63999938964844,56.20000076293945,56.45000076293945,44.18306350708008,5651600,UNH
2005-10-06,56.400001525878906,57.0,55.95000076293945,56.40999984741211,44.151756286621094,4698700,UNH
2005-10-07,56.22999954223633,56.58000183105469,56.13999938964844,56.369998931884766,44.12044906616211,3217500,UNH
2005-10-10,56.369998931884766,56.77000045776367,55.880001068115234,55.880001068115234,43.736942291259766,3310600,UNH
2005-10-11,55.900001525878906,56.20000076293945,55.119998931884766,55.18000030517578,43.18905258178711,4149500,UNH
2005-10-12,55.11000061035156,55.599998474121094,54.689998626708984,55.029998779296875,43.07164764404297,4996500,UNH
2005-10-13,54.599998474121094,54.84000015258789,54.02000045776367,54.20000076293945,42.42201614379883,6319800,UNH
2005-10-14,55.5,56.790000915527344,55.13999938964844,56.43000030517578,44.16741943359375,8061000,UNH
2005-10-17,56.5,56.529998779296875,55.93000030517578,56.439998626708984,44.17524337768555,4411000,UNH
2005-10-18,56.0,56.79999923706055,56.0,56.5099983215332,44.23002624511719,4658100,UNH
2005-10-19,56.540000915527344,58.27000045776367,56.529998779296875,58.20000076293945,45.552799224853516,5653200,UNH
2005-10-20,58.38999938964844,58.400001525878906,57.08000183105469,57.11000061035156,44.69965362548828,5228900,UNH
2005-10-21,57.209999084472656,57.81999969482422,56.5099983215332,57.13999938964844,44.72311782836914,6067300,UNH
2005-10-24,57.70000076293945,57.810001373291016,57.040000915527344,57.189998626708984,44.762264251708984,4277400,UNH
2005-10-25,57.02000045776367,57.06999969482422,55.15999984741211,55.939998626708984,43.78388977050781,7084300,UNH
2005-10-26,56.04999923706055,56.5099983215332,53.84000015258789,53.97999954223633,42.24980926513672,9077400,UNH
2005-10-27,55.45000076293945,55.560001373291016,54.41999816894531,54.61000061035156,42.742889404296875,5078400,UNH
2005-10-28,55.25,56.72999954223633,55.25,56.72999954223633,44.402217864990234,8224300,UNH
2005-10-31,56.959999084472656,58.18000030517578,56.61000061035156,57.88999938964844,45.31016159057617,6624200,UNH
2005-11-01,58.119998931884766,59.43000030517578,58.0,59.0,46.1789436340332,10326600,UNH
2005-11-02,58.25,59.88999938964844,58.25,59.56999969482422,46.62507629394531,8163400,UNH
2005-11-03,59.900001525878906,59.900001525878906,57.63999938964844,57.66999816894531,45.13794708251953,13835900,UNH
2005-11-04,58.04999923706055,58.45000076293945,57.75,58.02000045776367,45.411888122558594,8213600,UNH
2005-11-07,58.5,58.70000076293945,58.0099983215332,58.5,45.78759765625,3732600,UNH
2005-11-08,58.04999923706055,58.279998779296875,57.779998779296875,58.06999969482422,45.45104217529297,3639700,UNH
2005-11-09,58.06999969482422,58.380001068115234,57.099998474121094,57.36000061035156,44.89532470703125,5127500,UNH
2005-11-10,57.95000076293945,59.380001068115234,57.75,59.290000915527344,46.40592575073242,7370000,UNH
2005-11-11,59.400001525878906,59.779998779296875,59.099998474121094,59.650001525878906,46.687686920166016,3442800,UNH
2005-11-14,59.75,59.7599983215332,59.130001068115234,59.13999938964844,46.28852081298828,3739900,UNH
2005-11-15,59.52000045776367,59.869998931884766,59.41999816894531,59.75,46.76594924926758,4435700,UNH
2005-11-16,59.97999954223633,60.59000015258789,59.900001525878906,60.380001068115234,47.25905990600586,5215500,UNH
2005-11-17,60.75,60.9900016784668,60.04999923706055,60.97999954223633,47.728668212890625,4555800,UNH
2005-11-18,61.04999923706055,61.650001525878906,60.650001525878906,60.959999084472656,47.713008880615234,4937200,UNH
2005-11-21,61.0,61.20000076293945,60.54999923706055,60.79999923706055,47.587799072265625,5542000,UNH
2005-11-22,60.619998931884766,60.84000015258789,60.400001525878906,60.66999816894531,47.48603439331055,3744800,UNH
2005-11-23,60.66999816894531,60.77000045776367,60.349998474121094,60.529998779296875,47.37645721435547,3035500,UNH
2005-11-25,60.650001525878906,60.709999084472656,60.15999984741211,60.15999984741211,47.086856842041016,1713200,UNH
2005-11-28,60.060001373291016,60.15999984741211,58.400001525878906,58.400001525878906,45.709320068359375,6060800,UNH
2005-11-29,58.5,60.38999938964844,58.5,60.06999969482422,47.01642608642578,6894500,UNH
2005-11-30,60.47999954223633,60.650001525878906,59.79999923706055,59.86000061035156,46.85205078125,5491600,UNH
2005-12-01,60.41999816894531,61.5099983215332,60.36000061035156,61.470001220703125,48.112205505371094,5504000,UNH
2005-12-02,61.470001220703125,62.13999938964844,61.470001220703125,61.970001220703125,48.5035514831543,3443700,UNH
2005-12-05,61.779998779296875,62.41999816894531,61.36000061035156,62.34000015258789,48.79313278198242,4634600,UNH
2005-12-06,62.88999938964844,64.18000030517578,61.75,63.2400016784668,49.497562408447266,5650200,UNH
2005-12-07,62.959999084472656,63.0,62.04999923706055,62.61000061035156,49.00447082519531,5074000,UNH
2005-12-08,62.61000061035156,63.029998779296875,62.16999816894531,62.959999084472656,49.27839279174805,3976400,UNH
2005-12-09,63.150001525878906,63.95000076293945,62.150001525878906,63.66999816894531,49.83411407470703,2972600,UNH
2005-12-12,63.68000030517578,63.790000915527344,62.0099983215332,63.20000076293945,49.466243743896484,4086300,UNH
2005-12-13,63.16999816894531,63.65999984741211,62.61000061035156,63.43000030517578,49.646270751953125,5316300,UNH
2005-12-14,63.47999954223633,63.7400016784668,62.939998626708984,63.0,49.30971145629883,3095100,UNH
2005-12-15,63.15999984741211,63.45000076293945,62.540000915527344,63.33000183105469,49.56800079345703,4109900,UNH
2005-12-16,63.70000076293945,63.9900016784668,63.029998779296875,63.13999938964844,49.41929244995117,4788000,UNH
2005-12-19,62.75,63.150001525878906,61.029998779296875,61.849998474121094,48.40962219238281,12231700,UNH
2005-12-20,61.849998474121094,63.810001373291016,61.79999923706055,63.060001373291016,49.35668182373047,7769200,UNH
2005-12-21,63.880001068115234,64.5,63.41999816894531,63.790000915527344,49.928043365478516,13802700,UNH
2005-12-22,63.83000183105469,64.12000274658203,63.27000045776367,63.75,49.896732330322266,8951700,UNH
2005-12-23,63.95000076293945,64.0999984741211,63.29999923706055,63.650001525878906,49.81845474243164,3908300,UNH
2005-12-27,64.5999984741211,64.61000061035156,63.209999084472656,63.599998474121094,49.77934265136719,4856800,UNH
2005-12-28,63.5,63.849998474121094,63.25,63.45000076293945,49.661930084228516,3890200,UNH
2005-12-29,63.43000030517578,63.45000076293945,62.75,62.900001525878906,49.23143005371094,3556600,UNH
2005-12-30,62.52000045776367,62.75,62.130001068115234,62.13999938964844,48.636592864990234,3388100,UNH
2006-01-03,62.599998474121094,62.599998474121094,60.599998474121094,61.72999954223633,48.315696716308594,8070500,UNH
2006-01-04,61.88999938964844,62.20000076293945,61.599998474121094,61.880001068115234,48.43310546875,5585200,UNH
2006-01-05,62.22999954223633,62.880001068115234,61.4900016784668,61.689998626708984,48.28438949584961,5624200,UNH
2006-01-06,62.75,62.93000030517578,62.029998779296875,62.900001525878906,49.23143005371094,5577600,UNH
2006-01-09,62.900001525878906,62.900001525878906,61.2599983215332,61.400001525878906,48.05739212036133,8828900,UNH
2006-01-10,61.45000076293945,62.77000045776367,61.439998626708984,62.61000061035156,49.00447082519531,6237800,UNH
2006-01-11,62.599998474121094,62.70000076293945,61.619998931884766,61.849998474121094,48.40962219238281,5515800,UNH
2006-01-12,61.900001525878906,62.90999984741211,61.7400016784668,62.529998779296875,48.94184875488281,5374100,UNH
2006-01-13,61.34000015258789,61.34000015258789,59.709999084472656,60.939998626708984,47.69736099243164,11002500,UNH
2006-01-17,60.20000076293945,61.0,59.97999954223633,61.0,47.74432373046875,6332500,UNH
2006-01-18,61.0,61.7599983215332,60.58000183105469,61.060001373291016,47.79128646850586,7104900,UNH
2006-01-19,61.310001373291016,62.099998474121094,59.290000915527344,61.470001220703125,48.112205505371094,13389600,UNH
2006-01-20,61.400001525878906,61.400001525878906,59.38999938964844,59.47999954223633,46.55463409423828,10087400,UNH
2006-01-23,59.5099983215332,59.83000183105469,57.720001220703125,57.9900016784668,45.388423919677734,9610500,UNH
2006-01-24,58.04999923706055,58.70000076293945,58.04999923706055,58.310001373291016,45.638885498046875,8250200,UNH
2006-01-25,58.72999954223633,58.880001068115234,57.45000076293945,57.97999954223633,45.38058090209961,6529400,UNH
2006-01-26,57.9900016784668,58.52000045776367,57.119998931884766,57.88999938964844,45.31016159057617,9949700,UNH
2006-01-27,58.2400016784668,58.779998779296875,58.0099983215332,58.540000915527344,45.818904876708984,6418600,UNH
2006-01-30,58.400001525878906,58.70000076293945,57.650001525878906,57.77000045776367,45.21622848510742,6738800,UNH
2006-01-31,58.16999816894531,59.95000076293945,58.0099983215332,59.41999816894531,46.50767135620117,10652700,UNH
2006-02-01,59.29999923706055,59.75,59.04999923706055,59.5,46.57028579711914,7522900,UNH
2006-02-02,59.72999954223633,59.7400016784668,58.75,59.36000061035156,46.46068572998047,6235200,UNH
2006-02-03,59.36000061035156,59.88999938964844,59.09000015258789,59.619998931884766,46.66420364379883,5392400,UNH
2006-02-06,59.34000015258789,59.599998474121094,58.25,58.540000915527344,45.818904876708984,4891600,UNH
2006-02-07,58.5,59.08000183105469,57.70000076293945,57.72999954223633,45.18491744995117,5174300,UNH
2006-02-08,57.52000045776367,58.08000183105469,55.25,57.59000015258789,45.07533645629883,7318700,UNH
2006-02-09,58.5,59.189998626708984,58.040000915527344,58.08000183105469,45.458866119384766,5747900,UNH
2006-02-10,58.150001525878906,58.779998779296875,57.400001525878906,58.599998474121094,45.86586380004883,4224000,UNH
2006-02-13,58.5,58.779998779296875,58.16999816894531,58.59000015258789,45.858036041259766,3357500,UNH
2006-02-14,58.5,59.470001220703125,58.5,59.45000076293945,46.53115463256836,4771900,UNH
2006-02-15,59.400001525878906,59.75,58.720001220703125,59.0,46.1789436340332,4335100,UNH
2006-02-16,59.2400016784668,59.27000045776367,58.130001068115234,58.5,45.78759765625,5087600,UNH
2006-02-17,58.25,58.400001525878906,57.83000183105469,58.0,45.396244049072266,7065300,UNH
2006-02-21,58.79999923706055,59.040000915527344,57.939998626708984,58.16999816894531,45.52931594848633,4688800,UNH
2006-02-22,58.34000015258789,59.79999923706055,58.34000015258789,59.540000915527344,46.601585388183594,5297100,UNH
2006-02-23,59.880001068115234,59.880001068115234,59.369998931884766,59.45000076293945,46.53115463256836,4772500,UNH
2006-02-24,59.099998474121094,59.459999084472656,58.5099983215332,58.88999938964844,46.092838287353516,5348000,UNH
2006-02-27,59.0,59.15999984741211,58.81999969482422,58.939998626708984,46.13197708129883,3247000,UNH
2006-02-28,58.93000030517578,59.02000045776367,57.869998931884766,58.22999954223633,45.57626724243164,5301200,UNH
2006-03-01,58.04999923706055,58.459999084472656,57.84000015258789,58.43000030517578,45.73280715942383,5289900,UNH
2006-03-02,58.0,58.220001220703125,57.220001220703125,57.58000183105469,45.067508697509766,5964400,UNH
2006-03-03,57.349998474121094,57.66999816894531,56.4900016784668,56.599998474121094,44.30049133300781,6531000,UNH
2006-03-06,56.29999923706055,56.779998779296875,56.2400016784668,56.70000076293945,44.378726959228516,5800300,UNH
2006-03-07,56.220001220703125,57.31999969482422,56.099998474121094,56.41999816894531,44.15959167480469,6308800,UNH
2006-03-08,56.43000030517578,57.349998474121094,56.31999969482422,57.20000076293945,44.77008056640625,6063300,UNH
2006-03-09,57.5,57.86000061035156,56.279998779296875,56.34000015258789,44.096961975097656,5283100,UNH
2006-03-10,56.38999938964844,56.790000915527344,56.150001525878906,56.16999816894531,43.96390151977539,6983600,UNH
2006-03-13,56.060001373291016,56.099998474121094,53.849998474121094,55.72999954223633,43.61952590942383,12402100,UNH
2006-03-14,55.45000076293945,56.939998626708984,55.45000076293945,56.88999938964844,44.52745056152344,7598000,UNH
2006-03-15,56.900001525878906,57.52000045776367,56.54999923706055,57.34000015258789,44.879669189453125,6608100,UNH
2006-03-16,57.290000915527344,57.34000015258789,56.459999084472656,56.56999969482422,44.27699661254883,6071300,UNH
2006-03-17,56.900001525878906,56.90999984741211,56.150001525878906,56.689998626708984,44.37091827392578,6645800,UNH
2006-03-20,56.58000183105469,56.90999984741211,56.150001525878906,56.529998779296875,44.24567794799805,4382400,UNH
2006-03-21,56.7400016784668,56.90999984741211,55.560001373291016,56.209999084472656,43.99522018432617,5928000,UNH
2006-03-22,55.0,56.90999984741211,55.0,56.63999938964844,44.3317756652832,4434600,UNH
2006-03-23,56.25,56.54999923706055,55.849998474121094,56.369998931884766,44.12044906616211,5577500,UNH
2006-03-24,56.18000030517578,56.779998779296875,55.45000076293945,55.779998779296875,43.65866470336914,4938800,UNH
2006-03-27,55.459999084472656,55.75,54.83000183105469,54.93000030517578,42.99337387084961,11124700,UNH
2006-03-28,54.560001373291016,54.84000015258789,53.20000076293945,54.31999969482422,42.51594924926758,12203500,UNH
2006-03-29,55.630001068115234,56.54999923706055,55.29999923706055,55.97999954223633,43.81520462036133,9507000,UNH
2006-03-30,55.75,56.970001220703125,55.720001220703125,56.2599983215332,44.05796813964844,8091100,UNH
2006-03-31,56.2599983215332,56.650001525878906,55.5,55.86000061035156,43.744720458984375,9771000,UNH
2006-04-03,56.599998474121094,56.599998474121094,55.34000015258789,55.470001220703125,43.439300537109375,7603400,UNH
2006-04-04,55.400001525878906,55.70000076293945,55.0,55.29999923706055,43.30616760253906,6934400,UNH
2006-04-05,55.16999816894531,55.72999954223633,55.04999923706055,55.29999923706055,43.30616760253906,5678600,UNH
2006-04-06,55.349998474121094,55.369998931884766,53.720001220703125,54.5099983215332,42.68750762939453,12065600,UNH
2006-04-07,54.650001525878906,55.22999954223633,53.650001525878906,53.689998626708984,42.04536819458008,8073100,UNH
2006-04-10,53.599998474121094,53.630001068115234,51.43000030517578,52.43000030517578,41.05864715576172,19075000,UNH
2006-04-11,52.650001525878906,52.810001373291016,50.880001068115234,51.54999923706055,40.36949920654297,14551300,UNH
2006-04-12,51.54999923706055,53.56999969482422,51.54999923706055,53.459999084472656,41.86525344848633,12100500,UNH
2006-04-13,53.459999084472656,53.79999923706055,53.060001373291016,53.5,41.896575927734375,7685500,UNH
2006-04-17,53.029998779296875,53.029998779296875,51.45000076293945,51.66999816894531,40.463462829589844,10399800,UNH
2006-04-18,52.70000076293945,52.93000030517578,49.5099983215332,49.66999816894531,38.897247314453125,41589900,UNH
2006-04-19,49.66999816894531,50.0,47.439998626708984,49.18000030517578,38.51350402832031,41951500,UNH
2006-04-20,49.349998474121094,50.779998779296875,49.04999923706055,50.119998931884766,39.249656677246094,19329200,UNH
2006-04-21,50.5099983215332,50.75,49.47999954223633,49.56999969482422,38.818939208984375,8944100,UNH
2006-04-24,49.47999954223633,50.43000030517578,49.099998474121094,50.15999984741211,39.28096389770508,11713600,UNH
2006-04-25,50.20000076293945,50.54999923706055,49.189998626708984,49.36000061035156,38.65449142456055,8586000,UNH
2006-04-26,49.59000015258789,50.0,48.79999923706055,48.970001220703125,38.34906768798828,12356600,UNH
2006-04-27,48.4900016784668,48.4900016784668,46.560001373291016,47.75,37.393672943115234,29892500,UNH
2006-04-28,48.0,49.900001525878906,47.91999816894531,49.7400016784668,38.952091217041016,15281800,UNH
2006-05-01,49.29999923706055,50.220001220703125,49.29999923706055,49.79999923706055,38.999061584472656,10991400,UNH
2006-05-02,49.29999923706055,50.0,48.45000076293945,48.58000183105469,38.04365921020508,11589500,UNH
2006-05-03,48.310001373291016,48.31999969482422,46.31999969482422,46.61000061035156,36.500919342041016,23876600,UNH
2006-05-04,46.599998474121094,47.150001525878906,46.08000183105469,46.529998779296875,36.43826675415039,11609000,UNH
2006-05-05,46.689998626708984,46.880001068115234,45.91999816894531,46.38999938964844,36.32863998413086,13241300,UNH
2006-05-08,46.150001525878906,46.650001525878906,44.880001068115234,45.08000183105469,35.302772521972656,19356900,UNH
2006-05-09,44.68000030517578,44.79999923706055,43.310001373291016,43.79999923706055,34.30036926269531,30915600,UNH
2006-05-10,44.790000915527344,46.43000030517578,44.310001373291016,46.16999816894531,36.15635299682617,29520300,UNH
2006-05-11,45.099998474121094,45.34000015258789,43.93000030517578,44.369998931884766,34.746742248535156,30196200,UNH
2006-05-12,43.93000030517578,46.16999816894531,43.599998474121094,45.84000015258789,35.89793014526367,17054700,UNH
2006-05-15,45.849998474121094,46.81999969482422,45.599998474121094,46.70000076293945,36.5713996887207,11640200,UNH
2006-05-16,47.06999969482422,47.900001525878906,46.88999938964844,47.0099983215332,36.814151763916016,10947600,UNH
2006-05-17,46.779998779296875,47.68000030517578,46.20000076293945,46.88999938964844,36.72019958496094,8631500,UNH
2006-05-18,46.099998474121094,46.20000076293945,44.65999984741211,45.29999923706055,35.475040435791016,17695600,UNH
2006-05-19,45.29999923706055,45.400001525878906,44.20000076293945,44.41999816894531,34.7859001159668,15505500,UNH
2006-05-22,44.43000030517578,44.56999969482422,43.380001068115234,43.52000045776367,34.08109664916992,12017300,UNH
2006-05-23,44.0,44.13999938964844,42.75,42.81999969482422,33.532920837402344,12139900,UNH
2006-05-24,42.77000045776367,42.77000045776367,41.439998626708984,42.09000015258789,32.96125411987305,20166900,UNH
2006-05-25,42.099998474121094,42.68000030517578,42.099998474121094,42.41999816894531,33.219688415527344,12934600,UNH
2006-05-26,42.5,43.40999984741211,42.45000076293945,43.119998931884766,33.767845153808594,8613600,UNH
2006-05-30,42.810001373291016,43.810001373291016,42.79999923706055,43.33000183105469,33.93229293823242,8673000,UNH
2006-05-31,43.75,44.150001525878906,43.459999084472656,43.959999084472656,34.42566680908203,9254900,UNH
2006-06-01,44.13999938964844,45.900001525878906,44.08000183105469,45.720001220703125,35.8039436340332,11753300,UNH
2006-06-02,46.279998779296875,47.369998931884766,46.279998779296875,46.97999954223633,36.79067611694336,12669300,UNH
2006-06-05,46.70000076293945,47.11000061035156,46.040000915527344,46.220001220703125,36.19551086425781,7065100,UNH
2006-06-06,46.29999923706055,46.720001220703125,45.599998474121094,46.18000030517578,36.16419219970703,6846900,UNH
2006-06-07,46.4900016784668,46.880001068115234,46.189998626708984,46.279998779296875,36.24250411987305,5290700,UNH
2006-06-08,46.720001220703125,46.95000076293945,45.790000915527344,46.25,36.21898651123047,6128300,UNH
2006-06-09,46.0,46.29999923706055,45.619998931884766,45.77000045776367,35.843101501464844,5693100,UNH
2006-06-12,45.77000045776367,46.150001525878906,45.04999923706055,45.15999984741211,35.36540222167969,4526700,UNH
2006-06-13,44.81999969482422,45.650001525878906,44.75,45.43000030517578,35.57685852050781,6359800,UNH
2006-06-14,44.7599983215332,45.27000045776367,44.54999923706055,44.97999954223633,35.224449157714844,5954700,UNH
2006-06-15,45.0,45.150001525878906,44.20000076293945,44.75,35.04432678222656,7777500,UNH
2006-06-16,44.900001525878906,44.9900016784668,44.20000076293945,44.290000915527344,34.684112548828125,7265100,UNH
2006-06-19,44.4900016784668,44.5,43.310001373291016,43.5,34.065425872802734,6743700,UNH
2006-06-20,43.849998474121094,44.16999816894531,43.5,43.709999084472656,34.22988510131836,5288500,UNH
2006-06-21,43.5,44.599998474121094,43.5,44.06999969482422,34.51182174682617,5706300,UNH
2006-06-22,44.20000076293945,45.20000076293945,44.20000076293945,44.43000030517578,34.793739318847656,5785900,UNH
2006-06-23,44.13999938964844,45.68000030517578,44.099998474121094,45.22999954223633,35.42023468017578,6156800,UNH
2006-06-26,45.11000061035156,45.70000076293945,44.650001525878906,44.939998626708984,35.193119049072266,4391200,UNH
2006-06-27,44.720001220703125,44.970001220703125,44.16999816894531,44.220001220703125,34.62928771972656,4393100,UNH
2006-06-28,44.4900016784668,44.599998474121094,42.900001525878906,44.43000030517578,34.793739318847656,7270400,UNH
2006-06-29,44.43000030517578,45.81999969482422,44.43000030517578,45.0099983215332,35.247947692871094,5401800,UNH
2006-06-30,45.02000045776367,45.29999923706055,44.279998779296875,44.779998779296875,35.06782531738281,7551500,UNH
2006-07-03,44.849998474121094,45.06999969482422,44.400001525878906,45.0099983215332,35.247947692871094,2175800,UNH
2006-07-05,45.0,45.2400016784668,44.290000915527344,45.11000061035156,35.32624816894531,5041600,UNH
2006-07-06,44.83000183105469,45.630001068115234,44.529998779296875,44.83000183105469,35.10698699951172,5323200,UNH
2006-07-07,45.02000045776367,45.59000015258789,45.0099983215332,45.38999938964844,35.54552459716797,4568800,UNH
2006-07-10,45.45000076293945,46.95000076293945,45.45000076293945,46.81999969482422,36.665367126464844,6973100,UNH
2006-07-11,46.939998626708984,48.95000076293945,46.900001525878906,48.09000015258789,37.65992736816406,15099500,UNH
2006-07-12,48.38999938964844,48.939998626708984,47.779998779296875,48.060001373291016,37.63644790649414,6576000,UNH
2006-07-13,48.06999969482422,48.7400016784668,47.810001373291016,48.0099983215332,37.5972785949707,5419500,UNH
2006-07-14,47.86000061035156,47.90999984741211,46.970001220703125,47.54999923706055,37.2370491027832,5044400,UNH
2006-07-17,47.31999969482422,48.400001525878906,47.27000045776367,47.650001525878906,37.31536865234375,4742500,UNH
2006-07-18,47.63999938964844,48.810001373291016,47.380001068115234,48.400001525878906,37.902706146240234,9171400,UNH
2006-07-19,49.90999984741211,51.13999938964844,49.650001525878906,50.93000030517578,39.883975982666016,17651000,UNH
2006-07-20,51.150001525878906,51.939998626708984,49.470001220703125,50.209999084472656,39.32012176513672,10538600,UNH
2006-07-21,50.400001525878906,50.400001525878906,49.349998474121094,50.0,39.15568161010742,7790900,UNH
2006-07-24,50.099998474121094,50.880001068115234,49.93000030517578,50.79999923706055,39.78217697143555,7216400,UNH
2006-07-25,50.810001373291016,51.66999816894531,50.47999954223633,51.4900016784668,40.32251739501953,5764600,UNH
2006-07-26,51.25,51.41999816894531,50.279998779296875,50.529998779296875,39.57072067260742,5497400,UNH
2006-07-27,48.70000076293945,49.54999923706055,47.400001525878906,49.459999084472656,38.73279571533203,15388600,UNH
2006-07-28,49.58000183105469,50.540000915527344,47.470001220703125,47.849998474121094,37.47198486328125,10645700,UNH
2006-07-31,48.29999923706055,48.650001525878906,47.27000045776367,47.83000183105469,37.456321716308594,6357800,UNH
2006-08-01,47.5,48.0,47.459999084472656,47.81999969482422,37.448490142822266,4002600,UNH
2006-08-02,49.0,49.599998474121094,48.439998626708984,48.56999969482422,38.03582763671875,7799900,UNH
2006-08-03,48.63999938964844,48.77000045776367,47.630001068115234,47.77000045776367,37.409324645996094,5074900,UNH
2006-08-04,48.290000915527344,49.099998474121094,47.90999984741211,48.560001373291016,38.02799987792969,5253900,UNH
2006-08-07,48.13999938964844,48.939998626708984,48.13999938964844,48.4900016784668,37.97319030761719,2977800,UNH
2006-08-08,48.83000183105469,49.709999084472656,48.779998779296875,49.41999816894531,38.701473236083984,4884300,UNH
2006-08-09,49.869998931884766,49.970001220703125,48.900001525878906,48.97999954223633,38.35689926147461,3533400,UNH
2006-08-10,47.40999984741211,47.849998474121094,46.5,47.400001525878906,37.11958312988281,10786800,UNH
2006-08-11,47.08000183105469,47.7400016784668,46.97999954223633,47.56999969482422,37.25271987915039,3743600,UNH
2006-08-14,47.9900016784668,48.13999938964844,47.5099983215332,47.65999984741211,37.32319641113281,4225700,UNH
2006-08-15,48.290000915527344,48.290000915527344,47.75,48.130001068115234,37.691253662109375,3074000,UNH
2006-08-16,48.290000915527344,48.5,47.84000015258789,48.13999938964844,37.69908142089844,4098200,UNH
2006-08-17,48.13999938964844,49.380001068115234,48.119998931884766,49.040000915527344,38.403900146484375,5228300,UNH
2006-08-18,48.95000076293945,49.540000915527344,48.52000045776367,49.5,38.76411437988281,5029900,UNH
2006-08-21,49.02000045776367,49.93000030517578,49.02000045776367,49.560001373291016,38.81111145019531,3092200,UNH
2006-08-22,49.5,50.18000030517578,49.45000076293945,49.63999938964844,38.87376403808594,3905500,UNH
2006-08-23,49.650001525878906,49.95000076293945,49.45000076293945,49.63999938964844,38.87376403808594,2213900,UNH
2006-08-24,49.689998626708984,51.29999923706055,49.63999938964844,51.15999984741211,40.064083099365234,5342400,UNH
2006-08-25,50.75,51.06999969482422,50.150001525878906,50.880001068115234,39.84480667114258,2908200,UNH
2006-08-28,50.540000915527344,51.75,50.470001220703125,51.33000183105469,40.19721984863281,4092200,UNH
2006-08-29,50.75,51.59000015258789,50.599998474121094,51.029998779296875,39.96228790283203,3936000,UNH
2006-08-30,51.279998779296875,52.08000183105469,50.97999954223633,51.75,40.526119232177734,4515800,UNH
2006-08-31,51.75,52.029998779296875,51.25,51.95000076293945,40.682743072509766,4325200,UNH
2006-09-01,51.95000076293945,52.02000045776367,51.33000183105469,51.79999923706055,40.56528854370117,4312600,UNH
2006-09-05,51.900001525878906,51.97999954223633,50.650001525878906,50.70000076293945,39.7038688659668,4540100,UNH
2006-09-06,50.5099983215332,51.099998474121094,49.709999084472656,50.41999816894531,39.48458480834961,4551300,UNH
2006-09-07,50.5,50.81999969482422,49.970001220703125,50.209999084472656,39.32012176513672,2410100,UNH
2006-09-08,50.599998474121094,51.130001068115234,50.34000015258789,50.900001525878906,39.860469818115234,3330700,UNH
2006-09-11,50.22999954223633,51.75,50.209999084472656,51.599998474121094,40.408668518066406,3799000,UNH
2006-09-12,51.63999938964844,52.66999816894531,51.63999938964844,52.529998779296875,41.136959075927734,5188400,UNH
2006-09-13,52.27000045776367,52.779998779296875,51.93000030517578,52.04999923706055,40.761070251464844,3840300,UNH
2006-09-14,52.04999923706055,52.20000076293945,51.5,51.810001373291016,40.573116302490234,3341600,UNH
2006-09-15,52.040000915527344,52.380001068115234,51.900001525878906,52.209999084472656,40.886348724365234,5922000,UNH
2006-09-18,52.150001525878906,52.84000015258789,51.93000030517578,52.09000015258789,40.792388916015625,5669200,UNH
2006-09-19,51.79999923706055,52.150001525878906,51.119998931884766,51.869998931884766,40.620094299316406,4244500,UNH
2006-09-20,51.7400016784668,51.9900016784668,51.459999084472656,51.529998779296875,40.353816986083984,2802900,UNH
2006-09-21,51.380001068115234,51.900001525878906,50.02000045776367,50.290000915527344,39.38279342651367,4932000,UNH
2006-09-22,50.29999923706055,50.29999923706055,48.900001525878906,48.970001220703125,38.34906768798828,7753300,UNH
2006-09-25,49.41999816894531,49.529998779296875,48.29999923706055,48.81999969482422,38.23160934448242,5900000,UNH
2006-09-26,49.459999084472656,49.459999084472656,48.54999923706055,48.619998931884766,38.074981689453125,5621500,UNH
2006-09-27,48.619998931884766,49.31999969482422,47.90999984741211,49.08000183105469,38.43521499633789,6510100,UNH
2006-09-28,49.20000076293945,49.5099983215332,49.0,49.459999084472656,38.73279571533203,3614400,UNH
2006-09-29,49.29999923706055,49.75,48.90999984741211,49.20000076293945,38.52920150756836,5875600,UNH
2006-10-02,49.11000061035156,49.58000183105469,48.52000045776367,49.43000030517578,38.70930480957031,4923600,UNH
2006-10-03,49.43000030517578,49.779998779296875,48.95000076293945,49.58000183105469,38.82677459716797,4814500,UNH
2006-10-04,49.34000015258789,49.70000076293945,49.02000045776367,49.560001373291016,38.81111145019531,5259800,UNH
2006-10-05,49.220001220703125,50.72999954223633,49.099998474121094,50.66999816894531,39.68035125732422,5942600,UNH
2006-10-06,50.599998474121094,52.61000061035156,50.560001373291016,51.5,40.33034896850586,9803400,UNH
2006-10-09,51.4900016784668,51.5,50.619998931884766,50.720001220703125,39.71950912475586,3768100,UNH
2006-10-10,50.95000076293945,50.97999954223633,49.560001373291016,49.650001525878906,38.88159942626953,5325500,UNH
2006-10-11,49.619998931884766,50.369998931884766,49.29999923706055,50.099998474121094,39.233985900878906,4648900,UNH
2006-10-12,50.0,50.0,49.08000183105469,49.619998931884766,38.85810089111328,5007900,UNH
2006-10-13,49.25,49.400001525878906,48.52000045776367,48.75,38.17678451538086,7707300,UNH
2006-10-16,47.150001525878906,50.36000061035156,47.150001525878906,47.540000915527344,37.22920608520508,32185700,UNH
2006-10-17,47.27000045776367,47.65999984741211,46.61000061035156,46.72999954223633,36.59489059448242,15103400,UNH
2006-10-18,47.0099983215332,48.029998779296875,46.650001525878906,48.0,37.58945846557617,9840300,UNH
2006-10-19,49.20000076293945,51.029998779296875,48.790000915527344,50.650001525878906,39.664703369140625,21289100,UNH
2006-10-20,50.849998474121094,51.45000076293945,50.58000183105469,50.70000076293945,39.7038688659668,12075800,UNH
2006-10-23,50.77000045776367,51.18000030517578,50.33000183105469,50.63999938964844,39.6568717956543,6835900,UNH
2006-10-24,50.5,50.790000915527344,49.83000183105469,49.84000015258789,39.03038024902344,7961900,UNH
2006-10-25,49.849998474121094,49.900001525878906,48.439998626708984,48.630001068115234,38.08280563354492,13030300,UNH
2006-10-26,49.29999923706055,49.650001525878906,48.900001525878906,49.369998931884766,38.66230773925781,7951800,UNH
2006-10-27,49.25,49.90999984741211,48.93000030517578,49.40999984741211,38.69364547729492,5413500,UNH
2006-10-30,49.63999938964844,49.790000915527344,48.7400016784668,49.029998779296875,38.39605712890625,5325600,UNH
2006-10-31,49.099998474121094,49.290000915527344,48.54999923706055,48.779998779296875,38.20026779174805,6353500,UNH
2006-11-01,49.34000015258789,49.540000915527344,47.86000061035156,48.29999923706055,37.824378967285156,5523200,UNH
2006-11-02,48.099998474121094,49.20000076293945,48.09000015258789,48.619998931884766,38.074981689453125,5651900,UNH
2006-11-03,48.75,48.75,47.470001220703125,47.83000183105469,37.456321716308594,6676300,UNH
2006-11-06,47.84000015258789,48.720001220703125,47.83000183105469,48.40999984741211,37.910526275634766,6218100,UNH
2006-11-07,48.7599983215332,50.0,48.349998474121094,49.56999969482422,38.818939208984375,9393900,UNH
2006-11-08,48.439998626708984,48.68000030517578,47.369998931884766,48.0,37.58945846557617,15683000,UNH
2006-11-09,48.0,48.0,45.119998931884766,45.27000045776367,35.4515495300293,21445100,UNH
2006-11-10,45.45000076293945,46.5,45.279998779296875,46.11000061035156,36.10936737060547,10615800,UNH
2006-11-13,46.2400016784668,46.86000061035156,45.79999923706055,46.75,36.610557556152344,9117500,UNH
2006-11-14,47.02000045776367,47.52000045776367,46.86000061035156,47.439998626708984,37.15089416503906,8889300,UNH
2006-11-15,47.38999938964844,48.08000183105469,47.349998474121094,47.959999084472656,37.55812454223633,7700300,UNH
2006-11-16,48.20000076293945,48.290000915527344,47.5,47.619998931884766,37.29187774658203,5271300,UNH
2006-11-17,47.599998474121094,47.68000030517578,46.880001068115234,47.25,37.00211715698242,5714800,UNH
2006-11-20,47.720001220703125,47.869998931884766,46.72999954223633,46.810001373291016,36.65755081176758,6017800,UNH
2006-11-21,47.0,47.0,46.189998626708984,46.33000183105469,36.28165054321289,6131700,UNH
2006-11-22,46.22999954223633,46.68000030517578,46.220001220703125,46.560001373291016,36.461769104003906,4855300,UNH
2006-11-24,46.400001525878906,47.0,46.189998626708984,46.709999084472656,36.5792350769043,1842400,UNH
2006-11-27,46.70000076293945,46.88999938964844,46.18000030517578,46.18000030517578,36.16419219970703,5616900,UNH
2006-11-28,46.25,48.0,46.25,47.34000015258789,37.07259750366211,9759500,UNH
2006-11-29,47.459999084472656,47.61000061035156,46.939998626708984,47.560001373291016,37.244873046875,8221000,UNH
2006-11-30,47.95000076293945,49.47999954223633,47.900001525878906,49.08000183105469,38.43521499633789,11434700,UNH
2006-12-01,49.439998626708984,49.84000015258789,48.4900016784668,48.83000183105469,38.23943328857422,7665800,UNH
2006-12-04,48.849998474121094,49.529998779296875,48.619998931884766,48.90999984741211,38.302093505859375,7844100,UNH
2006-12-05,49.099998474121094,49.16999816894531,48.68000030517578,48.880001068115234,38.27858352661133,4601200,UNH
2006-12-06,49.029998779296875,49.13999938964844,48.720001220703125,49.0099983215332,38.380409240722656,9797200,UNH
2006-12-07,49.08000183105469,50.25,49.0,49.4900016784668,38.75628662109375,10122900,UNH
2006-12-08,49.369998931884766,49.95000076293945,49.279998779296875,49.90999984741211,39.08519744873047,6141000,UNH
2006-12-11,49.900001525878906,50.310001373291016,49.349998474121094,50.09000015258789,39.226165771484375,4475300,UNH
2006-12-12,49.90999984741211,50.369998931884766,49.7599983215332,50.040000915527344,39.18700408935547,7116500,UNH
2006-12-13,50.43000030517578,50.560001373291016,49.63999938964844,49.709999084472656,38.92858123779297,6556600,UNH
2006-12-14,50.0,50.209999084472656,49.59000015258789,49.70000076293945,38.92074966430664,7522900,UNH
2006-12-15,49.66999816894531,50.150001525878906,49.13999938964844,50.09000015258789,39.226165771484375,7423600,UNH
2006-12-18,50.20000076293945,50.529998779296875,49.97999954223633,50.400001525878906,39.468929290771484,5465300,UNH
2006-12-19,50.5,52.529998779296875,50.4900016784668,52.33000183105469,40.98032760620117,13074400,UNH
2006-12-20,52.560001373291016,53.70000076293945,52.34000015258789,53.560001373291016,41.94355392456055,10252900,UNH
2006-12-21,53.88999938964844,54.459999084472656,53.630001068115234,53.93000030517578,42.233306884765625,8171700,UNH
2006-12-22,53.7599983215332,53.90999984741211,52.90999984741211,53.45000076293945,41.857425689697266,4569100,UNH
2006-12-26,53.68000030517578,53.83000183105469,52.9900016784668,53.22999954223633,41.68513107299805,2317000,UNH
2006-12-27,52.34000015258789,53.599998474121094,52.04999923706055,53.380001068115234,41.80259323120117,4915000,UNH
2006-12-28,52.869998931884766,53.75,52.869998931884766,53.65999984741211,42.02186584472656,3626100,UNH
2006-12-29,53.400001525878906,54.040000915527344,53.400001525878906,53.72999954223633,42.076698303222656,4410400,UNH
2007-01-03,54.31999969482422,54.34000015258789,52.31999969482422,52.56999969482422,41.16826629638672,8360300,UNH
2007-01-04,52.5,53.0,52.04999923706055,52.90999984741211,41.434539794921875,5152500,UNH
2007-01-05,52.79999923706055,53.04999923706055,51.93000030517578,52.54999923706055,41.152618408203125,6215700,UNH
2007-01-08,52.45000076293945,53.4900016784668,52.220001220703125,53.31999969482422,41.7556037902832,4344100,UNH
2007-01-09,53.349998474121094,53.349998474121094,52.43000030517578,52.68000030517578,41.254417419433594,5483900,UNH
2007-01-10,52.81999969482422,53.25,52.20000076293945,52.83000183105469,41.371883392333984,5075600,UNH
2007-01-11,53.11000061035156,54.5,52.95000076293945,54.45000076293945,42.640525817871094,5491000,UNH
2007-01-12,54.400001525878906,55.34000015258789,54.25,55.099998474121094,43.1495475769043,8345700,UNH
2007-01-16,55.099998474121094,55.95000076293945,54.720001220703125,55.75,43.6585693359375,8213400,UNH
2007-01-17,55.95000076293945,56.290000915527344,55.52000045776367,55.650001525878906,43.58026885986328,6731900,UNH
2007-01-18,54.599998474121094,54.599998474121094,53.36000061035156,53.79999923706055,42.13150405883789,13144300,UNH
2007-01-19,53.79999923706055,53.79999923706055,53.08000183105469,53.20000076293945,41.66164779663086,8131200,UNH
2007-01-22,53.20000076293945,53.25,52.04999923706055,52.189998626708984,40.87070846557617,8795700,UNH
2007-01-23,52.20000076293945,52.45000076293945,51.400001525878906,51.470001220703125,40.30685806274414,7639300,UNH
2007-01-24,51.369998931884766,52.310001373291016,50.7599983215332,51.79999923706055,40.56528854370117,8157300,UNH
2007-01-25,51.79999923706055,52.400001525878906,51.79999923706055,52.099998474121094,40.80021667480469,4976800,UNH
2007-01-26,52.060001373291016,52.13999938964844,51.279998779296875,51.540000915527344,40.361671447753906,4097600,UNH
2007-01-29,51.349998474121094,52.0099983215332,51.349998474121094,51.72999954223633,40.510459899902344,5026500,UNH
2007-01-30,52.02000045776367,52.529998779296875,51.810001373291016,52.209999084472656,40.886348724365234,5881200,UNH
2007-01-31,52.5,52.5,51.439998626708984,52.2599983215332,40.92551040649414,4265600,UNH
2007-02-01,52.27000045776367,53.220001220703125,51.779998779296875,52.79999923706055,41.34839630126953,4694500,UNH
2007-02-02,52.849998474121094,53.45000076293945,52.75,52.90999984741211,41.434539794921875,4959500,UNH
2007-02-05,51.95000076293945,52.83000183105469,51.86000061035156,52.33000183105469,40.98032760620117,6472500,UNH
2007-02-06,51.79999923706055,51.88999938964844,50.5099983215332,50.9900016784668,39.93096160888672,10969400,UNH
2007-02-07,51.38999938964844,51.38999938964844,50.9900016784668,51.25,40.13457107543945,5172000,UNH
2007-02-08,51.279998779296875,51.65999984741211,51.16999816894531,51.2400016784668,40.126739501953125,4105700,UNH
2007-02-09,51.279998779296875,51.52000045776367,50.75,50.880001068115234,39.84480667114258,4438700,UNH
2007-02-12,51.45000076293945,51.9900016784668,51.380001068115234,51.619998931884766,40.424339294433594,4360200,UNH
2007-02-13,51.939998626708984,52.20000076293945,51.459999084472656,51.61000061035156,40.4164924621582,6080700,UNH
2007-02-14,51.709999084472656,51.93000030517578,51.310001373291016,51.63999938964844,40.439998626708984,5125200,UNH
2007-02-15,52.099998474121094,54.150001525878906,51.97999954223633,53.61000061035156,41.98271560668945,8389500,UNH
2007-02-16,53.5099983215332,54.279998779296875,53.43000030517578,53.95000076293945,42.248985290527344,6276000,UNH
2007-02-20,54.54999923706055,54.95000076293945,53.61000061035156,53.81999969482422,42.147178649902344,6237000,UNH
2007-02-21,53.83000183105469,54.130001068115234,53.209999084472656,53.529998779296875,41.92006301879883,4792000,UNH
2007-02-22,53.81999969482422,54.0,53.45000076293945,53.720001220703125,42.068851470947266,3893100,UNH
2007-02-23,54.08000183105469,54.290000915527344,52.880001068115234,53.029998779296875,41.52851104736328,4587700,UNH
2007-02-26,53.16999816894531,53.349998474121094,52.66999816894531,53.209999084472656,41.66946792602539,4700700,UNH
2007-02-27,53.220001220703125,53.68000030517578,50.939998626708984,51.709999084472656,40.49479293823242,8615400,UNH
2007-02-28,52.02000045776367,52.720001220703125,51.709999084472656,52.18000030517578,40.86286163330078,7015300,UNH
2007-03-01,52.060001373291016,53.20000076293945,51.2400016784668,52.7400016784668,41.30139923095703,8698200,UNH
2007-03-02,53.9900016784668,55.08000183105469,53.0,54.18000030517578,42.42909240722656,13175700,UNH
2007-03-05,53.900001525878906,54.849998474121094,52.93000030517578,52.959999084472656,41.47368621826172,9355200,UNH
2007-03-06,54.40999984741211,54.5,53.540000915527344,53.97999954223633,42.2724723815918,13281200,UNH
2007-03-07,53.810001373291016,54.0,53.11000061035156,53.79999923706055,42.13150405883789,6584300,UNH
2007-03-08,54.16999816894531,54.25,53.11000061035156,53.33000183105469,41.76343536376953,6038300,UNH
2007-03-09,53.5,53.79999923706055,52.84000015258789,53.0,41.5050163269043,4786100,UNH
2007-03-12,53.400001525878906,53.61000061035156,52.66999816894531,53.27000045776367,41.71646499633789,6895600,UNH
2007-03-13,53.27000045776367,54.02000045776367,52.970001220703125,53.0,41.5050163269043,10299700,UNH
2007-03-14,52.900001525878906,53.95000076293945,52.72999954223633,53.369998931884766,41.79476547241211,8599100,UNH
2007-03-15,53.369998931884766,54.22999954223633,53.18000030517578,54.04999923706055,42.327274322509766,6508200,UNH
2007-03-16,54.310001373291016,54.630001068115234,52.88999938964844,53.130001068115234,41.6068229675293,12425700,UNH
2007-03-19,53.540000915527344,54.52000045776367,53.33000183105469,54.29999923706055,42.523048400878906,7729800,UNH
2007-03-20,54.29999923706055,54.90999984741211,53.880001068115234,54.099998474121094,42.366432189941406,9084100,UNH
2007-03-21,54.04999923706055,55.13999938964844,53.29999923706055,55.029998779296875,43.09474182128906,13092400,UNH
2007-03-22,55.34000015258789,56.22999954223633,54.650001525878906,55.689998626708984,43.6115837097168,12849200,UNH
2007-03-23,55.459999084472656,56.7400016784668,55.27000045776367,56.5099983215332,44.25374984741211,8674100,UNH
2007-03-26,56.470001220703125,57.099998474121094,56.20000076293945,56.880001068115234,44.54349899291992,9689000,UNH
2007-03-27,56.0,56.61000061035156,54.900001525878906,55.849998474121094,43.736900329589844,15167800,UNH
2007-03-28,55.97999954223633,56.7400016784668,54.59000015258789,54.810001373291016,42.922454833984375,12456100,UNH
2007-03-29,53.7400016784668,53.7400016784668,52.349998474121094,52.84000015258789,41.40238571166992,26372300,UNH
2007-03-30,52.84000015258789,53.22999954223633,52.52000045776367,52.970001220703125,41.50423049926758,8706200,UNH
2007-04-02,53.400001525878906,53.95000076293945,53.130001068115234,53.72999954223633,42.09975051879883,8847400,UNH
2007-04-03,54.08000183105469,54.849998474121094,54.0,54.61000061035156,42.78923797607422,9027800,UNH
2007-04-04,54.61000061035156,55.400001525878906,54.400001525878906,55.060001373291016,43.141841888427734,8705200,UNH
2007-04-05,54.81999969482422,55.900001525878906,54.720001220703125,55.33000183105469,43.353397369384766,9043800,UNH
2007-04-09,55.150001525878906,55.380001068115234,54.810001373291016,54.880001068115234,43.00080490112305,8099000,UNH
2007-04-10,54.849998474121094,55.09000015258789,53.90999984741211,54.2400016784668,42.49934387207031,8314800,UNH
2007-04-11,53.869998931884766,54.209999084472656,52.900001525878906,53.13999938964844,41.637451171875,10239700,UNH
2007-04-12,52.90999984741211,53.36000061035156,52.7599983215332,53.119998931884766,41.62177276611328,5216000,UNH
2007-04-13,53.349998474121094,53.349998474121094,52.20000076293945,52.95000076293945,41.48858642578125,6946800,UNH
2007-04-16,52.959999084472656,53.849998474121094,52.75,53.849998474121094,42.19375228881836,6470900,UNH
2007-04-17,54.79999923706055,55.150001525878906,54.09000015258789,54.619998931884766,42.797088623046875,12462200,UNH
2007-04-18,54.220001220703125,54.95000076293945,53.869998931884766,54.209999084472656,42.47584533691406,7377000,UNH
2007-04-19,51.5,52.4900016784668,51.25,52.04999923706055,40.783382415771484,19605100,UNH
2007-04-20,52.4900016784668,53.849998474121094,52.11000061035156,53.20000076293945,41.6844596862793,13710900,UNH
2007-04-23,53.20000076293945,54.029998779296875,53.0,53.95000076293945,42.272117614746094,7865400,UNH
2007-04-24,53.900001525878906,54.369998931884766,53.349998474121094,54.22999954223633,42.49150466918945,9378500,UNH
2007-04-25,53.25,53.900001525878906,52.34000015258789,52.939998626708984,41.480735778808594,14426200,UNH
2007-04-26,53.099998474121094,53.619998931884766,52.18000030517578,52.709999084472656,41.30052185058594,14477500,UNH
2007-04-27,52.720001220703125,53.25,52.720001220703125,53.150001525878906,41.64529037475586,6330800,UNH
2007-04-30,53.560001373291016,53.560001373291016,52.7400016784668,53.060001373291016,41.57477569580078,7393900,UNH
2007-05-01,52.91999816894531,53.0,52.439998626708984,52.75,41.331871032714844,9132800,UNH
2007-05-02,53.099998474121094,53.95000076293945,52.720001220703125,53.790000915527344,42.14674377441406,7340900,UNH
2007-05-03,53.95000076293945,54.0,52.9900016784668,53.189998626708984,41.67662811279297,7602000,UNH
2007-05-04,53.150001525878906,53.84000015258789,53.0,53.56999969482422,41.974365234375,5999900,UNH
2007-05-07,53.59000015258789,53.91999816894531,53.15999984741211,53.25,41.723628997802734,8083500,UNH
2007-05-08,53.0,53.25,52.779998779296875,53.11000061035156,41.61393356323242,8615500,UNH
2007-05-09,52.83000183105469,53.5,52.7400016784668,53.09000015258789,41.5982666015625,6941500,UNH
2007-05-10,52.7599983215332,53.58000183105469,52.0,53.02000045776367,41.54343032836914,4780800,UNH
2007-05-11,53.029998779296875,53.79999923706055,52.86000061035156,53.59000015258789,41.990047454833984,7440700,UNH
2007-05-14,53.459999084472656,53.4900016784668,52.779998779296875,52.83000183105469,41.39455032348633,5883800,UNH
2007-05-15,53.02000045776367,53.13999938964844,52.52000045776367,52.68000030517578,41.27701187133789,6632000,UNH
2007-05-16,52.849998474121094,53.81999969482422,52.59000015258789,53.79999923706055,42.15458679199219,6847500,UNH
2007-05-17,53.56999969482422,54.0,53.2400016784668,53.650001525878906,42.03705596923828,4840800,UNH
2007-05-18,53.72999954223633,53.79999923706055,53.13999938964844,53.470001220703125,41.89600372314453,5922600,UNH
2007-05-21,53.439998626708984,54.25,53.119998931884766,53.5,41.91952896118164,6847900,UNH
2007-05-22,53.58000183105469,54.349998474121094,53.349998474121094,53.88999938964844,42.225101470947266,6655700,UNH
2007-05-23,53.88999938964844,54.25,53.61000061035156,53.93000030517578,42.256446838378906,6721000,UNH
2007-05-24,53.790000915527344,54.43000030517578,53.66999816894531,54.209999084472656,42.47584533691406,8538300,UNH
2007-05-25,54.599998474121094,54.61000061035156,54.029998779296875,54.40999984741211,42.63254928588867,4909800,UNH
2007-05-29,54.400001525878906,54.790000915527344,54.400001525878906,54.56999969482422,42.75791549682617,5129700,UNH
2007-05-30,54.38999938964844,54.900001525878906,54.22999954223633,54.56999969482422,42.75791549682617,4266900,UNH
2007-05-31,54.75,55.31999969482422,54.5099983215332,54.77000045776367,42.914615631103516,7238100,UNH
2007-06-01,54.939998626708984,55.470001220703125,54.81999969482422,55.209999084472656,43.259368896484375,6150700,UNH
2007-06-04,54.900001525878906,55.45000076293945,54.900001525878906,55.20000076293945,43.25154495239258,4580400,UNH
2007-06-05,54.95000076293945,55.130001068115234,54.33000183105469,54.70000076293945,42.85976791381836,5617800,UNH
2007-06-06,54.310001373291016,54.630001068115234,53.81999969482422,53.970001220703125,42.28779602050781,4652900,UNH
2007-06-07,53.06999969482422,54.2400016784668,53.06999969482422,53.36000061035156,41.8098258972168,6274200,UNH
2007-06-08,53.540000915527344,53.84000015258789,53.0099983215332,53.66999816894531,42.05270767211914,5842100,UNH
2007-06-11,53.70000076293945,53.70000076293945,53.04999923706055,53.189998626708984,41.67662811279297,4416600,UNH
2007-06-12,53.29999923706055,53.29999923706055,52.77000045776367,52.9900016784668,41.51991271972656,6583200,UNH
2007-06-13,53.2599983215332,53.2599983215332,52.349998474121094,53.11000061035156,41.61393356323242,7285000,UNH
2007-06-14,53.20000076293945,53.20000076293945,52.79999923706055,52.95000076293945,41.48858642578125,4175300,UNH
2007-06-15,53.119998931884766,53.25,52.779998779296875,52.900001525878906,41.44940185546875,7574800,UNH
2007-06-18,52.810001373291016,53.189998626708984,52.65999984741211,52.869998931884766,41.42588424682617,4328700,UNH
2007-06-19,52.689998626708984,52.93000030517578,52.599998474121094,52.7400016784668,41.32402420043945,5666400,UNH
2007-06-20,52.790000915527344,52.790000915527344,51.38999938964844,51.5,40.35243225097656,12729100,UNH
2007-06-21,51.599998474121094,51.779998779296875,51.130001068115234,51.77000045776367,40.56399917602539,7153500,UNH
2007-06-22,51.68000030517578,51.900001525878906,51.029998779296875,51.29999923706055,40.19572448730469,7963200,UNH
2007-06-25,51.54999923706055,51.779998779296875,51.209999084472656,51.5,40.35243225097656,6007200,UNH
2007-06-26,51.790000915527344,52.04999923706055,51.36000061035156,51.790000915527344,40.57966995239258,5170500,UNH
2007-06-27,51.13999938964844,51.7599983215332,51.04999923706055,51.75,40.548309326171875,4839800,UNH
2007-06-28,51.529998779296875,52.349998474121094,51.45000076293945,52.099998474121094,40.82255935668945,6556300,UNH
2007-06-29,52.5,53.0,50.70000076293945,51.13999938964844,40.07035827636719,10126000,UNH
2007-07-02,51.59000015258789,52.220001220703125,51.47999954223633,52.220001220703125,40.91659164428711,6847500,UNH
2007-07-03,52.220001220703125,52.439998626708984,51.75,52.13999938964844,40.85390853881836,2751200,UNH
2007-07-05,52.13999938964844,52.54999923706055,51.70000076293945,52.45000076293945,41.09678649902344,6866000,UNH
2007-07-06,52.529998779296875,53.18000030517578,52.11000061035156,53.02000045776367,41.54343032836914,4825800,UNH
2007-07-09,53.0,53.06999969482422,51.939998626708984,51.970001220703125,40.7206916809082,7362800,UNH
2007-07-10,51.75,52.47999954223633,51.470001220703125,51.54999923706055,40.391624450683594,7001600,UNH
2007-07-11,51.43000030517578,51.900001525878906,51.150001525878906,51.40999984741211,40.281925201416016,12962500,UNH
2007-07-12,51.380001068115234,53.099998474121094,51.130001068115234,53.09000015258789,41.5982666015625,12038400,UNH
2007-07-13,53.0,53.08000183105469,52.369998931884766,52.97999954223633,41.51206970214844,4476300,UNH
2007-07-16,53.900001525878906,53.900001525878906,52.869998931884766,52.95000076293945,41.48858642578125,6168300,UNH
2007-07-17,52.65999984741211,53.41999816894531,52.59000015258789,53.0,41.527748107910156,5691200,UNH
2007-07-18,54.0099983215332,54.099998474121094,53.13999938964844,53.58000183105469,41.982200622558594,9001700,UNH
2007-07-19,51.95000076293945,52.29999923706055,51.29999923706055,51.88999938964844,40.658016204833984,17658500,UNH
2007-07-20,51.66999816894531,51.900001525878906,50.779998779296875,51.31999969482422,40.21139144897461,9549000,UNH
2007-07-23,51.5,51.65999984741211,51.060001373291016,51.16999816894531,40.093868255615234,6810200,UNH
2007-07-24,51.16999816894531,51.560001373291016,50.959999084472656,51.0,39.96066665649414,8679200,UNH
2007-07-25,50.9900016784668,51.41999816894531,50.70000076293945,51.209999084472656,40.125213623046875,8547700,UNH
2007-07-26,50.5099983215332,51.119998931884766,49.79999923706055,50.209999084472656,39.341651916503906,8703200,UNH
2007-07-27,49.90999984741211,50.38999938964844,49.099998474121094,49.130001068115234,38.495452880859375,10559500,UNH
2007-07-30,49.400001525878906,50.25,48.75,48.939998626708984,38.34656524658203,7892100,UNH
2007-07-31,49.15999984741211,49.22999954223633,48.130001068115234,48.43000030517578,37.94696044921875,10434800,UNH
2007-08-01,48.2400016784668,48.869998931884766,47.36000061035156,47.9900016784668,37.60220718383789,11590900,UNH
2007-08-02,47.5,48.79999923706055,47.5,48.36000061035156,37.892120361328125,10394800,UNH
2007-08-03,49.25,49.25,47.400001525878906,47.5,37.218257904052734,10970100,UNH
2007-08-06,47.75,48.54999923706055,47.5099983215332,48.5,38.001808166503906,9647900,UNH
2007-08-07,48.36000061035156,49.06999969482422,45.81999969482422,47.9900016784668,37.60220718383789,9495000,UNH
2007-08-08,48.29999923706055,48.29999923706055,46.95000076293945,47.56999969482422,37.27312469482422,10244600,UNH
2007-08-09,47.790000915527344,47.959999084472656,46.029998779296875,46.33000183105469,36.301513671875,14537200,UNH
2007-08-10,46.400001525878906,48.06999969482422,46.04999923706055,47.47999954223633,37.202598571777344,11879500,UNH
2007-08-13,47.849998474121094,49.9900016784668,47.79999923706055,49.040000915527344,38.424922943115234,12146600,UNH
2007-08-14,49.290000915527344,49.380001068115234,48.16999816894531,48.47999954223633,37.986141204833984,6202000,UNH
2007-08-15,48.849998474121094,50.099998474121094,48.75,49.119998931884766,38.487613677978516,10229600,UNH
2007-08-16,48.599998474121094,49.130001068115234,47.970001220703125,48.86000061035156,38.28388214111328,9655400,UNH
2007-08-17,49.439998626708984,49.869998931884766,48.900001525878906,49.79999923706055,39.020408630371094,9515400,UNH
2007-08-20,50.119998931884766,50.470001220703125,49.220001220703125,49.54999923706055,38.82453155517578,7082900,UNH
2007-08-21,49.54999923706055,49.91999816894531,49.27000045776367,49.560001373291016,38.832366943359375,5805300,UNH
2007-08-22,49.0,49.220001220703125,48.099998474121094,48.650001525878906,38.11933135986328,10318200,UNH
2007-08-23,48.900001525878906,49.0,48.34000015258789,48.619998931884766,38.0958251953125,5916500,UNH
2007-08-24,48.400001525878906,49.790000915527344,48.16999816894531,49.61000061035156,38.87154006958008,6220000,UNH
2007-08-27,49.41999816894531,49.939998626708984,49.189998626708984,49.189998626708984,38.54245376586914,4221300,UNH
2007-08-28,49.36000061035156,49.63999938964844,48.61000061035156,48.630001068115234,38.10366439819336,5267400,UNH
2007-08-29,48.810001373291016,49.0,48.27000045776367,48.689998626708984,38.150672912597656,6245200,UNH
2007-08-30,48.689998626708984,49.4900016784668,48.33000183105469,49.04999923706055,38.43274688720703,6553300,UNH
2007-08-31,49.29999923706055,50.29999923706055,49.0099983215332,50.0099983215332,39.18495178222656,9211400,UNH
2007-09-04,50.11000061035156,50.75,49.9900016784668,50.189998626708984,39.32599639892578,7922300,UNH
2007-09-05,49.86000061035156,50.0,49.13999938964844,49.290000915527344,38.62082290649414,6183800,UNH
2007-09-06,49.029998779296875,49.720001220703125,49.029998779296875,49.599998474121094,38.86369705200195,4168900,UNH
2007-09-07,49.150001525878906,49.5,48.97999954223633,49.189998626708984,38.54245376586914,4200100,UNH
2007-09-10,49.34000015258789,49.47999954223633,48.970001220703125,49.119998931884766,38.487613677978516,6124300,UNH
2007-09-11,49.41999816894531,49.72999954223633,48.779998779296875,49.56999969482422,38.84019088745117,5778100,UNH
2007-09-12,49.529998779296875,49.7400016784668,49.349998474121094,49.470001220703125,38.7618522644043,6619700,UNH
2007-09-13,49.650001525878906,49.86000061035156,49.38999938964844,49.54999923706055,38.82453155517578,5046800,UNH
2007-09-14,49.279998779296875,50.15999984741211,49.18000030517578,49.90999984741211,39.106597900390625,7101700,UNH
2007-09-17,49.72999954223633,50.11000061035156,49.56999969482422,49.95000076293945,39.137939453125,6284300,UNH
2007-09-18,50.11000061035156,50.47999954223633,49.529998779296875,50.099998474121094,39.25547790527344,9324900,UNH
2007-09-19,50.25,50.439998626708984,49.599998474121094,49.84000015258789,39.05174255371094,7488600,UNH
2007-09-20,49.79999923706055,50.0099983215332,49.54999923706055,49.810001373291016,39.028236389160156,5387300,UNH
2007-09-21,50.16999816894531,50.16999816894531,49.779998779296875,49.90999984741211,39.106597900390625,9616200,UNH
2007-09-24,50.0,50.099998474121094,49.43000030517578,49.560001373291016,38.832366943359375,12594500,UNH
2007-09-25,49.529998779296875,49.90999984741211,49.43000030517578,49.47999954223633,38.769676208496094,7868700,UNH
2007-09-26,49.52000045776367,49.540000915527344,49.130001068115234,49.310001373291016,38.6364860534668,8035400,UNH
2007-09-27,49.45000076293945,49.47999954223633,49.2400016784668,49.2599983215332,38.597293853759766,7162100,UNH
2007-09-28,49.02000045776367,49.02000045776367,48.0,48.43000030517578,37.94696044921875,12939200,UNH
2007-10-01,48.869998931884766,48.97999954223633,47.90999984741211,48.13999938964844,37.7197380065918,7450800,UNH
2007-10-02,48.20000076293945,48.40999984741211,47.41999816894531,47.88999938964844,37.52384948730469,8577600,UNH
2007-10-03,47.79999923706055,47.79999923706055,46.59000015258789,47.04999923706055,36.86566925048828,13402800,UNH
2007-10-04,47.41999816894531,47.63999938964844,47.150001525878906,47.380001068115234,37.124244689941406,8023900,UNH
2007-10-05,47.439998626708984,48.02000045776367,47.380001068115234,47.70000076293945,37.374969482421875,7696600,UNH
2007-10-08,47.70000076293945,47.959999084472656,47.68000030517578,47.810001373291016,37.46116256713867,3853800,UNH
2007-10-09,47.790000915527344,48.5,47.7599983215332,48.4900016784668,37.993980407714844,7991400,UNH
2007-10-10,48.47999954223633,49.68000030517578,48.439998626708984,49.33000183105469,38.65214157104492,13164600,UNH
2007-10-11,49.540000915527344,49.599998474121094,49.20000076293945,49.34000015258789,38.65998840332031,10103300,UNH
2007-10-12,49.2400016784668,49.97999954223633,49.150001525878906,49.689998626708984,38.93422317504883,9159300,UNH
2007-10-15,49.75,49.75,48.75,48.93000030517578,38.33872985839844,8021300,UNH
2007-10-16,48.90999984741211,49.11000061035156,48.36000061035156,48.5,38.001808166503906,6462000,UNH
2007-10-17,48.4900016784668,49.40999984741211,48.25,48.599998474121094,38.08016586303711,5703600,UNH
2007-10-18,49.0,49.0,47.91999816894531,48.099998474121094,37.68838882446289,20643600,UNH
2007-10-19,47.7400016784668,47.970001220703125,47.369998931884766,47.45000076293945,37.179073333740234,11601200,UNH
2007-10-22,47.2400016784668,48.18000030517578,47.09000015258789,48.130001068115234,37.71189880371094,7585700,UNH
2007-10-23,48.18000030517578,49.13999938964844,48.150001525878906,48.84000015258789,38.26821517944336,6565100,UNH
2007-10-24,49.25,49.41999816894531,47.900001525878906,48.470001220703125,37.978294372558594,7371800,UNH
2007-10-25,48.470001220703125,48.959999084472656,48.18000030517578,48.529998779296875,38.02532196044922,6569800,UNH
2007-10-26,48.619998931884766,48.779998779296875,47.0,47.9900016784668,37.60220718383789,6127600,UNH
2007-10-29,48.22999954223633,48.4900016784668,47.79999923706055,47.95000076293945,37.570858001708984,4789800,UNH
2007-10-30,47.77000045776367,48.20000076293945,47.400001525878906,47.900001525878906,37.53168487548828,5111300,UNH
2007-10-31,48.54999923706055,49.619998931884766,48.400001525878906,49.150001525878906,38.51111602783203,9457100,UNH
2007-11-01,48.81999969482422,49.43000030517578,48.5,48.54999923706055,38.04098892211914,6727600,UNH
2007-11-02,48.290000915527344,49.040000915527344,48.119998931884766,48.939998626708984,38.34656524658203,7492800,UNH
2007-11-05,48.5,49.459999084472656,48.5,49.119998931884766,38.487613677978516,6618400,UNH
2007-11-06,49.150001525878906,49.650001525878906,48.900001525878906,49.59000015258789,38.85588455200195,4752000,UNH
2007-11-07,49.75,50.540000915527344,49.5099983215332,49.849998474121094,39.05958938598633,10515700,UNH
2007-11-08,50.09000015258789,50.349998474121094,49.540000915527344,50.290000915527344,39.404354095458984,7339100,UNH
2007-11-09,50.20000076293945,52.220001220703125,49.88999938964844,51.66999816894531,40.485633850097656,16514700,UNH
2007-11-12,51.47999954223633,53.0,51.47999954223633,52.63999938964844,41.24565887451172,13544100,UNH
2007-11-13,52.79999923706055,53.29999923706055,52.43000030517578,53.29999923706055,41.7628059387207,11340300,UNH
2007-11-14,53.52000045776367,53.66999816894531,52.65999984741211,53.040000915527344,41.55910110473633,7846700,UNH
2007-11-15,52.720001220703125,53.79999923706055,52.720001220703125,53.02000045776367,41.54343032836914,7615200,UNH
2007-11-16,53.27000045776367,53.72999954223633,52.88999938964844,53.41999816894531,41.85682678222656,8204700,UNH
2007-11-19,53.25,53.689998626708984,53.02000045776367,53.4900016784668,41.91168212890625,8233200,UNH
2007-11-20,53.470001220703125,54.45000076293945,53.349998474121094,54.06999969482422,42.366146087646484,8674200,UNH
2007-11-21,53.709999084472656,54.400001525878906,53.11000061035156,53.40999984741211,41.848995208740234,7021500,UNH
2007-11-23,53.65999984741211,54.150001525878906,53.650001525878906,54.06999969482422,42.366146087646484,2963700,UNH
2007-11-26,54.06999969482422,54.81999969482422,53.31999969482422,53.380001068115234,41.825496673583984,6500600,UNH
2007-11-27,53.54999923706055,54.41999816894531,53.209999084472656,54.290000915527344,42.53852462768555,7889600,UNH
2007-11-28,54.59000015258789,54.79999923706055,53.65999984741211,54.720001220703125,42.87544250488281,8769300,UNH
2007-11-29,54.650001525878906,54.970001220703125,54.58000183105469,54.7599983215332,42.906776428222656,6164600,UNH
2007-11-30,54.95000076293945,55.0,54.060001373291016,55.0,43.094818115234375,6047100,UNH
2007-12-03,54.29999923706055,54.93000030517578,54.029998779296875,54.630001068115234,42.804908752441406,7170700,UNH
2007-12-04,54.27000045776367,54.9900016784668,53.900001525878906,54.33000183105469,42.56986999511719,9493200,UNH
2007-12-05,54.939998626708984,54.939998626708984,54.22999954223633,54.68000030517578,42.84409713745117,10883600,UNH
2007-12-06,54.560001373291016,56.0,54.150001525878906,55.97999954223633,43.862709045410156,6723600,UNH
2007-12-07,55.970001220703125,56.9900016784668,55.27000045776367,56.650001525878906,44.387672424316406,8187700,UNH
2007-12-10,56.650001525878906,57.95000076293945,56.47999954223633,57.869998931884766,45.343589782714844,11171800,UNH
2007-12-11,57.84000015258789,58.150001525878906,56.93000030517578,57.06999969482422,44.71677780151367,11885800,UNH
2007-12-12,57.2599983215332,58.34000015258789,57.2599983215332,57.470001220703125,45.03019332885742,13495200,UNH
2007-12-13,57.099998474121094,57.689998626708984,56.58000183105469,57.029998779296875,44.68541717529297,8543000,UNH
2007-12-14,56.27000045776367,57.439998626708984,55.11000061035156,56.72999954223633,44.45036697387695,6931000,UNH
2007-12-17,56.369998931884766,57.20000076293945,56.369998931884766,56.59000015258789,44.34068298339844,5754600,UNH
2007-12-18,56.88999938964844,57.470001220703125,56.34000015258789,57.20000076293945,44.818626403808594,6548300,UNH
2007-12-19,57.099998474121094,57.65999984741211,56.25,57.36000061035156,44.94400405883789,4455600,UNH
2007-12-20,57.65999984741211,58.31999969482422,57.099998474121094,58.11000061035156,45.53166198730469,6728800,UNH
2007-12-21,58.150001525878906,59.34000015258789,58.029998779296875,58.9900016784668,46.22117233276367,11114800,UNH
2007-12-24,58.7599983215332,59.459999084472656,58.7599983215332,58.880001068115234,46.134979248046875,1934400,UNH
2007-12-26,58.880001068115234,59.18000030517578,58.75,58.95000076293945,46.189823150634766,3192300,UNH
2007-12-27,58.20000076293945,59.439998626708984,58.20000076293945,58.36000061035156,45.727535247802734,4671800,UNH
2007-12-28,58.15999984741211,59.0,58.08000183105469,58.279998779296875,45.66484832763672,3735400,UNH
2007-12-31,58.0,58.56999969482422,57.869998931884766,58.20000076293945,45.6021728515625,3394900,UNH
2008-01-02,57.189998626708984,57.86000061035156,56.459999084472656,56.66999816894531,44.40333938598633,7698700,UNH
2008-01-03,56.75,57.290000915527344,56.52000045776367,56.93000030517578,44.60707473754883,4864000,UNH
2008-01-04,56.560001373291016,56.93000030517578,55.939998626708984,56.0,43.87839889526367,7250600,UNH
2008-01-07,55.540000915527344,57.11000061035156,55.540000915527344,56.880001068115234,44.567893981933594,6093200,UNH
2008-01-08,57.04999923706055,57.47999954223633,55.97999954223633,56.209999084472656,44.04291915893555,8142700,UNH
2008-01-09,56.09000015258789,57.47999954223633,55.75,56.189998626708984,44.027244567871094,9381400,UNH
2008-01-10,55.90999984741211,56.279998779296875,55.06999969482422,56.09000015258789,43.948883056640625,6413600,UNH
2008-01-11,55.689998626708984,56.59000015258789,55.470001220703125,55.90999984741211,43.8078498840332,6135400,UNH
2008-01-14,56.25,56.5,55.08000183105469,55.41999816894531,43.42391586303711,6194000,UNH
2008-01-15,55.0099983215332,55.400001525878906,54.529998779296875,54.95000076293945,43.0556526184082,6703900,UNH
2008-01-16,54.599998474121094,56.27000045776367,54.599998474121094,55.279998779296875,43.3142204284668,8403500,UNH
2008-01-17,55.540000915527344,55.540000915527344,53.790000915527344,54.36000061035156,42.5933723449707,7686000,UNH
2008-01-18,54.63999938964844,54.880001068115234,53.11000061035156,54.400001525878906,42.62472152709961,9705200,UNH
2008-01-22,51.5,52.97999954223633,50.31999969482422,51.220001220703125,40.13304901123047,16447400,UNH
2008-01-23,49.81999969482422,50.43000030517578,48.119998931884766,50.349998474121094,39.45135498046875,15512200,UNH
2008-01-24,50.369998931884766,50.529998779296875,49.279998779296875,49.81999969482422,39.03607940673828,11488400,UNH
2008-01-25,49.880001068115234,50.20000076293945,49.5,50.0,39.17713928222656,12519600,UNH
2008-01-28,49.900001525878906,52.0,49.59000015258789,52.0,40.74419403076172,13295200,UNH
2008-01-29,52.220001220703125,52.220001220703125,50.119998931884766,50.779998779296875,39.78828048706055,9873700,UNH
2008-01-30,50.5099983215332,51.29999923706055,50.130001068115234,50.15999984741211,39.30248260498047,9818900,UNH
2008-01-31,50.06999969482422,51.119998931884766,49.31999969482422,50.84000015258789,39.83529281616211,8361900,UNH
2008-02-01,50.849998474121094,51.029998779296875,49.650001525878906,50.099998474121094,39.25547790527344,7346800,UNH
2008-02-04,49.90999984741211,50.18000030517578,49.790000915527344,49.900001525878906,39.098777770996094,4484300,UNH
2008-02-05,50.060001373291016,50.22999954223633,49.400001525878906,49.400001525878906,38.706993103027344,6981300,UNH
2008-02-06,49.63999938964844,49.810001373291016,49.279998779296875,49.380001068115234,38.691314697265625,6428300,UNH
2008-02-07,49.099998474121094,49.61000061035156,48.65999984741211,49.029998779296875,38.41707992553711,6909700,UNH
2008-02-08,48.86000061035156,48.86000061035156,47.59000015258789,48.20000076293945,37.766746520996094,5966200,UNH
2008-02-11,48.20000076293945,48.369998931884766,47.38999938964844,48.220001220703125,37.78241729736328,6717800,UNH
2008-02-12,48.47999954223633,48.650001525878906,47.88999938964844,48.27000045776367,37.82160186767578,7282300,UNH
2008-02-13,47.599998474121094,47.650001525878906,44.0,46.970001220703125,36.802974700927734,29371900,UNH
2008-02-14,46.88999938964844,47.099998474121094,46.20000076293945,46.61000061035156,36.52092361450195,7993500,UNH
2008-02-15,46.34000015258789,47.7400016784668,46.34000015258789,47.7400016784668,37.406307220458984,8617000,UNH
2008-02-19,48.189998626708984,48.5,47.779998779296875,48.08000183105469,37.6727409362793,5411200,UNH
2008-02-20,47.810001373291016,48.18000030517578,47.5,48.099998474121094,37.68838882446289,5012100,UNH
2008-02-21,48.16999816894531,48.16999816894531,47.70000076293945,47.79999923706055,37.45332717895508,4833500,UNH
2008-02-22,47.9900016784668,48.11000061035156,46.75,47.36000061035156,37.108577728271484,5900800,UNH
2008-02-25,47.29999923706055,48.150001525878906,47.29999923706055,47.97999954223633,37.5943603515625,6475100,UNH
2008-02-26,47.84000015258789,48.959999084472656,47.5,48.93000030517578,38.33872985839844,7154700,UNH
2008-02-27,48.79999923706055,49.58000183105469,48.79999923706055,49.16999816894531,38.52677917480469,7392400,UNH
2008-02-28,48.90999984741211,49.09000015258789,47.95000076293945,48.0099983215332,37.617889404296875,5639700,UNH
2008-02-29,47.58000183105469,47.70000076293945,46.31999969482422,46.47999954223633,36.41905212402344,10785100,UNH
2008-03-03,46.22999954223633,46.5099983215332,45.54999923706055,46.349998474121094,36.317195892333984,8229300,UNH
2008-03-04,46.0099983215332,47.150001525878906,46.0099983215332,46.7599983215332,36.6384391784668,8082300,UNH
2008-03-05,47.279998779296875,47.369998931884766,46.52000045776367,47.220001220703125,36.99888229370117,5990500,UNH
2008-03-06,47.08000183105469,47.08000183105469,45.75,45.810001373291016,35.894065856933594,6788000,UNH
2008-03-07,45.599998474121094,45.70000076293945,45.13999938964844,45.209999084472656,35.42394256591797,7434000,UNH
2008-03-10,45.15999984741211,45.72999954223633,44.970001220703125,45.06999969482422,35.314239501953125,6165400,UNH
2008-03-11,40.650001525878906,41.27000045776367,37.31999969482422,38.2400016784668,29.962650299072266,37638000,UNH
2008-03-12,35.75,38.619998931884766,34.66999816894531,36.68000030517578,28.740325927734375,35342400,UNH
2008-03-13,37.70000076293945,39.650001525878906,37.11000061035156,38.279998779296875,29.994003295898438,30377600,UNH
2008-03-14,38.63999938964844,39.720001220703125,36.630001068115234,37.189998626708984,29.139951705932617,13008400,UNH
2008-03-17,35.86000061035156,36.720001220703125,33.72999954223633,33.84000015258789,26.515066146850586,21053600,UNH
2008-03-18,34.29999923706055,35.060001373291016,33.56999969482422,35.060001373291016,27.47100257873535,19636900,UNH
2008-03-19,34.52000045776367,36.56999969482422,34.52000045776367,35.54999923706055,27.85494041442871,14692900,UNH
2008-03-20,35.72999954223633,35.72999954223633,34.84000015258789,35.31999969482422,27.67471694946289,12731500,UNH
2008-03-24,35.33000183105469,36.0,35.310001373291016,35.709999084472656,27.98029327392578,7288100,UNH
2008-03-25,35.40999984741211,35.47999954223633,34.810001373291016,35.279998779296875,27.643367767333984,9606500,UNH
2008-03-26,35.25,35.25,33.939998626708984,34.099998474121094,26.718795776367188,15311800,UNH
2008-03-27,34.25,34.40999984741211,33.810001373291016,34.0,26.640445709228516,11709500,UNH
2008-03-28,34.2400016784668,34.599998474121094,33.900001525878906,34.400001525878906,26.953861236572266,8048500,UNH
2008-03-31,34.400001525878906,34.849998474121094,33.83000183105469,34.36000061035156,26.94601821899414,14104200,UNH
2008-04-01,34.849998474121094,36.25,34.599998474121094,36.25,28.428203582763672,8887700,UNH
2008-04-02,35.79999923706055,36.810001373291016,35.79999923706055,35.959999084472656,28.20077133178711,9386800,UNH
2008-04-03,35.380001068115234,36.88999938964844,35.380001068115234,36.150001525878906,28.349781036376953,11752400,UNH
2008-04-04,36.150001525878906,36.68000030517578,36.02000045776367,36.5,28.624244689941406,5706400,UNH
2008-04-07,36.7400016784668,37.06999969482422,36.4900016784668,36.66999816894531,28.757585525512695,7077800,UNH
2008-04-08,36.68000030517578,38.33000183105469,36.5099983215332,38.08000183105469,29.863327026367188,12245600,UNH
2008-04-09,38.279998779296875,38.279998779296875,37.150001525878906,37.279998779296875,29.235963821411133,7126600,UNH
2008-04-10,36.9900016784668,37.849998474121094,36.52000045776367,36.599998474121094,28.702695846557617,6794700,UNH
2008-04-11,36.5,37.0,35.72999954223633,35.869998931884766,28.13019371032715,7061600,UNH
2008-04-14,35.849998474121094,36.29999923706055,35.529998779296875,36.290000915527344,28.459571838378906,4541600,UNH
2008-04-15,36.130001068115234,38.099998474121094,36.08000183105469,37.2400016784668,29.20459747314453,9010100,UNH
2008-04-16,37.27000045776367,37.27000045776367,35.7599983215332,35.79999923706055,28.07530975341797,11659600,UNH
2008-04-17,35.720001220703125,36.709999084472656,35.720001220703125,36.70000076293945,28.78110694885254,7013500,UNH
2008-04-18,36.84000015258789,37.439998626708984,36.04999923706055,37.25,29.212430953979492,9058800,UNH
2008-04-21,37.040000915527344,38.099998474121094,37.040000915527344,37.810001373291016,29.651586532592773,8088300,UNH
2008-04-22,33.709999084472656,35.04999923706055,33.47999954223633,34.150001525878906,26.781333923339844,28718500,UNH
2008-04-23,34.060001373291016,35.16999816894531,33.77000045776367,34.72999954223633,27.236177444458008,17846700,UNH
2008-04-24,34.5,35.290000915527344,33.40999984741211,33.59000015258789,26.3421630859375,10118800,UNH
2008-04-25,33.810001373291016,34.290000915527344,33.56999969482422,33.9900016784668,26.65585708618164,10066100,UNH
2008-04-28,34.0,34.150001525878906,33.459999084472656,33.63999938964844,26.381370544433594,9751200,UNH
2008-04-29,33.470001220703125,33.47999954223633,32.939998626708984,33.400001525878906,26.19314956665039,10580800,UNH
2008-04-30,33.599998474121094,33.599998474121094,32.5,32.630001068115234,25.589303970336914,14293400,UNH
2008-05-01,32.720001220703125,33.18000030517578,32.31999969482422,32.900001525878906,25.801044464111328,26252600,UNH
2008-05-02,33.0099983215332,34.36000061035156,33.0099983215332,33.470001220703125,26.248062133789062,12916900,UNH
2008-05-05,33.560001373291016,34.029998779296875,33.060001373291016,33.06999969482422,25.93436050415039,11348000,UNH
2008-05-06,33.06999969482422,33.27000045776367,32.560001373291016,32.79999923706055,25.722627639770508,11935500,UNH
2008-05-07,32.7400016784668,33.22999954223633,32.560001373291016,32.65999984741211,25.61282730102539,8573600,UNH
2008-05-08,32.75,33.56999969482422,32.5,33.0,25.879467010498047,7207100,UNH
2008-05-09,33.09000015258789,33.209999084472656,32.619998931884766,32.939998626708984,25.832414627075195,5168500,UNH
2008-05-12,33.18000030517578,33.18000030517578,32.560001373291016,32.779998779296875,25.706932067871094,5080700,UNH
2008-05-13,32.810001373291016,33.09000015258789,32.5,32.54999923706055,25.52656364440918,6172000,UNH
2008-05-14,32.540000915527344,32.79999923706055,32.02000045776367,32.02000045776367,25.110929489135742,10210200,UNH
2008-05-15,32.099998474121094,32.22999954223633,31.489999771118164,31.700000762939453,24.85997200012207,16034800,UNH
2008-05-16,32.11000061035156,32.59000015258789,31.860000610351562,32.31999969482422,25.346195220947266,17738000,UNH
2008-05-19,32.58000183105469,33.61000061035156,32.45000076293945,33.439998626708984,26.224531173706055,13271900,UNH
2008-05-20,33.650001525878906,34.189998626708984,33.459999084472656,34.04999923706055,26.70290756225586,19432000,UNH
2008-05-21,34.0,34.529998779296875,33.81999969482422,34.15999984741211,26.789173126220703,12849000,UNH
2008-05-22,34.5,35.77000045776367,34.0,35.29999923706055,27.683185577392578,16315500,UNH
2008-05-23,35.5,35.540000915527344,34.31999969482422,34.75,27.251873016357422,12066300,UNH
2008-05-27,34.689998626708984,35.22999954223633,34.619998931884766,35.02000045776367,27.463613510131836,10348000,UNH
2008-05-28,35.040000915527344,35.2400016784668,34.209999084472656,34.22999954223633,26.844058990478516,15387500,UNH
2008-05-29,34.099998474121094,34.77000045776367,34.0099983215332,34.5,27.055803298950195,11342700,UNH
2008-05-30,34.58000183105469,34.72999954223633,34.060001373291016,34.209999084472656,26.828378677368164,7643400,UNH
2008-06-02,34.220001220703125,34.41999816894531,33.65999984741211,33.9900016784668,26.65585708618164,10343700,UNH
2008-06-03,34.040000915527344,34.29999923706055,33.5,33.95000076293945,26.62449073791504,9692600,UNH
2008-06-04,33.91999816894531,34.11000061035156,33.66999816894531,33.81999969482422,26.52253532409668,11208500,UNH
2008-06-05,33.869998931884766,34.15999984741211,33.56999969482422,33.939998626708984,26.616647720336914,10629800,UNH
2008-06-06,33.720001220703125,33.88999938964844,32.9900016784668,33.029998779296875,25.902999877929688,12431000,UNH
2008-06-09,33.040000915527344,33.25,32.75,32.93000030517578,25.82457160949707,9009800,UNH
2008-06-10,33.0099983215332,33.0099983215332,32.47999954223633,32.599998474121094,25.56577491760254,9300200,UNH
2008-06-11,32.4900016784668,32.59000015258789,31.760000228881836,31.950000762939453,25.0560302734375,11565800,UNH
2008-06-12,32.040000915527344,32.11000061035156,30.979999542236328,31.010000228881836,24.318859100341797,15830200,UNH
2008-06-13,30.299999237060547,30.889999389648438,30.0,30.739999771118164,24.107118606567383,18258400,UNH
2008-06-16,30.649999618530273,30.739999771118164,29.920000076293945,30.200000762939453,23.68363380432129,11135300,UNH
2008-06-17,30.280000686645508,30.510000228881836,29.959999084472656,30.0,23.526790618896484,7366800,UNH
2008-06-18,29.969999313354492,30.399999618530273,29.889999389648438,30.219999313354492,23.699316024780273,18323000,UNH
2008-06-19,27.100000381469727,28.709999084472656,26.93000030517578,27.889999389648438,21.8720645904541,51415000,UNH
2008-06-20,27.84000015258789,27.950000762939453,27.0,27.1200008392334,21.268217086791992,17673700,UNH
2008-06-23,27.229999542236328,27.239999771118164,26.219999313354492,26.389999389648438,20.69572639465332,15516700,UNH
2008-06-24,26.149999618530273,26.75,25.920000076293945,26.43000030517578,20.72710418701172,13895800,UNH
2008-06-25,26.479999542236328,27.239999771118164,26.479999542236328,26.790000915527344,21.009424209594727,8488200,UNH
2008-06-26,26.479999542236328,27.299999237060547,25.889999389648438,25.969999313354492,20.366355895996094,12442100,UNH
2008-06-27,26.299999237060547,26.700000762939453,25.989999771118164,26.010000228881836,20.397729873657227,20100800,UNH
2008-06-30,26.049999237060547,26.579999923706055,25.5,26.25,20.585939407348633,15309500,UNH
2008-07-01,26.1200008392334,26.200000762939453,25.290000915527344,25.6299991607666,20.099716186523438,11956400,UNH
2008-07-02,27.020000457763672,27.299999237060547,25.040000915527344,25.1200008392334,19.69976043701172,27401600,UNH
2008-07-03,24.5,24.989999771118164,22.719999313354492,22.959999084472656,18.00583839416504,22763500,UNH
2008-07-07,22.709999084472656,23.670000076293945,22.68000030517578,23.309999465942383,18.28031349182129,17254000,UNH
2008-07-08,22.780000686645508,24.09000015258789,22.510000228881836,23.280000686645508,18.25678062438965,23354900,UNH
2008-07-09,23.350000381469727,23.559999465942383,22.75,22.93000030517578,17.982311248779297,16839800,UNH
2008-07-10,22.899999618530273,23.170000076293945,22.18000030517578,22.579999923706055,17.70783042907715,12975200,UNH
2008-07-11,21.760000228881836,22.549999237060547,21.540000915527344,22.15999984741211,17.378456115722656,14181300,UNH
2008-07-14,22.190000534057617,22.5,22.030000686645508,22.18000030517578,17.39413833618164,10634900,UNH
2008-07-15,21.90999984741211,22.420000076293945,21.200000762939453,22.329999923706055,17.511775970458984,16152700,UNH
2008-07-16,22.399999618530273,22.65999984741211,21.969999313354492,22.530000686645508,17.668622970581055,19159200,UNH
2008-07-17,22.600000381469727,23.670000076293945,22.489999771118164,23.579999923706055,18.492053985595703,16009900,UNH
2008-07-18,23.719999313354492,24.290000915527344,23.239999771118164,23.899999618530273,18.743005752563477,15625200,UNH
2008-07-21,24.1299991607666,24.34000015258789,23.760000228881836,23.829999923706055,18.68811798095703,13714500,UNH
2008-07-22,24.399999618530273,26.399999618530273,24.149999618530273,26.209999084472656,20.55457305908203,26171000,UNH
2008-07-23,27.920000076293945,28.1299991607666,27.280000686645508,27.760000228881836,21.770118713378906,26577700,UNH
2008-07-24,27.739999771118164,27.940000534057617,26.809999465942383,27.020000457763672,21.189790725708008,11180800,UNH
2008-07-25,27.020000457763672,27.600000381469727,26.899999618530273,27.450000762939453,21.527008056640625,11244200,UNH
2008-07-28,27.469999313354492,27.950000762939453,26.780000686645508,26.780000686645508,21.001577377319336,8837000,UNH
2008-07-29,26.850000381469727,27.65999984741211,26.6200008392334,27.530000686645508,21.589752197265625,7623700,UNH
2008-07-30,27.649999618530273,27.93000030517578,26.690000534057617,27.280000686645508,21.393699645996094,10490000,UNH
2008-07-31,27.1200008392334,28.969999313354492,27.1200008392334,28.079999923706055,22.021076202392578,17290000,UNH
2008-08-01,27.989999771118164,28.309999465942383,27.440000534057617,28.1299991607666,22.06028175354004,10702100,UNH
2008-08-04,28.700000762939453,29.5,27.5,28.959999084472656,22.71118927001953,11467400,UNH
2008-08-05,28.959999084472656,30.479999542236328,28.959999084472656,30.450000762939453,23.879688262939453,13067600,UNH
2008-08-06,30.40999984741211,30.40999984741211,29.360000610351562,29.860000610351562,23.416990280151367,9772900,UNH
2008-08-07,29.790000915527344,29.950000762939453,29.010000228881836,29.15999984741211,22.868040084838867,7074200,UNH
2008-08-08,29.270000457763672,31.190000534057617,29.270000457763672,31.0,24.311016082763672,10644200,UNH
2008-08-11,31.06999969482422,31.8700008392334,30.239999771118164,31.25,24.507070541381836,7417400,UNH
2008-08-12,31.389999389648438,31.940000534057617,31.18000030517578,31.479999542236328,24.687442779541016,7479300,UNH
2008-08-13,31.489999771118164,31.829999923706055,30.8700008392334,31.610000610351562,24.789392471313477,7219400,UNH
2008-08-14,31.709999084472656,32.36000061035156,31.100000381469727,31.889999389648438,25.008970260620117,7737000,UNH
2008-08-15,31.940000534057617,33.099998474121094,31.1299991607666,33.0099983215332,25.887310028076172,9848100,UNH
2008-08-18,33.25,33.4900016784668,31.899999618530273,32.130001068115234,25.197187423706055,8541000,UNH
2008-08-19,31.969999313354492,32.130001068115234,29.979999542236328,30.969999313354492,24.28748893737793,12564800,UNH
2008-08-20,30.950000762939453,30.959999084472656,29.889999389648438,30.239999771118164,23.71500587463379,7075300,UNH
2008-08-21,30.100000381469727,30.729999542236328,29.850000381469727,30.299999237060547,23.762056350708008,5937900,UNH
2008-08-22,30.459999084472656,30.719999313354492,30.110000610351562,30.610000610351562,24.005165100097656,6666400,UNH
2008-08-25,30.530000686645508,30.649999618530273,29.15999984741211,29.309999465942383,22.985673904418945,6565400,UNH
2008-08-26,29.299999237060547,30.360000610351562,29.010000228881836,29.459999084472656,23.103313446044922,6095000,UNH
2008-08-27,29.450000762939453,29.860000610351562,28.81999969482422,29.43000030517578,23.079784393310547,5643500,UNH
2008-08-28,29.549999237060547,30.219999313354492,29.43000030517578,30.059999465942383,23.573841094970703,5952400,UNH
2008-08-29,30.040000915527344,30.75,29.860000610351562,30.450000762939453,23.879688262939453,7137300,UNH
2008-09-02,30.489999771118164,31.389999389648438,29.0,29.280000686645508,22.962146759033203,12849800,UNH
2008-09-03,29.18000030517578,29.799999237060547,28.979999542236328,29.68000030517578,23.275840759277344,5111300,UNH
2008-09-04,29.559999465942383,29.6200008392334,27.719999313354492,28.059999465942383,22.005390167236328,13517500,UNH
2008-09-05,27.899999618530273,28.010000228881836,27.229999542236328,27.709999084472656,21.730913162231445,10914200,UNH
2008-09-08,28.65999984741211,29.25,28.219999313354492,29.15999984741211,22.868040084838867,8880900,UNH
2008-09-09,29.06999969482422,30.030000686645508,28.479999542236328,28.479999542236328,22.334758758544922,12618500,UNH
2008-09-10,28.510000228881836,29.579999923706055,28.420000076293945,29.309999465942383,22.985673904418945,8168400,UNH
2008-09-11,28.520000457763672,30.0,28.520000457763672,29.959999084472656,23.495410919189453,10032900,UNH
2008-09-12,30.0,30.0,28.90999984741211,29.610000610351562,23.220943450927734,7194800,UNH
2008-09-15,28.780000686645508,29.209999084472656,27.899999618530273,28.010000228881836,21.966175079345703,10762700,UNH
2008-09-16,27.729999542236328,27.799999237060547,25.84000015258789,26.780000686645508,21.001577377319336,17597900,UNH
2008-09-17,26.5,27.5,25.5,25.510000228881836,20.005617141723633,12287900,UNH
2008-09-18,25.850000381469727,26.719999313354492,24.899999618530273,26.56999969482422,20.83688735961914,12795600,UNH
2008-09-19,29.940000534057617,30.0,26.34000015258789,26.790000915527344,21.009424209594727,13050400,UNH
2008-09-22,27.0,27.09000015258789,26.139999389648438,26.520000457763672,20.797697067260742,6717500,UNH
2008-09-23,26.270000457763672,27.5,25.239999771118164,26.0,20.38988494873047,6472000,UNH
2008-09-24,26.010000228881836,26.270000457763672,24.979999542236328,25.100000381469727,19.684078216552734,4908000,UNH
2008-09-25,25.190000534057617,25.959999084472656,25.100000381469727,25.5,19.997774124145508,5511600,UNH
2008-09-26,25.0,26.200000762939453,25.0,25.809999465942383,20.240888595581055,4545800,UNH
2008-09-29,25.260000228881836,26.0,21.0,21.0,16.4687557220459,8695700,UNH
2008-09-30,23.68000030517578,26.0,23.670000076293945,25.389999389648438,19.911514282226562,10648200,UNH
2008-10-01,25.969999313354492,25.969999313354492,24.760000228881836,25.079999923706055,19.66839599609375,7038900,UNH
2008-10-02,25.09000015258789,25.459999084472656,24.700000762939453,24.760000228881836,19.417444229125977,10096200,UNH
2008-10-03,25.059999465942383,25.290000915527344,23.989999771118164,24.110000610351562,18.907690048217773,7621800,UNH
2008-10-06,23.770000457763672,23.989999771118164,21.649999618530273,22.260000228881836,17.456876754760742,12613300,UNH
2008-10-07,22.5,22.75,20.520000457763672,20.520000457763672,16.092327117919922,11134900,UNH
2008-10-08,20.260000228881836,21.020000457763672,19.200000762939453,19.200000762939453,15.057147979736328,12460900,UNH
2008-10-09,20.1299991607666,20.170000076293945,17.540000915527344,17.799999237060547,13.959229469299316,18043400,UNH
2008-10-10,16.6299991607666,19.0,14.510000228881836,17.350000381469727,13.606332778930664,22748600,UNH
2008-10-13,18.059999465942383,23.520000457763672,17.829999923706055,23.3799991607666,18.3352108001709,17691700,UNH
2008-10-14,24.309999465942383,25.25,22.65999984741211,22.989999771118164,18.02937126159668,14809700,UNH
2008-10-15,22.579999923706055,23.040000915527344,21.56999969482422,21.670000076293945,16.994184494018555,11159000,UNH
2008-10-16,23.6200008392334,24.0,20.700000762939453,22.6299991607666,17.747039794921875,20106300,UNH
2008-10-17,22.989999771118164,24.719999313354492,22.559999465942383,24.389999389648438,19.127283096313477,17641700,UNH
2008-10-20,24.6200008392334,25.610000610351562,24.200000762939453,25.510000228881836,20.005617141723633,9741400,UNH
2008-10-21,25.139999389648438,25.989999771118164,25.0,25.25,19.801715850830078,13449800,UNH
2008-10-22,23.700000762939453,24.81999969482422,22.700000762939453,24.059999465942383,18.86849021911621,15369300,UNH
2008-10-23,24.260000228881836,24.790000915527344,22.170000076293945,23.93000030517578,18.766536712646484,10879900,UNH
2008-10-24,22.18000030517578,23.450000762939453,21.260000228881836,22.90999984741211,17.966630935668945,10412300,UNH
2008-10-27,22.309999465942383,22.93000030517578,20.200000762939453,20.43000030517578,16.021743774414062,11761500,UNH
2008-10-28,21.270000457763672,22.479999542236328,20.0,22.450000762939453,17.60588836669922,11767800,UNH
2008-10-29,22.309999465942383,22.68000030517578,21.0,21.31999969482422,16.719703674316406,14461400,UNH
2008-10-30,22.690000534057617,22.690000534057617,21.1200008392334,22.389999389648438,17.558820724487305,9410800,UNH
2008-10-31,22.06999969482422,24.190000534057617,21.299999237060547,23.729999542236328,18.609695434570312,14807400,UNH
2008-11-03,23.68000030517578,23.989999771118164,23.25,23.489999771118164,18.42147445678711,5451000,UNH
2008-11-04,24.299999237060547,24.489999771118164,22.549999237060547,22.81999969482422,17.896041870117188,10569500,UNH
2008-11-05,22.579999923706055,23.639999389648438,22.479999542236328,22.770000457763672,17.85683250427246,11475300,UNH
2008-11-06,22.600000381469727,23.170000076293945,21.969999313354492,22.15999984741211,17.378456115722656,11371800,UNH
2008-11-07,22.40999984741211,22.920000076293945,21.829999923706055,22.43000030517578,17.59020233154297,7309700,UNH
2008-11-10,22.520000457763672,22.729999542236328,21.09000015258789,21.440000534057617,16.813812255859375,7087800,UNH
2008-11-11,21.079999923706055,21.079999923706055,19.59000015258789,20.15999984741211,15.809999465942383,9592200,UNH
2008-11-12,20.0,20.0,18.829999923706055,18.8700008392334,14.79835319519043,8305500,UNH
2008-11-13,18.979999542236328,20.8700008392334,17.860000610351562,20.84000015258789,16.343276977539062,13802000,UNH
2008-11-14,20.270000457763672,21.579999923706055,20.010000228881836,20.020000457763672,15.700204849243164,9847900,UNH
2008-11-17,19.729999542236328,20.030000686645508,18.889999389648438,18.889999389648438,14.81403636932373,8951100,UNH
2008-11-18,18.579999923706055,19.549999237060547,18.110000610351562,19.030000686645508,14.923826217651367,12303900,UNH
2008-11-19,18.90999984741211,19.520000457763672,17.700000762939453,17.729999542236328,13.904333114624023,9254900,UNH
2008-11-20,17.600000381469727,18.649999618530273,15.930000305175781,16.299999237060547,12.78288745880127,13078000,UNH
2008-11-21,16.719999313354492,17.200000762939453,15.1899995803833,17.149999618530273,13.449479103088379,17653300,UNH
2008-11-24,17.56999969482422,19.399999618530273,17.280000686645508,19.06999969482422,14.9552001953125,13471700,UNH
2008-11-25,19.59000015258789,20.989999771118164,19.450000762939453,20.729999542236328,16.25701141357422,13391300,UNH
2008-11-26,19.93000030517578,21.15999984741211,19.719999313354492,20.979999542236328,16.453062057495117,9609700,UNH
2008-11-28,20.809999465942383,21.3799991607666,20.75,21.010000228881836,16.476593017578125,3549700,UNH
2008-12-01,21.670000076293945,22.440000534057617,20.040000915527344,20.1200008392334,15.778639793395996,11531800,UNH
2008-12-02,20.5,21.219999313354492,19.25,20.31999969482422,15.935483932495117,8941500,UNH
2008-12-03,19.84000015258789,20.530000686645508,19.049999237060547,20.3799991607666,15.982528686523438,8016700,UNH
2008-12-04,20.040000915527344,20.8700008392334,19.530000686645508,19.899999618530273,15.606100082397461,7406500,UNH
2008-12-05,19.520000457763672,21.56999969482422,19.229999542236328,21.40999984741211,16.790285110473633,8246800,UNH
2008-12-08,21.979999542236328,22.09000015258789,20.8799991607666,21.450000762939453,16.8216552734375,7721800,UNH
2008-12-09,21.229999542236328,22.18000030517578,20.190000534057617,20.780000686645508,16.296220779418945,8246400,UNH
2008-12-10,21.0,21.809999465942383,20.889999389648438,21.56999969482422,16.91576385498047,7030600,UNH
2008-12-11,21.309999465942383,23.959999084472656,21.209999084472656,23.489999771118164,18.42147445678711,13822100,UNH
2008-12-12,22.81999969482422,23.84000015258789,22.549999237060547,23.540000915527344,18.46068572998047,8309400,UNH
2008-12-15,23.649999618530273,24.479999542236328,23.459999084472656,23.780000686645508,18.648897171020508,10733200,UNH
2008-12-16,23.059999465942383,24.889999389648438,22.5,24.350000381469727,19.095911026000977,11878600,UNH
2008-12-17,23.959999084472656,24.84000015258789,23.670000076293945,23.899999618530273,18.743005752563477,8141000,UNH
2008-12-18,24.15999984741211,25.079999923706055,23.690000534057617,24.90999984741211,19.535083770751953,10148800,UNH
2008-12-19,25.020000457763672,26.920000076293945,24.920000076293945,26.489999771118164,20.774150848388672,17398000,UNH
2008-12-22,26.469999313354492,26.81999969482422,25.0,25.739999771118164,20.185993194580078,8160500,UNH
2008-12-23,25.93000030517578,26.600000381469727,25.719999313354492,25.979999542236328,20.374195098876953,5888900,UNH
2008-12-24,26.15999984741211,26.479999542236328,25.479999542236328,25.959999084472656,20.3585147857666,1965700,UNH
2008-12-26,26.079999923706055,26.479999542236328,25.989999771118164,26.299999237060547,20.62514877319336,2108200,UNH
2008-12-29,26.40999984741211,26.40999984741211,25.079999923706055,25.56999969482422,20.052671432495117,5507900,UNH
2008-12-30,25.81999969482422,27.110000610351562,25.760000228881836,27.040000915527344,21.205486297607422,5886600,UNH
2008-12-31,27.059999465942383,27.309999465942383,26.200000762939453,26.600000381469727,20.860427856445312,5584600,UNH
2009-01-02,26.700000762939453,27.719999313354492,26.540000915527344,27.59000015258789,21.636802673339844,4885900,UNH
2009-01-05,27.399999618530273,27.670000076293945,26.559999465942383,27.139999389648438,21.28390884399414,8518900,UNH
2009-01-06,27.110000610351562,27.3700008392334,25.809999465942383,26.5,20.781999588012695,7423000,UNH
2009-01-07,26.709999084472656,27.079999923706055,26.040000915527344,26.299999237060547,20.62514877319336,8228400,UNH
2009-01-08,26.100000381469727,26.90999984741211,25.75,26.709999084472656,20.946683883666992,6106900,UNH
2009-01-09,26.75,27.0,25.799999237060547,26.450000762939453,20.742786407470703,5931400,UNH
2009-01-12,26.579999923706055,26.790000915527344,25.290000915527344,25.6200008392334,20.091880798339844,6242600,UNH
2009-01-13,24.920000076293945,26.290000915527344,24.850000381469727,25.360000610351562,19.88797950744629,10393800,UNH
2009-01-14,24.700000762939453,24.959999084472656,23.770000457763672,24.079999923706055,18.88416862487793,7846700,UNH
2009-01-15,24.059999465942383,25.139999389648438,23.860000610351562,24.889999389648438,19.51938819885254,10735100,UNH
2009-01-16,25.389999389648438,25.6200008392334,24.760000228881836,25.5,19.997774124145508,9587900,UNH
2009-01-20,25.40999984741211,26.010000228881836,24.030000686645508,24.15999984741211,18.946914672851562,8196900,UNH
2009-01-21,24.209999084472656,25.1200008392334,23.860000610351562,25.049999237060547,19.644865036010742,8206400,UNH
2009-01-22,25.440000534057617,27.440000534057617,25.25,27.190000534057617,21.32311248779297,19846600,UNH
2009-01-23,27.170000076293945,28.56999969482422,25.93000030517578,28.040000915527344,21.989707946777344,14194800,UNH
2009-01-26,28.15999984741211,28.719999313354492,27.799999237060547,28.149999618530273,22.075971603393555,11956600,UNH
2009-01-27,28.270000457763672,29.5,28.09000015258789,29.079999923706055,22.8053035736084,14528200,UNH
2009-01-28,29.610000610351562,30.25,29.25,29.989999771118164,23.518949508666992,16850900,UNH
2009-01-29,29.68000030517578,29.700000762939453,28.510000228881836,28.690000534057617,22.49944496154785,8842900,UNH
2009-01-30,28.760000228881836,28.899999618530273,27.65999984741211,28.329999923706055,22.217132568359375,9325100,UNH
2009-02-02,28.0,29.5,27.799999237060547,29.149999618530273,22.860191345214844,9313100,UNH
2009-02-03,29.610000610351562,30.25,28.690000534057617,29.739999771118164,23.322891235351562,12365200,UNH
2009-02-04,29.799999237060547,29.940000534057617,28.75,28.979999542236328,22.726884841918945,13014100,UNH
2009-02-05,28.65999984741211,29.079999923706055,28.520000457763672,28.799999237060547,22.585716247558594,13264500,UNH
2009-02-06,28.770000457763672,29.43000030517578,28.5,28.940000534057617,22.695505142211914,15279600,UNH
2009-02-09,29.6200008392334,29.700000762939453,28.90999984741211,29.520000457763672,23.150360107421875,12664700,UNH
2009-02-10,29.270000457763672,29.65999984741211,27.84000015258789,27.969999313354492,21.934812545776367,12561200,UNH
2009-02-11,27.799999237060547,28.690000534057617,27.649999618530273,28.549999237060547,22.38966178894043,14523700,UNH
2009-02-12,27.799999237060547,29.540000915527344,27.5,29.479999542236328,23.118989944458008,16370900,UNH
2009-02-13,29.420000076293945,29.440000534057617,28.649999618530273,28.959999084472656,22.71118927001953,9258200,UNH
2009-02-17,28.190000534057617,28.829999923706055,27.239999771118164,28.420000076293945,22.2877140045166,13399000,UNH
2009-02-18,28.440000534057617,28.440000534057617,27.799999237060547,28.329999923706055,22.217132568359375,10999400,UNH
2009-02-19,28.579999923706055,29.389999389648438,28.280000686645508,28.649999618530273,22.468082427978516,10142100,UNH
2009-02-20,28.1299991607666,28.559999465942383,27.540000915527344,27.979999542236328,21.94264793395996,14396200,UNH
2009-02-23,26.600000381469727,26.899999618530273,23.350000381469727,23.81999969482422,18.680274963378906,29258700,UNH
2009-02-24,23.770000457763672,24.690000534057617,23.600000381469727,24.209999084472656,18.986122131347656,13996100,UNH
2009-02-25,24.100000381469727,24.100000381469727,22.559999465942383,23.030000686645508,18.060739517211914,14346100,UNH
2009-02-26,23.34000015258789,23.34000015258789,19.510000228881836,20.06999969482422,15.739415168762207,34614900,UNH
2009-02-27,20.190000534057617,20.600000381469727,19.420000076293945,19.649999618530273,15.410043716430664,19846800,UNH
2009-03-02,19.190000534057617,19.25,17.0,17.479999542236328,13.708272933959961,30818800,UNH
2009-03-03,17.739999771118164,18.760000228881836,16.84000015258789,17.799999237060547,13.959229469299316,33608100,UNH
2009-03-04,18.110000610351562,18.510000228881836,17.6200008392334,17.959999084472656,14.08470344543457,30539200,UNH
2009-03-05,17.520000457763672,17.84000015258789,16.18000030517578,16.350000381469727,12.822098731994629,23363700,UNH
2009-03-06,16.56999969482422,18.06999969482422,16.31999969482422,17.899999618530273,14.037654876708984,24728700,UNH
2009-03-09,17.670000076293945,18.290000915527344,17.139999389648438,17.790000915527344,13.951384544372559,13752500,UNH
2009-03-10,17.639999389648438,19.3799991607666,17.639999389648438,19.309999465942383,15.143407821655273,18763300,UNH
2009-03-11,19.420000076293945,20.309999465942383,18.770000457763672,19.1200008392334,14.994404792785645,15788800,UNH
2009-03-12,19.030000686645508,20.600000381469727,18.860000610351562,20.40999984741211,16.006057739257812,15471200,UNH
2009-03-13,20.510000228881836,21.68000030517578,20.389999389648438,21.360000610351562,16.751073837280273,11716000,UNH
2009-03-16,21.6299991607666,21.75,20.6200008392334,20.68000030517578,16.217803955078125,8086100,UNH
2009-03-17,21.110000610351562,21.84000015258789,20.350000381469727,21.540000915527344,16.89223289489746,12679300,UNH
2009-03-18,21.31999969482422,22.889999389648438,21.280000686645508,21.950000762939453,17.213769912719727,11402800,UNH
2009-03-19,22.290000915527344,22.399999618530273,21.09000015258789,21.299999237060547,16.704021453857422,8968000,UNH
2009-03-20,21.709999084472656,21.860000610351562,20.25,20.6299991607666,16.1785888671875,13299800,UNH
2009-03-23,21.200000762939453,22.06999969482422,20.540000915527344,22.049999237060547,17.292186737060547,10350900,UNH
2009-03-24,21.68000030517578,22.0,21.110000610351562,21.1200008392334,16.5628604888916,8353700,UNH
2009-03-25,21.290000915527344,21.670000076293945,20.610000610351562,21.18000030517578,16.609912872314453,14040500,UNH
2009-03-26,21.170000076293945,21.799999237060547,20.8700008392334,21.6200008392334,16.954973220825195,12733100,UNH
2009-03-27,21.299999237060547,21.549999237060547,20.899999618530273,21.079999923706055,16.531497955322266,6794600,UNH
2009-03-30,20.450000762939453,20.8700008392334,20.15999984741211,20.540000915527344,16.108013153076172,8537100,UNH
2009-03-31,20.850000381469727,21.6200008392334,20.600000381469727,20.93000030517578,16.4378662109375,9877800,UNH
2009-04-01,20.610000610351562,21.100000381469727,19.850000381469727,20.68000030517578,16.24152374267578,12819300,UNH
2009-04-02,21.170000076293945,21.760000228881836,20.829999923706055,21.06999969482422,16.547819137573242,14884600,UNH
2009-04-03,21.049999237060547,21.5,20.139999389648438,20.540000915527344,16.131574630737305,9655100,UNH
2009-04-06,20.329999923706055,22.049999237060547,20.25,21.93000030517578,17.223241806030273,12855600,UNH
2009-04-07,21.399999618530273,23.760000228881836,20.700000762939453,23.450000762939453,18.417011260986328,21519900,UNH
2009-04-08,24.1200008392334,24.389999389648438,22.549999237060547,22.860000610351562,17.953632354736328,15949800,UNH
2009-04-09,23.559999465942383,23.90999984741211,23.0,23.860000610351562,18.739011764526367,8783700,UNH
2009-04-13,24.1200008392334,24.579999923706055,23.5,24.3700008392334,19.139545440673828,10678000,UNH
2009-04-14,24.18000030517578,24.8700008392334,23.68000030517578,24.5,19.24164581298828,11141200,UNH
2009-04-15,24.34000015258789,25.850000381469727,24.079999923706055,25.110000610351562,19.72072410583496,15740600,UNH
2009-04-16,25.31999969482422,26.100000381469727,23.670000076293945,24.360000610351562,19.13169288635254,12370500,UNH
2009-04-17,24.31999969482422,24.399999618530273,23.100000381469727,24.139999389648438,18.95891571044922,13915400,UNH
2009-04-20,23.520000457763672,24.8700008392334,23.520000457763672,24.209999084472656,19.013891220092773,9951200,UNH
2009-04-21,25.3799991607666,25.709999084472656,22.719999313354492,22.799999237060547,17.906511306762695,23880900,UNH
2009-04-22,22.860000610351562,23.6299991607666,22.5,22.809999465942383,17.914369583129883,17248100,UNH
2009-04-23,23.100000381469727,23.549999237060547,21.950000762939453,23.15999984741211,18.189245223999023,15036800,UNH
2009-04-24,23.43000030517578,23.610000610351562,22.559999465942383,23.059999465942383,18.1107120513916,14607200,UNH
2009-04-27,23.200000762939453,23.559999465942383,22.729999542236328,23.010000228881836,18.071447372436523,11906800,UNH
2009-04-28,23.0,24.540000915527344,22.690000534057617,23.889999389648438,18.762571334838867,14061200,UNH
2009-04-29,24.049999237060547,24.25,23.270000457763672,23.8700008392334,18.746856689453125,11349100,UNH
2009-04-30,24.399999618530273,24.459999084472656,23.3700008392334,23.520000457763672,18.471981048583984,10722700,UNH
2009-05-01,23.559999465942383,23.579999923706055,22.739999771118164,22.969999313354492,18.04001808166504,10355700,UNH
2009-05-04,22.979999542236328,23.760000228881836,22.799999237060547,23.719999313354492,18.629053115844727,9592300,UNH
2009-05-05,23.6200008392334,25.68000030517578,23.6200008392334,25.559999465942383,20.074146270751953,13811900,UNH
2009-05-06,25.739999771118164,26.0,25.25,25.93000030517578,20.364730834960938,9675400,UNH
2009-05-07,25.799999237060547,28.520000457763672,25.799999237060547,28.389999389648438,22.296751022338867,17479200,UNH
2009-05-08,28.739999771118164,29.690000534057617,28.540000915527344,28.8700008392334,22.67372703552246,17012400,UNH
2009-05-11,28.260000228881836,28.530000686645508,27.399999618530273,27.59000015258789,21.6684513092041,9914700,UNH
2009-05-12,27.059999465942383,27.799999237060547,26.3700008392334,27.31999969482422,21.456398010253906,9918900,UNH
2009-05-13,27.06999969482422,28.299999237060547,26.5,27.65999984741211,21.72342872619629,9800700,UNH
2009-05-14,27.670000076293945,28.209999084472656,27.020000457763672,27.799999237060547,21.83338165283203,6013100,UNH
2009-05-15,27.739999771118164,28.739999771118164,27.170000076293945,27.510000228881836,21.60563087463379,8907900,UNH
2009-05-18,27.690000534057617,27.829999923706055,26.600000381469727,27.809999465942383,21.84123992919922,10816500,UNH
2009-05-19,27.709999084472656,28.209999084472656,27.25,27.459999084472656,21.566347122192383,6927600,UNH
2009-05-20,27.68000030517578,28.3799991607666,27.1299991607666,27.780000686645508,21.817670822143555,9396300,UNH
2009-05-21,27.360000610351562,28.469999313354492,26.639999389648438,26.920000076293945,21.142250061035156,9292300,UNH
2009-05-22,26.950000762939453,27.34000015258789,26.1299991607666,26.299999237060547,20.655319213867188,6591500,UNH
2009-05-26,26.209999084472656,27.40999984741211,25.860000610351562,27.190000534057617,21.354297637939453,10316400,UNH
2009-05-27,26.950000762939453,27.850000381469727,26.90999984741211,27.489999771118164,21.589914321899414,7596100,UNH
2009-05-28,27.459999084472656,28.3700008392334,27.06999969482422,27.190000534057617,21.354297637939453,9964100,UNH
2009-05-29,27.270000457763672,27.3799991607666,26.0,26.600000381469727,20.89094352722168,11723600,UNH
2009-06-01,26.899999618530273,27.65999984741211,26.65999984741211,27.5,21.597768783569336,8330000,UNH
2009-06-02,27.719999313354492,28.43000030517578,27.1200008392334,28.100000381469727,22.068992614746094,9444800,UNH
2009-06-03,27.290000915527344,27.84000015258789,26.600000381469727,27.5,21.597768783569336,11787700,UNH
2009-06-04,27.729999542236328,27.93000030517578,27.020000457763672,27.270000457763672,21.417131423950195,6605900,UNH
2009-06-05,27.6299991607666,27.75,26.309999465942383,27.100000381469727,21.283618927001953,8517500,UNH
2009-06-08,26.989999771118164,27.0,25.65999984741211,26.049999237060547,20.45897674560547,10476700,UNH
2009-06-09,26.3799991607666,26.469999313354492,25.360000610351562,25.979999542236328,20.40399932861328,12179500,UNH
2009-06-10,26.020000457763672,26.280000686645508,25.420000076293945,25.729999542236328,20.207666397094727,9867400,UNH
2009-06-11,23.75,24.329999923706055,23.229999542236328,24.049999237060547,18.888225555419922,31038100,UNH
2009-06-12,23.799999237060547,24.43000030517578,23.479999542236328,24.209999084472656,19.013891220092773,15141300,UNH
2009-06-15,24.010000228881836,24.15999984741211,23.43000030517578,23.510000228881836,18.464128494262695,13557500,UNH
2009-06-16,23.649999618530273,24.889999389648438,23.270000457763672,24.020000457763672,18.864662170410156,14164100,UNH
2009-06-17,24.030000686645508,24.649999618530273,23.829999923706055,24.020000457763672,18.864662170410156,12144300,UNH
2009-06-18,24.079999923706055,25.68000030517578,23.969999313354492,25.450000762939453,19.987754821777344,16954800,UNH
2009-06-19,25.93000030517578,26.479999542236328,25.020000457763672,25.43000030517578,19.972043991088867,21833600,UNH
2009-06-22,25.09000015258789,25.18000030517578,24.469999313354492,24.559999465942383,19.288766860961914,9727600,UNH
2009-06-23,24.489999771118164,25.3700008392334,24.190000534057617,24.540000915527344,19.27306365966797,9052100,UNH
2009-06-24,24.600000381469727,25.34000015258789,24.360000610351562,24.809999465942383,19.485107421875,9147500,UNH
2009-06-25,24.639999389648438,25.90999984741211,24.549999237060547,24.989999771118164,19.62647819519043,14774400,UNH
2009-06-26,24.93000030517578,25.239999771118164,24.549999237060547,24.770000457763672,19.45370101928711,15564900,UNH
2009-06-29,24.799999237060547,25.239999771118164,24.489999771118164,25.1200008392334,19.728574752807617,7976400,UNH
2009-06-30,25.010000228881836,25.450000762939453,24.6299991607666,24.979999542236328,19.618627548217773,10177400,UNH
2009-07-01,25.09000015258789,25.479999542236328,24.649999618530273,25.15999984741211,19.75999641418457,6875300,UNH
2009-07-02,24.93000030517578,25.110000610351562,23.889999389648438,23.90999984741211,18.77828025817871,10398500,UNH
2009-07-06,23.90999984741211,24.280000686645508,23.690000534057617,24.09000015258789,18.919647216796875,7908100,UNH
2009-07-07,24.049999237060547,26.309999465942383,24.0,25.170000076293945,19.76784896850586,19892000,UNH
2009-07-08,25.260000228881836,25.360000610351562,23.90999984741211,24.670000076293945,19.37516212463379,11864900,UNH
2009-07-09,24.8799991607666,25.600000381469727,24.219999313354492,24.940000534057617,19.58721923828125,8967800,UNH
2009-07-10,24.899999618530273,25.399999618530273,24.389999389648438,24.670000076293945,19.37516212463379,5621200,UNH
2009-07-13,24.719999313354492,25.1200008392334,24.270000457763672,25.010000228881836,19.642192840576172,5801600,UNH
2009-07-14,25.56999969482422,25.729999542236328,24.610000610351562,24.770000457763672,19.45370101928711,9708400,UNH
2009-07-15,25.059999465942383,25.09000015258789,24.149999618530273,24.90999984741211,19.563655853271484,12532300,UNH
2009-07-16,24.799999237060547,25.549999237060547,24.31999969482422,25.25,19.83068084716797,11892400,UNH
2009-07-17,25.260000228881836,25.5,24.790000915527344,25.09000015258789,19.70502281188965,9050100,UNH
2009-07-20,25.25,25.25,24.360000610351562,24.84000015258789,19.508676528930664,8006700,UNH
2009-07-21,25.479999542236328,25.8700008392334,24.950000762939453,25.59000015258789,20.097707748413086,12851000,UNH
2009-07-22,25.610000610351562,26.600000381469727,25.3700008392334,26.0,20.419708251953125,11307100,UNH
2009-07-23,26.25,27.34000015258789,26.040000915527344,27.049999237060547,21.24435043334961,9955300,UNH
2009-07-24,27.229999542236328,27.530000686645508,26.0,27.31999969482422,21.456398010253906,7961000,UNH
2009-07-27,27.09000015258789,28.200000762939453,27.059999465942383,27.6200008392334,21.692014694213867,7030300,UNH
2009-07-28,27.780000686645508,29.709999084472656,27.459999084472656,29.079999923706055,22.838661193847656,17732800,UNH
2009-07-29,28.530000686645508,29.600000381469727,28.200000762939453,28.40999984741211,22.312458038330078,17007300,UNH
2009-07-30,28.84000015258789,29.010000228881836,27.75,28.100000381469727,22.068992614746094,13690200,UNH
2009-07-31,28.079999923706055,28.360000610351562,27.739999771118164,28.059999465942383,22.037574768066406,8317500,UNH
2009-08-03,28.34000015258789,28.399999618530273,27.06999969482422,27.360000610351562,21.487821578979492,12181300,UNH
2009-08-04,27.190000534057617,27.479999542236328,26.5,26.93000030517578,21.150104522705078,8508800,UNH
2009-08-05,26.8799991607666,26.889999389648438,26.040000915527344,26.18000030517578,20.56107521057129,7892500,UNH
2009-08-06,26.270000457763672,26.450000762939453,25.420000076293945,25.979999542236328,20.40399932861328,11043400,UNH
2009-08-07,26.079999923706055,26.649999618530273,25.989999771118164,26.510000228881836,20.820247650146484,8506500,UNH
2009-08-10,26.469999313354492,27.139999389648438,26.18000030517578,27.06999969482422,21.260053634643555,7705000,UNH
2009-08-11,27.059999465942383,27.959999084472656,26.799999237060547,27.81999969482422,21.849084854125977,11762400,UNH
2009-08-12,27.760000228881836,28.1200008392334,27.5,27.790000915527344,21.82552719116211,6901500,UNH
2009-08-13,27.639999389648438,28.420000076293945,27.190000534057617,28.3700008392334,22.281047821044922,7858600,UNH
2009-08-14,28.079999923706055,28.489999771118164,27.610000610351562,28.059999465942383,22.037574768066406,6718400,UNH
2009-08-17,27.719999313354492,29.670000076293945,27.719999313354492,28.479999542236328,22.3674259185791,14909500,UNH
2009-08-18,28.3799991607666,28.479999542236328,27.799999237060547,28.18000030517578,22.131826400756836,8269600,UNH
2009-08-19,27.75,28.290000915527344,27.610000610351562,28.18000030517578,22.131826400756836,7561900,UNH
2009-08-20,28.059999465942383,28.940000534057617,28.020000457763672,28.389999389648438,22.296751022338867,8741100,UNH
2009-08-21,28.719999313354492,29.049999237060547,28.270000457763672,28.920000076293945,22.71299934387207,8182700,UNH
2009-08-24,29.09000015258789,29.719999313354492,28.549999237060547,29.690000534057617,23.317733764648438,11908000,UNH
2009-08-25,29.770000457763672,30.0,29.18000030517578,29.920000076293945,23.498374938964844,10207500,UNH
2009-08-26,29.829999923706055,29.84000015258789,28.809999465942383,28.93000030517578,22.720853805541992,10143100,UNH
2009-08-27,28.81999969482422,29.209999084472656,28.520000457763672,28.940000534057617,22.72870445251465,7784000,UNH
2009-08-28,29.100000381469727,29.1299991607666,27.979999542236328,28.18000030517578,22.131826400756836,9074200,UNH
2009-08-31,27.969999313354492,28.790000915527344,27.700000762939453,28.0,21.99045181274414,7603900,UNH
2009-09-01,27.940000534057617,28.469999313354492,27.270000457763672,27.329999923706055,21.46426010131836,10171000,UNH
2009-09-02,27.3700008392334,29.1299991607666,27.360000610351562,28.65999984741211,22.50880241394043,14380400,UNH
2009-09-03,28.940000534057617,29.100000381469727,28.030000686645508,28.8700008392334,22.67372703552246,10479600,UNH
2009-09-04,28.799999237060547,29.25,28.549999237060547,28.8799991607666,22.681577682495117,5837100,UNH
2009-09-08,28.989999771118164,29.0,27.59000015258789,27.84000015258789,21.864789962768555,13752600,UNH
2009-09-09,28.020000457763672,28.440000534057617,27.700000762939453,28.399999618530273,22.304597854614258,10975000,UNH
2009-09-10,28.149999618530273,29.18000030517578,28.049999237060547,29.110000610351562,22.862224578857422,9136500,UNH
2009-09-11,29.1200008392334,29.40999984741211,28.770000457763672,29.06999969482422,22.830806732177734,5430600,UNH
2009-09-14,28.850000381469727,29.170000076293945,28.43000030517578,28.760000228881836,22.58734130859375,7354500,UNH
2009-09-15,28.81999969482422,28.829999923706055,27.65999984741211,27.700000762939453,21.754844665527344,13570400,UNH
2009-09-16,27.950000762939453,29.34000015258789,27.809999465942383,29.290000915527344,23.003591537475586,14119100,UNH
2009-09-17,29.450000762939453,29.8799991607666,29.1299991607666,29.34000015258789,23.04286003112793,11461300,UNH
2009-09-18,28.889999389648438,29.260000228881836,28.40999984741211,28.579999923706055,22.445972442626953,15698600,UNH
2009-09-21,28.450000762939453,28.940000534057617,28.219999313354492,28.59000015258789,22.453824996948242,8258400,UNH
2009-09-22,28.719999313354492,28.780000686645508,27.510000228881836,27.579999923706055,21.66059112548828,12943800,UNH
2009-09-23,27.850000381469727,27.850000381469727,26.6299991607666,26.68000030517578,20.95376205444336,15226100,UNH
2009-09-24,26.729999542236328,27.040000915527344,25.979999542236328,26.030000686645508,20.44327163696289,13992100,UNH
2009-09-25,26.010000228881836,26.18000030517578,25.1299991607666,25.34000015258789,19.9013614654541,16839100,UNH
2009-09-28,25.440000534057617,26.09000015258789,25.360000610351562,25.799999237060547,20.262632369995117,8795400,UNH
2009-09-29,25.920000076293945,26.440000534057617,24.940000534057617,25.68000030517578,20.16839027404785,23216300,UNH
2009-09-30,25.149999618530273,25.600000381469727,24.520000457763672,25.040000915527344,19.665754318237305,22933900,UNH
2009-10-01,24.889999389648438,25.639999389648438,24.700000762939453,24.790000915527344,19.46940803527832,17202100,UNH
2009-10-02,24.68000030517578,24.90999984741211,23.950000762939453,24.280000686645508,19.068862915039062,11219600,UNH
2009-10-05,24.3799991607666,24.5,23.950000762939453,24.040000915527344,18.88037872314453,12436800,UNH
2009-10-06,24.459999084472656,24.59000015258789,23.81999969482422,24.3799991607666,19.147397994995117,11192200,UNH
2009-10-07,24.420000076293945,25.34000015258789,24.399999618530273,25.049999237060547,19.673599243164062,12081700,UNH
2009-10-08,24.290000915527344,24.43000030517578,23.5,24.15999984741211,18.974624633789062,24531700,UNH
2009-10-09,24.450000762939453,25.049999237060547,24.40999984741211,24.670000076293945,19.37516212463379,16555000,UNH
2009-10-12,24.809999465942383,25.520000457763672,24.809999465942383,25.229999542236328,19.81496810913086,13952400,UNH
2009-10-13,25.170000076293945,25.170000076293945,23.959999084472656,24.290000915527344,19.076723098754883,19003700,UNH
2009-10-14,24.6200008392334,24.93000030517578,24.350000381469727,24.8700008392334,19.5322322845459,9801800,UNH
2009-10-15,24.770000457763672,24.90999984741211,24.3799991607666,24.549999237060547,19.280921936035156,11123600,UNH
2009-10-16,24.709999084472656,24.959999084472656,24.329999923706055,24.450000762939453,19.202383041381836,12367000,UNH
2009-10-19,24.56999969482422,24.989999771118164,24.40999984741211,24.920000076293945,19.571500778198242,10270400,UNH
2009-10-20,25.68000030517578,26.520000457763672,25.5,25.959999084472656,20.388294219970703,21392200,UNH
2009-10-21,25.969999313354492,26.06999969482422,25.030000686645508,25.1200008392334,19.728574752807617,11959800,UNH
2009-10-22,25.049999237060547,26.0,25.020000457763672,25.709999084472656,20.19194984436035,13756100,UNH
2009-10-23,26.100000381469727,26.219999313354492,25.600000381469727,25.850000381469727,20.301902770996094,8293000,UNH
2009-10-26,25.93000030517578,26.190000534057617,25.290000915527344,25.309999465942383,19.87779998779297,14347500,UNH
2009-10-27,25.299999237060547,26.799999237060547,25.190000534057617,26.5,20.812397003173828,20485300,UNH
2009-10-28,26.290000915527344,26.510000228881836,25.809999465942383,25.8799991607666,20.325456619262695,11505700,UNH
2009-10-29,26.059999465942383,26.59000015258789,26.0,26.469999313354492,20.788827896118164,13044200,UNH
2009-10-30,26.31999969482422,26.790000915527344,25.899999618530273,25.950000762939453,20.380443572998047,11745700,UNH
2009-11-02,26.020000457763672,26.610000610351562,25.639999389648438,26.420000076293945,20.74956512451172,8189400,UNH
2009-11-03,26.579999923706055,27.0,26.260000228881836,26.90999984741211,21.13440704345703,11443700,UNH
2009-11-04,27.6200008392334,28.959999084472656,27.6200008392334,27.8700008392334,21.888355255126953,22424700,UNH
2009-11-05,27.950000762939453,28.3799991607666,27.670000076293945,28.209999084472656,22.15538787841797,11991700,UNH
2009-11-06,28.100000381469727,28.739999771118164,27.799999237060547,28.670000076293945,22.51665687561035,11891400,UNH
2009-11-09,28.309999465942383,29.239999771118164,28.200000762939453,29.1299991607666,22.877927780151367,11751800,UNH
2009-11-10,29.0,29.18000030517578,28.6200008392334,28.969999313354492,22.752269744873047,8063300,UNH
2009-11-11,28.989999771118164,29.43000030517578,28.65999984741211,29.3700008392334,23.066417694091797,8794200,UNH
2009-11-12,29.43000030517578,29.43000030517578,28.690000534057617,28.760000228881836,22.58734130859375,8428600,UNH
2009-11-13,28.8799991607666,29.350000381469727,28.850000381469727,29.079999923706055,22.838661193847656,6267600,UNH
2009-11-16,29.229999542236328,29.5,28.950000762939453,29.149999618530273,22.893630981445312,8281300,UNH
2009-11-17,28.959999084472656,29.18000030517578,28.790000915527344,28.969999313354492,22.752269744873047,6103400,UNH
2009-11-18,28.969999313354492,29.110000610351562,28.649999618530273,28.8700008392334,22.67372703552246,7327600,UNH
2009-11-19,28.65999984741211,28.719999313354492,27.8700008392334,28.6299991607666,22.4852352142334,6991000,UNH
2009-11-20,28.299999237060547,28.770000457763672,28.299999237060547,28.559999465942383,22.43025779724121,9008200,UNH
2009-11-23,28.940000534057617,29.579999923706055,28.93000030517578,29.079999923706055,22.838661193847656,9622100,UNH
2009-11-24,29.329999923706055,29.690000534057617,28.850000381469727,29.559999465942383,23.215635299682617,7241100,UNH
2009-11-25,29.579999923706055,29.739999771118164,29.3700008392334,29.540000915527344,23.19993019104004,8060900,UNH
2009-11-27,28.989999771118164,29.639999389648438,28.700000762939453,29.440000534057617,23.12139129638672,5456500,UNH
2009-11-30,29.440000534057617,29.489999771118164,28.5,28.670000076293945,22.51665687561035,12634400,UNH
2009-12-01,29.0,29.190000534057617,28.6299991607666,28.700000762939453,22.540220260620117,9705800,UNH
2009-12-02,28.719999313354492,28.799999237060547,28.15999984741211,28.290000915527344,22.218219757080078,11500500,UNH
2009-12-03,28.270000457763672,28.459999084472656,27.299999237060547,27.329999923706055,21.46426010131836,15325700,UNH
2009-12-04,27.649999618530273,28.049999237060547,27.299999237060547,27.459999084472656,21.566347122192383,11814700,UNH
2009-12-07,27.540000915527344,28.469999313354492,27.520000457763672,28.299999237060547,22.226072311401367,11281000,UNH
2009-12-08,28.15999984741211,28.920000076293945,28.06999969482422,28.459999084472656,22.351720809936523,15897400,UNH
2009-12-09,28.8799991607666,29.600000381469727,28.1299991607666,28.5,22.383136749267578,19103600,UNH
2009-12-10,28.719999313354492,30.719999313354492,28.540000915527344,30.309999465942383,23.80466651916504,27521700,UNH
2009-12-11,30.43000030517578,31.040000915527344,30.399999618530273,30.479999542236328,23.938182830810547,19072800,UNH
2009-12-14,30.8799991607666,31.239999771118164,30.760000228881836,30.950000762939453,24.307310104370117,20357700,UNH
2009-12-15,30.899999618530273,31.3799991607666,30.8799991607666,31.31999969482422,24.5978946685791,28990900,UNH
2009-12-16,31.5,32.31999969482422,31.40999984741211,32.20000076293945,25.289024353027344,34897200,UNH
2009-12-17,32.09000015258789,32.33000183105469,31.309999465942383,31.81999969482422,24.990581512451172,14802800,UNH
2009-12-18,31.8799991607666,32.0,31.079999923706055,31.540000915527344,24.770679473876953,15694400,UNH
2009-12-21,31.969999313354492,33.25,31.920000076293945,32.16999816894531,25.265460968017578,24416000,UNH
2009-12-22,32.38999938964844,32.5099983215332,32.18000030517578,32.31999969482422,25.383268356323242,10356400,UNH
2009-12-23,32.22999954223633,32.650001525878906,31.520000457763672,31.6200008392334,24.83350944519043,9500100,UNH
2009-12-24,31.889999389648438,31.899999618530273,31.25,31.68000030517578,24.880632400512695,4963400,UNH
2009-12-28,31.530000686645508,31.84000015258789,31.079999923706055,31.389999389648438,24.652870178222656,7968700,UNH
2009-12-29,31.09000015258789,31.459999084472656,30.719999313354492,30.850000381469727,24.228771209716797,9200000,UNH
2009-12-30,30.850000381469727,31.010000228881836,30.600000381469727,31.010000228881836,24.35443115234375,5806300,UNH
2009-12-31,30.950000762939453,31.149999618530273,30.450000762939453,30.479999542236328,23.938182830810547,5354200,UNH
2010-01-04,31.3799991607666,31.600000381469727,30.969999313354492,31.530000686645508,24.7628231048584,12199500,UNH
2010-01-05,31.729999542236328,31.969999313354492,31.280000686645508,31.479999542236328,24.723554611206055,11180700,UNH
2010-01-06,31.600000381469727,32.060001373291016,31.40999984741211,31.790000915527344,24.96703338623047,9761100,UNH
2010-01-07,31.59000015258789,33.04999923706055,31.59000015258789,33.0099983215332,25.925174713134766,11789800,UNH
2010-01-08,32.86000061035156,32.91999816894531,32.34000015258789,32.70000076293945,25.681705474853516,7228700,UNH
2010-01-11,32.709999084472656,33.130001068115234,32.70000076293945,32.91999816894531,25.8544864654541,7206900,UNH
2010-01-12,32.70000076293945,32.90999984741211,31.540000915527344,32.04999923706055,25.171213150024414,13121500,UNH
2010-01-13,31.989999771118164,32.54999923706055,31.68000030517578,32.540000915527344,25.55605125427246,8797200,UNH
2010-01-14,32.68000030517578,33.33000183105469,32.33000183105469,33.31999969482422,26.16863441467285,8818300,UNH
2010-01-15,33.540000915527344,33.9900016784668,33.099998474121094,33.75,26.506349563598633,19382000,UNH
2010-01-19,34.560001373291016,35.900001525878906,34.5,35.130001068115234,27.59016990661621,26477900,UNH
2010-01-20,35.939998626708984,36.06999969482422,34.290000915527344,34.54999923706055,27.1346435546875,26854700,UNH
2010-01-21,35.43000030517578,35.689998626708984,33.0,33.099998474121094,25.99585723876953,29192700,UNH
2010-01-22,33.81999969482422,34.11000061035156,33.099998474121094,33.15999984741211,26.0429744720459,21021600,UNH
2010-01-25,33.560001373291016,33.720001220703125,32.959999084472656,33.0,25.91731834411621,10925800,UNH
2010-01-26,32.5099983215332,32.90999984741211,32.439998626708984,32.439998626708984,25.47751808166504,11057200,UNH
2010-01-27,32.34000015258789,33.529998779296875,32.11000061035156,33.2400016784668,26.105806350708008,14387100,UNH
2010-01-28,33.33000183105469,34.09000015258789,33.040000915527344,33.43000030517578,26.25503921508789,16742100,UNH
2010-01-29,33.41999816894531,33.79999923706055,32.959999084472656,33.0,25.91731834411621,11931500,UNH
2010-02-01,33.029998779296875,33.40999984741211,32.220001220703125,33.130001068115234,26.01942253112793,13710200,UNH
2010-02-02,33.13999938964844,34.119998931884766,32.93000030517578,34.04999923706055,26.741966247558594,12114600,UNH
2010-02-03,34.04999923706055,34.04999923706055,32.81999969482422,33.31999969482422,26.16863441467285,8410400,UNH
2010-02-04,33.2400016784668,33.2400016784668,32.38999938964844,32.459999084472656,25.493221282958984,10648500,UNH
2010-02-05,32.41999816894531,32.630001068115234,31.84000015258789,32.540000915527344,25.55605125427246,12666000,UNH
2010-02-08,32.22999954223633,32.95000076293945,32.22999954223633,32.40999984741211,25.453956604003906,9558200,UNH
2010-02-09,32.720001220703125,33.060001373291016,32.0,33.0,25.91731834411621,11236500,UNH
2010-02-10,33.0,33.16999816894531,32.29999923706055,32.709999084472656,25.689563751220703,10755200,UNH
2010-02-11,32.709999084472656,33.20000076293945,32.439998626708984,33.119998931884766,26.01156997680664,7857600,UNH
2010-02-12,32.779998779296875,32.849998474121094,32.029998779296875,32.18000030517578,25.27332305908203,11688700,UNH
2010-02-16,32.33000183105469,32.599998474121094,31.389999389648438,31.6299991607666,24.84136390686035,13934200,UNH
2010-02-17,31.68000030517578,33.209999084472656,31.68000030517578,32.54999923706055,25.56390380859375,11690900,UNH
2010-02-18,32.22999954223633,32.9900016784668,32.119998931884766,32.689998626708984,25.673851013183594,10327100,UNH
2010-02-19,32.41999816894531,32.77000045776367,31.829999923706055,31.940000534057617,25.08482551574707,11508200,UNH
2010-02-22,32.11000061035156,33.119998931884766,31.8799991607666,33.08000183105469,25.98015022277832,16338800,UNH
2010-02-23,32.869998931884766,33.16999816894531,32.36000061035156,32.810001373291016,25.768104553222656,10746500,UNH
2010-02-24,32.880001068115234,33.65999984741211,32.36000061035156,33.619998931884766,26.404247283935547,10982600,UNH
2010-02-25,33.31999969482422,33.97999954223633,32.84000015258789,33.45000076293945,26.27073097229004,14779500,UNH
2010-02-26,33.52000045776367,34.29999923706055,33.36000061035156,33.86000061035156,26.592742919921875,9684700,UNH
2010-03-01,34.0,34.720001220703125,33.529998779296875,34.040000915527344,26.734107971191406,10970800,UNH
2010-03-02,34.11000061035156,34.369998931884766,33.61000061035156,33.95000076293945,26.663433074951172,7081500,UNH
2010-03-03,34.04999923706055,34.349998474121094,33.77000045776367,34.099998474121094,26.781230926513672,8089700,UNH
2010-03-04,34.04999923706055,34.099998474121094,32.41999816894531,32.95000076293945,25.878063201904297,17386600,UNH
2010-03-05,33.029998779296875,33.790000915527344,32.959999084472656,33.7400016784668,26.498498916625977,8133300,UNH
2010-03-08,33.7400016784668,33.84000015258789,33.029998779296875,33.099998474121094,25.99585723876953,7734800,UNH
2010-03-09,33.18000030517578,33.45000076293945,33.06999969482422,33.08000183105469,25.98015022277832,8770800,UNH
2010-03-10,33.02000045776367,33.54999923706055,32.939998626708984,33.2400016784668,26.105806350708008,7419000,UNH
2010-03-11,33.09000015258789,33.560001373291016,32.939998626708984,33.5,26.310016632080078,14678000,UNH
2010-03-12,33.68000030517578,33.7400016784668,32.779998779296875,32.90999984741211,25.846633911132812,9450400,UNH
2010-03-15,32.779998779296875,32.779998779296875,31.93000030517578,32.529998779296875,25.54819679260254,13520100,UNH
2010-03-16,32.150001525878906,33.11000061035156,32.09000015258789,33.04999923706055,25.956592559814453,12932100,UNH
2010-03-17,33.15999984741211,33.15999984741211,32.2599983215332,32.75,25.720975875854492,10614400,UNH
2010-03-18,32.459999084472656,33.689998626708984,31.979999542236328,33.59000015258789,26.38069725036621,15407200,UNH
2010-03-19,34.38999938964844,34.70000076293945,33.720001220703125,34.38999938964844,27.008989334106445,21827600,UNH
2010-03-22,34.470001220703125,35.15999984741211,33.209999084472656,33.29999923706055,26.15292739868164,20218800,UNH
2010-03-23,33.36000061035156,33.459999084472656,32.959999084472656,33.15999984741211,26.0429744720459,11409500,UNH
2010-03-24,33.13999938964844,33.34000015258789,32.720001220703125,32.720001220703125,25.697423934936523,10825800,UNH
2010-03-25,32.7599983215332,33.2599983215332,32.599998474121094,33.119998931884766,26.01156997680664,14786200,UNH
2010-03-26,33.099998474121094,33.27000045776367,32.599998474121094,32.630001068115234,25.626733779907227,8751000,UNH
2010-03-29,32.65999984741211,33.02000045776367,32.52000045776367,32.84000015258789,25.79166603088379,7967200,UNH
2010-03-30,32.790000915527344,33.290000915527344,32.599998474121094,33.060001373291016,25.964445114135742,7253100,UNH
2010-03-31,32.900001525878906,33.11000061035156,32.5,32.66999816894531,25.658143997192383,6961600,UNH
2010-04-01,32.79999923706055,32.9900016784668,32.52000045776367,32.9900016784668,25.933279037475586,6713400,UNH
2010-04-05,33.119998931884766,33.220001220703125,32.77000045776367,33.13999938964844,26.05120086669922,6722000,UNH
2010-04-06,33.27000045776367,34.0,33.25,33.40999984741211,26.263431549072266,9430900,UNH
2010-04-07,33.529998779296875,33.529998779296875,32.7400016784668,32.93000030517578,25.886127471923828,8395900,UNH
2010-04-08,32.84000015258789,32.959999084472656,32.20000076293945,32.619998931884766,25.642425537109375,11174600,UNH
2010-04-09,32.65999984741211,32.709999084472656,31.610000610351562,32.2599983215332,25.35943031311035,12831400,UNH
2010-04-12,32.18000030517578,32.380001068115234,32.0099983215332,32.2599983215332,25.35943031311035,8763300,UNH
2010-04-13,32.439998626708984,32.68000030517578,31.829999923706055,32.15999984741211,25.280824661254883,11119100,UNH
2010-04-14,32.11000061035156,32.119998931884766,30.940000534057617,31.049999237060547,24.408260345458984,16499100,UNH
2010-04-15,31.06999969482422,31.299999237060547,30.079999923706055,30.6299991607666,24.07809829711914,25271500,UNH
2010-04-16,30.540000915527344,31.110000610351562,30.34000015258789,30.729999542236328,24.156707763671875,15355500,UNH
2010-04-19,30.559999465942383,31.670000076293945,30.559999465942383,31.229999542236328,24.54975700378418,13524400,UNH
2010-04-20,32.220001220703125,32.22999954223633,30.260000228881836,30.979999542236328,24.35323143005371,26564000,UNH
2010-04-21,31.139999389648438,31.450000762939453,30.09000015258789,30.260000228881836,23.78723907470703,13735400,UNH
2010-04-22,30.25,30.520000457763672,29.8799991607666,30.459999084472656,23.9444580078125,14148700,UNH
2010-04-23,30.309999465942383,30.969999313354492,30.280000686645508,30.950000762939453,24.32964515686035,14799000,UNH
2010-04-26,31.1200008392334,31.149999618530273,29.700000762939453,29.850000381469727,23.464941024780273,16596800,UNH
2010-04-27,29.84000015258789,30.360000610351562,29.6200008392334,29.799999237060547,23.42563819885254,16204300,UNH
2010-04-28,29.93000030517578,30.6200008392334,29.709999084472656,30.440000534057617,23.928743362426758,13270600,UNH
2010-04-29,30.809999465942383,31.739999771118164,30.790000915527344,31.299999237060547,24.60478401184082,13609500,UNH
2010-04-30,31.34000015258789,31.34000015258789,30.219999313354492,30.309999465942383,23.826553344726562,15545900,UNH
2010-05-03,30.5,30.579999923706055,29.889999389648438,30.260000228881836,23.78723907470703,9553500,UNH
2010-05-04,30.010000228881836,30.049999237060547,29.280000686645508,29.489999771118164,23.181947708129883,11745200,UNH
2010-05-05,29.239999771118164,30.100000381469727,29.139999389648438,30.0,23.582862854003906,11359500,UNH
2010-05-06,30.149999618530273,30.270000457763672,27.969999313354492,29.239999771118164,22.985422134399414,10439100,UNH
2010-05-07,29.049999237060547,29.280000686645508,28.25,29.020000457763672,22.812484741210938,14194800,UNH
2010-05-10,28.979999542236328,30.059999465942383,28.920000076293945,29.8799991607666,23.488525390625,9059800,UNH
2010-05-11,29.809999465942383,30.079999923706055,29.549999237060547,29.850000381469727,23.464941024780273,9614100,UNH
2010-05-12,29.850000381469727,30.3799991607666,29.790000915527344,30.31999969482422,23.83440399169922,11345400,UNH
2010-05-13,30.200000762939453,30.43000030517578,29.93000030517578,30.18000030517578,23.72435188293457,7148300,UNH
2010-05-14,29.969999313354492,30.479999542236328,29.559999465942383,30.389999389648438,23.889436721801758,12201000,UNH
2010-05-17,30.469999313354492,30.729999542236328,29.8700008392334,30.440000534057617,23.928743362426758,8658100,UNH
2010-05-18,30.530000686645508,30.739999771118164,30.079999923706055,30.18000030517578,23.72435188293457,8907900,UNH
2010-05-19,30.110000610351562,30.25,29.75,29.989999771118164,23.575000762939453,10096000,UNH
2010-05-20,29.520000457763672,29.649999618530273,28.950000762939453,28.959999084472656,22.76531410217285,10194300,UNH
2010-05-21,28.540000915527344,29.06999969482422,28.15999984741211,28.700000762939453,22.560932159423828,11502800,UNH
2010-05-24,28.59000015258789,29.18000030517578,28.170000076293945,28.829999923706055,22.663135528564453,7996700,UNH
2010-05-25,28.329999923706055,28.889999389648438,28.110000610351562,28.8700008392334,22.694564819335938,8547300,UNH
2010-05-26,29.049999237060547,29.549999237060547,28.770000457763672,28.790000915527344,22.63167953491211,9613100,UNH
2010-05-27,29.309999465942383,29.31999969482422,28.850000381469727,29.31999969482422,23.048316955566406,6502100,UNH
2010-05-28,29.290000915527344,29.40999984741211,28.850000381469727,29.06999969482422,22.851789474487305,11697300,UNH
2010-06-01,29.18000030517578,29.610000610351562,28.889999389648438,28.979999542236328,22.78103256225586,8178500,UNH
2010-06-02,29.1200008392334,29.940000534057617,28.8700008392334,29.90999984741211,23.51211166381836,7967800,UNH
2010-06-03,29.920000076293945,30.489999771118164,29.65999984741211,30.459999084472656,24.04494285583496,8064800,UNH
2010-06-04,30.09000015258789,31.610000610351562,29.889999389648438,30.34000015258789,23.95021629333496,16676300,UNH
2010-06-07,30.469999313354492,31.06999969482422,29.31999969482422,30.459999084472656,24.04494285583496,16847400,UNH
2010-06-08,30.43000030517578,31.110000610351562,30.260000228881836,30.889999389648438,24.384389877319336,18435500,UNH
2010-06-09,30.889999389648438,31.15999984741211,30.450000762939453,30.530000686645508,24.10021209716797,10126400,UNH
2010-06-10,30.920000076293945,31.1200008392334,30.219999313354492,30.700000762939453,24.234407424926758,11766600,UNH
2010-06-11,30.5,30.829999923706055,30.1299991607666,30.670000076293945,24.21071434020996,9072700,UNH
2010-06-14,30.719999313354492,30.940000534057617,30.549999237060547,30.59000015258789,24.147573471069336,8390100,UNH
2010-06-15,30.899999618530273,31.209999084472656,30.760000228881836,31.190000534057617,24.6212100982666,9569200,UNH
2010-06-16,30.84000015258789,31.6299991607666,30.84000015258789,31.389999389648438,24.779085159301758,10152000,UNH
2010-06-17,31.540000915527344,31.540000915527344,31.170000076293945,31.5,24.86591339111328,9370800,UNH
2010-06-18,31.5,31.6200008392334,31.200000762939453,31.329999923706055,24.73171615600586,10243000,UNH
2010-06-21,31.610000610351562,31.799999237060547,31.049999237060547,31.149999618530273,24.589632034301758,7110500,UNH
2010-06-22,31.110000610351562,31.34000015258789,30.579999923706055,30.639999389648438,24.187036514282227,6578200,UNH
2010-06-23,30.770000457763672,30.920000076293945,30.1200008392334,30.209999084472656,23.847599029541016,8358400,UNH
2010-06-24,30.079999923706055,30.149999618530273,29.6299991607666,29.760000228881836,23.492368698120117,8952600,UNH
2010-06-25,29.75,30.110000610351562,29.579999923706055,29.8799991607666,23.58710479736328,14216100,UNH
2010-06-28,29.8700008392334,30.329999923706055,29.1200008392334,29.190000534057617,23.04241180419922,9883000,UNH
2010-06-29,28.8799991607666,29.030000686645508,28.459999084472656,28.6299991607666,22.600353240966797,14389900,UNH
2010-06-30,28.510000228881836,28.760000228881836,28.309999465942383,28.399999618530273,22.418794631958008,11078500,UNH
2010-07-01,28.309999465942383,28.309999465942383,27.1299991607666,27.850000381469727,21.9846248626709,15600900,UNH
2010-07-02,27.889999389648438,28.450000762939453,27.790000915527344,28.299999237060547,22.339853286743164,9312900,UNH
2010-07-06,28.489999771118164,29.059999465942383,28.290000915527344,28.889999389648438,22.805591583251953,13395000,UNH
2010-07-07,28.979999542236328,29.25,28.799999237060547,29.200000762939453,23.050312042236328,8978500,UNH
2010-07-08,29.31999969482422,29.889999389648438,29.25,29.68000030517578,23.429218292236328,8996400,UNH
2010-07-09,29.75,30.1299991607666,29.520000457763672,29.969999313354492,23.658145904541016,6971100,UNH
2010-07-12,29.90999984741211,30.06999969482422,29.610000610351562,30.040000915527344,23.713394165039062,8901800,UNH
2010-07-13,30.239999771118164,30.270000457763672,29.799999237060547,30.139999389648438,23.79233741760254,6905100,UNH
2010-07-14,30.0,30.389999389648438,29.780000686645508,30.31999969482422,23.934429168701172,4711100,UNH
2010-07-15,30.31999969482422,30.93000030517578,30.1200008392334,30.8799991607666,24.37649154663086,9214500,UNH
2010-07-16,30.729999542236328,31.1200008392334,30.149999618530273,30.34000015258789,23.95021629333496,9411300,UNH
2010-07-19,30.479999542236328,30.959999084472656,30.290000915527344,30.81999969482422,24.329132080078125,8575500,UNH
2010-07-20,31.350000381469727,31.489999771118164,30.239999771118164,30.829999923706055,24.337024688720703,13493900,UNH
2010-07-21,30.850000381469727,31.1299991607666,30.579999923706055,30.700000762939453,24.234407424926758,8884400,UNH
2010-07-22,31.09000015258789,31.200000762939453,30.649999618530273,31.0,24.471214294433594,9202600,UNH
2010-07-23,31.0,31.25,30.739999771118164,30.920000076293945,24.408061981201172,5746700,UNH
2010-07-26,30.84000015258789,31.489999771118164,30.84000015258789,31.469999313354492,24.842239379882812,5479000,UNH
2010-07-27,31.530000686645508,31.719999313354492,30.6299991607666,30.780000686645508,24.29755973815918,11856600,UNH
2010-07-28,30.790000915527344,30.920000076293945,30.149999618530273,30.329999923706055,23.942331314086914,7981800,UNH
2010-07-29,30.489999771118164,30.8799991607666,30.040000915527344,30.440000534057617,24.029163360595703,5540300,UNH
2010-07-30,30.200000762939453,30.68000030517578,29.940000534057617,30.450000762939453,24.037052154541016,4893200,UNH
2010-08-02,30.889999389648438,31.559999465942383,30.829999923706055,31.440000534057617,24.818553924560547,7440900,UNH
2010-08-03,31.389999389648438,32.58000183105469,31.270000457763672,32.41999816894531,25.592159271240234,9954200,UNH
2010-08-04,32.43000030517578,33.2400016784668,32.400001525878906,32.90999984741211,25.978967666625977,9379500,UNH
2010-08-05,32.7599983215332,33.4900016784668,32.68000030517578,33.41999816894531,26.381559371948242,7829600,UNH
2010-08-06,33.08000183105469,33.54999923706055,32.959999084472656,33.45000076293945,26.405237197875977,7479400,UNH
2010-08-09,33.5,33.790000915527344,33.36000061035156,33.4900016784668,26.43682098388672,6059400,UNH
2010-08-10,33.29999923706055,33.619998931884766,32.959999084472656,33.33000183105469,26.310518264770508,7957600,UNH
2010-08-11,32.849998474121094,33.150001525878906,31.739999771118164,31.989999771118164,25.25271987915039,17250600,UNH
2010-08-12,31.709999084472656,32.2400016784668,31.56999969482422,32.130001068115234,25.363239288330078,8998000,UNH
2010-08-13,32.0099983215332,32.189998626708984,31.649999618530273,32.029998779296875,25.284292221069336,6868600,UNH
2010-08-16,31.850000381469727,31.989999771118164,31.3700008392334,31.899999618530273,25.181669235229492,5231900,UNH
2010-08-17,32.22999954223633,32.58000183105469,31.979999542236328,32.349998474121094,25.536907196044922,5544800,UNH
2010-08-18,32.279998779296875,32.959999084472656,32.119998931884766,32.540000915527344,25.686887741088867,6444900,UNH
2010-08-19,32.369998931884766,32.470001220703125,31.760000228881836,31.790000915527344,25.094844818115234,7067700,UNH
2010-08-20,31.75,31.829999923706055,31.389999389648438,31.610000610351562,24.9527530670166,5330200,UNH
2010-08-23,31.6299991607666,32.16999816894531,31.469999313354492,31.5,24.86591339111328,5077300,UNH
2010-08-24,31.200000762939453,31.420000076293945,30.860000610351562,31.040000915527344,24.502798080444336,7509700,UNH
2010-08-25,30.93000030517578,32.25,30.81999969482422,31.959999084472656,25.229040145874023,10921200,UNH
2010-08-26,32.040000915527344,32.38999938964844,31.850000381469727,31.850000381469727,25.1422061920166,9944700,UNH
2010-08-27,31.959999084472656,32.41999816894531,31.479999542236328,32.369998931884766,25.552696228027344,7051400,UNH
2010-08-30,32.33000183105469,32.47999954223633,31.8799991607666,31.90999984741211,25.189571380615234,7173200,UNH
2010-08-31,31.809999465942383,32.209999084472656,31.420000076293945,31.719999313354492,25.03958511352539,8650800,UNH
2010-09-01,32.0099983215332,32.630001068115234,31.84000015258789,32.59000015258789,25.726356506347656,8623100,UNH
2010-09-02,32.83000183105469,32.93000030517578,32.290000915527344,32.86000061035156,25.93950080871582,5430000,UNH
2010-09-03,32.95000076293945,33.90999984741211,32.90999984741211,33.90999984741211,26.768367767333984,7760900,UNH
2010-09-07,33.7599983215332,34.09000015258789,33.619998931884766,33.779998779296875,26.665727615356445,6831800,UNH
2010-09-08,33.779998779296875,33.959999084472656,33.33000183105469,33.849998474121094,26.720998764038086,8552100,UNH
2010-09-09,34.099998474121094,34.25,33.91999816894531,34.02000045776367,26.85519790649414,7507100,UNH
2010-09-10,33.9900016784668,34.63999938964844,33.79999923706055,34.4900016784668,27.326623916625977,8940700,UNH
2010-09-13,34.790000915527344,35.279998779296875,34.66999816894531,34.720001220703125,27.50884246826172,7101400,UNH
2010-09-14,34.0099983215332,35.0,33.97999954223633,34.61000061035156,27.42168617248535,8716000,UNH
2010-09-15,34.5,34.599998474121094,33.970001220703125,34.27000045776367,27.152305603027344,11169600,UNH
2010-09-16,34.22999954223633,34.38999938964844,33.91999816894531,34.2400016784668,27.1285343170166,6153700,UNH
2010-09-17,34.459999084472656,34.61000061035156,34.130001068115234,34.130001068115234,27.04138946533203,7286900,UNH
2010-09-20,34.369998931884766,35.029998779296875,34.349998474121094,34.93000030517578,27.675230026245117,5639200,UNH
2010-09-21,34.88999938964844,35.5,34.83000183105469,35.2599983215332,27.936683654785156,6428000,UNH
2010-09-22,35.119998931884766,35.70000076293945,34.90999984741211,35.68000030517578,28.269454956054688,7184300,UNH
2010-09-23,35.400001525878906,35.79999923706055,35.189998626708984,35.439998626708984,28.079309463500977,6711800,UNH
2010-09-24,35.939998626708984,35.939998626708984,35.599998474121094,35.72999954223633,28.309080123901367,8558100,UNH
2010-09-27,35.83000183105469,35.83000183105469,35.25,35.349998474121094,28.007999420166016,7505200,UNH
2010-09-28,35.45000076293945,35.61000061035156,34.90999984741211,35.040000915527344,27.762386322021484,8410300,UNH
2010-09-29,34.90999984741211,35.209999084472656,34.709999084472656,35.20000076293945,27.889150619506836,7872500,UNH
2010-09-30,35.4900016784668,35.560001373291016,35.08000183105469,35.11000061035156,27.817855834960938,7847200,UNH
2010-10-01,35.06999969482422,35.470001220703125,34.7599983215332,35.43000030517578,28.071374893188477,6503500,UNH
2010-10-04,35.29999923706055,35.29999923706055,34.349998474121094,34.540000915527344,27.36621856689453,5883300,UNH
2010-10-05,34.77000045776367,35.130001068115234,34.54999923706055,35.06999969482422,27.786155700683594,6887400,UNH
2010-10-06,35.040000915527344,35.220001220703125,33.939998626708984,33.95000076293945,26.898771286010742,13815400,UNH
2010-10-07,34.38999938964844,34.59000015258789,34.11000061035156,34.34000015258789,27.207767486572266,6878900,UNH
2010-10-08,34.45000076293945,34.54999923706055,34.189998626708984,34.349998474121094,27.215688705444336,6022300,UNH
2010-10-11,34.09000015258789,34.900001525878906,34.06999969482422,34.650001525878906,27.453384399414062,6746300,UNH
2010-10-12,34.52000045776367,35.060001373291016,34.439998626708984,35.02000045776367,27.74654197692871,6766300,UNH
2010-10-13,35.09000015258789,35.619998931884766,35.02000045776367,35.31999969482422,27.984222412109375,8050100,UNH
2010-10-14,35.2599983215332,36.2599983215332,35.22999954223633,35.779998779296875,28.348676681518555,10274300,UNH
2010-10-15,36.0099983215332,36.22999954223633,35.77000045776367,35.97999954223633,28.50714874267578,7825200,UNH
2010-10-18,36.09000015258789,36.369998931884766,35.84000015258789,36.25,28.721073150634766,8035000,UNH
2010-10-19,35.630001068115234,35.91999816894531,34.91999816894531,35.29999923706055,27.9683780670166,13178200,UNH
2010-10-20,35.459999084472656,36.75,35.45000076293945,36.72999954223633,29.10138511657715,10386500,UNH
2010-10-21,36.849998474121094,36.849998474121094,36.119998931884766,36.4900016784668,28.91122817993164,6840200,UNH
2010-10-22,36.70000076293945,37.2599983215332,36.41999816894531,37.2599983215332,29.52130699157715,6622900,UNH
2010-10-25,37.52000045776367,37.95000076293945,37.459999084472656,37.560001373291016,29.75899887084961,7456100,UNH
2010-10-26,37.5099983215332,37.689998626708984,37.150001525878906,37.56999969482422,29.766902923583984,8050600,UNH
2010-10-27,37.25,37.36000061035156,35.70000076293945,35.93000030517578,28.467538833618164,12700700,UNH
2010-10-28,36.279998779296875,36.400001525878906,35.95000076293945,36.25,28.721073150634766,6281600,UNH
2010-10-29,36.400001525878906,36.93000030517578,35.810001373291016,36.04999923706055,28.56261444091797,6696900,UNH
2010-11-01,36.27000045776367,36.63999938964844,35.70000076293945,36.11000061035156,28.610149383544922,7671800,UNH
2010-11-02,36.400001525878906,37.09000015258789,36.36000061035156,37.0,29.315305709838867,9988000,UNH
2010-11-03,36.650001525878906,37.45000076293945,36.06999969482422,36.65999984741211,29.045913696289062,10730400,UNH
2010-11-04,37.0,37.04999923706055,36.380001068115234,36.79999923706055,29.156843185424805,6839700,UNH
2010-11-05,36.72999954223633,37.189998626708984,36.47999954223633,36.86000061035156,29.204378128051758,7190400,UNH
2010-11-08,36.630001068115234,37.18000030517578,36.61000061035156,37.119998931884766,29.410369873046875,4370500,UNH
2010-11-09,37.2400016784668,37.279998779296875,36.810001373291016,36.97999954223633,29.29946517944336,6027600,UNH
2010-11-10,36.709999084472656,37.16999816894531,35.970001220703125,37.15999984741211,29.442066192626953,8385100,UNH
2010-11-11,36.970001220703125,37.5,36.7400016784668,37.470001220703125,29.68769073486328,5396400,UNH
2010-11-12,37.209999084472656,37.33000183105469,36.22999954223633,36.66999816894531,29.0538387298584,7373900,UNH
2010-11-15,36.31999969482422,36.380001068115234,35.439998626708984,35.470001220703125,28.10307502746582,9124200,UNH
2010-11-16,35.279998779296875,35.380001068115234,34.810001373291016,35.0099983215332,27.738605499267578,10840800,UNH
2010-11-17,35.09000015258789,35.34000015258789,34.58000183105469,35.33000183105469,27.992155075073242,9578000,UNH
2010-11-18,34.59000015258789,35.95000076293945,34.5,35.630001068115234,28.229846954345703,9207900,UNH
2010-11-19,35.540000915527344,36.4900016784668,35.34000015258789,36.0,28.52301025390625,14341600,UNH
2010-11-22,37.310001373291016,37.41999816894531,35.56999969482422,36.459999084472656,28.8874568939209,14972500,UNH
2010-11-23,36.150001525878906,36.34000015258789,35.779998779296875,36.04999923706055,28.56261444091797,6577900,UNH
2010-11-24,36.61000061035156,36.75,36.02000045776367,36.18000030517578,28.665611267089844,6306100,UNH
2010-11-26,35.7599983215332,36.27000045776367,35.7400016784668,35.880001068115234,28.427913665771484,2972200,UNH
2010-11-29,35.540000915527344,36.66999816894531,35.04999923706055,36.59000015258789,28.99045753479004,10899000,UNH
2010-11-30,36.31999969482422,36.97999954223633,36.040000915527344,36.52000045776367,28.934999465942383,12039400,UNH
2010-12-01,37.13999938964844,37.900001525878906,37.13999938964844,37.66999816894531,29.846147537231445,11012000,UNH
2010-12-02,37.68000030517578,38.060001373291016,37.63999938964844,38.04999923706055,30.1472225189209,8600200,UNH
2010-12-03,37.709999084472656,37.97999954223633,37.380001068115234,37.81999969482422,30.063758850097656,5383200,UNH
2010-12-06,37.66999816894531,37.880001068115234,37.2400016784668,37.290000915527344,29.642454147338867,5179900,UNH
2010-12-07,37.470001220703125,37.619998931884766,36.72999954223633,36.77000045776367,29.229089736938477,8523900,UNH
2010-12-08,36.90999984741211,37.0099983215332,36.68000030517578,36.84000015258789,29.28473663330078,5753700,UNH
2010-12-09,37.209999084472656,37.209999084472656,36.43000030517578,36.650001525878906,29.13370704650879,8309700,UNH
2010-12-10,36.790000915527344,36.849998474121094,36.43000030517578,36.66999816894531,29.14960289001465,7979300,UNH
2010-12-13,36.7599983215332,37.86000061035156,36.619998931884766,36.900001525878906,29.332439422607422,11122300,UNH
2010-12-14,36.59000015258789,37.08000183105469,36.34000015258789,36.5,29.01447296142578,8351800,UNH
2010-12-15,36.27000045776367,36.34000015258789,35.11000061035156,35.45000076293945,28.179798126220703,13520200,UNH
2010-12-16,35.45000076293945,35.7599983215332,34.939998626708984,35.61000061035156,28.306987762451172,10177800,UNH
2010-12-17,35.599998474121094,35.61000061035156,34.970001220703125,35.04999923706055,27.861833572387695,18279900,UNH
2010-12-20,35.290000915527344,35.33000183105469,34.97999954223633,35.18000030517578,27.96518325805664,6407700,UNH
2010-12-21,35.119998931884766,35.810001373291016,35.04999923706055,35.33000183105469,28.084415435791016,6873900,UNH
2010-12-22,35.40999984741211,35.869998931884766,35.279998779296875,35.84000015258789,28.489822387695312,5115000,UNH
2010-12-23,35.81999969482422,36.099998474121094,35.630001068115234,35.77000045776367,28.43416976928711,3808500,UNH
2010-12-27,35.5,35.709999084472656,35.45000076293945,35.540000915527344,28.2513427734375,2810600,UNH
2010-12-28,35.5099983215332,35.77000045776367,35.380001068115234,35.720001220703125,28.394424438476562,3082900,UNH
2010-12-29,35.84000015258789,36.029998779296875,35.66999816894531,35.90999984741211,28.545461654663086,3593700,UNH
2010-12-30,35.90999984741211,36.029998779296875,35.720001220703125,35.939998626708984,28.56931495666504,2865500,UNH
2010-12-31,36.040000915527344,36.209999084472656,35.790000915527344,36.11000061035156,28.704452514648438,2828000,UNH
2011-01-03,36.380001068115234,37.18000030517578,36.369998931884766,37.130001068115234,29.515268325805664,8212400,UNH
2011-01-04,37.029998779296875,37.5,36.83000183105469,37.470001220703125,29.78554344177246,6724300,UNH
2011-01-05,37.5,37.810001373291016,37.290000915527344,37.59000015258789,29.88092613220215,7528100,UNH
2011-01-06,37.959999084472656,38.400001525878906,37.7400016784668,38.369998931884766,30.50096893310547,7157300,UNH
2011-01-07,38.380001068115234,38.540000915527344,38.04999923706055,38.45000076293945,30.564571380615234,6437700,UNH
2011-01-10,38.540000915527344,38.650001525878906,38.0099983215332,38.45000076293945,30.564571380615234,5725300,UNH
2011-01-11,38.529998779296875,39.099998474121094,38.34000015258789,39.08000183105469,31.065359115600586,5569100,UNH
2011-01-12,39.22999954223633,39.33000183105469,38.810001373291016,38.86000061035156,30.890485763549805,5872400,UNH
2011-01-13,39.27000045776367,39.599998474121094,38.93000030517578,39.599998474121094,31.478710174560547,8618200,UNH
2011-01-14,39.47999954223633,40.900001525878906,39.40999984741211,40.77000045776367,32.408748626708984,10560400,UNH
2011-01-18,40.790000915527344,40.9900016784668,40.470001220703125,40.880001068115234,32.4962043762207,6738900,UNH
2011-01-19,40.869998931884766,41.02000045776367,40.11000061035156,40.560001373291016,32.241825103759766,9424600,UNH
2011-01-20,40.0,40.5,39.369998931884766,40.310001373291016,32.0431022644043,11293100,UNH
2011-01-21,40.58000183105469,40.59000015258789,40.130001068115234,40.40999984741211,32.12258529663086,7384200,UNH
2011-01-24,40.40999984741211,40.5,39.70000076293945,39.810001373291016,31.645652770996094,7604100,UNH
2011-01-25,39.689998626708984,41.0,39.650001525878906,40.619998931884766,32.28952407836914,10000100,UNH
2011-01-26,40.59000015258789,41.130001068115234,40.11000061035156,40.25,31.995405197143555,8937900,UNH
2011-01-27,40.939998626708984,42.41999816894531,40.439998626708984,42.290000915527344,33.617027282714844,13558000,UNH
2011-01-28,42.310001373291016,42.439998626708984,40.86000061035156,40.93000030517578,32.535953521728516,7767400,UNH
2011-01-31,41.02000045776367,41.31999969482422,40.709999084472656,41.04999923706055,32.63132858276367,7320400,UNH
2011-02-01,41.36000061035156,42.18000030517578,41.290000915527344,42.06999969482422,33.44216537475586,9074600,UNH
2011-02-02,41.7400016784668,42.2599983215332,41.66999816894531,41.95000076293945,33.34676742553711,4285800,UNH
2011-02-03,41.779998779296875,44.09000015258789,40.900001525878906,43.040000915527344,34.21322250366211,14831200,UNH
2011-02-04,43.150001525878906,43.900001525878906,42.040000915527344,42.4900016784668,33.77601623535156,8338500,UNH
2011-02-07,42.13999938964844,42.2599983215332,41.56999969482422,41.810001373291016,33.23548126220703,7114100,UNH
2011-02-08,41.52000045776367,42.54999923706055,41.38999938964844,41.970001220703125,33.362667083740234,5618500,UNH
2011-02-09,41.970001220703125,42.459999084472656,41.83000183105469,42.06999969482422,33.44216537475586,5232500,UNH
2011-02-10,42.279998779296875,42.58000183105469,42.02000045776367,42.43000030517578,33.72832489013672,5457200,UNH
2011-02-11,42.15999984741211,42.84000015258789,42.040000915527344,42.380001068115234,33.68857192993164,5051100,UNH
2011-02-14,42.2400016784668,42.5099983215332,41.619998931884766,42.459999084472656,33.75217056274414,3752200,UNH
2011-02-15,42.11000061035156,42.459999084472656,41.88999938964844,42.029998779296875,33.41036605834961,4392700,UNH
2011-02-16,42.20000076293945,42.560001373291016,41.9900016784668,42.5,33.783966064453125,4993700,UNH
2011-02-17,42.34000015258789,42.75,42.150001525878906,42.59000015258789,33.85551071166992,4823300,UNH
2011-02-18,42.689998626708984,43.29999923706055,42.560001373291016,42.84000015258789,34.05424880981445,6034900,UNH
2011-02-22,43.86000061035156,44.33000183105469,42.72999954223633,42.959999084472656,34.14964294433594,10738900,UNH
2011-02-23,42.58000183105469,43.689998626708984,42.560001373291016,42.90999984741211,34.10988998413086,7102200,UNH
2011-02-24,42.83000183105469,43.349998474121094,42.380001068115234,42.75,33.98269271850586,6313200,UNH
2011-02-25,42.849998474121094,43.02000045776367,42.40999984741211,42.52000045776367,33.799869537353516,5498700,UNH
2011-02-28,42.66999816894531,42.939998626708984,42.349998474121094,42.58000183105469,33.84756088256836,6644900,UNH
2011-03-01,42.560001373291016,42.959999084472656,42.380001068115234,42.45000076293945,33.74422836303711,5547400,UNH
2011-03-02,42.54999923706055,43.790000915527344,42.45000076293945,43.560001373291016,34.626583099365234,7233800,UNH
2011-03-03,44.27000045776367,44.88999938964844,43.7400016784668,44.790000915527344,35.70680618286133,8739600,UNH
2011-03-04,44.63999938964844,44.86000061035156,43.869998931884766,44.45000076293945,35.43574142456055,5622100,UNH
2011-03-07,44.470001220703125,44.77000045776367,43.310001373291016,43.560001373291016,34.72622299194336,6084100,UNH
2011-03-08,43.599998474121094,44.099998474121094,43.119998931884766,43.83000183105469,34.94146728515625,4696700,UNH
2011-03-09,43.90999984741211,44.5099983215332,43.529998779296875,44.4900016784668,35.46764373779297,4553400,UNH
2011-03-10,44.290000915527344,44.290000915527344,43.599998474121094,43.790000915527344,34.90958786010742,5117600,UNH
2011-03-11,43.880001068115234,44.060001373291016,43.2599983215332,43.59000015258789,34.75014877319336,4774800,UNH
2011-03-14,43.29999923706055,43.43000030517578,42.849998474121094,43.15999984741211,34.4073486328125,4516400,UNH
2011-03-15,42.34000015258789,43.08000183105469,42.15999984741211,42.790000915527344,34.11238479614258,4397900,UNH
2011-03-16,42.68000030517578,42.689998626708984,41.459999084472656,41.86000061035156,33.37097930908203,7141200,UNH
2011-03-17,42.400001525878906,42.72999954223633,41.90999984741211,42.27000045776367,33.69783020019531,5850600,UNH
2011-03-18,42.369998931884766,42.849998474121094,42.29999923706055,42.599998474121094,33.96092224121094,7372200,UNH
2011-03-21,42.83000183105469,43.43000030517578,42.65999984741211,43.189998626708984,34.43126678466797,4592100,UNH
2011-03-22,43.2599983215332,43.709999084472656,42.65999984741211,42.7400016784668,34.07253646850586,4505300,UNH
2011-03-23,42.63999938964844,42.869998931884766,42.38999938964844,42.75,34.08049774169922,3348200,UNH
2011-03-24,43.2400016784668,43.939998626708984,43.0099983215332,43.79999923706055,34.91755294799805,3917900,UNH
2011-03-25,43.630001068115234,44.02000045776367,43.599998474121094,43.75,34.8776969909668,4190300,UNH
2011-03-28,43.90999984741211,44.04999923706055,43.5099983215332,43.869998931884766,34.973350524902344,3531100,UNH
2011-03-29,43.75,44.47999954223633,43.75,44.47999954223633,35.45966339111328,4202900,UNH
2011-03-30,44.720001220703125,45.58000183105469,44.58000183105469,45.400001525878906,36.193092346191406,6533900,UNH
2011-03-31,45.63999938964844,45.75,45.11000061035156,45.20000076293945,36.03363800048828,5374300,UNH
2011-04-01,45.5,45.7400016784668,45.29999923706055,45.61000061035156,36.36050796508789,4511600,UNH
2011-04-04,45.939998626708984,46.09000015258789,45.52000045776367,45.599998474121094,36.35252380371094,3499900,UNH
2011-04-05,44.86000061035156,45.27000045776367,44.779998779296875,45.09000015258789,35.945945739746094,4950900,UNH
2011-04-06,45.189998626708984,45.2599983215332,44.83000183105469,44.959999084472656,35.842315673828125,5158600,UNH
2011-04-07,44.77000045776367,48.58000183105469,44.41999816894531,44.43000030517578,35.4197883605957,7706300,UNH
2011-04-08,44.619998931884766,45.2400016784668,44.13999938964844,44.380001068115234,35.37993240356445,4723900,UNH
2011-04-11,44.33000183105469,44.4900016784668,43.84000015258789,44.31999969482422,35.33211898803711,6048700,UNH
2011-04-12,44.189998626708984,44.900001525878906,44.029998779296875,44.810001373291016,35.72274398803711,3959100,UNH
2011-04-13,44.880001068115234,45.16999816894531,44.08000183105469,44.33000183105469,35.340091705322266,4766300,UNH
2011-04-14,44.20000076293945,44.97999954223633,43.869998931884766,44.81999969482422,35.7307014465332,4719700,UNH
2011-04-15,45.0,45.08000183105469,44.56999969482422,44.97999954223633,35.85826873779297,5783300,UNH
2011-04-18,44.529998779296875,44.61000061035156,43.349998474121094,43.54999923706055,34.71826171875,6722600,UNH
2011-04-19,43.599998474121094,43.970001220703125,43.29999923706055,43.959999084472656,35.04509735107422,5731300,UNH
2011-04-20,44.779998779296875,44.779998779296875,44.18000030517578,44.2400016784668,35.2683219909668,5168100,UNH
2011-04-21,48.09000015258789,48.900001525878906,47.560001373291016,47.810001373291016,38.11436462402344,18367400,UNH
2011-04-25,47.13999938964844,48.13999938964844,47.08000183105469,47.709999084472656,38.034637451171875,6650100,UNH
2011-04-26,48.119998931884766,48.75,46.93000030517578,47.349998474121094,37.74763870239258,10500000,UNH
2011-04-27,47.52000045776367,48.29999923706055,46.880001068115234,48.209999084472656,38.4332275390625,10513300,UNH
2011-04-28,48.189998626708984,49.099998474121094,48.060001373291016,49.099998474121094,39.14274978637695,7913500,UNH
2011-04-29,48.95000076293945,49.400001525878906,48.66999816894531,49.22999954223633,39.24638748168945,9542700,UNH
2011-05-02,49.400001525878906,50.20000076293945,49.22999954223633,49.880001068115234,39.76457214355469,9858200,UNH
2011-05-03,49.68000030517578,50.0099983215332,49.40999984741211,49.68000030517578,39.60511779785156,5879100,UNH
2011-05-04,49.54999923706055,49.77000045776367,48.959999084472656,49.560001373291016,39.50947189331055,7553000,UNH
2011-05-05,49.439998626708984,50.150001525878906,49.02000045776367,49.58000183105469,39.52539825439453,7393900,UNH
2011-05-06,50.060001373291016,50.25,49.650001525878906,50.119998931884766,39.955902099609375,6295300,UNH
2011-05-09,49.75,50.90999984741211,49.75,50.470001220703125,40.23489761352539,5665200,UNH
2011-05-10,50.720001220703125,50.97999954223633,50.189998626708984,50.5099983215332,40.266815185546875,5635900,UNH
2011-05-11,50.5,50.599998474121094,49.52000045776367,50.02000045776367,39.87617492675781,6196800,UNH
2011-05-12,50.0099983215332,50.36000061035156,49.06999969482422,50.08000183105469,39.924007415771484,5311300,UNH
2011-05-13,50.90999984741211,51.459999084472656,49.7599983215332,49.95000076293945,39.820377349853516,11099500,UNH
2011-05-16,49.560001373291016,50.72999954223633,49.380001068115234,50.16999816894531,39.99576187133789,6018900,UNH
2011-05-17,49.86000061035156,50.70000076293945,49.70000076293945,49.9900016784668,39.85225296020508,7224900,UNH
2011-05-18,49.86000061035156,50.689998626708984,49.75,50.61000061035156,40.34653091430664,7140400,UNH
2011-05-19,50.75,50.779998779296875,50.18000030517578,50.54999923706055,40.29867935180664,6101100,UNH
2011-05-20,50.470001220703125,50.75,49.72999954223633,49.7400016784668,39.6529541015625,10827500,UNH
2011-05-23,49.439998626708984,49.470001220703125,48.650001525878906,49.15999984741211,39.19056701660156,6741800,UNH
2011-05-24,49.15999984741211,49.18000030517578,47.79999923706055,47.959999084472656,38.23393249511719,9573100,UNH
2011-05-25,47.70000076293945,48.31999969482422,47.58000183105469,47.869998931884766,38.162193298339844,9448100,UNH
2011-05-26,47.66999816894531,47.88999938964844,46.970001220703125,47.70000076293945,38.026649475097656,11917200,UNH
2011-05-27,47.900001525878906,48.310001373291016,47.59000015258789,48.29999923706055,38.504981994628906,6039500,UNH
2011-05-31,48.65999984741211,48.95000076293945,48.349998474121094,48.95000076293945,39.02317810058594,6412000,UNH
2011-06-01,48.70000076293945,48.9900016784668,48.25,48.349998474121094,38.54484558105469,6614800,UNH
2011-06-02,48.599998474121094,49.4900016784668,48.279998779296875,49.38999938964844,39.37392807006836,8258700,UNH
2011-06-03,48.599998474121094,49.310001373291016,48.459999084472656,48.849998474121094,39.072383880615234,7949200,UNH
2011-06-06,48.689998626708984,48.810001373291016,48.0099983215332,48.150001525878906,38.51249694824219,5187400,UNH
2011-06-07,48.54999923706055,48.84000015258789,47.970001220703125,47.970001220703125,38.368526458740234,4530900,UNH
2011-06-08,47.97999954223633,48.5,47.56999969482422,48.20000076293945,38.552486419677734,6564200,UNH
2011-06-09,48.54999923706055,50.61000061035156,48.36000061035156,50.599998474121094,40.47210693359375,11530000,UNH
2011-06-10,50.34000015258789,50.36000061035156,49.15999984741211,49.40999984741211,39.52030944824219,8545400,UNH
2011-06-13,49.619998931884766,49.959999084472656,49.06999969482422,49.11000061035156,39.28034973144531,6362200,UNH
2011-06-14,49.400001525878906,50.0,49.22999954223633,49.599998474121094,39.672279357910156,6986300,UNH
2011-06-15,49.220001220703125,49.95000076293945,48.93000030517578,49.349998474121094,39.47231674194336,8991300,UNH
2011-06-16,49.27000045776367,49.849998474121094,48.70000076293945,49.65999984741211,39.72026443481445,9101200,UNH
2011-06-17,50.099998474121094,50.38999938964844,49.720001220703125,49.959999084472656,39.9602165222168,9675100,UNH
2011-06-20,49.790000915527344,51.650001525878906,49.650001525878906,51.27000045776367,41.00802230834961,8987600,UNH
2011-06-21,51.61000061035156,52.25,51.27000045776367,52.220001220703125,41.767852783203125,9781300,UNH
2011-06-22,51.97999954223633,52.63999938964844,51.720001220703125,51.779998779296875,41.415931701660156,6999500,UNH
2011-06-23,51.0099983215332,51.29999923706055,50.040000915527344,51.150001525878906,40.91204833984375,9979800,UNH
2011-06-24,51.25,51.38999938964844,50.220001220703125,50.459999084472656,40.360137939453125,7398600,UNH
2011-06-27,50.31999969482422,51.25,50.119998931884766,51.029998779296875,40.81604766845703,4544700,UNH
2011-06-28,51.34000015258789,51.97999954223633,51.02000045776367,51.77000045776367,41.40793991088867,5957100,UNH
2011-06-29,51.810001373291016,51.880001068115234,51.060001373291016,51.540000915527344,41.22397232055664,5630100,UNH
2011-06-30,51.75,52.040000915527344,51.41999816894531,51.58000183105469,41.25596618652344,6394000,UNH
2011-07-01,51.84000015258789,53.27000045776367,51.560001373291016,53.130001068115234,42.495723724365234,8152700,UNH
2011-07-05,53.08000183105469,53.11000061035156,52.27000045776367,52.849998474121094,42.271766662597656,4822300,UNH
2011-07-06,52.849998474121094,53.220001220703125,52.54999923706055,53.130001068115234,42.495723724365234,5319100,UNH
2011-07-07,53.279998779296875,53.5,51.970001220703125,52.630001068115234,42.09579849243164,7559100,UNH
2011-07-08,52.0,52.31999969482422,51.540000915527344,52.08000183105469,41.6558723449707,6927300,UNH
2011-07-11,51.380001068115234,51.540000915527344,50.7400016784668,50.939998626708984,40.74406814575195,6037500,UNH
2011-07-12,50.7400016784668,52.029998779296875,50.72999954223633,51.40999984741211,41.119998931884766,6631700,UNH
2011-07-13,51.54999923706055,52.630001068115234,51.54999923706055,51.72999954223633,41.37593460083008,4869400,UNH
2011-07-14,51.810001373291016,52.560001373291016,51.790000915527344,52.27000045776367,41.807861328125,7167600,UNH
2011-07-15,52.470001220703125,52.59000015258789,51.68000030517578,51.970001220703125,41.56790542602539,7030500,UNH
2011-07-18,51.599998474121094,52.20000076293945,51.04999923706055,51.95000076293945,41.55191421508789,7257700,UNH
2011-07-19,51.369998931884766,51.7599983215332,49.95000076293945,51.45000076293945,41.15198516845703,13946300,UNH
2011-07-20,51.7599983215332,51.880001068115234,50.970001220703125,51.5099983215332,41.199974060058594,7748900,UNH
2011-07-21,51.91999816894531,52.900001525878906,51.689998626708984,52.150001525878906,41.71186828613281,7831500,UNH
2011-07-22,52.52000045776367,52.869998931884766,52.130001068115234,52.75,42.191795349121094,5717300,UNH
2011-07-25,52.47999954223633,52.83000183105469,51.5,51.630001068115234,41.29597091674805,6533500,UNH
2011-07-26,51.88999938964844,52.18000030517578,51.15999984741211,51.2599983215332,41.0000114440918,5670100,UNH
2011-07-27,50.56999969482422,50.939998626708984,49.709999084472656,49.88999938964844,39.90422058105469,10581400,UNH
2011-07-28,49.84000015258789,50.88999938964844,49.790000915527344,49.91999816894531,39.92821502685547,7703600,UNH
2011-07-29,49.099998474121094,50.09000015258789,48.11000061035156,49.630001068115234,39.69626998901367,10759500,UNH
2011-08-01,50.279998779296875,50.36000061035156,45.689998626708984,48.02000045776367,38.408512115478516,23228700,UNH
2011-08-02,47.689998626708984,48.439998626708984,46.7599983215332,46.97999954223633,37.576690673828125,10060500,UNH
2011-08-03,46.9900016784668,47.290000915527344,45.970001220703125,47.18000030517578,37.736656188964844,8304300,UNH
2011-08-04,46.59000015258789,46.709999084472656,45.02000045776367,45.06999969482422,36.04899215698242,10154500,UNH
2011-08-05,45.58000183105469,46.220001220703125,44.25,45.560001373291016,36.44090270996094,14313700,UNH
2011-08-08,43.29999923706055,44.41999816894531,41.7400016784668,41.93000030517578,33.5374641418457,16743400,UNH
2011-08-09,42.33000183105469,44.79999923706055,41.810001373291016,44.72999954223633,35.77703094482422,19959800,UNH
2011-08-10,44.06999969482422,44.27000045776367,41.66999816894531,41.849998474121094,33.47349166870117,12690300,UNH
2011-08-11,41.54999923706055,44.41999816894531,41.27000045776367,43.93000030517578,35.13716506958008,13915800,UNH
2011-08-12,43.790000915527344,45.34000015258789,43.790000915527344,44.810001373291016,35.841026306152344,9500600,UNH
2011-08-15,45.189998626708984,46.029998779296875,44.97999954223633,45.939998626708984,36.744850158691406,8314700,UNH
2011-08-16,45.779998779296875,45.88999938964844,44.650001525878906,45.5,36.392913818359375,10044500,UNH
2011-08-17,45.68000030517578,46.209999084472656,45.130001068115234,45.529998779296875,36.41690444946289,4924400,UNH
2011-08-18,44.380001068115234,44.65999984741211,43.38999938964844,43.88999938964844,35.10518264770508,9901300,UNH
2011-08-19,43.13999938964844,44.2400016784668,42.97999954223633,43.31999969482422,34.649261474609375,8882900,UNH
2011-08-22,44.16999816894531,44.29999923706055,43.290000915527344,43.61000061035156,34.8812141418457,7162800,UNH
2011-08-23,43.79999923706055,44.97999954223633,43.119998931884766,44.869998931884766,35.889015197753906,9080100,UNH
2011-08-24,44.630001068115234,46.0,44.38999938964844,45.90999984741211,36.72084426879883,6286100,UNH
2011-08-25,46.27000045776367,46.400001525878906,44.83000183105469,45.09000015258789,36.064979553222656,5878900,UNH
2011-08-26,44.349998474121094,46.08000183105469,43.5099983215332,45.720001220703125,36.568878173828125,6009900,UNH
2011-08-29,46.2400016784668,46.83000183105469,45.970001220703125,46.7599983215332,37.40071487426758,4036700,UNH
2011-08-30,46.540000915527344,47.61000061035156,46.20000076293945,47.279998779296875,37.81664276123047,6002600,UNH
2011-08-31,47.7400016784668,48.4900016784668,47.0099983215332,47.52000045776367,38.00859832763672,6516400,UNH
2011-09-01,47.58000183105469,48.380001068115234,47.119998931884766,47.18000030517578,37.736656188964844,6493800,UNH
2011-09-02,45.790000915527344,46.7599983215332,45.689998626708984,45.72999954223633,36.70368957519531,5102800,UNH
2011-09-06,44.619998931884766,45.810001373291016,44.09000015258789,45.709999084472656,36.687618255615234,6797700,UNH
2011-09-07,46.470001220703125,47.45000076293945,46.189998626708984,47.209999084472656,37.89156723022461,6823700,UNH
2011-09-08,46.75,48.0,46.650001525878906,47.20000076293945,37.88353729248047,7435200,UNH
2011-09-09,46.599998474121094,46.939998626708984,45.279998779296875,45.52000045776367,36.53514099121094,9076000,UNH
2011-09-12,44.4900016784668,46.33000183105469,44.439998626708984,46.2599983215332,37.129066467285156,8216100,UNH
2011-09-13,46.380001068115234,48.220001220703125,46.31999969482422,47.9900016784668,38.517581939697266,11932000,UNH
2011-09-14,48.310001373291016,49.41999816894531,47.0,48.68000030517578,39.071407318115234,10108400,UNH
2011-09-15,49.11000061035156,50.7400016784668,48.599998474121094,50.540000915527344,40.56427001953125,11325800,UNH
2011-09-16,51.06999969482422,51.18000030517578,49.34000015258789,50.7599983215332,40.740840911865234,11790300,UNH
2011-09-19,49.65999984741211,50.18000030517578,49.38999938964844,49.95000076293945,40.090736389160156,8956300,UNH
2011-09-20,50.040000915527344,51.2400016784668,49.34000015258789,49.83000183105469,39.99442672729492,8440000,UNH
2011-09-21,49.91999816894531,50.40999984741211,47.97999954223633,48.0099983215332,38.53365707397461,7002700,UNH
2011-09-22,46.75,47.66999816894531,46.33000183105469,47.09000015258789,37.795223236083984,10065200,UNH
2011-09-23,46.79999923706055,47.880001068115234,46.47999954223633,47.599998474121094,38.2045783996582,7130000,UNH
2011-09-26,48.130001068115234,48.84000015258789,47.58000183105469,48.810001373291016,39.175750732421875,7147400,UNH
2011-09-27,49.61000061035156,50.38999938964844,48.86000061035156,49.45000076293945,39.689422607421875,8030600,UNH
2011-09-28,49.27000045776367,49.52000045776367,47.560001373291016,47.63999938964844,38.23668670654297,7338900,UNH
2011-09-29,48.349998474121094,48.7400016784668,45.790000915527344,46.58000183105469,37.38591003417969,9154500,UNH
2011-09-30,46.08000183105469,47.22999954223633,45.61000061035156,46.119998931884766,37.0167121887207,10485400,UNH
2011-10-03,45.77000045776367,46.220001220703125,42.869998931884766,42.91999816894531,34.448326110839844,12717100,UNH
2011-10-04,42.11000061035156,42.84000015258789,41.31999969482422,42.779998779296875,34.335960388183594,13800000,UNH
2011-10-05,43.540000915527344,44.68000030517578,42.84000015258789,44.45000076293945,35.67633056640625,8455800,UNH
2011-10-06,44.619998931884766,45.150001525878906,43.97999954223633,44.939998626708984,36.06961441040039,5804800,UNH
2011-10-07,45.0,45.45000076293945,44.45000076293945,44.88999938964844,36.02949142456055,5962900,UNH
2011-10-10,45.52000045776367,46.52000045776367,45.5099983215332,46.52000045776367,37.3377685546875,4752100,UNH
2011-10-11,46.380001068115234,46.81999969482422,45.88999938964844,46.63999938964844,37.43406295776367,4639600,UNH
2011-10-12,47.209999084472656,47.650001525878906,46.369998931884766,46.380001068115234,37.22538757324219,7267400,UNH
2011-10-13,46.02000045776367,46.619998931884766,45.66999816894531,46.529998779296875,37.34576416015625,5034600,UNH
2011-10-14,47.220001220703125,47.349998474121094,46.529998779296875,47.220001220703125,37.899574279785156,6074100,UNH
2011-10-17,46.869998931884766,47.61000061035156,46.459999084472656,46.599998474121094,37.40195083618164,5944600,UNH
2011-10-18,44.2400016784668,45.900001525878906,42.86000061035156,45.34000015258789,36.390655517578125,23926900,UNH
2011-10-19,45.400001525878906,47.41999816894531,45.209999084472656,46.45000076293945,37.28156661987305,12250600,UNH
2011-10-20,46.68000030517578,46.9900016784668,45.939998626708984,46.880001068115234,37.626678466796875,7985300,UNH
2011-10-21,47.43000030517578,48.5,47.310001373291016,47.91999816894531,38.46141052246094,9218800,UNH
2011-10-24,48.209999084472656,49.2400016784668,48.0,49.029998779296875,39.35231399536133,7146200,UNH
2011-10-25,47.66999816894531,49.29999923706055,47.66999816894531,48.7599983215332,39.1356086730957,7477100,UNH
2011-10-26,49.43000030517578,49.47999954223633,48.130001068115234,48.7599983215332,39.1356086730957,10387600,UNH
2011-10-27,49.91999816894531,50.0,48.810001373291016,49.18000030517578,39.47270965576172,10025800,UNH
2011-10-28,49.16999816894531,49.349998474121094,48.189998626708984,48.849998474121094,39.207847595214844,6377300,UNH
2011-10-31,48.380001068115234,48.95000076293945,47.959999084472656,47.9900016784668,38.517581939697266,6164900,UNH
2011-11-01,46.810001373291016,47.099998474121094,45.95000076293945,46.220001220703125,37.09696960449219,11125900,UNH
2011-11-02,47.0,47.0,46.06999969482422,46.36000061035156,37.2093391418457,7858100,UNH
2011-11-03,46.79999923706055,46.880001068115234,45.79999923706055,46.18000030517578,37.06487274169922,6721300,UNH
2011-11-04,46.06999969482422,46.099998474121094,45.08000183105469,45.58000183105469,36.58329391479492,8010400,UNH
2011-11-07,45.45000076293945,45.7400016784668,44.79999923706055,45.16999816894531,36.25422286987305,7919000,UNH
2011-11-08,45.290000915527344,46.27000045776367,45.08000183105469,46.150001525878906,37.04079055786133,7086400,UNH
2011-11-09,45.220001220703125,46.099998474121094,45.130001068115234,45.540000915527344,36.551185607910156,6423200,UNH
2011-11-10,46.060001373291016,46.29999923706055,45.439998626708984,46.130001068115234,37.02472686767578,5479700,UNH
2011-11-11,46.619998931884766,47.5099983215332,46.4900016784668,47.130001068115234,37.82734298706055,5104500,UNH
2011-11-14,46.93000030517578,47.310001373291016,46.65999984741211,46.939998626708984,37.67484664916992,4734200,UNH
2011-11-15,46.79999923706055,46.970001220703125,46.150001525878906,46.54999923706055,37.36183547973633,4911600,UNH
2011-11-16,45.9900016784668,46.290000915527344,44.84000015258789,44.90999984741211,36.04554748535156,8053800,UNH
2011-11-17,44.9900016784668,45.27000045776367,44.04999923706055,44.52000045776367,35.73250961303711,8147900,UNH
2011-11-18,44.61000061035156,44.7400016784668,44.13999938964844,44.54999923706055,35.75660705566406,5972300,UNH
2011-11-21,43.7400016784668,44.75,43.7400016784668,44.439998626708984,35.66831588745117,6656300,UNH
2011-11-22,44.33000183105469,44.9900016784668,43.97999954223633,44.41999816894531,35.65225601196289,4758800,UNH
2011-11-23,43.959999084472656,44.099998474121094,43.41999816894531,43.560001373291016,34.962005615234375,5515800,UNH
2011-11-25,43.54999923706055,44.22999954223633,43.470001220703125,43.66999816894531,35.05028533935547,2985100,UNH
2011-11-28,44.459999084472656,45.4900016784668,44.38999938964844,45.029998779296875,36.14185333251953,8826400,UNH
2011-11-29,45.310001373291016,46.189998626708984,45.09000015258789,45.880001068115234,36.824073791503906,6457300,UNH
2011-11-30,47.36000061035156,48.880001068115234,46.9900016784668,48.77000045776367,39.14365005493164,11702500,UNH
2011-12-01,48.59000015258789,49.060001373291016,48.400001525878906,48.52000045776367,38.94297790527344,7021500,UNH
2011-12-02,48.4900016784668,49.0,48.029998779296875,48.22999954223633,38.7102165222168,7639100,UNH
2011-12-05,48.84000015258789,49.5,47.90999984741211,48.27000045776367,38.87371063232422,8135400,UNH
2011-12-06,48.36000061035156,48.68000030517578,48.08000183105469,48.290000915527344,38.889808654785156,8306100,UNH
2011-12-07,47.9900016784668,49.70000076293945,47.81999969482422,49.34000015258789,39.73542022705078,10200500,UNH
2011-12-08,49.22999954223633,49.54999923706055,47.97999954223633,48.15999984741211,38.78511047363281,8641800,UNH
2011-12-09,48.209999084472656,49.08000183105469,48.119998931884766,48.90999984741211,39.389137268066406,5713500,UNH
2011-12-12,48.709999084472656,49.0,47.939998626708984,48.20000076293945,38.81733322143555,4947700,UNH
2011-12-13,48.439998626708984,49.29999923706055,47.70000076293945,47.93000030517578,38.59990310668945,5267700,UNH
2011-12-14,47.86000061035156,48.29999923706055,47.630001068115234,47.7599983215332,38.46299362182617,7513500,UNH
2011-12-15,47.880001068115234,48.79999923706055,47.880001068115234,48.52000045776367,39.07505798339844,9354200,UNH
2011-12-16,49.02000045776367,49.5,48.709999084472656,49.0,39.46159744262695,10214200,UNH
2011-12-19,48.91999816894531,49.560001373291016,48.84000015258789,48.970001220703125,39.43744659423828,5877400,UNH
2011-12-20,49.41999816894531,49.939998626708984,49.36000061035156,49.81999969482422,40.12199783325195,6053300,UNH
2011-12-21,49.83000183105469,50.0,49.54999923706055,49.9900016784668,40.258888244628906,6695000,UNH
2011-12-22,49.88999938964844,50.93000030517578,49.849998474121094,50.72999954223633,40.85484313964844,4627100,UNH
2011-12-23,50.95000076293945,51.5,50.689998626708984,51.349998474121094,41.354148864746094,3898000,UNH
2011-12-27,51.349998474121094,51.709999084472656,51.09000015258789,51.349998474121094,41.354148864746094,2999300,UNH
2011-12-28,51.349998474121094,51.5,50.65999984741211,50.709999084472656,40.83872604370117,2959600,UNH
2011-12-29,50.93000030517578,51.56999969482422,50.88999938964844,51.18000030517578,41.21725845336914,3774000,UNH
2011-12-30,51.060001373291016,51.18000030517578,50.68000030517578,50.68000030517578,40.814579010009766,2205400,UNH
2012-01-03,51.2400016784668,51.70000076293945,51.11000061035156,51.4900016784668,41.46690368652344,6021000,UNH
2012-01-04,51.2599983215332,52.25,51.25,52.2400016784668,42.07089614868164,5406400,UNH
2012-01-05,51.88999938964844,52.72999954223633,51.79999923706055,52.59000015258789,42.352779388427734,6330100,UNH
2012-01-06,52.75,53.41999816894531,52.47999954223633,52.779998779296875,42.50579071044922,5321700,UNH
2012-01-09,52.630001068115234,52.970001220703125,52.470001220703125,52.720001220703125,42.45747375488281,5079300,UNH
2012-01-10,52.959999084472656,53.040000915527344,52.369998931884766,52.619998931884766,42.3769416809082,7063200,UNH
2012-01-11,52.4900016784668,53.119998931884766,52.060001373291016,53.0099983215332,42.691001892089844,4281600,UNH
2012-01-12,53.220001220703125,53.2400016784668,52.529998779296875,52.869998931884766,42.57826614379883,4550300,UNH
2012-01-13,52.689998626708984,52.790000915527344,51.93000030517578,52.70000076293945,42.441375732421875,4995700,UNH
2012-01-17,53.04999923706055,53.63999938964844,52.869998931884766,53.56999969482422,43.142005920410156,6495700,UNH
2012-01-18,53.349998474121094,54.18000030517578,52.93000030517578,53.939998626708984,43.439998626708984,8389800,UNH
2012-01-19,52.310001373291016,53.02000045776367,51.41999816894531,52.31999969482422,42.13532638549805,18656600,UNH
2012-01-20,52.34000015258789,52.5099983215332,51.61000061035156,52.27000045776367,42.095069885253906,8873800,UNH
2012-01-23,52.20000076293945,53.04999923706055,51.959999084472656,52.43000030517578,42.22392272949219,7535900,UNH
2012-01-24,52.27000045776367,52.52000045776367,51.22999954223633,51.33000183105469,41.338050842285156,10397800,UNH
2012-01-25,50.630001068115234,51.650001525878906,49.81999969482422,51.56999969482422,41.53133010864258,13121500,UNH
2012-01-26,51.61000061035156,51.720001220703125,49.900001525878906,50.349998474121094,40.54882049560547,13576200,UNH
2012-01-27,50.34000015258789,51.2400016784668,50.31999969482422,51.02000045776367,41.0883903503418,7027300,UNH
2012-01-30,50.81999969482422,51.16999816894531,50.06999969482422,51.06999969482422,41.128665924072266,4852400,UNH
2012-01-31,51.400001525878906,52.880001068115234,51.380001068115234,51.790000915527344,41.708499908447266,8843000,UNH
2012-02-01,52.15999984741211,53.61000061035156,52.119998931884766,53.2599983215332,42.89236068725586,7480600,UNH
2012-02-02,53.25,53.25,52.0099983215332,52.540000915527344,42.312522888183594,5319200,UNH
2012-02-03,52.7400016784668,52.77000045776367,50.75,51.310001373291016,41.32194137573242,9676900,UNH
2012-02-06,50.97999954223633,51.400001525878906,50.68000030517578,51.290000915527344,41.305824279785156,8577100,UNH
2012-02-07,51.09000015258789,52.130001068115234,50.90999984741211,52.029998779296875,41.90177917480469,5243300,UNH
2012-02-08,52.0,52.369998931884766,51.650001525878906,52.13999938964844,41.990379333496094,6022000,UNH
2012-02-09,52.209999084472656,53.529998779296875,52.20000076293945,53.060001373291016,42.731292724609375,9613500,UNH
2012-02-10,52.56999969482422,53.5,52.310001373291016,53.31999969482422,42.940673828125,6574700,UNH
2012-02-13,53.5,54.2400016784668,53.380001068115234,53.849998474121094,43.367496490478516,5703700,UNH
2012-02-14,53.900001525878906,54.4900016784668,53.56999969482422,54.459999084472656,43.85874938964844,5982000,UNH
2012-02-15,54.529998779296875,54.84000015258789,54.220001220703125,54.619998931884766,43.98760986328125,7009300,UNH
2012-02-16,54.619998931884766,54.88999938964844,54.2599983215332,54.790000915527344,44.1245231628418,6907700,UNH
2012-02-17,54.810001373291016,54.849998474121094,54.540000915527344,54.68000030517578,44.03593444824219,6387400,UNH
2012-02-21,54.9900016784668,55.529998779296875,54.880001068115234,55.31999969482422,44.55134582519531,7502200,UNH
2012-02-22,55.060001373291016,55.63999938964844,54.68000030517578,55.18000030517578,44.43861389160156,6760100,UNH
2012-02-23,55.150001525878906,55.36000061035156,54.65999984741211,54.939998626708984,44.24532699584961,7195800,UNH
2012-02-24,55.11000061035156,55.7400016784668,55.0,55.650001525878906,44.8171272277832,5004500,UNH
2012-02-27,55.34000015258789,56.15999984741211,55.27000045776367,55.72999954223633,44.881534576416016,5355900,UNH
2012-02-28,55.630001068115234,55.95000076293945,55.25,55.84000015258789,44.97015380859375,4538200,UNH
2012-02-29,55.9900016784668,56.099998474121094,55.560001373291016,55.75,44.897640228271484,5582600,UNH
2012-03-01,55.75,56.099998474121094,55.59000015258789,55.9900016784668,45.22315216064453,4258200,UNH
2012-03-02,55.959999084472656,56.04999923706055,55.369998931884766,55.84000015258789,45.10199737548828,4408900,UNH
2012-03-05,55.63999938964844,56.08000183105469,55.040000915527344,55.040000915527344,44.45583724975586,4739900,UNH
2012-03-06,54.709999084472656,55.40999984741211,54.119998931884766,54.459999084472656,43.98737716674805,4445700,UNH
2012-03-07,54.36000061035156,54.72999954223633,54.2400016784668,54.38999938964844,43.93083190917969,4474900,UNH
2012-03-08,54.869998931884766,56.029998779296875,54.810001373291016,55.61000061035156,44.91622543334961,4883600,UNH
2012-03-09,55.75,56.11000061035156,55.5,55.779998779296875,45.05354690551758,4743200,UNH
2012-03-12,55.79999923706055,55.880001068115234,54.95000076293945,55.02000045776367,44.43968963623047,4567000,UNH
2012-03-13,55.119998931884766,55.380001068115234,54.70000076293945,55.33000183105469,44.690067291259766,6497400,UNH
2012-03-14,55.15999984741211,55.869998931884766,55.040000915527344,55.779998779296875,45.05354690551758,6684000,UNH
2012-03-15,55.900001525878906,56.25,55.540000915527344,55.709999084472656,44.99698257446289,4598700,UNH
2012-03-16,55.58000183105469,55.81999969482422,55.400001525878906,55.59000015258789,44.90007019042969,8510100,UNH
2012-03-19,56.310001373291016,56.34000015258789,55.79999923706055,56.130001068115234,45.33622360229492,5347700,UNH
2012-03-20,55.93000030517578,56.029998779296875,54.72999954223633,54.779998779296875,44.24583053588867,5378100,UNH
2012-03-21,54.9900016784668,54.9900016784668,53.959999084472656,53.970001220703125,43.59159469604492,6252500,UNH
2012-03-22,53.619998931884766,54.209999084472656,53.400001525878906,53.880001068115234,43.51890563964844,7550900,UNH
2012-03-23,53.869998931884766,53.9900016784668,53.52000045776367,53.65999984741211,43.341209411621094,6471200,UNH
2012-03-26,53.88999938964844,55.099998474121094,53.86000061035156,55.099998474121094,44.50429153442383,5098400,UNH
2012-03-27,55.25,55.56999969482422,54.18000030517578,55.43000030517578,44.77083206176758,7455900,UNH
2012-03-28,55.38999938964844,55.959999084472656,54.880001068115234,55.439998626708984,44.77891540527344,5435300,UNH
2012-03-29,55.0,58.31999969482422,54.97999954223633,58.11000061035156,46.935462951660156,17258500,UNH
2012-03-30,57.970001220703125,59.43000030517578,57.7400016784668,58.939998626708984,47.60586929321289,10802600,UNH
2012-04-02,58.939998626708984,59.27000045776367,58.11000061035156,59.119998931884766,47.75126266479492,9105900,UNH
2012-04-03,59.02000045776367,59.61000061035156,58.720001220703125,59.400001525878906,47.977413177490234,7948100,UNH
2012-04-04,59.15999984741211,59.279998779296875,58.66999816894531,59.060001373291016,47.702789306640625,4791300,UNH
2012-04-05,58.81999969482422,59.189998626708984,58.599998474121094,59.0099983215332,47.66239547729492,4826800,UNH
2012-04-09,58.52000045776367,58.869998931884766,58.0099983215332,58.13999938964844,46.9597053527832,4755600,UNH
2012-04-10,57.959999084472656,58.33000183105469,57.220001220703125,57.560001373291016,46.491249084472656,5841700,UNH
2012-04-11,58.08000183105469,58.540000915527344,57.849998474121094,58.02000045776367,46.8627815246582,6496000,UNH
2012-04-12,58.029998779296875,58.619998931884766,57.720001220703125,58.459999084472656,47.218170166015625,4303200,UNH
2012-04-13,58.38999938964844,58.54999923706055,57.7400016784668,58.04999923706055,46.88701629638672,5655400,UNH
2012-04-16,58.349998474121094,58.349998474121094,57.36000061035156,57.36000061035156,46.32970428466797,6628000,UNH
2012-04-17,57.61000061035156,58.400001525878906,57.29999923706055,58.099998474121094,46.92741012573242,5896300,UNH
2012-04-18,57.70000076293945,57.70000076293945,57.11000061035156,57.31999969482422,46.297386169433594,6551300,UNH
2012-04-19,57.279998779296875,59.349998474121094,56.9900016784668,58.709999084472656,47.42008972167969,10754500,UNH
2012-04-20,59.15999984741211,59.709999084472656,58.93000030517578,59.5099983215332,48.066261291503906,8378800,UNH
2012-04-23,59.040000915527344,59.33000183105469,58.900001525878906,59.189998626708984,47.807796478271484,4471400,UNH
2012-04-24,59.02000045776367,59.20000076293945,58.470001220703125,58.720001220703125,47.42817306518555,5030600,UNH
2012-04-25,58.790000915527344,59.5,58.66999816894531,58.869998931884766,47.54932403564453,6091300,UNH
2012-04-26,56.939998626708984,58.66999816894531,56.470001220703125,58.369998931884766,47.14545440673828,9384700,UNH
2012-04-27,58.61000061035156,58.7400016784668,57.59000015258789,57.90999984741211,46.77394485473633,7509600,UNH
2012-04-30,56.95000076293945,57.47999954223633,55.47999954223633,56.150001525878906,45.35239028930664,9874300,UNH
2012-05-01,56.27000045776367,57.38999938964844,56.150001525878906,57.130001068115234,46.1439208984375,4887100,UNH
2012-05-02,56.77000045776367,57.41999816894531,56.56999969482422,56.65999984741211,45.764312744140625,5175400,UNH
2012-05-03,56.52000045776367,56.52000045776367,55.38999938964844,55.720001220703125,45.00506591796875,7296800,UNH
2012-05-04,55.650001525878906,55.72999954223633,54.65999984741211,54.720001220703125,44.19737243652344,5787500,UNH
2012-05-07,54.349998474121094,55.43000030517578,54.2599983215332,55.25,44.62546157836914,4076600,UNH
2012-05-08,55.2400016784668,55.970001220703125,54.90999984741211,55.81999969482422,45.085838317871094,4702900,UNH
2012-05-09,55.369998931884766,55.959999084472656,54.849998474121094,55.220001220703125,44.601219177246094,6635800,UNH
2012-05-10,55.560001373291016,55.86000061035156,55.029998779296875,55.290000915527344,44.657745361328125,4030800,UNH
2012-05-11,55.20000076293945,55.63999938964844,55.02000045776367,55.20000076293945,44.5850715637207,3937800,UNH
2012-05-14,54.81999969482422,55.56999969482422,54.56999969482422,55.15999984741211,44.552764892578125,4634300,UNH
2012-05-15,55.02000045776367,55.70000076293945,54.7599983215332,54.939998626708984,44.37506866455078,5514500,UNH
2012-05-16,55.040000915527344,55.290000915527344,54.84000015258789,54.900001525878906,44.34275436401367,4036200,UNH
2012-05-17,55.06999969482422,55.459999084472656,54.72999954223633,54.880001068115234,44.32661056518555,5465300,UNH
2012-05-18,54.88999938964844,55.34000015258789,53.779998779296875,53.9900016784668,43.60773468017578,6420400,UNH
2012-05-21,54.09000015258789,55.599998474121094,54.08000183105469,55.54999923706055,44.86776351928711,4825900,UNH
2012-05-22,55.7599983215332,56.630001068115234,55.5,55.720001220703125,45.00506591796875,5832200,UNH
2012-05-23,55.45000076293945,55.880001068115234,54.70000076293945,55.36000061035156,44.71430206298828,4671800,UNH
2012-05-24,55.029998779296875,56.7400016784668,55.0099983215332,56.220001220703125,45.40892791748047,7192400,UNH
2012-05-25,56.16999816894531,56.560001373291016,55.869998931884766,56.119998931884766,45.328155517578125,4306500,UNH
2012-05-29,56.08000183105469,56.25,55.5,56.150001525878906,45.35239028930664,5005900,UNH
2012-05-30,56.0,56.470001220703125,55.779998779296875,56.16999816894531,45.36853790283203,4398100,UNH
2012-05-31,56.209999084472656,56.33000183105469,55.459999084472656,55.77000045776367,45.04546356201172,6343300,UNH
2012-06-01,55.220001220703125,55.900001525878906,54.939998626708984,55.040000915527344,44.45583724975586,5703900,UNH
2012-06-04,54.77000045776367,55.349998474121094,54.689998626708984,54.90999984741211,44.350826263427734,5508000,UNH
2012-06-05,54.84000015258789,56.20000076293945,54.720001220703125,56.040000915527344,45.263545989990234,6112200,UNH
2012-06-06,56.61000061035156,57.70000076293945,56.5,57.70000076293945,46.60431671142578,6776600,UNH
2012-06-07,57.79999923706055,58.38999938964844,57.400001525878906,57.45000076293945,46.40238571166992,7249100,UNH
2012-06-08,56.84000015258789,58.38999938964844,56.84000015258789,58.0,46.84661102294922,6406900,UNH
2012-06-11,58.220001220703125,58.380001068115234,57.400001525878906,57.459999084472656,46.41046142578125,6236300,UNH
2012-06-12,57.470001220703125,58.130001068115234,57.0,57.84000015258789,46.71739959716797,6023900,UNH
2012-06-13,57.720001220703125,58.529998779296875,57.56999969482422,58.0099983215332,47.027896881103516,6373600,UNH
2012-06-14,58.16999816894531,59.380001068115234,57.88999938964844,59.25,48.03314208984375,6649800,UNH
2012-06-15,59.689998626708984,59.849998474121094,58.5099983215332,58.900001525878906,47.7493896484375,9021000,UNH
2012-06-18,58.790000915527344,59.470001220703125,58.18000030517578,59.41999816894531,48.17095184326172,9718000,UNH
2012-06-19,59.58000183105469,60.75,59.369998931884766,60.2599983215332,48.851932525634766,8602400,UNH
2012-06-20,59.95000076293945,60.22999954223633,59.29999923706055,59.599998474121094,48.31688690185547,4344500,UNH
2012-06-21,59.83000183105469,60.040000915527344,58.27000045776367,58.34000015258789,47.295406341552734,5320500,UNH
2012-06-22,58.5,59.529998779296875,58.40999984741211,59.06999969482422,47.88721466064453,7494300,UNH
2012-06-25,58.59000015258789,59.099998474121094,57.650001525878906,57.689998626708984,46.768470764160156,6884400,UNH
2012-06-26,57.65999984741211,59.15999984741211,57.22999954223633,58.79999923706055,47.6683349609375,7458200,UNH
2012-06-27,59.5,60.599998474121094,58.81999969482422,59.290000915527344,48.0655632019043,7088700,UNH
2012-06-28,58.869998931884766,60.5,55.34000015258789,59.599998474121094,48.31688690185547,25319900,UNH
2012-06-29,60.34000015258789,60.599998474121094,57.869998931884766,58.5,47.42512130737305,11121700,UNH
2012-07-02,58.88999938964844,59.310001373291016,55.959999084472656,56.2599983215332,45.60919952392578,12997500,UNH
2012-07-03,56.38999938964844,56.72999954223633,54.7400016784668,54.880001068115234,44.49044418334961,8460200,UNH
2012-07-05,54.880001068115234,56.15999984741211,54.86000061035156,55.810001373291016,45.24437713623047,6937800,UNH
2012-07-06,55.290000915527344,55.939998626708984,55.150001525878906,55.81999969482422,45.252479553222656,4458600,UNH
2012-07-09,56.290000915527344,56.65999984741211,55.529998779296875,56.09000015258789,45.47138214111328,4241500,UNH
2012-07-10,56.27000045776367,56.439998626708984,55.2400016784668,55.70000076293945,45.15520095825195,5662700,UNH
2012-07-11,55.77000045776367,56.290000915527344,55.70000076293945,56.040000915527344,45.43083572387695,5316400,UNH
2012-07-12,55.880001068115234,55.900001525878906,54.439998626708984,54.56999969482422,44.2391242980957,6079200,UNH
2012-07-13,54.61000061035156,55.54999923706055,54.56999969482422,55.20000076293945,44.74985885620117,5053000,UNH
2012-07-16,55.18000030517578,55.279998779296875,54.720001220703125,55.15999984741211,44.71743392944336,3170100,UNH
2012-07-17,55.209999084472656,56.20000076293945,54.88999938964844,55.900001525878906,45.317344665527344,6180000,UNH
2012-07-18,55.540000915527344,56.47999954223633,54.869998931884766,56.349998474121094,45.68215560913086,5090200,UNH
2012-07-19,57.38999938964844,57.599998474121094,53.630001068115234,54.9900016784668,44.57960891723633,16696600,UNH
2012-07-20,54.869998931884766,55.83000183105469,54.86000061035156,55.40999984741211,44.92011642456055,8367300,UNH
2012-07-23,54.369998931884766,55.060001373291016,53.970001220703125,54.5099983215332,44.190486907958984,6037000,UNH
2012-07-24,54.63999938964844,55.099998474121094,54.310001373291016,54.900001525878906,44.506649017333984,7561100,UNH
2012-07-25,51.5,52.959999084472656,51.0099983215332,52.47999954223633,42.54479217529297,19603900,UNH
2012-07-26,53.119998931884766,53.349998474121094,50.88999938964844,52.0099983215332,42.16376495361328,10510600,UNH
2012-07-27,51.810001373291016,53.5099983215332,51.689998626708984,53.34000015258789,43.24198913574219,8569900,UNH
2012-07-30,53.31999969482422,53.709999084472656,52.88999938964844,53.2599983215332,43.1771240234375,4405400,UNH
2012-07-31,52.7400016784668,53.189998626708984,51.08000183105469,51.09000015258789,41.417938232421875,9879500,UNH
2012-08-01,51.209999084472656,51.91999816894531,50.75,51.209999084472656,41.515220642089844,7617600,UNH
2012-08-02,50.75,51.7599983215332,50.31999969482422,51.099998474121094,41.426055908203125,7320500,UNH
2012-08-03,51.380001068115234,52.25,50.619998931884766,51.61000061035156,41.83949661254883,6408000,UNH
2012-08-06,51.86000061035156,52.08000183105469,50.970001220703125,51.0,41.34497833251953,4982600,UNH
2012-08-07,51.380001068115234,52.779998779296875,51.209999084472656,52.540000915527344,42.593448638916016,6590800,UNH
2012-08-08,52.29999923706055,52.900001525878906,51.90999984741211,52.72999954223633,42.74746322631836,5718000,UNH
2012-08-09,52.56999969482422,52.790000915527344,51.689998626708984,52.02000045776367,42.171875,4890700,UNH
2012-08-10,51.84000015258789,52.11000061035156,51.70000076293945,51.900001525878906,42.074607849121094,5381700,UNH
2012-08-13,51.63999938964844,52.0,51.40999984741211,51.900001525878906,42.074607849121094,4259900,UNH
2012-08-14,52.189998626708984,52.27000045776367,51.810001373291016,51.970001220703125,42.131351470947266,3460200,UNH
2012-08-15,51.900001525878906,52.90999984741211,51.810001373291016,52.81999969482422,42.82042694091797,4647300,UNH
2012-08-16,52.84000015258789,53.529998779296875,52.779998779296875,53.38999938964844,43.28252410888672,5598900,UNH
2012-08-17,53.63999938964844,53.63999938964844,52.880001068115234,53.130001068115234,43.07174301147461,4653600,UNH
2012-08-20,52.970001220703125,53.619998931884766,52.75,53.20000076293945,43.12849044799805,4930500,UNH
2012-08-21,53.439998626708984,53.900001525878906,53.25,53.41999816894531,43.30683135986328,5323300,UNH
2012-08-22,53.43000030517578,54.099998474121094,53.349998474121094,53.970001220703125,43.75271224975586,5367100,UNH
2012-08-23,53.9900016784668,54.349998474121094,53.7599983215332,53.91999816894531,43.712181091308594,4450300,UNH
2012-08-24,53.869998931884766,54.33000183105469,53.810001373291016,54.15999984741211,43.90673828125,4143200,UNH
2012-08-27,54.119998931884766,54.9900016784668,53.880001068115234,54.61000061035156,44.27155685424805,4773600,UNH
2012-08-28,54.400001525878906,54.79999923706055,54.209999084472656,54.33000183105469,44.04457473754883,4611700,UNH
2012-08-29,54.529998779296875,54.970001220703125,54.369998931884766,54.63999938964844,44.29586410522461,4611900,UNH
2012-08-30,54.459999084472656,54.91999816894531,54.27000045776367,54.689998626708984,44.33640670776367,5188200,UNH
2012-08-31,54.84000015258789,55.029998779296875,54.209999084472656,54.29999923706055,44.02024459838867,5070900,UNH
2012-09-04,54.400001525878906,54.68000030517578,54.0,54.560001373291016,44.23101806640625,4233900,UNH
2012-09-05,54.7400016784668,54.93000030517578,54.18000030517578,54.279998779296875,44.0040283203125,4166100,UNH
2012-09-06,54.54999923706055,54.9900016784668,54.5,54.88999938964844,44.498558044433594,3741600,UNH
2012-09-07,54.970001220703125,55.2599983215332,54.70000076293945,54.880001068115234,44.49044418334961,3732700,UNH
2012-09-10,55.0099983215332,55.0099983215332,53.540000915527344,53.7400016784668,43.56625747680664,5447700,UNH
2012-09-11,53.709999084472656,53.93000030517578,52.689998626708984,52.79999923706055,42.80421447753906,6575400,UNH
2012-09-12,52.68000030517578,53.31999969482422,52.68000030517578,52.81999969482422,42.99386978149414,4834000,UNH
2012-09-13,52.63999938964844,53.970001220703125,52.58000183105469,53.88999938964844,43.864830017089844,6316500,UNH
2012-09-14,54.70000076293945,55.27000045776367,53.77000045776367,54.25,44.15784454345703,15735800,UNH
2012-09-17,54.59000015258789,54.63999938964844,54.0099983215332,54.47999954223633,44.345069885253906,5481600,UNH
2012-09-18,54.33000183105469,55.43000030517578,54.29999923706055,55.130001068115234,44.874141693115234,6600300,UNH
2012-09-19,55.060001373291016,55.31999969482422,54.72999954223633,54.95000076293945,44.72762680053711,6195400,UNH
2012-09-20,54.689998626708984,54.970001220703125,54.40999984741211,54.939998626708984,44.719486236572266,5776100,UNH
2012-09-21,55.09000015258789,56.220001220703125,54.90999984741211,56.18000030517578,45.72880554199219,26628600,UNH
2012-09-24,56.08000183105469,56.63999938964844,55.849998474121094,55.97999954223633,45.56602096557617,6443800,UNH
2012-09-25,56.220001220703125,56.5,55.84000015258789,56.20000076293945,45.745086669921875,6343300,UNH
2012-09-26,56.34000015258789,56.75,55.75,55.779998779296875,45.403221130371094,5562000,UNH
2012-09-27,56.290000915527344,56.439998626708984,55.70000076293945,56.2400016784668,45.77764129638672,4245400,UNH
2012-09-28,55.95000076293945,55.97999954223633,55.18000030517578,55.40999984741211,45.10205841064453,5838100,UNH
2012-10-01,55.720001220703125,56.560001373291016,55.52000045776367,56.459999084472656,45.95670700073242,4424400,UNH
2012-10-02,56.459999084472656,56.88999938964844,56.310001373291016,56.79999923706055,46.23345184326172,3828700,UNH
2012-10-03,56.97999954223633,57.150001525878906,56.630001068115234,56.86000061035156,46.28230667114258,4662900,UNH
2012-10-04,57.150001525878906,58.150001525878906,57.0099983215332,57.970001220703125,47.18581008911133,6897300,UNH
2012-10-05,58.099998474121094,58.150001525878906,56.84000015258789,57.130001068115234,46.5020751953125,6078300,UNH
2012-10-08,57.59000015258789,58.290000915527344,57.31999969482422,57.599998474121094,46.8846321105957,6050700,UNH
2012-10-09,57.599998474121094,57.84000015258789,57.099998474121094,57.470001220703125,46.77882385253906,5093300,UNH
2012-10-10,57.41999816894531,57.7599983215332,56.93000030517578,57.11000061035156,46.485782623291016,4141500,UNH
2012-10-11,57.540000915527344,58.18000030517578,57.33000183105469,57.65999984741211,46.93348693847656,5035900,UNH
2012-10-12,57.75,57.75,56.91999816894531,57.06999969482422,46.45323944091797,4283900,UNH
2012-10-15,57.13999938964844,57.790000915527344,56.91999816894531,57.4900016784668,46.795108795166016,4193300,UNH
2012-10-16,57.189998626708984,57.849998474121094,56.2599983215332,56.880001068115234,46.298587799072266,7531600,UNH
2012-10-17,57.58000183105469,57.70000076293945,55.650001525878906,55.9900016784668,45.57414627075195,6255200,UNH
2012-10-18,55.79999923706055,56.43000030517578,55.7599983215332,56.0099983215332,45.59042739868164,5384500,UNH
2012-10-19,56.0099983215332,56.09000015258789,55.369998931884766,55.65999984741211,45.305545806884766,5704800,UNH
2012-10-22,55.52000045776367,56.630001068115234,55.45000076293945,56.540000915527344,46.021846771240234,5723600,UNH
2012-10-23,56.08000183105469,56.31999969482422,55.349998474121094,56.18000030517578,45.72880554199219,5557400,UNH
2012-10-24,56.439998626708984,56.66999816894531,55.77000045776367,55.91999816894531,45.51716995239258,4545000,UNH
2012-10-25,55.939998626708984,56.720001220703125,55.79999923706055,56.209999084472656,45.753231048583984,4701900,UNH
2012-10-26,56.13999938964844,56.2599983215332,55.34000015258789,55.779998779296875,45.403221130371094,3346700,UNH
2012-10-31,56.13999938964844,56.15999984741211,55.5099983215332,56.0,45.58228302001953,4157700,UNH
2012-11-01,55.86000061035156,57.09000015258789,55.86000061035156,56.95000076293945,46.355567932128906,4833700,UNH
2012-11-02,57.02000045776367,57.2400016784668,55.9900016784668,56.04999923706055,45.62299346923828,4948200,UNH
2012-11-05,56.2599983215332,56.400001525878906,54.83000183105469,55.279998779296875,44.99622344970703,6149600,UNH
2012-11-06,55.279998779296875,56.4900016784668,54.650001525878906,56.38999938964844,45.89974594116211,4880800,UNH
2012-11-07,55.380001068115234,55.400001525878906,53.38999938964844,54.2599983215332,44.16598892211914,13812600,UNH
2012-11-08,54.349998474121094,54.97999954223633,53.41999816894531,53.439998626708984,43.49852752685547,8846100,UNH
2012-11-09,53.36000061035156,54.0,52.63999938964844,52.900001525878906,43.058990478515625,8585800,UNH
2012-11-12,53.040000915527344,53.5099983215332,52.04999923706055,52.20000076293945,42.48921585083008,5944000,UNH
2012-11-13,52.040000915527344,52.97999954223633,52.0,52.189998626708984,42.4810676574707,5669900,UNH
2012-11-14,52.38999938964844,52.43000030517578,51.099998474121094,51.25,41.7159309387207,5792500,UNH
2012-11-15,51.27000045776367,51.720001220703125,51.09000015258789,51.25,41.7159309387207,6668600,UNH
2012-11-16,51.25,52.189998626708984,51.13999938964844,51.900001525878906,42.24501419067383,6388000,UNH
2012-11-19,52.22999954223633,52.90999984741211,51.849998474121094,52.90999984741211,43.06712341308594,5868900,UNH
2012-11-20,52.91999816894531,53.18000030517578,52.65999984741211,53.13999938964844,43.25433349609375,4737800,UNH
2012-11-21,53.20000076293945,53.70000076293945,52.81999969482422,53.529998779296875,43.57177734375,5097000,UNH
2012-11-23,53.66999816894531,53.93000030517578,53.5,53.91999816894531,43.88923645019531,1709300,UNH
2012-11-26,52.9900016784668,53.61000061035156,52.7599983215332,53.529998779296875,43.57177734375,5692900,UNH
2012-11-27,53.130001068115234,53.83000183105469,52.54999923706055,52.59000015258789,42.80667495727539,7859400,UNH
2012-11-28,52.27000045776367,53.2400016784668,52.2400016784668,52.75,42.93689727783203,5744200,UNH
2012-11-29,53.2599983215332,54.59000015258789,53.0,54.36000061035156,44.24739074707031,10911600,UNH
2012-11-30,54.18000030517578,54.880001068115234,54.06999969482422,54.38999938964844,44.27179718017578,7818600,UNH
2012-12-03,54.560001373291016,54.95000076293945,53.83000183105469,53.88999938964844,43.864830017089844,3861300,UNH
2012-12-04,53.959999084472656,54.2400016784668,53.52000045776367,53.540000915527344,43.57992172241211,5948900,UNH
2012-12-05,53.72999954223633,54.22999954223633,53.61000061035156,53.84000015258789,43.824134826660156,4495100,UNH
2012-12-06,53.900001525878906,53.900001525878906,53.279998779296875,53.650001525878906,43.66946029663086,3771900,UNH
2012-12-07,53.79999923706055,53.900001525878906,53.38999938964844,53.869998931884766,44.02332305908203,4206200,UNH
2012-12-10,53.869998931884766,54.33000183105469,53.7400016784668,54.189998626708984,44.28483200073242,4113500,UNH
2012-12-11,54.25,54.97999954223633,54.08000183105469,54.7599983215332,44.750640869140625,4970400,UNH
2012-12-12,55.0,55.81999969482422,54.900001525878906,55.25,45.15107727050781,7054000,UNH
2012-12-13,55.220001220703125,55.38999938964844,54.310001373291016,54.380001068115234,44.44009017944336,4911800,UNH
2012-12-14,54.16999816894531,54.529998779296875,53.91999816894531,54.04999923706055,44.17042922973633,3468700,UNH
2012-12-17,54.08000183105469,54.54999923706055,53.97999954223633,54.36000061035156,44.42374801635742,6336900,UNH
2012-12-18,54.619998931884766,55.34000015258789,54.470001220703125,54.95000076293945,44.905914306640625,4637800,UNH
2012-12-19,55.119998931884766,55.119998931884766,54.43000030517578,54.4900016784668,44.529998779296875,5537600,UNH
2012-12-20,54.47999954223633,55.5099983215332,54.45000076293945,55.459999084472656,45.32268142700195,5025900,UNH
2012-12-21,55.380001068115234,55.52000045776367,54.43000030517578,55.029998779296875,44.971290588378906,9440100,UNH
2012-12-24,54.79999923706055,55.04999923706055,54.529998779296875,54.849998474121094,44.824188232421875,1713900,UNH
2012-12-26,54.79999923706055,54.849998474121094,54.119998931884766,54.220001220703125,44.30935287475586,3232400,UNH
2012-12-27,54.119998931884766,54.59000015258789,53.95000076293945,54.439998626708984,44.48912811279297,3245700,UNH
2012-12-28,54.09000015258789,54.63999938964844,53.79999923706055,53.86000061035156,44.01515197753906,3137400,UNH
2012-12-31,53.630001068115234,54.2599983215332,53.4900016784668,54.2400016784668,44.3256950378418,4948700,UNH
2013-01-02,54.880001068115234,55.0,54.0099983215332,54.540000915527344,44.57085037231445,5358100,UNH
2013-01-03,53.439998626708984,53.52000045776367,51.849998474121094,51.9900016784668,42.4869499206543,14413200,UNH
2013-01-04,52.20000076293945,52.72999954223633,52.060001373291016,52.09000015258789,42.56867980957031,10458000,UNH
2013-01-07,51.880001068115234,52.33000183105469,51.54999923706055,52.09000015258789,42.56867980957031,7804500,UNH
2013-01-08,52.0,52.2400016784668,51.36000061035156,51.400001525878906,42.00480651855469,8196200,UNH
2013-01-09,51.59000015258789,52.5,51.5,52.369998931884766,42.7974967956543,5154300,UNH
2013-01-10,52.52000045776367,53.189998626708984,52.33000183105469,53.11000061035156,43.402252197265625,6506500,UNH
2013-01-11,53.400001525878906,53.400001525878906,52.33000183105469,52.81999969482422,43.16524124145508,10182500,UNH
2013-01-14,52.869998931884766,54.41999816894531,52.599998474121094,53.36000061035156,43.606544494628906,7119900,UNH
2013-01-15,53.220001220703125,53.849998474121094,53.209999084472656,53.619998931884766,43.81901168823242,5802900,UNH
2013-01-16,53.63999938964844,53.79999923706055,53.34000015258789,53.65999984741211,43.85170364379883,6474500,UNH
2013-01-17,53.7599983215332,54.529998779296875,53.16999816894531,54.400001525878906,44.456443786621094,14438900,UNH
2013-01-18,54.400001525878906,54.630001068115234,54.220001220703125,54.560001373291016,44.58720397949219,7023900,UNH
2013-01-22,54.650001525878906,56.09000015258789,54.560001373291016,56.02000045776367,45.78033447265625,9330000,UNH
2013-01-23,56.11000061035156,56.25,55.45000076293945,55.90999984741211,45.690425872802734,6665700,UNH
2013-01-24,56.029998779296875,56.439998626708984,55.900001525878906,56.220001220703125,45.94377517700195,4221700,UNH
2013-01-25,56.36000061035156,56.380001068115234,55.720001220703125,56.040000915527344,45.79667282104492,5604700,UNH
2013-01-28,56.41999816894531,56.529998779296875,55.79999923706055,55.810001373291016,45.60871505737305,5736900,UNH
2013-01-29,55.75,56.689998626708984,55.68000030517578,56.279998779296875,45.99281311035156,7317600,UNH
2013-01-30,56.25,56.439998626708984,55.91999816894531,56.08000183105469,45.8293571472168,6269200,UNH
2013-01-31,55.84000015258789,56.040000915527344,55.209999084472656,55.209999084472656,45.11839294433594,6957500,UNH
2013-02-01,55.7400016784668,55.84000015258789,55.369998931884766,55.77000045776367,45.576026916503906,6369500,UNH
2013-02-04,55.31999969482422,56.369998931884766,55.31999969482422,55.75,45.55968475341797,4795700,UNH
2013-02-05,57.06999969482422,57.83000183105469,56.83000183105469,57.77000045776367,47.21045684814453,8645500,UNH
2013-02-06,57.439998626708984,57.540000915527344,57.099998474121094,57.380001068115234,46.89173889160156,5266100,UNH
2013-02-07,57.36000061035156,57.5,56.650001525878906,57.04999923706055,46.62206268310547,6050700,UNH
2013-02-08,57.15999984741211,58.2599983215332,57.119998931884766,57.7400016784668,47.18593215942383,4554600,UNH
2013-02-11,57.560001373291016,57.709999084472656,57.04999923706055,57.119998931884766,46.67926025390625,4166800,UNH
2013-02-12,57.20000076293945,57.380001068115234,56.93000030517578,57.0099983215332,46.5893669128418,4448600,UNH
2013-02-13,57.0099983215332,57.369998931884766,56.75,57.22999954223633,46.769161224365234,4261200,UNH
2013-02-14,57.0099983215332,57.220001220703125,56.75,57.04999923706055,46.62206268310547,5173800,UNH
2013-02-15,57.060001373291016,57.4900016784668,57.040000915527344,57.31999969482422,46.842708587646484,5750400,UNH
2013-02-19,54.20000076293945,56.880001068115234,54.040000915527344,56.65999984741211,46.30335235595703,14566200,UNH
2013-02-20,56.5099983215332,56.58000183105469,55.189998626708984,55.209999084472656,45.11839294433594,7542900,UNH
2013-02-21,55.56999969482422,55.939998626708984,54.880001068115234,55.2400016784668,45.14289093017578,6357300,UNH
2013-02-22,55.400001525878906,55.40999984741211,54.25,54.470001220703125,44.5136604309082,8400700,UNH
2013-02-25,54.689998626708984,54.75,53.290000915527344,53.29999923706055,43.5575065612793,6807800,UNH
2013-02-26,53.5099983215332,53.599998474121094,52.5099983215332,53.04999923706055,43.353206634521484,6325100,UNH
2013-02-27,52.959999084472656,54.0099983215332,52.93000030517578,53.869998931884766,44.02332305908203,5133800,UNH
2013-02-28,53.81999969482422,53.959999084472656,53.38999938964844,53.45000076293945,43.680091857910156,5879800,UNH
2013-03-01,53.34000015258789,53.790000915527344,52.880001068115234,53.52000045776367,43.7373046875,6972100,UNH
2013-03-04,53.310001373291016,53.5,53.130001068115234,53.31999969482422,43.5738525390625,4783000,UNH
2013-03-05,53.43000030517578,53.84000015258789,53.18000030517578,53.5,43.720951080322266,4911700,UNH
2013-03-06,53.560001373291016,53.939998626708984,53.349998474121094,53.61000061035156,43.81084442138672,5562600,UNH
2013-03-07,53.7599983215332,54.18000030517578,53.689998626708984,53.79999923706055,43.96611404418945,4455700,UNH
2013-03-08,53.970001220703125,54.25,53.52000045776367,53.810001373291016,43.97427749633789,4584400,UNH
2013-03-11,53.83000183105469,54.63999938964844,53.75,54.209999084472656,44.301170349121094,4008700,UNH
2013-03-12,54.16999816894531,55.0,54.08000183105469,54.83000183105469,44.80784225463867,5466300,UNH
2013-03-13,54.68000030517578,54.880001068115234,54.349998474121094,54.47999954223633,44.69463348388672,4343000,UNH
2013-03-14,54.58000183105469,54.810001373291016,54.060001373291016,54.72999954223633,44.89971923828125,5066800,UNH
2013-03-15,54.630001068115234,54.900001525878906,54.41999816894531,54.72999954223633,44.89971923828125,7888300,UNH
2013-03-18,54.29999923706055,55.470001220703125,54.279998779296875,55.0,45.1212272644043,5974200,UNH
2013-03-19,55.0,55.400001525878906,54.91999816894531,55.16999816894531,45.260704040527344,5486600,UNH
2013-03-20,55.470001220703125,55.529998779296875,54.810001373291016,54.880001068115234,45.02278518676758,4528800,UNH
2013-03-21,54.689998626708984,55.349998474121094,54.630001068115234,55.060001373291016,45.17046356201172,4953700,UNH
2013-03-22,55.13999938964844,55.29999923706055,54.22999954223633,54.459999084472656,44.678226470947266,5415900,UNH
2013-03-25,54.650001525878906,55.119998931884766,54.439998626708984,54.86000061035156,45.00637435913086,5142500,UNH
2013-03-26,55.13999938964844,55.779998779296875,55.09000015258789,55.650001525878906,45.65449523925781,6059700,UNH
2013-03-27,55.54999923706055,57.029998779296875,55.439998626708984,56.619998931884766,46.45025634765625,8525800,UNH
2013-03-28,56.65999984741211,57.310001373291016,56.4900016784668,57.209999084472656,46.93428421020508,5685400,UNH
2013-04-01,57.15999984741211,59.36000061035156,57.0099983215332,58.970001220703125,48.37818145751953,9006100,UNH
2013-04-02,61.630001068115234,63.95000076293945,61.5,61.7400016784668,50.65064239501953,22664600,UNH
2013-04-03,62.40999984741211,62.75,61.619998931884766,61.66999816894531,50.59321212768555,10140400,UNH
2013-04-04,61.75,62.5,61.4900016784668,62.029998779296875,50.8885498046875,7648400,UNH
2013-04-05,61.91999816894531,62.560001373291016,61.650001525878906,62.099998474121094,50.94598388671875,6841300,UNH
2013-04-08,62.06999969482422,62.369998931884766,61.290000915527344,61.88999938964844,50.77369689941406,4545600,UNH
2013-04-09,62.09000015258789,62.56999969482422,61.95000076293945,62.18000030517578,51.01161193847656,4405900,UNH
2013-04-10,62.31999969482422,62.599998474121094,62.09000015258789,62.40999984741211,51.20029830932617,4400600,UNH
2013-04-11,62.38999938964844,63.0,62.33000183105469,62.97999954223633,51.667903900146484,4738900,UNH
2013-04-12,62.83000183105469,63.279998779296875,62.619998931884766,63.029998779296875,51.708927154541016,4162000,UNH
2013-04-15,62.720001220703125,63.0,61.58000183105469,61.59000015258789,50.52756881713867,4625600,UNH
2013-04-16,62.18000030517578,63.0,61.77000045776367,62.810001373291016,51.5284538269043,4976400,UNH
2013-04-17,62.38999938964844,63.150001525878906,61.959999084472656,62.029998779296875,50.8885498046875,8429000,UNH
2013-04-18,59.38999938964844,60.75,58.029998779296875,59.689998626708984,48.96883010864258,14015000,UNH
2013-04-19,59.939998626708984,60.75,59.470001220703125,60.040000915527344,49.2559928894043,6524600,UNH
2013-04-22,59.9900016784668,60.099998474121094,58.63999938964844,59.220001220703125,48.5832633972168,6020900,UNH
2013-04-23,59.470001220703125,59.65999984741211,58.119998931884766,58.540000915527344,48.0254020690918,6277700,UNH
2013-04-24,58.900001525878906,59.25,58.720001220703125,58.790000915527344,48.23049545288086,5883000,UNH
2013-04-25,59.130001068115234,59.40999984741211,58.61000061035156,59.34000015258789,48.68169403076172,5669100,UNH
2013-04-26,59.2599983215332,60.150001525878906,59.130001068115234,59.47999954223633,48.796573638916016,5798100,UNH
2013-04-29,59.95000076293945,60.4900016784668,59.810001373291016,60.0099983215332,49.23134994506836,4861600,UNH
2013-04-30,60.13999938964844,60.380001068115234,59.209999084472656,59.93000030517578,49.16574478149414,5701800,UNH
2013-05-01,59.959999084472656,60.439998626708984,59.29999923706055,59.720001220703125,48.99345397949219,4897800,UNH
2013-05-02,59.709999084472656,60.380001068115234,59.38999938964844,59.47999954223633,48.796573638916016,6072500,UNH
2013-05-03,59.790000915527344,60.029998779296875,58.869998931884766,58.91999816894531,48.33713912963867,5149500,UNH
2013-05-06,59.380001068115234,60.72999954223633,59.31999969482422,60.20000076293945,49.38724136352539,5609600,UNH
2013-05-07,60.08000183105469,61.130001068115234,59.93000030517578,60.5,49.63335418701172,4830700,UNH
2013-05-08,60.31999969482422,62.77000045776367,60.310001373291016,62.5099983215332,51.28232955932617,10032800,UNH
2013-05-09,62.25,62.560001373291016,61.459999084472656,62.0099983215332,50.87214660644531,6416700,UNH
2013-05-10,62.040000915527344,62.9900016784668,61.810001373291016,62.90999984741211,51.61048126220703,5015700,UNH
2013-05-13,62.66999816894531,62.79999923706055,62.2599983215332,62.38999938964844,51.18389129638672,3490400,UNH
2013-05-14,62.29999923706055,62.47999954223633,61.54999923706055,61.72999954223633,50.642425537109375,5390300,UNH
2013-05-15,61.52000045776367,62.279998779296875,61.16999816894531,61.61000061035156,50.54399490356445,6808200,UNH
2013-05-16,61.29999923706055,62.349998474121094,61.20000076293945,62.13999938964844,50.97878646850586,6904800,UNH
2013-05-17,62.25,63.310001373291016,62.220001220703125,62.84000015258789,51.553070068359375,5840800,UNH
2013-05-20,62.72999954223633,62.91999816894531,62.41999816894531,62.560001373291016,51.32335662841797,2688200,UNH
2013-05-21,62.56999969482422,63.029998779296875,62.45000076293945,62.869998931884766,51.577667236328125,3248400,UNH
2013-05-22,62.0,63.27000045776367,61.529998779296875,62.279998779296875,51.09363555908203,6317500,UNH
2013-05-23,62.09000015258789,62.81999969482422,61.81999969482422,62.36000061035156,51.15928649902344,4479100,UNH
2013-05-24,62.02000045776367,62.52000045776367,61.4900016784668,62.060001373291016,50.91315841674805,4697900,UNH
2013-05-28,62.4900016784668,63.58000183105469,62.400001525878906,63.34000015258789,51.96324920654297,5341000,UNH
2013-05-29,63.31999969482422,63.54999923706055,62.810001373291016,63.349998474121094,51.97144317626953,5009100,UNH
2013-05-30,63.43000030517578,64.9000015258789,63.02000045776367,64.66000366210938,53.0461540222168,5671300,UNH
2013-05-31,64.44999694824219,64.8499984741211,62.599998474121094,62.630001068115234,51.38078308105469,5888300,UNH
2013-06-03,62.88999938964844,63.0,62.09000015258789,62.79999923706055,51.5202522277832,3756200,UNH
2013-06-04,62.599998474121094,62.9900016784668,61.91999816894531,62.36000061035156,51.15928649902344,5151100,UNH
2013-06-05,63.0099983215332,63.11000061035156,61.650001525878906,61.75,50.658843994140625,5380100,UNH
2013-06-06,61.75,61.91999816894531,60.95000076293945,61.91999816894531,50.79830551147461,4711400,UNH
2013-06-07,62.27000045776367,62.93000030517578,61.70000076293945,62.56999969482422,51.331565856933594,5214700,UNH
2013-06-10,62.58000183105469,63.900001525878906,62.56999969482422,63.68000030517578,52.24220275878906,5256600,UNH
2013-06-11,63.150001525878906,64.55999755859375,62.70000076293945,63.93000030517578,52.4472770690918,6063400,UNH
2013-06-12,64.23999786376953,64.51000213623047,63.619998931884766,63.83000183105469,52.3652458190918,3891100,UNH
2013-06-13,63.70000076293945,64.20999908447266,63.150001525878906,64.1500015258789,52.859657287597656,4379500,UNH
2013-06-14,64.12999725341797,64.44999694824219,63.59000015258789,63.79999923706055,52.57122802734375,3122600,UNH
2013-06-17,64.29000091552734,65.23999786376953,64.0999984741211,64.37000274658203,53.04092788696289,4975000,UNH
2013-06-18,64.9000015258789,65.70999908447266,64.45999908447266,65.68000030517578,54.12038040161133,5183300,UNH
2013-06-19,65.69999694824219,66.16000366210938,65.2300033569336,65.26000213623047,53.77428436279297,6370200,UNH
2013-06-20,64.80000305175781,64.81999969482422,63.650001525878906,63.79999923706055,52.57122802734375,5748300,UNH
2013-06-21,64.19000244140625,64.83000183105469,63.43000030517578,63.900001525878906,52.65364074707031,7806500,UNH
2013-06-24,63.4900016784668,65.04000091552734,63.459999084472656,64.6500015258789,53.27164077758789,5717100,UNH
2013-06-25,65.02999877929688,65.54000091552734,63.65999984741211,63.72999954223633,52.51356506347656,4959100,UNH
2013-06-26,64.02999877929688,65.05999755859375,64.0199966430664,64.77999877929688,53.378761291503906,4851700,UNH
2013-06-27,65.05999755859375,66.19000244140625,64.95999908447266,66.08999633789062,54.45820236206055,4483600,UNH
2013-06-28,65.62000274658203,66.12999725341797,65.04000091552734,65.4800033569336,53.9555549621582,6867800,UNH
2013-07-01,65.88999938964844,66.36000061035156,65.5199966430664,65.62999725341797,54.07916259765625,3736500,UNH
2013-07-02,65.43000030517578,65.66000366210938,65.05000305175781,65.2699966430664,53.78253173828125,4484800,UNH
2013-07-03,64.95999908447266,65.83999633789062,64.6500015258789,65.54000091552734,54.0050048828125,2271100,UNH
2013-07-05,65.95999908447266,66.19000244140625,65.2699966430664,66.16999816894531,54.524131774902344,2356500,UNH
2013-07-08,66.94999694824219,67.58000183105469,66.36000061035156,67.55999755859375,55.66948699951172,6192500,UNH
2013-07-09,68.0199966430664,68.44999694824219,67.29000091552734,67.97000122070312,56.00733184814453,4275700,UNH
2013-07-10,68.0,68.75,67.61000061035156,67.69000244140625,55.776615142822266,4383900,UNH
2013-07-11,68.2699966430664,68.55000305175781,67.6500015258789,68.36000061035156,56.32868957519531,6588900,UNH
2013-07-12,68.56999969482422,68.73999786376953,67.69000244140625,68.0,56.032047271728516,4645600,UNH
2013-07-15,68.12999725341797,68.19000244140625,67.45999908447266,67.62000274658203,55.71893310546875,3813600,UNH
2013-07-16,67.23999786376953,67.3499984741211,66.55999755859375,66.91000366210938,55.13388442993164,5459600,UNH
2013-07-17,67.01000213623047,67.44000244140625,65.91999816894531,66.2300033569336,54.57355880737305,8904300,UNH
2013-07-18,69.3499984741211,70.8499984741211,68.91000366210938,70.55000305175781,58.13324737548828,14082900,UNH
2013-07-19,70.61000061035156,72.08999633789062,70.16000366210938,71.44999694824219,58.87485122680664,7504900,UNH
2013-07-22,71.55999755859375,72.54000091552734,71.4000015258789,72.18000030517578,59.47637176513672,5038000,UNH
2013-07-23,72.20999908447266,72.73999786376953,71.81999969482422,72.69000244140625,59.89662170410156,3934300,UNH
2013-07-24,72.80999755859375,73.1500015258789,72.18000030517578,72.52999877929688,59.76477813720703,6023300,UNH
2013-07-25,72.08000183105469,72.62000274658203,71.69999694824219,72.62000274658203,59.83894348144531,3840600,UNH
2013-07-26,72.12999725341797,72.58999633789062,71.56999969482422,72.20999908447266,59.50109100341797,3826000,UNH
2013-07-29,72.11000061035156,72.86000061035156,71.95999908447266,72.79000091552734,59.97902297973633,3835300,UNH
2013-07-30,72.87999725341797,73.22000122070312,71.9800033569336,72.2699966430664,59.550537109375,5375400,UNH
2013-07-31,72.47000122070312,73.66000366210938,72.47000122070312,72.8499984741211,60.0284423828125,5964700,UNH
2013-08-01,73.2300033569336,73.5199966430664,72.9000015258789,73.16000366210938,60.28389358520508,3254000,UNH
2013-08-02,73.02999877929688,73.02999877929688,71.93000030517578,72.26000213623047,59.54230499267578,3622500,UNH
2013-08-05,72.36000061035156,73.58000183105469,72.30000305175781,73.33999633789062,60.43220138549805,2871000,UNH
2013-08-06,73.18000030517578,73.37000274658203,72.52999877929688,73.23999786376953,60.349796295166016,3089500,UNH
2013-08-07,73.18000030517578,73.4000015258789,72.62000274658203,72.91999816894531,60.086116790771484,2807300,UNH
2013-08-08,73.1500015258789,73.66999816894531,72.86000061035156,73.18000030517578,60.30038070678711,2171600,UNH
2013-08-09,73.19999694824219,73.58999633789062,72.2699966430664,72.93000030517578,60.09437942504883,2556900,UNH
2013-08-12,72.41000366210938,72.58999633789062,72.01000213623047,72.38999938964844,59.64942932128906,3043300,UNH
2013-08-13,72.43000030517578,73.38999938964844,72.30999755859375,73.3499984741211,60.44046401977539,2627400,UNH
2013-08-14,73.19000244140625,73.30000305175781,72.30999755859375,72.48999786376953,59.7318115234375,3079000,UNH
2013-08-15,71.98999786376953,72.62000274658203,71.37000274658203,71.4000015258789,58.83363342285156,3402000,UNH
2013-08-16,71.1500015258789,71.9800033569336,71.0,71.43000030517578,58.858375549316406,3323600,UNH
2013-08-19,71.52999877929688,72.19999694824219,71.45999908447266,71.70999908447266,59.08909225463867,2794800,UNH
2013-08-20,71.8499984741211,72.83999633789062,71.61000061035156,72.45999908447266,59.70708465576172,3110000,UNH
2013-08-21,72.18000030517578,72.33999633789062,71.47000122070312,71.8499984741211,59.204463958740234,3314200,UNH
2013-08-22,72.04000091552734,72.73999786376953,71.83000183105469,71.97000122070312,59.303321838378906,2959400,UNH
2013-08-23,72.01000213623047,72.72000122070312,71.91000366210938,72.54000091552734,59.77301788330078,3215600,UNH
2013-08-26,72.63999938964844,72.91999816894531,72.27999877929688,72.37999725341797,59.64115524291992,2797700,UNH
2013-08-27,71.94999694824219,72.13999938964844,71.31999969482422,71.5199966430664,58.93252182006836,3626200,UNH
2013-08-28,71.4000015258789,72.16000366210938,71.3499984741211,71.54000091552734,58.94899368286133,3297700,UNH
2013-08-29,71.33999633789062,72.83000183105469,71.1500015258789,72.44000244140625,59.690608978271484,5243500,UNH
2013-08-30,72.45999908447266,72.80999755859375,71.48999786376953,71.73999786376953,59.11380386352539,4186200,UNH
2013-09-03,71.80999755859375,72.7699966430664,71.79000091552734,72.55999755859375,59.78950500488281,3801500,UNH
2013-09-04,72.45999908447266,73.3499984741211,72.19999694824219,73.3499984741211,60.44046401977539,3333600,UNH
2013-09-05,73.33999633789062,74.2300033569336,73.13999938964844,74.04000091552734,61.00901412963867,2861600,UNH
2013-09-06,74.23999786376953,74.79000091552734,72.55000305175781,74.05999755859375,61.02547836303711,3584100,UNH
2013-09-09,74.11000061035156,74.55000305175781,73.77999877929688,74.25,61.18206024169922,2629600,UNH
2013-09-10,74.5999984741211,74.63999938964844,73.83999633789062,74.62999725341797,61.49516677856445,3925400,UNH
2013-09-11,74.58000183105469,75.19000244140625,74.33000183105469,75.18000030517578,62.18165969848633,3819200,UNH
2013-09-12,75.31999969482422,75.5,74.69999694824219,74.73999786376953,61.81774139404297,2823800,UNH
2013-09-13,74.91999816894531,75.25,74.12000274658203,74.4800033569336,61.602699279785156,3421000,UNH
2013-09-16,75.08999633789062,75.87999725341797,74.97000122070312,75.12000274658203,62.13203048706055,4224800,UNH
2013-09-17,75.11000061035156,75.3499984741211,73.93000030517578,74.30999755859375,61.462093353271484,5138100,UNH
2013-09-18,74.1500015258789,74.19000244140625,72.44000244140625,73.04000091552734,60.411685943603516,7725600,UNH
2013-09-19,73.08999633789062,73.12000274658203,70.62000274658203,70.83999633789062,58.59201431274414,8322900,UNH
2013-09-20,70.55000305175781,71.75,70.4000015258789,70.56999969482422,58.36872863769531,9088700,UNH
2013-09-23,70.80000305175781,71.94000244140625,70.62000274658203,71.81999969482422,59.40260696411133,4482500,UNH
2013-09-24,72.18000030517578,72.94000244140625,71.62999725341797,72.31999969482422,59.81614303588867,4855200,UNH
2013-09-25,72.30000305175781,72.66000366210938,71.86000061035156,71.9800033569336,59.53493118286133,4812900,UNH
2013-09-26,72.0,72.80999755859375,71.91999816894531,72.16000366210938,59.68380355834961,2413200,UNH
2013-09-27,71.69999694824219,72.11000061035156,71.5,71.98999786376953,59.543212890625,3548000,UNH
2013-09-30,71.29000091552734,71.66999816894531,71.01000213623047,71.61000061035156,59.228904724121094,4183600,UNH
2013-10-01,71.73999786376953,72.94000244140625,71.6500015258789,72.58000183105469,60.031192779541016,4322300,UNH
2013-10-02,72.23999786376953,72.62999725341797,72.06999969482422,72.56999969482422,60.02289962768555,2705700,UNH
2013-10-03,72.5,72.9800033569336,72.26000213623047,72.5199966430664,59.9815788269043,5038300,UNH
2013-10-04,72.5,73.13999938964844,72.2300033569336,72.98999786376953,60.370304107666016,4297600,UNH
2013-10-07,72.58999633789062,72.69999694824219,72.16000366210938,72.16999816894531,59.692081451416016,4787000,UNH
2013-10-08,72.0,72.41999816894531,71.43000030517578,71.4800033569336,59.12138366699219,6049100,UNH
2013-10-09,71.70999908447266,71.87999725341797,71.18000030517578,71.37999725341797,59.03867721557617,4464100,UNH
2013-10-10,72.12999725341797,73.9800033569336,71.83999633789062,73.9800033569336,61.18913650512695,4894300,UNH
2013-10-11,73.93000030517578,74.2699966430664,73.5,74.2699966430664,61.429012298583984,2935800,UNH
2013-10-14,73.86000061035156,74.80999755859375,73.5199966430664,74.72000122070312,61.80118942260742,2562200,UNH
2013-10-15,74.51000213623047,74.93000030517578,73.76000213623047,73.87000274658203,61.09815216064453,2922900,UNH
2013-10-16,74.5,75.48999786376953,74.37999725341797,75.19000244140625,62.18994903564453,4368600,UNH
2013-10-17,71.7699966430664,72.87999725341797,71.05000305175781,71.37000274658203,59.030399322509766,21810200,UNH
2013-10-18,71.26000213623047,71.3499984741211,67.54000091552734,68.76000213623047,56.871665954589844,21080600,UNH
2013-10-21,68.6500015258789,68.7699966430664,67.08999633789062,68.19999694824219,56.40846633911133,11496900,UNH
2013-10-22,68.22000122070312,69.62999725341797,68.22000122070312,68.86000061035156,56.95437240600586,7647300,UNH
2013-10-23,68.51000213623047,68.61000061035156,67.6500015258789,68.01000213623047,56.2513313293457,8227700,UNH
2013-10-24,68.01000213623047,68.38999938964844,67.18000030517578,67.61000061035156,55.92049789428711,6352500,UNH
2013-10-25,67.51000213623047,68.18000030517578,67.27999877929688,67.62000274658203,55.92876434326172,6892500,UNH
2013-10-28,67.55000305175781,67.80000305175781,66.72000122070312,66.94000244140625,55.366329193115234,6989300,UNH
2013-10-29,66.87999725341797,68.1500015258789,66.8499984741211,68.08000183105469,56.30921936035156,5860000,UNH
2013-10-30,68.12000274658203,68.66999816894531,67.7699966430664,68.01000213623047,56.2513313293457,4360500,UNH
2013-10-31,68.4000015258789,68.70999908447266,67.86000061035156,68.26000213623047,56.45810317993164,4216700,UNH
2013-11-01,68.2699966430664,68.69999694824219,67.94999694824219,68.62999725341797,56.76412582397461,4459000,UNH
2013-11-04,68.77999877929688,69.26000213623047,68.36000061035156,68.94999694824219,57.02880859375,3698700,UNH
2013-11-05,68.5,68.94000244140625,68.2699966430664,68.72000122070312,56.83857345581055,3328700,UNH
2013-11-06,68.87000274658203,71.0199966430664,68.80000305175781,70.29000091552734,58.13714599609375,5479400,UNH
2013-11-07,70.9000015258789,70.9800033569336,69.66000366210938,69.76000213623047,57.69873809814453,4497300,UNH
2013-11-08,69.69999694824219,70.52999877929688,69.63999938964844,70.5,58.310813903808594,3741900,UNH
2013-11-11,70.7300033569336,70.94999694824219,70.29000091552734,70.5,58.310813903808594,3082600,UNH
2013-11-12,70.47000122070312,70.9000015258789,69.87000274658203,69.94999694824219,57.85590362548828,3604800,UNH
2013-11-13,69.94999694824219,71.12999725341797,69.80999755859375,71.01000213623047,58.732635498046875,3879500,UNH
2013-11-14,71.33999633789062,71.5999984741211,70.94000244140625,71.44000244140625,59.088294982910156,3581200,UNH
2013-11-15,71.12999725341797,71.95999908447266,71.08999633789062,71.87000274658203,59.44398498535156,3872600,UNH
2013-11-18,71.97000122070312,72.0999984741211,71.5,71.68000030517578,59.28679656982422,3263700,UNH
2013-11-19,71.76000213623047,71.91000366210938,71.26000213623047,71.61000061035156,59.228904724121094,4260900,UNH
2013-11-20,71.87999725341797,72.86000061035156,71.66000366210938,71.9800033569336,59.53493118286133,5031300,UNH
2013-11-21,72.38999938964844,73.68000030517578,72.37000274658203,72.91000366210938,60.30413055419922,4368000,UNH
2013-11-22,72.91000366210938,73.75,72.80000305175781,73.73999786376953,60.99062728881836,3178400,UNH
2013-11-25,74.0,74.66000366210938,73.79000091552734,74.06999969482422,61.26360321044922,3773900,UNH
2013-11-26,74.20999908447266,74.98999786376953,74.05000305175781,74.5199966430664,61.635799407958984,4635400,UNH
2013-11-27,74.66999816894531,74.93000030517578,74.08000183105469,74.36000061035156,61.50345230102539,3640600,UNH
2013-11-29,74.58999633789062,74.93000030517578,74.2300033569336,74.4800033569336,61.602699279785156,2025600,UNH
2013-12-02,73.63999938964844,74.44999694824219,73.63999938964844,74.16000366210938,61.33802795410156,4276000,UNH
2013-12-03,74.13999938964844,74.13999938964844,72.91999816894531,73.7300033569336,60.982357025146484,5162400,UNH
2013-12-04,73.0199966430664,74.41000366210938,72.54000091552734,73.6500015258789,61.148414611816406,5548700,UNH
2013-12-05,73.31999969482422,73.68000030517578,72.54000091552734,72.75,60.40119552612305,4104700,UNH
2013-12-06,73.2300033569336,73.72000122070312,72.83999633789062,73.5,61.02388000488281,3886000,UNH
2013-12-09,73.5,74.30999755859375,73.43000030517578,73.72000122070312,61.20652389526367,3988600,UNH
2013-12-10,73.69999694824219,74.41000366210938,73.68000030517578,74.05000305175781,61.48051834106445,3741100,UNH
2013-12-11,74.08000183105469,74.0999984741211,71.9000015258789,72.13999938964844,59.894718170166016,7304300,UNH
2013-12-12,72.19000244140625,72.56999969482422,70.91000366210938,71.01000213623047,58.956546783447266,5815300,UNH
2013-12-13,71.19999694824219,71.86000061035156,70.45999908447266,70.4800033569336,58.51650619506836,4737000,UNH
2013-12-16,70.7300033569336,71.37999725341797,70.52999877929688,71.05999755859375,58.998043060302734,4369500,UNH
2013-12-17,71.22000122070312,71.22000122070312,70.19999694824219,70.7300033569336,58.72406005859375,4280100,UNH
2013-12-18,71.02999877929688,72.47000122070312,70.69999694824219,72.37999725341797,60.093994140625,4975700,UNH
2013-12-19,72.16999816894531,72.52999877929688,71.66999816894531,72.38999938964844,60.10230255126953,4359200,UNH
2013-12-20,72.62999725341797,73.7300033569336,72.62000274658203,73.3499984741211,60.89932632446289,7511500,UNH
2013-12-23,73.83999633789062,74.58999633789062,73.70999908447266,74.3499984741211,61.72959518432617,3263100,UNH
2013-12-24,74.19999694824219,74.41999816894531,73.91999816894531,74.12999725341797,61.54694366455078,1253500,UNH
2013-12-26,74.44000244140625,74.97000122070312,74.27999877929688,74.8499984741211,62.14469909667969,2121000,UNH
2013-12-27,75.0,75.31999969482422,74.58000183105469,74.69000244140625,62.01189041137695,2859900,UNH
2013-12-30,74.8499984741211,75.04000091552734,74.30999755859375,74.77999877929688,62.086605072021484,1983800,UNH
2013-12-31,75.0,75.54000091552734,74.62999725341797,75.30000305175781,62.51837158203125,2280000,UNH
2014-01-02,74.91000366210938,75.29000091552734,74.51000213623047,74.56999969482422,61.912269592285156,3067000,UNH
2014-01-03,74.80000305175781,75.76000213623047,74.5999984741211,75.0999984741211,62.352298736572266,3206400,UNH
2014-01-06,75.41999816894531,75.41999816894531,74.12000274658203,74.23999786376953,61.638248443603516,3424500,UNH
2014-01-07,74.94000244140625,77.33000183105469,74.94000244140625,76.51000213623047,63.522945404052734,6542500,UNH
2014-01-08,76.33000183105469,76.45999908447266,75.4800033569336,75.62000274658203,62.78400802612305,6172200,UNH
2014-01-09,75.6500015258789,76.23999786376953,75.6500015258789,76.08000183105469,63.165916442871094,6291500,UNH
2014-01-10,76.19999694824219,76.30000305175781,74.55000305175781,74.69999694824219,62.02019500732422,6632200,UNH
2014-01-13,74.66999816894531,75.0,73.68000030517578,73.94000244140625,61.389190673828125,5248700,UNH
2014-01-14,74.05000305175781,74.33999633789062,73.69000244140625,74.0199966430664,61.455596923828125,5783900,UNH
2014-01-15,73.98999786376953,74.86000061035156,73.98999786376953,74.83999633789062,62.13641357421875,7043300,UNH
2014-01-16,74.12999725341797,74.83999633789062,72.1500015258789,72.76000213623047,60.40947723388672,8892800,UNH
2014-01-17,73.12000274658203,73.12000274658203,72.30000305175781,72.5199966430664,60.210208892822266,5551300,UNH
2014-01-21,72.72000122070312,73.62000274658203,72.41000366210938,73.16000366210938,60.741580963134766,6379300,UNH
2014-01-22,73.83000183105469,73.93000030517578,73.23999786376953,73.4000015258789,60.94085693359375,4864700,UNH
2014-01-23,72.69999694824219,73.69000244140625,72.48999786376953,73.19999694824219,60.77479553222656,5050300,UNH
2014-01-24,72.83000183105469,72.91999816894531,71.37999725341797,71.5999984741211,59.44636154174805,5523600,UNH
2014-01-27,71.30999755859375,72.19999694824219,71.13999938964844,71.6500015258789,59.487876892089844,4233600,UNH
2014-01-28,71.6500015258789,72.36000061035156,71.47000122070312,71.70999908447266,59.5377311706543,2932700,UNH
2014-01-29,71.38999938964844,72.95999908447266,70.83999633789062,71.26000213623047,59.16411209106445,6005100,UNH
2014-01-30,71.69999694824219,73.04000091552734,71.52999877929688,72.80000305175781,60.44268798828125,4254000,UNH
2014-01-31,71.87000274658203,72.3499984741211,71.44999694824219,72.27999877929688,60.010963439941406,4291500,UNH
2014-02-03,72.13999938964844,72.20999908447266,70.63999938964844,70.73999786376953,58.73236846923828,4526100,UNH
2014-02-04,70.80000305175781,71.0,69.80000305175781,70.51000213623047,58.541404724121094,4646100,UNH
2014-02-05,69.94000244140625,71.19999694824219,69.83000183105469,70.81999969482422,58.79878234863281,4394300,UNH
2014-02-06,70.7699966430664,71.05999755859375,70.08999633789062,70.87000274658203,58.840301513671875,4765600,UNH
2014-02-07,70.5,71.6500015258789,70.11000061035156,71.36000061035156,59.24711608886719,6902900,UNH
2014-02-10,70.91000366210938,71.06999969482422,69.56999969482422,69.73999786376953,57.902103424072266,7774000,UNH
2014-02-11,69.76000213623047,70.87000274658203,69.58000183105469,70.62000274658203,58.63274002075195,5543000,UNH
2014-02-12,70.91000366210938,71.30000305175781,69.9800033569336,70.23999786376953,58.3172492980957,4120600,UNH
2014-02-13,70.12999725341797,71.4800033569336,69.93000030517578,71.20999908447266,59.122589111328125,3788000,UNH
2014-02-14,71.16000366210938,73.83999633789062,71.0,73.5199966430664,61.04046630859375,6848800,UNH
2014-02-18,73.5199966430664,74.62000274658203,73.44999694824219,73.83000183105469,61.29788589477539,5538400,UNH
2014-02-19,73.55000305175781,74.30999755859375,73.41999816894531,73.55000305175781,61.06536102294922,3926500,UNH
2014-02-20,73.5999984741211,74.11000061035156,73.2300033569336,73.4800033569336,61.00724411010742,4134000,UNH
2014-02-21,73.43000030517578,74.0999984741211,73.33999633789062,73.80999755859375,61.28125,4552300,UNH
2014-02-24,74.13999938964844,76.7699966430664,74.0,76.01000213623047,63.10782241821289,9559000,UNH
2014-02-25,75.9800033569336,76.13999938964844,75.12999725341797,75.31999969482422,62.534934997558594,3761800,UNH
2014-02-26,75.33000183105469,76.12999725341797,74.77999877929688,76.05999755859375,63.149314880371094,5433200,UNH
2014-02-27,75.77999877929688,76.41000366210938,75.5999984741211,76.0199966430664,63.1161003112793,4227300,UNH
2014-02-28,76.04000091552734,77.70999908447266,75.80000305175781,77.2699966430664,64.15394592285156,6176600,UNH
2014-03-03,76.69999694824219,77.45999908447266,76.52999877929688,77.0999984741211,64.0127944946289,3673400,UNH
2014-03-04,77.73999786376953,78.56999969482422,77.54000091552734,78.12999725341797,64.86795806884766,5164500,UNH
2014-03-05,78.26000213623047,78.5,77.58000183105469,77.98999786376953,64.75172424316406,3917600,UNH
2014-03-06,78.1500015258789,78.33999633789062,77.55000305175781,77.63999938964844,64.46112823486328,4200500,UNH
2014-03-07,78.01000213623047,78.06999969482422,77.04000091552734,77.4000015258789,64.26187896728516,3434700,UNH
2014-03-10,77.27999877929688,77.9000015258789,77.11000061035156,77.87999725341797,64.66040802001953,2986400,UNH
2014-03-11,77.91000366210938,78.44999694824219,77.5199966430664,77.77999877929688,64.577392578125,3471200,UNH
2014-03-12,77.27999877929688,77.69999694824219,77.2300033569336,77.5999984741211,64.66068267822266,2875400,UNH
2014-03-13,77.76000213623047,78.0999984741211,76.95999908447266,77.01000213623047,64.16908264160156,3178600,UNH
2014-03-14,77.0199966430664,77.0199966430664,75.6500015258789,75.69999694824219,63.0775032043457,5128700,UNH
2014-03-17,76.13999938964844,77.0199966430664,76.08999633789062,76.76000213623047,63.96076965332031,3517900,UNH
2014-03-18,76.97000122070312,78.05000305175781,76.7699966430664,78.0,64.99400329589844,3670800,UNH
2014-03-19,78.06999969482422,80.30000305175781,77.94000244140625,79.95999908447266,66.6271743774414,9060100,UNH
2014-03-20,79.58000183105469,81.58999633789062,79.43000030517578,81.52999877929688,67.93540954589844,7786500,UNH
2014-03-21,82.19000244140625,83.31999969482422,81.30000305175781,81.33999633789062,67.77709197998047,11828100,UNH
2014-03-24,81.6500015258789,81.72000122070312,80.86000061035156,81.27999877929688,67.72710418701172,5306200,UNH
2014-03-25,81.58999633789062,82.1500015258789,80.9800033569336,81.0999984741211,67.57709503173828,4588800,UNH
2014-03-26,81.4800033569336,82.30000305175781,81.06999969482422,81.54000091552734,67.94374084472656,6910000,UNH
2014-03-27,81.58000183105469,81.9000015258789,80.77999877929688,81.0199966430664,67.51042938232422,5453900,UNH
2014-03-28,81.4000015258789,82.3499984741211,81.26000213623047,81.62000274658203,68.0103759765625,4787400,UNH
2014-03-31,82.08000183105469,82.2699966430664,81.41000366210938,81.98999786376953,68.3187026977539,3513700,UNH
2014-04-01,82.3499984741211,83.05000305175781,81.58000183105469,81.83999633789062,68.19371795654297,4339800,UNH
2014-04-02,81.54000091552734,81.73999786376953,81.2699966430664,81.61000061035156,68.0020523071289,3832100,UNH
2014-04-03,81.6500015258789,82.3499984741211,81.5999984741211,82.25,68.53534698486328,4214700,UNH
2014-04-04,82.69000244140625,82.93000030517578,81.37000274658203,81.52999877929688,67.93540954589844,4788100,UNH
2014-04-07,81.5,81.9800033569336,80.75,81.08000183105469,67.56044006347656,5286700,UNH
2014-04-08,81.06999969482422,81.55000305175781,80.11000061035156,80.66000366210938,67.21045684814453,4044900,UNH
2014-04-09,80.80000305175781,81.55999755859375,80.5,81.38999938964844,67.8187255859375,3308900,UNH
2014-04-10,81.41999816894531,81.98999786376953,79.77999877929688,79.98999786376953,66.65216827392578,4850000,UNH
2014-04-11,79.7699966430664,79.97000122070312,78.81999969482422,78.94999694824219,65.78559875488281,3418700,UNH
2014-04-14,79.44000244140625,79.68000030517578,78.37999725341797,79.18000030517578,65.97724914550781,4013700,UNH
2014-04-15,79.36000061035156,79.72000122070312,78.05999755859375,79.51000213623047,66.2522201538086,4719100,UNH
2014-04-16,79.48999786376953,79.54000091552734,77.47000122070312,78.19000244140625,65.15231323242188,8098100,UNH
2014-04-17,75.44000244140625,76.6500015258789,73.61000061035156,75.77999877929688,63.144187927246094,13422900,UNH
2014-04-21,75.69999694824219,76.4800033569336,74.79000091552734,74.94999694824219,62.45256805419922,6912500,UNH
2014-04-22,75.19000244140625,76.19000244140625,74.94999694824219,75.76000213623047,63.127525329589844,6199400,UNH
2014-04-23,75.80999755859375,76.06999969482422,75.11000061035156,75.33000183105469,62.76918411254883,4645700,UNH
2014-04-24,76.1500015258789,77.08000183105469,75.91000366210938,76.58999633789062,63.819114685058594,4604900,UNH
2014-04-25,76.56999969482422,77.29000091552734,75.2300033569336,75.66000366210938,63.044193267822266,5416200,UNH
2014-04-28,76.3499984741211,76.58000183105469,75.41999816894531,75.73999786376953,63.11083984375,5346800,UNH
2014-04-29,75.94999694824219,76.20999908447266,74.88999938964844,75.19999694824219,62.660892486572266,4813200,UNH
2014-04-30,75.25,76.19000244140625,74.91999816894531,75.04000091552734,62.527565002441406,6435900,UNH
2014-05-01,75.05000305175781,75.4000015258789,74.26000213623047,74.94999694824219,62.45256805419922,4598000,UNH
2014-05-02,74.68000030517578,75.33000183105469,74.51000213623047,75.02999877929688,62.51923370361328,3794700,UNH
2014-05-05,74.83000183105469,75.30999755859375,74.30000305175781,75.2300033569336,62.685890197753906,4476100,UNH
2014-05-06,75.12999725341797,75.5999984741211,74.88999938964844,75.26000213623047,62.71087646484375,4728200,UNH
2014-05-07,75.58999633789062,77.94999694824219,75.08000183105469,77.91000366210938,64.91900634765625,6383500,UNH
2014-05-08,77.81999969482422,78.05999755859375,76.73999786376953,76.88999938964844,64.06907653808594,4943100,UNH
2014-05-09,76.81999969482422,77.30000305175781,76.62000274658203,76.94999694824219,64.11906433105469,3465600,UNH
2014-05-12,77.19999694824219,78.0199966430664,77.0999984741211,77.73999786376953,64.77733612060547,3110900,UNH
2014-05-13,77.86000061035156,78.22000122070312,77.52999877929688,78.04000091552734,65.02729797363281,3059000,UNH
2014-05-14,78.05000305175781,78.05000305175781,76.94000244140625,77.16999816894531,64.30239868164062,2635300,UNH
2014-05-15,77.16000366210938,77.31999969482422,76.2300033569336,76.4800033569336,63.727481842041016,3075200,UNH
2014-05-16,76.3499984741211,76.66999816894531,76.01000213623047,76.6500015258789,63.86909484863281,2974600,UNH
2014-05-19,76.41999816894531,77.2300033569336,76.36000061035156,77.19999694824219,64.327392578125,2149100,UNH
2014-05-20,77.19000244140625,77.4000015258789,76.36000061035156,76.66000366210938,63.87742614746094,2806500,UNH
2014-05-21,76.70999908447266,77.87999725341797,76.62999725341797,77.72000122070312,64.76071166992188,2401200,UNH
2014-05-22,77.70999908447266,78.62999725341797,77.62999725341797,78.33999633789062,65.27731323242188,3146900,UNH
2014-05-23,78.6500015258789,79.0,78.36000061035156,78.7699966430664,65.6355972290039,2251500,UNH
2014-05-27,79.2300033569336,79.33000183105469,78.66000366210938,79.11000061035156,65.91893005371094,2645500,UNH
2014-05-28,78.97000122070312,79.20999908447266,78.30000305175781,78.58000183105469,65.477294921875,2250900,UNH
2014-05-29,78.5999984741211,79.43000030517578,78.08000183105469,79.37000274658203,66.13556671142578,3526800,UNH
2014-05-30,79.23999786376953,79.73999786376953,78.87999725341797,79.62999725341797,66.35221099853516,5139900,UNH
2014-06-02,79.7699966430664,79.93000030517578,79.31999969482422,79.47000122070312,66.21890258789062,1986400,UNH
2014-06-03,79.30999755859375,80.18000030517578,79.27999877929688,79.87999725341797,66.56051635742188,2841100,UNH
2014-06-04,79.7300033569336,80.56999969482422,79.4800033569336,80.51000213623047,67.08547973632812,3552900,UNH
2014-06-05,80.4800033569336,80.75,79.68000030517578,79.80000305175781,66.49382781982422,3453700,UNH
2014-06-06,79.98999786376953,80.31999969482422,79.56999969482422,79.93000030517578,66.60218811035156,3286600,UNH
2014-06-09,80.05000305175781,80.25,79.26000213623047,79.76000213623047,66.46052551269531,2801700,UNH
2014-06-10,79.5999984741211,80.0,79.47000122070312,79.80999755859375,66.50218963623047,2459200,UNH
2014-06-11,79.76000213623047,80.33999633789062,79.41999816894531,80.16999816894531,66.80215454101562,2733500,UNH
2014-06-12,79.77999877929688,80.0,79.0999984741211,79.44000244140625,66.50496673583984,2560000,UNH
2014-06-13,79.33999633789062,79.37000274658203,78.5999984741211,79.18000030517578,66.28730773925781,2265200,UNH
2014-06-16,79.18000030517578,79.20999908447266,77.80999755859375,78.0,65.29942321777344,4542900,UNH
2014-06-17,77.9000015258789,78.25,77.52999877929688,78.16999816894531,65.44174194335938,3430900,UNH
2014-06-18,78.16999816894531,79.37000274658203,77.77999877929688,79.20999908447266,66.31243133544922,4823000,UNH
2014-06-19,79.3499984741211,80.79000091552734,79.26000213623047,80.51000213623047,67.40076446533203,4538600,UNH
2014-06-20,80.83000183105469,81.48999786376953,80.45999908447266,81.41000366210938,68.15420532226562,7366500,UNH
2014-06-23,81.38999938964844,81.6500015258789,80.9800033569336,81.48999786376953,68.22118377685547,3066900,UNH
2014-06-24,81.43000030517578,82.38999938964844,81.41999816894531,81.73999786376953,68.43047332763672,4685500,UNH
2014-06-25,81.3499984741211,82.37999725341797,80.80999755859375,82.33999633789062,68.9327392578125,3629200,UNH
2014-06-26,82.4800033569336,82.4800033569336,81.66000366210938,82.29000091552734,68.89089965820312,2915900,UNH
2014-06-27,81.69000244140625,82.11000061035156,81.30999755859375,82.0,68.64813995361328,4755600,UNH
2014-06-30,82.27999877929688,82.54000091552734,81.5999984741211,81.75,68.43885040283203,3916100,UNH
2014-07-01,81.73999786376953,82.3499984741211,81.6500015258789,81.88999938964844,68.55607604980469,5482400,UNH
2014-07-02,81.80000305175781,82.5199966430664,81.06999969482422,82.48999786376953,69.05836486816406,3693500,UNH
2014-07-03,82.58999633789062,83.44000244140625,82.31999969482422,83.3499984741211,69.77830505371094,2183400,UNH
2014-07-07,82.98999786376953,83.0999984741211,81.79000091552734,82.22000122070312,68.83231353759766,2558500,UNH
2014-07-08,82.0199966430664,82.06999969482422,81.37999725341797,81.93000030517578,68.58953094482422,2967300,UNH
2014-07-09,81.9800033569336,82.75,81.88999938964844,82.73999786376953,69.26763153076172,3079500,UNH
2014-07-10,81.27999877929688,82.51000213623047,81.05000305175781,82.08000183105469,68.71511840820312,3829400,UNH
2014-07-11,81.91999816894531,83.12999725341797,81.7300033569336,82.87000274658203,69.37645721435547,2758400,UNH
2014-07-14,83.33000183105469,84.69000244140625,83.20999908447266,84.2699966430664,70.54850006103516,3794500,UNH
2014-07-15,84.04000091552734,84.73999786376953,83.7300033569336,83.9000015258789,70.23876953125,4356300,UNH
2014-07-16,84.06999969482422,84.12999725341797,83.22000122070312,83.76000213623047,70.12154388427734,3955200,UNH
2014-07-17,84.25,87.23999786376953,83.43000030517578,85.11000061035156,71.2517318725586,7117900,UNH
2014-07-18,85.47000122070312,85.77999877929688,84.43000030517578,85.5199966430664,71.594970703125,3892100,UNH
2014-07-21,85.22000122070312,85.29000091552734,84.02999877929688,85.05999755859375,71.20986938476562,4025100,UNH
2014-07-22,85.5199966430664,86.76000213623047,85.47000122070312,86.05000305175781,72.0386962890625,4366900,UNH
2014-07-23,86.30999755859375,86.55000305175781,85.7699966430664,85.94000244140625,71.94659423828125,2596300,UNH
2014-07-24,85.44999694824219,86.33000183105469,85.29000091552734,85.68000030517578,71.72893524169922,4022400,UNH
2014-07-25,84.12000274658203,85.01000213623047,84.0,84.68000030517578,70.89177703857422,3362600,UNH
2014-07-28,85.02999877929688,85.9000015258789,84.5999984741211,85.75,71.78752136230469,2206900,UNH
2014-07-29,84.95999908447266,85.55999755859375,83.98999786376953,84.2699966430664,70.54850006103516,4897800,UNH
2014-07-30,84.76000213623047,84.87000274658203,81.72000122070312,82.94999694824219,69.44345092773438,7171800,UNH
2014-07-31,81.7699966430664,82.18000030517578,80.55000305175781,81.05000305175781,67.85285186767578,5345400,UNH
2014-08-01,81.13999938964844,82.06999969482422,80.55999755859375,81.48999786376953,68.22118377685547,4625100,UNH
2014-08-04,81.58999633789062,82.52999877929688,81.16000366210938,82.2699966430664,68.87413024902344,3197700,UNH
2014-08-05,81.83000183105469,82.52999877929688,80.56999969482422,80.98999786376953,67.80260467529297,4599500,UNH
2014-08-06,80.94999694824219,82.12000274658203,80.73999786376953,81.5,68.22953796386719,3311300,UNH
2014-08-07,81.0,81.08999633789062,79.16000366210938,79.26000213623047,66.35430145263672,5465400,UNH
2014-08-08,79.41000366210938,80.19000244140625,78.73999786376953,80.12000274658203,67.07425689697266,3713400,UNH
2014-08-11,80.38999938964844,80.6500015258789,79.76000213623047,79.87000274658203,66.86495208740234,3460000,UNH
2014-08-12,79.61000061035156,80.38999938964844,79.52999877929688,80.22000122070312,67.15797424316406,3206200,UNH
2014-08-13,80.62000274658203,81.66999816894531,80.38999938964844,81.51000213623047,68.2379150390625,3049900,UNH
2014-08-14,81.70999908447266,82.06999969482422,80.16000366210938,81.81999969482422,68.49747467041016,2241100,UNH
2014-08-15,82.20999908447266,82.27999877929688,80.80999755859375,81.47000122070312,68.20442962646484,2442700,UNH
2014-08-18,81.7699966430664,82.4800033569336,81.3499984741211,82.33999633789062,68.9327392578125,2795800,UNH
2014-08-19,82.48999786376953,83.76000213623047,82.05000305175781,83.47000122070312,69.87879943847656,3549300,UNH
2014-08-20,82.94000244140625,83.75,82.36000061035156,83.43000030517578,69.84529113769531,2579600,UNH
2014-08-21,83.61000061035156,84.0999984741211,83.58999633789062,83.7699966430664,70.12994384765625,2648500,UNH
2014-08-22,83.5999984741211,84.0,83.45999908447266,83.77999877929688,70.1383285522461,2089300,UNH
2014-08-25,84.38999938964844,84.75,83.94999694824219,84.23999786376953,70.52340698242188,1988100,UNH
2014-08-26,84.44999694824219,85.33999633789062,84.1500015258789,85.12000274658203,71.26012420654297,2267800,UNH
2014-08-27,85.18000030517578,86.97000122070312,84.95999908447266,86.37999725341797,72.31495666503906,5800700,UNH
2014-08-28,86.0,87.0,85.5199966430664,86.33999633789062,72.2814712524414,2749700,UNH
2014-08-29,86.75,87.2300033569336,86.3499984741211,86.68000030517578,72.56610870361328,3297500,UNH
2014-09-02,87.12000274658203,87.22000122070312,85.76000213623047,86.38999938964844,72.32331848144531,3726100,UNH
2014-09-03,86.77999877929688,87.3499984741211,86.41999816894531,86.79000091552734,72.6581802368164,2824400,UNH
2014-09-04,86.76000213623047,88.44999694824219,86.70999908447266,87.05999755859375,72.88419342041016,3650100,UNH
2014-09-05,86.94999694824219,87.80000305175781,86.73999786376953,87.75,73.46186828613281,3873500,UNH
2014-09-08,87.69999694824219,88.0,87.41999816894531,87.91000366210938,73.59581756591797,2298000,UNH
2014-09-09,88.0,88.8499984741211,87.48999786376953,88.55999755859375,74.13997650146484,4409400,UNH
2014-09-10,88.44000244140625,88.5,86.69000244140625,87.25,73.35391235351562,3355800,UNH
2014-09-11,86.76000213623047,87.12000274658203,86.19999694824219,87.08000183105469,73.21101379394531,3034500,UNH
2014-09-12,87.23999786376953,87.23999786376953,85.86000061035156,86.18000030517578,72.45431518554688,2582400,UNH
2014-09-15,86.30000305175781,86.81999969482422,85.83000183105469,86.02999877929688,72.32820892333984,2441800,UNH
2014-09-16,86.0,87.37000274658203,85.8499984741211,87.16000366210938,73.27825164794922,2973700,UNH
2014-09-17,86.94999694824219,87.55999755859375,86.47000122070312,86.98999786376953,73.13529968261719,3302700,UNH
2014-09-18,87.41999816894531,87.97000122070312,87.19000244140625,87.62999725341797,73.67340087890625,2584000,UNH
2014-09-19,88.51000213623047,88.72000122070312,87.63999938964844,87.80000305175781,73.81631469726562,6486300,UNH
2014-09-22,87.80000305175781,88.44000244140625,87.4800033569336,87.7699966430664,73.79106903076172,2335400,UNH
2014-09-23,87.31999969482422,87.69000244140625,86.37999725341797,86.58999633789062,72.79900360107422,2640200,UNH
2014-09-24,86.62000274658203,88.45999908447266,86.5999984741211,88.20999908447266,74.16100311279297,2661500,UNH
2014-09-25,87.79000091552734,88.0,86.02999877929688,86.18000030517578,72.45431518554688,3657100,UNH
2014-09-26,86.25,86.97000122070312,85.91000366210938,86.5999984741211,72.80740356445312,2260500,UNH
2014-09-29,85.58000183105469,86.94999694824219,85.58000183105469,86.51000213623047,72.73177337646484,3114800,UNH
2014-09-30,86.68000030517578,87.08000183105469,86.12000274658203,86.25,72.5131607055664,2843200,UNH
2014-10-01,86.0,86.26000213623047,84.61000061035156,84.87999725341797,71.36133575439453,4140200,UNH
2014-10-02,84.8499984741211,85.2699966430664,83.7300033569336,84.9000015258789,71.37816619873047,3047000,UNH
2014-10-03,85.37000274658203,86.27999877929688,85.06999969482422,86.0199966430664,72.3198013305664,3108100,UNH
2014-10-06,86.6500015258789,86.94999694824219,84.94999694824219,85.08999633789062,71.53790283203125,2596100,UNH
2014-10-07,84.9000015258789,85.12999725341797,83.93000030517578,84.19000244140625,70.7812728881836,3412900,UNH
2014-10-08,84.29000091552734,86.83999633789062,83.98999786376953,86.62000274658203,72.82424926757812,4787400,UNH
2014-10-09,86.3499984741211,86.55000305175781,84.62999725341797,84.94000244140625,71.41179656982422,4432800,UNH
2014-10-10,85.08999633789062,86.81999969482422,85.05000305175781,85.38999938964844,71.79012298583984,4036800,UNH
2014-10-13,85.22000122070312,85.94999694824219,83.76000213623047,83.94999694824219,70.57947540283203,3672600,UNH
2014-10-14,84.33999633789062,84.56999969482422,82.55000305175781,82.81999969482422,69.62946319580078,5929500,UNH
2014-10-15,82.16999816894531,82.9800033569336,80.72000122070312,82.16000366210938,69.07455444335938,8308900,UNH
2014-10-16,84.76000213623047,86.69999694824219,84.0999984741211,85.38999938964844,71.79012298583984,10233000,UNH
2014-10-17,86.8499984741211,88.80999755859375,86.75,88.18000030517578,74.13578033447266,8532800,UNH
2014-10-20,88.23999786376953,88.83999633789062,88.0,88.54000091552734,74.43846130371094,4890900,UNH
2014-10-21,89.16000366210938,91.08000183105469,88.8499984741211,90.94999694824219,76.46460723876953,5882100,UNH
2014-10-22,91.44000244140625,91.44000244140625,89.70999908447266,89.7699966430664,75.47254943847656,4290300,UNH
2014-10-23,90.94000244140625,91.27999877929688,90.41999816894531,90.66000366210938,76.22077941894531,3159200,UNH
2014-10-24,90.66000366210938,91.69999694824219,90.58999633789062,91.63999938964844,77.04470825195312,2977300,UNH
2014-10-27,91.43000030517578,92.27999877929688,91.37999725341797,92.12999725341797,77.45669555664062,3948900,UNH
2014-10-28,91.05000305175781,92.77999877929688,90.36000061035156,92.63999938964844,77.88543701171875,4741300,UNH
2014-10-29,92.9000015258789,93.68000030517578,92.69000244140625,92.95999908447266,78.15448760986328,4330400,UNH
2014-10-30,92.55999755859375,94.1500015258789,92.5,93.87999725341797,78.92794799804688,2836400,UNH
2014-10-31,95.0,95.66999816894531,94.30999755859375,95.01000213623047,79.87798309326172,5031500,UNH
2014-11-03,95.44999694824219,95.66999816894531,94.5,94.86000061035156,79.75186157226562,4001200,UNH
2014-11-04,94.98999786376953,95.5999984741211,94.23999786376953,94.9800033569336,79.85275268554688,4437300,UNH
2014-11-05,95.56999969482422,96.01000213623047,95.0199966430664,95.80000305175781,80.54215240478516,3454700,UNH
2014-11-06,96.04000091552734,96.63999938964844,95.9000015258789,96.20999908447266,80.88687896728516,3743200,UNH
2014-11-07,95.5,95.72000122070312,93.01000213623047,93.61000061035156,78.70093536376953,6155400,UNH
2014-11-10,93.68000030517578,95.0,93.5,94.75,79.65939331054688,4087700,UNH
2014-11-11,95.05000305175781,95.75,94.72000122070312,95.69000244140625,80.4496841430664,2291400,UNH
2014-11-12,95.2300033569336,95.97000122070312,94.5199966430664,95.68000030517578,80.44129943847656,2897700,UNH
2014-11-13,95.63999938964844,96.73999786376953,95.4000015258789,95.9000015258789,80.62623596191406,2767700,UNH
2014-11-14,96.0199966430664,96.12000274658203,94.87000274658203,95.11000061035156,79.96208190917969,2709600,UNH
2014-11-17,95.19999694824219,96.69000244140625,94.83999633789062,96.47000122070312,81.10546112060547,3297600,UNH
2014-11-18,96.98999786376953,98.61000061035156,96.8499984741211,98.19000244140625,82.55152130126953,4320800,UNH
2014-11-19,97.7300033569336,98.41000366210938,96.79000091552734,96.86000061035156,81.43331146240234,3433800,UNH
2014-11-20,96.45999908447266,96.8499984741211,96.16999816894531,96.8499984741211,81.42488861083984,3316700,UNH
2014-11-21,97.4000015258789,98.04000091552734,96.58999633789062,96.70999908447266,81.30722045898438,4408600,UNH
2014-11-24,97.2699966430664,97.29000091552734,96.51000213623047,96.9000015258789,81.46696472167969,3998800,UNH
2014-11-25,97.0,98.13999938964844,96.91000366210938,97.9000015258789,82.30770874023438,4066300,UNH
2014-11-26,97.98999786376953,98.73999786376953,97.81999969482422,98.11000061035156,82.4842529296875,2765900,UNH
2014-11-28,98.69999694824219,99.41999816894531,98.43000030517578,98.62999725341797,82.92141723632812,2177500,UNH
2014-12-01,98.75,99.83000183105469,98.01000213623047,99.05999755859375,83.28292846679688,4892800,UNH
2014-12-02,99.0,100.0,98.19999694824219,99.83000183105469,83.9303207397461,5297200,UNH
2014-12-03,99.87999725341797,101.33000183105469,99.69999694824219,100.80000305175781,85.06535339355469,6689000,UNH
2014-12-04,100.83999633789062,100.93000030517578,99.41999816894531,99.66999816894531,84.11175537109375,4065200,UNH
2014-12-05,99.80999755859375,100.70999908447266,99.68000030517578,100.33000183105469,84.66874694824219,3104900,UNH
2014-12-08,100.31999969482422,100.9000015258789,99.63999938964844,99.91999816894531,84.3227310180664,3085800,UNH
2014-12-09,99.04000091552734,101.08999633789062,98.75,101.0199966430664,85.25101470947266,3792200,UNH
2014-12-10,100.7699966430664,101.0199966430664,99.01000213623047,99.08999633789062,83.622314453125,3908700,UNH
2014-12-11,99.38999938964844,100.66999816894531,99.23999786376953,99.7300033569336,84.1623764038086,2940600,UNH
2014-12-12,99.58000183105469,100.41000366210938,98.69000244140625,98.76000213623047,83.34381103515625,3086500,UNH
2014-12-15,98.80000305175781,99.75,97.41000366210938,98.2699966430664,82.93029022216797,3649300,UNH
2014-12-16,97.6500015258789,98.77999877929688,95.75,95.8499984741211,80.88804626464844,4843800,UNH
2014-12-17,96.55000305175781,99.75,96.16999816894531,99.13999938964844,83.66449737548828,6235000,UNH
2014-12-18,100.27999877929688,102.26000213623047,99.91000366210938,102.23999786376953,86.28056335449219,4681000,UNH
2014-12-19,102.0,104.0,102.0,102.48999786376953,86.49154663085938,7986500,UNH
2014-12-22,102.58000183105469,103.23999786376953,102.47000122070312,103.04000091552734,86.95569610595703,2398100,UNH
2014-12-23,103.72000122070312,103.93000030517578,102.44000244140625,102.8499984741211,86.79534149169922,3028600,UNH
2014-12-24,103.0,103.31999969482422,102.54000091552734,102.68000030517578,86.65188598632812,950700,UNH
2014-12-26,102.58999633789062,103.0,102.16000366210938,102.55000305175781,86.54222869873047,2019900,UNH
2014-12-29,102.37999725341797,103.01000213623047,101.83000183105469,102.33000183105469,86.35653686523438,1708100,UNH
2014-12-30,102.25,103.05999755859375,102.25,102.8499984741211,86.79534149169922,1767600,UNH
2014-12-31,103.12000274658203,103.68000030517578,101.02999877929688,101.08999633789062,85.31008911132812,2313900,UNH
2015-01-02,101.5,102.62000274658203,100.01000213623047,100.77999877929688,85.04850006103516,3060900,UNH
2015-01-05,100.30000305175781,100.44999694824219,98.75,99.12000274658203,83.64759826660156,4679000,UNH
2015-01-06,99.83000183105469,100.13999938964844,98.45999908447266,98.91999816894531,83.47879791259766,3468300,UNH
2015-01-07,98.95999908447266,100.30000305175781,98.91999816894531,99.93000030517578,84.33118438720703,3225800,UNH
2015-01-08,101.56999969482422,104.9800033569336,100.72000122070312,104.69999694824219,88.35655212402344,5346100,UNH
2015-01-09,104.41999816894531,104.62999725341797,102.9000015258789,103.72000122070312,87.5295181274414,3397600,UNH
2015-01-12,103.83000183105469,104.0,101.91000366210938,102.55000305175781,86.54222869873047,3051500,UNH
2015-01-13,103.94000244140625,105.5999984741211,101.83999633789062,103.06999969482422,86.98103332519531,3856500,UNH
2015-01-14,101.61000061035156,103.4800033569336,101.18000030517578,103.33000183105469,87.20043182373047,4725600,UNH
2015-01-15,103.55999755859375,104.58999633789062,103.12999725341797,104.45999908447266,88.15406036376953,5888900,UNH
2015-01-16,104.5,106.0,103.6500015258789,105.7699966430664,89.2595443725586,6045500,UNH
2015-01-20,106.19999694824219,106.37999725341797,104.5,105.62000274658203,89.1329574584961,6526800,UNH
2015-01-21,106.5199966430664,109.44999694824219,105.62000274658203,109.31999969482422,92.25540924072266,8293700,UNH
2015-01-22,109.75,114.12000274658203,109.33000183105469,113.8499984741211,96.07826232910156,8055200,UNH
2015-01-23,113.63999938964844,114.31999969482422,112.0,112.0,94.5170669555664,5256000,UNH
2015-01-26,112.0,112.0,110.76000213623047,111.61000061035156,94.18794250488281,4203400,UNH
2015-01-27,110.94999694824219,111.25,109.91999816894531,110.01000213623047,92.83769226074219,4718300,UNH
2015-01-28,110.56999969482422,110.87999725341797,108.44999694824219,108.45999908447266,91.52965545654297,6633500,UNH
2015-01-29,108.1500015258789,109.58000183105469,106.73999786376953,109.38999938964844,92.31449127197266,4912300,UNH
2015-01-30,108.62000274658203,109.38999938964844,106.13999938964844,106.25,89.66461944580078,5397500,UNH
2015-02-02,106.7300033569336,107.33999633789062,105.06999969482422,107.29000091552734,90.54231262207031,4657100,UNH
2015-02-03,107.3499984741211,108.0,106.5199966430664,107.80999755859375,90.98114013671875,4192600,UNH
2015-02-04,106.83000183105469,108.73999786376953,106.75,107.91999816894531,91.07392883300781,4768900,UNH
2015-02-05,108.31999969482422,109.80999755859375,108.31999969482422,108.81999969482422,91.8334732055664,3297700,UNH
2015-02-06,108.58999633789062,109.4000015258789,107.19000244140625,107.5999984741211,90.80388641357422,3661400,UNH
2015-02-09,106.93000030517578,107.23999786376953,106.27999877929688,106.48999786376953,89.86715698242188,3909700,UNH
2015-02-10,107.26000213623047,109.45999908447266,107.12999725341797,108.97000122070312,91.9600601196289,5437400,UNH
2015-02-11,108.7300033569336,110.05999755859375,108.37999725341797,109.8499984741211,92.70272064208984,3798500,UNH
2015-02-12,110.69999694824219,110.77999877929688,108.83000183105469,109.83999633789062,92.69424438476562,3378000,UNH
2015-02-13,109.69000244140625,109.83999633789062,108.68000030517578,109.44000244140625,92.356689453125,3727600,UNH
2015-02-17,109.33999633789062,109.76000213623047,108.5199966430664,109.76000213623047,92.6267318725586,3430600,UNH
2015-02-18,109.76000213623047,110.22000122070312,108.94999694824219,109.7699966430664,92.63517761230469,2958700,UNH
2015-02-19,109.54000091552734,110.36000061035156,109.44000244140625,110.02999877929688,92.85457611083984,2674800,UNH
2015-02-20,109.95999908447266,112.81999969482422,109.44000244140625,112.62000274658203,95.04029083251953,4647100,UNH
2015-02-23,112.98999786376953,116.48999786376953,112.8499984741211,116.4000015258789,98.23021697998047,7060000,UNH
2015-02-24,116.26000213623047,116.58000183105469,115.31999969482422,115.43000030517578,97.41165161132812,3582800,UNH
2015-02-25,115.81999969482422,115.81999969482422,113.72000122070312,114.05000305175781,96.2470703125,3845900,UNH
2015-02-26,114.41000366210938,114.62000274658203,113.37000274658203,113.66000366210938,95.91793060302734,3126800,UNH
2015-02-27,113.7699966430664,114.25,113.41000366210938,113.62999725341797,95.89262390136719,4016400,UNH
2015-03-02,113.62999725341797,114.8499984741211,113.62999725341797,114.4000015258789,96.54244232177734,2952200,UNH
2015-03-03,113.94999694824219,114.48999786376953,112.36000061035156,112.86000061035156,95.24281311035156,3163700,UNH
2015-03-04,112.25,113.97000122070312,111.6500015258789,113.81999969482422,96.05297088623047,3180900,UNH
2015-03-05,114.06999969482422,115.72000122070312,114.06999969482422,114.79000091552734,96.87158203125,2941400,UNH
2015-03-06,115.16000366210938,115.16000366210938,112.61000061035156,112.87999725341797,95.25970458984375,3196900,UNH
2015-03-09,112.97000122070312,114.95999908447266,112.87000274658203,114.9000015258789,96.96440887451172,3942000,UNH
2015-03-10,114.26000213623047,114.41000366210938,112.45999908447266,112.45999908447266,94.90525817871094,3957900,UNH
2015-03-11,112.9000015258789,113.58999633789062,112.63999938964844,112.72000122070312,95.4429702758789,2593700,UNH
2015-03-12,113.31999969482422,115.05000305175781,113.1500015258789,114.87999725341797,97.27185821533203,3258600,UNH
2015-03-13,114.44000244140625,115.38999938964844,113.52999877929688,115.25,97.58516693115234,3066800,UNH
2015-03-16,116.0,118.69000244140625,115.81999969482422,118.5199966430664,100.35395050048828,4692200,UNH
2015-03-17,118.08000183105469,118.12999725341797,116.91999816894531,117.5999984741211,99.57496643066406,3303500,UNH
2015-03-18,117.43000030517578,120.5199966430664,116.7300033569336,119.95999908447266,101.57323455810547,5533500,UNH
2015-03-19,120.0,121.0999984741211,119.81999969482422,120.76000213623047,102.25059509277344,4032500,UNH
2015-03-20,121.3499984741211,121.52999877929688,119.0,119.13999938964844,100.87890625,7195700,UNH
2015-03-23,119.4800033569336,120.4800033569336,118.58999633789062,119.04000091552734,100.79425048828125,4576500,UNH
2015-03-24,118.9000015258789,119.63999938964844,118.08000183105469,118.12000274658203,100.01526641845703,3054700,UNH
2015-03-25,118.8499984741211,119.75,116.51000213623047,116.54000091552734,98.67743682861328,3385500,UNH
2015-03-26,116.06999969482422,117.20999908447266,114.5999984741211,116.25,98.43189239501953,2856400,UNH
2015-03-27,116.05999755859375,118.22000122070312,116.0199966430664,118.01000213623047,99.92213439941406,2608500,UNH
2015-03-30,122.31999969482422,123.76000213623047,120.52999877929688,121.0,102.4538345336914,5178500,UNH
2015-03-31,120.80000305175781,120.93000030517578,118.22000122070312,118.29000091552734,100.15921020507812,4573100,UNH
2015-04-01,119.5199966430664,119.5199966430664,116.54000091552734,117.44999694824219,99.44798278808594,4826200,UNH
2015-04-02,117.5999984741211,118.37999725341797,116.87000274658203,117.36000061035156,99.37174224853516,2497100,UNH
2015-04-06,116.0199966430664,118.5199966430664,115.94999694824219,117.69999694824219,99.6596450805664,2544700,UNH
2015-04-07,119.44999694824219,119.83000183105469,117.2699966430664,117.3499984741211,99.36328887939453,2528500,UNH
2015-04-08,117.77999877929688,118.83000183105469,117.47000122070312,118.19000244140625,100.07453918457031,2627000,UNH
2015-04-09,117.83000183105469,118.76000213623047,117.5999984741211,118.55000305175781,100.37931823730469,2247200,UNH
2015-04-10,118.55000305175781,119.0999984741211,117.97000122070312,119.0,100.76038360595703,2232600,UNH
2015-04-13,121.0,121.30999755859375,119.12999725341797,119.37000274658203,101.07366180419922,3961000,UNH
2015-04-14,119.33999633789062,120.18000030517578,118.5199966430664,119.91999816894531,101.53935241699219,3208800,UNH
2015-04-15,120.37999725341797,120.73999786376953,116.55000305175781,117.31999969482422,99.3378677368164,7344000,UNH
2015-04-16,121.93000030517578,122.31999969482422,120.5199966430664,121.5999984741211,102.96186828613281,7068000,UNH
2015-04-17,121.0,121.05000305175781,117.73999786376953,118.70999908447266,100.51480102539062,4390000,UNH
2015-04-20,119.8499984741211,120.33000183105469,118.06999969482422,118.58000183105469,100.4047622680664,4650700,UNH
2015-04-21,119.0,119.62999725341797,118.76000213623047,119.27999877929688,100.9974365234375,3379800,UNH
2015-04-22,119.54000091552734,119.94000244140625,117.16999816894531,117.80999755859375,99.75277709960938,3846700,UNH
2015-04-23,117.4800033569336,118.58000183105469,116.95999908447266,118.26000213623047,100.13378143310547,3244300,UNH
2015-04-24,118.27999877929688,119.08999633789062,118.0199966430664,118.69000244140625,100.49789428710938,3139200,UNH
2015-04-27,119.18000030517578,119.41000366210938,116.06999969482422,116.23999786376953,98.42342376708984,5174300,UNH
2015-04-28,116.88999938964844,117.73999786376953,114.27999877929688,117.58999633789062,99.56646728515625,4144800,UNH
2015-04-29,116.22000122070312,117.31999969482422,112.04000091552734,113.61000061035156,96.19654083251953,7122600,UNH
2015-04-30,113.52999877929688,114.33000183105469,111.12000274658203,111.4000015258789,94.32526397705078,6705600,UNH
2015-05-01,112.29000091552734,113.66000366210938,111.73999786376953,113.19999694824219,95.849365234375,5805100,UNH
2015-05-04,113.69999694824219,114.93000030517578,113.44999694824219,114.55999755859375,97.00089263916016,3531500,UNH
2015-05-05,113.94000244140625,114.27999877929688,113.01000213623047,113.37000274658203,95.9933090209961,3960400,UNH
2015-05-06,114.0,114.48999786376953,112.66000366210938,113.48999786376953,96.09490966796875,3369800,UNH
2015-05-07,113.1500015258789,115.13999938964844,113.11000061035156,114.76000213623047,97.1702651977539,3300200,UNH
2015-05-08,115.93000030517578,116.58999633789062,115.05000305175781,115.68000030517578,97.94926452636719,3066000,UNH
2015-05-11,115.61000061035156,115.79000091552734,114.72000122070312,114.7699966430664,97.17874145507812,3376400,UNH
2015-05-12,114.2300033569336,115.08000183105469,113.83000183105469,114.63999938964844,97.06865692138672,3844600,UNH
2015-05-13,114.62000274658203,116.30000305175781,114.62000274658203,115.86000061035156,98.1016616821289,3667700,UNH
2015-05-14,117.18000030517578,118.62000274658203,116.20999908447266,118.52999877929688,100.3624038696289,4771400,UNH
2015-05-15,118.77999877929688,119.3499984741211,118.30999755859375,119.33000183105469,101.039794921875,3083800,UNH
2015-05-18,119.22000122070312,119.9800033569336,118.83999633789062,119.80000305175781,101.43775177001953,2824700,UNH
2015-05-19,119.81999969482422,121.12999725341797,119.69000244140625,120.55000305175781,102.07280731201172,3554900,UNH
2015-05-20,120.7300033569336,121.8499984741211,120.02999877929688,121.23999786376953,102.65704345703125,3379200,UNH
2015-05-21,120.76000213623047,120.83999633789062,120.05000305175781,120.45999908447266,101.99658966064453,2983500,UNH
2015-05-22,120.30000305175781,120.77999877929688,119.13999938964844,119.58999633789062,101.25993347167969,2945900,UNH
2015-05-26,119.22000122070312,119.58999633789062,117.69999694824219,118.23999786376953,100.11685180664062,3014500,UNH
2015-05-27,118.87999725341797,119.8499984741211,118.2699966430664,119.44999694824219,101.14140319824219,2887700,UNH
2015-05-28,119.30999755859375,119.81999969482422,118.29000091552734,119.62000274658203,101.28536224365234,2873600,UNH
2015-05-29,120.05999755859375,121.62000274658203,117.73999786376953,120.20999908447266,101.7848892211914,6019900,UNH
2015-06-01,120.54000091552734,120.55999755859375,118.75,119.86000061035156,101.48855590820312,3876400,UNH
2015-06-02,119.48999786376953,119.68000030517578,117.41000366210938,117.75,99.70197296142578,4219500,UNH
2015-06-03,118.0,118.98999786376953,117.44999694824219,118.3499984741211,100.21000671386719,3438100,UNH
2015-06-04,117.91999816894531,117.97000122070312,116.02999877929688,116.6500015258789,98.77057647705078,3300300,UNH
2015-06-05,116.33000183105469,116.75,115.36000061035156,116.52999877929688,98.6689453125,2724500,UNH
2015-06-08,116.37999725341797,117.66999816894531,116.31999969482422,116.91000366210938,98.99071502685547,3271300,UNH
2015-06-09,116.93000030517578,117.37999725341797,115.79000091552734,116.98999786376953,99.0584487915039,3047300,UNH
2015-06-10,117.02999877929688,118.87999725341797,116.7300033569336,118.55000305175781,100.37931823730469,4006400,UNH
2015-06-11,118.41000366210938,119.94000244140625,118.22000122070312,119.31999969482422,101.4592514038086,3815600,UNH
2015-06-12,118.83999633789062,119.0,117.5,117.6500015258789,100.03923797607422,3076600,UNH
2015-06-15,116.83000183105469,120.87999725341797,116.0,118.9800033569336,101.17015075683594,6809500,UNH
2015-06-16,119.13999938964844,122.18000030517578,119.0,121.55000305175781,103.35543060302734,7229400,UNH
2015-06-17,121.9000015258789,122.19999694824219,119.16999816894531,119.73999786376953,101.81637573242188,4805900,UNH
2015-06-18,120.38999938964844,121.37999725341797,119.91999816894531,120.88999938964844,102.79425048828125,3478300,UNH
2015-06-19,120.6500015258789,120.87999725341797,119.9000015258789,120.33000183105469,102.31803894042969,4178700,UNH
2015-06-22,121.62999725341797,122.2300033569336,119.94000244140625,120.25,102.25003051757812,4435600,UNH
2015-06-23,121.37000274658203,122.7699966430664,121.01000213623047,122.73999786376953,104.36730194091797,4991000,UNH
2015-06-24,122.80000305175781,123.0,119.0999984741211,119.16999816894531,101.33167266845703,4650500,UNH
2015-06-25,119.56999969482422,123.41000366210938,119.5,122.33000183105469,104.0186767578125,6149500,UNH
2015-06-26,123.79000091552734,124.11000061035156,122.7300033569336,123.25,104.80097961425781,16358200,UNH
2015-06-29,122.04000091552734,123.02999877929688,121.11000061035156,121.19000244140625,103.04932403564453,3604000,UNH
2015-06-30,122.41999816894531,122.94000244140625,121.0,122.0,103.73809814453125,4982600,UNH
2015-07-01,122.94999694824219,123.6500015258789,122.22000122070312,123.37999725341797,104.91148376464844,3269300,UNH
2015-07-02,123.81999969482422,123.87999725341797,121.0199966430664,121.80999755859375,103.5765151977539,3682300,UNH
2015-07-06,119.5999984741211,123.0999984741211,119.26000213623047,122.16000366210938,103.87410736083984,6522800,UNH
2015-07-07,122.36000061035156,122.80000305175781,117.80999755859375,120.69999694824219,102.63267517089844,6476200,UNH
2015-07-08,119.05000305175781,119.98999786376953,118.4000015258789,118.77999877929688,101.00006866455078,4009800,UNH
2015-07-09,120.04000091552734,120.55999755859375,119.30999755859375,119.33999633789062,101.47623443603516,3315600,UNH
2015-07-10,120.98999786376953,122.75,120.69999694824219,122.1500015258789,103.86561584472656,4033500,UNH
2015-07-13,123.0999984741211,123.75,121.80999755859375,122.44999694824219,104.1207046508789,3766900,UNH
2015-07-14,122.18000030517578,125.19999694824219,122.0,125.0,106.28903198242188,4192400,UNH
2015-07-15,124.94999694824219,126.05000305175781,123.80999755859375,125.86000061035156,107.02027893066406,5067300,UNH
2015-07-16,125.41999816894531,125.5,122.0999984741211,124.93000030517578,106.22948455810547,7216600,UNH
2015-07-17,124.69999694824219,124.9800033569336,123.69999694824219,123.8499984741211,105.3111343383789,3702700,UNH
2015-07-20,124.05000305175781,124.2300033569336,122.33000183105469,122.6500015258789,104.2907943725586,3199700,UNH
2015-07-21,122.56999969482422,122.72000122070312,120.33999633789062,120.86000061035156,102.76872253417969,4239100,UNH
2015-07-22,120.97000122070312,121.23999786376953,120.08000183105469,120.61000061035156,102.5561294555664,3384700,UNH
2015-07-23,121.62999725341797,121.68000030517578,118.76000213623047,119.33000183105469,101.46776580810547,4896100,UNH
2015-07-24,119.12000274658203,119.72000122070312,117.58000183105469,117.94000244140625,100.28581237792969,3840600,UNH
2015-07-27,117.87999725341797,118.08999633789062,116.66000366210938,117.87999725341797,100.23478698730469,3752300,UNH
2015-07-28,118.73999786376953,121.56999969482422,118.5,121.5199966430664,103.32992553710938,5216900,UNH
2015-07-29,121.81999969482422,122.11000061035156,120.62000274658203,121.5199966430664,103.32992553710938,3924400,UNH
2015-07-30,121.13999938964844,121.91999816894531,119.55000305175781,120.55999755859375,102.51363372802734,3732400,UNH
2015-07-31,120.47000122070312,122.72000122070312,120.47000122070312,121.4000015258789,103.22789001464844,3593000,UNH
2015-08-03,121.61000061035156,122.16999816894531,120.13999938964844,120.88999938964844,102.79425048828125,2541300,UNH
2015-08-04,121.58000183105469,121.62999725341797,120.2300033569336,120.83999633789062,102.75171661376953,2058200,UNH
2015-08-05,121.76000213623047,124.23999786376953,121.76000213623047,123.91999816894531,105.37068176269531,3831900,UNH
2015-08-06,124.37000274658203,124.63999938964844,121.80000305175781,122.04000091552734,103.77210235595703,3014900,UNH
2015-08-07,121.70999908447266,121.86000061035156,120.26000213623047,121.81999969482422,103.5849838256836,2276300,UNH
2015-08-10,122.5,123.33999633789062,121.94000244140625,122.4800033569336,104.14620971679688,2480000,UNH
2015-08-11,121.2699966430664,123.0199966430664,121.2699966430664,122.26000213623047,103.95915985107422,2756000,UNH
2015-08-12,121.26000213623047,121.77999877929688,119.05000305175781,121.19999694824219,103.0578384399414,3005300,UNH
2015-08-13,121.33000183105469,121.98999786376953,120.29000091552734,120.5199966430664,102.47962188720703,3253400,UNH
2015-08-14,120.56999969482422,121.18000030517578,120.26000213623047,121.0199966430664,102.90480041503906,2040500,UNH
2015-08-17,120.4000015258789,123.94999694824219,120.30000305175781,123.81999969482422,105.28564453125,2951800,UNH
2015-08-18,123.87999725341797,126.20999908447266,123.81999969482422,125.5,106.71419525146484,4140200,UNH
2015-08-19,124.70999908447266,124.98999786376953,122.8499984741211,123.22000122070312,104.77545166015625,3411500,UNH
2015-08-20,122.23999786376953,122.41999816894531,119.79000091552734,119.79000091552734,101.85889434814453,3201600,UNH
2015-08-21,118.25,118.80000305175781,116.01000213623047,116.27999877929688,98.87429809570312,5627800,UNH
2015-08-24,110.86000061035156,112.43000030517578,95.0,110.43000030517578,93.89998626708984,8824900,UNH
2015-08-25,113.0,114.58999633789062,109.80000305175781,109.9800033569336,93.51730346679688,8109900,UNH
2015-08-26,112.55999755859375,113.83000183105469,110.27999877929688,113.45999908447266,96.47640991210938,7503200,UNH
2015-08-27,115.25,117.83000183105469,114.95999908447266,117.7699966430664,100.1412353515625,5783700,UNH
2015-08-28,117.38999938964844,117.83999633789062,116.0,117.27999877929688,99.72460174560547,3333100,UNH
2015-08-31,117.20999908447266,118.77999877929688,115.16000366210938,115.69999694824219,98.381103515625,4087000,UNH
2015-09-01,113.36000061035156,114.22000122070312,112.06999969482422,112.62999725341797,95.77063751220703,4658100,UNH
2015-09-02,113.83000183105469,114.5999984741211,112.52999877929688,114.2300033569336,97.13111877441406,4522100,UNH
2015-09-03,114.73999786376953,115.91999816894531,113.45999908447266,113.98999786376953,96.92707061767578,3137100,UNH
2015-09-04,112.5,113.06999969482422,111.26000213623047,112.36000061035156,95.54106903076172,3394900,UNH
2015-09-08,114.12999725341797,116.20999908447266,113.66999816894531,116.08999633789062,98.71271514892578,3990600,UNH
2015-09-09,117.29000091552734,117.72000122070312,114.83000183105469,115.08000183105469,98.27720642089844,3753500,UNH
2015-09-10,114.8499984741211,117.94000244140625,114.7300033569336,116.7699966430664,99.72042846679688,5525700,UNH
2015-09-11,116.16999816894531,118.87000274658203,115.86000061035156,118.69999694824219,101.3686752319336,3752500,UNH
2015-09-14,119.02999877929688,119.5,117.1500015258789,117.80000305175781,100.60006713867188,2686500,UNH
2015-09-15,118.61000061035156,120.61000061035156,117.43000030517578,120.02999877929688,102.50444793701172,3072100,UNH
2015-09-16,120.2699966430664,121.36000061035156,119.55000305175781,121.1500015258789,103.46092987060547,3475700,UNH
2015-09-17,121.5,125.12000274658203,120.9000015258789,123.26000213623047,105.26284790039062,5466500,UNH
2015-09-18,122.20999908447266,123.7699966430664,121.81999969482422,122.47000122070312,104.58817291259766,7458400,UNH
2015-09-21,123.48999786376953,124.2699966430664,121.38999938964844,123.94000244140625,105.84356689453125,3476700,UNH
2015-09-22,121.44000244140625,123.79000091552734,121.44000244140625,122.93000030517578,104.98101043701172,4566800,UNH
2015-09-23,123.0,124.20999908447266,122.04000091552734,123.27999877929688,105.2799301147461,3131300,UNH
2015-09-24,122.3499984741211,122.62999725341797,119.2699966430664,121.08999633789062,103.40968322753906,4735800,UNH
2015-09-25,122.18000030517578,122.41000366210938,115.2300033569336,116.37000274658203,99.37886047363281,8060200,UNH
2015-09-28,115.55000305175781,115.81999969482422,111.01000213623047,112.69999694824219,96.24469757080078,5727000,UNH
2015-09-29,112.88999938964844,114.86000061035156,111.61000061035156,114.22000122070312,97.54277801513672,5142700,UNH
2015-09-30,115.38999938964844,116.91999816894531,114.87999725341797,116.01000213623047,99.07141876220703,4638600,UNH
2015-10-01,115.94000244140625,116.70999908447266,114.91000366210938,116.61000061035156,99.58382415771484,3768300,UNH
2015-10-02,115.13999938964844,118.8499984741211,114.81999969482422,118.83000183105469,101.4796371459961,3521600,UNH
2015-10-05,119.66999816894531,120.33999633789062,118.12999725341797,119.6500015258789,102.17996978759766,3491200,UNH
2015-10-06,119.45999908447266,119.5999984741211,114.66999816894531,116.05000305175781,99.10557556152344,4652000,UNH
2015-10-07,116.45999908447266,116.80999755859375,114.5999984741211,116.43000030517578,99.43010711669922,4282000,UNH
2015-10-08,116.43000030517578,116.94000244140625,114.9000015258789,116.08000183105469,99.1312026977539,3646500,UNH
2015-10-09,115.98999786376953,119.47000122070312,115.95999908447266,119.2699966430664,101.85543823242188,4485100,UNH
2015-10-12,119.01000213623047,123.06999969482422,118.55999755859375,122.51000213623047,104.6223373413086,5840000,UNH
2015-10-13,123.16000366210938,125.98999786376953,121.58999633789062,123.98999786376953,105.88624572753906,6655700,UNH
2015-10-14,123.8499984741211,125.0,120.83999633789062,122.06999969482422,104.24658203125,5592200,UNH
2015-10-15,119.0,120.5,115.95999908447266,120.16999816894531,102.6240005493164,8012400,UNH
2015-10-16,120.8499984741211,120.8499984741211,118.58000183105469,119.9800033569336,102.4617691040039,4416500,UNH
2015-10-19,119.77999877929688,120.91000366210938,119.19999694824219,120.7300033569336,103.10226440429688,3707500,UNH
2015-10-20,120.63999938964844,121.56999969482422,119.69000244140625,120.41999816894531,102.83751678466797,3278400,UNH
2015-10-21,120.69000244140625,120.80000305175781,115.2699966430664,118.11000061035156,100.86479187011719,5305600,UNH
2015-10-22,118.20999908447266,119.02999877929688,110.06999969482422,113.80999755859375,97.19263458251953,10475000,UNH
2015-10-23,114.44999694824219,116.62000274658203,114.04000091552734,115.91999816894531,98.99458312988281,5497500,UNH
2015-10-26,115.91999816894531,117.0,115.0,116.52999877929688,99.5155029296875,3377100,UNH
2015-10-27,116.38999938964844,119.5199966430664,115.9000015258789,119.37000274658203,101.9408187866211,4008400,UNH
2015-10-28,119.76000213623047,120.13999938964844,115.91000366210938,119.77999877929688,102.29094696044922,4405500,UNH
2015-10-29,119.79000091552734,121.66999816894531,119.5,119.70999908447266,102.231201171875,3257500,UNH
2015-10-30,119.93000030517578,120.37000274658203,117.77999877929688,117.77999877929688,100.58300018310547,4237800,UNH
2015-11-02,118.63999938964844,119.94999694824219,117.83999633789062,118.69000244140625,101.36009216308594,3874200,UNH
2015-11-03,118.16999816894531,118.45999908447266,116.25,117.66000366210938,100.48047637939453,2758200,UNH
2015-11-04,117.5999984741211,117.75,114.05999755859375,114.63999938964844,97.90145111083984,5396100,UNH
2015-11-05,114.9800033569336,116.7699966430664,113.62999725341797,116.2300033569336,99.2593002319336,4009100,UNH
2015-11-06,115.2300033569336,115.80000305175781,114.01000213623047,114.80999755859375,98.04661560058594,4106900,UNH
2015-11-09,114.12999725341797,114.63999938964844,113.01000213623047,114.26000213623047,97.57693481445312,2755100,UNH
2015-11-10,114.2699966430664,116.19999694824219,114.02999877929688,115.88999938964844,98.96895599365234,2842600,UNH
2015-11-11,116.3499984741211,116.86000061035156,114.3499984741211,114.54000091552734,97.81602478027344,2374200,UNH
2015-11-12,113.76000213623047,114.73999786376953,112.52999877929688,112.81999969482422,96.3471908569336,3341300,UNH
2015-11-13,112.48999786376953,113.0199966430664,111.18000030517578,111.41000366210938,95.14305114746094,3767300,UNH
2015-11-16,110.9000015258789,114.13999938964844,110.79000091552734,113.81999969482422,97.20117950439453,2450000,UNH
2015-11-17,113.7300033569336,115.44000244140625,113.16999816894531,114.38999938964844,97.68797302246094,1981400,UNH
2015-11-18,114.25,117.52999877929688,113.75,117.25,100.13037109375,3319900,UNH
2015-11-19,109.79000091552734,113.70999908447266,109.61000061035156,110.62999725341797,94.47694396972656,15731900,UNH
2015-11-20,110.88999938964844,114.44000244140625,110.5999984741211,112.97000122070312,96.47529602050781,7059400,UNH
2015-11-23,112.97000122070312,114.48999786376953,112.0999984741211,112.16000366210938,95.78353881835938,3780400,UNH
2015-11-24,111.37999725341797,113.44999694824219,111.05999755859375,113.19000244140625,96.66314697265625,3244800,UNH
2015-11-25,113.47000122070312,115.05000305175781,113.0,114.41000366210938,97.70503997802734,2959200,UNH
2015-11-27,114.48999786376953,115.9000015258789,114.08000183105469,114.33999633789062,97.64525604248047,1740400,UNH
2015-11-30,114.55999755859375,114.81999969482422,112.62000274658203,112.70999908447266,96.25323486328125,4605200,UNH
2015-12-01,113.52999877929688,116.37000274658203,113.05000305175781,116.26000213623047,99.28491973876953,5467000,UNH
2015-12-02,116.23999786376953,119.37999725341797,116.11000061035156,117.63999938964844,100.8973388671875,6071100,UNH
2015-12-03,117.80000305175781,118.27999877929688,114.43000030517578,115.0,98.63307189941406,4286600,UNH
2015-12-04,115.58999633789062,118.25,115.23999786376953,117.73999786376953,100.98311614990234,3588200,UNH
2015-12-07,117.88999938964844,117.88999938964844,115.19999694824219,115.91000366210938,99.41356658935547,3164300,UNH
2015-12-08,114.94999694824219,116.3499984741211,113.94999694824219,115.87999725341797,99.38783264160156,3551900,UNH
2015-12-09,115.4000015258789,116.81999969482422,114.66000366210938,115.05000305175781,98.67595672607422,3839100,UNH
2015-12-10,115.05000305175781,117.05000305175781,114.33999633789062,116.20999908447266,99.67086791992188,3202600,UNH
2015-12-11,116.20999908447266,117.33999633789062,114.62000274658203,115.9800033569336,99.4736099243164,3830800,UNH
2015-12-14,115.87999725341797,116.73999786376953,114.43000030517578,115.8499984741211,99.36210632324219,3867200,UNH
2015-12-15,116.87000274658203,118.5,116.66000366210938,117.61000061035156,100.87162780761719,3124100,UNH
2015-12-16,118.30000305175781,119.76000213623047,116.9000015258789,118.83000183105469,101.91796875,3516900,UNH
2015-12-17,118.83000183105469,121.08999633789062,118.63999938964844,119.22000122070312,102.25247955322266,3945800,UNH
2015-12-18,118.61000061035156,118.86000061035156,115.81999969482422,115.81999969482422,99.33638000488281,7574800,UNH
2015-12-21,116.56999969482422,117.7699966430664,116.0,117.41000366210938,100.70008850097656,3185200,UNH
2015-12-22,118.19000244140625,118.33999633789062,116.20999908447266,117.44000244140625,100.72582244873047,2821600,UNH
2015-12-23,117.9000015258789,118.83000183105469,117.55000305175781,118.69000244140625,101.79788970947266,2479600,UNH
2015-12-24,118.52999877929688,119.18000030517578,118.29000091552734,118.33999633789062,101.49771118164062,900100,UNH
2015-12-28,118.26000213623047,118.61000061035156,117.37999725341797,118.33000183105469,101.48912811279297,1582600,UNH
2015-12-29,118.87000274658203,120.41000366210938,118.69999694824219,119.81999969482422,102.76708984375,2027600,UNH
2015-12-30,120.02999877929688,120.11000061035156,118.66000366210938,118.91999816894531,101.99516296386719,1747700,UNH
2015-12-31,118.63999938964844,119.37000274658203,117.36000061035156,117.63999938964844,100.8973388671875,2372500,UNH
2016-01-04,116.91000366210938,116.91000366210938,114.52999877929688,116.45999908447266,99.88525390625,4991000,UNH
2016-01-05,116.72000122070312,117.88999938964844,116.20999908447266,116.68000030517578,100.07395935058594,2816800,UNH
2016-01-06,115.77999877929688,116.6500015258789,114.5,115.48999786376953,99.0533447265625,2677300,UNH
2016-01-07,113.62999725341797,114.08999633789062,111.41999816894531,112.08999633789062,96.13721466064453,5277200,UNH
2016-01-08,112.3499984741211,113.0,109.76000213623047,110.16000366210938,94.4819107055664,4422400,UNH
2016-01-11,110.51000213623047,110.62000274658203,108.19000244140625,109.58000183105469,93.98445129394531,4525800,UNH
2016-01-12,110.36000061035156,113.12999725341797,110.05000305175781,112.26000213623047,96.28305053710938,4037800,UNH
2016-01-13,112.41000366210938,113.04000091552734,108.93000030517578,109.2300033569336,93.68425750732422,3434300,UNH
2016-01-14,108.73999786376953,111.80000305175781,107.51000213623047,110.76000213623047,94.99654388427734,4238200,UNH
2016-01-15,109.08000183105469,110.6500015258789,107.79000091552734,109.2699966430664,93.71858215332031,6357000,UNH
2016-01-19,111.48999786376953,114.16000366210938,109.5999984741211,112.58000183105469,96.55751037597656,7122800,UNH
2016-01-20,112.08999633789062,115.73999786376953,110.1500015258789,114.79000091552734,98.45294952392578,8380700,UNH
2016-01-21,114.66999816894531,115.4800033569336,112.26000213623047,113.5,97.34654235839844,5413900,UNH
2016-01-22,114.66999816894531,115.1500015258789,113.88999938964844,114.33000183105469,98.05843353271484,3622200,UNH
2016-01-25,114.5199966430664,115.30999755859375,112.8499984741211,113.37999725341797,97.24364471435547,2908500,UNH
2016-01-26,112.91000366210938,114.18000030517578,111.76000213623047,113.95999908447266,97.74108123779297,4592500,UNH
2016-01-27,114.43000030517578,114.80999755859375,111.83999633789062,112.33000183105469,96.34307861328125,4720300,UNH
2016-01-28,112.29000091552734,113.25,110.61000061035156,111.37999725341797,95.52828216552734,3525600,UNH
2016-01-29,111.93000030517578,115.16000366210938,110.62000274658203,115.16000366210938,98.77031707763672,5280800,UNH
2016-02-01,114.83000183105469,116.1500015258789,114.11000061035156,115.88999938964844,99.39640808105469,4333500,UNH
2016-02-02,114.94999694824219,115.38999938964844,113.2699966430664,113.87999725341797,97.67247009277344,2997700,UNH
2016-02-03,114.37000274658203,114.37000274658203,110.30000305175781,112.75,96.70330047607422,3462300,UNH
2016-02-04,112.66999816894531,114.55000305175781,112.04000091552734,114.19999694824219,97.94693756103516,3608300,UNH
2016-02-05,114.06999969482422,114.20999908447266,110.9000015258789,111.72000122070312,95.81990051269531,3330800,UNH
2016-02-08,110.5,111.12000274658203,108.83000183105469,110.0199966430664,94.3618392944336,5050200,UNH
2016-02-09,109.37000274658203,112.27999877929688,109.13999938964844,111.16000366210938,95.33958435058594,3680200,UNH
2016-02-10,111.33000183105469,114.4800033569336,111.33000183105469,112.73999786376953,96.69473266601562,3023200,UNH
2016-02-11,111.31999969482422,111.69000244140625,110.08999633789062,110.62000274658203,94.87643432617188,3955000,UNH
2016-02-12,111.19999694824219,111.91000366210938,110.20999908447266,111.81999969482422,95.9056625366211,2552100,UNH
2016-02-16,112.62999725341797,115.2699966430664,112.52999877929688,115.1500015258789,98.76175689697266,3445700,UNH
2016-02-17,115.5,118.38999938964844,115.19999694824219,118.30000305175781,101.46340942382812,4466000,UNH
2016-02-18,118.5,120.0,117.05999755859375,117.44999694824219,100.73440551757812,3847100,UNH
2016-02-19,117.5,118.55000305175781,116.0199966430664,117.68000030517578,100.93165588378906,4481400,UNH
2016-02-22,119.0999984741211,122.13999938964844,118.95999908447266,121.2699966430664,104.01072692871094,5054800,UNH
2016-02-23,120.63999938964844,121.80000305175781,120.2699966430664,121.1500015258789,103.90779876708984,2804400,UNH
2016-02-24,119.93000030517578,120.31999969482422,117.83000183105469,120.19999694824219,103.09298706054688,2559700,UNH
2016-02-25,120.19999694824219,121.2300033569336,119.81999969482422,121.19999694824219,103.9507064819336,2281700,UNH
2016-02-26,121.4800033569336,122.26000213623047,120.88999938964844,121.33000183105469,104.06216430664062,2877500,UNH
2016-02-29,121.0999984741211,121.81999969482422,118.97000122070312,119.0999984741211,102.1495590209961,4526300,UNH
2016-03-01,119.48999786376953,122.22000122070312,119.37000274658203,121.66999816894531,104.35379028320312,3295600,UNH
2016-03-02,121.2300033569336,121.83999633789062,120.37000274658203,121.2699966430664,104.01072692871094,2670900,UNH
2016-03-03,120.86000061035156,121.86000061035156,120.08999633789062,121.81999969482422,104.48243713378906,3064100,UNH
2016-03-04,121.31999969482422,122.19000244140625,120.73999786376953,121.80000305175781,104.46529388427734,2873900,UNH
2016-03-07,121.08000183105469,122.73999786376953,120.9000015258789,121.76000213623047,104.43101501464844,2315400,UNH
2016-03-08,121.27999877929688,122.31999969482422,120.7300033569336,121.66000366210938,104.34520721435547,2522000,UNH
2016-03-09,121.87999725341797,122.12000274658203,120.44999694824219,121.0999984741211,104.29351806640625,2094000,UNH
2016-03-10,121.19999694824219,122.76000213623047,120.41000366210938,122.08999633789062,105.14614868164062,2638200,UNH
2016-03-11,122.47000122070312,125.31999969482422,122.25,125.0999984741211,107.73841094970703,3766200,UNH
2016-03-14,124.80000305175781,126.0199966430664,124.36000061035156,125.22000122070312,107.8417739868164,2856400,UNH
2016-03-15,124.54000091552734,125.47000122070312,124.08000183105469,124.8499984741211,107.52310180664062,2610300,UNH
2016-03-16,124.38999938964844,125.55000305175781,124.0999984741211,124.9000015258789,107.56616973876953,2140900,UNH
2016-03-17,124.61000061035156,124.95999908447266,122.22000122070312,124.52999877929688,107.24751281738281,3911400,UNH
2016-03-18,124.86000061035156,127.08000183105469,124.52999877929688,126.72000122070312,109.13360595703125,6948400,UNH
2016-03-21,126.23999786376953,127.0,125.68000030517578,126.73999786376953,109.15083312988281,2667000,UNH
2016-03-22,126.6500015258789,128.82000732421875,126.0199966430664,128.02000427246094,110.25318145751953,3984000,UNH
2016-03-23,128.14999389648438,130.35000610351562,128.02000427246094,129.7899932861328,111.77752685546875,6166400,UNH
2016-03-24,128.97000122070312,130.32000732421875,127.16999816894531,128.58999633789062,110.74406433105469,4153900,UNH
2016-03-28,128.82000732421875,129.5,128.00999450683594,128.9199981689453,111.02826690673828,1955100,UNH
2016-03-29,129.27000427246094,130.08999633789062,128.5399932861328,129.8300018310547,111.81196594238281,2463100,UNH
2016-03-30,130.08999633789062,131.10000610351562,129.38999938964844,129.67999267578125,111.68280029296875,2578500,UNH
2016-03-31,129.63999938964844,129.97000122070312,128.2899932861328,128.89999389648438,111.01101684570312,3181800,UNH
2016-04-01,128.69000244140625,130.44000244140625,128.36000061035156,129.9199981689453,111.8895034790039,3901700,UNH
2016-04-04,130.5,130.6999969482422,128.8800048828125,129.49000549316406,111.5191650390625,2812400,UNH
2016-04-05,128.9499969482422,129.4600067138672,126.9000015258789,127.04000091552734,109.4091567993164,4440000,UNH
2016-04-06,127.2300033569336,128.4199981689453,126.87999725341797,128.02999877929688,110.26179504394531,3021400,UNH
2016-04-07,127.51000213623047,128.44000244140625,126.2300033569336,126.87000274658203,109.26276397705078,3186600,UNH
2016-04-08,127.19000244140625,128.14999389648438,125.26000213623047,125.68000030517578,108.2379379272461,3642300,UNH
2016-04-11,125.83000183105469,126.94000244140625,125.83000183105469,126.33000183105469,108.79769897460938,3119200,UNH
2016-04-12,126.30000305175781,127.36000061035156,125.4000015258789,126.80000305175781,109.20252227783203,2887200,UNH
2016-04-13,127.6500015258789,128.66000366210938,127.2699966430664,127.76000213623047,110.02926635742188,2592400,UNH
2016-04-14,127.72000122070312,128.57000732421875,127.55999755859375,127.9800033569336,110.21873474121094,1674600,UNH
2016-04-15,127.88999938964844,128.05999755859375,126.22000122070312,127.33000183105469,109.65894317626953,2835200,UNH
2016-04-18,126.87999725341797,128.02999877929688,126.5999984741211,127.80999755859375,110.07232666015625,2717400,UNH
2016-04-19,130.08999633789062,131.3000030517578,129.1199951171875,130.5,112.38898468017578,4340100,UNH
2016-04-20,131.2899932861328,135.11000061035156,130.89999389648438,133.92999267578125,115.34297943115234,7321000,UNH
2016-04-21,133.55999755859375,134.0,132.42999267578125,132.9600067138672,114.50759887695312,3786000,UNH
2016-04-22,133.72000122070312,134.3300018310547,133.0500030517578,134.1300048828125,115.5152359008789,2782800,UNH
2016-04-25,133.7100067138672,134.07000732421875,132.58999633789062,133.77999877929688,115.21380615234375,2702100,UNH
2016-04-26,133.97000122070312,134.61000061035156,133.0,134.24000549316406,115.60994720458984,2638000,UNH
2016-04-27,134.33999633789062,134.5800018310547,131.89999389648438,132.8000030517578,114.36978149414062,3358800,UNH
2016-04-28,132.7899932861328,134.38999938964844,131.69000244140625,132.07000732421875,113.74113464355469,3332800,UNH
2016-04-29,131.05999755859375,131.8800048828125,128.92999267578125,131.67999267578125,113.40523529052734,4161100,UNH
2016-05-02,132.61000061035156,132.92999267578125,130.9199981689453,132.10000610351562,113.76692199707031,2887700,UNH
2016-05-03,131.3699951171875,133.22999572753906,131.1300048828125,132.4600067138672,114.07698822021484,3632300,UNH
2016-05-04,131.02000427246094,132.41000366210938,130.58999633789062,132.02999877929688,113.7066421508789,2909300,UNH
2016-05-05,132.0500030517578,133.27999877929688,131.85000610351562,132.30999755859375,113.94781494140625,2054700,UNH
2016-05-06,132.08999633789062,132.27999877929688,130.60000610351562,132.0399932861328,113.7152328491211,2618600,UNH
2016-05-09,131.75,133.58999633789062,131.57000732421875,132.6699981689453,114.25786590576172,2191800,UNH
2016-05-10,132.9199981689453,133.60000610351562,132.5800018310547,133.57000732421875,115.03294372558594,2223500,UNH
2016-05-11,133.74000549316406,134.0,130.5800018310547,130.69000244140625,112.5526351928711,3450800,UNH
2016-05-12,131.0,131.2899932861328,128.75,129.74000549316406,111.7344741821289,3210400,UNH
2016-05-13,129.10000610351562,130.02999877929688,128.5500030517578,129.0,111.09716033935547,3137300,UNH
2016-05-16,128.75,130.86000061035156,128.52999877929688,130.63999938964844,112.50955963134766,2466000,UNH
2016-05-17,130.57000732421875,131.22000122070312,128.99000549316406,129.55999755859375,111.5794448852539,2294500,UNH
2016-05-18,129.11000061035156,131.27000427246094,128.92999267578125,130.50999450683594,112.3976058959961,2246400,UNH
2016-05-19,129.69000244140625,131.1199951171875,128.75999450683594,130.0,111.95838165283203,2756000,UNH
2016-05-20,130.6300048828125,131.7899932861328,130.1999969482422,130.94000244140625,112.7679672241211,2538100,UNH
2016-05-23,130.1300048828125,131.1999969482422,130.00999450683594,130.4199981689453,112.32008361816406,3036500,UNH
2016-05-24,130.75999450683594,132.99000549316406,130.30999755859375,132.58999633789062,114.18893432617188,2702400,UNH
2016-05-25,133.2100067138672,134.3000030517578,132.77999877929688,133.4199981689453,114.90373229980469,2211300,UNH
2016-05-26,133.5,133.9600067138672,132.66000366210938,132.97999572753906,114.52484893798828,1499300,UNH
2016-05-27,132.97999572753906,134.52999877929688,132.9600067138672,134.0,115.40325927734375,1833400,UNH
2016-05-31,134.60000610351562,134.75,133.47999572753906,133.6699981689453,115.11907196044922,3634100,UNH
2016-06-01,133.5800018310547,134.85000610351562,133.02000427246094,134.52999877929688,115.85968017578125,2618000,UNH
2016-06-02,134.25999450683594,136.14999389648438,134.00999450683594,136.0399932861328,117.1601333618164,4015000,UNH
2016-06-03,135.61000061035156,137.1199951171875,135.14999389648438,136.83999633789062,117.84912109375,3625600,UNH
2016-06-06,136.9199981689453,138.38999938964844,136.50999450683594,138.14999389648438,118.97732543945312,2959900,UNH
2016-06-07,138.16000366210938,138.5,136.8800048828125,136.94000244140625,117.9352035522461,2943200,UNH
2016-06-08,137.27000427246094,140.88999938964844,137.0,140.39999389648438,120.9150390625,6180800,UNH
2016-06-09,140.49000549316406,140.8699951171875,139.5399932861328,140.67999267578125,121.15618896484375,3682400,UNH
2016-06-10,140.25,140.38999938964844,138.63999938964844,139.24000549316406,119.91605377197266,2805800,UNH
2016-06-13,139.0,140.1300048828125,138.0800018310547,138.08999633789062,118.92565155029297,2804300,UNH
2016-06-14,137.8800048828125,138.25999450683594,137.33999633789062,137.8699951171875,118.73619842529297,2970700,UNH
2016-06-15,137.74000549316406,138.1699981689453,137.0500030517578,137.25999450683594,118.7491455078125,2369400,UNH
2016-06-16,137.2100067138672,138.88999938964844,136.3800048828125,138.66000366210938,119.96031188964844,3176100,UNH
2016-06-17,138.75999450683594,138.85000610351562,136.5500030517578,137.69000244140625,119.12118530273438,4430900,UNH
2016-06-20,139.22000122070312,139.83999633789062,138.13999938964844,138.52000427246094,119.8392333984375,3731700,UNH
2016-06-21,139.1999969482422,139.22999572753906,138.07000732421875,138.19000244140625,119.55372619628906,2021400,UNH
2016-06-22,138.4499969482422,139.5399932861328,137.6300048828125,137.89999389648438,119.30284881591797,2375200,UNH
2016-06-23,139.35000610351562,139.97999572753906,138.00999450683594,139.19000244140625,120.41887664794922,2646800,UNH
2016-06-24,135.66000366210938,138.6199951171875,135.14999389648438,137.2899932861328,118.77507019042969,4475100,UNH
2016-06-27,136.14999389648438,137.38999938964844,135.47999572753906,137.11000061035156,118.61939239501953,3996200,UNH
2016-06-28,138.2100067138672,139.08999633789062,137.64999389648438,138.7100067138672,120.00360107421875,4160200,UNH
2016-06-29,139.8000030517578,140.67999267578125,139.60000610351562,140.52000427246094,121.56951904296875,3704500,UNH
2016-06-30,140.67999267578125,141.30999755859375,140.24000549316406,141.1999969482422,122.15784454345703,4730800,UNH
2016-07-01,141.16000366210938,141.7899932861328,140.6199951171875,140.86000061035156,121.8636245727539,2882500,UNH
2016-07-05,140.14999389648438,141.91000366210938,140.02999877929688,141.55999755859375,122.46923828125,3749300,UNH
2016-07-06,140.97999572753906,142.9600067138672,140.97000122070312,142.3800048828125,123.17865753173828,4083300,UNH
2016-07-07,142.3699951171875,142.66000366210938,139.9499969482422,140.8000030517578,121.81173706054688,3515500,UNH
2016-07-08,141.6999969482422,141.77999877929688,139.5500030517578,141.27000427246094,122.2183609008789,3605500,UNH
2016-07-11,141.27000427246094,141.60000610351562,140.00999450683594,140.32000732421875,121.396484375,4084000,UNH
2016-07-12,140.88999938964844,140.9499969482422,139.3699951171875,139.86000061035156,120.99847412109375,4310100,UNH
2016-07-13,140.9600067138672,141.58999633789062,139.9199981689453,141.47999572753906,122.4000473022461,3164700,UNH
2016-07-14,142.38999938964844,142.85000610351562,140.47000122070312,140.83999633789062,121.8463134765625,3000700,UNH
2016-07-15,141.64999389648438,142.77999877929688,141.05999755859375,141.3300018310547,122.27029418945312,3748700,UNH
2016-07-18,141.75999450683594,141.89999389648438,139.6199951171875,140.75,121.76847076416016,4166300,UNH
2016-07-19,140.75,142.6300048828125,139.32000732421875,142.58999633789062,123.36035919189453,5326200,UNH
2016-07-20,143.47000122070312,144.47999572753906,142.80999755859375,143.02000427246094,123.73235321044922,5489800,UNH
2016-07-21,142.7100067138672,143.72999572753906,142.1300048828125,142.8699951171875,123.60258483886719,3475100,UNH
2016-07-22,143.69000244140625,144.0500030517578,142.9199981689453,143.69000244140625,124.31197357177734,2697500,UNH
2016-07-25,143.5500030517578,143.88999938964844,141.41000366210938,141.72999572753906,122.61632537841797,2725600,UNH
2016-07-26,141.94000244140625,142.19000244140625,141.02000427246094,141.6999969482422,122.59037017822266,2668100,UNH
2016-07-27,141.1699981689453,142.33999633789062,139.91000366210938,141.67999267578125,122.57305908203125,2684100,UNH
2016-07-28,141.36000061035156,143.02999877929688,141.19000244140625,142.75999450683594,123.50743865966797,2517000,UNH
2016-07-29,141.85000610351562,143.89999389648438,141.60000610351562,143.1999969482422,123.88811492919922,3269700,UNH
2016-08-01,143.4199981689453,144.16000366210938,143.0399932861328,143.50999450683594,124.15625,2494900,UNH
2016-08-02,143.80999755859375,143.97000122070312,142.33999633789062,143.1699981689453,123.86212158203125,2679100,UNH
2016-08-03,143.3300018310547,143.6199951171875,142.42999267578125,142.8800048828125,123.61127471923828,1963600,UNH
2016-08-04,143.10000610351562,143.47999572753906,142.25999450683594,142.7100067138672,123.46416473388672,1890900,UNH
2016-08-05,143.3300018310547,143.5399932861328,142.39999389648438,142.99000549316406,123.70643615722656,2000100,UNH
2016-08-08,142.61000061035156,143.07000732421875,141.86000061035156,142.1300048828125,122.96235656738281,1846400,UNH
2016-08-09,142.5500030517578,143.1300048828125,141.67999267578125,141.82000732421875,122.69420623779297,2140700,UNH
2016-08-10,141.8699951171875,142.33999633789062,140.92999267578125,142.19000244140625,123.0142593383789,1866300,UNH
2016-08-11,142.24000549316406,143.05999755859375,141.44000244140625,142.6300048828125,123.39498138427734,1857500,UNH
2016-08-12,142.16000366210938,143.13999938964844,141.5,142.8800048828125,123.61127471923828,1787900,UNH
2016-08-15,142.9600067138672,143.11000061035156,141.49000549316406,141.6199951171875,122.52113342285156,2369600,UNH
2016-08-16,141.14999389648438,141.6199951171875,140.3300018310547,141.0800018310547,122.05403137207031,1688500,UNH
2016-08-17,141.2899932861328,141.91000366210938,140.66000366210938,141.7100067138672,122.59905242919922,1849100,UNH
2016-08-18,141.6699981689453,142.83999633789062,141.27000427246094,142.1699981689453,122.99699401855469,1572700,UNH
2016-08-19,141.64999389648438,142.25,141.22000122070312,142.0399932861328,122.884521484375,1950200,UNH
2016-08-22,142.11000061035156,143.0,141.7100067138672,142.08999633789062,122.92779541015625,1587900,UNH
2016-08-23,142.72999572753906,142.8699951171875,141.75,142.00999450683594,122.85855102539062,2295500,UNH
2016-08-24,142.0,142.0800018310547,139.50999450683594,139.8699951171875,121.00715637207031,2529800,UNH
2016-08-25,139.75,139.75,137.02999877929688,137.3000030517578,118.78372955322266,3891000,UNH
2016-08-26,137.6699981689453,138.3000030517578,135.99000549316406,136.6199951171875,118.19544982910156,3082400,UNH
2016-08-29,137.1999969482422,138.0399932861328,136.47999572753906,137.27000427246094,118.75782775878906,2315900,UNH
2016-08-30,137.27000427246094,137.69000244140625,136.24000549316406,136.8699951171875,118.41173553466797,2026600,UNH
2016-08-31,136.5500030517578,136.82000732421875,135.5500030517578,136.0500030517578,117.70233154296875,2837300,UNH
2016-09-01,136.82000732421875,136.97999572753906,135.35000610351562,135.74000549316406,117.43416595458984,2765400,UNH
2016-09-02,136.5,136.77999877929688,135.75999450683594,136.61000061035156,118.18682098388672,2390500,UNH
2016-09-06,136.6199951171875,136.85000610351562,135.6300048828125,135.97000122070312,117.6331558227539,2242400,UNH
2016-09-07,135.0,135.9600067138672,134.1999969482422,134.99000549316406,117.32459259033203,2816300,UNH
2016-09-08,134.47000122070312,135.6199951171875,134.41000366210938,135.44000244140625,117.71568298339844,2826700,UNH
2016-09-09,134.7100067138672,135.14999389648438,133.6199951171875,133.6199951171875,116.13387298583984,3322300,UNH
2016-09-12,132.7100067138672,135.72000122070312,132.38999938964844,135.52999877929688,117.79395294189453,3457400,UNH
2016-09-13,134.24000549316406,135.14999389648438,133.3699951171875,133.9499969482422,116.42064666748047,3331500,UNH
2016-09-14,133.8699951171875,134.69000244140625,132.97999572753906,133.69000244140625,116.19469451904297,4592400,UNH
2016-09-15,133.02999877929688,136.08999633789062,132.8800048828125,135.61000061035156,117.86347198486328,3302900,UNH
2016-09-16,135.61000061035156,138.5500030517578,135.52999877929688,138.47000122070312,120.34915924072266,7421900,UNH
2016-09-19,138.67999267578125,139.38999938964844,137.52000427246094,137.67999267578125,119.66255187988281,3239500,UNH
2016-09-20,138.1300048828125,138.52999877929688,137.05999755859375,137.47000122070312,119.48001098632812,2425700,UNH
2016-09-21,138.1999969482422,139.9600067138672,137.99000549316406,139.91000366210938,121.6007080078125,3506600,UNH
2016-09-22,140.49000549316406,141.41000366210938,140.3300018310547,141.0399932861328,122.58282470703125,3018300,UNH
2016-09-23,141.02000427246094,141.77999877929688,140.36000061035156,140.50999450683594,122.12217712402344,2802000,UNH
2016-09-26,139.9499969482422,140.1699981689453,138.89999389648438,139.72000122070312,121.43553924560547,2636500,UNH
2016-09-27,139.99000549316406,140.83999633789062,138.69000244140625,140.7899932861328,122.36556243896484,3048600,UNH
2016-09-28,141.1300048828125,141.7100067138672,139.66000366210938,140.41000366210938,122.03529357910156,1990400,UNH
2016-09-29,140.17999267578125,140.27999877929688,137.83999633789062,138.32000732421875,120.21882629394531,2201000,UNH
2016-09-30,139.17999267578125,140.47999572753906,138.4199981689453,140.0,121.67894744873047,4164100,UNH
2016-10-03,139.35000610351562,139.72000122070312,138.02999877929688,138.49000549316406,120.3665542602539,2724400,UNH
2016-10-04,138.69000244140625,139.36000061035156,137.16000366210938,138.16000366210938,120.07972717285156,2452600,UNH
2016-10-05,138.2100067138672,138.92999267578125,136.60000610351562,137.60000610351562,119.59300994873047,4625600,UNH
2016-10-06,137.30999755859375,137.49000549316406,135.66000366210938,136.47000122070312,118.61090850830078,4025300,UNH
2016-10-07,137.2100067138672,137.5500030517578,135.97999572753906,136.66000366210938,118.7760238647461,2568700,UNH
2016-10-10,136.97000122070312,138.35000610351562,136.97000122070312,138.0800018310547,120.01020050048828,2586000,UNH
2016-10-11,137.32000732421875,137.69000244140625,134.3699951171875,134.75,117.1159896850586,3353600,UNH
2016-10-12,134.97999572753906,135.72000122070312,133.63999938964844,135.10000610351562,117.42018127441406,4287900,UNH
2016-10-13,134.64999389648438,134.64999389648438,133.61000061035156,134.19000244140625,116.6292724609375,3425700,UNH
2016-10-14,134.77999877929688,135.50999450683594,133.88999938964844,133.9199981689453,116.39459228515625,3452900,UNH
2016-10-17,134.05999755859375,134.42999267578125,133.02999877929688,134.1300048828125,116.57713317871094,3602500,UNH
2016-10-18,139.1999969482422,143.9499969482422,137.8699951171875,143.38999938964844,124.62530517578125,10141900,UNH
2016-10-19,143.82000732421875,146.36000061035156,142.82000732421875,144.3699951171875,125.47702026367188,5796000,UNH
2016-10-20,144.49000549316406,145.8800048828125,143.97999572753906,145.07000732421875,126.08548736572266,5203700,UNH
2016-10-21,144.25999450683594,145.44000244140625,143.75999450683594,145.3699951171875,126.34619903564453,3331800,UNH
2016-10-24,146.0,146.22000122070312,144.02000427246094,144.69000244140625,125.75520324707031,2930200,UNH
2016-10-25,144.8800048828125,145.3800048828125,143.60000610351562,143.77999877929688,124.9642562866211,3095400,UNH
2016-10-26,143.75,143.77999877929688,141.88999938964844,142.22999572753906,123.61711120605469,3267600,UNH
2016-10-27,142.72000122070312,143.25,141.5800018310547,141.94000244140625,123.3651123046875,3358000,UNH
2016-10-28,141.66000366210938,142.35000610351562,139.44000244140625,140.35000610351562,121.98313903808594,4033600,UNH
2016-10-31,140.8000030517578,141.5399932861328,139.97000122070312,141.3300018310547,122.83488464355469,3761100,UNH
2016-11-01,141.50999450683594,141.50999450683594,138.82000732421875,139.42999267578125,121.18354797363281,3391400,UNH
2016-11-02,139.02000427246094,141.22999572753906,138.92999267578125,138.97999572753906,120.79241943359375,3149700,UNH
2016-11-03,139.17999267578125,140.33999633789062,137.64999389648438,137.8300018310547,119.79291534423828,2989700,UNH
2016-11-04,138.4499969482422,138.88999938964844,137.69000244140625,137.7100067138672,119.68863677978516,3520700,UNH
2016-11-07,139.60000610351562,142.44000244140625,139.5500030517578,141.92999267578125,123.35633850097656,3896600,UNH
2016-11-08,141.35000610351562,143.61000061035156,141.0,142.89999389648438,124.19940948486328,4389300,UNH
2016-11-09,139.5399932861328,144.19000244140625,136.22000122070312,141.89999389648438,123.33026123046875,8042400,UNH
2016-11-10,142.33999633789062,146.57000732421875,142.0,146.1300048828125,127.00672149658203,6075500,UNH
2016-11-11,146.7100067138672,147.5,146.00999450683594,146.4199981689453,127.25881958007812,4475400,UNH
2016-11-14,147.32000732421875,152.9199981689453,147.0399932861328,152.27999877929688,132.35189819335938,5740400,UNH
2016-11-15,153.50999450683594,153.9600067138672,151.50999450683594,152.22999572753906,132.30844116210938,4910700,UNH
2016-11-16,151.99000549316406,153.0,151.22999572753906,151.5,131.67401123046875,3899000,UNH
2016-11-17,151.82000732421875,151.9199981689453,150.19000244140625,150.77000427246094,131.03953552246094,4683000,UNH
2016-11-18,151.0500030517578,151.66000366210938,149.39999389648438,149.4499969482422,129.8922576904297,5664800,UNH
2016-11-21,149.72000122070312,150.66000366210938,148.55999755859375,150.41000366210938,130.7266387939453,3867800,UNH
2016-11-22,151.0800018310547,152.92999267578125,150.55999755859375,152.25999450683594,132.3345489501953,4992100,UNH
2016-11-23,152.00999450683594,153.74000549316406,150.9600067138672,153.5399932861328,133.447021484375,2697200,UNH
2016-11-25,153.92999267578125,154.5,152.61000061035156,152.80999755859375,132.81256103515625,1664500,UNH
2016-11-28,152.74000549316406,152.85000610351562,150.0,152.11000061035156,132.20420837402344,5029600,UNH
2016-11-29,156.94000244140625,158.1199951171875,155.17999267578125,157.58999633789062,136.967041015625,5827400,UNH
2016-11-30,157.47000122070312,159.75999450683594,157.07000732421875,158.32000732421875,138.14939880371094,7142400,UNH
2016-12-01,159.1199951171875,161.72000122070312,159.1199951171875,160.94000244140625,140.4355926513672,5250200,UNH
2016-12-02,161.0,162.52000427246094,160.55999755859375,160.72999572753906,140.25234985351562,3480000,UNH
2016-12-05,160.19000244140625,160.6699981689453,156.22999572753906,157.6300048828125,137.54733276367188,5854200,UNH
2016-12-06,158.1699981689453,158.22999572753906,156.25999450683594,157.32000732421875,137.27679443359375,3216700,UNH
2016-12-07,157.88999938964844,159.97999572753906,156.35000610351562,159.39999389648438,139.09178161621094,4552300,UNH
2016-12-08,159.41000366210938,160.24000549316406,158.0,159.32000732421875,139.02200317382812,3407500,UNH
2016-12-09,159.52000427246094,160.16000366210938,157.7100067138672,160.1199951171875,139.72006225585938,4007200,UNH
2016-12-12,158.8300018310547,159.66000366210938,157.75,159.49000549316406,139.1703643798828,3471200,UNH
2016-12-13,160.39999389648438,161.7100067138672,160.07000732421875,160.5399932861328,140.08657836914062,3868900,UNH
2016-12-14,161.13999938964844,161.8000030517578,158.72000122070312,159.86000061035156,139.49322509765625,3885700,UNH
2016-12-15,159.8699951171875,161.2899932861328,159.42999267578125,160.6199951171875,140.15638732910156,4422700,UNH
2016-12-16,161.3800048828125,164.0,161.19000244140625,163.94000244140625,143.05335998535156,7605300,UNH
2016-12-19,163.08999633789062,163.94000244140625,161.22000122070312,161.5399932861328,140.9591522216797,4732600,UNH
2016-12-20,161.7100067138672,163.11000061035156,161.41000366210938,161.58999633789062,141.00279235839844,3131200,UNH
2016-12-21,161.4199981689453,162.2899932861328,159.6199951171875,161.3300018310547,140.77590942382812,2767700,UNH
2016-12-22,161.38999938964844,161.8800048828125,160.27000427246094,161.5800018310547,140.9940948486328,2741700,UNH
2016-12-23,161.55999755859375,163.0399932861328,160.5500030517578,163.02999877929688,142.25929260253906,2044400,UNH
2016-12-27,163.25999450683594,163.9600067138672,162.4499969482422,162.63999938964844,141.9190216064453,1344000,UNH
2016-12-28,162.16000366210938,163.25,161.32000732421875,161.44000244140625,140.87188720703125,1669100,UNH
2016-12-29,161.9199981689453,162.36000061035156,160.38999938964844,161.0399932861328,140.52279663085938,2476300,UNH
2016-12-30,161.3699951171875,161.47999572753906,159.85000610351562,160.0399932861328,139.65023803710938,2855600,UNH
2017-01-03,161.1300048828125,162.27000427246094,159.14999389648438,161.4499969482422,140.88059997558594,3539700,UNH
2017-01-04,162.35000610351562,162.5800018310547,159.74000549316406,161.91000366210938,141.28201293945312,2695200,UNH
2017-01-05,161.75,162.6300048828125,161.50999450683594,162.17999267578125,141.51759338378906,2961100,UNH
2017-01-06,161.75,162.94000244140625,161.11000061035156,162.41000366210938,141.7183380126953,3081300,UNH
2017-01-09,162.0,162.42999267578125,160.77999877929688,161.9499969482422,141.31690979003906,3040800,UNH
2017-01-10,161.27000427246094,162.97999572753906,160.5,161.5800018310547,140.9940948486328,3500700,UNH
2017-01-11,161.3000030517578,162.94000244140625,160.61000061035156,161.88999938964844,141.2645721435547,3330600,UNH
2017-01-12,161.69000244140625,162.94000244140625,160.88999938964844,162.36000061035156,141.67469787597656,2555900,UNH
2017-01-13,162.16000366210938,162.74000549316406,161.41000366210938,161.8000030517578,141.18603515625,3183300,UNH
2017-01-17,162.61000061035156,162.97000122070312,157.50999450683594,160.66000366210938,140.19129943847656,5475800,UNH
2017-01-18,161.05999755859375,161.1999969482422,156.08999633789062,157.74000549316406,137.64329528808594,6591600,UNH
2017-01-19,157.74000549316406,160.5500030517578,157.24000549316406,158.6999969482422,138.48097229003906,4976900,UNH
2017-01-20,159.02000427246094,159.8000030517578,157.80999755859375,158.66000366210938,138.4460906982422,3579100,UNH
2017-01-23,158.6199951171875,159.52000427246094,156.55999755859375,159.07000732421875,138.80386352539062,4062600,UNH
2017-01-24,159.36000061035156,161.30999755859375,159.10000610351562,160.42999267578125,139.99057006835938,3514100,UNH
2017-01-25,160.82000732421875,161.97999572753906,160.35000610351562,161.24000549316406,140.69741821289062,3605800,UNH
2017-01-26,161.86000061035156,163.5800018310547,161.25,162.75,142.0150146484375,4202400,UNH
2017-01-27,163.5,163.8000030517578,162.6199951171875,162.99000549316406,142.22442626953125,3110400,UNH
2017-01-30,162.94000244140625,163.4600067138672,161.30999755859375,162.08999633789062,141.43905639648438,2784600,UNH
2017-01-31,161.6199951171875,162.19000244140625,160.00999450683594,162.10000610351562,141.4477996826172,3037000,UNH
2017-02-01,162.75,163.89999389648438,162.02999877929688,162.7100067138672,141.9801025390625,3718500,UNH
2017-02-02,162.52000427246094,163.25,160.25999450683594,160.75999450683594,140.27854919433594,4714000,UNH
2017-02-03,161.1300048828125,162.0,160.2100067138672,161.8699951171875,141.24710083007812,2762300,UNH
2017-02-06,161.50999450683594,162.52999877929688,160.22000122070312,160.50999450683594,140.0603790283203,3479400,UNH
2017-02-07,161.0500030517578,161.67999267578125,159.5399932861328,160.52999877929688,140.07781982421875,2942700,UNH
2017-02-08,160.0,160.6300048828125,159.41000366210938,160.30999755859375,139.8858642578125,2339700,UNH
2017-02-09,160.30999755859375,161.3000030517578,159.55999755859375,160.44000244140625,139.99932861328125,3056800,UNH
2017-02-10,160.1199951171875,161.58999633789062,160.10000610351562,160.75,140.26980590820312,1905900,UNH
2017-02-13,160.69000244140625,162.02000427246094,160.69000244140625,161.99000549316406,141.35183715820312,3275800,UNH
2017-02-14,161.4499969482422,163.5,161.25,163.1300048828125,142.34661865234375,2969400,UNH
2017-02-15,162.5800018310547,164.88999938964844,162.5800018310547,164.2899932861328,143.35879516601562,4537900,UNH
2017-02-16,164.77999877929688,164.97000122070312,162.3300018310547,163.64999389648438,142.80030822753906,3191600,UNH
2017-02-17,159.0,160.16000366210938,156.49000549316406,157.6199951171875,137.53860473632812,12033600,UNH
2017-02-21,157.6199951171875,160.82000732421875,157.52000427246094,160.57000732421875,140.11273193359375,5419000,UNH
2017-02-22,160.91000366210938,161.77999877929688,159.63999938964844,160.57000732421875,140.11273193359375,2725300,UNH
2017-02-23,161.3300018310547,162.60000610351562,160.69000244140625,162.60000610351562,141.88409423828125,2459600,UNH
2017-02-24,162.6699981689453,163.08999633789062,161.74000549316406,163.05999755859375,142.2854766845703,2715700,UNH
2017-02-27,163.16000366210938,165.4600067138672,162.80999755859375,165.3800048828125,144.30996704101562,4071800,UNH
2017-02-28,165.47000122070312,166.75999450683594,164.89999389648438,165.3800048828125,144.30996704101562,4382100,UNH
2017-03-01,166.72000122070312,168.60000610351562,166.35000610351562,167.94000244140625,146.5437469482422,3514200,UNH
2017-03-02,168.32000732421875,168.42999267578125,166.9600067138672,167.30999755859375,145.99400329589844,1889800,UNH
2017-03-03,167.30999755859375,168.4499969482422,166.6199951171875,168.1999969482422,146.77064514160156,2254400,UNH
2017-03-06,167.42999267578125,169.35000610351562,167.1300048828125,168.6999969482422,147.2069549560547,2576500,UNH
2017-03-07,168.4499969482422,169.36000061035156,167.92999267578125,168.3000030517578,146.85791015625,2702300,UNH
2017-03-08,167.50999450683594,168.4600067138672,166.8000030517578,167.91000366210938,147.06378173828125,2048200,UNH
2017-03-09,168.14999389648438,169.07000732421875,167.74000549316406,168.00999450683594,147.1513214111328,3631400,UNH
2017-03-10,168.4199981689453,170.0,168.05999755859375,169.97999572753906,148.87673950195312,3716600,UNH
2017-03-13,169.99000549316406,170.92999267578125,169.5500030517578,170.2100067138672,149.0781707763672,3130200,UNH
2017-03-14,169.66000366210938,170.17999267578125,168.5,169.05999755859375,148.07093811035156,2522600,UNH
2017-03-15,169.36000061035156,171.97000122070312,169.2899932861328,171.77999877929688,150.4532470703125,2807600,UNH
2017-03-16,172.07000732421875,172.13999938964844,170.22000122070312,171.3000030517578,150.03285217285156,3138600,UNH
2017-03-17,171.08999633789062,171.5399932861328,169.58999633789062,169.6999969482422,148.63156127929688,5622900,UNH
2017-03-20,169.92999267578125,170.24000549316406,167.9199981689453,168.0,147.1425323486328,3928600,UNH
2017-03-21,168.6699981689453,168.82000732421875,167.05999755859375,167.6999969482422,146.87982177734375,4953100,UNH
2017-03-22,168.1300048828125,168.3800048828125,165.6300048828125,167.02999877929688,146.29299926757812,2999800,UNH
2017-03-23,166.22999572753906,166.92999267578125,164.77000427246094,165.2899932861328,144.76902770996094,3947400,UNH
2017-03-24,166.1300048828125,167.39999389648438,164.35000610351562,165.0,144.5149688720703,5243900,UNH
2017-03-27,163.99000549316406,165.11000061035156,163.30999755859375,164.60000610351562,144.16468811035156,4383000,UNH
2017-03-28,164.5800018310547,166.07000732421875,163.83999633789062,165.35000610351562,144.82151794433594,7327100,UNH
2017-03-29,164.66000366210938,164.97000122070312,162.74000549316406,163.44000244140625,143.148681640625,5900400,UNH
2017-03-30,163.64999389648438,165.92999267578125,163.4600067138672,164.99000549316406,144.50624084472656,2993800,UNH
2017-03-31,164.63999938964844,165.10000610351562,163.75,164.00999450683594,143.64791870117188,3496100,UNH
2017-04-03,164.6199951171875,166.13999938964844,164.25,165.58999633789062,145.03175354003906,3473700,UNH
2017-04-04,165.8699951171875,166.4499969482422,164.7899932861328,164.97000122070312,144.48875427246094,2886000,UNH
2017-04-05,165.75999450683594,167.25999450683594,165.22000122070312,165.3699951171875,144.83905029296875,3541600,UNH
2017-04-06,165.4499969482422,166.02000427246094,164.83999633789062,165.33999633789062,144.81280517578125,2923600,UNH
2017-04-07,164.9600067138672,166.5,164.6199951171875,166.02000427246094,145.40838623046875,2927800,UNH
2017-04-10,166.19000244140625,167.0,165.27999877929688,165.47999572753906,144.93539428710938,3234900,UNH
2017-04-11,164.88999938964844,165.83999633789062,164.60000610351562,165.8300018310547,145.24192810058594,3172900,UNH
2017-04-12,166.32000732421875,166.4199981689453,164.60000610351562,165.55999755859375,145.0054473876953,2978700,UNH
2017-04-13,164.9499969482422,165.64999389648438,164.6699981689453,164.9600067138672,144.47999572753906,1979800,UNH
2017-04-17,164.99000549316406,167.4199981689453,164.9600067138672,167.17999267578125,146.4243621826172,4396700,UNH
2017-04-18,170.05999755859375,170.22999572753906,167.6999969482422,168.58999633789062,147.65933227539062,5526200,UNH
2017-04-19,169.58999633789062,171.19000244140625,168.69000244140625,169.25,148.23736572265625,4703400,UNH
2017-04-20,169.52000427246094,172.19000244140625,168.3699951171875,171.5399932861328,150.24310302734375,3652100,UNH
2017-04-21,172.1300048828125,172.6199951171875,170.47000122070312,171.16000366210938,149.9102325439453,2982300,UNH
2017-04-24,172.66000366210938,173.16000366210938,171.6999969482422,172.3300018310547,150.9350128173828,2830300,UNH
2017-04-25,173.5,174.74000549316406,173.19000244140625,174.0399932861328,152.43263244628906,3394700,UNH
2017-04-26,174.08999633789062,175.64999389648438,173.97999572753906,174.3800048828125,152.73048400878906,2817500,UNH
2017-04-27,174.07000732421875,176.07000732421875,174.02000427246094,174.6300048828125,152.94944763183594,2438600,UNH
2017-04-28,174.61000061035156,175.0,173.91000366210938,174.8800048828125,153.1684112548828,2010800,UNH
2017-05-01,175.0,176.13999938964844,174.08999633789062,174.58999633789062,152.9143829345703,2709700,UNH
2017-05-02,174.91000366210938,175.3699951171875,170.27000427246094,174.13999938964844,152.52027893066406,4951000,UNH
2017-05-03,173.75,174.3000030517578,171.86000061035156,172.5399932861328,151.11886596679688,3622200,UNH
2017-05-04,173.0500030517578,174.2100067138672,172.3800048828125,174.02000427246094,152.4152069091797,2585200,UNH
2017-05-05,174.5399932861328,174.8800048828125,173.30999755859375,174.1199951171875,152.50274658203125,2189000,UNH
2017-05-08,173.92999267578125,174.55999755859375,173.57000732421875,174.44000244140625,152.7830352783203,2505900,UNH
2017-05-09,174.10000610351562,174.77000427246094,172.72999572753906,173.24000549316406,151.7320098876953,1653700,UNH
2017-05-10,173.0399932861328,173.63999938964844,172.4600067138672,173.38999938964844,151.8633575439453,1568700,UNH
2017-05-11,172.75999450683594,173.86000061035156,171.6699981689453,173.32000732421875,151.80209350585938,1901300,UNH
2017-05-12,172.63999938964844,173.38999938964844,171.52000427246094,171.80999755859375,150.47958374023438,2335400,UNH
2017-05-15,171.7899932861328,172.0,170.22999572753906,171.52999877929688,150.23426818847656,2831400,UNH
2017-05-16,170.6699981689453,171.0,167.25,168.1199951171875,147.24765014648438,4343700,UNH
2017-05-17,168.1199951171875,170.38999938964844,166.64999389648438,168.86000061035156,147.89578247070312,4442300,UNH
2017-05-18,168.25,173.97999572753906,167.8699951171875,171.4499969482422,150.16424560546875,3908000,UNH
2017-05-19,172.3000030517578,172.9499969482422,170.25,172.58999633789062,151.1627197265625,3877300,UNH
2017-05-22,172.72999572753906,174.89999389648438,172.60000610351562,174.6999969482422,153.0107421875,3480300,UNH
2017-05-23,174.44000244140625,175.52000427246094,173.7100067138672,175.22000122070312,153.46620178222656,2471500,UNH
2017-05-24,175.4499969482422,176.10000610351562,174.52000427246094,175.58999633789062,153.79022216796875,1612300,UNH
2017-05-25,176.32000732421875,178.72999572753906,175.94000244140625,178.0500030517578,155.94479370117188,3212200,UNH
2017-05-26,177.67999267578125,178.88999938964844,177.0,177.5,155.46311950683594,1583600,UNH
2017-05-30,177.5399932861328,178.0800018310547,176.24000549316406,176.58999633789062,154.6660919189453,2285700,UNH
2017-05-31,176.88999938964844,176.89999389648438,174.9199981689453,175.17999267578125,153.43115234375,3320400,UNH
2017-06-01,175.77999877929688,179.5800018310547,175.19000244140625,179.5800018310547,157.28488159179688,2890600,UNH
2017-06-02,179.9199981689453,179.9199981689453,178.33999633789062,179.38999938964844,157.1184844970703,2610100,UNH
2017-06-05,179.52999877929688,180.32000732421875,179.16000366210938,179.3699951171875,157.1009521484375,2640600,UNH
2017-06-06,179.19000244140625,181.05999755859375,178.47999572753906,180.82000732421875,158.3709259033203,3443900,UNH
2017-06-07,182.0,183.47000122070312,179.64999389648438,183.2100067138672,160.46424865722656,3783600,UNH
2017-06-08,183.2100067138672,183.75999450683594,180.97999572753906,181.69000244140625,159.1329345703125,3079900,UNH
2017-06-09,181.83999633789062,182.39999389648438,180.86000061035156,181.4600067138672,158.9314727783203,2392200,UNH
2017-06-12,181.4600067138672,181.82000732421875,176.4199981689453,179.25,156.99583435058594,3705600,UNH
2017-06-13,179.2100067138672,181.38999938964844,179.14999389648438,181.0500030517578,158.5723876953125,2458500,UNH
2017-06-14,180.94000244140625,182.83999633789062,180.94000244140625,182.36000061035156,159.71975708007812,2039300,UNH
2017-06-15,181.75,183.5,180.08999633789062,180.3800048828125,158.6379852294922,3078700,UNH
2017-06-16,180.8300018310547,182.4600067138672,180.3800048828125,181.6300048828125,159.7373046875,4473300,UNH
2017-06-19,182.3000030517578,183.02000427246094,180.75999450683594,183.02000427246094,160.95982360839844,3887100,UNH
2017-06-20,182.75,183.4199981689453,182.22000122070312,183.27000427246094,161.17967224121094,2742600,UNH
2017-06-21,183.49000549316406,185.11000061035156,182.7100067138672,184.9199981689453,162.63076782226562,2866300,UNH
2017-06-22,184.89999389648438,188.66000366210938,184.77999877929688,186.5,164.02035522460938,3841300,UNH
2017-06-23,186.27000427246094,186.27000427246094,184.13999938964844,185.25,162.9209747314453,3438500,UNH
2017-06-26,185.1300048828125,185.88999938964844,183.38999938964844,185.1199951171875,162.80661010742188,2327400,UNH
2017-06-27,185.72000122070312,186.8000030517578,184.22000122070312,184.60000610351562,162.3493194580078,2682800,UNH
2017-06-28,185.67999267578125,186.30999755859375,185.08999633789062,185.6999969482422,163.31678771972656,2451200,UNH
2017-06-29,185.82000732421875,186.08999633789062,184.3300018310547,185.27000427246094,162.93858337402344,2193600,UNH
2017-06-30,185.14999389648438,186.19000244140625,184.92999267578125,185.4199981689453,163.07054138183594,2392000,UNH
2017-07-03,186.2899932861328,187.52999877929688,185.74000549316406,186.64999389648438,164.15223693847656,2087000,UNH
2017-07-05,186.13999938964844,188.36000061035156,185.72000122070312,188.25,165.55941772460938,2587400,UNH
2017-07-06,188.1199951171875,188.19000244140625,186.14999389648438,186.94000244140625,164.4073028564453,1844700,UNH
2017-07-07,187.35000610351562,188.42999267578125,187.00999450683594,187.9600067138672,165.30438232421875,2252500,UNH
2017-07-10,187.3300018310547,188.0,186.14999389648438,186.9499969482422,164.41607666015625,2612000,UNH
2017-07-11,187.0,187.66000366210938,185.08999633789062,185.9499969482422,163.53662109375,2664500,UNH
2017-07-12,186.7899932861328,187.3000030517578,186.41000366210938,186.69000244140625,164.1874542236328,3342800,UNH
2017-07-13,187.0,187.27999877929688,185.32000732421875,185.47999572753906,163.12327575683594,2379300,UNH
2017-07-14,185.80999755859375,187.1300048828125,184.77000427246094,186.89999389648438,164.37213134765625,2716700,UNH
2017-07-17,187.07000732421875,187.25,185.75999450683594,186.35000610351562,163.88839721679688,2444600,UNH
2017-07-18,186.9499969482422,187.1999969482422,183.86000061035156,186.85000610351562,164.328125,4235800,UNH
2017-07-19,187.50999450683594,189.41000366210938,187.50999450683594,189.19000244140625,166.38607788085938,3401600,UNH
2017-07-20,189.41000366210938,191.9199981689453,188.9199981689453,191.5,168.4176025390625,3099600,UNH
2017-07-21,191.3800048828125,193.0,190.60000610351562,191.77999877929688,168.6639404296875,4911500,UNH
2017-07-24,191.7899932861328,192.1699981689453,190.63999938964844,190.88999938964844,167.8811492919922,2356500,UNH
2017-07-25,192.1300048828125,192.47999572753906,190.3000030517578,190.39999389648438,167.4501953125,1960100,UNH
2017-07-26,190.02000427246094,191.52999877929688,189.3800048828125,190.75,167.75804138183594,2683500,UNH
2017-07-27,190.24000549316406,190.49000549316406,188.4600067138672,188.92999267578125,166.1574249267578,2631400,UNH
2017-07-28,189.11000061035156,191.24000549316406,187.60000610351562,191.14999389648438,168.10983276367188,1925000,UNH
2017-07-31,191.58999633789062,192.61000061035156,191.13999938964844,191.80999755859375,168.6902618408203,3767100,UNH
2017-08-01,193.39999389648438,193.39999389648438,191.6199951171875,192.22999572753906,169.05967712402344,3336800,UNH
2017-08-02,192.13999938964844,193.4499969482422,192.13999938964844,193.0,169.73683166503906,2463800,UNH
2017-08-03,193.25999450683594,194.9600067138672,193.00999450683594,194.77000427246094,171.2935333251953,2886100,UNH
2017-08-04,194.9499969482422,196.0399932861328,194.60000610351562,194.8800048828125,171.3902587890625,2892300,UNH
2017-08-07,194.80999755859375,195.41000366210938,193.89999389648438,194.77999877929688,171.30230712890625,2074800,UNH
2017-08-08,194.67999267578125,194.99000549316406,194.0800018310547,194.89999389648438,171.40782165527344,1741000,UNH
2017-08-09,194.89999389648438,195.36000061035156,194.1699981689453,194.8300018310547,171.34629821777344,2125900,UNH
2017-08-10,194.25999450683594,194.38999938964844,192.39999389648438,192.57000732421875,169.35870361328125,2698600,UNH
2017-08-11,193.91000366210938,194.5399932861328,192.66000366210938,193.02000427246094,169.75445556640625,2210700,UNH
2017-08-14,194.60000610351562,194.75,192.89999389648438,193.7100067138672,170.36126708984375,2322000,UNH
2017-08-15,194.47000122070312,195.00999450683594,193.80999755859375,194.5,171.05604553222656,1595200,UNH
2017-08-16,194.80999755859375,195.27000427246094,192.8300018310547,193.77000427246094,170.4140625,1881600,UNH
2017-08-17,193.75,194.24000549316406,192.66000366210938,192.6999969482422,169.47299194335938,2440900,UNH
2017-08-18,192.83999633789062,193.1999969482422,190.6300048828125,190.82000732421875,167.81964111328125,2858500,UNH
2017-08-21,190.8800048828125,192.30999755859375,190.8800048828125,192.02999877929688,168.88375854492188,1930500,UNH
2017-08-22,192.14999389648438,194.9600067138672,191.55999755859375,194.7899932861328,171.31109619140625,2021900,UNH
2017-08-23,194.5,194.58999633789062,193.72000122070312,194.24000549316406,170.82736206054688,1547000,UNH
2017-08-24,194.5500030517578,195.07000732421875,194.2100067138672,194.75,171.27586364746094,1923700,UNH
2017-08-25,195.3300018310547,195.5399932861328,194.13999938964844,194.36000061035156,170.93292236328125,1375000,UNH
2017-08-28,194.58999633789062,195.80999755859375,194.36000061035156,195.08999633789062,171.57493591308594,2009900,UNH
2017-08-29,194.8300018310547,197.0399932861328,194.3300018310547,196.72999572753906,173.01730346679688,2072200,UNH
2017-08-30,196.3800048828125,196.8800048828125,195.1999969482422,195.8800048828125,172.26974487304688,1506700,UNH
2017-08-31,196.92999267578125,199.49000549316406,196.38999938964844,198.89999389648438,174.92567443847656,2990200,UNH
2017-09-01,199.7899932861328,199.99000549316406,198.36000061035156,199.75,175.6732635498047,2241800,UNH
2017-09-05,199.1999969482422,200.44000244140625,198.7100067138672,199.30999755859375,175.28628540039062,2700800,UNH
2017-09-06,199.5399932861328,199.99000549316406,197.6300048828125,198.3800048828125,174.46841430664062,3040200,UNH
2017-09-07,197.77000427246094,199.47999572753906,197.07000732421875,198.1699981689453,174.945068359375,2684600,UNH
2017-09-08,198.42999267578125,198.86000061035156,197.0,197.75,174.57431030273438,2206000,UNH
2017-09-11,199.25,200.4199981689453,198.77999877929688,199.5800018310547,176.18984985351562,3307900,UNH
2017-09-12,199.44000244140625,199.47000122070312,196.91000366210938,197.47000122070312,174.32713317871094,2554700,UNH
2017-09-13,197.8000030517578,200.75999450683594,197.77999877929688,198.3300018310547,175.0863037109375,2394400,UNH
2017-09-14,197.9499969482422,198.3800048828125,197.08999633789062,197.72999572753906,174.556640625,2378600,UNH
2017-09-15,198.52000427246094,199.7100067138672,197.1999969482422,198.17999267578125,174.95391845703125,4198700,UNH
2017-09-18,198.1699981689453,198.82000732421875,197.50999450683594,198.19000244140625,174.96275329589844,1915200,UNH
2017-09-19,198.44000244140625,198.60000610351562,192.38999938964844,194.64999389648438,171.83763122558594,3819000,UNH
2017-09-20,195.02000427246094,195.83999633789062,194.05999755859375,195.75,172.80868530273438,2788500,UNH
2017-09-21,195.6300048828125,196.1300048828125,194.89999389648438,195.2100067138672,172.33203125,1895000,UNH
2017-09-22,195.11000061035156,195.8699951171875,188.25,193.02999877929688,170.407470703125,5660200,UNH
2017-09-25,193.27000427246094,196.30999755859375,190.9199981689453,191.75,169.27749633789062,3105900,UNH
2017-09-26,192.30999755859375,194.36000061035156,192.0399932861328,192.6999969482422,170.11611938476562,2775400,UNH
2017-09-27,193.1999969482422,195.6199951171875,191.74000549316406,194.49000549316406,171.69638061523438,3267200,UNH
2017-09-28,194.25,196.5500030517578,193.50999450683594,196.10000610351562,173.11764526367188,2088400,UNH
2017-09-29,195.82000732421875,196.08999633789062,194.47999572753906,195.85000610351562,172.89695739746094,2646300,UNH
2017-10-02,196.58999633789062,197.91000366210938,196.3300018310547,197.44000244140625,174.30064392089844,2893600,UNH
2017-10-03,197.5,199.44000244140625,197.25999450683594,198.6300048828125,175.35122680664062,2533800,UNH
2017-10-04,199.02999877929688,200.72999572753906,198.42999267578125,200.47999572753906,176.98434448242188,2286400,UNH
2017-10-05,199.92999267578125,199.92999267578125,196.55999755859375,197.89999389648438,174.70668029785156,4069000,UNH
2017-10-06,197.89999389648438,199.99000549316406,197.50999450683594,198.05999755859375,174.8479766845703,3361900,UNH
2017-10-09,198.00999450683594,198.32000732421875,195.77999877929688,196.3000030517578,173.29420471191406,3365400,UNH
2017-10-10,196.25999450683594,196.42999267578125,193.6699981689453,194.67999267578125,171.86407470703125,2499100,UNH
2017-10-11,194.6300048828125,196.07000732421875,193.58999633789062,195.25999450683594,172.37611389160156,2935600,UNH
2017-10-12,195.00999450683594,195.36000061035156,192.72999572753906,192.9199981689453,170.31040954589844,2954700,UNH
2017-10-13,189.58999633789062,192.7100067138672,186.0,192.52000427246094,169.95724487304688,5435000,UNH
2017-10-16,192.47999572753906,193.32000732421875,191.36000061035156,193.1999969482422,170.5575714111328,2927400,UNH
2017-10-17,196.8000030517578,206.6199951171875,196.3699951171875,203.88999938964844,179.99472045898438,8949700,UNH
2017-10-18,203.8000030517578,207.8000030517578,203.67999267578125,205.22999572753906,181.1776580810547,4796300,UNH
2017-10-19,205.47000122070312,205.75,202.6999969482422,203.25,179.42970275878906,3471800,UNH
2017-10-20,204.25999450683594,208.2100067138672,203.69000244140625,207.49000549316406,183.17282104492188,5138800,UNH
2017-10-23,207.5800018310547,208.4499969482422,205.8000030517578,207.00999450683594,182.74908447265625,2261400,UNH
2017-10-24,206.3800048828125,208.22999572753906,205.8800048828125,208.14999389648438,183.7554168701172,3459900,UNH
2017-10-25,208.32000732421875,209.13999938964844,207.07000732421875,207.55999755859375,183.2345428466797,2908300,UNH
2017-10-26,207.9199981689453,211.6999969482422,207.5800018310547,209.14999389648438,184.6382598876953,4346000,UNH
2017-10-27,209.14999389648438,212.77000427246094,208.5500030517578,212.60000610351562,187.6839141845703,4385300,UNH
2017-10-30,212.2100067138672,212.77000427246094,209.3800048828125,209.38999938964844,184.85009765625,2477400,UNH
2017-10-31,209.38999938964844,210.52000427246094,207.8000030517578,210.22000122070312,185.58290100097656,3749600,UNH
2017-11-01,211.6199951171875,212.6300048828125,208.9199981689453,209.52999877929688,184.97372436523438,1902900,UNH
2017-11-02,210.11000061035156,211.49000549316406,209.00999450683594,211.10000610351562,186.3597412109375,2825900,UNH
2017-11-03,210.72000122070312,213.8300018310547,210.10000610351562,212.8699951171875,187.9222869873047,2196900,UNH
2017-11-06,211.91000366210938,213.92999267578125,211.8000030517578,212.1199951171875,187.2601776123047,2293700,UNH
2017-11-07,212.74000549316406,213.5399932861328,210.88999938964844,212.6999969482422,187.77218627929688,1845800,UNH
2017-11-08,212.0800018310547,212.92999267578125,210.6999969482422,210.77000427246094,186.06837463378906,2261100,UNH
2017-11-09,210.58999633789062,211.75999450683594,209.1300048828125,211.55999755859375,186.76583862304688,1839700,UNH
2017-11-10,211.4600067138672,211.80999755859375,210.1999969482422,211.07000732421875,186.333251953125,1384700,UNH
2017-11-13,210.30999755859375,213.5399932861328,209.94000244140625,212.66000366210938,187.73692321777344,2662200,UNH
2017-11-14,212.2100067138672,212.6999969482422,210.9199981689453,211.7100067138672,186.89825439453125,1993900,UNH
2017-11-15,210.8800048828125,211.97999572753906,209.6199951171875,209.86000061035156,185.26504516601562,1816300,UNH
2017-11-16,210.3800048828125,212.00999450683594,209.89999389648438,211.1300048828125,186.38621520996094,1919600,UNH
2017-11-17,210.4600067138672,211.4600067138672,209.14999389648438,209.89999389648438,185.30038452148438,1887500,UNH
2017-11-20,210.0,210.67999267578125,209.5800018310547,210.25,185.6093292236328,2040400,UNH
2017-11-21,211.1300048828125,212.85000610351562,210.75,212.60000610351562,187.6839141845703,2327200,UNH
2017-11-22,212.25999450683594,212.80999755859375,210.75999450683594,211.22000122070312,186.46566772460938,2257800,UNH
2017-11-24,212.0,212.92999267578125,211.0,212.50999450683594,187.6044158935547,744000,UNH
2017-11-27,212.25,214.25,211.80999755859375,212.39999389648438,187.5074005126953,2856300,UNH
2017-11-28,213.8800048828125,216.30999755859375,212.50999450683594,216.13999938964844,190.80906677246094,2905700,UNH
2017-11-29,217.6999969482422,224.27000427246094,217.36000061035156,222.8800048828125,196.75917053222656,4247200,UNH
2017-11-30,223.8300018310547,228.75,222.2899932861328,228.1699981689453,202.1092529296875,6846400,UNH
2017-12-01,228.88999938964844,229.22000122070312,221.0800018310547,226.77999877929688,200.87802124023438,3325800,UNH
2017-12-04,229.25999450683594,231.77000427246094,221.39999389648438,221.4199981689453,196.13018798828125,5591500,UNH
2017-12-05,221.0,223.72000122070312,219.16000366210938,220.08999633789062,194.95211791992188,3246300,UNH
2017-12-06,221.02000427246094,221.9600067138672,219.02999877929688,219.94000244140625,194.8192901611328,2397500,UNH
2017-12-07,220.58999633789062,220.61000061035156,218.19000244140625,220.14999389648438,195.00531005859375,2661600,UNH
2017-12-08,220.5500030517578,224.3300018310547,220.22000122070312,223.91000366210938,198.33584594726562,2233300,UNH
2017-12-11,222.50999450683594,224.82000732421875,222.0399932861328,222.77000427246094,197.32606506347656,1599500,UNH
2017-12-12,221.39999389648438,223.4199981689453,221.25999450683594,222.49000549316406,197.07801818847656,2294100,UNH
2017-12-13,221.74000549316406,224.9499969482422,221.22999572753906,224.35000610351562,198.72555541992188,3059400,UNH
2017-12-14,225.0,226.97000122070312,221.00999450683594,221.25,195.97964477539062,2811700,UNH
2017-12-15,223.75,223.75,220.6300048828125,221.82000732421875,196.4845733642578,6293400,UNH
2017-12-18,222.60000610351562,224.80999755859375,222.19000244140625,222.6699981689453,197.23745727539062,3194100,UNH
2017-12-19,222.99000549316406,223.7899932861328,220.85000610351562,222.0399932861328,196.67942810058594,2340200,UNH
2017-12-20,223.11000061035156,224.88999938964844,221.72999572753906,222.3800048828125,196.98062133789062,2633200,UNH
2017-12-21,223.1199951171875,223.94000244140625,221.3699951171875,221.69000244140625,196.36936950683594,2955300,UNH
2017-12-22,222.0,222.35000610351562,218.4499969482422,220.0,194.87246704101562,1959700,UNH
2017-12-26,219.08999633789062,220.4199981689453,219.08999633789062,219.60000610351562,194.5181121826172,1482400,UNH
2017-12-27,219.97999572753906,221.44000244140625,219.25,220.4199981689453,195.2444305419922,1861900,UNH
2017-12-28,221.4600067138672,222.7899932861328,220.14999389648438,222.77000427246094,197.32606506347656,1452600,UNH
2017-12-29,223.9499969482422,223.9499969482422,220.4600067138672,220.4600067138672,195.2798614501953,2350200,UNH
2018-01-02,221.02000427246094,222.4499969482422,220.0,221.16000366210938,195.89993286132812,3485000,UNH
2018-01-03,221.6199951171875,223.80999755859375,220.52000427246094,223.47999572753906,197.95497131347656,2417600,UNH
2018-01-04,224.33999633789062,226.10000610351562,224.1699981689453,224.4499969482422,198.81414794921875,2749100,UNH
2018-01-05,225.19000244140625,229.0500030517578,224.72000122070312,228.72999572753906,202.6053009033203,2432800,UNH
2018-01-08,228.1300048828125,228.7100067138672,224.61000061035156,224.75999450683594,199.08872985839844,2850800,UNH
2018-01-09,224.75999450683594,226.6300048828125,223.3000030517578,225.8800048828125,200.0808563232422,2672200,UNH
2018-01-10,224.8300018310547,225.00999450683594,223.02999877929688,224.1999969482422,198.59271240234375,2311600,UNH
2018-01-11,224.17999267578125,225.9199981689453,223.6999969482422,225.38999938964844,199.64678955078125,2543600,UNH
2018-01-12,227.4499969482422,229.89999389648438,226.52000427246094,228.63999938964844,202.52557373046875,3943800,UNH
2018-01-16,233.3699951171875,235.0,231.25,232.89999389648438,206.29901123046875,6852600,UNH
2018-01-17,234.6699981689453,238.9600067138672,233.85000610351562,238.42999267578125,211.1974334716797,5124800,UNH
2018-01-18,239.25999450683594,243.89999389648438,238.5500030517578,243.16000366210938,215.38719177246094,6234200,UNH
2018-01-19,244.17999267578125,244.35000610351562,241.07000732421875,243.35000610351562,215.55552673339844,4293600,UNH
2018-01-22,243.58999633789062,243.8000030517578,241.36000061035156,243.55999755859375,215.7415008544922,4012200,UNH
2018-01-23,242.99000549316406,246.97999572753906,242.41000366210938,245.2100067138672,217.2030487060547,3300000,UNH
2018-01-24,246.00999450683594,247.30999755859375,243.7100067138672,244.85000610351562,216.88417053222656,2733300,UNH
2018-01-25,244.75,246.19000244140625,243.89999389648438,245.17999267578125,217.17649841308594,2420500,UNH
2018-01-26,245.0,248.74000549316406,244.4600067138672,248.47000122070312,220.09068298339844,2615300,UNH
2018-01-29,249.27999877929688,250.7899932861328,247.39999389648438,247.41000366210938,219.15176391601562,2564700,UNH
2018-01-30,232.8800048828125,242.74000549316406,232.10000610351562,236.64999389648438,209.6207275390625,11565500,UNH
2018-01-31,242.83999633789062,247.0,235.75999450683594,236.77999877929688,209.73585510253906,5187400,UNH
2018-02-01,235.25999450683594,237.82000732421875,233.8300018310547,235.22000122070312,208.35409545898438,4268300,UNH
2018-02-02,233.0,236.3000030517578,231.19000244140625,231.8800048828125,205.39556884765625,3959900,UNH
2018-02-05,230.7899932861328,233.11000061035156,208.47999572753906,220.02000427246094,194.8901824951172,6290000,UNH
2018-02-06,212.1999969482422,226.50999450683594,210.2100067138672,225.17999267578125,199.46080017089844,7064800,UNH
2018-02-07,222.3300018310547,229.2899932861328,221.50999450683594,225.82000732421875,200.0276641845703,5589200,UNH
2018-02-08,225.3300018310547,226.6300048828125,216.25999450683594,216.4600067138672,191.7367706298828,4902400,UNH
2018-02-09,218.0,223.27999877929688,212.00999450683594,220.9600067138672,195.72274780273438,6225300,UNH
2018-02-12,222.44000244140625,228.0,222.14999389648438,225.69000244140625,199.91258239746094,4912000,UNH
2018-02-13,223.14999389648438,227.1199951171875,222.38999938964844,226.63999938964844,200.75404357910156,3536800,UNH
2018-02-14,224.9499969482422,229.33999633789062,223.9199981689453,228.77999877929688,202.64959716796875,2878400,UNH
2018-02-15,229.27000427246094,230.0,221.74000549316406,226.02000427246094,200.20486450195312,4662700,UNH
2018-02-16,225.99000549316406,230.5500030517578,225.6999969482422,229.3699951171875,203.17221069335938,3621700,UNH
2018-02-20,227.91000366210938,228.75,225.61000061035156,226.66000366210938,200.77175903320312,3172300,UNH
2018-02-21,226.14999389648438,229.35000610351562,225.11000061035156,225.1300048828125,199.41648864746094,3371900,UNH
2018-02-22,226.3000030517578,229.83999633789062,225.0800018310547,227.08999633789062,201.1526641845703,2767900,UNH
2018-02-23,227.89999389648438,230.32000732421875,225.91000366210938,230.16000366210938,203.87197875976562,2393900,UNH
2018-02-26,231.63999938964844,234.50999450683594,229.6999969482422,234.05999755859375,207.3265380859375,3307000,UNH
2018-02-27,234.39999389648438,235.88999938964844,232.44000244140625,232.52000427246094,205.96246337890625,2899500,UNH
2018-02-28,234.4199981689453,234.75,226.08999633789062,226.16000366210938,200.32882690429688,4368600,UNH
2018-03-01,225.6999969482422,229.2899932861328,222.74000549316406,224.4499969482422,198.81414794921875,3514600,UNH
2018-03-02,223.2100067138672,225.82000732421875,222.58999633789062,225.19000244140625,199.46963500976562,2613600,UNH
2018-03-05,223.3699951171875,229.42999267578125,222.7899932861328,228.3800048828125,202.2952880859375,2627300,UNH
2018-03-06,228.9199981689453,229.14999389648438,223.88999938964844,226.17999267578125,200.34657287597656,2652800,UNH
2018-03-07,224.35000610351562,227.82000732421875,223.75,227.27000427246094,201.3120880126953,3242200,UNH
2018-03-08,227.92999267578125,227.99000549316406,223.9199981689453,224.72999572753906,199.7212677001953,3500900,UNH
2018-03-09,226.11000061035156,226.52000427246094,222.5,225.42999267578125,200.34335327148438,4834600,UNH
2018-03-12,226.2100067138672,227.0,222.77000427246094,222.77000427246094,197.97938537597656,3117300,UNH
2018-03-13,223.52999877929688,228.05999755859375,223.16000366210938,226.94000244140625,201.68531799316406,3343800,UNH
2018-03-14,227.1300048828125,229.38999938964844,225.02000427246094,225.3800048828125,200.29898071289062,3048200,UNH
2018-03-15,225.8300018310547,230.75999450683594,225.66000366210938,229.47999572753906,203.9426727294922,3330200,UNH
2018-03-16,229.66000366210938,231.27000427246094,227.75,227.86000061035156,202.5029754638672,5690300,UNH
2018-03-19,227.30999755859375,227.97000122070312,223.67999267578125,225.0500030517578,200.00563049316406,3407300,UNH
2018-03-20,225.16000366210938,227.60000610351562,223.8800048828125,226.77999877929688,201.54312133789062,3429100,UNH
2018-03-21,226.4499969482422,227.44000244140625,222.82000732421875,222.82000732421875,198.02378845214844,3419800,UNH
2018-03-22,221.64999389648438,221.66000366210938,215.10000610351562,215.2100067138672,191.2606964111328,5894800,UNH
2018-03-23,215.75,217.72999572753906,212.5,212.5500030517578,188.8966827392578,5741200,UNH
2018-03-26,215.19000244140625,219.41000366210938,214.6999969482422,219.07000732421875,194.69114685058594,3561300,UNH
2018-03-27,220.32000732421875,221.9499969482422,216.41000366210938,217.9600067138672,193.70468139648438,3722100,UNH
2018-03-28,218.88999938964844,219.91000366210938,217.0399932861328,218.5,194.18453979492188,3179500,UNH
2018-03-29,219.3800048828125,223.35000610351562,214.0,214.0,190.185302734375,5529400,UNH
2018-04-02,218.4600067138672,222.99000549316406,214.6300048828125,217.1999969482422,193.0292205810547,6220700,UNH
2018-04-03,220.33999633789062,225.10000610351562,219.69000244140625,224.5800018310547,199.58799743652344,4652000,UNH
2018-04-04,220.69000244140625,229.47999572753906,220.4199981689453,228.7899932861328,203.32943725585938,4674000,UNH
2018-04-05,229.4600067138672,231.5800018310547,226.8000030517578,229.07000732421875,203.57833862304688,3348100,UNH
2018-04-06,226.64999389648438,228.19000244140625,221.82000732421875,223.9600067138672,199.03697204589844,3231700,UNH
2018-04-09,225.5800018310547,226.1300048828125,222.36000061035156,222.72999572753906,197.94384765625,3031500,UNH
2018-04-10,225.39999389648438,228.16000366210938,223.49000549316406,226.7899932861328,201.552001953125,2737500,UNH
2018-04-11,224.27000427246094,225.38999938964844,221.69000244140625,221.89999389648438,197.20616149902344,3482100,UNH
2018-04-12,224.0399932861328,225.75,223.41000366210938,224.24000549316406,199.28582763671875,2664500,UNH
2018-04-13,225.10000610351562,226.1300048828125,223.0800018310547,224.27999877929688,199.32130432128906,2496600,UNH
2018-04-16,227.11000061035156,231.85000610351562,226.35000610351562,230.32000732421875,204.68922424316406,4510600,UNH
2018-04-17,239.30999755859375,241.6699981689453,236.0800018310547,238.5500030517578,212.00331115722656,6180300,UNH
2018-04-18,239.0,239.74000549316406,236.3000030517578,236.39999389648438,210.0926055908203,2940100,UNH
2018-04-19,236.1999969482422,238.27000427246094,234.8000030517578,235.75999450683594,209.5237579345703,2734900,UNH
2018-04-20,236.0500030517578,237.10000610351562,233.5,235.05999755859375,208.90171813964844,2842000,UNH
2018-04-23,235.2899932861328,236.2100067138672,233.0800018310547,234.33999633789062,208.26185607910156,3051700,UNH
2018-04-24,235.9499969482422,237.32000732421875,232.55999755859375,234.22000122070312,208.1552276611328,2771200,UNH
2018-04-25,233.4499969482422,235.10000610351562,230.44000244140625,234.89999389648438,208.75953674316406,3118800,UNH
2018-04-26,235.72999572753906,237.83999633789062,234.3300018310547,237.02999877929688,210.65245056152344,2252800,UNH
2018-04-27,237.6300048828125,240.5399932861328,237.14999389648438,240.17999267578125,213.4519500732422,2301800,UNH
2018-04-30,241.0,241.0,236.39999389648438,236.39999389648438,210.0926055908203,3446900,UNH
2018-05-01,237.0,237.49000549316406,234.36000061035156,236.85000610351562,210.4925079345703,2633500,UNH
2018-05-02,235.3800048828125,236.2100067138672,232.86000061035156,233.4600067138672,207.4797821044922,3542700,UNH
2018-05-03,231.97000122070312,234.8000030517578,229.30999755859375,234.14999389648438,208.0929412841797,2731600,UNH
2018-05-04,233.10000610351562,236.64999389648438,232.16000366210938,235.89999389648438,209.64820861816406,1999900,UNH
2018-05-07,235.8800048828125,236.99000549316406,232.6300048828125,233.77999877929688,207.76414489746094,3237800,UNH
2018-05-08,233.72000122070312,233.72000122070312,230.64999389648438,232.02999877929688,206.20892333984375,2698300,UNH
2018-05-09,233.0500030517578,233.4199981689453,228.22999572753906,229.2100067138672,203.70272827148438,3504200,UNH
2018-05-10,230.14999389648438,234.2899932861328,229.36000061035156,233.7100067138672,207.70193481445312,2169000,UNH
2018-05-11,233.5800018310547,238.8000030517578,232.9499969482422,238.27999877929688,211.76336669921875,3044900,UNH
2018-05-14,238.89999389648438,243.6699981689453,238.82000732421875,242.89999389648438,215.8692169189453,3893600,UNH
2018-05-15,241.86000061035156,242.22000122070312,238.6699981689453,239.5,212.84759521484375,2396600,UNH
2018-05-16,239.64999389648438,241.80999755859375,238.57000732421875,241.72000122070312,214.82054138183594,1906100,UNH
2018-05-17,241.49000549316406,243.55999755859375,240.5399932861328,242.9600067138672,215.92259216308594,2418700,UNH
2018-05-18,243.3699951171875,244.75999450683594,242.38999938964844,244.63999938964844,217.4156036376953,2283600,UNH
2018-05-21,245.0,249.1699981689453,244.83999633789062,247.89999389648438,220.31283569335938,3040700,UNH
2018-05-22,248.0,248.0500030517578,243.83999633789062,245.17999267578125,217.8955535888672,2644100,UNH
2018-05-23,244.02999877929688,245.5,241.63999938964844,244.25999450683594,217.07785034179688,3047800,UNH
2018-05-24,244.57000732421875,245.44000244140625,242.1999969482422,242.72999572753906,215.71820068359375,2610400,UNH
2018-05-25,242.9499969482422,245.5800018310547,242.44000244140625,244.9499969482422,217.69113159179688,1554900,UNH
2018-05-29,243.86000061035156,243.86000061035156,240.24000549316406,242.1699981689453,215.22048950195312,2837800,UNH
2018-05-30,243.74000549316406,245.75,242.6300048828125,244.94000244140625,217.68223571777344,2071900,UNH
2018-05-31,244.2100067138672,244.75,240.67999267578125,241.50999450683594,214.6339111328125,2966100,UNH
2018-06-01,243.74000549316406,243.74000549316406,241.2899932861328,243.35000610351562,216.2692108154297,2371400,UNH
2018-06-04,244.0,245.24000549316406,242.74000549316406,244.6300048828125,217.4066925048828,2188900,UNH
2018-06-05,245.08999633789062,245.11000061035156,241.91000366210938,244.42999267578125,217.22897338867188,1531900,UNH
2018-06-06,246.32000732421875,248.72000122070312,245.1300048828125,248.64999389648438,220.97938537597656,2650300,UNH
2018-06-07,249.75999450683594,250.0,248.25,248.97999572753906,221.2726593017578,2117200,UNH
2018-06-08,249.4600067138672,251.5,248.07000732421875,250.67999267578125,222.78343200683594,3034600,UNH
2018-06-11,250.83999633789062,254.99000549316406,250.39999389648438,253.77999877929688,225.5384979248047,2775200,UNH
2018-06-12,253.1999969482422,253.94000244140625,250.1699981689453,253.5800018310547,225.36070251464844,2567200,UNH
2018-06-13,254.13999938964844,256.7300109863281,252.47999572753906,252.8699951171875,224.729736328125,3138300,UNH
2018-06-14,254.47000122070312,255.99000549316406,253.66000366210938,255.3300018310547,226.91600036621094,2456600,UNH
2018-06-15,254.27000427246094,255.97999572753906,252.55999755859375,255.97999572753906,228.29832458496094,4772200,UNH
2018-06-18,254.0,255.00999450683594,252.13999938964844,254.8699951171875,227.3083953857422,1961900,UNH
2018-06-19,252.97000122070312,253.3000030517578,251.16000366210938,253.02000427246094,225.65847778320312,2370200,UNH
2018-06-20,253.32000732421875,253.72999572753906,251.8800048828125,252.80999755859375,225.47119140625,2580400,UNH
2018-06-21,252.9499969482422,253.64999389648438,250.9199981689453,251.88999938964844,224.6507110595703,2150300,UNH
2018-06-22,252.24000549316406,255.11000061035156,251.19000244140625,254.3699951171875,226.86244201660156,2604000,UNH
2018-06-25,254.36000061035156,255.1300048828125,248.61000061035156,250.7100067138672,223.59828186035156,3060800,UNH
2018-06-26,250.55999755859375,252.47000122070312,249.5399932861328,249.77000427246094,222.75994873046875,2158000,UNH
2018-06-27,250.2899932861328,251.75999450683594,248.1300048828125,248.1699981689453,221.33294677734375,2481000,UNH
2018-06-28,247.1300048828125,248.0,242.22999572753906,244.89999389648438,218.41656494140625,3556900,UNH
2018-06-29,244.89999389648438,247.5,244.60000610351562,245.33999633789062,218.8090057373047,2772600,UNH
2018-07-02,245.0,247.72999572753906,244.1199951171875,247.47999572753906,220.7175750732422,1793300,UNH
2018-07-03,248.3000030517578,248.75,246.74000549316406,246.97999572753906,220.27162170410156,1248000,UNH
2018-07-05,249.11000061035156,250.92999267578125,247.5800018310547,250.5,223.4109649658203,2182900,UNH
2018-07-06,251.00999450683594,251.72999572753906,249.4199981689453,250.75999450683594,223.64285278320312,1572300,UNH
2018-07-09,252.1300048828125,254.00999450683594,251.0500030517578,253.6699981689453,226.2381591796875,2039600,UNH
2018-07-10,254.17999267578125,256.8999938964844,253.75,255.5399932861328,227.90594482421875,2012200,UNH
2018-07-11,255.13999938964844,256.0,253.74000549316406,254.58999633789062,227.05865478515625,1486000,UNH
2018-07-12,256.17999267578125,256.82000732421875,254.9199981689453,256.04998779296875,228.36077880859375,1592700,UNH
2018-07-13,256.3900146484375,259.010009765625,256.0199890136719,258.70001220703125,230.72427368164062,2356200,UNH
2018-07-16,258.2900085449219,258.45001220703125,256.44000244140625,256.9800109863281,229.19027709960938,3625400,UNH
2018-07-17,251.5500030517578,252.52000427246094,246.27000427246094,250.2899932861328,223.2236785888672,6932300,UNH
2018-07-18,251.11000061035156,256.6099853515625,250.44000244140625,255.4199981689453,227.7988739013672,3359800,UNH
2018-07-19,255.32000732421875,256.5,251.85000610351562,252.92999267578125,225.5782012939453,2307600,UNH
2018-07-20,251.1699981689453,253.5500030517578,251.1699981689453,252.6999969482422,225.3730926513672,1959600,UNH
2018-07-23,252.91000366210938,255.22999572753906,252.42999267578125,252.74000549316406,225.40878295898438,1479600,UNH
2018-07-24,254.86000061035156,254.9600067138672,252.00999450683594,253.75999450683594,226.3184356689453,2476500,UNH
2018-07-25,254.80999755859375,255.27000427246094,252.77000427246094,254.86000061035156,227.29946899414062,3016900,UNH
2018-07-26,256.25,257.8699951171875,255.8000030517578,257.0,229.20806884765625,2021300,UNH
2018-07-27,257.7900085449219,257.7900085449219,255.38999938964844,255.9499969482422,228.27159118652344,1656800,UNH
2018-07-30,255.91000366210938,256.8900146484375,253.11000061035156,253.83999633789062,226.3897705078125,1681500,UNH
2018-07-31,254.13999938964844,255.1999969482422,252.85000610351562,253.22000122070312,225.83685302734375,2355900,UNH
2018-08-01,256.1000061035156,256.1000061035156,252.80999755859375,253.3699951171875,225.9706268310547,3006700,UNH
2018-08-02,253.5,256.29998779296875,252.22999572753906,256.0799865722656,228.3875274658203,1854400,UNH
2018-08-03,256.45001220703125,257.55999755859375,254.3000030517578,257.2200012207031,229.404296875,1422300,UNH
2018-08-06,256.5,257.5400085449219,255.47000122070312,256.760009765625,228.99404907226562,1398100,UNH
2018-08-07,257.6400146484375,258.8399963378906,257.1300048828125,257.6499938964844,229.7877960205078,1462800,UNH
2018-08-08,258.1099853515625,259.5,257.9200134277344,258.80999755859375,230.8223419189453,1494300,UNH
2018-08-09,259.9100036621094,263.0199890136719,259.30999755859375,261.5899963378906,233.3017578125,2315000,UNH
2018-08-10,260.489990234375,261.5,259.1099853515625,260.3599853515625,232.20472717285156,1625000,UNH
2018-08-13,261.0,262.54998779296875,260.29998779296875,260.9100036621094,232.6953125,1635100,UNH
2018-08-14,260.8900146484375,264.29998779296875,260.8500061035156,263.4800109863281,234.9873046875,1941600,UNH
2018-08-15,261.9800109863281,262.69000244140625,259.19000244140625,260.6099853515625,232.4276580810547,2017700,UNH
2018-08-16,261.57000732421875,263.75,261.45001220703125,263.1000061035156,234.64840698242188,2115900,UNH
2018-08-17,263.54998779296875,264.1300048828125,261.7200012207031,262.3299865722656,233.96170043945312,1969700,UNH
2018-08-20,263.0,263.489990234375,261.57000732421875,262.3999938964844,234.02410888671875,1786200,UNH
2018-08-21,261.8500061035156,262.5199890136719,260.7300109863281,261.69000244140625,233.390869140625,1559300,UNH
2018-08-22,261.95001220703125,261.95001220703125,260.25,260.739990234375,232.54360961914062,2148500,UNH
2018-08-23,261.0199890136719,262.55999755859375,259.55999755859375,261.4200134277344,233.15011596679688,1603500,UNH
2018-08-24,261.75,264.7799987792969,261.75,264.2799987792969,235.70083618164062,2238600,UNH
2018-08-27,265.0,267.45001220703125,264.4200134277344,267.0799865722656,238.19798278808594,2614000,UNH
2018-08-28,268.5400085449219,269.1400146484375,267.3299865722656,268.510009765625,239.4734344482422,2603900,UNH
2018-08-29,268.3900146484375,269.32000732421875,267.25,269.0,239.91043090820312,2880600,UNH
2018-08-30,269.4599914550781,270.1700134277344,268.1099853515625,268.3900146484375,239.36639404296875,2976300,UNH
2018-08-31,268.2799987792969,269.2099914550781,267.20001220703125,268.4599914550781,239.42877197265625,2961500,UNH
2018-09-04,268.0,269.4100036621094,266.57000732421875,268.510009765625,239.4734344482422,2097300,UNH
2018-09-05,268.55999755859375,268.79998779296875,266.92999267578125,267.6400146484375,238.6974639892578,2230600,UNH
2018-09-06,267.6000061035156,270.0199890136719,266.94000244140625,269.6499938964844,241.30148315429688,2556100,UNH
2018-09-07,269.6400146484375,271.1600036621094,267.510009765625,268.2799987792969,240.07553100585938,2958000,UNH
2018-09-10,266.7799987792969,266.79998779296875,258.75,259.7300109863281,232.4243927001953,4146200,UNH
2018-09-11,257.9200134277344,261.4200134277344,257.4800109863281,261.0400085449219,233.59674072265625,2283300,UNH
2018-09-12,261.1199951171875,264.489990234375,260.8500061035156,262.6700134277344,235.0553741455078,2236300,UNH
2018-09-13,264.1600036621094,265.69000244140625,263.4200134277344,265.489990234375,237.57896423339844,2734500,UNH
2018-09-14,265.3999938964844,266.6499938964844,263.2799987792969,265.30999755859375,237.4178009033203,2084600,UNH
2018-09-17,266.5,266.6600036621094,263.4100036621094,263.8699951171875,236.12913513183594,1940400,UNH
2018-09-18,262.92999267578125,264.0899963378906,262.0,263.2900085449219,235.61021423339844,3557000,UNH
2018-09-19,264.4700012207031,265.6099853515625,263.1600036621094,265.3299865722656,237.43569946289062,2274300,UNH
2018-09-20,266.0799865722656,267.94000244140625,266.05999755859375,266.3900146484375,238.3842315673828,2095000,UNH
2018-09-21,266.1000061035156,267.8399963378906,265.8500061035156,266.6700134277344,238.63479614257812,5671600,UNH
2018-09-24,267.010009765625,269.5299987792969,266.6700134277344,267.3599853515625,239.2522430419922,2699800,UNH
2018-09-25,267.29998779296875,267.3299865722656,263.0299987792969,263.510009765625,235.80702209472656,3789700,UNH
2018-09-26,264.5,265.489990234375,262.45001220703125,262.9100036621094,235.2700958251953,2238000,UNH
2018-09-27,263.0,265.4100036621094,262.92999267578125,264.6499938964844,236.8271942138672,2761400,UNH
2018-09-28,264.3800048828125,266.19000244140625,263.8500061035156,266.0400085449219,238.0710906982422,2875100,UNH
2018-10-01,267.25,270.0199890136719,267.0199890136719,269.1000061035156,240.80929565429688,3314500,UNH
2018-10-02,269.0,271.44000244140625,267.5,270.6300048828125,242.17849731445312,2777300,UNH
2018-10-03,272.0,272.07000732421875,269.7699890136719,270.8999938964844,242.4201202392578,3002200,UNH
2018-10-04,271.0,271.6199951171875,267.30999755859375,268.32000732421875,240.11138916015625,2186600,UNH
2018-10-05,268.6499938964844,271.0,267.95001220703125,269.20001220703125,240.89886474609375,2045700,UNH
2018-10-08,268.8399963378906,269.6499938964844,265.6499938964844,269.010009765625,240.7288055419922,1865000,UNH
2018-10-09,269.19000244140625,271.9599914550781,268.4700012207031,270.1099853515625,241.71316528320312,2510100,UNH
2018-10-10,270.6000061035156,271.4200134277344,262.5199890136719,263.0799865722656,235.4222412109375,4267300,UNH
2018-10-11,262.0,264.3999938964844,255.77999877929688,257.1199951171875,230.08877563476562,4558500,UNH
2018-10-12,259.70001220703125,261.3900146484375,256.8599853515625,259.6099853515625,232.31704711914062,4006300,UNH
2018-10-15,260.1300048828125,262.44000244140625,259.30999755859375,260.25,232.8898162841797,3583400,UNH
2018-10-16,269.69000244140625,272.80999755859375,265.0,272.57000732421875,243.91456604003906,6453600,UNH
2018-10-17,270.19000244140625,271.0,265.6300048828125,267.29998779296875,239.19854736328125,3985100,UNH
2018-10-18,267.3500061035156,267.8800048828125,263.7099914550781,266.80999755859375,238.7601318359375,3132100,UNH
2018-10-19,266.6199951171875,267.9800109863281,263.8900146484375,265.29998779296875,237.40882873535156,3336600,UNH
2018-10-22,266.75,266.8299865722656,260.05999755859375,262.19000244140625,234.62579345703125,2618100,UNH
2018-10-23,259.7200012207031,265.5199890136719,259.20001220703125,264.8599853515625,237.01507568359375,4081800,UNH
2018-10-24,264.010009765625,265.3299865722656,255.92999267578125,256.32000732421875,229.3729705810547,5265600,UNH
2018-10-25,258.1600036621094,265.17999267578125,253.3699951171875,264.239990234375,236.460205078125,4675600,UNH
2018-10-26,261.5,262.3999938964844,257.0199890136719,258.17999267578125,231.03738403320312,4830600,UNH
2018-10-29,259.7200012207031,262.0400085449219,253.32000732421875,256.5199890136719,229.5518798828125,3697700,UNH
2018-10-30,256.69000244140625,259.69000244140625,253.97999572753906,258.2799987792969,231.1268768310547,4169200,UNH
2018-10-31,260.8699951171875,264.07000732421875,260.2200012207031,261.3500061035156,233.8741912841797,4230200,UNH
2018-11-01,262.9200134277344,264.67999267578125,259.760009765625,260.92999267578125,233.498291015625,2771300,UNH
2018-11-02,264.6099853515625,266.3800048828125,259.55999755859375,261.010009765625,233.56985473632812,2593600,UNH
2018-11-05,262.1499938964844,263.0,260.07000732421875,261.010009765625,233.56985473632812,3287000,UNH
2018-11-06,260.70001220703125,264.010009765625,260.70001220703125,263.5400085449219,235.83389282226562,2582400,UNH
2018-11-07,266.8999938964844,276.75,266.8999938964844,274.6300048828125,245.75799560546875,5796800,UNH
2018-11-08,276.0,278.0,274.70001220703125,276.6499938964844,247.565673828125,3809100,UNH
2018-11-09,276.8599853515625,278.0,274.19000244140625,276.54998779296875,247.4761505126953,2904300,UNH
2018-11-12,276.0,277.7900085449219,272.0,272.3800048828125,243.7445068359375,3140600,UNH
2018-11-13,272.5799865722656,273.6000061035156,268.1400146484375,269.2200012207031,240.91671752929688,2516900,UNH
2018-11-14,269.2900085449219,270.5199890136719,263.3500061035156,264.9599914550781,237.1046142578125,3511900,UNH
2018-11-15,264.0,265.9200134277344,260.8500061035156,264.94000244140625,237.08665466308594,3657600,UNH
2018-11-16,264.989990234375,271.79998779296875,264.9200134277344,271.1099853515625,242.6080322265625,3857800,UNH
2018-11-19,271.4800109863281,272.2699890136719,264.17999267578125,266.04998779296875,238.0800018310547,3670800,UNH
2018-11-20,265.6199951171875,266.7799987792969,260.3999938964844,261.5,234.0083465576172,3617700,UNH
2018-11-21,262.5899963378906,264.6300048828125,260.45001220703125,260.54998779296875,233.1581573486328,3234300,UNH
2018-11-23,260.0,262.94000244140625,258.2799987792969,261.6199951171875,234.11572265625,1159300,UNH
2018-11-26,264.6199951171875,268.29998779296875,263.5,266.1600036621094,238.17840576171875,3879800,UNH
2018-11-27,265.57000732421875,271.29998779296875,265.0299987792969,271.1499938964844,242.643798828125,3497300,UNH
2018-11-28,272.82000732421875,282.3999938964844,272.82000732421875,280.95001220703125,251.4136199951172,5044300,UNH
2018-11-29,280.42999267578125,285.45001220703125,280.30999755859375,282.54998779296875,252.84539794921875,4177800,UNH
2018-11-30,282.989990234375,283.6400146484375,279.07000732421875,281.3599853515625,252.5850372314453,6143200,UNH
2018-12-03,283.0,286.5299987792969,282.7099914550781,286.3299865722656,257.04669189453125,4178800,UNH
2018-12-04,286.1499938964844,287.94000244140625,276.9100036621094,278.54998779296875,250.06240844726562,4635500,UNH
2018-12-06,273.0199890136719,276.94000244140625,265.25,276.8500061035156,248.53627014160156,6694600,UNH
2018-12-07,273.760009765625,276.4200134277344,267.2799987792969,269.17999267578125,241.65065002441406,3506900,UNH
2018-12-10,268.5899963378906,269.0,260.2300109863281,266.5299987792969,239.2716522216797,4061300,UNH
2018-12-11,269.5799865722656,271.5299987792969,265.6700134277344,267.2200012207031,239.89111328125,3102800,UNH
2018-12-12,271.95001220703125,274.55999755859375,270.489990234375,270.6400146484375,242.9613037109375,3167900,UNH
2018-12-13,270.8599853515625,273.32000732421875,269.6199951171875,272.1499938964844,244.31700134277344,2350400,UNH
2018-12-14,270.3599853515625,270.57000732421875,263.7099914550781,265.0199890136719,237.91612243652344,3360500,UNH
2018-12-17,261.0400085449219,262.75,256.7300109863281,258.07000732421875,231.6768798828125,5806800,UNH
2018-12-18,259.70001220703125,259.989990234375,248.1999969482422,252.97000122070312,227.09849548339844,5065500,UNH
2018-12-19,252.3699951171875,256.55999755859375,247.58999633789062,250.30999755859375,224.7105255126953,5468500,UNH
2018-12-20,248.5,249.00999450683594,240.0500030517578,242.44000244140625,217.64537048339844,7311700,UNH
2018-12-21,240.72999572753906,247.5,237.4499969482422,238.33999633789062,213.96470642089844,12209700,UNH
2018-12-24,236.24000549316406,237.89999389648438,232.55999755859375,232.94000244140625,209.11697387695312,3091000,UNH
2018-12-26,232.6999969482422,243.3699951171875,231.80999755859375,243.35000610351562,218.4623565673828,4159300,UNH
2018-12-27,239.10000610351562,245.97000122070312,235.24000549316406,245.97000122070312,220.8143768310547,4295800,UNH
2018-12-28,246.7100067138672,249.7899932861328,244.80999755859375,246.24000549316406,221.05679321289062,3312700,UNH
2018-12-31,248.05999755859375,250.27999877929688,246.94000244140625,249.1199951171875,223.64222717285156,3123200,UNH
2019-01-02,245.0,246.35000610351562,241.47000122070312,243.49000549316406,218.58799743652344,4063600,UNH
2019-01-03,243.47999572753906,243.47999572753906,236.1300048828125,236.85000610351562,212.62709045410156,4623200,UNH
2019-01-04,239.8000030517578,243.4600067138672,238.8000030517578,239.6199951171875,215.11383056640625,5367600,UNH
2019-01-07,240.39999389648438,241.97999572753906,238.22999572753906,240.0800018310547,215.52679443359375,4133000,UNH
2019-01-08,242.3300018310547,244.7899932861328,239.7100067138672,243.2899932861328,218.4084930419922,3618600,UNH
2019-01-09,244.75999450683594,246.6300048828125,242.05999755859375,243.63999938964844,218.72262573242188,3425400,UNH
2019-01-10,242.0800018310547,245.13999938964844,241.41000366210938,244.8699951171875,219.826904296875,3374100,UNH
2019-01-11,243.4499969482422,247.75999450683594,243.27000427246094,247.6699981689453,222.34054565429688,3967100,UNH
2019-01-14,246.58999633789062,249.9199981689453,246.11000061035156,248.05999755859375,222.6905975341797,4955500,UNH
2019-01-15,250.0,256.9200134277344,247.0,256.8699951171875,230.599609375,5325600,UNH
2019-01-16,258.7300109863281,262.19000244140625,258.1700134277344,261.4599914550781,234.72021484375,6069400,UNH
2019-01-17,260.989990234375,261.739990234375,257.8900146484375,259.7699890136719,233.2030487060547,3583600,UNH
2019-01-18,262.6000061035156,266.260009765625,260.4200134277344,265.5,238.34701538085938,4844800,UNH
2019-01-22,264.05999755859375,267.5,263.739990234375,265.69000244140625,238.517578125,4052700,UNH
2019-01-23,267.75,269.4700012207031,263.6700134277344,267.0199890136719,239.7115936279297,2971100,UNH
2019-01-24,266.79998779296875,268.1600036621094,264.260009765625,266.1300048828125,238.91253662109375,2927300,UNH
2019-01-25,268.79998779296875,270.4100036621094,265.70001220703125,268.04998779296875,240.63626098632812,2809100,UNH
2019-01-28,266.8999938964844,266.92999267578125,264.6099853515625,266.7699890136719,239.4871063232422,2837300,UNH
2019-01-29,266.0,268.45001220703125,265.44000244140625,267.3399963378906,239.99888610839844,2173000,UNH
2019-01-30,269.69000244140625,272.44000244140625,267.19000244140625,270.3699951171875,242.7189178466797,3659000,UNH
2019-01-31,270.4800109863281,271.739990234375,268.989990234375,270.20001220703125,242.5663604736328,4055100,UNH
2019-02-01,268.4700012207031,269.3900146484375,266.0299987792969,268.7200012207031,241.23765563964844,3946800,UNH
2019-02-04,268.30999755859375,268.69000244140625,264.2699890136719,268.2099914550781,240.77987670898438,3398900,UNH
2019-02-05,270.1199951171875,272.0899963378906,265.8399963378906,266.30999755859375,239.07421875,3597000,UNH
2019-02-06,265.1400146484375,269.92999267578125,264.9800109863281,269.5,241.93798828125,2570000,UNH
2019-02-07,268.6400146484375,270.5799865722656,267.260009765625,269.0,241.4890899658203,2458200,UNH
2019-02-08,267.5,268.70001220703125,260.32000732421875,261.8999938964844,235.11520385742188,4547000,UNH
2019-02-11,261.1700134277344,261.17999267578125,256.3399963378906,257.1400146484375,230.84201049804688,4856200,UNH
2019-02-12,259.2200012207031,264.0,256.9200134277344,263.5,236.55160522460938,4327900,UNH
2019-02-13,263.5199890136719,266.2900085449219,263.1499938964844,263.79998779296875,236.8208465576172,3066400,UNH
2019-02-14,263.239990234375,267.07000732421875,262.7099914550781,265.3299865722656,238.1944122314453,3015300,UNH
2019-02-15,267.7900085449219,271.1300048828125,266.6199951171875,271.1300048828125,243.40127563476562,3673700,UNH
2019-02-19,271.1700134277344,272.489990234375,269.2799987792969,270.4100036621094,242.75486755371094,2486700,UNH
2019-02-20,269.2099914550781,270.5899963378906,268.17999267578125,269.510009765625,241.94692993164062,2802800,UNH
2019-02-21,269.4700012207031,269.94000244140625,265.1000061035156,266.3999938964844,239.15499877929688,2554300,UNH
2019-02-22,266.5,268.3900146484375,265.95001220703125,267.1099853515625,239.79238891601562,3191100,UNH
2019-02-25,267.5799865722656,268.1700134277344,264.3800048828125,264.6000061035156,237.53907775878906,3679100,UNH
2019-02-26,264.6600036621094,265.42999267578125,262.79998779296875,262.9800109863281,236.08474731445312,3212900,UNH
2019-02-27,261.6099853515625,261.6099853515625,248.94000244140625,250.0800018310547,224.5040283203125,8952900,UNH
2019-02-28,249.6999969482422,251.9499969482422,239.14999389648438,242.22000122070312,217.44789123535156,11034300,UNH
2019-03-01,243.55999755859375,248.0,243.55999755859375,246.14999389648438,220.97596740722656,6921300,UNH
2019-03-04,248.1199951171875,248.4499969482422,234.50999450683594,236.02000427246094,211.88198852539062,8646300,UNH
2019-03-05,236.52999877929688,243.1999969482422,234.94000244140625,241.42999267578125,216.73867797851562,6924500,UNH
2019-03-06,241.74000549316406,241.74000549316406,237.02999877929688,239.07000732421875,214.6200408935547,4878700,UNH
2019-03-07,240.3000030517578,241.17999267578125,235.5500030517578,236.6999969482422,212.49240112304688,5033500,UNH
2019-03-08,235.14999389648438,239.41000366210938,234.63999938964844,237.2899932861328,213.8351593017578,4921700,UNH
2019-03-11,239.2100067138672,244.02000427246094,236.4199981689453,243.14999389648438,219.11590576171875,4539600,UNH
2019-03-12,244.9499969482422,247.47999572753906,243.74000549316406,245.8800048828125,221.5760498046875,4235800,UNH
2019-03-13,247.9600067138672,252.75999450683594,247.0800018310547,252.25,227.31643676757812,4881600,UNH
2019-03-14,253.0,255.05999755859375,252.33999633789062,253.27000427246094,228.23558044433594,3865200,UNH
2019-03-15,254.33999633789062,254.74000549316406,249.94000244140625,251.39999389648438,226.55044555664062,6466200,UNH
2019-03-18,252.66000366210938,255.30999755859375,250.4199981689453,255.0,229.79464721679688,3927400,UNH
2019-03-19,255.9499969482422,259.25,255.13999938964844,257.1300048828125,231.7140350341797,4164800,UNH
2019-03-20,257.42999267578125,257.69000244140625,249.97000122070312,250.5,225.7394256591797,4193500,UNH
2019-03-21,249.19000244140625,252.9600067138672,248.66000366210938,252.02000427246094,227.1091766357422,2699700,UNH
2019-03-22,250.57000732421875,251.1999969482422,246.99000549316406,247.08999633789062,222.66648864746094,3777900,UNH
2019-03-25,247.4199981689453,247.4199981689453,240.77999877929688,246.86000061035156,222.459228515625,4110900,UNH
2019-03-26,247.25999450683594,247.88999938964844,241.72000122070312,243.38999938964844,219.33218383789062,4416200,UNH
2019-03-27,242.94000244140625,245.67999267578125,238.16000366210938,241.7100067138672,217.8182830810547,4819200,UNH
2019-03-28,242.58999633789062,242.85000610351562,238.88999938964844,242.22999572753906,218.28684997558594,3601500,UNH
2019-03-29,244.2899932861328,247.75999450683594,241.8699951171875,247.25999450683594,222.8196563720703,4294200,UNH
2019-04-01,249.7100067138672,250.1999969482422,243.05999755859375,245.5399932861328,221.2696533203125,4809500,UNH
2019-04-02,245.50999450683594,246.39999389648438,242.8000030517578,244.41000366210938,220.25137329101562,4057100,UNH
2019-04-03,246.30999755859375,247.5399932861328,244.58999633789062,245.83999633789062,221.5399932861328,2851400,UNH
2019-04-04,245.47999572753906,249.11000061035156,244.63999938964844,247.38999938964844,222.9368133544922,2255500,UNH
2019-04-05,248.9499969482422,249.30999755859375,245.1699981689453,248.77999877929688,224.18943786621094,3343000,UNH
2019-04-08,249.67999267578125,249.67999267578125,246.30999755859375,248.75,224.16241455078125,2195400,UNH
2019-04-09,247.57000732421875,249.94000244140625,245.9499969482422,248.7899932861328,224.19847106933594,2903800,UNH
2019-04-10,248.77999877929688,249.8699951171875,245.52000427246094,246.02999877929688,221.71124267578125,2753700,UNH
2019-04-11,246.0500030517578,246.9199981689453,232.67999267578125,235.4199981689453,212.14999389648438,8223400,UNH
2019-04-12,236.5,236.77999877929688,220.77000427246094,223.22000122070312,201.15586853027344,13979400,UNH
2019-04-15,225.77000427246094,230.97000122070312,224.41000366210938,230.1999969482422,207.44593811035156,10021800,UNH
2019-04-16,238.00999450683594,238.00999450683594,215.82000732421875,220.9600067138672,199.1192626953125,27361400,UNH
2019-04-17,223.7899932861328,224.24000549316406,208.07000732421875,216.83999633789062,195.40655517578125,22101400,UNH
2019-04-18,217.13999938964844,223.0,214.2100067138672,221.75,199.8312225341797,13927200,UNH
2019-04-22,224.0,227.55999755859375,221.5,227.11000061035156,204.661376953125,11191800,UNH
2019-04-23,228.25,231.94000244140625,226.10000610351562,230.5800018310547,207.78842163085938,10261400,UNH
2019-04-24,230.08999633789062,231.6300048828125,227.75,230.35000610351562,207.58116149902344,6104100,UNH
2019-04-25,228.52999877929688,232.1199951171875,228.1300048828125,230.7899932861328,207.97764587402344,5954500,UNH
2019-04-26,232.13999938964844,237.11000061035156,231.19000244140625,237.0,213.5737762451172,6186200,UNH
2019-04-29,237.39999389648438,238.05999755859375,234.16000366210938,237.4499969482422,213.97933959960938,5345300,UNH
2019-04-30,238.0800018310547,238.0800018310547,230.19000244140625,233.07000732421875,210.03231811523438,7632300,UNH
2019-05-01,233.07000732421875,234.6199951171875,230.35000610351562,231.9499969482422,209.02297973632812,4823200,UNH
2019-05-02,230.89999389648438,233.33999633789062,228.0800018310547,232.4499969482422,209.47354125976562,5499200,UNH
2019-05-03,232.83999633789062,233.89999389648438,227.17999267578125,231.9499969482422,209.02297973632812,4323100,UNH
2019-05-06,228.1699981689453,240.57000732421875,227.5,240.5,216.7278289794922,7180200,UNH
2019-05-07,239.19000244140625,243.14999389648438,236.39999389648438,238.0500030517578,214.52003479003906,5104700,UNH
2019-05-08,238.0,240.80999755859375,235.52999877929688,239.14999389648438,215.51124572753906,3768400,UNH
2019-05-09,236.60000610351562,240.5399932861328,235.6699981689453,237.97000122070312,214.4479217529297,4299500,UNH
2019-05-10,239.97000122070312,242.6199951171875,236.3699951171875,240.58999633789062,216.80897521972656,4374400,UNH
2019-05-13,236.4499969482422,240.10000610351562,236.1999969482422,239.5500030517578,215.8717803955078,4684400,UNH
2019-05-14,240.63999938964844,240.99000549316406,236.27999877929688,236.42999267578125,213.06011962890625,5329700,UNH
2019-05-15,235.0,237.52999877929688,232.6199951171875,236.0800018310547,212.7447509765625,5099700,UNH
2019-05-16,235.88999938964844,240.4499969482422,235.72000122070312,236.7899932861328,213.38455200195312,4456400,UNH
2019-05-17,236.1699981689453,242.44000244140625,235.64999389648438,241.3800048828125,217.52090454101562,4486400,UNH
2019-05-20,240.0,246.74000549316406,239.77000427246094,245.99000549316406,221.67523193359375,5390800,UNH
2019-05-21,247.00999450683594,251.17999267578125,246.8000030517578,249.94000244140625,225.23477172851562,5345300,UNH
2019-05-22,249.10000610351562,251.02999877929688,248.7100067138672,249.33999633789062,224.69407653808594,4038000,UNH
2019-05-23,247.97999572753906,248.14999389648438,244.38999938964844,246.5,222.13479614257812,3934600,UNH
2019-05-24,247.25,249.36000061035156,245.50999450683594,247.6300048828125,223.15310668945312,2973900,UNH
2019-05-28,248.5,249.3000030517578,241.97999572753906,242.05999755859375,218.13368225097656,6172700,UNH
2019-05-29,239.85000610351562,243.02999877929688,237.89999389648438,242.39999389648438,218.44004821777344,3958400,UNH
2019-05-30,241.9199981689453,245.35000610351562,241.33999633789062,243.5,219.4313507080078,2646600,UNH
2019-05-31,241.9499969482422,243.6199951171875,239.47999572753906,241.8000030517578,217.89938354492188,3285700,UNH
2019-06-03,241.49000549316406,243.8000030517578,236.02000427246094,236.55999755859375,213.17730712890625,4999400,UNH
2019-06-04,238.1300048828125,241.0500030517578,234.8300018310547,240.75999450683594,216.9622039794922,4992000,UNH
2019-06-05,243.1699981689453,245.7899932861328,241.22999572753906,242.77000427246094,218.77346801757812,3194400,UNH
2019-06-06,243.1300048828125,243.94000244140625,241.72999572753906,241.82000732421875,217.9174041748047,2630100,UNH
2019-06-07,242.89999389648438,247.07000732421875,242.19000244140625,246.77000427246094,222.37814331054688,2837400,UNH
2019-06-10,247.0800018310547,249.6699981689453,245.99000549316406,248.13999938964844,223.6126708984375,2331000,UNH
2019-06-11,248.52000427246094,250.69000244140625,245.72999572753906,245.8699951171875,221.56707763671875,3043000,UNH
2019-06-12,246.1999969482422,246.5,242.3000030517578,244.5,220.33248901367188,3251800,UNH
2019-06-13,244.82000732421875,245.33999633789062,243.1199951171875,244.9600067138672,220.7470245361328,3107800,UNH
2019-06-14,244.72000122070312,246.10000610351562,242.7899932861328,245.3699951171875,222.09567260742188,2165500,UNH
2019-06-17,246.0,247.10000610351562,245.22000122070312,245.97000122070312,222.63876342773438,2270300,UNH
2019-06-18,247.5,249.33999633789062,245.14999389648438,245.6999969482422,222.39439392089844,3482500,UNH
2019-06-19,246.0,251.3699951171875,245.50999450683594,250.19000244140625,226.4585418701172,4204600,UNH
2019-06-20,251.60000610351562,252.82000732421875,247.39999389648438,247.75999450683594,224.25901794433594,3800800,UNH
2019-06-21,248.77999877929688,253.49000549316406,246.89999389648438,252.27999877929688,228.35025024414062,6323500,UNH
2019-06-24,251.3300018310547,252.6300048828125,247.86000061035156,249.63999938964844,225.9606170654297,3163800,UNH
2019-06-25,249.3000030517578,251.0399932861328,247.4199981689453,247.66000366210938,224.16845703125,3182700,UNH
2019-06-26,248.0,248.0800018310547,243.1300048828125,243.47000122070312,220.3759002685547,3852900,UNH
2019-06-27,244.25999450683594,248.14999389648438,243.16000366210938,246.33999633789062,222.9736785888672,3366200,UNH
2019-06-28,246.5,246.75,238.64999389648438,244.00999450683594,220.8647003173828,6727600,UNH
2019-07-01,245.9499969482422,246.1699981689453,240.72000122070312,242.63999938964844,219.62464904785156,4102700,UNH
2019-07-02,242.58999633789062,243.99000549316406,239.5399932861328,243.97000122070312,220.82847595214844,3863500,UNH
2019-07-03,244.32000732421875,247.52000427246094,244.0399932861328,245.2100067138672,221.95086669921875,2559400,UNH
2019-07-05,244.38999938964844,248.75999450683594,244.05999755859375,246.99000549316406,223.5620574951172,2965000,UNH
2019-07-08,246.41000366210938,247.97999572753906,244.8800048828125,247.83999633789062,224.33140563964844,1902500,UNH
2019-07-09,244.6300048828125,246.0800018310547,243.69000244140625,246.0,222.66592407226562,2774800,UNH
2019-07-10,246.82000732421875,249.11000061035156,245.47999572753906,247.47999572753906,224.0055389404297,2753000,UNH
2019-07-11,255.8000030517578,261.69000244140625,249.0500030517578,261.1600036621094,236.38795471191406,10268800,UNH
2019-07-12,261.6300048828125,266.5199890136719,261.6300048828125,265.8999938964844,240.67831420898438,5336100,UNH
2019-07-15,265.05999755859375,267.6499938964844,264.25,265.9599914550781,240.73265075683594,2611400,UNH
2019-07-16,265.3299865722656,267.1400146484375,263.19000244140625,264.6600036621094,239.55592346191406,3121600,UNH
2019-07-17,264.0,268.69000244140625,263.5,266.6499938964844,241.35720825195312,3995200,UNH
2019-07-18,265.6400146484375,266.510009765625,257.260009765625,260.6000061035156,235.88107299804688,5825800,UNH
2019-07-19,261.1000061035156,262.7200012207031,256.3999938964844,256.6499938964844,232.3057403564453,4413200,UNH
2019-07-22,258.1400146484375,258.95001220703125,254.52999877929688,255.32000732421875,231.10189819335938,4104300,UNH
2019-07-23,254.47000122070312,256.1000061035156,252.02000427246094,255.00999450683594,230.82131958007812,2889300,UNH
2019-07-24,252.7899932861328,252.8300018310547,245.1300048828125,251.1300048828125,227.30934143066406,4864000,UNH
2019-07-25,251.1300048828125,252.75,248.2899932861328,248.6999969482422,225.10983276367188,3362800,UNH
2019-07-26,249.02000427246094,253.8800048828125,246.50999450683594,252.94000244140625,228.9476776123047,3362600,UNH
2019-07-29,252.83999633789062,255.3000030517578,252.33999633789062,253.82000732421875,229.7441864013672,2005500,UNH
2019-07-30,252.66000366210938,255.05999755859375,250.47000122070312,254.92999267578125,230.74888610839844,1908800,UNH
2019-07-31,256.32000732421875,257.1600036621094,248.47999572753906,249.00999450683594,225.39039611816406,3532400,UNH
2019-08-01,249.19000244140625,251.5800018310547,247.27999877929688,249.25,225.607666015625,3613600,UNH
2019-08-02,249.69000244140625,251.57000732421875,246.10000610351562,250.0500030517578,226.33181762695312,2677600,UNH
2019-08-05,248.1300048828125,249.94000244140625,242.58999633789062,245.05999755859375,221.81512451171875,5812400,UNH
2019-08-06,245.92999267578125,248.27999877929688,243.57000732421875,248.27999877929688,224.72962951660156,3533000,UNH
2019-08-07,246.27000427246094,247.0399932861328,241.25999450683594,246.4499969482422,223.07325744628906,3205800,UNH
2019-08-08,246.19000244140625,247.6699981689453,243.3699951171875,247.6199951171875,224.1322479248047,2830700,UNH
2019-08-09,247.72000122070312,250.4199981689453,246.13999938964844,248.6300048828125,225.04644775390625,2535000,UNH
2019-08-12,246.7899932861328,247.9600067138672,243.02999877929688,243.1999969482422,220.13153076171875,2667400,UNH
2019-08-13,241.67999267578125,250.4600067138672,241.50999450683594,249.22000122070312,225.58050537109375,2763400,UNH
2019-08-14,246.72999572753906,248.41000366210938,243.00999450683594,243.1999969482422,220.13153076171875,3464300,UNH
2019-08-15,244.35000610351562,245.25999450683594,241.4499969482422,244.25,221.0819549560547,2513500,UNH
2019-08-16,245.3800048828125,247.11000061035156,244.17999267578125,245.69000244140625,222.38534545898438,2810000,UNH
2019-08-19,247.49000549316406,248.49000549316406,244.08999633789062,244.7100067138672,221.498291015625,2672300,UNH
2019-08-20,244.2100067138672,244.60000610351562,239.9199981689453,240.16000366210938,217.3798828125,3201300,UNH
2019-08-21,240.19000244140625,241.88999938964844,239.3000030517578,240.35000610351562,217.55184936523438,2761900,UNH
2019-08-22,240.35000610351562,240.35000610351562,232.6699981689453,232.94000244140625,210.84474182128906,4498200,UNH
2019-08-23,232.89999389648438,235.10000610351562,229.3800048828125,230.66000366210938,208.781005859375,4826600,UNH
2019-08-26,232.52000427246094,234.55999755859375,230.4600067138672,231.0800018310547,209.16116333007812,2918300,UNH
2019-08-27,231.72000122070312,232.39999389648438,222.60000610351562,222.92999267578125,201.78421020507812,4988100,UNH
2019-08-28,222.4199981689453,229.77000427246094,220.77999877929688,227.35000610351562,205.78497314453125,4847600,UNH
2019-08-29,228.4199981689453,232.3000030517578,228.00999450683594,230.6199951171875,208.7447967529297,4052500,UNH
2019-08-30,233.6699981689453,235.0500030517578,232.2899932861328,234.0,211.80419921875,3384100,UNH
2019-09-03,231.74000549316406,232.1699981689453,228.47000122070312,230.6199951171875,208.7447967529297,3382300,UNH
2019-09-04,231.9499969482422,232.9499969482422,226.5,226.72999572753906,205.22372436523438,4526100,UNH
2019-09-05,230.0,231.50999450683594,227.5800018310547,229.58999633789062,207.8125,4256900,UNH
2019-09-06,230.1699981689453,231.9600067138672,228.58999633789062,229.0,207.27845764160156,4183200,UNH
2019-09-09,229.0,232.0,228.55999755859375,230.67999267578125,208.799072265625,3895600,UNH
2019-09-10,231.4499969482422,234.2899932861328,230.8300018310547,232.4600067138672,210.41024780273438,4257600,UNH
2019-09-11,232.49000549316406,234.25,228.5800018310547,234.2100067138672,211.9942626953125,3168100,UNH
2019-09-12,235.0,236.39999389648438,229.6999969482422,230.10000610351562,208.27413940429688,4713700,UNH
2019-09-13,232.99000549316406,236.55999755859375,231.5399932861328,233.61000061035156,212.44834899902344,4523200,UNH
2019-09-16,232.82000732421875,236.0500030517578,232.14999389648438,234.42999267578125,213.1940155029297,2973600,UNH
2019-09-17,233.07000732421875,233.99000549316406,231.1699981689453,232.52000427246094,211.4571075439453,2392900,UNH
2019-09-18,230.8000030517578,233.1300048828125,229.22999572753906,230.61000061035156,209.7200927734375,2960500,UNH
2019-09-19,232.0,233.9499969482422,231.22999572753906,232.85000610351562,211.7572021484375,2666700,UNH
2019-09-20,234.77000427246094,235.0,231.9199981689453,232.88999938964844,211.7935791015625,6220100,UNH
2019-09-23,229.77000427246094,230.77999877929688,228.32000732421875,228.77000427246094,208.0467529296875,3281200,UNH
2019-09-24,229.3800048828125,229.83999633789062,222.9199981689453,225.0,204.61825561523438,5006800,UNH
2019-09-25,224.27999877929688,226.5,222.1300048828125,222.1699981689453,202.04461669921875,4658000,UNH
2019-09-26,223.0399932861328,223.6300048828125,213.42999267578125,215.47999572753906,195.9606170654297,10444400,UNH
2019-09-27,218.17999267578125,218.8800048828125,215.02000427246094,215.25999450683594,195.7605438232422,4834900,UNH
2019-09-30,213.63999938964844,218.52999877929688,213.1199951171875,217.32000732421875,197.63394165039062,5286300,UNH
2019-10-01,219.19000244140625,219.19000244140625,212.0800018310547,217.2100067138672,197.53399658203125,5523600,UNH
2019-10-02,216.14999389648438,219.36000061035156,215.27999877929688,216.75,197.11557006835938,4921200,UNH
2019-10-03,215.6300048828125,216.36000061035156,213.0500030517578,215.36000061035156,195.8515167236328,3375800,UNH
2019-10-04,216.83999633789062,219.86000061035156,215.13999938964844,219.8000030517578,199.88931274414062,3700500,UNH
2019-10-07,219.0500030517578,222.52999877929688,218.99000549316406,221.24000549316406,201.19888305664062,3843200,UNH
2019-10-08,219.49000549316406,221.97999572753906,218.39999389648438,220.11000061035156,200.1712188720703,4817000,UNH
2019-10-09,221.7100067138672,223.47000122070312,220.1699981689453,222.0800018310547,201.96278381347656,4483100,UNH
2019-10-10,218.19000244140625,224.1300048828125,217.52000427246094,223.72999572753906,203.46328735351562,5252200,UNH
2019-10-11,225.5399932861328,228.85000610351562,221.58999633789062,222.07000732421875,201.95367431640625,5891600,UNH
2019-10-14,221.6300048828125,223.33999633789062,219.89999389648438,220.58999633789062,200.6077117919922,4075300,UNH
2019-10-15,232.69000244140625,239.83999633789062,231.08999633789062,238.58999633789062,216.9772186279297,13397700,UNH
2019-10-16,236.2899932861328,237.47999572753906,234.0800018310547,236.99000549316406,215.52215576171875,5368600,UNH
2019-10-17,238.69000244140625,244.61000061035156,237.27000427246094,243.6699981689453,221.59703063964844,6301200,UNH
2019-10-18,244.4499969482422,246.41000366210938,241.75999450683594,245.33999633789062,223.11573791503906,4922100,UNH
2019-10-21,245.02000427246094,245.60000610351562,242.14999389648438,243.9199981689453,221.8244171142578,3029200,UNH
2019-10-22,243.63999938964844,251.5,243.14999389648438,249.47999572753906,226.88072204589844,5660800,UNH
2019-10-23,248.38999938964844,251.75,246.72999572753906,247.8000030517578,225.3529510498047,3706600,UNH
2019-10-24,248.02999877929688,248.49000549316406,243.91000366210938,244.50999450683594,222.36093139648438,2546900,UNH
2019-10-25,243.91000366210938,246.0800018310547,242.14999389648438,244.91000366210938,222.72474670410156,2815100,UNH
2019-10-28,245.25999450683594,248.38999938964844,244.9199981689453,247.0500030517578,224.67083740234375,2957100,UNH
2019-10-29,247.0399932861328,253.1999969482422,246.30999755859375,252.2899932861328,229.43618774414062,3528900,UNH
2019-10-30,252.1699981689453,255.27999877929688,251.97999572753906,254.8000030517578,231.71881103515625,3299600,UNH
2019-10-31,254.3800048828125,255.72000122070312,249.91000366210938,252.6999969482422,229.80906677246094,3960400,UNH
2019-11-01,253.99000549316406,256.3299865722656,252.16000366210938,252.2100067138672,229.36341857910156,2919600,UNH
2019-11-04,253.6300048828125,253.8300018310547,249.91000366210938,251.25,228.49037170410156,3186400,UNH
2019-11-05,253.74000549316406,254.27000427246094,250.08999633789062,250.3000030517578,227.62644958496094,5393400,UNH
2019-11-06,249.7100067138672,251.99000549316406,249.08999633789062,250.52000427246094,227.82656860351562,3668600,UNH
2019-11-07,251.9499969482422,256.75,251.25999450683594,256.4599914550781,233.22845458984375,3646300,UNH
2019-11-08,256.7699890136719,258.3399963378906,255.0,256.9700012207031,233.6922607421875,2200300,UNH
2019-11-11,255.0500030517578,256.4599914550781,253.3300018310547,254.08999633789062,231.07315063476562,1765600,UNH
2019-11-12,253.58999633789062,255.75999450683594,253.41000366210938,255.25,232.12806701660156,1892500,UNH
2019-11-13,254.8699951171875,256.8800048828125,253.19000244140625,253.57000732421875,230.60025024414062,3289800,UNH
2019-11-14,253.8000030517578,256.0799865722656,253.47000122070312,255.8300018310547,232.65554809570312,2101900,UNH
2019-11-15,256.1099853515625,275.57000732421875,255.36000061035156,269.3999938964844,244.99627685546875,10136000,UNH
2019-11-18,269.0,278.45001220703125,269.0,272.92999267578125,248.20651245117188,6985200,UNH
2019-11-19,275.239990234375,275.3599853515625,271.54998779296875,274.2300109863281,249.38870239257812,4002000,UNH
2019-11-20,272.25,276.0299987792969,271.239990234375,275.55999755859375,250.5981903076172,4141600,UNH
2019-11-21,275.2200012207031,277.67999267578125,273.9100036621094,276.54998779296875,251.49859619140625,3309900,UNH
2019-11-22,276.5299987792969,277.7699890136719,275.0,276.8399963378906,251.76231384277344,2802700,UNH
2019-11-25,277.7799987792969,283.0,277.010009765625,282.6700134277344,257.0642395019531,4082900,UNH
2019-11-26,280.7099914550781,282.25,280.1600036621094,281.3999938964844,255.9092559814453,2998600,UNH
2019-11-27,281.010009765625,281.92999267578125,278.69000244140625,280.6700134277344,255.24539184570312,2323900,UNH
2019-11-29,278.1000061035156,280.9200134277344,277.3299865722656,279.8699951171875,254.517822265625,1520900,UNH
2019-12-02,281.7799987792969,282.0,278.57000732421875,279.6600036621094,254.32687377929688,2517100,UNH
2019-12-03,276.9700012207031,278.4200134277344,273.8500061035156,276.8999938964844,251.81680297851562,3239200,UNH
2019-12-04,281.6199951171875,281.8399963378906,278.6400146484375,279.32000732421875,254.01756286621094,2694200,UNH
2019-12-05,279.239990234375,282.82000732421875,277.4800109863281,282.0,256.4548034667969,3357300,UNH
2019-12-06,282.8399963378906,283.0400085449219,279.1099853515625,280.19000244140625,255.78848266601562,2828900,UNH
2019-12-09,280.7699890136719,280.8699951171875,277.4200134277344,277.5400085449219,253.36932373046875,2697100,UNH
2019-12-10,277.6000061035156,279.6000061035156,274.010009765625,279.5199890136719,255.1768035888672,2515300,UNH
2019-12-11,278.29998779296875,280.6600036621094,278.0299987792969,280.5,256.07147216796875,2751300,UNH
2019-12-12,281.0299987792969,283.989990234375,280.0400085449219,283.6099853515625,258.91058349609375,2996200,UNH
2019-12-13,284.9700012207031,287.80999755859375,284.1199951171875,285.4800109863281,260.6177978515625,3599300,UNH
2019-12-16,287.9700012207031,295.44000244140625,287.05999755859375,292.0299987792969,266.59735107421875,4663600,UNH
2019-12-17,291.239990234375,292.7799987792969,289.1700134277344,290.4700012207031,265.1732482910156,4409100,UNH
2019-12-18,291.0,294.8599853515625,290.989990234375,292.8999938964844,267.3915710449219,3621600,UNH
2019-12-19,295.0,297.20001220703125,293.6199951171875,294.6199951171875,268.96173095703125,2905900,UNH
2019-12-20,298.8999938964844,300.0,292.510009765625,292.5899963378906,267.108642578125,6608300,UNH
2019-12-23,293.42999267578125,295.8500061035156,292.80999755859375,295.0899963378906,269.390869140625,2098900,UNH
2019-12-24,295.260009765625,295.8299865722656,293.55999755859375,294.5400085449219,268.88873291015625,714000,UNH
2019-12-26,295.29998779296875,296.260009765625,294.5400085449219,295.6499938964844,269.9021301269531,1050600,UNH
2019-12-27,296.010009765625,296.5400085449219,295.010009765625,295.9700012207031,270.1941833496094,1547100,UNH
2019-12-30,296.04998779296875,296.5400085449219,293.45001220703125,293.8500061035156,268.25885009765625,1511700,UNH
2019-12-31,293.6600036621094,294.0899963378906,291.1499938964844,293.9800109863281,268.3774719238281,2224200,UNH
2020-01-02,293.9800109863281,295.70001220703125,289.7900085449219,292.5,267.0264892578125,2543400,UNH
2020-01-03,287.2699890136719,291.8800048828125,284.3599853515625,289.5400085449219,264.32415771484375,2711400,UNH
2020-01-06,288.0,291.6600036621094,287.2200012207031,291.54998779296875,266.1592102050781,3079100,UNH
2020-01-07,290.70001220703125,291.489990234375,287.5799865722656,289.7900085449219,264.5523986816406,2492900,UNH
2020-01-08,291.5,297.3800048828125,290.0400085449219,295.8999938964844,270.13031005859375,3379200,UNH
2020-01-09,294.2900085449219,297.20001220703125,293.7200012207031,294.2200012207031,268.5965576171875,2838200,UNH
2020-01-10,296.07000732421875,296.07000732421875,292.2099914550781,295.1300048828125,269.4273376464844,2477900,UNH
2020-01-13,294.3699951171875,294.45001220703125,285.0199890136719,285.8500061035156,260.9555358886719,6994900,UNH
2020-01-14,285.6000061035156,288.239990234375,284.25,288.239990234375,263.1374206542969,6056300,UNH
2020-01-15,289.0199890136719,299.6400146484375,289.0,296.4100036621094,270.59588623046875,6081300,UNH
2020-01-16,298.0,300.989990234375,295.92999267578125,300.739990234375,274.5487976074219,3710300,UNH
2020-01-17,300.010009765625,300.70001220703125,295.8800048828125,298.4700012207031,272.47650146484375,4632200,UNH
2020-01-21,296.8900146484375,302.5400085449219,296.010009765625,300.5299987792969,274.35699462890625,4962800,UNH
2020-01-22,301.989990234375,302.1300048828125,297.3500061035156,300.5899963378906,274.41180419921875,3117600,UNH
2020-01-23,300.010009765625,300.5799865722656,296.6499938964844,299.4599914550781,273.3802185058594,3169600,UNH
2020-01-24,298.3399963378906,299.92999267578125,291.55999755859375,292.80999755859375,267.3093566894531,3678500,UNH
2020-01-27,288.0,288.0799865722656,280.07000732421875,284.0899963378906,259.3487854003906,4399400,UNH
2020-01-28,283.9100036621094,288.3699951171875,283.29998779296875,285.8699951171875,260.9738464355469,4341000,UNH
2020-01-29,284.0,286.19000244140625,280.8900146484375,282.8999938964844,258.26239013671875,3963800,UNH
2020-01-30,281.8399963378906,281.8399963378906,275.9200134277344,280.9800109863281,256.50970458984375,4211800,UNH
2020-01-31,278.1700134277344,278.7799987792969,271.17999267578125,272.45001220703125,248.72256469726562,5532600,UNH
2020-02-03,275.1300048828125,276.8500061035156,270.82000732421875,274.0199890136719,250.15582275390625,5646800,UNH
2020-02-04,277.2799987792969,283.5,276.8800048828125,280.8399963378906,256.3818664550781,4290200,UNH
2020-02-05,285.6000061035156,297.0,285.44000244140625,295.7300109863281,269.9750671386719,5761000,UNH
2020-02-06,297.0,297.2699890136719,290.0,292.4599914550781,266.9898376464844,3044000,UNH
2020-02-07,292.8699951171875,293.3900146484375,288.9100036621094,289.2200012207031,264.03204345703125,3425900,UNH
2020-02-10,286.2300109863281,289.2900085449219,285.45001220703125,287.0299987792969,262.0327453613281,3147400,UNH
2020-02-11,286.8500061035156,291.57000732421875,285.8999938964844,290.7900085449219,265.4653015136719,2992200,UNH
2020-02-12,295.0,305.0,294.010009765625,303.4800109863281,277.0501708984375,6701900,UNH
2020-02-13,300.1400146484375,305.8999938964844,300.1400146484375,302.20001220703125,275.8816223144531,3565500,UNH
2020-02-14,302.2099914550781,303.9700012207031,297.30999755859375,298.7799987792969,272.7594909667969,2485600,UNH
2020-02-18,299.6700134277344,303.3500061035156,299.0,302.1400146484375,275.8268127441406,3241700,UNH
2020-02-19,303.3699951171875,306.7099914550781,302.7300109863281,305.30999755859375,278.7207946777344,3021100,UNH
2020-02-20,303.20001220703125,304.1600036621094,297.8900146484375,302.1300048828125,275.81768798828125,2885500,UNH
2020-02-21,300.4700012207031,302.510009765625,298.6099853515625,301.42999267578125,275.1786804199219,2987100,UNH
2020-02-24,286.8900146484375,288.989990234375,277.6400146484375,277.7900085449219,253.59750366210938,8790600,UNH
2020-02-25,280.1499938964844,281.9800109863281,262.010009765625,263.3900146484375,240.45156860351562,8171200,UNH
2020-02-26,264.7200012207031,269.8299865722656,258.7099914550781,263.0,240.0955352783203,6806600,UNH
2020-02-27,258.4200134277344,262.1499938964844,252.07000732421875,253.9199981689453,231.80628967285156,7604300,UNH
2020-02-28,246.1999969482422,257.1000061035156,245.3000030517578,254.9600067138672,232.75572204589844,9961000,UNH
2020-03-02,257.3399963378906,273.239990234375,250.32000732421875,273.1099853515625,249.32508850097656,8866300,UNH
2020-03-03,275.3500061035156,280.3500061035156,259.2300109863281,261.3999938964844,238.63491821289062,9188100,UNH
2020-03-04,290.0,295.8399963378906,282.2099914550781,289.4200134277344,264.21466064453125,14533000,UNH
2020-03-05,281.6000061035156,289.4200134277344,279.94000244140625,282.9599914550781,258.31719970703125,5908400,UNH
2020-03-06,275.4200134277344,284.9700012207031,271.8999938964844,283.8699951171875,259.14801025390625,5361900,UNH
2020-03-09,264.4599914550781,281.44000244140625,259.239990234375,273.44000244140625,249.6263885498047,8070700,UNH
2020-03-10,279.7200012207031,283.8999938964844,272.5,280.0,255.61502075195312,7366000,UNH
2020-03-11,274.760009765625,285.239990234375,273.260009765625,277.7799987792969,253.58831787109375,7744600,UNH
2020-03-12,260.0,272.2300109863281,250.0,250.41000366210938,228.60198974609375,10496600,UNH
2020-03-13,260.989990234375,273.2200012207031,242.27000427246094,272.0400085449219,249.42393493652344,9308400,UNH
2020-03-16,243.9199981689453,245.67999267578125,223.9499969482422,225.0399932861328,206.33131408691406,10303500,UNH
2020-03-17,230.82000732421875,248.75999450683594,228.2899932861328,244.22000122070312,223.91683959960938,9642200,UNH
2020-03-18,225.75,231.4499969482422,200.19000244140625,217.05999755859375,199.01473999023438,12917500,UNH
2020-03-19,216.97999572753906,226.1199951171875,208.94000244140625,219.8000030517578,201.52694702148438,8065200,UNH
2020-03-20,223.17999267578125,232.63999938964844,203.4600067138672,206.58999633789062,189.41514587402344,9364100,UNH
2020-03-23,202.0399932861328,205.75,187.72000122070312,194.86000061035156,178.6603240966797,10654500,UNH
2020-03-24,202.13999938964844,220.27000427246094,199.0,219.8000030517578,201.52694702148438,8894400,UNH
2020-03-25,219.08999633789062,247.50999450683594,216.0,234.49000549316406,214.9957275390625,10014000,UNH
2020-03-26,234.02999877929688,257.9599914550781,232.3000030517578,255.38999938964844,234.15817260742188,7517600,UNH
2020-03-27,242.94000244140625,251.60000610351562,238.24000549316406,242.4499969482422,222.2939453125,4879500,UNH
2020-03-30,242.63999938964844,254.08999633789062,242.63999938964844,251.27999877929688,230.38987731933594,5329000,UNH
2020-03-31,243.47999572753906,254.52999877929688,243.0,249.3800048828125,228.64784240722656,5450000,UNH
2020-04-01,238.69000244140625,246.61000061035156,235.44000244140625,237.32000732421875,217.59043884277344,4548800,UNH
2020-04-02,235.3000030517578,242.0,226.02999877929688,240.44000244140625,220.45106506347656,4636800,UNH
2020-04-03,238.32000732421875,239.33999633789062,227.27000427246094,229.49000549316406,210.411376953125,4650300,UNH
2020-04-06,240.0,249.2899932861328,235.1199951171875,248.33999633789062,227.6942901611328,6365900,UNH
2020-04-07,259.80999755859375,266.7099914550781,246.5399932861328,248.0399932861328,227.41921997070312,4984100,UNH
2020-04-08,247.69000244140625,269.1600036621094,246.25999450683594,267.8299865722656,245.56399536132812,6390200,UNH
2020-04-09,265.0,270.3999938964844,261.6000061035156,264.1300048828125,242.17156982421875,4923300,UNH
2020-04-13,262.05999755859375,264.9599914550781,258.17999267578125,263.510009765625,241.6031036376953,2964900,UNH
2020-04-14,269.0,273.07000732421875,267.0,270.5,248.01199340820312,4778900,UNH
2020-04-15,276.3299865722656,282.989990234375,270.67999267578125,281.67999267578125,258.262451171875,7841800,UNH
2020-04-16,283.44000244140625,300.0,280.010009765625,298.42999267578125,273.6200866699219,7738900,UNH
2020-04-17,300.989990234375,304.0,287.1000061035156,290.55999755859375,266.40435791015625,5857500,UNH
2020-04-20,285.29998779296875,289.010009765625,281.2699890136719,282.1400146484375,258.68426513671875,4072600,UNH
2020-04-21,274.95001220703125,280.0,273.25,274.19000244140625,251.39517211914062,3977500,UNH
2020-04-22,279.5799865722656,283.82000732421875,276.7099914550781,277.0199890136719,253.99002075195312,3663300,UNH
2020-04-23,279.05999755859375,288.4599914550781,278.5400085449219,285.3299865722656,261.609130859375,4420500,UNH
2020-04-24,287.2900085449219,291.8999938964844,284.0,291.2900085449219,267.0736389160156,3265000,UNH
2020-04-27,293.2099914550781,296.8599853515625,290.6300048828125,293.9800109863281,269.5400695800781,3706200,UNH
2020-04-28,298.0,298.25,285.6199951171875,288.3599853515625,264.38726806640625,3862900,UNH
2020-04-29,292.0,292.75,286.1000061035156,287.6499938964844,263.73626708984375,4258400,UNH
2020-04-30,286.6499938964844,295.0,285.5199890136719,292.4700012207031,268.1555480957031,7631700,UNH
2020-05-01,288.3900146484375,289.0,279.6000061035156,284.510009765625,260.85736083984375,3526100,UNH
2020-05-04,284.489990234375,287.94000244140625,282.1099853515625,287.5400085449219,263.6354064941406,2894200,UNH
2020-05-05,289.9599914550781,296.0,287.2900085449219,293.0400085449219,268.67822265625,2501300,UNH
2020-05-06,295.1000061035156,297.67999267578125,288.44000244140625,288.7699890136719,264.7632141113281,2579200,UNH
2020-05-07,291.05999755859375,292.2900085449219,284.5199890136719,285.0,261.30657958984375,3162300,UNH
2020-05-08,289.489990234375,290.0,285.6600036621094,287.0,263.1402587890625,3200000,UNH
2020-05-11,285.55999755859375,290.1000061035156,285.260009765625,288.69000244140625,264.68988037109375,3490700,UNH
2020-05-12,291.7699890136719,293.1499938964844,287.70001220703125,287.70001220703125,263.7820739746094,4214300,UNH
2020-05-13,284.489990234375,286.3999938964844,275.55999755859375,278.0,254.88858032226562,5474100,UNH
2020-05-14,275.92999267578125,292.45001220703125,275.6400146484375,290.6099853515625,266.45013427734375,5704600,UNH
2020-05-15,292.4100036621094,300.0,290.7200012207031,290.9599914550781,266.7711181640625,12182800,UNH
2020-05-18,298.4800109863281,299.7200012207031,292.0199890136719,293.3599853515625,268.9715881347656,4015100,UNH
2020-05-19,290.739990234375,294.6300048828125,288.8800048828125,289.04998779296875,265.0198974609375,3059400,UNH
2020-05-20,292.8999938964844,292.8999938964844,286.70001220703125,287.989990234375,264.0479736328125,3200600,UNH
2020-05-21,286.0400085449219,290.1300048828125,284.92999267578125,286.9100036621094,263.0577697753906,3604900,UNH
2020-05-22,287.29998779296875,290.239990234375,284.7900085449219,289.94000244140625,265.8359680175781,2922800,UNH
2020-05-26,296.5,297.0299987792969,292.5,294.8900146484375,270.3744201660156,4567800,UNH
2020-05-27,297.4200134277344,303.79998779296875,290.79998779296875,303.7699890136719,278.51605224609375,5618900,UNH
2020-05-28,305.95001220703125,309.6600036621094,303.2900085449219,303.9700012207031,278.69952392578125,4387700,UNH
2020-05-29,304.7200012207031,308.3699951171875,300.8500061035156,304.8500061035156,279.50628662109375,6251500,UNH
2020-06-01,304.0199890136719,305.9800109863281,300.55999755859375,305.92999267578125,280.49652099609375,2894000,UNH
2020-06-02,305.5799865722656,308.1000061035156,301.7300109863281,306.30999755859375,280.844970703125,2756800,UNH
2020-06-03,307.8500061035156,310.1199951171875,302.739990234375,305.3500061035156,279.96478271484375,4360000,UNH
2020-06-04,303.17999267578125,304.4700012207031,294.2900085449219,298.0799865722656,273.2991638183594,4374300,UNH
2020-06-05,304.0,314.2799987792969,300.5,311.8500061035156,285.9243469238281,5554300,UNH
2020-06-08,308.6400146484375,315.8399963378906,307.92999267578125,309.4800109863281,283.7514343261719,4635500,UNH
2020-06-09,309.8999938964844,312.6499938964844,307.3299865722656,309.2099914550781,283.5038757324219,3061500,UNH
2020-06-10,308.94000244140625,310.30999755859375,302.8599853515625,305.75,280.3315124511719,3296100,UNH
2020-06-11,303.3599853515625,303.3599853515625,280.79998779296875,283.7300109863281,260.1421813964844,6638900,UNH
2020-06-12,290.6499938964844,294.1000061035156,278.70001220703125,285.1499938964844,261.44415283203125,5416800,UNH
2020-06-15,278.0199890136719,287.0,273.7099914550781,286.2799987792969,262.4801025390625,4494600,UNH
2020-06-16,295.44000244140625,297.57000732421875,287.44000244140625,293.0,268.6414489746094,4245400,UNH
2020-06-17,295.1000061035156,295.1000061035156,291.2300109863281,292.6000061035156,268.2747802734375,2538000,UNH
2020-06-18,290.42999267578125,291.7799987792969,286.6000061035156,291.4800109863281,267.24786376953125,2926600,UNH
2020-06-19,294.42999267578125,296.5199890136719,290.9100036621094,291.239990234375,268.1778869628906,5172800,UNH
2020-06-22,289.7900085449219,293.0,286.260009765625,292.6700134277344,269.4945983886719,2174100,UNH
2020-06-23,294.010009765625,299.2799987792969,291.07000732421875,297.6000061035156,274.0341796875,4023400,UNH
2020-06-24,293.989990234375,297.1000061035156,285.57000732421875,289.17999267578125,266.281005859375,3399900,UNH
2020-06-25,288.2799987792969,296.7799987792969,286.05999755859375,296.2200012207031,272.76348876953125,3112500,UNH
2020-06-26,295.1400146484375,296.5799865722656,285.82000732421875,286.8800048828125,264.16314697265625,5043200,UNH
2020-06-29,288.45001220703125,292.2799987792969,286.6199951171875,289.760009765625,266.8150634765625,2356700,UNH
2020-06-30,288.57000732421875,296.45001220703125,287.6600036621094,294.95001220703125,271.5940856933594,2932900,UNH
2020-07-01,295.8299865722656,300.3999938964844,295.239990234375,297.7300109863281,274.1539611816406,2303800,UNH
2020-07-02,300.5,303.0799865722656,297.17999267578125,298.260009765625,274.6419677734375,1971700,UNH
2020-07-06,303.0,303.489990234375,299.3299865722656,302.80999755859375,278.8316345214844,2395000,UNH
2020-07-07,300.6600036621094,303.55999755859375,295.95001220703125,296.6499938964844,273.159423828125,2075700,UNH
2020-07-08,297.3500061035156,300.8699951171875,295.67999267578125,298.3599853515625,274.7340393066406,1987400,UNH
2020-07-09,295.1000061035156,298.54998779296875,287.5,291.1600036621094,268.1041259765625,3061700,UNH
2020-07-10,294.239990234375,294.239990234375,287.1000061035156,291.2300109863281,268.1686706542969,2391600,UNH
2020-07-13,292.0899963378906,304.5199890136719,291.7699890136719,299.7099914550781,275.97711181640625,4263300,UNH
2020-07-14,297.80999755859375,309.739990234375,296.7099914550781,308.5199890136719,284.0895080566406,4234900,UNH
2020-07-15,301.1199951171875,310.69000244140625,298.6600036621094,304.07000732421875,279.9919128417969,5116900,UNH
2020-07-16,305.010009765625,310.8500061035156,303.1600036621094,307.1499938964844,282.82806396484375,3844500,UNH
2020-07-17,309.0899963378906,310.9700012207031,306.25,306.5299987792969,282.2570495605469,3016500,UNH
2020-07-20,306.7900085449219,308.6000061035156,302.3800048828125,303.4599914550781,279.43017578125,2375500,UNH
2020-07-21,305.0299987792969,307.0,303.1099853515625,305.1099853515625,280.94952392578125,2340200,UNH
2020-07-22,304.8599853515625,306.9100036621094,301.80999755859375,306.7099914550781,282.42291259765625,1935800,UNH
2020-07-23,308.20001220703125,308.5,301.2699890136719,302.9700012207031,278.97906494140625,2367700,UNH
2020-07-24,303.3299865722656,304.2799987792969,299.2300109863281,300.7900085449219,276.9716796875,2415700,UNH
2020-07-27,298.42999267578125,302.1300048828125,297.3699951171875,298.6000061035156,274.955078125,2060500,UNH
2020-07-28,297.8900146484375,301.3999938964844,297.2099914550781,299.92999267578125,276.1797180175781,2257400,UNH
2020-07-29,301.4599914550781,309.75,300.0,306.67999267578125,282.3952941894531,2672700,UNH
2020-07-30,301.67999267578125,306.4599914550781,298.8900146484375,305.2300109863281,281.0600891113281,2205300,UNH
2020-07-31,303.44000244140625,303.739990234375,298.04998779296875,302.7799987792969,278.8040466308594,3913500,UNH
2020-08-03,303.5899963378906,304.9100036621094,299.20001220703125,303.6099853515625,279.568359375,2628500,UNH
2020-08-04,301.9100036621094,308.8599853515625,300.07000732421875,304.5,280.3879089355469,3594900,UNH
2020-08-05,306.8299865722656,312.9599914550781,305.0199890136719,312.4700012207031,287.7267150878906,2982200,UNH
2020-08-06,312.0,316.239990234375,310.3999938964844,314.05999755859375,289.1908874511719,3305300,UNH
2020-08-07,313.3399963378906,319.0,313.3399963378906,317.0299987792969,291.9256896972656,2600800,UNH
2020-08-10,317.0,320.4700012207031,315.5799865722656,319.1000061035156,293.83172607421875,2563600,UNH
2020-08-11,322.9200134277344,324.57000732421875,314.6600036621094,315.54998779296875,290.5628356933594,3018200,UNH
2020-08-12,318.0,323.2900085449219,317.6400146484375,322.2699890136719,296.7507019042969,2915800,UNH
2020-08-13,320.67999267578125,321.8699951171875,317.8399963378906,321.5199890136719,296.0601806640625,2159500,UNH
2020-08-14,320.5400085449219,323.92999267578125,318.7300109863281,323.70001220703125,298.0674743652344,1787200,UNH
2020-08-17,321.45001220703125,323.79998779296875,319.3500061035156,320.510009765625,295.13006591796875,2772500,UNH
2020-08-18,321.9800109863281,322.6700134277344,315.7099914550781,316.80999755859375,291.7230529785156,2520000,UNH
2020-08-19,316.7699890136719,319.489990234375,315.17999267578125,315.3999938964844,290.4246520996094,2066700,UNH
2020-08-20,314.8299865722656,315.2799987792969,312.010009765625,313.3299865722656,288.51861572265625,2245600,UNH
2020-08-21,311.2799987792969,315.2799987792969,310.0899963378906,314.1400146484375,289.26446533203125,2488500,UNH
2020-08-24,316.80999755859375,316.8999938964844,306.489990234375,308.8399963378906,284.3841857910156,2922200,UNH
2020-08-25,312.20001220703125,312.3599853515625,307.79998779296875,312.2200012207031,287.4964904785156,1879300,UNH
2020-08-26,310.9800109863281,311.3599853515625,303.6099853515625,308.82000732421875,284.3657531738281,3178900,UNH
2020-08-27,310.4100036621094,314.7699890136719,305.489990234375,311.6700134277344,286.9900817871094,2321000,UNH
2020-08-28,312.3399963378906,315.82000732421875,308.9700012207031,314.3699951171875,289.4762878417969,2883500,UNH
2020-08-31,314.8900146484375,319.55999755859375,312.5400085449219,312.54998779296875,287.80035400390625,4341600,UNH
2020-09-01,310.1600036621094,314.7200012207031,310.0,312.8299865722656,288.0581970214844,2487100,UNH
2020-09-02,312.55999755859375,321.2799987792969,312.55999755859375,320.239990234375,294.88140869140625,2846500,UNH
2020-09-03,322.0,323.82000732421875,313.7300109863281,316.2300109863281,291.1889953613281,3872500,UNH
2020-09-04,316.4800109863281,317.8299865722656,306.6300048828125,312.0,287.2938537597656,2901000,UNH
2020-09-08,311.0299987792969,311.4599914550781,303.8299865722656,307.25,282.92010498046875,2594500,UNH
2020-09-09,309.67999267578125,315.32000732421875,308.4200134277344,312.0199890136719,287.31231689453125,2195600,UNH
2020-09-10,312.7300109863281,314.44000244140625,303.7200012207031,304.6000061035156,280.4799499511719,2421200,UNH
2020-09-11,305.07000732421875,306.4599914550781,297.2900085449219,301.4800109863281,278.7509460449219,3085900,UNH
2020-09-14,303.010009765625,311.1199951171875,303.010009765625,308.57000732421875,285.306396484375,1795500,UNH
2020-09-15,310.04998779296875,311.4599914550781,306.04998779296875,307.2300109863281,284.06744384765625,1468300,UNH
2020-09-16,309.07000732421875,312.25,306.20001220703125,306.5199890136719,283.4109802246094,3438200,UNH
2020-09-17,304.5,307.3800048828125,302.1099853515625,304.9800109863281,281.98712158203125,2394100,UNH
2020-09-18,305.010009765625,310.3900146484375,303.7699890136719,308.0199890136719,284.7978820800781,3795400,UNH
2020-09-21,300.4700012207031,300.5299987792969,291.6600036621094,299.19000244140625,276.6335754394531,4124700,UNH
2020-09-22,298.44000244140625,300.6199951171875,292.9200134277344,294.260009765625,272.07525634765625,3163600,UNH
2020-09-23,295.0,296.1000061035156,291.8299865722656,292.1400146484375,270.1150817871094,3709900,UNH
2020-09-24,292.19000244140625,294.92999267578125,289.6400146484375,292.6600036621094,270.5958557128906,2869100,UNH
2020-09-25,291.25,303.2699890136719,291.2200012207031,302.5,279.694091796875,2455800,UNH
2020-09-28,306.3900146484375,310.010009765625,302.8299865722656,303.2300109863281,280.36895751953125,2575700,UNH
2020-09-29,303.6700134277344,305.5,300.67999267578125,304.1499938964844,281.2196044921875,1797800,UNH
2020-09-30,304.0199890136719,314.5199890136719,303.989990234375,311.7699890136719,288.2650451660156,3497300,UNH
2020-10-01,312.9100036621094,315.1700134277344,309.1499938964844,313.07000732421875,289.4671325683594,2731200,UNH
2020-10-02,312.1000061035156,317.3900146484375,308.3599853515625,311.9800109863281,288.4592590332031,2338000,UNH
2020-10-05,315.07000732421875,318.4200134277344,313.1199951171875,318.1499938964844,294.16412353515625,1638600,UNH
2020-10-06,318.95001220703125,320.29998779296875,313.489990234375,314.45001220703125,290.74310302734375,2434400,UNH
2020-10-07,315.82000732421875,324.739990234375,315.82000732421875,323.1700134277344,298.8057556152344,2596600,UNH
2020-10-08,323.42999267578125,325.3500061035156,320.989990234375,322.4100036621094,298.1029968261719,2056700,UNH
2020-10-09,324.6600036621094,328.1700134277344,323.9200134277344,327.8399963378906,303.1236572265625,2028900,UNH
2020-10-12,329.1199951171875,333.55999755859375,329.010009765625,329.9700012207031,305.093017578125,2424200,UNH
2020-10-13,328.5,333.70001220703125,327.7099914550781,331.4200134277344,306.4337463378906,2713500,UNH
2020-10-14,322.07000732421875,330.57000732421875,320.20001220703125,321.8500061035156,297.5852355957031,4455400,UNH
2020-10-15,318.8500061035156,326.9700012207031,316.3299865722656,324.57000732421875,300.10015869140625,3172200,UNH
2020-10-16,325.4599914550781,332.3500061035156,324.7300109863281,329.8999938964844,305.0283508300781,3293300,UNH
2020-10-19,328.5400085449219,330.7799987792969,322.05999755859375,324.2200012207031,299.7764892578125,2482100,UNH
2020-10-20,326.6199951171875,328.6199951171875,323.2799987792969,323.4100036621094,299.027587890625,1988600,UNH
2020-10-21,323.4100036621094,326.489990234375,322.17999267578125,322.7900085449219,298.4543762207031,2139000,UNH
2020-10-22,322.32000732421875,328.05999755859375,322.25,325.7300109863281,301.1726989746094,2100600,UNH
2020-10-23,329.1600036621094,335.6499938964844,328.1300048828125,330.6000061035156,305.675537109375,2349500,UNH
2020-10-26,326.32000732421875,327.75,318.5400085449219,323.05999755859375,298.70391845703125,2408500,UNH
2020-10-27,323.05999755859375,323.5,319.42999267578125,320.510009765625,296.3461608886719,2427700,UNH
2020-10-28,313.3299865722656,317.80999755859375,307.44000244140625,308.0,284.77947998046875,3301400,UNH
2020-10-29,306.5899963378906,309.4800109863281,301.4599914550781,303.67999267578125,280.78509521484375,3279200,UNH
2020-10-30,303.2300109863281,307.1700134277344,299.6000061035156,305.1400146484375,282.1349792480469,3556800,UNH
2020-11-02,312.6400146484375,312.6400146484375,307.3599853515625,312.1000061035156,288.5702819824219,4519000,UNH
2020-11-03,317.4700012207031,326.44000244140625,315.0199890136719,321.3500061035156,297.1229248046875,4043900,UNH
2020-11-04,345.2300109863281,360.44000244140625,341.1400146484375,354.55999755859375,327.82916259765625,10344900,UNH
2020-11-05,358.07000732421875,360.9800109863281,349.67999267578125,354.3999938964844,327.6811828613281,4786500,UNH
2020-11-06,350.3599853515625,352.0,344.57000732421875,347.4599914550781,321.2644348144531,2994900,UNH
2020-11-09,366.30999755859375,367.95001220703125,348.9800109863281,350.0,323.6129150390625,4635300,UNH
2020-11-10,349.489990234375,355.8999938964844,348.1700134277344,353.69000244140625,327.0247497558594,3733200,UNH
2020-11-11,356.1600036621094,356.80999755859375,349.4100036621094,351.70001220703125,325.18475341796875,2048200,UNH
2020-11-12,351.3999938964844,360.5199890136719,349.75,354.4100036621094,327.69049072265625,2907300,UNH
2020-11-13,356.8599853515625,357.94000244140625,352.7900085449219,355.6700134277344,328.85546875,2442100,UNH
2020-11-16,358.95001220703125,359.5799865722656,351.010009765625,356.82000732421875,329.91876220703125,2790100,UNH
2020-11-17,352.3900146484375,353.3599853515625,347.5,352.1000061035156,325.5545959472656,2557600,UNH
2020-11-18,353.42999267578125,354.04998779296875,343.0899963378906,344.510009765625,318.5368347167969,2722500,UNH
2020-11-19,342.2900085449219,343.07000732421875,334.3299865722656,337.0,311.593017578125,3935600,UNH
2020-11-20,335.0,337.6600036621094,331.7099914550781,334.70001220703125,309.4664306640625,3702000,UNH
2020-11-23,335.54998779296875,336.260009765625,331.5899963378906,335.05999755859375,309.7991943359375,2535700,UNH
2020-11-24,336.17999267578125,340.0,334.42999267578125,336.010009765625,310.677734375,3759700,UNH
2020-11-25,338.82000732421875,338.82000732421875,329.1400146484375,333.19000244140625,308.0702819824219,3145100,UNH
2020-11-27,333.5299987792969,338.8999938964844,331.8399963378906,337.94000244140625,312.4621276855469,1558600,UNH
2020-11-30,335.1099853515625,337.94000244140625,330.2900085449219,336.3399963378906,310.9828186035156,5265700,UNH
2020-12-01,344.7699890136719,354.1000061035156,339.92999267578125,341.19000244140625,315.46710205078125,3817700,UNH
2020-12-02,341.7699890136719,351.8299865722656,341.5,347.55999755859375,321.3568420410156,2864300,UNH
2020-12-03,347.8999938964844,352.7699890136719,346.489990234375,348.67999267578125,322.3923645019531,4169200,UNH
2020-12-04,346.0,351.4700012207031,345.75,349.8900146484375,324.675048828125,3255100,UNH
2020-12-07,348.7200012207031,349.8900146484375,345.2200012207031,347.8599853515625,322.79132080078125,2999400,UNH
2020-12-08,344.75,349.8999938964844,344.0799865722656,347.8599853515625,322.79132080078125,2471200,UNH
2020-12-09,348.8900146484375,349.4100036621094,341.6099853515625,344.4100036621094,319.590087890625,2600400,UNH
2020-12-10,345.1600036621094,345.4599914550781,339.260009765625,339.6499938964844,315.173095703125,2896900,UNH
2020-12-11,338.1300048828125,338.8800048828125,334.3299865722656,337.07000732421875,312.7790222167969,3071700,UNH
2020-12-14,340.0299987792969,343.2300109863281,335.8599853515625,336.1300048828125,311.9067687988281,2479000,UNH
2020-12-15,339.1400146484375,341.010009765625,337.0400085449219,339.6700134277344,315.1917419433594,2616500,UNH
2020-12-16,336.8299865722656,341.6600036621094,334.260009765625,339.3399963378906,314.8854064941406,2365600,UNH
2020-12-17,339.80999755859375,342.6000061035156,337.30999755859375,341.6700134277344,317.0475158691406,2525700,UNH
2020-12-18,342.5199890136719,342.6099853515625,334.0,338.3800048828125,313.9945983886719,8742700,UNH
2020-12-21,332.07000732421875,336.95001220703125,329.3999938964844,336.0799865722656,311.8603820800781,2892700,UNH
2020-12-22,335.1600036621094,336.9800109863281,333.4700012207031,335.010009765625,310.8674011230469,2069700,UNH
2020-12-23,336.489990234375,341.6499938964844,336.0299987792969,337.5899963378906,313.26153564453125,2348100,UNH
2020-12-24,336.44000244140625,341.4100036621094,336.44000244140625,340.7900085449219,316.2309265136719,1360600,UNH
2020-12-28,343.2099914550781,347.7900085449219,343.05999755859375,345.95001220703125,321.0190734863281,2308200,UNH
2020-12-29,347.989990234375,351.2900085449219,345.0,347.3500061035156,322.3181457519531,2275700,UNH
2020-12-30,347.0799865722656,349.010009765625,344.4700012207031,344.989990234375,320.12823486328125,1866000,UNH
2020-12-31,345.0400085449219,351.0899963378906,344.04998779296875,350.67999267578125,325.4082336425781,1969000,UNH
2021-01-04,351.45001220703125,352.0799865722656,340.3800048828125,349.5,324.31329345703125,4203800,UNH
2021-01-05,348.69000244140625,351.3599853515625,344.4800109863281,344.79998779296875,319.951904296875,3160500,UNH
2021-01-06,337.1099853515625,359.489990234375,335.1099853515625,359.2699890136719,333.3791809082031,6561400,UNH
2021-01-07,358.5400085449219,366.45001220703125,357.9200134277344,365.0299987792969,338.72406005859375,3366700,UNH
2021-01-08,367.0,367.489990234375,358.760009765625,363.3900146484375,337.2022399902344,2947800,UNH
2021-01-11,362.6199951171875,364.2900085449219,359.19000244140625,360.75,334.7525634765625,2695100,UNH
2021-01-12,357.94000244140625,360.0799865722656,355.2300109863281,357.3699951171875,331.61614990234375,2372500,UNH
2021-01-13,356.0400085449219,356.80999755859375,351.2300109863281,355.0400085449219,329.4540100097656,1974500,UNH
2021-01-14,356.8500061035156,358.80999755859375,350.4200134277344,350.5299987792969,325.2690124511719,2919900,UNH
2021-01-15,349.1199951171875,353.04998779296875,345.739990234375,351.29998779296875,325.9834899902344,3777000,UNH
2021-01-19,356.2099914550781,356.9599914550781,351.55999755859375,352.19000244140625,326.8093566894531,3361300,UNH
2021-01-20,351.8800048828125,352.0799865722656,345.8299865722656,350.8399963378906,325.5566711425781,3036800,UNH
2021-01-21,350.80999755859375,360.8900146484375,350.739990234375,355.0,329.4168395996094,3749800,UNH
2021-01-22,353.30999755859375,354.6199951171875,347.5400085449219,347.54998779296875,322.5037536621094,2585100,UNH
2021-01-25,347.1499938964844,350.3900146484375,344.6000061035156,347.80999755859375,322.7450256347656,2506300,UNH
2021-01-26,350.510009765625,351.510009765625,342.57000732421875,343.1099853515625,318.3836975097656,2467500,UNH
2021-01-27,337.0400085449219,338.0,329.010009765625,332.989990234375,308.9930419921875,4770900,UNH
2021-01-28,336.6400146484375,346.5799865722656,334.510009765625,338.1499938964844,313.7811584472656,2769900,UNH
2021-01-29,336.5299987792969,339.0199890136719,330.6300048828125,333.5799865722656,309.5404968261719,3899200,UNH
2021-02-01,335.0299987792969,338.1499938964844,332.739990234375,334.0,309.93023681640625,3020200,UNH
2021-02-02,337.1000061035156,344.6400146484375,337.1000061035156,338.7200012207031,314.31011962890625,2663700,UNH
2021-02-03,338.0,340.1600036621094,334.6000061035156,337.8900146484375,313.5398864746094,2537100,UNH
2021-02-04,332.32000732421875,335.2900085449219,328.3900146484375,329.32000732421875,305.58758544921875,5962200,UNH
2021-02-05,332.1099853515625,333.4800109863281,323.4800109863281,324.510009765625,301.12420654296875,7227900,UNH
2021-02-08,327.010009765625,327.0199890136719,323.80999755859375,324.3399963378906,300.9663391113281,4758200,UNH
2021-02-09,323.8999938964844,331.0400085449219,321.7099914550781,329.6300048828125,305.8752136230469,4096900,UNH
2021-02-10,332.6600036621094,335.760009765625,329.7699890136719,333.3999938964844,309.37347412109375,4122700,UNH
2021-02-11,335.0,336.6499938964844,331.5,333.07000732421875,309.06732177734375,2776700,UNH
2021-02-12,331.67999267578125,332.3999938964844,327.8800048828125,328.239990234375,304.5853576660156,2760800,UNH
2021-02-16,327.3599853515625,329.8399963378906,322.4800109863281,324.6199951171875,301.2262268066406,4339000,UNH
2021-02-17,323.4599914550781,328.6000061035156,322.239990234375,326.8599853515625,303.3048095703125,2620000,UNH
2021-02-18,325.8999938964844,329.5799865722656,325.20001220703125,328.4100036621094,304.7430725097656,2383500,UNH
2021-02-19,328.75,328.8500061035156,324.1099853515625,324.5799865722656,301.1890869140625,2313800,UNH
2021-02-22,321.5,329.04998779296875,320.3500061035156,327.6400146484375,304.0285949707031,2688300,UNH
2021-02-23,329.989990234375,333.94000244140625,326.6400146484375,329.510009765625,305.76385498046875,3225700,UNH
2021-02-24,328.489990234375,333.6000061035156,326.0400085449219,332.2099914550781,308.26922607421875,3360500,UNH
2021-02-25,331.0,333.6000061035156,327.3599853515625,328.8699951171875,305.16998291015625,2780100,UNH
2021-02-26,330.54998779296875,337.9100036621094,329.8500061035156,332.2200012207031,308.27850341796875,5430000,UNH
2021-03-01,334.3599853515625,338.9100036621094,333.67999267578125,334.6499938964844,310.5334167480469,4198900,UNH
2021-03-02,335.0,337.6700134277344,333.8900146484375,334.6400146484375,310.5241394042969,2568900,UNH
2021-03-03,333.32000732421875,338.1600036621094,332.7799987792969,332.8699951171875,308.8817138671875,3039700,UNH
2021-03-04,334.1700134277344,340.8399963378906,332.6700134277344,333.80999755859375,309.75396728515625,4991600,UNH
2021-03-05,335.0299987792969,348.2900085449219,335.0199890136719,347.1000061035156,322.0862121582031,4563100,UNH
2021-03-08,347.010009765625,354.0,345.6000061035156,350.1700134277344,324.9349060058594,3419900,UNH
2021-03-09,352.9200134277344,361.25,351.3399963378906,351.9800109863281,326.6145324707031,4277600,UNH
2021-03-10,353.9100036621094,354.4800109863281,348.5,349.6000061035156,324.4060363769531,3012300,UNH
2021-03-11,350.760009765625,355.9700012207031,349.8699951171875,353.1000061035156,327.65374755859375,2520500,UNH
2021-03-12,353.1700134277344,356.82000732421875,351.989990234375,356.0199890136719,331.5370178222656,2088700,UNH
2021-03-15,356.9200134277344,357.94000244140625,351.54998779296875,353.8800048828125,329.54425048828125,2343400,UNH
2021-03-16,353.5299987792969,355.3599853515625,351.9100036621094,354.6000061035156,330.2147216796875,2904200,UNH
2021-03-17,355.1700134277344,358.07000732421875,351.8299865722656,352.17999267578125,327.9611511230469,2633100,UNH
2021-03-18,352.8699951171875,364.32000732421875,352.3399963378906,362.04998779296875,337.1524658203125,3311600,UNH
2021-03-19,361.9200134277344,370.4599914550781,359.010009765625,365.5799865722656,340.43963623046875,8572900,UNH
2021-03-22,365.0,368.5799865722656,360.1099853515625,366.8599853515625,341.63165283203125,3505200,UNH
2021-03-23,368.8500061035156,371.5400085449219,367.2200012207031,368.5,343.1588439941406,3100100,UNH
2021-03-24,366.04998779296875,373.79998779296875,365.510009765625,370.6000061035156,345.11444091796875,3407800,UNH
2021-03-25,370.6000061035156,372.1099853515625,363.3900146484375,371.0899963378906,345.5706787109375,3021500,UNH
2021-03-26,371.67999267578125,377.05999755859375,370.2900085449219,376.4800109863281,350.59002685546875,2959800,UNH
2021-03-29,376.3599853515625,380.5,374.989990234375,379.05999755859375,352.99261474609375,2740400,UNH
2021-03-30,377.54998779296875,379.8800048828125,371.79998779296875,373.55999755859375,347.8707580566406,3066000,UNH
2021-03-31,372.79998779296875,377.0,371.79998779296875,372.07000732421875,346.4833679199219,3356500,UNH
2021-04-01,372.20001220703125,372.69000244140625,365.760009765625,367.07000732421875,341.8271789550781,2977700,UNH
2021-04-05,369.6199951171875,372.6300048828125,367.6400146484375,370.17999267578125,344.72332763671875,2709400,UNH
2021-04-06,368.7799987792969,369.7900085449219,362.7200012207031,364.3699951171875,339.3128662109375,2698600,UNH
2021-04-07,364.19000244140625,365.8800048828125,360.54998779296875,365.6400146484375,340.49554443359375,2158900,UNH
2021-04-08,363.1099853515625,366.9100036621094,363.1099853515625,364.8900146484375,339.797119140625,2426700,UNH
2021-04-09,368.3500061035156,376.6099853515625,367.0,376.29998779296875,350.4223937988281,2483200,UNH
2021-04-12,374.4800109863281,379.8299865722656,374.0299987792969,376.2799987792969,350.40374755859375,3057300,UNH
2021-04-13,376.25,379.30999755859375,374.3299865722656,374.5,348.7462158203125,2652300,UNH
2021-04-14,375.3399963378906,378.010009765625,374.5799865722656,375.6300048828125,349.7984619140625,2805600,UNH
2021-04-15,380.0,392.3599853515625,380.0,390.010009765625,363.1896057128906,4488300,UNH
2021-04-16,393.9200134277344,393.9200134277344,385.4599914550781,391.010009765625,364.120849609375,4532400,UNH
2021-04-19,390.0,393.3900146484375,388.4700012207031,389.8399963378906,363.03131103515625,2965400,UNH
2021-04-20,389.8599853515625,397.8800048828125,389.4200134277344,396.5299987792969,369.26123046875,3348100,UNH
2021-04-21,398.8599853515625,401.4800109863281,395.44000244140625,398.80999755859375,371.3844299316406,2473300,UNH
2021-04-22,398.44000244140625,398.760009765625,393.19000244140625,396.5400085449219,369.2705383300781,2718600,UNH
2021-04-23,395.6199951171875,401.989990234375,394.5,400.30999755859375,372.7813415527344,2263200,UNH
2021-04-26,399.80999755859375,400.0,395.2099914550781,395.8599853515625,368.6372985839844,1642300,UNH
2021-04-27,394.6600036621094,396.3299865722656,392.29998779296875,394.5,367.3708190917969,1758500,UNH
2021-04-28,395.17999267578125,396.989990234375,393.29998779296875,394.5899963378906,367.45465087890625,1886500,UNH
2021-04-29,396.75,402.1600036621094,396.29998779296875,401.54998779296875,373.9360046386719,1996500,UNH
2021-04-30,401.0,401.8599853515625,398.3500061035156,398.79998779296875,371.3750915527344,2328100,UNH
2021-05-03,401.0,406.7699890136719,400.5299987792969,405.8999938964844,377.9869384765625,2568500,UNH
2021-05-04,405.4800109863281,412.4700012207031,403.5,411.3399963378906,383.0527648925781,3237200,UNH
2021-05-05,410.5,412.75,406.79998779296875,412.5,384.1330261230469,2767600,UNH
2021-05-06,413.0,416.8500061035156,412.55999755859375,414.9700012207031,386.4332275390625,3058700,UNH
2021-05-07,415.0,419.0199890136719,414.07000732421875,417.6499938964844,388.92889404296875,1851000,UNH
2021-05-10,419.2699890136719,425.9800109863281,418.2200012207031,420.8900146484375,391.9460754394531,2489300,UNH
2021-05-11,421.0,422.2900085449219,410.6099853515625,411.70001220703125,383.3880310058594,3024000,UNH
2021-05-12,409.2900085449219,410.8500061035156,404.67999267578125,405.3699951171875,377.4932861328125,2888100,UNH
2021-05-13,406.2799987792969,413.17999267578125,404.32000732421875,408.55999755859375,380.4639892578125,2637500,UNH
2021-05-14,410.989990234375,412.5899963378906,408.5,409.79998779296875,381.6186828613281,2072900,UNH
2021-05-17,409.30999755859375,412.510009765625,408.57000732421875,408.6300048828125,380.529052734375,1583900,UNH
2021-05-18,409.69000244140625,412.9599914550781,406.2699890136719,410.3800048828125,382.1588439941406,2694800,UNH
2021-05-19,409.489990234375,410.7200012207031,404.25,409.5,381.3393249511719,2783100,UNH
2021-05-20,409.5299987792969,413.8299865722656,408.32000732421875,408.6400146484375,380.5384216308594,2105800,UNH
2021-05-21,410.760009765625,418.6300048828125,409.4599914550781,411.6300048828125,383.3227844238281,4295400,UNH
2021-05-24,412.3699951171875,413.8999938964844,409.9200134277344,410.95001220703125,382.68963623046875,1883600,UNH
2021-05-25,411.8500061035156,413.8599853515625,408.8900146484375,413.04998779296875,384.6451416015625,2285600,UNH
2021-05-26,412.1000061035156,415.29998779296875,411.010009765625,413.2099914550781,384.794189453125,1903900,UNH
2021-05-27,414.9200134277344,415.1099853515625,410.3800048828125,412.70001220703125,384.3193054199219,2041800,UNH
2021-05-28,412.70001220703125,415.4700012207031,410.0199890136719,411.9200134277344,383.5928955078125,2367900,UNH
2021-06-01,413.7300109863281,413.7300109863281,406.1600036621094,406.7200012207031,378.75054931640625,2199600,UNH
2021-06-02,409.1400146484375,409.1400146484375,404.54998779296875,405.8500061035156,377.9403381347656,2232900,UNH
2021-06-03,403.5,409.760009765625,402.8399963378906,407.9599914550781,379.90521240234375,2281200,UNH
2021-06-04,410.9599914550781,411.0,404.6499938964844,405.6400146484375,377.7447204589844,2990900,UNH
2021-06-07,406.9599914550781,407.2099914550781,398.69000244140625,400.25,372.72540283203125,3353800,UNH
2021-06-08,400.7200012207031,402.75,398.75,401.739990234375,374.11297607421875,3051300,UNH
2021-06-09,403.3299865722656,405.7799987792969,400.5299987792969,401.1000061035156,373.5169372558594,1925700,UNH
2021-06-10,401.9100036621094,402.8500061035156,398.4700012207031,401.489990234375,373.88018798828125,4033600,UNH
2021-06-11,403.3500061035156,403.3599853515625,394.7799987792969,397.8900146484375,370.5278015136719,3094300,UNH
2021-06-14,397.29998779296875,399.4700012207031,395.1300048828125,399.1600036621094,371.71038818359375,2674900,UNH
2021-06-15,399.9599914550781,401.5,396.4700012207031,400.2799987792969,372.75335693359375,2845800,UNH
2021-06-16,401.1000061035156,403.1499938964844,396.6700134277344,397.25,369.9317321777344,3330800,UNH
2021-06-17,396.0,398.07000732421875,394.6099853515625,397.3500061035156,370.0248718261719,3532000,UNH
2021-06-18,387.2799987792969,392.6600036621094,387.25,389.3699951171875,363.9216613769531,5521400,UNH
2021-06-21,389.3699951171875,399.20001220703125,389.2200012207031,398.07000732421875,372.0531005859375,3839300,UNH
2021-06-22,400.6099853515625,400.6499938964844,397.82000732421875,398.69000244140625,372.6325378417969,3964600,UNH
2021-06-23,397.82000732421875,399.0,395.2699890136719,395.55999755859375,369.7071228027344,2942100,UNH
2021-06-24,398.32000732421875,402.1600036621094,396.8399963378906,398.8699951171875,372.8007507324219,3309100,UNH
2021-06-25,400.1000061035156,409.9800109863281,399.0199890136719,404.95001220703125,378.4833679199219,16928900,UNH
2021-06-28,404.95001220703125,404.989990234375,397.92999267578125,401.4599914550781,375.2214660644531,3193300,UNH
2021-06-29,401.9700012207031,403.20001220703125,397.4800109863281,398.1000061035156,372.0810241699219,2458800,UNH
2021-06-30,397.5400085449219,401.3999938964844,396.79998779296875,400.44000244140625,374.26812744140625,2875600,UNH
2021-07-01,402.0299987792969,405.2099914550781,401.80999755859375,404.8900146484375,378.42730712890625,2678100,UNH
2021-07-02,405.0899963378906,409.8699951171875,403.8800048828125,409.3599853515625,382.6051025390625,1982400,UNH
2021-07-06,408.6700134277344,411.1600036621094,405.7099914550781,410.260009765625,383.44635009765625,2615300,UNH
2021-07-07,410.3500061035156,412.17999267578125,407.20001220703125,411.6600036621094,384.75482177734375,2270400,UNH
2021-07-08,408.6099853515625,410.8299865722656,405.0799865722656,409.95001220703125,383.1566162109375,2032300,UNH
2021-07-09,412.5299987792969,413.25,410.6400146484375,412.1099853515625,385.17535400390625,2078900,UNH
2021-07-12,411.0199890136719,416.3999938964844,410.30999755859375,416.0400085449219,388.8485412597656,2802600,UNH
2021-07-13,416.3800048828125,419.69000244140625,415.7099914550781,418.5400085449219,391.18511962890625,2948900,UNH
2021-07-14,420.7699890136719,422.5299987792969,413.3500061035156,414.739990234375,387.633544921875,3538700,UNH
2021-07-15,411.9100036621094,421.7300109863281,407.20001220703125,420.04998779296875,392.5964660644531,3546500,UNH
2021-07-16,421.3599853515625,422.2900085449219,417.6400146484375,419.70001220703125,392.2693786621094,2625400,UNH
2021-07-19,417.239990234375,419.5299987792969,406.80999755859375,409.05999755859375,382.3246765136719,3611300,UNH
2021-07-20,411.0,417.7300109863281,410.6099853515625,412.9700012207031,385.9792785644531,3186700,UNH
2021-07-21,417.05999755859375,417.2300109863281,410.8299865722656,414.6400146484375,387.5400695800781,1863700,UNH
2021-07-22,416.0199890136719,416.8299865722656,413.7300109863281,415.7699890136719,388.5961608886719,1421900,UNH
2021-07-23,417.8999938964844,419.3399963378906,415.989990234375,417.70001220703125,390.4001159667969,1611700,UNH
2021-07-26,416.8299865722656,417.6700134277344,410.8999938964844,413.5400085449219,386.511962890625,2232600,UNH
2021-07-27,412.0,415.260009765625,409.4599914550781,415.1000061035156,387.9699401855469,2630600,UNH
2021-07-28,414.489990234375,414.489990234375,406.79998779296875,409.1700134277344,382.4275817871094,2446600,UNH
2021-07-29,411.2799987792969,412.5799865722656,408.4200134277344,412.0799865722656,385.1473388671875,1597300,UNH
2021-07-30,410.760009765625,413.7699890136719,410.25,412.2200012207031,385.2782287597656,1864200,UNH
2021-08-02,413.57000732421875,416.44000244140625,412.80999755859375,415.57000732421875,388.4092102050781,1806500,UNH
2021-08-03,415.82000732421875,422.1400146484375,415.0799865722656,421.8999938964844,394.3255310058594,2496500,UNH
2021-08-04,422.04998779296875,423.6600036621094,419.7099914550781,421.5400085449219,393.9891357421875,1995400,UNH
2021-08-05,422.05999755859375,422.25,407.8900146484375,411.19000244140625,384.3155822753906,3598600,UNH
2021-08-06,412.010009765625,416.7699890136719,412.010009765625,415.1199951171875,387.9886474609375,1944000,UNH
2021-08-09,414.95001220703125,416.2300109863281,410.3500061035156,410.8699951171875,384.0164489746094,1509800,UNH
2021-08-10,410.510009765625,413.6499938964844,408.57000732421875,411.7799987792969,384.86700439453125,1441800,UNH
2021-08-11,413.0299987792969,413.92999267578125,407.510009765625,407.739990234375,381.0910339355469,1542600,UNH
2021-08-12,407.0,408.7300109863281,404.29998779296875,405.9599914550781,379.4273376464844,1939900,UNH
2021-08-13,407.0799865722656,410.04998779296875,405.9200134277344,409.6700134277344,382.8948974609375,1537800,UNH
2021-08-16,409.8399963378906,417.4200134277344,407.3299865722656,417.2099914550781,389.9420166015625,2377500,UNH
2021-08-17,417.1000061035156,422.5,416.6300048828125,421.7799987792969,394.21331787109375,2258000,UNH
2021-08-18,421.3500061035156,421.5899963378906,417.0899963378906,417.32000732421875,390.044921875,3037000,UNH
2021-08-19,415.3800048828125,428.3500061035156,412.3999938964844,427.8900146484375,399.9241638183594,3204500,UNH
2021-08-20,428.3500061035156,431.3599853515625,426.9100036621094,429.7099914550781,401.62506103515625,2401900,UNH
2021-08-23,430.55999755859375,430.55999755859375,424.8999938964844,425.3599853515625,397.5594482421875,2375900,UNH
2021-08-24,425.5199890136719,425.94000244140625,421.7200012207031,423.4100036621094,395.73681640625,1619300,UNH
2021-08-25,421.8500061035156,423.6199951171875,419.45001220703125,419.739990234375,392.3067626953125,1939000,UNH
2021-08-26,419.7699890136719,421.3900146484375,416.6300048828125,416.8500061035156,389.6056213378906,1385400,UNH
2021-08-27,418.010009765625,420.3500061035156,416.1199951171875,418.760009765625,391.3908386230469,1621600,UNH
2021-08-30,418.760009765625,420.57000732421875,417.8900146484375,418.29998779296875,390.9608459472656,1284200,UNH
2021-08-31,417.0,420.739990234375,414.2200012207031,416.2699890136719,389.0634765625,4249100,UNH
2021-09-01,416.5400085449219,419.8699951171875,411.239990234375,417.3500061035156,390.0729675292969,2034400,UNH
2021-09-02,419.1600036621094,424.3999938964844,418.239990234375,423.7099914550781,396.0172119140625,3137400,UNH
2021-09-03,421.92999267578125,424.0,420.6099853515625,422.8599853515625,395.2228088378906,1604800,UNH
2021-09-07,420.29998779296875,422.260009765625,417.5799865722656,421.239990234375,393.7086486816406,1920300,UNH
2021-09-08,421.19000244140625,422.8699951171875,414.20001220703125,415.3900146484375,388.2410583496094,2262500,UNH
2021-09-09,415.3399963378906,420.2200012207031,413.92999267578125,414.54998779296875,387.4559020996094,3508500,UNH
2021-09-10,415.55999755859375,416.0,402.5899963378906,403.9100036621094,378.83642578125,4215800,UNH
2021-09-13,407.9800109863281,416.80999755859375,406.45001220703125,414.5199890136719,388.7878112792969,3068200,UNH
2021-09-14,417.5899963378906,417.5899963378906,411.3699951171875,412.5400085449219,386.9307556152344,2879800,UNH
2021-09-15,412.5199890136719,421.4200134277344,409.5,417.5199890136719,391.6015930175781,3180600,UNH
2021-09-16,419.6700134277344,423.3999938964844,414.9599914550781,416.8399963378906,390.9637451171875,2262700,UNH
2021-09-17,414.9700012207031,421.0899963378906,414.9700012207031,420.1600036621094,394.0776672363281,4534200,UNH
2021-09-20,416.9200134277344,419.29998779296875,408.7200012207031,412.70001220703125,387.0807800292969,2799800,UNH
2021-09-21,415.010009765625,418.7799987792969,412.2099914550781,412.3399963378906,386.7431335449219,2382200,UNH
2021-09-22,404.94000244140625,412.0,404.94000244140625,408.70001220703125,383.3290100097656,3629400,UNH
2021-09-23,409.79998779296875,414.8500061035156,407.510009765625,408.0299987792969,382.70062255859375,2681600,UNH
2021-09-24,406.94000244140625,407.8900146484375,405.2300109863281,407.0799865722656,381.8095703125,1950400,UNH
2021-09-27,407.8299865722656,412.1499938964844,404.9599914550781,405.2699890136719,380.1119689941406,2608600,UNH
2021-09-28,402.6000061035156,404.0,397.0199890136719,398.6199951171875,373.87481689453125,3115400,UNH
2021-09-29,397.0,401.8500061035156,395.79998779296875,400.4100036621094,375.5536804199219,2056300,UNH
2021-09-30,401.489990234375,403.489990234375,390.4599914550781,390.739990234375,366.4839782714844,3779900,UNH
2021-10-01,391.6000061035156,393.69000244140625,383.1199951171875,392.42999267578125,368.069091796875,3146600,UNH
2021-10-04,391.6199951171875,395.1499938964844,384.760009765625,387.010009765625,362.9855651855469,3074800,UNH
2021-10-05,389.3399963378906,396.010009765625,389.239990234375,393.42999267578125,369.0069885253906,3269400,UNH
2021-10-06,390.75,394.7799987792969,385.8399963378906,394.25,369.77606201171875,2809200,UNH
2021-10-07,396.760009765625,408.1700134277344,396.7099914550781,404.70001220703125,379.577392578125,2813700,UNH
2021-10-08,406.4100036621094,409.1199951171875,402.6400146484375,408.4599914550781,383.1039733886719,2012200,UNH
2021-10-11,408.0,411.2200012207031,404.2099914550781,404.989990234375,379.8494567871094,2164200,UNH
2021-10-12,405.1099853515625,408.3800048828125,402.30999755859375,403.239990234375,378.2080078125,2415700,UNH
2021-10-13,403.3399963378906,405.30999755859375,398.1099853515625,403.54998779296875,378.4988098144531,3021800,UNH
2021-10-14,425.6600036621094,433.5,417.79998779296875,420.3599853515625,394.26531982421875,6038800,UNH
2021-10-15,422.04998779296875,430.489990234375,421.5,428.07000732421875,401.4966735839844,3312000,UNH
2021-10-18,428.0,428.0,423.8399963378906,424.6199951171875,398.2608337402344,2232800,UNH
2021-10-19,426.8299865722656,427.82000732421875,423.3999938964844,424.3800048828125,398.0357360839844,1616800,UNH
2021-10-20,427.0,435.5299987792969,426.8399963378906,435.0899963378906,408.0808410644531,2764000,UNH
2021-10-21,435.5,442.5,435.0799865722656,442.2799987792969,414.8245544433594,2465100,UNH
2021-10-22,440.8399963378906,449.2900085449219,440.4599914550781,449.1600036621094,421.2774658203125,2736200,UNH
2021-10-25,450.0,452.6400146484375,446.44000244140625,449.489990234375,421.5869445800781,3553500,UNH
2021-10-26,450.489990234375,457.7099914550781,447.5899963378906,454.6400146484375,426.41729736328125,3103900,UNH
2021-10-27,454.6400146484375,460.44000244140625,453.4800109863281,453.4800109863281,425.32928466796875,3520400,UNH
2021-10-28,453.0,457.8999938964844,452.5199890136719,455.44000244140625,427.1675720214844,1672600,UNH
2021-10-29,454.4100036621094,461.3900146484375,453.05999755859375,460.4700012207031,431.8854064941406,2497800,UNH
2021-11-01,461.82000732421875,465.760009765625,451.17999267578125,454.1099853515625,425.9201354980469,2203100,UNH
2021-11-02,456.260009765625,456.44000244140625,450.3800048828125,452.0400085449219,423.9786682128906,2600000,UNH
2021-11-03,450.4200134277344,457.5199890136719,447.0400085449219,457.3299865722656,428.9402770996094,2438200,UNH
2021-11-04,457.6000061035156,458.510009765625,452.1600036621094,456.760009765625,428.4056701660156,2517300,UNH
2021-11-05,457.8299865722656,461.5199890136719,454.5799865722656,455.80999755859375,427.5146484375,2905000,UNH
2021-11-08,456.8500061035156,464.19000244140625,454.30999755859375,462.6199951171875,433.9018249511719,2279900,UNH
2021-11-09,462.6199951171875,464.4700012207031,460.2900085449219,464.3500061035156,435.5245056152344,2657800,UNH
2021-11-10,465.3900146484375,466.0,456.6300048828125,459.8999938964844,431.3507385253906,2818200,UNH
2021-11-11,460.0,460.8500061035156,455.44000244140625,457.3900146484375,428.9966125488281,2246800,UNH
2021-11-12,460.6700134277344,461.0,457.0799865722656,458.989990234375,430.4971618652344,2609500,UNH
2021-11-15,458.0,458.2099914550781,450.5,450.79998779296875,422.81561279296875,2849600,UNH
2021-11-16,452.989990234375,458.3500061035156,449.3699951171875,449.6199951171875,421.7089538574219,3383800,UNH
2021-11-17,450.3900146484375,453.9599914550781,448.7300109863281,448.95001220703125,421.0804138183594,2281500,UNH
2021-11-18,448.7300109863281,452.80999755859375,447.1099853515625,449.4700012207031,421.56817626953125,2073800,UNH
2021-11-19,448.1300048828125,449.45001220703125,439.5,440.0,412.68609619140625,3536100,UNH
2021-11-22,442.82000732421875,443.75,437.3900146484375,437.5400085449219,410.3787536621094,2598700,UNH
2021-11-23,436.010009765625,447.5199890136719,436.0,447.1300048828125,419.37347412109375,2857000,UNH
2021-11-24,446.6400146484375,450.9800109863281,445.6400146484375,450.1600036621094,422.2153625488281,2248800,UNH
2021-11-26,444.9200134277344,448.17999267578125,438.2099914550781,439.9100036621094,412.60162353515625,2480600,UNH
2021-11-29,443.55999755859375,453.0799865722656,440.54998779296875,452.0,423.9411315917969,4079700,UNH
2021-11-30,447.05999755859375,451.3500061035156,441.25,444.2200012207031,416.6440734863281,7435400,UNH
2021-12-01,452.8900146484375,455.9200134277344,444.1400146484375,444.3399963378906,416.7566223144531,4325500,UNH
2021-12-02,443.1499938964844,447.8900146484375,439.2200012207031,446.0199890136719,418.33233642578125,4738700,UNH
2021-12-03,447.7699890136719,454.44000244140625,445.1700134277344,449.32000732421875,422.802001953125,3038300,UNH
2021-12-06,452.1499938964844,461.7799987792969,451.5199890136719,460.1099853515625,432.9551696777344,4721500,UNH
2021-12-07,462.75,465.75,460.2300109863281,464.7300109863281,437.30255126953125,3105200,UNH
2021-12-08,466.0899963378906,470.1700134277344,462.489990234375,468.8599853515625,441.18878173828125,3228300,UNH
2021-12-09,468.5299987792969,474.4800109863281,467.3599853515625,473.32000732421875,445.3855895996094,2977400,UNH
2021-12-10,472.0,478.4800109863281,471.010009765625,478.2300109863281,450.0058288574219,2572300,UNH
2021-12-13,477.0199890136719,480.260009765625,474.010009765625,478.1400146484375,449.921142578125,2724800,UNH
2021-12-14,479.75,483.0400085449219,477.17999267578125,479.4599914550781,451.1632385253906,3018000,UNH
2021-12-15,480.6000061035156,495.3999938964844,480.1400146484375,494.3800048828125,465.2026672363281,4188600,UNH
2021-12-16,494.010009765625,496.9599914550781,490.1099853515625,492.8599853515625,463.7723693847656,4080800,UNH
2021-12-17,491.4200134277344,493.1300048828125,486.3800048828125,487.1199951171875,458.3711242675781,5707200,UNH
2021-12-20,482.0,485.010009765625,475.260009765625,483.7300109863281,455.18121337890625,3145600,UNH
2021-12-21,487.0199890136719,489.0,482.20001220703125,487.2099914550781,458.4558410644531,2536000,UNH
2021-12-22,487.1499938964844,495.45001220703125,485.8999938964844,494.1300048828125,464.9674072265625,1687500,UNH
2021-12-23,495.0,498.1499938964844,492.80999755859375,495.3800048828125,466.1436462402344,1706500,UNH
2021-12-27,498.67999267578125,500.29998779296875,496.6400146484375,499.5,470.0205078125,1349400,UNH
2021-12-28,502.0,505.32000732421875,500.3999938964844,502.94000244140625,473.2574462890625,1495500,UNH
2021-12-29,504.7799987792969,507.2200012207031,502.0,505.5799865722656,475.7416076660156,1573900,UNH
2021-12-30,507.92999267578125,509.2300109863281,503.6499938964844,504.42999267578125,474.6595153808594,1309800,UNH
2021-12-31,504.1400146484375,506.8699951171875,502.0400085449219,502.1400146484375,472.50469970703125,1695400,UNH
2022-01-03,500.0,502.8999938964844,493.04998779296875,502.2799987792969,472.63641357421875,3033600,UNH
2022-01-04,503.20001220703125,503.75,490.8800048828125,490.8999938964844,461.9280700683594,3908100,UNH
2022-01-05,494.7699890136719,497.0,489.69000244140625,489.69000244140625,460.7893981933594,3921100,UNH
2022-01-06,480.0,484.1400146484375,463.1199951171875,469.6499938964844,441.9321594238281,6555200,UNH
2022-01-07,467.69000244140625,467.9700012207031,455.54998779296875,458.6000061035156,431.5343017578125,5494200,UNH
2022-01-10,456.0,465.8599853515625,454.44000244140625,465.0,437.556640625,5831800,UNH
2022-01-11,467.20001220703125,470.45001220703125,460.6700134277344,469.0,441.320556640625,3332800,UNH
2022-01-12,468.9700012207031,475.32000732421875,466.3399963378906,473.7200012207031,445.761962890625,3502300,UNH
2022-01-13,475.8900146484375,476.54998779296875,465.9800109863281,467.42999267578125,439.8431396484375,3005300,UNH
2022-01-14,469.8900146484375,473.1700134277344,465.0799865722656,468.69000244140625,441.02886962890625,3665400,UNH
2022-01-18,465.1700134277344,465.7099914550781,458.3500061035156,460.989990234375,433.78326416015625,3938800,UNH
2022-01-19,468.0,475.489990234375,461.510009765625,462.5199890136719,435.22296142578125,4030900,UNH
2022-01-20,464.3800048828125,471.6300048828125,462.0,463.0,435.6746520996094,3228600,UNH
2022-01-21,463.5,470.7900085449219,461.07000732421875,461.1700134277344,433.9526672363281,4273200,UNH
2022-01-24,458.07000732421875,464.1400146484375,448.1300048828125,462.2699890136719,434.9877014160156,4780700,UNH
2022-01-25,454.07000732421875,459.489990234375,447.2699890136719,456.8399963378906,429.878173828125,3428900,UNH
2022-01-26,458.45001220703125,463.8800048828125,453.45001220703125,458.42999267578125,431.3743591308594,4435900,UNH
2022-01-27,458.0799865722656,468.67999267578125,457.010009765625,461.6000061035156,434.3572692871094,3508100,UNH
2022-01-28,461.3999938964844,466.2799987792969,455.0799865722656,466.05999755859375,438.5540466308594,3364400,UNH
2022-01-31,465.0,473.17999267578125,464.3999938964844,472.57000732421875,444.6798095703125,3500500,UNH
2022-02-01,475.0,475.0,462.75,468.4100036621094,440.765380859375,3148600,UNH
2022-02-02,469.05999755859375,481.9800109863281,469.05999755859375,479.7799987792969,451.4643249511719,3026800,UNH
2022-02-03,498.6499938964844,500.17999267578125,483.57000732421875,488.7699890136719,459.9237060546875,4370900,UNH
2022-02-04,481.75,489.6300048828125,480.19000244140625,483.1700134277344,454.6542663574219,3066400,UNH
2022-02-07,484.9100036621094,487.260009765625,481.29998779296875,483.70001220703125,455.15301513671875,2937200,UNH
2022-02-08,481.3500061035156,495.6700134277344,481.3500061035156,493.4100036621094,464.28985595703125,3534700,UNH
2022-02-09,497.0,500.92999267578125,496.2900085449219,498.1000061035156,468.7031555175781,2818100,UNH
2022-02-10,492.239990234375,494.2200012207031,485.07000732421875,486.7200012207031,457.9947204589844,2626100,UNH
2022-02-11,484.67999267578125,490.42999267578125,476.44000244140625,478.1300048828125,449.91168212890625,2493800,UNH
2022-02-14,475.1099853515625,477.739990234375,469.3299865722656,474.3999938964844,446.40185546875,2549500,UNH
2022-02-15,475.94000244140625,481.1700134277344,475.20001220703125,478.2300109863281,450.0058288574219,3001000,UNH
2022-02-16,475.5,481.7300109863281,471.3999938964844,480.04998779296875,451.7183532714844,2651800,UNH
2022-02-17,478.1700134277344,479.2900085449219,468.8900146484375,470.3399963378906,442.5814514160156,2403100,UNH
2022-02-18,470.25,474.9200134277344,466.8299865722656,467.80999755859375,440.20074462890625,2992300,UNH
2022-02-22,463.8299865722656,467.19000244140625,457.82000732421875,462.510009765625,435.2135314941406,3029800,UNH
2022-02-23,467.19000244140625,467.7200012207031,458.8399963378906,459.6199951171875,432.4940490722656,2840300,UNH
2022-02-24,449.5199890136719,456.5899963378906,445.739990234375,455.8900146484375,428.9842529296875,3933000,UNH
2022-02-25,456.6499938964844,475.7799987792969,456.2300109863281,475.75,447.6721496582031,3314400,UNH
2022-02-28,465.8500061035156,477.30999755859375,465.6099853515625,475.8699951171875,447.7850646972656,3918300,UNH
2022-03-01,470.8900146484375,476.9599914550781,467.7300109863281,476.25,448.1427001953125,2917600,UNH
2022-03-02,478.19000244140625,487.1700134277344,477.8900146484375,485.3800048828125,456.7339172363281,3675900,UNH
2022-03-03,486.0,491.3800048828125,482.2200012207031,486.5899963378906,457.8724365234375,3139400,UNH
2022-03-04,480.69000244140625,499.6600036621094,477.489990234375,498.6499938964844,469.2206115722656,4170100,UNH
2022-03-07,500.0,500.0,483.0199890136719,486.8699951171875,458.13592529296875,4123300,UNH
2022-03-08,478.79998779296875,484.489990234375,471.5199890136719,473.4599914550781,445.5173034667969,3849500,UNH
2022-03-09,482.5799865722656,487.7200012207031,473.5899963378906,485.57000732421875,456.9126281738281,3115500,UNH
2022-03-10,479.3299865722656,493.7099914550781,477.8299865722656,491.44000244140625,462.4361572265625,2834800,UNH
2022-03-11,487.8299865722656,493.79998779296875,482.510009765625,482.8699951171875,455.716552734375,2615000,UNH
2022-03-14,490.3999938964844,495.5899963378906,485.2799987792969,487.9200134277344,460.4826354980469,2704100,UNH
2022-03-15,490.0,499.94000244140625,487.30999755859375,497.9100036621094,469.91082763671875,3043000,UNH
2022-03-16,499.8299865722656,505.5,490.010009765625,498.260009765625,470.2411193847656,3497100,UNH
2022-03-17,496.0,507.1199951171875,495.17999267578125,507.0199890136719,478.508544921875,2357200,UNH
2022-03-18,508.739990234375,510.67999267578125,501.55999755859375,506.1199951171875,477.65911865234375,5065600,UNH
2022-03-21,505.010009765625,513.0,504.3599853515625,507.6600036621094,479.112548828125,2617700,UNH
2022-03-22,509.2699890136719,511.8500061035156,504.8399963378906,505.32000732421875,476.90411376953125,2752500,UNH
2022-03-23,502.2699890136719,507.05999755859375,501.3299865722656,503.2300109863281,474.9316101074219,2753200,UNH
2022-03-24,505.0,515.780029296875,503.8599853515625,513.4600219726562,484.58636474609375,2789200,UNH
2022-03-25,514.1900024414062,516.530029296875,509.239990234375,513.030029296875,484.18060302734375,2551100,UNH
2022-03-28,514.3200073242188,517.1400146484375,508.80999755859375,513.2000122070312,484.3409423828125,2643000,UNH
2022-03-29,517.0999755859375,519.5900268554688,507.29998779296875,510.7300109863281,482.0098876953125,3478400,UNH
2022-03-30,515.1099853515625,521.2000122070312,512.47998046875,520.8200073242188,491.5325622558594,3041200,UNH
2022-03-31,517.0999755859375,521.8900146484375,509.6700134277344,509.9700012207031,481.2926025390625,3979700,UNH
2022-04-01,510.67999267578125,514.780029296875,506.6000061035156,512.5900268554688,483.76531982421875,2344100,UNH
2022-04-04,512.2100219726562,512.47998046875,504.5299987792969,510.0199890136719,481.3398132324219,2657500,UNH
2022-04-05,510.0,524.72998046875,508.0,517.760009765625,488.6446228027344,3268600,UNH
2022-04-06,518.219970703125,533.52001953125,518.0,531.75,501.84783935546875,3955600,UNH
2022-04-07,530.0,538.280029296875,528.3900146484375,536.9500122070312,506.7554931640625,2867000,UNH
2022-04-08,539.0,548.969970703125,538.0999755859375,545.9600219726562,515.2587890625,3986700,UNH
2022-04-11,543.5999755859375,547.6099853515625,536.6400146484375,537.4400024414062,507.2177734375,3574000,UNH
2022-04-12,535.4099731445312,540.72998046875,530.780029296875,533.7100219726562,503.6976318359375,3575700,UNH
2022-04-13,533.3200073242188,538.280029296875,528.6199951171875,537.0,506.8027038574219,3012000,UNH
2022-04-14,538.5,553.2899780273438,534.0700073242188,534.8200073242188,504.7452087402344,4211300,UNH
2022-04-18,537.9000244140625,541.0,530.3800048828125,534.0800170898438,504.046875,2087100,UNH
2022-04-19,535.8900146484375,542.47998046875,535.239990234375,537.7000122070312,507.4631652832031,2207600,UNH
2022-04-20,542.1400146484375,548.3599853515625,539.0,546.010009765625,515.3059692382812,2986300,UNH
2022-04-21,545.5,548.0,536.030029296875,537.4400024414062,507.2177734375,2539900,UNH
2022-04-22,532.0599975585938,533.3499755859375,520.1799926757812,520.9400024414062,491.645751953125,3453300,UNH
2022-04-25,520.4000244140625,526.260009765625,511.7300109863281,524.27001953125,494.7884826660156,3030400,UNH
2022-04-26,524.239990234375,526.260009765625,513.510009765625,513.780029296875,484.888427734375,2895300,UNH
2022-04-27,514.9099731445312,520.9000244140625,509.82000732421875,513.8099975585938,484.9166564941406,3353700,UNH
2022-04-28,516.760009765625,526.280029296875,513.1699829101562,524.4199829101562,494.9300842285156,2582700,UNH
2022-04-29,518.8499755859375,519.9000244140625,506.9599914550781,508.54998779296875,479.95245361328125,2873200,UNH
2022-05-02,510.80999755859375,513.510009765625,493.3399963378906,501.1499938964844,472.9686279296875,3184300,UNH
2022-05-03,501.1300048828125,505.5199890136719,497.4800109863281,499.6199951171875,471.52459716796875,2763400,UNH
2022-05-04,499.5,509.7699890136719,493.0899963378906,507.6199951171875,479.0747985839844,4002600,UNH
2022-05-05,507.2099914550781,510.6700134277344,489.2300109863281,494.7200012207031,466.9001770019531,3359700,UNH
2022-05-06,485.010009765625,501.57000732421875,485.0,499.6199951171875,471.52459716796875,3260300,UNH
2022-05-09,490.3999938964844,494.6300048828125,484.42999267578125,486.4200134277344,459.06689453125,3862700,UNH
2022-05-10,493.80999755859375,496.3500061035156,481.1199951171875,488.010009765625,460.5675048828125,4275500,UNH
2022-05-11,484.3900146484375,500.5199890136719,484.3900146484375,486.1499938964844,458.8121032714844,3936300,UNH
2022-05-12,486.1000061035156,486.8900146484375,471.4200134277344,478.79998779296875,451.8753967285156,3997600,UNH
2022-05-13,480.9800109863281,487.0,475.80999755859375,485.3999938964844,458.1042785644531,2453400,UNH
2022-05-16,485.4100036621094,495.55999755859375,484.1499938964844,489.2200012207031,461.70947265625,2338800,UNH
2022-05-17,494.0,494.7200012207031,488.4599914550781,492.5299987792969,464.83331298828125,2289000,UNH
2022-05-18,488.260009765625,489.2099914550781,468.3599853515625,471.3800048828125,444.8727111816406,3240500,UNH
2022-05-19,464.32000732421875,481.5799865722656,463.3299865722656,478.54998779296875,451.6394958496094,3813800,UNH
2022-05-20,481.3800048828125,487.4700012207031,472.30999755859375,485.7300109863281,458.415771484375,3068200,UNH
2022-05-23,486.2900085449219,495.739990234375,486.2900085449219,492.0799865722656,464.40863037109375,2279800,UNH
2022-05-24,490.7900085449219,498.0799865722656,488.6600036621094,497.55999755859375,469.5804443359375,2658100,UNH
2022-05-25,498.5199890136719,502.30999755859375,491.260009765625,498.0899963378906,470.0806579589844,3161600,UNH
2022-05-26,501.739990234375,507.260009765625,499.4100036621094,502.2300109863281,473.9878845214844,2705800,UNH
2022-05-27,491.0,507.1099853515625,489.3900146484375,507.1099853515625,478.5934753417969,3349100,UNH
2022-05-31,503.6199951171875,504.1099853515625,495.6600036621094,496.7799987792969,468.8443298339844,4003100,UNH
2022-06-01,498.32000732421875,501.3800048828125,487.7799987792969,492.54998779296875,464.8522033691406,1765900,UNH
2022-06-02,494.0,496.1499938964844,482.9700012207031,492.260009765625,464.5784912109375,2093500,UNH
2022-06-03,488.3299865722656,491.6700134277344,484.8999938964844,485.6099853515625,458.30242919921875,1756900,UNH
2022-06-06,489.42999267578125,493.6300048828125,486.2900085449219,490.17999267578125,462.61553955078125,1781500,UNH
2022-06-07,489.5,497.6099853515625,487.1199951171875,497.1000061035156,469.1463623046875,2341900,UNH
2022-06-08,494.0,497.8999938964844,488.54998779296875,493.5299987792969,465.7770690917969,3268100,UNH
2022-06-09,492.8800048828125,496.4599914550781,487.6099853515625,489.42999267578125,461.90765380859375,3148800,UNH
2022-06-10,484.79998779296875,490.1600036621094,480.92999267578125,484.6300048828125,457.3775329589844,2599900,UNH
2022-06-13,475.1300048828125,481.3399963378906,467.260009765625,469.70001220703125,443.28717041015625,3764600,UNH
2022-06-14,467.5,469.17999267578125,457.4200134277344,461.75,435.7842102050781,3814200,UNH
2022-06-15,464.20001220703125,469.0199890136719,456.5,464.3299865722656,438.21917724609375,2550700,UNH
2022-06-16,453.3999938964844,457.80999755859375,450.67999267578125,456.0899963378906,431.97747802734375,3135600,UNH
2022-06-17,450.75,461.4599914550781,449.70001220703125,452.05999755859375,428.16058349609375,5277400,UNH
2022-06-21,457.80999755859375,485.1199951171875,457.1000061035156,480.32000732421875,454.9264831542969,5726800,UNH
2022-06-22,475.7200012207031,495.9200134277344,474.5400085449219,489.67999267578125,463.79168701171875,5061000,UNH
2022-06-23,494.95001220703125,503.5799865722656,491.9599914550781,499.80999755859375,473.3861389160156,4687700,UNH
2022-06-24,499.44000244140625,499.760009765625,486.55999755859375,495.6400146484375,469.4366149902344,15861100,UNH
2022-06-27,492.8299865722656,511.8900146484375,492.5799865722656,505.6600036621094,478.9268798828125,3907100,UNH
2022-06-28,512.0800170898438,518.6099853515625,505.0799865722656,508.44000244140625,481.55987548828125,4978200,UNH
2022-06-29,508.8500061035156,518.7000122070312,506.010009765625,515.7100219726562,488.4455261230469,3823400,UNH
2022-06-30,513.5499877929688,516.3200073242188,509.7200012207031,513.6300048828125,486.47552490234375,3568900,UNH
2022-07-01,512.3200073242188,517.530029296875,502.30999755859375,517.4000244140625,490.0462341308594,2426600,UNH
2022-07-05,507.6400146484375,511.0,492.25,505.239990234375,478.529052734375,3029600,UNH
2022-07-06,505.6400146484375,517.4099731445312,504.29998779296875,515.2899780273438,488.0476989746094,2506700,UNH
2022-07-07,515.25,517.2999877929688,512.22998046875,514.3800048828125,487.185791015625,2385400,UNH
2022-07-08,512.3099975585938,528.3699951171875,511.010009765625,518.6300048828125,491.2112121582031,3092100,UNH
2022-07-11,514.8599853515625,521.469970703125,511.80999755859375,516.9500122070312,489.6200256347656,1743600,UNH
2022-07-12,513.25,519.1400146484375,510.6199951171875,514.4199829101562,487.2236633300781,2706500,UNH
2022-07-13,508.07000732421875,511.8599853515625,501.19000244140625,501.239990234375,474.74053955078125,3467700,UNH
2022-07-14,495.0,505.8900146484375,492.2799987792969,502.42999267578125,475.86761474609375,3765500,UNH
2022-07-15,526.0599975585938,531.989990234375,515.4500122070312,529.75,501.7432861328125,5742500,UNH
2022-07-18,531.0,532.1599731445312,518.75,519.3699951171875,491.9120178222656,3212000,UNH
2022-07-19,521.0900268554688,533.8400268554688,520.5900268554688,533.4500122070312,505.24755859375,2953500,UNH
2022-07-20,533.4500122070312,534.0499877929688,515.72998046875,519.469970703125,492.0066833496094,4327500,UNH
2022-07-21,519.3900146484375,522.469970703125,511.1400146484375,522.4600219726562,494.8387145996094,2667600,UNH
2022-07-22,526.0,527.5999755859375,518.4000244140625,521.4099731445312,493.8441467285156,1850300,UNH
2022-07-25,526.0900268554688,532.8900146484375,524.219970703125,529.469970703125,501.4781494140625,2337200,UNH
2022-07-26,533.7999877929688,537.6400146484375,531.030029296875,531.5900268554688,503.4860534667969,2637800,UNH
2022-07-27,533.5399780273438,537.8599853515625,528.0399780273438,534.6099853515625,506.34625244140625,2268100,UNH
2022-07-28,537.489990234375,544.3400268554688,531.739990234375,541.489990234375,512.8626098632812,2344500,UNH
2022-07-29,540.010009765625,543.8499755859375,536.6900024414062,542.3400268554688,513.667724609375,2945700,UNH
2022-08-01,542.27001953125,543.6500244140625,531.0,535.3800048828125,507.0755920410156,2335000,UNH
2022-08-02,537.5499877929688,540.530029296875,531.719970703125,535.4600219726562,507.15142822265625,2114200,UNH
2022-08-03,537.260009765625,543.6199951171875,535.6900024414062,540.6500244140625,512.0670776367188,1802900,UNH
2022-08-04,539.2899780273438,540.4299926757812,532.760009765625,533.75,505.5317687988281,2368000,UNH
2022-08-05,530.0,535.5,527.5599975585938,535.0599975585938,506.7725524902344,2373400,UNH
2022-08-08,539.9099731445312,541.2999877929688,533.4199829101562,536.5999755859375,508.2312316894531,1656400,UNH
2022-08-09,540.0,545.739990234375,536.3800048828125,537.260009765625,508.85626220703125,2147200,UNH
2022-08-10,540.260009765625,541.97998046875,533.8099975585938,537.719970703125,509.29180908203125,2291400,UNH
2022-08-11,538.239990234375,538.6300048828125,529.6699829101562,532.8599853515625,504.6888732910156,3006200,UNH
2022-08-12,535.6099853515625,544.4000244140625,534.4500122070312,543.7000122070312,514.9557495117188,1981000,UNH
2022-08-15,541.6699829101562,547.2100219726562,538.5599975585938,544.6400146484375,515.8461303710938,1447300,UNH
2022-08-16,545.2100219726562,547.4400024414062,542.3900146484375,546.1199951171875,517.247802734375,1773000,UNH
2022-08-17,545.239990234375,547.7899780273438,541.5700073242188,545.0,516.1871337890625,1471700,UNH
2022-08-18,545.010009765625,548.1300048828125,541.8200073242188,545.219970703125,516.3954467773438,1486400,UNH
2022-08-19,545.5,553.1300048828125,544.8200073242188,548.3200073242188,519.3314819335938,2258000,UNH
2022-08-22,541.3900146484375,549.52001953125,541.3499755859375,544.5700073242188,515.7797241210938,1672900,UNH
2022-08-23,543.2899780273438,543.2899780273438,533.2100219726562,535.7999877929688,507.4734191894531,2039600,UNH
2022-08-24,536.6799926757812,539.8599853515625,535.02001953125,536.4600219726562,508.09869384765625,1761200,UNH
2022-08-25,535.010009765625,542.02001953125,531.25,541.5700073242188,512.9384155273438,1965800,UNH
2022-08-26,542.260009765625,543.1900024414062,528.219970703125,529.25,501.2696838378906,1906700,UNH
2022-08-29,526.0,532.9000244140625,522.8699951171875,529.77001953125,501.7622375488281,1594000,UNH
2022-08-30,530.4099731445312,531.0900268554688,521.7899780273438,522.8400268554688,495.1986083984375,2013400,UNH
2022-08-31,520.8200073242188,527.0999755859375,519.1599731445312,519.3300170898438,491.87420654296875,2891300,UNH
2022-09-01,519.3300170898438,524.260009765625,515.0900268554688,524.0,496.2973327636719,2085300,UNH
2022-09-02,529.6199951171875,529.7899780273438,513.8099975585938,516.3499755859375,489.05169677734375,1944200,UNH
2022-09-06,519.9299926757812,527.4500122070312,516.9199829101562,517.6799926757812,490.3114013671875,2711900,UNH
2022-09-07,517.0,523.5,514.6799926757812,521.6799926757812,494.09991455078125,2504400,UNH
2022-09-08,520.9500122070312,528.489990234375,518.8099975585938,527.510009765625,499.62164306640625,1557500,UNH
2022-09-09,527.8300170898438,527.8300170898438,522.5800170898438,524.3400268554688,498.1776428222656,2495500,UNH
2022-09-12,525.0,535.02001953125,522.5,531.25,504.74273681640625,2792000,UNH
2022-09-13,524.0,525.260009765625,511.9700012207031,513.9600219726562,488.3154602050781,3172500,UNH
2022-09-14,514.0,515.3800048828125,506.1000061035156,509.7699890136719,484.3345642089844,2648100,UNH
2022-09-15,516.2999877929688,527.97998046875,514.1400146484375,522.9099731445312,496.8188781738281,3058100,UNH
2022-09-16,518.52001953125,522.8200073242188,517.0800170898438,521.02001953125,495.0233154296875,3981700,UNH
2022-09-19,518.5900268554688,524.0,512.969970703125,523.5499877929688,497.4269104003906,2130800,UNH
2022-09-20,524.239990234375,524.6699829101562,514.8099975585938,522.7999877929688,496.7143249511719,2421700,UNH
2022-09-21,525.030029296875,528.010009765625,512.02001953125,512.0800170898438,486.5293273925781,2427700,UNH
2022-09-22,511.0299987792969,520.969970703125,506.1099853515625,517.4600219726562,491.640869140625,2285600,UNH
2022-09-23,513.5599975585938,514.6599731445312,506.3800048828125,513.6099853515625,487.98297119140625,2536900,UNH
2022-09-26,507.3900146484375,512.5700073242188,499.0,508.3599853515625,482.994873046875,2867400,UNH
2022-09-27,510.3699951171875,516.7899780273438,503.5799865722656,508.3699951171875,483.00439453125,2583400,UNH
2022-09-28,506.4800109863281,516.27001953125,500.79998779296875,513.9400024414062,488.2965087890625,3027300,UNH
2022-09-29,514.77001953125,514.77001953125,502.4700012207031,508.8299865722656,483.4413757324219,2392000,UNH
2022-09-30,511.1000061035156,516.5499877929688,504.8399963378906,505.0400085449219,479.840576171875,3116000,UNH
2022-10-03,507.0799865722656,517.8099975585938,505.3999938964844,515.510009765625,489.7881164550781,2562400,UNH
2022-10-04,518.3499755859375,524.5900268554688,516.8300170898438,523.1699829101562,497.0660095214844,3189800,UNH
2022-10-05,521.0,529.3499755859375,520.1300048828125,527.0700073242188,500.7713928222656,2281800,UNH
2022-10-06,528.3300170898438,528.5800170898438,516.739990234375,519.1300048828125,493.2275390625,2187300,UNH
2022-10-07,514.1699829101562,514.1699829101562,501.05999755859375,504.8500061035156,479.6600646972656,3273700,UNH
2022-10-10,505.6000061035156,506.30999755859375,495.0199890136719,498.8599853515625,473.9688720703125,2459100,UNH
2022-10-11,496.9700012207031,506.8299865722656,495.17999267578125,499.80999755859375,474.87152099609375,2844500,UNH
2022-10-12,502.1300048828125,508.25,498.2099914550781,499.9599914550781,475.0140075683594,2254300,UNH
2022-10-13,493.45001220703125,513.469970703125,487.739990234375,509.9100036621094,484.4675598144531,3999700,UNH
2022-10-14,520.0,529.9099731445312,511.92999267578125,513.1300048828125,487.5268859863281,5628900,UNH
2022-10-17,517.739990234375,524.3099975585938,515.280029296875,521.8800048828125,495.84033203125,3282300,UNH
2022-10-18,532.0,532.0,518.3300170898438,522.2100219726562,496.1538391113281,2345500,UNH
2022-10-19,521.739990234375,523.8200073242188,514.5999755859375,520.3200073242188,494.358154296875,2500500,UNH
2022-10-20,523.0499877929688,529.4199829101562,519.780029296875,520.8800048828125,494.89013671875,2390800,UNH
2022-10-21,518.0599975585938,536.530029296875,518.010009765625,533.72998046875,507.0989990234375,2896000,UNH
2022-10-24,538.0700073242188,546.47998046875,537.7999877929688,541.5999755859375,514.5763549804688,2627100,UNH
2022-10-25,537.7899780273438,543.9199829101562,533.9000244140625,540.219970703125,513.26513671875,2411900,UNH
2022-10-26,541.3800048828125,547.6400146484375,540.2100219726562,543.1699829101562,516.0680541992188,2863500,UNH
2022-10-27,546.52001953125,546.52001953125,539.760009765625,541.7999877929688,514.7662963867188,2212100,UNH
2022-10-28,544.969970703125,553.0,543.6900024414062,551.239990234375,523.7353515625,2761900,UNH
2022-10-31,555.0,558.0999755859375,550.1300048828125,555.1500244140625,527.4502563476562,2770400,UNH
2022-11-01,555.0,555.6900024414062,544.219970703125,547.3099975585938,520.00146484375,3338900,UNH
2022-11-02,544.4099731445312,554.5800170898438,543.0700073242188,543.4299926757812,516.3150634765625,2696200,UNH
2022-11-03,541.739990234375,547.8699951171875,538.1300048828125,543.6099853515625,516.486083984375,2245300,UNH
2022-11-04,547.0499877929688,547.760009765625,527.1400146484375,538.1699829101562,511.3175048828125,3513100,UNH
2022-11-07,538.1699829101562,546.9500122070312,535.469970703125,545.02001953125,517.82568359375,2540300,UNH
2022-11-08,547.0499877929688,554.7999877929688,542.0,553.0499877929688,525.4550170898438,2797000,UNH
2022-11-09,553.780029296875,554.6099853515625,539.4400024414062,540.6599731445312,513.68310546875,2672600,UNH
2022-11-10,548.9299926757812,551.7000122070312,533.9500122070312,544.1699829101562,517.0180053710938,3426400,UNH
2022-11-11,546.280029296875,546.280029296875,509.6499938964844,522.0800170898438,496.0304260253906,7034300,UNH
2022-11-14,522.0,528.97998046875,513.4099731445312,513.75,488.1159973144531,5238400,UNH
2022-11-15,512.8099975585938,516.6400146484375,500.7699890136719,503.010009765625,477.9118347167969,5103800,UNH
2022-11-16,505.8900146484375,514.1300048828125,505.4700012207031,511.5199890136719,485.99725341796875,3430800,UNH
2022-11-17,512.1599731445312,526.97998046875,512.1599731445312,515.3099975585938,489.5981140136719,4246300,UNH
2022-11-18,522.1199951171875,533.0,519.4600219726562,530.0,503.55511474609375,3566000,UNH
2022-11-21,529.010009765625,531.9500122070312,515.3800048828125,517.1900024414062,491.3843688964844,3349600,UNH
2022-11-22,519.9400024414062,524.6599731445312,519.9099731445312,523.0900268554688,496.98992919921875,2567400,UNH
2022-11-23,525.0,530.4400024414062,523.0,529.7100219726562,503.27960205078125,2238300,UNH
2022-11-25,534.0,540.8499755859375,532.52001953125,537.6199951171875,510.794921875,1419200,UNH
2022-11-28,535.8300170898438,539.5800170898438,531.6900024414062,532.27001953125,505.7119140625,2699900,UNH
2022-11-29,531.6699829101562,532.969970703125,523.6500244140625,528.0,501.6549072265625,3751000,UNH
2022-11-30,529.719970703125,548.0800170898438,527.47998046875,547.760009765625,520.4288940429688,9688900,UNH
2022-12-01,552.3599853515625,553.0,535.7999877929688,536.9099731445312,510.1202087402344,2997800,UNH
2022-12-02,532.8300170898438,538.6099853515625,532.4400024414062,536.1599731445312,510.9781494140625,2346200,UNH
2022-12-05,531.489990234375,540.3800048828125,530.8800048828125,535.0399780273438,509.91070556640625,2424800,UNH
2022-12-06,534.4199829101562,540.5900268554688,534.239990234375,539.3200073242188,513.9896850585938,3097700,UNH
2022-12-07,540.8400268554688,545.9099731445312,539.6300048828125,542.9099731445312,517.4110107421875,2849100,UNH
2022-12-08,544.8599853515625,551.2899780273438,543.780029296875,547.9199829101562,522.1857299804688,2272300,UNH
2022-12-09,547.9299926757812,548.489990234375,538.8699951171875,539.2000122070312,513.8753662109375,2852400,UNH
2022-12-12,541.8499755859375,546.0800170898438,539.280029296875,545.8599853515625,520.2224731445312,2714100,UNH
2022-12-13,550.5599975585938,550.989990234375,535.0999755859375,538.219970703125,512.9412841796875,3369700,UNH
2022-12-14,541.9299926757812,543.47998046875,531.5700073242188,538.3599853515625,513.0747680664062,2654600,UNH
2022-12-15,533.989990234375,534.0700073242188,525.469970703125,527.6799926757812,502.8963623046875,2963800,UNH
2022-12-16,525.1500244140625,525.8099975585938,515.719970703125,523.7000122070312,499.1033020019531,7109100,UNH
2022-12-19,524.5999755859375,527.2100219726562,520.9299926757812,523.5999755859375,499.0079650878906,1808100,UNH
2022-12-20,526.989990234375,526.989990234375,519.7000122070312,520.2100219726562,495.77728271484375,2086100,UNH
2022-12-21,523.6300048828125,527.8800048828125,518.0999755859375,527.5399780273438,502.76287841796875,2182000,UNH
2022-12-22,526.47998046875,529.010009765625,521.6300048828125,527.0900268554688,502.3341064453125,1851600,UNH
2022-12-23,524.0999755859375,531.3099975585938,522.9000244140625,531.3099975585938,506.35589599609375,1292300,UNH
2022-12-27,533.9299926757812,535.8400268554688,529.8499755859375,531.989990234375,507.0038757324219,1596700,UNH
2022-12-28,535.0700073242188,538.1500244140625,527.72998046875,528.4500122070312,503.6303405761719,1694200,UNH
2022-12-29,532.5399780273438,533.6799926757812,528.8599853515625,529.8800048828125,504.9930725097656,1379700,UNH
2022-12-30,530.0,530.5,524.8400268554688,530.1799926757812,505.2789611816406,1849600,UNH
2023-01-03,525.1300048828125,525.6300048828125,512.1599731445312,518.6400146484375,494.28094482421875,3525600,UNH
2023-01-04,518.6400146484375,518.6400146484375,500.6000061035156,504.5,480.80511474609375,5070400,UNH
2023-01-05,501.010009765625,502.0899963378906,488.5,489.9599914550781,466.94793701171875,5497100,UNH
2023-01-06,491.5899963378906,492.8699951171875,487.5400085449219,490.0,466.986083984375,4841300,UNH
2023-01-09,492.4100036621094,499.989990234375,488.5400085449219,490.05999755859375,467.04327392578125,3702800,UNH
2023-01-10,488.8500061035156,490.4700012207031,482.67999267578125,486.0,463.1739196777344,3164000,UNH
2023-01-11,485.2900085449219,495.6000061035156,485.0,493.3999938964844,470.22637939453125,4274200,UNH
2023-01-12,490.0,498.7300109863281,485.2200012207031,495.6700134277344,472.38983154296875,3726800,UNH
2023-01-13,486.1099853515625,509.5,486.0,489.57000732421875,466.5763244628906,5390100,UNH
2023-01-17,491.20001220703125,492.94000244140625,483.7799987792969,485.0799865722656,462.2971496582031,4495600,UNH
2023-01-18,488.04998779296875,489.5,474.75,476.239990234375,453.8724060058594,4398200,UNH
2023-01-19,477.8699951171875,486.3900146484375,477.3900146484375,484.3599853515625,461.6109619140625,4549600,UNH
2023-01-20,485.5299987792969,486.989990234375,479.0,486.7200012207031,463.86016845703125,3525900,UNH
2023-01-23,486.67999267578125,490.1000061035156,481.3900146484375,485.80999755859375,462.992919921875,3418700,UNH
2023-01-24,500.260009765625,500.260009765625,480.0,491.6000061035156,468.510986328125,3036300,UNH
2023-01-25,489.2799987792969,495.3599853515625,485.7300109863281,492.5,469.3686828613281,3037300,UNH
2023-01-26,492.5,496.45001220703125,490.5799865722656,492.4800109863281,469.34967041015625,3005000,UNH
2023-01-27,493.3699951171875,493.3699951171875,484.4700012207031,486.04998779296875,463.2215881347656,3177100,UNH
2023-01-30,487.80999755859375,495.25,484.79998779296875,485.7900085449219,462.97381591796875,3606900,UNH
2023-01-31,498.0,505.5,493.1300048828125,499.19000244140625,475.7445068359375,5567000,UNH
2023-02-01,499.95001220703125,504.3800048828125,495.6700134277344,497.0,473.6573486328125,3451200,UNH
2023-02-02,494.260009765625,495.0,463.8900146484375,470.8299865722656,448.7164611816406,11169900,UNH
2023-02-03,475.2300109863281,478.7799987792969,469.75,472.0199890136719,449.8505554199219,5440100,UNH
2023-02-06,472.0,478.9700012207031,471.010009765625,475.239990234375,452.9193115234375,4174200,UNH
2023-02-07,471.0400085449219,478.0799865722656,469.0299987792969,476.8800048828125,454.4823303222656,3394600,UNH
2023-02-08,475.4700012207031,485.0400085449219,475.1099853515625,483.2200012207031,460.5245056152344,3466400,UNH
2023-02-09,485.6300048828125,489.70001220703125,482.3999938964844,485.7300109863281,462.9166259765625,3664600,UNH
2023-02-10,489.1300048828125,495.6600036621094,488.75,494.25,471.0364990234375,3418100,UNH
2023-02-13,494.0,499.8699951171875,491.760009765625,495.3500061035156,472.0848388671875,2589000,UNH
2023-02-14,494.2900085449219,497.95001220703125,489.0899963378906,492.8299865722656,469.6831970214844,2072600,UNH
2023-02-15,489.6499938964844,491.8299865722656,488.3900146484375,491.25,468.1773986816406,2242500,UNH
2023-02-16,491.1499938964844,494.0,487.2699890136719,487.3500061035156,464.4605712890625,2611500,UNH
2023-02-17,487.3800048828125,499.4599914550781,487.3500061035156,499.0799865722656,475.6396484375,3891500,UNH
2023-02-21,496.70001220703125,501.3999938964844,490.5,491.30999755859375,468.2345886230469,2877300,UNH
2023-02-22,492.80999755859375,493.8900146484375,488.6700134277344,488.8900146484375,465.9282531738281,2982800,UNH
2023-02-23,486.6600036621094,493.3299865722656,485.8699951171875,491.69000244140625,468.5967102050781,2511800,UNH
2023-02-24,489.5799865722656,492.510009765625,483.010009765625,484.3299865722656,461.5823974609375,2940400,UNH
2023-02-27,488.7699890136719,490.94000244140625,481.9599914550781,483.32000732421875,460.619873046875,3006200,UNH
2023-02-28,482.6700134277344,483.3599853515625,473.9200134277344,475.94000244140625,453.58642578125,3902100,UNH
2023-03-01,473.6099853515625,478.4100036621094,472.0,475.2200012207031,452.90032958984375,2996900,UNH
2023-03-02,475.2099914550781,480.42999267578125,473.25,477.70001220703125,455.2637634277344,2188800,UNH
2023-03-03,477.94000244140625,479.1000061035156,474.2200012207031,478.55999755859375,456.0833435058594,2863300,UNH
2023-03-06,481.3699951171875,484.3500061035156,479.0,480.7799987792969,458.1990966796875,3812700,UNH
2023-03-07,482.9800109863281,483.82000732421875,472.55999755859375,473.8800048828125,451.6231994628906,2589200,UNH
2023-03-08,471.75,475.3900146484375,466.760009765625,470.6000061035156,448.4972839355469,3036600,UNH
2023-03-09,473.95001220703125,473.95001220703125,463.75,464.9100036621094,443.07452392578125,2780400,UNH
2023-03-10,462.7699890136719,468.8599853515625,457.5899963378906,460.3299865722656,440.27215576171875,3787500,UNH
2023-03-13,458.6499938964844,470.3699951171875,458.6499938964844,463.67999267578125,443.47613525390625,2971600,UNH
2023-03-14,464.6499938964844,469.8399963378906,459.04998779296875,464.5799865722656,444.3370056152344,3258200,UNH
2023-03-15,460.989990234375,468.8800048828125,459.239990234375,465.42999267578125,445.1499328613281,3770200,UNH
2023-03-16,464.7099914550781,473.3900146484375,463.1000061035156,472.0199890136719,451.45281982421875,2940500,UNH
2023-03-17,471.3900146484375,472.010009765625,466.29998779296875,469.5,449.04266357421875,5290000,UNH
2023-03-20,470.0,479.82000732421875,470.0,476.9599914550781,456.1776123046875,3119400,UNH
2023-03-21,478.3900146484375,481.45001220703125,475.7200012207031,480.1000061035156,459.1807861328125,3163300,UNH
2023-03-22,481.95001220703125,485.739990234375,474.82000732421875,475.5199890136719,454.80029296875,2632200,UNH
2023-03-23,477.4100036621094,480.6700134277344,466.6700134277344,469.9100036621094,449.4347839355469,3284900,UNH
2023-03-24,468.9800109863281,476.8800048828125,467.5899963378906,475.989990234375,455.24981689453125,2533200,UNH
2023-03-27,485.54998779296875,486.2900085449219,478.5899963378906,481.8999938964844,460.90234375,2271800,UNH
2023-03-28,482.0,483.7900085449219,470.69000244140625,472.5799865722656,451.98846435546875,2369500,UNH
2023-03-29,475.1099853515625,475.8800048828125,464.95001220703125,466.5899963378906,446.2594299316406,3733200,UNH
2023-03-30,466.57000732421875,470.4100036621094,461.0799865722656,470.05999755859375,449.57818603515625,3324600,UNH
2023-03-31,471.5199890136719,476.0,470.1000061035156,472.5899963378906,451.9980163574219,3996700,UNH
2023-04-03,485.20001220703125,496.1300048828125,483.489990234375,494.19000244140625,472.6568298339844,4729100,UNH
2023-04-04,493.0299987792969,496.1000061035156,491.8399963378906,493.25,471.7577819824219,2624700,UNH
2023-04-05,497.3900146484375,511.739990234375,496.1000061035156,509.2300109863281,487.04156494140625,4964800,UNH
2023-04-06,511.0,514.239990234375,507.1499938964844,512.8099975585938,490.4654541015625,3472600,UNH
2023-04-10,510.80999755859375,515.3900146484375,508.0899963378906,515.1799926757812,492.7322692871094,2714500,UNH
2023-04-11,516.1400146484375,522.219970703125,515.219970703125,520.969970703125,498.2699279785156,3065300,UNH
2023-04-12,524.97998046875,526.7000122070312,520.0399780273438,521.1900024414062,498.4803161621094,3422400,UNH
2023-04-13,523.9099731445312,530.4500122070312,520.5,526.22998046875,503.30072021484375,4224400,UNH
2023-04-14,522.0,527.239990234375,508.5,511.7900085449219,489.489990234375,4872000,UNH
2023-04-17,508.7200012207031,509.5899963378906,502.75,505.3500061035156,483.3305358886719,3660900,UNH
2023-04-18,503.6700134277344,506.989990234375,498.1400146484375,504.4800109863281,482.4984436035156,3232000,UNH
2023-04-19,500.6499938964844,501.9700012207031,483.6300048828125,486.20001220703125,465.0150146484375,5809100,UNH
2023-04-20,485.4700012207031,489.6499938964844,483.260009765625,487.4599914550781,466.2200622558594,3283000,UNH
2023-04-21,490.0400085449219,490.7300109863281,482.1400146484375,483.82000732421875,462.7386779785156,3165300,UNH
2023-04-24,483.4100036621094,490.2200012207031,482.6499938964844,488.94000244140625,467.6356201171875,2322400,UNH
2023-04-25,492.67999267578125,498.5,490.5799865722656,491.9200134277344,470.4857482910156,2937300,UNH
2023-04-26,485.8699951171875,487.70001220703125,478.3599853515625,482.95001220703125,461.9065856933594,2930000,UNH
2023-04-27,482.20001220703125,490.9800109863281,482.20001220703125,490.4700012207031,469.098876953125,2473200,UNH
2023-04-28,488.69000244140625,493.9599914550781,488.1199951171875,492.0899963378906,470.6483459472656,2398900,UNH
2023-05-01,494.5899963378906,499.3900146484375,491.80999755859375,495.70001220703125,474.10101318359375,2105600,UNH
2023-05-02,495.25,496.7099914550781,489.2699890136719,493.3900146484375,471.8916931152344,2152300,UNH
2023-05-03,494.3999938964844,495.45001220703125,488.0299987792969,489.44000244140625,468.11376953125,1749700,UNH
2023-05-04,487.04998779296875,489.69000244140625,481.95001220703125,487.2799987792969,466.0478820800781,2555700,UNH
2023-05-05,494.05999755859375,500.8500061035156,492.0299987792969,494.2799987792969,472.742919921875,2329400,UNH
2023-05-08,492.0400085449219,494.3500061035156,488.32000732421875,492.6199951171875,471.1551818847656,1738500,UNH
2023-05-09,492.8399963378906,499.3999938964844,490.29998779296875,490.3800048828125,469.0128479003906,2038600,UNH
2023-05-10,489.3999938964844,493.4700012207031,487.6400146484375,490.07000732421875,468.71630859375,2018700,UNH
2023-05-11,488.0,490.1199951171875,485.6600036621094,488.760009765625,467.4634094238281,2384200,UNH
2023-05-12,488.760009765625,492.8999938964844,487.75,491.2300109863281,469.8258361816406,1536500,UNH
2023-05-15,491.3999938964844,491.7900085449219,483.70001220703125,486.8599853515625,465.64617919921875,2169700,UNH
2023-05-16,487.6199951171875,489.2099914550781,479.010009765625,479.7200012207031,458.8172912597656,2178900,UNH
2023-05-17,480.0,485.3999938964844,477.5400085449219,484.80999755859375,463.685546875,2682000,UNH
2023-05-18,482.04998779296875,482.54998779296875,473.8900146484375,479.2300109863281,458.34869384765625,3040100,UNH
2023-05-19,479.5799865722656,484.79998779296875,477.80999755859375,478.82000732421875,457.95648193359375,2317900,UNH
2023-05-22,480.44000244140625,482.20001220703125,477.9100036621094,480.6199951171875,459.6781005859375,2242800,UNH
2023-05-23,476.17999267578125,483.3900146484375,472.5400085449219,479.44000244140625,458.54949951171875,2874200,UNH
2023-05-24,480.6099853515625,483.2799987792969,478.8900146484375,480.8299865722656,459.87896728515625,1904700,UNH
2023-05-25,477.6300048828125,481.7699890136719,474.29998779296875,477.70001220703125,456.8852844238281,2684100,UNH
2023-05-26,478.05999755859375,488.3900146484375,478.0,481.5199890136719,460.53887939453125,3135200,UNH
2023-05-30,476.67999267578125,485.8699951171875,476.0299987792969,479.8500061035156,458.9416809082031,3180800,UNH
2023-05-31,478.1199951171875,487.3999938964844,477.1099853515625,487.239990234375,466.0096130371094,4944100,UNH
2023-06-01,487.7900085449219,498.7799987792969,486.1099853515625,493.6300048828125,472.1212463378906,3376600,UNH
2023-06-02,492.0,501.0199890136719,490.3599853515625,499.5799865722656,477.8119201660156,3064500,UNH
2023-06-05,500.70001220703125,502.8999938964844,497.4200134277344,498.19000244140625,476.4825744628906,2688800,UNH
2023-06-06,499.8999938964844,499.8999938964844,483.6700134277344,487.57000732421875,466.3252868652344,3816600,UNH
2023-06-07,489.95001220703125,490.44000244140625,481.6000061035156,482.1300048828125,461.1222839355469,4381700,UNH
2023-06-08,484.3900146484375,491.82000732421875,482.42999267578125,490.2300109863281,468.8693542480469,2725900,UNH
2023-06-09,489.989990234375,498.2200012207031,487.2300109863281,493.6199951171875,472.1116638183594,3174100,UNH
2023-06-12,492.29998779296875,494.45001220703125,488.7200012207031,492.5899963378906,471.12652587890625,2207700,UNH
2023-06-13,490.8699951171875,494.6600036621094,488.6600036621094,491.30999755859375,469.9023132324219,3016600,UNH
2023-06-14,454.6400146484375,460.6300048828125,445.67999267578125,459.8599853515625,439.8226623535156,14672400,UNH
2023-06-15,461.989990234375,472.0,460.9100036621094,465.8900146484375,447.4190673828125,6798100,UNH
2023-06-16,466.1400146484375,468.5199890136719,457.92999267578125,458.489990234375,440.31243896484375,7699100,UNH
2023-06-20,456.75,470.489990234375,456.75,469.3900146484375,450.78033447265625,4597700,UNH
2023-06-21,468.95001220703125,479.3699951171875,467.19000244140625,476.75,457.8484802246094,4886500,UNH
2023-06-22,478.17999267578125,483.17999267578125,478.0,479.04998779296875,460.05731201171875,3179000,UNH
2023-06-23,478.3299865722656,482.2799987792969,476.54998779296875,477.0,458.088623046875,4862600,UNH
2023-06-26,478.1400146484375,481.30999755859375,473.0,479.05999755859375,460.06695556640625,2968300,UNH
2023-06-27,478.1300048828125,483.17999267578125,477.7699890136719,482.55999755859375,463.42816162109375,3693200,UNH
2023-06-28,481.9599914550781,482.1199951171875,473.9800109863281,474.45001220703125,455.6396789550781,3670100,UNH
2023-06-29,475.0799865722656,479.7099914550781,473.0799865722656,476.44000244140625,457.55084228515625,2979300,UNH
2023-06-30,478.0,482.1000061035156,475.1199951171875,480.6400146484375,461.5843200683594,3970400,UNH
2023-07-03,478.1000061035156,480.2099914550781,476.29998779296875,477.8800048828125,458.9337158203125,1915700,UNH
2023-07-05,476.0299987792969,477.2900085449219,470.5899963378906,471.2200012207031,452.5377197265625,5053100,UNH
2023-07-06,469.3500061035156,472.3999938964844,466.6499938964844,469.3599853515625,450.7514953613281,3913600,UNH
2023-07-07,465.0,468.6099853515625,460.82000732421875,461.5799865722656,443.2799377441406,4131600,UNH
2023-07-10,460.0,463.1000061035156,459.1600036621094,463.04998779296875,444.691650390625,4339200,UNH
2023-07-11,462.3699951171875,466.489990234375,461.1400146484375,462.8900146484375,444.5379943847656,3086800,UNH
2023-07-12,463.0,464.82000732421875,451.25,451.70001220703125,433.7916564941406,7287600,UNH
2023-07-13,452.0,454.8999938964844,447.17999267578125,447.75,429.998291015625,7276800,UNH
2023-07-14,462.54998779296875,485.0,460.1099853515625,480.1700134277344,461.1329345703125,11379300,UNH
2023-07-17,481.1099853515625,484.6000061035156,478.29998779296875,484.0799865722656,464.8879089355469,4582000,UNH
2023-07-18,489.3299865722656,504.4200134277344,487.5,500.0,480.1767578125,8816400,UNH
2023-07-19,507.5400085449219,514.6599731445312,502.4800109863281,503.70001220703125,483.73004150390625,4956500,UNH
2023-07-20,506.6600036621094,508.67999267578125,500.5299987792969,504.239990234375,484.2485656738281,2963100,UNH
2023-07-21,505.04998779296875,510.4100036621094,504.5199890136719,506.5299987792969,486.44781494140625,2887300,UNH
2023-07-24,505.3299865722656,509.7799987792969,504.57000732421875,508.67999267578125,488.5126037597656,2279000,UNH
2023-07-25,510.0,512.5,507.2799987792969,510.92999267578125,490.6733703613281,2730600,UNH
2023-07-26,511.5400085449219,515.8599853515625,506.6300048828125,508.0,487.85955810546875,3697200,UNH
2023-07-27,508.57000732421875,510.5,503.1300048828125,505.2300109863281,485.19940185546875,3028300,UNH
2023-07-28,505.2099914550781,507.4800109863281,497.2799987792969,502.9100036621094,482.9713439941406,2930000,UNH
2023-07-31,503.0,507.8800048828125,499.05999755859375,506.3699951171875,486.294189453125,2441600,UNH
2023-08-01,507.5,510.0400085449219,502.489990234375,504.739990234375,484.72882080078125,2161200,UNH
2023-08-02,509.69000244140625,510.4700012207031,502.989990234375,504.79998779296875,484.7864074707031,3220500,UNH
2023-08-03,502.8900146484375,506.0,501.0400085449219,504.8599853515625,484.843994140625,2442900,UNH
2023-08-04,510.0,510.8999938964844,501.75,502.7300109863281,482.79852294921875,2411200,UNH
2023-08-07,505.739990234375,513.5999755859375,504.6499938964844,510.739990234375,490.49090576171875,2430900,UNH
2023-08-08,503.0,508.1700134277344,500.0199890136719,505.8599853515625,485.8044128417969,2422600,UNH
2023-08-09,504.0,505.7300109863281,500.8800048828125,502.1099853515625,482.2030944824219,1916900,UNH
2023-08-10,504.4700012207031,512.0399780273438,502.7799987792969,503.4800109863281,483.5187072753906,2179700,UNH
2023-08-11,505.6300048828125,510.6700134277344,504.25,508.010009765625,487.86920166015625,2029600,UNH
2023-08-14,509.1499938964844,513.5,508.25,510.92999267578125,490.6733703613281,2127200,UNH
2023-08-15,511.5799865722656,513.6500244140625,506.2699890136719,506.69000244140625,486.60150146484375,1817500,UNH
2023-08-16,508.0,510.5,502.8299865722656,503.55999755859375,483.59552001953125,1454100,UNH
2023-08-17,495.4800109863281,501.2300109863281,491.82000732421875,493.9599914550781,474.376220703125,3009500,UNH
2023-08-18,494.7799987792969,500.94000244140625,493.5,498.44000244140625,478.6785583496094,2364400,UNH
2023-08-21,497.510009765625,500.25,496.2200012207031,497.67999267578125,477.94866943359375,1533500,UNH
2023-08-22,495.4200134277344,496.7900085449219,491.3299865722656,492.3399963378906,472.82037353515625,2079400,UNH
2023-08-23,493.0,494.0,487.92999267578125,489.44000244140625,470.0353698730469,2011400,UNH
2023-08-24,491.42999267578125,495.4200134277344,487.2099914550781,488.1000061035156,468.7485656738281,2311100,UNH
2023-08-25,489.9200134277344,491.1499938964844,484.6499938964844,489.1199951171875,469.72808837890625,1923500,UNH
2023-08-28,490.489990234375,493.05999755859375,489.1300048828125,491.2799987792969,471.8023986816406,1344500,UNH
2023-08-29,491.4700012207031,492.94000244140625,487.9700012207031,492.8299865722656,473.291015625,2113700,UNH
2023-08-30,493.989990234375,496.7099914550781,490.2900085449219,491.5299987792969,472.04254150390625,2283400,UNH
2023-08-31,492.3599853515625,493.82000732421875,476.2900085449219,476.5799865722656,457.68524169921875,4927700,UNH
2023-09-01,479.0,480.6499938964844,473.3599853515625,476.239990234375,457.3587341308594,3165900,UNH
2023-09-05,478.0,484.6000061035156,477.5400085449219,480.80999755859375,461.74755859375,3443300,UNH
2023-09-06,482.0899963378906,483.1600036621094,476.3800048828125,476.94000244140625,458.03094482421875,2596100,UNH
2023-09-07,479.8999938964844,487.1099853515625,478.6000061035156,484.80999755859375,465.5889892578125,2928000,UNH
2023-09-08,480.19000244140625,482.9700012207031,478.75,480.7699890136719,463.5065002441406,1858400,UNH
2023-09-11,481.9800109863281,483.8399963378906,478.0,479.3800048828125,462.1664123535156,2059200,UNH
2023-09-12,477.3800048828125,483.6400146484375,472.1199951171875,479.8999938964844,462.6677551269531,2195200,UNH
2023-09-13,481.42999267578125,484.0400085449219,479.4599914550781,479.8399963378906,462.60992431640625,2197800,UNH
2023-09-14,482.6300048828125,485.2699890136719,478.7799987792969,483.6000061035156,466.2349548339844,2334300,UNH
2023-09-15,485.739990234375,489.82000732421875,484.1400146484375,486.70001220703125,469.2236633300781,5334300,UNH
2023-09-18,488.4100036621094,488.739990234375,483.6000061035156,486.05999755859375,468.6065673828125,1997500,UNH
2023-09-19,483.760009765625,485.7300109863281,476.5400085449219,480.6600036621094,463.4004211425781,3230700,UNH
2023-09-20,482.75,495.1099853515625,479.1400146484375,492.1300048828125,474.4586181640625,3724800,UNH
2023-09-21,494.19000244140625,505.1400146484375,493.0799865722656,501.1400146484375,483.1451110839844,4703900,UNH
2023-09-22,499.0,509.42999267578125,498.0299987792969,506.1000061035156,487.92694091796875,4558500,UNH
2023-09-25,508.260009765625,510.94000244140625,506.6300048828125,510.2799987792969,491.9569396972656,2758500,UNH
2023-09-26,508.94000244140625,509.4200134277344,504.3800048828125,505.45001220703125,487.30035400390625,2420200,UNH
2023-09-27,506.2300109863281,506.3599853515625,501.04998779296875,503.7300109863281,485.6420593261719,2593700,UNH
2023-09-28,505.9700012207031,514.1500244140625,505.010009765625,510.1000061035156,491.7834167480469,2922000,UNH
2023-09-29,509.8500061035156,509.8800048828125,503.79998779296875,504.19000244140625,486.0855407714844,3006200,UNH
2023-10-02,505.5299987792969,514.8400268554688,503.1400146484375,514.5700073242188,496.0928649902344,3550400,UNH
2023-10-03,513.2999877929688,513.97998046875,508.3599853515625,509.4700012207031,491.17596435546875,3143200,UNH
2023-10-04,509.489990234375,511.82000732421875,506.6099853515625,510.6199951171875,492.28466796875,2801700,UNH
2023-10-05,511.6199951171875,518.2100219726562,511.2300109863281,516.22998046875,497.6932067871094,2790700,UNH
2023-10-06,516.4500122070312,525.9500122070312,515.97998046875,524.8099975585938,505.96502685546875,3647200,UNH
2023-10-09,521.1500244140625,526.8699951171875,520.25,526.510009765625,507.6041259765625,2341600,UNH
2023-10-10,526.5,528.1400146484375,523.0800170898438,524.239990234375,505.41558837890625,2455700,UNH
2023-10-11,520.9199829101562,525.5900268554688,520.22998046875,524.1300048828125,505.3096008300781,2819300,UNH
2023-10-12,524.469970703125,528.5800170898438,522.25,525.5399780273438,506.6689453125,2377300,UNH
2023-10-13,533.25,544.4600219726562,532.0,539.4000244140625,520.03125,5245400,UNH
2023-10-16,543.1799926757812,546.780029296875,536.1199951171875,538.030029296875,518.7105102539062,3827600,UNH
2023-10-17,539.9400024414062,542.4299926757812,534.5700073242188,536.6500244140625,517.3800659179688,2586000,UNH
2023-10-18,543.0399780273438,543.97998046875,535.4000244140625,536.0599975585938,516.8111572265625,2551400,UNH
2023-10-19,536.8200073242188,538.3400268554688,529.25,531.6300048828125,512.5403442382812,2351200,UNH
2023-10-20,531.0,534.4299926757812,526.77001953125,527.030029296875,508.10540771484375,2811100,UNH
2023-10-23,527.030029296875,527.780029296875,520.2899780273438,521.5700073242188,502.8414611816406,2357700,UNH
2023-10-24,522.8599853515625,530.6699829101562,522.0700073242188,525.0,506.1482849121094,1978200,UNH
2023-10-25,527.27001953125,532.3599853515625,520.0800170898438,530.2100219726562,511.17120361328125,2380100,UNH
2023-10-26,525.7000122070312,530.469970703125,522.52001953125,528.3599853515625,509.38763427734375,2675800,UNH
2023-10-27,525.989990234375,527.739990234375,521.260009765625,524.6599731445312,505.8205261230469,2585600,UNH
2023-10-30,525.0,531.8200073242188,522.9400024414062,529.989990234375,510.9591064453125,2555400,UNH
2023-10-31,535.0,536.6799926757812,531.6199951171875,535.5599975585938,516.3292846679688,2464200,UNH
2023-11-01,529.97998046875,535.8300170898438,526.7999877929688,531.5999755859375,512.5113525390625,2747400,UNH
2023-11-02,532.0,536.8400268554688,526.9500122070312,536.1300048828125,516.878662109375,2350900,UNH
2023-11-03,534.5700073242188,535.97998046875,528.7999877929688,530.9000244140625,511.83636474609375,2739500,UNH
2023-11-06,531.6300048828125,536.02001953125,530.0499877929688,533.4600219726562,514.3045654296875,2684900,UNH
2023-11-07,535.3599853515625,539.6500244140625,531.52001953125,537.8300170898438,518.5177001953125,2604800,UNH
2023-11-08,540.0,541.4000244140625,534.1400146484375,536.72998046875,517.45703125,1769200,UNH
2023-11-09,537.5999755859375,540.9099731445312,534.47998046875,539.0,519.6456298828125,1819600,UNH
2023-11-10,542.6799926757812,542.6799926757812,536.02001953125,541.2100219726562,521.7763061523438,2480800,UNH
2023-11-13,541.1500244140625,544.1500244140625,537.9099731445312,542.5700073242188,523.0874633789062,1507900,UNH
2023-11-14,539.030029296875,542.6699829101562,536.510009765625,540.4600219726562,521.05322265625,2454000,UNH
2023-11-15,540.0499877929688,540.4600219726562,531.7000122070312,538.4099731445312,519.0767822265625,2473700,UNH
2023-11-16,538.4099731445312,544.8599853515625,537.469970703125,539.8200073242188,520.4360961914062,2360300,UNH
2023-11-17,540.27001953125,540.52001953125,528.3400268554688,536.2899780273438,517.0328979492188,2676900,UNH
2023-11-20,533.6099853515625,536.3400268554688,531.7999877929688,535.0999755859375,515.8856201171875,2518400,UNH
2023-11-21,537.77001953125,541.6699829101562,534.1900024414062,539.5900268554688,520.2144775390625,2115700,UNH
2023-11-22,542.969970703125,544.4000244140625,540.260009765625,543.760009765625,524.2346801757812,2234500,UNH
2023-11-24,544.9299926757812,547.5900268554688,542.8099975585938,547.0999755859375,527.454833984375,1135000,UNH
2023-11-27,547.0999755859375,550.8900146484375,541.530029296875,543.5900268554688,524.0708618164062,2675800,UNH
2023-11-28,545.6300048828125,545.8200073242188,540.0700073242188,540.530029296875,521.1206665039062,2859300,UNH
2023-11-29,530.0,541.8599853515625,528.6500244140625,534.97998046875,515.7699584960938,4550000,UNH
2023-11-30,535.7899780273438,553.9400024414062,534.010009765625,552.969970703125,533.1139526367188,7121200,UNH
2023-12-01,550.4199829101562,554.7000122070312,545.1599731445312,547.1599731445312,529.3121337890625,3462200,UNH
2023-12-04,548.260009765625,551.8699951171875,543.0399780273438,548.280029296875,530.395751953125,2709200,UNH
2023-12-05,549.0999755859375,552.530029296875,545.3499755859375,550.260009765625,532.3110961914062,2645600,UNH
2023-12-06,547.5599975585938,551.8800048828125,547.0999755859375,549.530029296875,531.6049194335938,2239700,UNH
2023-12-07,551.3499755859375,551.510009765625,544.52001953125,548.27001953125,530.385986328125,2511700,UNH
2023-12-08,550.219970703125,551.72998046875,544.5399780273438,549.77001953125,531.8370971679688,2039900,UNH
2023-12-11,549.760009765625,550.0,539.0599975585938,543.6799926757812,525.9457397460938,3655300,UNH
2023-12-12,545.7999877929688,547.489990234375,542.6500244140625,545.719970703125,527.919189453125,2706100,UNH
2023-12-13,544.0,549.4199829101562,538.5900268554688,549.010009765625,531.1018676757812,2876600,UNH
2023-12-14,544.2999877929688,544.9199829101562,529.4000244140625,534.239990234375,516.8136596679688,5386800,UNH
2023-12-15,530.0,533.5,522.9600219726562,531.1199951171875,513.7953491210938,9030100,UNH
2023-12-18,529.1099853515625,531.469970703125,525.22998046875,526.5499877929688,509.3744201660156,3260300,UNH
2023-12-19,524.5900268554688,527.6199951171875,521.780029296875,524.0399780273438,506.9463806152344,3645600,UNH
2023-12-20,523.8499755859375,524.8300170898438,515.8699951171875,515.9299926757812,499.1007995605469,3847800,UNH
2023-12-21,518.8800048828125,520.8200073242188,516.5,519.8800048828125,502.9220275878906,2491600,UNH
2023-12-22,519.8800048828125,523.010009765625,518.02001953125,520.3099975585938,503.3379821777344,1759500,UNH
2023-12-26,519.8800048828125,521.47998046875,517.969970703125,520.030029296875,503.0671691894531,1390800,UNH
2023-12-27,519.75,523.1599731445312,519.3599853515625,522.7899780273438,505.73699951171875,1851800,UNH
2023-12-28,523.469970703125,527.8699951171875,522.9400024414062,524.9000244140625,507.7783508300781,2001000,UNH
2023-12-29,525.97998046875,528.239990234375,523.9199829101562,526.469970703125,509.2970275878906,2080100,UNH
2024-01-02,526.8400268554688,539.6599731445312,526.6699829101562,539.3400268554688,521.7473754882812,3415700,UNH
2024-01-03,543.0399780273438,546.7899780273438,539.47998046875,542.030029296875,524.349609375,2891400,UNH
2024-01-04,545.0,549.0,543.0,545.4199829101562,527.62890625,2994400,UNH
2024-01-05,547.0,547.0,533.72998046875,537.3800048828125,519.8511962890625,2815400,UNH
2024-01-08,539.4000244140625,540.25,528.0,536.52001953125,519.0193481445312,2648900,UNH
2024-01-09,538.0,539.6099853515625,532.3300170898438,538.3699951171875,520.8089599609375,2677000,UNH
2024-01-10,538.0999755859375,541.2000122070312,536.1500244140625,537.6400146484375,520.102783203125,2180000,UNH
2024-01-11,536.1300048828125,540.1599731445312,534.530029296875,539.6799926757812,522.0762329101562,2814100,UNH
2024-01-12,518.8599853515625,528.47998046875,513.1300048828125,521.510009765625,504.4988098144531,6327300,UNH
2024-01-16,523.7100219726562,524.5,516.5499877929688,519.1500244140625,502.2158508300781,3736700,UNH
2024-01-17,521.280029296875,530.6599731445312,520.0,524.9400024414062,507.81695556640625,3791300,UNH
2024-01-18,505.2300109863281,516.8400268554688,497.4599914550781,516.3400268554688,499.49755859375,7367000,UNH
2024-01-19,515.0,517.5499877929688,501.82000732421875,503.55999755859375,487.1343994140625,6143400,UNH
2024-01-22,503.94000244140625,513.5700073242188,496.5,512.989990234375,496.2567443847656,5922900,UNH
2024-01-23,512.5,518.0800170898438,512.0800170898438,515.52001953125,498.70428466796875,2672900,UNH
2024-01-24,517.9000244140625,521.72998046875,512.9500122070312,513.22998046875,496.4888916015625,2918800,UNH
2024-01-25,487.5899963378906,495.510009765625,479.0,493.3999938964844,477.3058166503906,14671000,UNH
2024-01-26,493.2799987792969,503.69000244140625,489.8999938964844,503.20001220703125,486.7861328125,6212200,UNH
2024-01-29,503.1099853515625,506.510009765625,501.1499938964844,504.5400085449219,488.0824279785156,4554100,UNH
2024-01-30,504.5400085449219,506.04998779296875,499.2200012207031,503.6099853515625,487.1827087402344,4931200,UNH
2024-01-31,504.510009765625,515.0,504.510009765625,511.739990234375,495.04754638671875,5358100,UNH
2024-02-01,508.8299865722656,510.2200012207031,503.0,507.1400146484375,490.5976257324219,4242600,UNH
2024-02-02,508.25,512.9099731445312,505.3900146484375,510.2300109863281,493.5868225097656,3804500,UNH
2024-02-05,509.9599914550781,514.2000122070312,500.04998779296875,502.9599914550781,486.5539245605469,3646300,UNH
2024-02-06,503.94000244140625,510.94000244140625,502.45001220703125,510.6700134277344,494.0124816894531,2745400,UNH
2024-02-07,514.010009765625,521.0,512.6900024414062,519.3900146484375,502.4480285644531,4109100,UNH
2024-02-08,520.6300048828125,522.1599731445312,517.280029296875,520.0900268554688,503.12518310546875,3343000,UNH
2024-02-09,518.989990234375,520.3900146484375,516.2899780273438,518.219970703125,501.31610107421875,2715400,UNH
2024-02-12,518.219970703125,518.989990234375,512.8099975585938,517.6400146484375,500.7550354003906,3194000,UNH
2024-02-13,522.0,526.9299926757812,514.2100219726562,516.8499755859375,499.9908447265625,3436000,UNH
2024-02-14,515.260009765625,518.530029296875,514.2899780273438,516.9400024414062,500.07794189453125,1918500,UNH
2024-02-15,517.3400268554688,521.75,515.7999877929688,520.8800048828125,503.88946533203125,2292100,UNH
2024-02-16,522.2999877929688,523.7899780273438,518.8900146484375,521.5499877929688,504.53759765625,2135500,UNH
2024-02-20,524.2100219726562,525.3699951171875,519.4099731445312,521.0599975585938,504.0634765625,2600200,UNH
2024-02-21,523.6699829101562,523.6900024414062,517.5399780273438,521.969970703125,504.9438171386719,2095900,UNH
2024-02-22,524.2000122070312,526.739990234375,518.5900268554688,526.5,509.3261413574219,3186800,UNH
2024-02-23,526.75,530.5,524.1599731445312,527.239990234375,510.0419616699219,2502000,UNH
2024-02-26,528.3200073242188,532.8099975585938,524.3099975585938,525.3200073242188,508.18463134765625,2308900,UNH
2024-02-27,524.760009765625,525.5900268554688,512.0499877929688,513.4199829101562,496.6726989746094,3780600,UNH
2024-02-28,495.44000244140625,498.54998779296875,484.3900146484375,498.2799987792969,482.0265808105469,9558600,UNH
2024-02-29,498.5,501.75,491.6000061035156,493.6000061035156,477.4992370605469,6833200,UNH
2024-03-01,489.4200134277344,490.0199890136719,477.25,489.5299987792969,473.5619812011719,7315000,UNH
2024-03-04,483.239990234375,487.0400085449219,480.1000061035156,481.8699951171875,466.15185546875,5239800,UNH
2024-03-05,482.3900146484375,482.8999938964844,470.6199951171875,473.1499938964844,457.7162780761719,5296200,UNH
2024-03-06,474.44000244140625,479.79998779296875,468.19000244140625,472.6000061035156,457.1842346191406,5577500,UNH
2024-03-07,474.0,481.19000244140625,473.6000061035156,478.7799987792969,463.1626892089844,5102000,UNH
2024-03-08,478.3299865722656,484.25,474.7699890136719,476.57000732421875,462.8421630859375,4673600,UNH
2024-03-11,477.0,490.30999755859375,476.0,489.1499938964844,475.0597839355469,4410100,UNH
2024-03-12,488.1300048828125,492.2799987792969,487.3500061035156,489.3500061035156,475.2540588378906,4153800,UNH
2024-03-13,493.5199890136719,496.0,485.3299865722656,488.0,473.94293212890625,3669000,UNH
2024-03-14,488.7200012207031,489.67999267578125,485.19000244140625,489.0,474.9140930175781,3378500,UNH
2024-03-15,487.45001220703125,491.2200012207031,487.45001220703125,490.82000732421875,476.68170166015625,5713500,UNH
2024-03-18,492.1000061035156,492.1000061035156,486.3800048828125,487.04998779296875,473.0202941894531,2970500,UNH
2024-03-19,489.6700134277344,493.44000244140625,487.7900085449219,493.32000732421875,479.1097106933594,2511700,UNH
2024-03-20,492.4700012207031,494.6000061035156,489.44000244140625,494.2300109863281,479.99346923828125,3548200,UNH
2024-03-21,492.2799987792969,496.20001220703125,491.2799987792969,491.69000244140625,477.5266418457031,3693400,UNH
2024-03-22,495.20001220703125,495.8299865722656,489.7699890136719,490.07000732421875,475.9532775878906,2847300,UNH
2024-03-25,490.6000061035156,491.4800109863281,484.07000732421875,485.8800048828125,471.8840026855469,2786100,UNH
2024-03-26,488.1300048828125,493.3399963378906,485.2300109863281,492.30999755859375,478.1287841796875,3113300,UNH
2024-03-27,493.70001220703125,495.7300109863281,491.30999755859375,493.1000061035156,478.8960266113281,2653100,UNH
2024-03-28,495.0,495.8699951171875,489.29998779296875,494.70001220703125,480.4499206542969,3820000,UNH
2024-04-01,494.4700012207031,495.7799987792969,488.70001220703125,489.70001220703125,475.593994140625,2928700,UNH
2024-04-02,459.6000061035156,463.67999267578125,449.6000061035156,458.1400146484375,444.94305419921875,11867000,UNH
2024-04-03,462.0,462.8500061035156,455.54998779296875,459.739990234375,446.4969177246094,4460400,UNH
2024-04-04,460.82000732421875,461.7200012207031,451.9200134277344,455.3800048828125,442.2625427246094,5182000,UNH
2024-04-05,450.69000244140625,457.75,450.010009765625,455.739990234375,442.6122131347656,5747400,UNH
2024-04-08,455.9700012207031,457.20001220703125,453.5899963378906,456.0,442.86468505859375,4532300,UNH
2024-04-09,454.2799987792969,459.760009765625,452.4599914550781,459.7200012207031,446.4775695800781,3521200,UNH
2024-04-10,455.489990234375,458.739990234375,449.7799987792969,450.04998779296875,437.0860900878906,4493500,UNH
2024-04-11,450.3900146484375,450.7699890136719,441.4800109863281,441.7200012207031,428.99603271484375,5844100,UNH
2024-04-12,440.3399963378906,442.239990234375,436.3800048828125,439.20001220703125,426.5486755371094,6045700,UNH
2024-04-15,442.0,448.3500061035156,441.989990234375,445.6300048828125,432.79345703125,5376800,UNH
2024-04-16,476.7699890136719,479.75,465.6000061035156,468.8900146484375,455.3833923339844,11816500,UNH
2024-04-17,478.6000061035156,488.0,474.5899963378906,478.989990234375,465.1924743652344,8759800,UNH
2024-04-18,486.1300048828125,502.0,485.9700012207031,493.17999267578125,478.9737243652344,8880400,UNH
2024-04-19,497.0,507.29998779296875,495.55999755859375,501.1300048828125,486.6947326660156,6618600,UNH
2024-04-22,497.7799987792969,499.4200134277344,490.6400146484375,491.2300109863281,477.0798645019531,4697700,UNH
2024-04-23,491.0,494.30999755859375,484.9700012207031,486.17999267578125,472.1753234863281,3646700,UNH
2024-04-24,483.7799987792969,488.8599853515625,480.7099914550781,487.29998779296875,473.2630310058594,3724400,UNH
2024-04-25,488.9599914550781,497.1300048828125,487.5299987792969,493.8599853515625,479.63409423828125,4329700,UNH
2024-04-26,492.0,497.2300109863281,491.3999938964844,495.3500061035156,481.0812072753906,2727000,UNH
2024-04-29,495.7099914550781,497.3500061035156,487.7699890136719,489.0299987792969,474.9432373046875,2192100,UNH
2024-04-30,488.9599914550781,489.7099914550781,482.5899963378906,483.70001220703125,469.76678466796875,3367500,UNH
2024-05-01,479.260009765625,489.19000244140625,477.07000732421875,484.1099853515625,470.16497802734375,2729200,UNH
2024-05-02,484.2799987792969,493.69000244140625,483.94000244140625,492.9700012207031,478.769775390625,3561400,UNH
2024-05-03,490.8599853515625,492.7900085449219,485.7799987792969,492.45001220703125,478.2647705078125,2487600,UNH
2024-05-06,492.4800109863281,494.8699951171875,492.0,494.3800048828125,480.13916015625,2029500,UNH
2024-05-07,496.0,501.6499938964844,495.0400085449219,500.9599914550781,486.52960205078125,3752100,UNH
2024-05-08,504.1700134277344,507.0,500.0799865722656,503.2099914550781,488.71478271484375,3078900,UNH
2024-05-09,502.1400146484375,507.9700012207031,502.1400146484375,507.0299987792969,492.4247131347656,2342900,UNH
2024-05-10,509.0,513.5800170898438,507.0,512.8099975585938,498.03826904296875,2784600,UNH
2024-05-13,512.0499877929688,514.6699829101562,507.30999755859375,511.739990234375,496.9991149902344,2454500,UNH
2024-05-14,514.5800170898438,516.1699829101562,507.29998779296875,513.8800048828125,499.0774841308594,2949700,UNH
2024-05-15,514.8300170898438,522.5900268554688,514.8300170898438,517.5499877929688,502.6416931152344,2981200,UNH
2024-05-16,520.0,528.1599731445312,519.510009765625,521.27001953125,506.2545471191406,3655800,UNH
2024-05-17,522.9400024414062,525.8499755859375,520.010009765625,524.6300048828125,509.517822265625,2657200,UNH
2024-05-20,524.6300048828125,524.6300048828125,516.5399780273438,517.22998046875,502.33087158203125,2476200,UNH
2024-05-21,518.3200073242188,524.719970703125,515.9199829101562,523.5499877929688,508.4688415527344,2521900,UNH
2024-05-22,522.8200073242188,526.280029296875,520.6500244140625,521.3499755859375,506.3321838378906,2299100,UNH
2024-05-23,518.3200073242188,520.22998046875,515.22998046875,516.8300170898438,501.9425048828125,3055400,UNH
2024-05-24,516.1099853515625,517.1400146484375,507.5199890136719,508.1700134277344,493.53192138671875,2527800,UNH
2024-05-28,506.6499938964844,506.6499938964844,501.8999938964844,503.67999267578125,489.1712646484375,2912800,UNH
2024-05-29,492.3399963378906,493.8999938964844,473.2699890136719,484.7200012207031,470.7574157714844,7521600,UNH
2024-05-30,482.32000732421875,486.0299987792969,478.0,481.6499938964844,467.7758483886719,5169700,UNH
2024-05-31,482.4100036621094,498.4100036621094,482.4100036621094,495.3699951171875,481.1006164550781,6694800,UNH
2024-06-03,494.1300048828125,498.67999267578125,493.07000732421875,497.44000244140625,483.11102294921875,2795100,UNH
2024-06-04,498.55999755859375,508.2699890136719,494.5899963378906,505.489990234375,490.9290771484375,3178400,UNH
2024-06-05,508.70001220703125,509.1000061035156,498.79998779296875,503.1199951171875,488.6273498535156,2464400,UNH
2024-06-06,503.6499938964844,504.70001220703125,497.2799987792969,501.9200134277344,487.46197509765625,2419600,UNH
2024-06-07,502.0400085449219,502.8599853515625,490.4200134277344,490.69000244140625,476.555419921875,3416300,UNH
2024-06-10,491.0,495.3900146484375,486.19000244140625,495.0,480.7413024902344,3332800,UNH
2024-06-11,490.8599853515625,497.7799987792969,490.2900085449219,496.2200012207031,481.9261779785156,4599700,UNH
2024-06-12,500.0,500.0,487.4200134277344,493.07000732421875,478.86688232421875,4048200,UNH
2024-06-13,490.2799987792969,502.0,484.3800048828125,497.29998779296875,482.97503662109375,4951700,UNH
2024-06-14,496.8299865722656,497.8500061035156,491.7300109863281,497.1199951171875,482.8002014160156,3188400,UNH
2024-06-17,491.3299865722656,493.1199951171875,488.70001220703125,489.2300109863281,477.1531677246094,2407200,UNH
2024-06-18,490.7099914550781,491.6600036621094,479.0400085449219,481.04998779296875,469.1750793457031,3692700,UNH
2024-06-20,480.0400085449219,485.9200134277344,478.1099853515625,484.5199890136719,472.5594482421875,5258100,UNH
2024-06-21,484.44000244140625,488.29998779296875,480.5899963378906,482.5899963378906,470.67706298828125,6368600,UNH
2024-06-24,488.8599853515625,490.8900146484375,484.5,489.9800109863281,477.8846435546875,5139800,UNH
2024-06-25,490.6400146484375,490.6400146484375,480.6000061035156,484.5,472.5398864746094,2916100,UNH
2024-06-26,484.5,487.44000244140625,481.4700012207031,484.0400085449219,472.09130859375,3153100,UNH
2024-06-27,485.04998779296875,488.9800109863281,482.04998779296875,486.44000244140625,474.4320373535156,2991900,UNH
2024-06-28,496.3699951171875,509.3999938964844,489.4100036621094,509.260009765625,496.688720703125,22734200,UNH
2024-07-01,506.75,508.9100036621094,492.8900146484375,494.6499938964844,482.4393310546875,4523100,UNH
2024-07-02,494.260009765625,498.4700012207031,493.3900146484375,498.239990234375,485.9407653808594,3312000,UNH
2024-07-03,497.1199951171875,498.0799865722656,486.5199890136719,489.8900146484375,477.796875,2239200,UNH
2024-07-05,489.0,489.6700134277344,484.5,488.010009765625,475.9632873535156,3499000,UNH
2024-07-08,489.19000244140625,493.8800048828125,486.1700134277344,489.3399963378906,477.26043701171875,3450600,UNH
2024-07-09,488.3299865722656,495.3999938964844,486.0899963378906,492.1099853515625,479.9620361328125,3056800,UNH
2024-07-10,490.94000244140625,501.5,490.1199951171875,500.92999267578125,488.5643310546875,3189800,UNH
2024-07-11,497.70001220703125,508.7300109863281,497.70001220703125,504.3599853515625,491.9096984863281,3535100,UNH
2024-07-12,506.9200134277344,514.5700073242188,503.42999267578125,511.5299987792969,498.9026794433594,3570600,UNH
2024-07-15,524.239990234375,530.8300170898438,513.7999877929688,515.3699951171875,502.64788818359375,5128000,UNH
2024-07-16,533.9000244140625,549.9199829101562,527.1300048828125,548.8699951171875,535.3209838867188,11062000,UNH
2024-07-17,554.0,573.6099853515625,551.2999877929688,573.280029296875,559.1283569335938,10330800,UNH
2024-07-18,564.5,581.5,561.4199829101562,564.3400268554688,550.4090576171875,6834800,UNH
2024-07-19,567.1199951171875,569.9000244140625,561.5399780273438,565.3300170898438,551.3745727539062,4290400,UNH
2024-07-22,563.0499877929688,564.25,557.0800170898438,558.530029296875,544.7424926757812,3377300,UNH
2024-07-23,558.7899780273438,558.8400268554688,552.8099975585938,554.7000122070312,541.0070190429688,2785600,UNH
2024-07-24,560.0,561.1300048828125,553.02001953125,559.75,545.932373046875,3156200,UNH
2024-07-25,562.0,569.8900146484375,558.5800170898438,559.6799926757812,545.8641357421875,3102900,UNH
2024-07-26,560.0,579.1300048828125,560.0,569.719970703125,555.65625,3201900,UNH
2024-07-29,565.7100219726562,571.3499755859375,561.760009765625,566.75,552.7595825195312,2965000,UNH
2024-07-30,566.9000244140625,579.4299926757812,565.989990234375,576.3300170898438,562.10302734375,4139100,UNH
2024-07-31,565.4400024414062,580.9000244140625,562.3200073242188,576.1599731445312,561.9371948242188,4713200,UNH
2024-08-01,577.2000122070312,587.5,567.0999755859375,572.77001953125,558.6309204101562,3680800,UNH
2024-08-02,582.3300170898438,591.5399780273438,575.25,589.8300170898438,575.269775390625,5094000,UNH
2024-08-05,582.1199951171875,586.8200073242188,566.760009765625,569.9600219726562,555.8902587890625,4587400,UNH
2024-08-06,568.2100219726562,577.52001953125,562.530029296875,568.3499755859375,554.320068359375,3216500,UNH
2024-08-07,566.6099853515625,571.6500244140625,557.030029296875,566.0800170898438,552.1061401367188,4320700,UNH
2024-08-08,564.3699951171875,572.4500122070312,564.3699951171875,566.239990234375,552.2621459960938,2860800,UNH
2024-08-09,564.5399780273438,565.9299926757812,557.6300048828125,558.760009765625,544.966796875,2976700,UNH
2024-08-12,562.3200073242188,569.0,561.0499877929688,565.2899780273438,551.3355712890625,2532400,UNH
2024-08-13,569.989990234375,575.72998046875,569.0,574.239990234375,560.0646362304688,2369400,UNH
2024-08-14,575.239990234375,581.1199951171875,573.27001953125,579.6699829101562,565.360595703125,2344400,UNH
2024-08-15,579.6699829101562,583.3400268554688,573.510009765625,579.6099853515625,565.3020629882812,2751800,UNH
2024-08-16,580.9199829101562,581.6500244140625,574.0999755859375,577.6799926757812,563.4197387695312,2728900,UNH
2024-08-19,578.0800170898438,583.2999877929688,577.0700073242188,578.780029296875,564.4926147460938,1847900,UNH
2024-08-20,579.8499755859375,583.8099975585938,575.5,580.6500244140625,566.3165283203125,1677500,UNH
2024-08-21,581.510009765625,583.3900146484375,577.4299926757812,578.0700073242188,563.800048828125,2844300,UNH
2024-08-22,579.25,582.9500122070312,570.6199951171875,578.719970703125,564.4340209960938,2282000,UNH
2024-08-23,581.0,585.2100219726562,578.4500122070312,584.510009765625,570.0811157226562,2376400,UNH
2024-08-26,588.0499877929688,592.0900268554688,585.739990234375,587.1300048828125,572.636474609375,1800000,UNH
2024-08-27,589.469970703125,592.3400268554688,583.780029296875,587.3499755859375,572.8510131835938,1581900,UNH
2024-08-28,589.010009765625,592.8400268554688,583.8699951171875,588.5399780273438,574.0115966796875,1657000,UNH
2024-08-29,590.6799926757812,592.6099853515625,584.3699951171875,591.5700073242188,576.966796875,1953200,UNH
2024-08-30,590.0,593.260009765625,586.5900268554688,590.2000122070312,575.6306762695312,2944700,UNH
2024-09-03,592.52001953125,600.6599731445312,591.8200073242188,598.6799926757812,583.9013061523438,3175500,UNH
2024-09-04,600.0,607.9400024414062,597.8800048828125,604.1799926757812,589.2655639648438,2935000,UNH
2024-09-05,604.1900024414062,606.0,589.6699829101562,595.489990234375,580.7901000976562,2144800,UNH
2024-09-06,595.8699951171875,600.6099853515625,592.260009765625,596.8800048828125,582.145751953125,2926400,UNH
2024-09-09,598.3200073242188,599.47998046875,575.27001953125,594.0999755859375,579.4343872070312,3411400,UNH
2024-09-10,595.2100219726562,604.7999877929688,591.1500244140625,599.030029296875,584.24267578125,2863500,UNH
2024-09-11,589.1400146484375,591.4000244140625,578.969970703125,589.75,575.1917724609375,3563600,UNH
2024-09-12,588.530029296875,590.510009765625,583.2100219726562,588.4199829101562,573.8946533203125,3395800,UNH
2024-09-13,591.0800170898438,597.6799926757812,587.22998046875,594.3200073242188,579.6489868164062,2241900,UNH
2024-09-16,595.0,598.7899780273438,587.760009765625,589.1400146484375,576.6343383789062,2548600,UNH
2024-09-17,586.010009765625,586.719970703125,576.3900146484375,577.9600219726562,565.691650390625,3416000,UNH
2024-09-18,576.8599853515625,584.52001953125,572.3099975585938,580.6500244140625,568.3245849609375,2988300,UNH
2024-09-19,583.719970703125,584.8300170898438,574.5800170898438,577.0700073242188,564.8204956054688,2945700,UNH
2024-09-20,571.7000122070312,578.8400268554688,569.6500244140625,575.0,562.7945556640625,5398700,UNH
2024-09-23,576.489990234375,579.4299926757812,572.0,573.4099731445312,561.2381591796875,2386100,UNH
2024-09-24,570.8200073242188,577.3099975585938,566.0,575.1900024414062,562.9805297851562,3188500,UNH
2024-09-25,577.8699951171875,581.1099853515625,573.0800170898438,576.3099975585938,564.07666015625,2658800,UNH
2024-09-26,575.0,576.5999755859375,570.9099731445312,574.8099975585938,562.6085205078125,2751900,UNH
2024-09-27,577.6799926757812,586.7100219726562,576.5900268554688,581.8499755859375,569.4990234375,2986200,UNH
2024-09-30,583.5,586.4199829101562,578.739990234375,584.6799926757812,572.26904296875,3009700,UNH
2024-10-01,585.0,588.7000122070312,580.77001953125,583.2999877929688,570.9182739257812,2648400,UNH
2024-10-02,604.260009765625,604.52001953125,584.25,592.3099975585938,579.737060546875,3667000,UNH
2024-10-03,590.6099853515625,593.22998046875,584.3699951171875,592.75,580.167724609375,2645800,UNH
2024-10-04,592.1300048828125,596.1300048828125,588.4400024414062,591.2000122070312,578.650634765625,2462600,UNH
2024-10-07,588.7899780273438,592.4400024414062,583.3300170898438,583.5599975585938,571.1727905273438,2591100,UNH
2024-10-08,588.0599975585938,589.2100219726562,579.5599975585938,581.5800170898438,569.23486328125,2231400,UNH
2024-10-09,582.1599731445312,592.7999877929688,580.6099853515625,591.219970703125,578.6701049804688,2207700,UNH
2024-10-10,595.1799926757812,598.9500122070312,592.760009765625,597.7000122070312,585.0126342773438,2143200,UNH
2024-10-11,596.489990234375,601.52001953125,596.2000122070312,598.0499877929688,585.355224609375,1909700,UNH
2024-10-14,599.1099853515625,608.6300048828125,597.3800048828125,605.4000244140625,592.5491943359375,2447100,UNH
2024-10-15,552.02001953125,569.7000122070312,543.0,556.2899780273438,544.4816284179688,11939400,UNH
2024-10-16,557.010009765625,576.1799926757812,555.1199951171875,571.3400268554688,559.2122192382812,5103900,UNH
2024-10-17,560.5800170898438,569.469970703125,558.719970703125,566.030029296875,554.0148315429688,5588700,UNH
2024-10-18,566.8499755859375,570.9500122070312,563.0399780273438,569.6099853515625,557.5188598632812,3687000,UNH
2024-10-21,569.6400146484375,579.280029296875,568.7000122070312,571.469970703125,559.3394165039062,3018000,UNH
2024-10-22,567.8499755859375,573.0399780273438,565.489990234375,569.8599853515625,557.7635498046875,2593800,UNH
2024-10-23,572.1300048828125,574.1400146484375,560.0,564.6400146484375,552.6543579101562,2911900,UNH
2024-10-24,564.989990234375,571.7000122070312,560.3099975585938,560.8099975585938,548.9056396484375,2590200,UNH
2024-10-25,566.1599731445312,571.5,563.6099853515625,564.5599975585938,552.5761108398438,2513700,UNH
2024-10-28,566.25,568.3300170898438,562.8099975585938,565.239990234375,553.2416381835938,1826500,UNH
2024-10-29,562.8200073242188,567.6799926757812,560.6599731445312,562.1300048828125,550.1976318359375,2600300,UNH
2024-10-30,561.25,570.3099975585938,560.9500122070312,562.9600219726562,551.0100708007812,2323600,UNH
2024-10-31,560.8800048828125,568.4500122070312,560.8800048828125,564.5,552.5173950195312,2490000,UNH
2024-11-01,565.1199951171875,570.3300170898438,563.9000244140625,567.5599975585938,555.5123901367188,2548300,UNH
2024-11-04,566.739990234375,568.5900268554688,555.4199829101562,557.77001953125,545.9302368164062,2656600,UNH
2024-11-05,558.280029296875,568.739990234375,554.4000244140625,567.030029296875,554.99365234375,2608100,UNH
2024-11-06,603.9000244140625,605.5,590.8499755859375,596.6900024414062,584.0240478515625,6591300,UNH
2024-11-07,598.6900024414062,607.6400146484375,596.1500244140625,605.4500122070312,592.5980834960938,5254300,UNH
2024-11-08,609.0,619.7999877929688,605.2000122070312,615.8099975585938,602.7381591796875,3875800,UNH
2024-11-11,616.9000244140625,630.72998046875,613.9199829101562,625.25,611.977783203125,3003200,UNH
2024-11-12,619.5800170898438,624.47998046875,613.780029296875,614.6699829101562,601.6223754882812,2809400,UNH
2024-11-13,613.0,613.010009765625,603.0599975585938,605.8699951171875,593.0092163085938,3409400,UNH
2024-11-14,603.47998046875,606.0,588.989990234375,593.1500244140625,580.5592041015625,3079200,UNH
2024-11-15,591.9199829101562,598.9299926757812,589.9500122070312,592.22998046875,579.65869140625,3423900,UNH
2024-11-18,589.4400024414062,594.1400146484375,585.3200073242188,589.6500244140625,577.133544921875,2577100,UNH
2024-11-19,582.719970703125,586.8400268554688,576.77001953125,577.0,564.7520141601562,3198300,UNH
2024-11-20,582.7100219726562,602.6400146484375,581.5499877929688,600.5,587.753173828125,3928600,UNH
2024-11-21,600.0,604.0,596.72998046875,597.489990234375,584.80712890625,2722900,UNH
2024-11-22,598.5599975585938,601.260009765625,588.6699829101562,590.8699951171875,578.3275756835938,3197900,UNH
2024-11-25,597.5800170898438,609.8400268554688,595.010009765625,605.8300170898438,592.9701538085938,5146200,UNH
2024-11-26,608.239990234375,608.469970703125,598.8800048828125,606.7899780273438,593.90966796875,2693600,UNH
2024-11-27,611.030029296875,617.4500122070312,606.7000122070312,608.3800048828125,595.4659423828125,2269800,UNH
2024-11-29,608.7999877929688,615.780029296875,606.6199951171875,610.2000122070312,597.247314453125,2010800,UNH
2024-12-02,614.0,614.0,600.77001953125,608.52001953125,595.6029663085938,3364900,UNH
2024-12-03,610.8499755859375,615.75,604.8200073242188,605.22998046875,592.3827514648438,2329900,UNH
2024-12-04,611.02001953125,622.8300170898438,606.969970703125,610.7899780273438,597.82470703125,4147600,UNH
2024-12-05,605.6400146484375,608.989990234375,573.8900146484375,578.969970703125,566.68017578125,5943700,UNH
2024-12-06,582.1099853515625,582.1099853515625,544.1400146484375,549.6199951171875,537.9531860351562,13003600,UNH
2024-12-09,552.0,562.97998046875,544.6400146484375,560.6199951171875,550.8243408203125,7684700,UNH
2024-12-10,562.0,567.75,557.030029296875,565.1900024414062,555.3145141601562,5360600,UNH
2024-12-11,555.6599731445312,558.0999755859375,532.6699829101562,533.530029296875,524.2077026367188,10363000,UNH
2024-12-12,531.530029296875,534.0,514.1900024414062,515.760009765625,506.7481689453125,9403800,UNH
2024-12-13,515.6400146484375,527.530029296875,510.7200012207031,520.47998046875,511.3856506347656,8202900,UNH
2024-12-16,518.0,521.7000122070312,496.0799865722656,498.5,489.78973388671875,8880000,UNH
2024-12-17,487.0,495.6000061035156,475.82000732421875,485.5199890136719,477.0365295410156,14132700,UNH
2024-12-18,488.42999267578125,506.5400085449219,486.0,499.7200012207031,490.9884338378906,10147600,UNH
2024-12-19,500.1400146484375,503.6499938964844,486.239990234375,489.25,480.7013854980469,7418100,UNH
2024-12-20,489.2900085449219,502.6400146484375,488.7300109863281,500.1300048828125,491.39129638671875,10956900,UNH
2024-12-23,500.760009765625,508.7799987792969,499.04998779296875,506.3399963378906,497.49273681640625,4286000,UNH
2024-12-24,504.3999938964844,506.1000061035156,500.5899963378906,506.1000061035156,497.2569580078125,1824400,UNH
2024-12-26,505.6499938964844,512.219970703125,504.7300109863281,511.1499938964844,502.2187194824219,3387000,UNH
2024-12-27,509.4200134277344,513.1799926757812,507.79998779296875,509.989990234375,501.0789794921875,3471800,UNH
2024-12-30,506.8599853515625,509.7300109863281,500.6600036621094,507.79998779296875,498.92724609375,5408600,UNH
2024-12-31,509.3500061035156,511.0,503.3399963378906,505.8599853515625,497.0211181640625,4214000,UNH
2025-01-02,508.0,512.1099853515625,503.2900085449219,504.510009765625,495.6947326660156,4234900,UNH
2025-01-03,506.3500061035156,516.2899780273438,505.3800048828125,513.0,504.0364074707031,3019500,UNH
2025-01-06,513.0,520.2999877929688,509.82000732421875,513.6699829101562,504.6946716308594,4444800,UNH
2025-01-07,518.8499755859375,519.5,511.2200012207031,514.25,505.2645568847656,3914500,UNH
2025-01-08,514.5,524.6699829101562,509.510009765625,524.52001953125,515.3551025390625,4141700,UNH
2025-01-10,526.6400146484375,535.4500122070312,518.469970703125,520.6900024414062,511.5920715332031,5467500,UNH
2025-01-13,535.0399780273438,547.4000244140625,533.1400146484375,541.1400146484375,531.6847534179688,6472500,UNH
2025-01-14,539.6500244140625,544.5499877929688,536.5499877929688,543.739990234375,534.2392578125,3978300,UNH
2025-01-15,537.0999755859375,546.2899780273438,534.3300170898438,543.4199829101562,533.9248657226562,4103900,UNH
2025-01-16,530.3499755859375,539.8400268554688,510.0,510.5899963378906,501.6684875488281,9059900,UNH
2025-01-17,505.6199951171875,521.8200073242188,502.79998779296875,509.760009765625,500.8529968261719,7495700,UNH
2025-01-21,514.0499877929688,525.0,512.8200073242188,524.989990234375,515.81689453125,5682100,UNH
2025-01-22,521.6599731445312,524.4400024414062,516.0,519.719970703125,510.63897705078125,3756100,UNH
2025-01-23,527.8699951171875,531.47998046875,519.3200073242188,529.77001953125,520.5133666992188,4580800,UNH
2025-01-24,528.1099853515625,534.6300048828125,524.510009765625,532.510009765625,523.2055053710938,3671200,UNH
2025-01-27,539.97998046875,551.9099731445312,539.97998046875,543.52001953125,534.0231323242188,4263000,UNH
2025-01-28,543.010009765625,546.5,537.8400268554688,542.47998046875,533.001220703125,3162700,UNH
2025-01-29,541.72998046875,543.47998046875,534.010009765625,538.0999755859375,528.69775390625,2737600,UNH
2025-01-30,539.469970703125,547.1099853515625,535.0,545.5700073242188,536.037353515625,2924700,UNH
2025-01-31,543.239990234375,549.1599731445312,541.4099731445312,542.489990234375,533.0110473632812,4120500,UNH
2025-02-03,542.0,553.9099731445312,541.0700073242188,548.1799926757812,538.6016845703125,4083600,UNH
2025-02-04,545.2000122070312,548.8099975585938,541.510009765625,545.4500122070312,535.9193725585938,2869900,UNH
2025-02-05,530.72998046875,540.7000122070312,521.9099731445312,539.8099975585938,530.3779907226562,4621600,UNH
2025-02-06,537.8900146484375,539.0999755859375,525.27001953125,530.0399780273438,520.7786254882812,3926800,UNH
2025-02-07,529.2000122070312,532.3900146484375,525.3900146484375,527.030029296875,517.8212890625,3349100,UNH
2025-02-10,527.6699829101562,534.1599731445312,523.3800048828125,533.3699951171875,524.050537109375,3143100,UNH
2025-02-11,535.0,547.5399780273438,528.27001953125,533.9199829101562,524.5908813476562,2631900,UNH
2025-02-12,539.8499755859375,542.3499755859375,525.510009765625,527.4000244140625,518.184814453125,3859200,UNH
2025-02-13,530.9000244140625,534.3300170898438,527.0999755859375,531.1799926757812,521.898681640625,2835100,UNH
2025-02-14,529.0,533.2000122070312,522.9099731445312,523.510009765625,514.3627319335938,3705300,UNH
2025-02-18,510.94000244140625,516.0,497.0,500.7300109863281,491.9808044433594,8759300,UNH
2025-02-19,501.3299865722656,511.8599853515625,498.1499938964844,511.0400085449219,502.11065673828125,4380300,UNH
2025-02-20,505.19000244140625,508.42999267578125,500.239990234375,502.4200134277344,493.64129638671875,4144300,UNH
2025-02-21,439.54998779296875,469.70001220703125,438.5,466.4200134277344,458.2702941894531,19864900,UNH
2025-02-24,466.67999267578125,468.0,457.0,461.5199890136719,453.4559020996094,6919300,UNH
2025-02-25,460.7699890136719,470.760009765625,450.07000732421875,470.3800048828125,462.1611022949219,9101000,UNH
2025-02-26,464.6499938964844,473.04998779296875,458.20001220703125,463.5899963378906,455.4897155761719,5108400,UNH
2025-02-27,466.1700134277344,475.3999938964844,465.0199890136719,468.55999755859375,460.3728942871094,4216800,UNH
2025-02-28,467.0,476.3599853515625,464.4800109863281,474.9599914550781,466.6610412597656,6146300,UNH
2025-03-03,474.3699951171875,477.2699890136719,465.2099914550781,467.04998779296875,458.8892517089844,5700200,UNH
2025-03-04,469.75,479.2099914550781,466.4599914550781,474.6099853515625,466.317138671875,5864100,UNH
2025-03-05,471.07000732421875,479.0799865722656,471.010009765625,475.9800109863281,467.66326904296875,3637100,UNH
2025-03-06,476.0,488.1199951171875,472.0,487.7200012207031,479.1981201171875,4964000,UNH
2025-03-07,483.8299865722656,499.9200134277344,483.3699951171875,493.4800109863281,484.8575134277344,5434100,UNH
2025-03-10,492.2799987792969,497.8500061035156,477.7099914550781,480.2200012207031,473.8455810546875,5108900,UNH
2025-03-11,482.5,486.7699890136719,477.1400146484375,486.0400085449219,479.5883483886719,4101000,UNH
2025-03-12,483.1400146484375,487.6000061035156,478.82000732421875,481.1099853515625,474.7237854003906,3680800,UNH
2025-03-13,479.45001220703125,484.05999755859375,475.0,481.5199890136719,475.1283264160156,2876600,UNH
2025-03-14,481.0,489.45001220703125,478.239990234375,488.6499938964844,482.1636657714844,3915900,UNH
2025-03-17,487.510009765625,500.6099853515625,485.95001220703125,499.0199890136719,492.3960266113281,5152300,UNH
2025-03-18,502.239990234375,505.9700012207031,497.82000732421875,503.79998779296875,497.1125793457031,3617600,UNH
2025-03-19,505.0400085449219,506.3500061035156,500.05999755859375,503.20001220703125,496.52056884765625,3317600,UNH
2025-03-20,505.25,514.3900146484375,503.510009765625,511.29998779296875,504.5130310058594,4965400,UNH
2025-03-21,511.67999267578125,519.0,505.0899963378906,516.8499755859375,509.98931884765625,10244900,UNH
2025-03-24,515.0800170898438,518.25,511.1199951171875,516.5,509.6440124511719,3840900,UNH
2025-03-25,518.280029296875,519.0,511.5299987792969,513.4299926757812,506.6147766113281,3015100,UNH
2025-03-26,515.2000122070312,522.9500122070312,512.8499755859375,518.2000122070312,511.3214416503906,3253800,UNH
2025-03-27,516.2899780273438,521.0800170898438,512.9500122070312,515.719970703125,508.8743591308594,2822200,UNH
2025-03-28,516.8699951171875,520.97998046875,515.0499877929688,516.0399780273438,509.1900939941406,2379100,UNH
2025-03-31,519.1799926757812,528.1199951171875,518.5900268554688,523.75,516.7977905273438,5238700,UNH
2025-04-01,525.739990234375,528.1699829101562,520.9500122070312,523.1199951171875,516.1761474609375,2962500,UNH
2025-04-02,522.9500122070312,525.0,516.7999877929688,523.2000122070312,516.2550659179688,2378900,UNH
2025-04-03,529.989990234375,548.5,529.2899780273438,540.4400024414062,533.2662353515625,6457900,UNH
2025-04-04,540.6400146484375,551.739990234375,524.8400268554688,525.0499877929688,518.0805053710938,9919000,UNH
2025-04-07,513.4000244140625,529.2000122070312,503.5899963378906,524.7000122070312,517.7351684570312,7356700,UNH
2025-04-08,582.1699829101562,585.010009765625,547.4600219726562,553.0800170898438,545.7384643554688,11762300,UNH
2025-04-09,560.1400146484375,589.4000244140625,554.4600219726562,578.5,570.821044921875,12691900,UNH
2025-04-10,580.239990234375,601.8800048828125,580.0,594.4000244140625,586.5099487304688,8646000,UNH
2025-04-11,588.9199829101562,606.3599853515625,586.530029296875,599.469970703125,591.5126342773438,6121500,UNH
2025-04-14,595.0,595.6300048828125,579.2899780273438,587.0599975585938,579.2673950195312,4839300,UNH
2025-04-15,592.239990234375,592.8599853515625,582.010009765625,583.5900268554688,575.843505859375,3871300,UNH
2025-04-16,585.3200073242188,594.8099975585938,582.9600219726562,585.0399780273438,577.274169921875,4192100,UNH
2025-04-17,481.95001220703125,489.7900085449219,447.1000061035156,454.1099853515625,448.0821533203125,29120200,UNH
2025-04-21,449.760009765625,453.5,424.80999755859375,425.3299865722656,419.6842041015625,13029900,UNH
2025-04-22,424.6400146484375,431.5,417.1199951171875,427.17999267578125,421.5096130371094,10156900,UNH
2025-04-23,427.07000732421875,438.8500061035156,423.75,427.9599914550781,422.2792663574219,8345700,UNH
2025-04-24,427.57000732421875,429.8999938964844,423.6499938964844,424.25,418.6185302734375,7629100,UNH
2025-04-25,423.55999755859375,423.55999755859375,412.0199890136719,418.6400146484375,413.0830078125,9263800,UNH
2025-04-28,419.75,424.1199951171875,415.54998779296875,420.0,414.4249572753906,6614300,UNH
2025-04-29,421.19000244140625,421.75,409.1000061035156,409.2300109863281,403.79791259765625,9909100,UNH
2025-04-30,409.0299987792969,413.260009765625,401.0,411.44000244140625,405.97857666015625,9192800,UNH
2025-05-01,411.32000732421875,411.989990234375,399.8599853515625,400.67999267578125,395.36138916015625,9316800,UNH
2025-05-02,399.9599914550781,402.0,393.1099853515625,399.9200134277344,394.61151123046875,11392900,UNH
2025-05-05,399.1199951171875,409.70001220703125,397.5899963378906,404.80999755859375,399.43658447265625,8157200,UNH
2025-05-06,402.79998779296875,404.7200012207031,393.4200134277344,394.510009765625,389.2733154296875,7858600,UNH
2025-05-07,395.3500061035156,395.5199890136719,385.70001220703125,391.05999755859375,385.86907958984375,8517200,UNH
2025-05-08,390.0,390.9200134277344,385.3699951171875,385.54998779296875,380.4322204589844,7218300,UNH
2025-05-09,385.6700134277344,386.54998779296875,378.5400085449219,380.6400146484375,375.5874328613281,8381100,UNH
2025-05-12,381.0,387.2099914550781,376.8399963378906,378.75,373.72247314453125,11004800,UNH
2025-05-13,335.739990234375,342.0,309.1000061035156,311.3800048828125,307.24676513671875,59478300,UNH
2025-05-14,321.45001220703125,322.94000244140625,307.1099853515625,308.010009765625,303.9215087890625,40029600,UNH
2025-05-15,274.8999938964844,276.6499938964844,248.8800048828125,274.3500061035156,270.70831298828125,121849200,UNH
2025-05-16,279.2900085449219,294.489990234375,269.1400146484375,291.9100036621094,288.03521728515625,71094300,UNH
2025-05-19,304.7699890136719,316.2900085449219,297.25,315.8900146484375,311.6968994140625,62524700,UNH
2025-05-20,320.9200134277344,324.6400146484375,312.5799865722656,321.5799865722656,317.31134033203125,41487000,UNH
2025-05-21,301.0,309.9599914550781,300.07000732421875,302.9800109863281,298.958251953125,45506900,UNH
2025-05-22,293.8900146484375,305.6700134277344,292.5,296.6700134277344,292.7320556640625,27159600,UNH
2025-05-23,296.1000061035156,299.70001220703125,291.6400146484375,295.57000732421875,291.6466369628906,16873600,UNH
2025-05-27,299.5,299.95001220703125,289.1300048828125,295.0,291.08416748046875,20144600,UNH
2025-05-28,294.0,303.7799987792969,293.2799987792969,298.1099853515625,294.15289306640625,16114200,UNH
2025-05-29,296.79998779296875,303.3800048828125,295.0,298.1700134277344,294.2121276855469,16221100,UNH
2025-05-30,297.9700012207031,305.6400146484375,295.8399963378906,301.9100036621094,297.9024658203125,16309300,UNH
2025-06-02,303.1199951171875,313.54998779296875,300.9700012207031,304.7200012207031,300.6751708984375,19074400,UNH
2025-06-03,303.1000061035156,305.7200012207031,300.010009765625,301.2200012207031,297.22161865234375,12805700,UNH
2025-06-04,303.5400085449219,307.6400146484375,300.20001220703125,300.3800048828125,296.3927917480469,11255600,UNH
2025-06-05,300.3800048828125,302.4200134277344,294.1099853515625,295.8399963378906,291.91302490234375,13529000,UNH
2025-06-06,297.2300109863281,304.3900146484375,297.1499938964844,303.2200012207031,299.1950988769531,12589000,UNH
2025-06-09,305.0400085449219,307.3999938964844,301.1400146484375,303.19000244140625,299.1654968261719,12170300,UNH
2025-06-10,303.79998779296875,305.1199951171875,300.5899963378906,303.7900085449219,299.75750732421875,11384100,UNH
2025-06-11,302.67999267578125,311.5799865722656,302.2300109863281,310.55999755859375,306.4376525878906,14711400,UNH
2025-06-12,311.3999938964844,318.79998779296875,308.510009765625,318.5,314.27227783203125,15957200,UNH
2025-06-13,315.8999938964844,317.4200134277344,311.9100036621094,313.5299987792969,309.36822509765625,13762400,UNH
2025-06-16,313.0,313.2699890136719,304.7900085449219,307.6600036621094,305.7311706542969,14240100,UNH
2025-06-17,307.45001220703125,309.95001220703125,305.5199890136719,308.8699951171875,306.93359375,11593900,UNH
2025-06-18,307.54998779296875,311.7900085449219,306.2300109863281,307.20001220703125,305.2740783691406,12205600,UNH
2025-06-20,309.5,309.5899963378906,301.5899963378906,302.010009765625,300.1166076660156,16177900,UNH
2025-06-23,301.8999938964844,302.4700012207031,295.5199890136719,300.67999267578125,298.794921875,12274700,UNH
2025-06-24,301.45001220703125,305.82000732421875,299.3299865722656,305.6199951171875,303.7039489746094,8781400,UNH
2025-06-25,304.3800048828125,304.3800048828125,299.79998779296875,302.0199890136719,300.12652587890625,8722100,UNH
2025-06-26,302.57000732421875,306.7099914550781,301.2900085449219,302.6199951171875,300.7227783203125,6532700,UNH
2025-06-27,302.95001220703125,310.45001220703125,302.20001220703125,309.1099853515625,307.17205810546875,15304400,UNH
2025-06-30,309.0,312.3800048828125,306.3399963378906,311.9700012207031,310.01416015625,10074100,UNH
2025-07-01,311.9700012207031,326.54998779296875,311.0799865722656,326.1400146484375,324.0953369140625,17865500,UNH
2025-07-02,320.739990234375,322.4200134277344,306.42999267578125,307.55999755859375,305.6318054199219,18177200,UNH
2025-07-03,309.8399963378906,312.25,308.2300109863281,308.54998779296875,306.6155700683594,6161100,UNH
2025-07-07,308.0,308.6099853515625,301.20001220703125,303.7099914550781,301.8059387207031,9031200,UNH
2025-07-08,304.2300109863281,308.29998779296875,303.79998779296875,307.70001220703125,305.77093505859375,9613800,UNH
2025-07-09,303.19000244140625,303.6000061035156,298.75,302.9100036621094,301.0109558105469,12816700,UNH
2025-07-10,303.05999755859375,304.92999267578125,296.6000061035156,299.510009765625,297.6322937011719,11355600,UNH
2025-07-11,300.0199890136719,304.1199951171875,298.0,304.1000061035156,302.1935119628906,9808200,UNH
2025-07-14,301.6400146484375,304.0400085449219,299.0,300.5799865722656,298.695556640625,10681400,UNH
2025-07-15,299.7099914550781,300.67999267578125,291.0299987792969,291.7099914550781,289.88116455078125,16019000,UNH
2025-07-16,292.54998779296875,295.989990234375,290.75,292.489990234375,290.6562805175781,9714000,UNH
2025-07-17,292.3299865722656,293.0,283.8299865722656,288.07000732421875,286.2640075683594,14792700,UNH
2025-07-18,287.8900146484375,288.07000732421875,280.80999755859375,282.6499938964844,280.8779602050781,14979700,UNH
2025-07-21,284.6400146484375,286.5,281.20001220703125,282.1400146484375,280.3711853027344,10319200,UNH
2025-07-22,282.6300048828125,287.1099853515625,282.0,285.1300048828125,283.3424377441406,14600300,UNH
2025-07-23,287.5,292.6400146484375,284.95001220703125,292.510009765625,290.6761779785156,13111100,UNH
2025-07-24,283.1000061035156,289.2099914550781,278.2200012207031,278.5799865722656,276.8334655761719,22585200,UNH
2025-07-25,281.0,286.1400146484375,279.94000244140625,281.05999755859375,279.2979431152344,16486600,UNH
2025-07-28,283.5,285.0,279.69000244140625,282.1199951171875,280.3512878417969,15779400,UNH
2025-07-29,265.70001220703125,272.9100036621094,260.54998779296875,261.07000732421875,259.4332580566406,41706000,UNH
2025-07-30,264.79998779296875,266.6300048828125,258.1199951171875,266.0400085449219,264.3721008300781,22371800,UNH
2025-07-31,261.3999938964844,261.3999938964844,247.75,249.55999755859375,247.99542236328125,29606900,UNH
2025-08-01,250.61000061035156,251.49000549316406,234.60000610351562,237.77000427246094,236.2793426513672,39989200,UNH
2025-08-04,238.24000549316406,242.25,236.9499969482422,240.97999572753906,239.46920776367188,17427900,UNH
2025-08-05,241.16000366210938,252.07000732421875,240.0500030517578,251.0,249.4263916015625,23795900,UNH
2025-08-06,250.63999938964844,253.16000366210938,245.30999755859375,245.77999877929688,244.23912048339844,12946400,UNH
2025-08-07,246.4199981689453,248.75,239.5,244.6699981689453,243.13607788085938,11369900,UNH
2025-08-08,244.7899932861328,251.0800018310547,244.3699951171875,250.88999938964844,249.3170928955078,10185700,UNH
2025-08-11,253.8699951171875,258.3999938964844,252.13999938964844,252.3699951171875,250.7877960205078,11779500,UNH
2025-08-12,254.02000427246094,262.8800048828125,253.6699981689453,261.57000732421875,259.9301452636719,12171800,UNH
2025-08-13,264.3900146484375,272.19000244140625,262.8900146484375,271.80999755859375,270.1059265136719,19480300,UNH
2025-08-14,272.1000061035156,273.8500061035156,267.0,271.489990234375,269.7879333496094,25011100,UNH
2025-08-15,301.7099914550781,310.29998779296875,294.7099914550781,304.010009765625,302.10406494140625,68198500,UNH
2025-08-18,313.17999267578125,316.3999938964844,307.4200134277344,308.489990234375,306.55596923828125,39600500,UNH
2025-08-19,308.8999938964844,310.5,299.2099914550781,304.239990234375,302.3326110839844,22348600,UNH
2025-08-20,306.3999938964844,307.20001220703125,295.70001220703125,299.8399963378906,297.960205078125,16679000,UNH
2025-08-21,302.2900085449219,306.57000732421875,297.79998779296875,303.3500061035156,301.4482116699219,13359000,UNH
2025-08-22,306.1000061035156,310.67999267578125,304.5799865722656,307.4200134277344,305.4927062988281,14930000,UNH
2025-08-25,308.489990234375,308.8699951171875,302.7300109863281,304.8599853515625,302.94873046875,8917100,UNH
2025-08-26,304.30999755859375,308.9599914550781,294.20001220703125,300.42999267578125,298.5465087890625,16303200,UNH
2025-08-27,300.5400085449219,305.9700012207031,300.5,303.8800048828125,301.9748840332031,9982800,UNH
2025-08-28,304.25,304.4700012207031,299.3999938964844,302.2900085449219,300.39483642578125,11235000,UNH
2025-08-29,302.29998779296875,310.0,300.9100036621094,309.8699951171875,307.92730712890625,12065400,UNH
2025-09-02,308.30999755859375,312.8900146484375,307.29998779296875,308.79998779296875,306.864013671875,10957100,UNH
2025-09-03,308.1099853515625,309.5899963378906,303.70001220703125,307.8800048828125,305.9497985839844,9654600,UNH
2025-09-04,306.1000061035156,311.9100036621094,304.1000061035156,310.3800048828125,308.43414306640625,7725700,UNH
2025-09-05,310.44000244140625,317.94000244140625,308.20001220703125,315.3900146484375,313.4127197265625,14126700,UNH
2025-09-08,319.7099914550781,321.6499938964844,313.79998779296875,320.25,318.24224853515625,18438600,UNH
2025-09-09,332.5,351.7099914550781,327.1600036621094,347.9200134277344,345.7388000488281,46408900,UNH
2025-09-10,345.55999755859375,348.57000732421875,341.3999938964844,346.7799987792969,344.6059265136719,17804300,UNH
2025-09-11,349.0,360.9800109863281,345.8399963378906,353.6099853515625,351.3930969238281,18943500,UNH
2025-09-12,355.8999938964844,362.30999755859375,352.4599914550781,352.510009765625,350.3000183105469,14016200,UNH
2025-09-15,351.260009765625,351.7099914550781,342.5299987792969,347.8900146484375,347.8900146484375,11035900,UNH
2025-09-16,347.5,349.0400085449219,338.32000732421875,339.7799987792969,339.7799987792969,12695800,UNH
2025-09-17,337.69000244140625,343.0,337.69000244140625,341.6099853515625,341.6099853515625,8467700,UNH
2025-09-18,343.5299987792969,344.92999267578125,334.1199951171875,334.82000732421875,334.82000732421875,11255600,UNH
2025-09-19,336.5,340.9599914550781,333.8399963378906,336.69000244140625,336.69000244140625,13656800,UNH
2025-09-22,334.4599914550781,342.4800109863281,332.6000061035156,341.29998779296875,341.29998779296875,8903700,UNH
2025-09-23,341.0,352.70001220703125,339.9599914550781,347.69000244140625,347.69000244140625,12504100,UNH
2025-09-24,350.20001220703125,354.5,347.8399963378906,351.80999755859375,351.80999755859375,9016300,UNH
2025-09-25,348.8999938964844,350.19000244140625,343.6000061035156,345.55999755859375,345.55999755859375,8104900,UNH
2025-09-26,347.92999267578125,349.9700012207031,341.29998779296875,344.0799865722656,344.0799865722656,6774700,UNH
2025-09-29,343.9800109863281,345.54998779296875,341.45001220703125,345.17999267578125,345.17999267578125,6878900,UNH
2025-09-30,343.75,349.32000732421875,342.3299865722656,345.29998779296875,345.29998779296875,7429700,UNH
2025-10-01,343.8999938964844,348.70001220703125,341.6300048828125,348.29998779296875,348.29998779296875,8825500,UNH
2025-10-02,347.2900085449219,355.0799865722656,344.6499938964844,353.7200012207031,353.7200012207031,8564200,UNH
2025-10-03,357.25,368.0,356.6099853515625,360.20001220703125,360.20001220703125,13494800,UNH
2025-10-06,361.0299987792969,362.5199890136719,357.1099853515625,358.7699890136719,358.7699890136719,7181700,UNH
2025-10-07,359.4100036621094,364.7200012207031,358.05999755859375,363.6600036621094,363.6600036621094,7236200,UNH
2025-10-08,366.92999267578125,374.6300048828125,365.79998779296875,369.9200134277344,369.9200134277344,9438300,UNH
2025-10-09,372.5199890136719,376.2200012207031,366.0799865722656,367.69000244140625,367.69000244140625,8759800,UNH
2025-10-10,369.3999938964844,369.3999938964844,352.510009765625,354.5,354.5,13141900,UNH
2025-10-13,354.739990234375,359.1600036621094,353.32000732421875,358.6600036621094,358.6600036621094,5659400,UNH
2025-10-14,354.95001220703125,362.3299865722656,353.3999938964844,359.92999267578125,359.92999267578125,5974800,UNH
2025-10-15,359.3900146484375,364.2200012207031,355.8500061035156,361.1499938964844,361.1499938964844,6579600,UNH
2025-10-16,361.8399963378906,362.0,354.3999938964844,356.6700134277344,356.6700134277344,5872100,UNH
2025-10-17,351.0,358.3900146484375,350.8299865722656,356.6000061035156,356.6000061035156,8608400,UNH
2025-10-20,358.5400085449219,365.57000732421875,357.510009765625,364.4800109863281,364.4800109863281,5996500,UNH
2025-10-21,365.1400146484375,371.04998779296875,361.5,365.3699951171875,365.3699951171875,6885300,UNH
2025-10-22,363.9599914550781,364.0,358.0,361.489990234375,361.489990234375,7833000,UNH
2025-10-23,355.5799865722656,362.2799987792969,353.6400146484375,360.45001220703125,360.45001220703125,5739600,UNH
